ISO-10303-21;
HEADER;
/* Generated by software containing ST-Developer
 * from STEP Tools, Inc. (www.steptools.com) 
 */

FILE_DESCRIPTION(
/* description */ (''),
/* implementation_level */ '2;1');

FILE_NAME(
/* name */ 'hui.step',
/* time_stamp */ '2026-04-29T21:11:05+05:00',
/* author */ (''),
/* organization */ (''),
/* preprocessor_version */ 'ST-DEVELOPER v20.1',
/* originating_system */ 'Autodesk Translation Framework v14.24.0.0',
/* authorisation */ '');

FILE_SCHEMA (('AUTOMOTIVE_DESIGN { 1 0 10303 214 3 1 1 }'));
ENDSEC;

DATA;
#10=MECHANICAL_DESIGN_GEOMETRIC_PRESENTATION_REPRESENTATION('',(#13),#3815);
#11=SHAPE_REPRESENTATION_RELATIONSHIP('SRR','None',#3822,#12);
#12=ADVANCED_BREP_SHAPE_REPRESENTATION('',(#14),#3814);
#13=STYLED_ITEM('',(#3831),#14);
#14=MANIFOLD_SOLID_BREP('Body4',#2077);
#15=(
BOUNDED_SURFACE()
B_SPLINE_SURFACE(5,1,((#3659,#3660),(#3661,#3662),(#3663,#3664),(#3665,
#3666),(#3667,#3668),(#3669,#3670),(#3671,#3672),(#3673,#3674),(#3675,#3676),
(#3677,#3678)),.UNSPECIFIED.,.F.,.F.,.F.)
B_SPLINE_SURFACE_WITH_KNOTS((6,1,1,1,1,6),(2,2),(-1.,-0.8,-0.6,-0.4,-0.2,
0.),(0.,0.2),.UNSPECIFIED.)
GEOMETRIC_REPRESENTATION_ITEM()
RATIONAL_B_SPLINE_SURFACE(((1.,1.),(1.,1.),(1.,1.),(1.,1.),(1.,1.),(1.,
1.),(1.,1.),(1.,1.),(1.,1.),(1.,1.)))
REPRESENTATION_ITEM('')
SURFACE()
);
#16=(
BOUNDED_SURFACE()
B_SPLINE_SURFACE(5,1,((#3792,#3793),(#3794,#3795),(#3796,#3797),(#3798,
#3799),(#3800,#3801),(#3802,#3803),(#3804,#3805),(#3806,#3807),(#3808,#3809),
(#3810,#3811)),.UNSPECIFIED.,.F.,.F.,.F.)
B_SPLINE_SURFACE_WITH_KNOTS((6,1,1,1,1,6),(2,2),(0.,0.2,0.4,0.6,0.8,1.),
(0.,0.2),.UNSPECIFIED.)
GEOMETRIC_REPRESENTATION_ITEM()
RATIONAL_B_SPLINE_SURFACE(((1.,1.),(1.,1.),(1.,1.),(1.,1.),(1.,1.),(1.,
1.),(1.,1.),(1.,1.),(1.,1.),(1.,1.)))
REPRESENTATION_ITEM('')
SURFACE()
);
#17=B_SPLINE_SURFACE_WITH_KNOTS('',3,3,((#3541,#3542,#3543,#3544,#3545,
#3546,#3547,#3548,#3549,#3550),(#3551,#3552,#3553,#3554,#3555,#3556,#3557,
#3558,#3559,#3560),(#3561,#3562,#3563,#3564,#3565,#3566,#3567,#3568,#3569,
#3570),(#3571,#3572,#3573,#3574,#3575,#3576,#3577,#3578,#3579,#3580)),
 .UNSPECIFIED.,.F.,.F.,.F.,(4,4),(4,1,1,1,1,1,1,4),(0.,1.),(-1.,-0.857142857142857,
-0.785714285714285,-0.571428571428571,-0.428571428571427,-0.285714285714284,
-0.142857142857141,2.22207673356385E-15),.UNSPECIFIED.);
#18=B_SPLINE_SURFACE_WITH_KNOTS('',3,3,((#3599,#3600,#3601,#3602,#3603,
#3604,#3605,#3606,#3607,#3608),(#3609,#3610,#3611,#3612,#3613,#3614,#3615,
#3616,#3617,#3618),(#3619,#3620,#3621,#3622,#3623,#3624,#3625,#3626,#3627,
#3628),(#3629,#3630,#3631,#3632,#3633,#3634,#3635,#3636,#3637,#3638)),
 .UNSPECIFIED.,.F.,.F.,.F.,(4,4),(4,1,1,1,1,1,1,4),(0.,1.),(0.,0.142857142857143,
0.214285714285714,0.428571428571429,0.571428571428572,0.714285714285715,
0.857142857142858,1.),.UNSPECIFIED.);
#19=B_SPLINE_SURFACE_WITH_KNOTS('',3,3,((#3691,#3692,#3693,#3694,#3695,
#3696,#3697,#3698,#3699,#3700),(#3701,#3702,#3703,#3704,#3705,#3706,#3707,
#3708,#3709,#3710),(#3711,#3712,#3713,#3714,#3715,#3716,#3717,#3718,#3719,
#3720),(#3721,#3722,#3723,#3724,#3725,#3726,#3727,#3728,#3729,#3730)),
 .UNSPECIFIED.,.F.,.F.,.F.,(4,4),(4,1,1,1,1,1,1,4),(0.,1.),(-2.02705714346643E-17,
0.142857142857143,0.214285714285714,0.428571428571429,0.571428571428572,
0.714285714285715,0.857142857142858,1.),.UNSPECIFIED.);
#20=B_SPLINE_SURFACE_WITH_KNOTS('',3,3,((#3737,#3738,#3739,#3740,#3741,
#3742,#3743,#3744,#3745,#3746),(#3747,#3748,#3749,#3750,#3751,#3752,#3753,
#3754,#3755,#3756),(#3757,#3758,#3759,#3760,#3761,#3762,#3763,#3764,#3765,
#3766),(#3767,#3768,#3769,#3770,#3771,#3772,#3773,#3774,#3775,#3776)),
 .UNSPECIFIED.,.F.,.F.,.F.,(4,4),(4,1,1,1,1,1,1,4),(0.,1.),(-2.02705714346643E-17,
0.142857142857143,0.285714285714286,0.428571428571429,0.571428571428572,
0.714285714285714,0.857142857142857,1.),.UNSPECIFIED.);
#21=FACE_BOUND('',#281,.T.);
#22=FACE_BOUND('',#326,.T.);
#23=PLANE('',#2169);
#24=PLANE('',#2170);
#25=PLANE('',#2171);
#26=PLANE('',#2172);
#27=PLANE('',#2173);
#28=PLANE('',#2174);
#29=PLANE('',#2175);
#30=PLANE('',#2176);
#31=PLANE('',#2177);
#32=PLANE('',#2178);
#33=PLANE('',#2179);
#34=PLANE('',#2180);
#35=PLANE('',#2181);
#36=PLANE('',#2182);
#37=PLANE('',#2183);
#38=PLANE('',#2184);
#39=PLANE('',#2185);
#40=PLANE('',#2186);
#41=PLANE('',#2189);
#42=PLANE('',#2267);
#43=PLANE('',#2268);
#44=PLANE('',#2269);
#45=PLANE('',#2270);
#46=PLANE('',#2271);
#47=PLANE('',#2272);
#48=PLANE('',#2273);
#49=PLANE('',#2274);
#50=PLANE('',#2275);
#51=PLANE('',#2276);
#52=PLANE('',#2277);
#53=PLANE('',#2278);
#54=PLANE('',#2279);
#55=PLANE('',#2280);
#56=PLANE('',#2281);
#57=PLANE('',#2282);
#58=PLANE('',#2283);
#59=PLANE('',#2284);
#60=PLANE('',#2285);
#61=PLANE('',#2286);
#62=PLANE('',#2287);
#63=PLANE('',#2288);
#64=PLANE('',#2289);
#65=PLANE('',#2290);
#66=PLANE('',#2291);
#67=B_SPLINE_CURVE_WITH_KNOTS('',3,(#2973,#2974,#2975,#2976,#2977,#2978,
#2979,#2980,#2981,#2982,#2983,#2984,#2985,#2986,#2987,#2988),
 .UNSPECIFIED.,.F.,.F.,(4,2,2,2,2,2,2,4),(-0.162374049498027,-0.162017398834062,
-0.150606499112646,-0.139214787422207,-0.118724663622799,-0.0997477431123758,
-0.0815785191199171,-0.0810310506443812),.UNSPECIFIED.);
#68=B_SPLINE_CURVE_WITH_KNOTS('',3,(#3102,#3103,#3104,#3105,#3106,#3107,
#3108,#3109,#3110,#3111,#3112,#3113),.UNSPECIFIED.,.F.,.F.,(4,2,2,2,2,4),
(-0.162307567251349,-0.161951207822648,-0.140364346451317,-0.118980639958216,
-0.0991148924170108,-0.0809532617950427),.UNSPECIFIED.);
#69=B_SPLINE_CURVE_WITH_KNOTS('',3,(#3237,#3238,#3239,#3240,#3241,#3242,
#3243,#3244,#3245,#3246),.UNSPECIFIED.,.F.,.F.,(4,1,1,1,1,1,1,4),(-2.22207673356385E-15,
0.142857142857141,0.285714285714284,0.428571428571427,0.571428571428571,
0.785714285714285,0.857142857142857,1.),.UNSPECIFIED.);
#70=B_SPLINE_CURVE_WITH_KNOTS('',3,(#3250,#3251,#3252,#3253,#3254,#3255,
#3256,#3257,#3258,#3259),.UNSPECIFIED.,.F.,.F.,(4,1,1,1,1,1,1,4),(-1.,-0.857142857142858,
-0.714285714285715,-0.571428571428572,-0.428571428571429,-0.214285714285714,
-0.142857142857143,0.),.UNSPECIFIED.);
#71=B_SPLINE_CURVE_WITH_KNOTS('',3,(#3314,#3315,#3316,#3317,#3318,#3319,
#3320,#3321,#3322,#3323,#3324,#3325,#3326,#3327),.UNSPECIFIED.,.F.,.F.,
(4,2,2,2,2,2,4),(-0.0809549827874785,-0.0627975991362607,-0.0438686430727749,
-0.0234319117769142,-0.0117267772664139,0.,0.000356505036762551),
 .UNSPECIFIED.);
#72=B_SPLINE_CURVE_WITH_KNOTS('',3,(#3412,#3413,#3414,#3415,#3416,#3417,
#3418,#3419,#3420,#3421,#3422,#3423,#3424,#3425,#3426,#3427),
 .UNSPECIFIED.,.F.,.F.,(4,2,2,2,2,2,2,4),(-0.000356504995716161,0.,0.0114062391213145,
0.0227932980494621,0.0432750529827598,0.0622442226709741,0.0804060257322177,
0.0809532706002557),.UNSPECIFIED.);
#73=B_SPLINE_CURVE_WITH_KNOTS('',3,(#3491,#3492,#3493,#3494,#3495,#3496,
#3497,#3498,#3499,#3500),.UNSPECIFIED.,.F.,.F.,(4,1,1,1,1,1,1,4),(-1.,-0.857142857142858,
-0.714285714285715,-0.571428571428572,-0.428571428571429,-0.214285714285714,
-0.142857142857143,2.02705714346643E-17),.UNSPECIFIED.);
#74=B_SPLINE_CURVE_WITH_KNOTS('',3,(#3504,#3505,#3506,#3507,#3508,#3509,
#3510,#3511,#3512,#3513),.UNSPECIFIED.,.F.,.F.,(4,1,1,1,1,1,1,4),(-2.02705714346643E-17,
0.142857142857143,0.285714285714286,0.428571428571429,0.571428571428572,
0.714285714285714,0.857142857142857,1.),.UNSPECIFIED.);
#75=B_SPLINE_CURVE_WITH_KNOTS('',3,(#3585,#3586,#3587,#3588,#3589,#3590,
#3591,#3592,#3593,#3594),.UNSPECIFIED.,.F.,.F.,(4,1,1,1,1,1,1,4),(-1.,-0.857142857142857,
-0.785714285714285,-0.571428571428571,-0.428571428571427,-0.285714285714284,
-0.142857142857141,2.22207673356385E-15),.UNSPECIFIED.);
#76=B_SPLINE_CURVE_WITH_KNOTS('',3,(#3641,#3642,#3643,#3644,#3645,#3646,
#3647,#3648,#3649,#3650),.UNSPECIFIED.,.F.,.F.,(4,1,1,1,1,1,1,4),(0.,0.142857142857143,
0.214285714285714,0.428571428571429,0.571428571428572,0.714285714285715,
0.857142857142858,1.),.UNSPECIFIED.);
#77=B_SPLINE_CURVE_WITH_KNOTS('',3,(#3681,#3682,#3683,#3684,#3685,#3686,
#3687,#3688,#3689,#3690),.UNSPECIFIED.,.F.,.F.,(4,1,1,1,1,1,1,4),(-2.02705714346643E-17,
0.142857142857143,0.214285714285714,0.428571428571429,0.571428571428572,
0.714285714285715,0.857142857142858,1.),.UNSPECIFIED.);
#78=B_SPLINE_CURVE_WITH_KNOTS('',3,(#3777,#3778,#3779,#3780,#3781,#3782,
#3783,#3784,#3785,#3786),.UNSPECIFIED.,.F.,.F.,(4,1,1,1,1,1,1,4),(-1.,-0.857142857142857,
-0.714285714285714,-0.571428571428572,-0.428571428571429,-0.285714285714286,
-0.142857142857143,2.02705714346643E-17),.UNSPECIFIED.);
#79=CIRCLE('',#2113,1.00000001490116);
#80=CIRCLE('',#2114,0.499999999999998);
#81=CIRCLE('',#2115,1.50000001490116);
#82=CIRCLE('',#2152,1.00000001490116);
#83=CIRCLE('',#2153,0.499999999999998);
#84=CIRCLE('',#2154,1.50000001490116);
#85=CIRCLE('',#2188,1.00000001490116);
#86=CIRCLE('',#2207,1.50000001490116);
#87=CIRCLE('',#2208,0.5);
#88=CIRCLE('',#2249,1.50000001490116);
#89=CIRCLE('',#2250,0.5);
#90=CIRCLE('',#2251,1.00000001490116);
#91=TOROIDAL_SURFACE('',#2112,1.50000001490116,0.5);
#92=TOROIDAL_SURFACE('',#2151,1.50000001490116,0.5);
#93=TOROIDAL_SURFACE('',#2206,1.50000001490116,0.5);
#94=TOROIDAL_SURFACE('',#2248,1.50000001490116,0.5);
#95=FACE_OUTER_BOUND('',#223,.T.);
#96=FACE_OUTER_BOUND('',#224,.T.);
#97=FACE_OUTER_BOUND('',#225,.T.);
#98=FACE_OUTER_BOUND('',#226,.T.);
#99=FACE_OUTER_BOUND('',#227,.T.);
#100=FACE_OUTER_BOUND('',#228,.T.);
#101=FACE_OUTER_BOUND('',#229,.T.);
#102=FACE_OUTER_BOUND('',#230,.T.);
#103=FACE_OUTER_BOUND('',#231,.T.);
#104=FACE_OUTER_BOUND('',#232,.T.);
#105=FACE_OUTER_BOUND('',#233,.T.);
#106=FACE_OUTER_BOUND('',#234,.T.);
#107=FACE_OUTER_BOUND('',#235,.T.);
#108=FACE_OUTER_BOUND('',#236,.T.);
#109=FACE_OUTER_BOUND('',#237,.T.);
#110=FACE_OUTER_BOUND('',#238,.T.);
#111=FACE_OUTER_BOUND('',#239,.T.);
#112=FACE_OUTER_BOUND('',#240,.T.);
#113=FACE_OUTER_BOUND('',#241,.T.);
#114=FACE_OUTER_BOUND('',#242,.T.);
#115=FACE_OUTER_BOUND('',#243,.T.);
#116=FACE_OUTER_BOUND('',#244,.T.);
#117=FACE_OUTER_BOUND('',#245,.T.);
#118=FACE_OUTER_BOUND('',#246,.T.);
#119=FACE_OUTER_BOUND('',#247,.T.);
#120=FACE_OUTER_BOUND('',#248,.T.);
#121=FACE_OUTER_BOUND('',#249,.T.);
#122=FACE_OUTER_BOUND('',#250,.T.);
#123=FACE_OUTER_BOUND('',#251,.T.);
#124=FACE_OUTER_BOUND('',#252,.T.);
#125=FACE_OUTER_BOUND('',#253,.T.);
#126=FACE_OUTER_BOUND('',#254,.T.);
#127=FACE_OUTER_BOUND('',#255,.T.);
#128=FACE_OUTER_BOUND('',#256,.T.);
#129=FACE_OUTER_BOUND('',#257,.T.);
#130=FACE_OUTER_BOUND('',#258,.T.);
#131=FACE_OUTER_BOUND('',#259,.T.);
#132=FACE_OUTER_BOUND('',#260,.T.);
#133=FACE_OUTER_BOUND('',#261,.T.);
#134=FACE_OUTER_BOUND('',#262,.T.);
#135=FACE_OUTER_BOUND('',#263,.T.);
#136=FACE_OUTER_BOUND('',#264,.T.);
#137=FACE_OUTER_BOUND('',#265,.T.);
#138=FACE_OUTER_BOUND('',#266,.T.);
#139=FACE_OUTER_BOUND('',#267,.T.);
#140=FACE_OUTER_BOUND('',#268,.T.);
#141=FACE_OUTER_BOUND('',#269,.T.);
#142=FACE_OUTER_BOUND('',#270,.T.);
#143=FACE_OUTER_BOUND('',#271,.T.);
#144=FACE_OUTER_BOUND('',#272,.T.);
#145=FACE_OUTER_BOUND('',#273,.T.);
#146=FACE_OUTER_BOUND('',#274,.T.);
#147=FACE_OUTER_BOUND('',#275,.T.);
#148=FACE_OUTER_BOUND('',#276,.T.);
#149=FACE_OUTER_BOUND('',#277,.T.);
#150=FACE_OUTER_BOUND('',#278,.T.);
#151=FACE_OUTER_BOUND('',#279,.T.);
#152=FACE_OUTER_BOUND('',#280,.T.);
#153=FACE_OUTER_BOUND('',#282,.T.);
#154=FACE_OUTER_BOUND('',#283,.T.);
#155=FACE_OUTER_BOUND('',#284,.T.);
#156=FACE_OUTER_BOUND('',#285,.T.);
#157=FACE_OUTER_BOUND('',#286,.T.);
#158=FACE_OUTER_BOUND('',#287,.T.);
#159=FACE_OUTER_BOUND('',#288,.T.);
#160=FACE_OUTER_BOUND('',#289,.T.);
#161=FACE_OUTER_BOUND('',#290,.T.);
#162=FACE_OUTER_BOUND('',#291,.T.);
#163=FACE_OUTER_BOUND('',#292,.T.);
#164=FACE_OUTER_BOUND('',#293,.T.);
#165=FACE_OUTER_BOUND('',#294,.T.);
#166=FACE_OUTER_BOUND('',#295,.T.);
#167=FACE_OUTER_BOUND('',#296,.T.);
#168=FACE_OUTER_BOUND('',#297,.T.);
#169=FACE_OUTER_BOUND('',#298,.T.);
#170=FACE_OUTER_BOUND('',#299,.T.);
#171=FACE_OUTER_BOUND('',#300,.T.);
#172=FACE_OUTER_BOUND('',#301,.T.);
#173=FACE_OUTER_BOUND('',#302,.T.);
#174=FACE_OUTER_BOUND('',#303,.T.);
#175=FACE_OUTER_BOUND('',#304,.T.);
#176=FACE_OUTER_BOUND('',#305,.T.);
#177=FACE_OUTER_BOUND('',#306,.T.);
#178=FACE_OUTER_BOUND('',#307,.T.);
#179=FACE_OUTER_BOUND('',#308,.T.);
#180=FACE_OUTER_BOUND('',#309,.T.);
#181=FACE_OUTER_BOUND('',#310,.T.);
#182=FACE_OUTER_BOUND('',#311,.T.);
#183=FACE_OUTER_BOUND('',#312,.T.);
#184=FACE_OUTER_BOUND('',#313,.T.);
#185=FACE_OUTER_BOUND('',#314,.T.);
#186=FACE_OUTER_BOUND('',#315,.T.);
#187=FACE_OUTER_BOUND('',#316,.T.);
#188=FACE_OUTER_BOUND('',#317,.T.);
#189=FACE_OUTER_BOUND('',#318,.T.);
#190=FACE_OUTER_BOUND('',#319,.T.);
#191=FACE_OUTER_BOUND('',#320,.T.);
#192=FACE_OUTER_BOUND('',#321,.T.);
#193=FACE_OUTER_BOUND('',#322,.T.);
#194=FACE_OUTER_BOUND('',#323,.T.);
#195=FACE_OUTER_BOUND('',#324,.T.);
#196=FACE_OUTER_BOUND('',#325,.T.);
#197=FACE_OUTER_BOUND('',#327,.T.);
#198=FACE_OUTER_BOUND('',#328,.T.);
#199=FACE_OUTER_BOUND('',#329,.T.);
#200=FACE_OUTER_BOUND('',#330,.T.);
#201=FACE_OUTER_BOUND('',#331,.T.);
#202=FACE_OUTER_BOUND('',#332,.T.);
#203=FACE_OUTER_BOUND('',#333,.T.);
#204=FACE_OUTER_BOUND('',#334,.T.);
#205=FACE_OUTER_BOUND('',#335,.T.);
#206=FACE_OUTER_BOUND('',#336,.T.);
#207=FACE_OUTER_BOUND('',#337,.T.);
#208=FACE_OUTER_BOUND('',#338,.T.);
#209=FACE_OUTER_BOUND('',#339,.T.);
#210=FACE_OUTER_BOUND('',#340,.T.);
#211=FACE_OUTER_BOUND('',#341,.T.);
#212=FACE_OUTER_BOUND('',#342,.T.);
#213=FACE_OUTER_BOUND('',#343,.T.);
#214=FACE_OUTER_BOUND('',#344,.T.);
#215=FACE_OUTER_BOUND('',#345,.T.);
#216=FACE_OUTER_BOUND('',#346,.T.);
#217=FACE_OUTER_BOUND('',#347,.T.);
#218=FACE_OUTER_BOUND('',#348,.T.);
#219=FACE_OUTER_BOUND('',#349,.T.);
#220=FACE_OUTER_BOUND('',#350,.T.);
#221=FACE_OUTER_BOUND('',#351,.T.);
#222=FACE_OUTER_BOUND('',#352,.T.);
#223=EDGE_LOOP('',(#1287,#1288,#1289,#1290));
#224=EDGE_LOOP('',(#1291,#1292,#1293,#1294));
#225=EDGE_LOOP('',(#1295,#1296,#1297,#1298));
#226=EDGE_LOOP('',(#1299,#1300,#1301,#1302));
#227=EDGE_LOOP('',(#1303,#1304,#1305,#1306));
#228=EDGE_LOOP('',(#1307,#1308,#1309,#1310));
#229=EDGE_LOOP('',(#1311,#1312,#1313,#1314));
#230=EDGE_LOOP('',(#1315,#1316,#1317,#1318));
#231=EDGE_LOOP('',(#1319,#1320,#1321,#1322));
#232=EDGE_LOOP('',(#1323,#1324,#1325,#1326));
#233=EDGE_LOOP('',(#1327,#1328,#1329,#1330));
#234=EDGE_LOOP('',(#1331,#1332,#1333,#1334));
#235=EDGE_LOOP('',(#1335,#1336,#1337,#1338));
#236=EDGE_LOOP('',(#1339,#1340,#1341,#1342));
#237=EDGE_LOOP('',(#1343,#1344,#1345,#1346));
#238=EDGE_LOOP('',(#1347,#1348,#1349,#1350));
#239=EDGE_LOOP('',(#1351,#1352,#1353,#1354));
#240=EDGE_LOOP('',(#1355,#1356,#1357,#1358));
#241=EDGE_LOOP('',(#1359,#1360,#1361,#1362));
#242=EDGE_LOOP('',(#1363,#1364,#1365,#1366));
#243=EDGE_LOOP('',(#1367,#1368,#1369,#1370));
#244=EDGE_LOOP('',(#1371,#1372,#1373,#1374));
#245=EDGE_LOOP('',(#1375,#1376,#1377,#1378));
#246=EDGE_LOOP('',(#1379,#1380,#1381,#1382));
#247=EDGE_LOOP('',(#1383,#1384,#1385,#1386));
#248=EDGE_LOOP('',(#1387,#1388,#1389,#1390));
#249=EDGE_LOOP('',(#1391,#1392,#1393,#1394));
#250=EDGE_LOOP('',(#1395,#1396,#1397,#1398));
#251=EDGE_LOOP('',(#1399,#1400,#1401,#1402));
#252=EDGE_LOOP('',(#1403,#1404,#1405,#1406));
#253=EDGE_LOOP('',(#1407,#1408,#1409,#1410));
#254=EDGE_LOOP('',(#1411,#1412,#1413,#1414));
#255=EDGE_LOOP('',(#1415,#1416,#1417,#1418));
#256=EDGE_LOOP('',(#1419,#1420,#1421,#1422));
#257=EDGE_LOOP('',(#1423,#1424,#1425,#1426));
#258=EDGE_LOOP('',(#1427,#1428,#1429,#1430));
#259=EDGE_LOOP('',(#1431,#1432,#1433,#1434));
#260=EDGE_LOOP('',(#1435,#1436,#1437,#1438));
#261=EDGE_LOOP('',(#1439,#1440,#1441,#1442));
#262=EDGE_LOOP('',(#1443,#1444,#1445,#1446));
#263=EDGE_LOOP('',(#1447,#1448,#1449,#1450));
#264=EDGE_LOOP('',(#1451,#1452,#1453,#1454));
#265=EDGE_LOOP('',(#1455,#1456,#1457,#1458));
#266=EDGE_LOOP('',(#1459,#1460,#1461,#1462));
#267=EDGE_LOOP('',(#1463,#1464,#1465,#1466));
#268=EDGE_LOOP('',(#1467,#1468,#1469,#1470));
#269=EDGE_LOOP('',(#1471,#1472,#1473,#1474));
#270=EDGE_LOOP('',(#1475,#1476,#1477,#1478));
#271=EDGE_LOOP('',(#1479,#1480,#1481,#1482));
#272=EDGE_LOOP('',(#1483,#1484,#1485,#1486));
#273=EDGE_LOOP('',(#1487,#1488,#1489,#1490));
#274=EDGE_LOOP('',(#1491,#1492,#1493,#1494));
#275=EDGE_LOOP('',(#1495,#1496,#1497,#1498));
#276=EDGE_LOOP('',(#1499,#1500,#1501,#1502));
#277=EDGE_LOOP('',(#1503,#1504,#1505,#1506));
#278=EDGE_LOOP('',(#1507,#1508,#1509,#1510));
#279=EDGE_LOOP('',(#1511,#1512,#1513,#1514));
#280=EDGE_LOOP('',(#1515,#1516,#1517,#1518));
#281=EDGE_LOOP('',(#1519,#1520,#1521,#1522,#1523,#1524,#1525,#1526,#1527,
#1528,#1529,#1530,#1531,#1532,#1533,#1534,#1535,#1536,#1537,#1538,#1539,
#1540,#1541,#1542,#1543,#1544,#1545,#1546,#1547,#1548,#1549,#1550,#1551,
#1552,#1553,#1554,#1555,#1556));
#282=EDGE_LOOP('',(#1557,#1558,#1559,#1560));
#283=EDGE_LOOP('',(#1561,#1562,#1563,#1564));
#284=EDGE_LOOP('',(#1565,#1566,#1567,#1568));
#285=EDGE_LOOP('',(#1569,#1570,#1571,#1572));
#286=EDGE_LOOP('',(#1573,#1574,#1575,#1576));
#287=EDGE_LOOP('',(#1577,#1578,#1579,#1580));
#288=EDGE_LOOP('',(#1581,#1582,#1583,#1584));
#289=EDGE_LOOP('',(#1585,#1586,#1587,#1588));
#290=EDGE_LOOP('',(#1589,#1590,#1591,#1592));
#291=EDGE_LOOP('',(#1593,#1594,#1595,#1596));
#292=EDGE_LOOP('',(#1597,#1598,#1599,#1600));
#293=EDGE_LOOP('',(#1601,#1602,#1603,#1604));
#294=EDGE_LOOP('',(#1605,#1606,#1607,#1608));
#295=EDGE_LOOP('',(#1609,#1610,#1611,#1612));
#296=EDGE_LOOP('',(#1613,#1614,#1615,#1616));
#297=EDGE_LOOP('',(#1617,#1618,#1619,#1620));
#298=EDGE_LOOP('',(#1621,#1622,#1623,#1624));
#299=EDGE_LOOP('',(#1625,#1626,#1627,#1628));
#300=EDGE_LOOP('',(#1629,#1630,#1631,#1632));
#301=EDGE_LOOP('',(#1633,#1634,#1635,#1636));
#302=EDGE_LOOP('',(#1637,#1638,#1639,#1640));
#303=EDGE_LOOP('',(#1641,#1642,#1643,#1644));
#304=EDGE_LOOP('',(#1645,#1646,#1647,#1648));
#305=EDGE_LOOP('',(#1649,#1650,#1651,#1652));
#306=EDGE_LOOP('',(#1653,#1654,#1655,#1656));
#307=EDGE_LOOP('',(#1657,#1658,#1659,#1660));
#308=EDGE_LOOP('',(#1661,#1662,#1663,#1664));
#309=EDGE_LOOP('',(#1665,#1666,#1667,#1668));
#310=EDGE_LOOP('',(#1669,#1670,#1671,#1672));
#311=EDGE_LOOP('',(#1673,#1674,#1675,#1676));
#312=EDGE_LOOP('',(#1677,#1678,#1679,#1680));
#313=EDGE_LOOP('',(#1681,#1682,#1683,#1684));
#314=EDGE_LOOP('',(#1685,#1686,#1687,#1688));
#315=EDGE_LOOP('',(#1689,#1690,#1691,#1692));
#316=EDGE_LOOP('',(#1693,#1694,#1695,#1696));
#317=EDGE_LOOP('',(#1697,#1698,#1699,#1700));
#318=EDGE_LOOP('',(#1701,#1702,#1703,#1704));
#319=EDGE_LOOP('',(#1705,#1706,#1707,#1708));
#320=EDGE_LOOP('',(#1709,#1710,#1711,#1712));
#321=EDGE_LOOP('',(#1713,#1714,#1715,#1716));
#322=EDGE_LOOP('',(#1717,#1718,#1719,#1720));
#323=EDGE_LOOP('',(#1721,#1722,#1723,#1724));
#324=EDGE_LOOP('',(#1725,#1726,#1727,#1728));
#325=EDGE_LOOP('',(#1729,#1730,#1731,#1732));
#326=EDGE_LOOP('',(#1733,#1734,#1735,#1736,#1737,#1738,#1739,#1740,#1741,
#1742,#1743,#1744,#1745,#1746,#1747,#1748,#1749,#1750,#1751,#1752,#1753,
#1754,#1755,#1756,#1757,#1758,#1759,#1760,#1761,#1762,#1763,#1764,#1765,
#1766,#1767,#1768,#1769,#1770));
#327=EDGE_LOOP('',(#1771,#1772,#1773,#1774));
#328=EDGE_LOOP('',(#1775,#1776,#1777,#1778));
#329=EDGE_LOOP('',(#1779,#1780,#1781,#1782));
#330=EDGE_LOOP('',(#1783,#1784,#1785,#1786));
#331=EDGE_LOOP('',(#1787,#1788,#1789,#1790));
#332=EDGE_LOOP('',(#1791,#1792,#1793,#1794));
#333=EDGE_LOOP('',(#1795,#1796,#1797,#1798));
#334=EDGE_LOOP('',(#1799,#1800,#1801,#1802));
#335=EDGE_LOOP('',(#1803,#1804,#1805,#1806));
#336=EDGE_LOOP('',(#1807,#1808,#1809,#1810));
#337=EDGE_LOOP('',(#1811,#1812,#1813,#1814));
#338=EDGE_LOOP('',(#1815,#1816,#1817,#1818));
#339=EDGE_LOOP('',(#1819,#1820,#1821,#1822));
#340=EDGE_LOOP('',(#1823,#1824,#1825,#1826));
#341=EDGE_LOOP('',(#1827,#1828,#1829,#1830));
#342=EDGE_LOOP('',(#1831,#1832,#1833,#1834));
#343=EDGE_LOOP('',(#1835,#1836,#1837,#1838));
#344=EDGE_LOOP('',(#1839,#1840,#1841,#1842));
#345=EDGE_LOOP('',(#1843,#1844,#1845,#1846));
#346=EDGE_LOOP('',(#1847,#1848,#1849,#1850));
#347=EDGE_LOOP('',(#1851,#1852,#1853,#1854));
#348=EDGE_LOOP('',(#1855,#1856,#1857,#1858));
#349=EDGE_LOOP('',(#1859,#1860,#1861,#1862));
#350=EDGE_LOOP('',(#1863,#1864,#1865,#1866));
#351=EDGE_LOOP('',(#1867,#1868,#1869,#1870));
#352=EDGE_LOOP('',(#1871,#1872,#1873,#1874));
#353=ELLIPSE('',#2092,0.541196198061909,0.5);
#354=ELLIPSE('',#2093,0.707106781186553,0.5);
#355=ELLIPSE('',#2095,0.541196002230619,0.5);
#356=ELLIPSE('',#2097,0.707106781186553,0.5);
#357=ELLIPSE('',#2099,0.541196198061912,0.5);
#358=ELLIPSE('',#2101,0.541196002230623,0.5);
#359=ELLIPSE('',#2103,0.707106781186544,0.5);
#360=ELLIPSE('',#2105,0.54119619806191,0.5);
#361=ELLIPSE('',#2107,0.541196002230625,0.5);
#362=ELLIPSE('',#2109,0.707106781186544,0.5);
#363=ELLIPSE('',#2111,0.541196198061912,0.5);
#364=ELLIPSE('',#2117,0.707106781186546,0.5);
#365=ELLIPSE('',#2119,0.541196198061911,0.5);
#366=ELLIPSE('',#2121,0.541196002230626,0.5);
#367=ELLIPSE('',#2123,0.707106781186546,0.5);
#368=ELLIPSE('',#2125,0.541196198061914,0.5);
#369=ELLIPSE('',#2127,0.541196002230621,0.5);
#370=ELLIPSE('',#2129,0.707106781186551,0.5);
#371=ELLIPSE('',#2131,0.541196198061909,0.5);
#372=ELLIPSE('',#2133,0.541196002230619,0.5);
#373=ELLIPSE('',#2135,0.707106781186551,0.5);
#374=ELLIPSE('',#2137,0.541196198061909,0.5);
#375=ELLIPSE('',#2139,0.541196002230619,0.5);
#376=ELLIPSE('',#2141,0.707106781186542,0.5);
#377=ELLIPSE('',#2143,0.541196198061909,0.5);
#378=ELLIPSE('',#2145,0.541196002230626,0.5);
#379=ELLIPSE('',#2147,0.707106781186542,0.5);
#380=ELLIPSE('',#2150,0.541196198061912,0.5);
#381=ELLIPSE('',#2157,0.707106781186553,0.5);
#382=ELLIPSE('',#2159,0.541196198061909,0.5);
#383=ELLIPSE('',#2161,0.541196002230619,0.5);
#384=ELLIPSE('',#2163,0.707106781186544,0.5);
#385=ELLIPSE('',#2165,0.541196198061912,0.5);
#386=ELLIPSE('',#2167,0.541196002230619,0.5);
#387=ELLIPSE('',#2191,0.541196198061908,0.5);
#388=ELLIPSE('',#2192,0.541196002230615,0.5);
#389=ELLIPSE('',#2194,0.541196002230615,0.5);
#390=ELLIPSE('',#2195,0.541196198061911,0.5);
#391=ELLIPSE('',#2197,0.707106781186553,0.5);
#392=ELLIPSE('',#2199,0.541196198061908,0.5);
#393=ELLIPSE('',#2200,0.541196002230615,0.5);
#394=ELLIPSE('',#2202,0.541196002230618,0.5);
#395=ELLIPSE('',#2203,0.541196198061908,0.5);
#396=ELLIPSE('',#2205,0.707106781186544,0.5);
#397=ELLIPSE('',#2210,0.541196198061908,0.5);
#398=ELLIPSE('',#2212,0.54119600223062,0.5);
#399=ELLIPSE('',#2213,0.54119619806191,0.5);
#400=ELLIPSE('',#2215,0.707106781186553,0.5);
#401=ELLIPSE('',#2217,0.707106781186544,0.5);
#402=ELLIPSE('',#2219,0.541196198061911,0.5);
#403=ELLIPSE('',#2220,0.541196002230621,0.5);
#404=ELLIPSE('',#2222,0.707106781186553,0.5);
#405=ELLIPSE('',#2224,0.541196198061911,0.5);
#406=ELLIPSE('',#2225,0.541196002230615,0.5);
#407=ELLIPSE('',#2227,0.541196002230621,0.5);
#408=ELLIPSE('',#2228,0.541196198061911,0.5);
#409=ELLIPSE('',#2230,0.707106781186544,0.5);
#410=ELLIPSE('',#2232,0.541196198061911,0.5);
#411=ELLIPSE('',#2233,0.541196002230618,0.5);
#412=ELLIPSE('',#2235,0.541196002230616,0.5);
#413=ELLIPSE('',#2236,0.541196198061908,0.5);
#414=ELLIPSE('',#2238,0.707106781186544,0.5);
#415=ELLIPSE('',#2241,0.707106781186548,0.5);
#416=ELLIPSE('',#2245,0.707106781186548,0.5);
#417=ELLIPSE('',#2253,0.541196198061908,0.5);
#418=ELLIPSE('',#2258,0.707106781186553,0.5);
#419=ELLIPSE('',#2262,0.707106781186544,0.5);
#420=ELLIPSE('',#2265,0.707106781186553,0.5);
#421=LINE('',#2905,#623);
#422=LINE('',#2909,#624);
#423=LINE('',#2913,#625);
#424=LINE('',#2916,#626);
#425=LINE('',#2919,#627);
#426=LINE('',#2922,#628);
#427=LINE('',#2925,#629);
#428=LINE('',#2928,#630);
#429=LINE('',#2931,#631);
#430=LINE('',#2934,#632);
#431=LINE('',#2937,#633);
#432=LINE('',#2940,#634);
#433=LINE('',#2943,#635);
#434=LINE('',#2946,#636);
#435=LINE('',#2949,#637);
#436=LINE('',#2952,#638);
#437=LINE('',#2955,#639);
#438=LINE('',#2958,#640);
#439=LINE('',#2961,#641);
#440=LINE('',#2964,#642);
#441=LINE('',#2991,#643);
#442=LINE('',#2994,#644);
#443=LINE('',#2997,#645);
#444=LINE('',#3000,#646);
#445=LINE('',#3003,#647);
#446=LINE('',#3006,#648);
#447=LINE('',#3009,#649);
#448=LINE('',#3012,#650);
#449=LINE('',#3015,#651);
#450=LINE('',#3018,#652);
#451=LINE('',#3021,#653);
#452=LINE('',#3024,#654);
#453=LINE('',#3027,#655);
#454=LINE('',#3030,#656);
#455=LINE('',#3033,#657);
#456=LINE('',#3036,#658);
#457=LINE('',#3039,#659);
#458=LINE('',#3041,#660);
#459=LINE('',#3045,#661);
#460=LINE('',#3047,#662);
#461=LINE('',#3051,#663);
#462=LINE('',#3053,#664);
#463=LINE('',#3057,#665);
#464=LINE('',#3059,#666);
#465=LINE('',#3063,#667);
#466=LINE('',#3065,#668);
#467=LINE('',#3069,#669);
#468=LINE('',#3071,#670);
#469=LINE('',#3075,#671);
#470=LINE('',#3077,#672);
#471=LINE('',#3081,#673);
#472=LINE('',#3083,#674);
#473=LINE('',#3086,#675);
#474=LINE('',#3087,#676);
#475=LINE('',#3090,#677);
#476=LINE('',#3092,#678);
#477=LINE('',#3115,#679);
#478=LINE('',#3116,#680);
#479=LINE('',#3119,#681);
#480=LINE('',#3121,#682);
#481=LINE('',#3125,#683);
#482=LINE('',#3127,#684);
#483=LINE('',#3131,#685);
#484=LINE('',#3133,#686);
#485=LINE('',#3137,#687);
#486=LINE('',#3139,#688);
#487=LINE('',#3143,#689);
#488=LINE('',#3145,#690);
#489=LINE('',#3149,#691);
#490=LINE('',#3151,#692);
#491=LINE('',#3154,#693);
#492=LINE('',#3155,#694);
#493=LINE('',#3158,#695);
#494=LINE('',#3160,#696);
#495=LINE('',#3161,#697);
#496=LINE('',#3164,#698);
#497=LINE('',#3165,#699);
#498=LINE('',#3168,#700);
#499=LINE('',#3169,#701);
#500=LINE('',#3172,#702);
#501=LINE('',#3173,#703);
#502=LINE('',#3176,#704);
#503=LINE('',#3177,#705);
#504=LINE('',#3180,#706);
#505=LINE('',#3181,#707);
#506=LINE('',#3184,#708);
#507=LINE('',#3185,#709);
#508=LINE('',#3188,#710);
#509=LINE('',#3189,#711);
#510=LINE('',#3192,#712);
#511=LINE('',#3193,#713);
#512=LINE('',#3196,#714);
#513=LINE('',#3197,#715);
#514=LINE('',#3200,#716);
#515=LINE('',#3201,#717);
#516=LINE('',#3204,#718);
#517=LINE('',#3205,#719);
#518=LINE('',#3208,#720);
#519=LINE('',#3209,#721);
#520=LINE('',#3212,#722);
#521=LINE('',#3213,#723);
#522=LINE('',#3216,#724);
#523=LINE('',#3217,#725);
#524=LINE('',#3220,#726);
#525=LINE('',#3221,#727);
#526=LINE('',#3224,#728);
#527=LINE('',#3225,#729);
#528=LINE('',#3228,#730);
#529=LINE('',#3229,#731);
#530=LINE('',#3232,#732);
#531=LINE('',#3248,#733);
#532=LINE('',#3260,#734);
#533=LINE('',#3264,#735);
#534=LINE('',#3268,#736);
#535=LINE('',#3273,#737);
#536=LINE('',#3277,#738);
#537=LINE('',#3281,#739);
#538=LINE('',#3284,#740);
#539=LINE('',#3288,#741);
#540=LINE('',#3292,#742);
#541=LINE('',#3297,#743);
#542=LINE('',#3301,#744);
#543=LINE('',#3305,#745);
#544=LINE('',#3308,#746);
#545=LINE('',#3330,#747);
#546=LINE('',#3335,#748);
#547=LINE('',#3339,#749);
#548=LINE('',#3343,#750);
#549=LINE('',#3347,#751);
#550=LINE('',#3350,#752);
#551=LINE('',#3354,#753);
#552=LINE('',#3359,#754);
#553=LINE('',#3364,#755);
#554=LINE('',#3371,#756);
#555=LINE('',#3375,#757);
#556=LINE('',#3380,#758);
#557=LINE('',#3387,#759);
#558=LINE('',#3391,#760);
#559=LINE('',#3394,#761);
#560=LINE('',#3397,#762);
#561=LINE('',#3400,#763);
#562=LINE('',#3402,#764);
#563=LINE('',#3405,#765);
#564=LINE('',#3408,#766);
#565=LINE('',#3411,#767);
#566=LINE('',#3436,#768);
#567=LINE('',#3438,#769);
#568=LINE('',#3441,#770);
#569=LINE('',#3442,#771);
#570=LINE('',#3444,#772);
#571=LINE('',#3446,#773);
#572=LINE('',#3447,#774);
#573=LINE('',#3450,#775);
#574=LINE('',#3452,#776);
#575=LINE('',#3455,#777);
#576=LINE('',#3456,#778);
#577=LINE('',#3458,#779);
#578=LINE('',#3459,#780);
#579=LINE('',#3462,#781);
#580=LINE('',#3464,#782);
#581=LINE('',#3467,#783);
#582=LINE('',#3468,#784);
#583=LINE('',#3471,#785);
#584=LINE('',#3473,#786);
#585=LINE('',#3476,#787);
#586=LINE('',#3477,#788);
#587=LINE('',#3479,#789);
#588=LINE('',#3480,#790);
#589=LINE('',#3482,#791);
#590=LINE('',#3484,#792);
#591=LINE('',#3486,#793);
#592=LINE('',#3502,#794);
#593=LINE('',#3514,#795);
#594=LINE('',#3516,#796);
#595=LINE('',#3517,#797);
#596=LINE('',#3519,#798);
#597=LINE('',#3521,#799);
#598=LINE('',#3524,#800);
#599=LINE('',#3525,#801);
#600=LINE('',#3527,#802);
#601=LINE('',#3529,#803);
#602=LINE('',#3531,#804);
#603=LINE('',#3533,#805);
#604=LINE('',#3534,#806);
#605=LINE('',#3537,#807);
#606=LINE('',#3539,#808);
#607=LINE('',#3582,#809);
#608=LINE('',#3584,#810);
#609=LINE('',#3597,#811);
#610=LINE('',#3598,#812);
#611=LINE('',#3640,#813);
#612=LINE('',#3652,#814);
#613=LINE('',#3655,#815);
#614=LINE('',#3657,#816);
#615=LINE('',#3658,#817);
#616=LINE('',#3680,#818);
#617=LINE('',#3731,#819);
#618=LINE('',#3732,#820);
#619=LINE('',#3735,#821);
#620=LINE('',#3736,#822);
#621=LINE('',#3787,#823);
#622=LINE('',#3790,#824);
#623=VECTOR('',#2297,10.);
#624=VECTOR('',#2300,10.);
#625=VECTOR('',#2305,10.);
#626=VECTOR('',#2308,10.);
#627=VECTOR('',#2311,10.);
#628=VECTOR('',#2314,10.);
#629=VECTOR('',#2317,10.);
#630=VECTOR('',#2320,10.);
#631=VECTOR('',#2323,10.);
#632=VECTOR('',#2326,10.);
#633=VECTOR('',#2329,10.);
#634=VECTOR('',#2332,10.);
#635=VECTOR('',#2335,10.);
#636=VECTOR('',#2338,10.);
#637=VECTOR('',#2341,10.);
#638=VECTOR('',#2344,10.);
#639=VECTOR('',#2347,10.);
#640=VECTOR('',#2350,10.);
#641=VECTOR('',#2353,10.);
#642=VECTOR('',#2356,10.);
#643=VECTOR('',#2367,10.);
#644=VECTOR('',#2370,10.);
#645=VECTOR('',#2373,10.);
#646=VECTOR('',#2376,10.);
#647=VECTOR('',#2379,10.);
#648=VECTOR('',#2382,10.);
#649=VECTOR('',#2385,10.);
#650=VECTOR('',#2388,10.);
#651=VECTOR('',#2391,10.);
#652=VECTOR('',#2394,10.);
#653=VECTOR('',#2397,10.);
#654=VECTOR('',#2400,10.);
#655=VECTOR('',#2403,10.);
#656=VECTOR('',#2406,10.);
#657=VECTOR('',#2409,10.);
#658=VECTOR('',#2412,10.);
#659=VECTOR('',#2415,10.);
#660=VECTOR('',#2416,10.);
#661=VECTOR('',#2421,10.);
#662=VECTOR('',#2422,10.);
#663=VECTOR('',#2427,10.);
#664=VECTOR('',#2428,10.);
#665=VECTOR('',#2433,10.);
#666=VECTOR('',#2434,10.);
#667=VECTOR('',#2439,10.);
#668=VECTOR('',#2440,10.);
#669=VECTOR('',#2445,10.);
#670=VECTOR('',#2446,10.);
#671=VECTOR('',#2451,10.);
#672=VECTOR('',#2452,10.);
#673=VECTOR('',#2457,10.);
#674=VECTOR('',#2458,10.);
#675=VECTOR('',#2463,10.);
#676=VECTOR('',#2464,10.);
#677=VECTOR('',#2467,10.);
#678=VECTOR('',#2468,10.);
#679=VECTOR('',#2481,10.);
#680=VECTOR('',#2482,10.);
#681=VECTOR('',#2485,10.);
#682=VECTOR('',#2486,10.);
#683=VECTOR('',#2491,10.);
#684=VECTOR('',#2492,10.);
#685=VECTOR('',#2497,10.);
#686=VECTOR('',#2498,10.);
#687=VECTOR('',#2503,10.);
#688=VECTOR('',#2504,10.);
#689=VECTOR('',#2509,10.);
#690=VECTOR('',#2510,10.);
#691=VECTOR('',#2515,10.);
#692=VECTOR('',#2516,10.);
#693=VECTOR('',#2521,10.);
#694=VECTOR('',#2522,10.);
#695=VECTOR('',#2525,10.);
#696=VECTOR('',#2526,10.);
#697=VECTOR('',#2527,10.);
#698=VECTOR('',#2530,10.);
#699=VECTOR('',#2531,10.);
#700=VECTOR('',#2534,10.);
#701=VECTOR('',#2535,10.);
#702=VECTOR('',#2538,10.);
#703=VECTOR('',#2539,10.);
#704=VECTOR('',#2542,10.);
#705=VECTOR('',#2543,10.);
#706=VECTOR('',#2546,10.);
#707=VECTOR('',#2547,10.);
#708=VECTOR('',#2550,10.);
#709=VECTOR('',#2551,10.);
#710=VECTOR('',#2554,10.);
#711=VECTOR('',#2555,10.);
#712=VECTOR('',#2558,10.);
#713=VECTOR('',#2559,10.);
#714=VECTOR('',#2562,10.);
#715=VECTOR('',#2563,10.);
#716=VECTOR('',#2566,10.);
#717=VECTOR('',#2567,10.);
#718=VECTOR('',#2570,10.);
#719=VECTOR('',#2571,10.);
#720=VECTOR('',#2574,10.);
#721=VECTOR('',#2575,10.);
#722=VECTOR('',#2578,10.);
#723=VECTOR('',#2579,10.);
#724=VECTOR('',#2582,10.);
#725=VECTOR('',#2583,10.);
#726=VECTOR('',#2586,10.);
#727=VECTOR('',#2587,10.);
#728=VECTOR('',#2590,10.);
#729=VECTOR('',#2591,10.);
#730=VECTOR('',#2594,10.);
#731=VECTOR('',#2595,10.);
#732=VECTOR('',#2598,10.);
#733=VECTOR('',#2603,10.);
#734=VECTOR('',#2604,10.);
#735=VECTOR('',#2607,10.);
#736=VECTOR('',#2610,10.);
#737=VECTOR('',#2615,10.);
#738=VECTOR('',#2618,10.);
#739=VECTOR('',#2623,10.);
#740=VECTOR('',#2626,10.);
#741=VECTOR('',#2629,10.);
#742=VECTOR('',#2632,10.);
#743=VECTOR('',#2637,10.);
#744=VECTOR('',#2640,10.);
#745=VECTOR('',#2645,10.);
#746=VECTOR('',#2648,10.);
#747=VECTOR('',#2657,10.);
#748=VECTOR('',#2662,10.);
#749=VECTOR('',#2665,10.);
#750=VECTOR('',#2670,10.);
#751=VECTOR('',#2675,10.);
#752=VECTOR('',#2678,10.);
#753=VECTOR('',#2681,10.);
#754=VECTOR('',#2688,10.);
#755=VECTOR('',#2693,10.);
#756=VECTOR('',#2702,10.);
#757=VECTOR('',#2707,10.);
#758=VECTOR('',#2712,10.);
#759=VECTOR('',#2721,10.);
#760=VECTOR('',#2726,10.);
#761=VECTOR('',#2731,10.);
#762=VECTOR('',#2734,10.);
#763=VECTOR('',#2739,10.);
#764=VECTOR('',#2742,10.);
#765=VECTOR('',#2745,10.);
#766=VECTOR('',#2750,10.);
#767=VECTOR('',#2753,10.);
#768=VECTOR('',#2764,10.);
#769=VECTOR('',#2765,10.);
#770=VECTOR('',#2770,10.);
#771=VECTOR('',#2771,10.);
#772=VECTOR('',#2774,10.);
#773=VECTOR('',#2777,10.);
#774=VECTOR('',#2778,10.);
#775=VECTOR('',#2781,10.);
#776=VECTOR('',#2782,10.);
#777=VECTOR('',#2787,10.);
#778=VECTOR('',#2788,10.);
#779=VECTOR('',#2791,10.);
#780=VECTOR('',#2792,10.);
#781=VECTOR('',#2795,10.);
#782=VECTOR('',#2796,10.);
#783=VECTOR('',#2801,10.);
#784=VECTOR('',#2802,10.);
#785=VECTOR('',#2805,10.);
#786=VECTOR('',#2806,10.);
#787=VECTOR('',#2811,10.);
#788=VECTOR('',#2812,10.);
#789=VECTOR('',#2815,10.);
#790=VECTOR('',#2816,10.);
#791=VECTOR('',#2819,10.);
#792=VECTOR('',#2822,10.);
#793=VECTOR('',#2825,10.);
#794=VECTOR('',#2830,10.);
#795=VECTOR('',#2831,10.);
#796=VECTOR('',#2834,10.);
#797=VECTOR('',#2835,10.);
#798=VECTOR('',#2838,10.);
#799=VECTOR('',#2841,10.);
#800=VECTOR('',#2846,10.);
#801=VECTOR('',#2847,10.);
#802=VECTOR('',#2850,10.);
#803=VECTOR('',#2853,10.);
#804=VECTOR('',#2856,10.);
#805=VECTOR('',#2859,10.);
#806=VECTOR('',#2860,10.);
#807=VECTOR('',#2865,10.);
#808=VECTOR('',#2868,10.);
#809=VECTOR('',#2871,10.);
#810=VECTOR('',#2872,10.);
#811=VECTOR('',#2875,10.);
#812=VECTOR('',#2876,10.);
#813=VECTOR('',#2877,10.);
#814=VECTOR('',#2880,10.);
#815=VECTOR('',#2883,10.);
#816=VECTOR('',#2884,10.);
#817=VECTOR('',#2885,10.);
#818=VECTOR('',#2886,10.);
#819=VECTOR('',#2887,10.);
#820=VECTOR('',#2888,10.);
#821=VECTOR('',#2891,10.);
#822=VECTOR('',#2892,10.);
#823=VECTOR('',#2893,10.);
#824=VECTOR('',#2898,10.);
#825=VERTEX_POINT('',#2903);
#826=VERTEX_POINT('',#2904);
#827=VERTEX_POINT('',#2906);
#828=VERTEX_POINT('',#2908);
#829=VERTEX_POINT('',#2912);
#830=VERTEX_POINT('',#2914);
#831=VERTEX_POINT('',#2918);
#832=VERTEX_POINT('',#2920);
#833=VERTEX_POINT('',#2924);
#834=VERTEX_POINT('',#2926);
#835=VERTEX_POINT('',#2930);
#836=VERTEX_POINT('',#2932);
#837=VERTEX_POINT('',#2936);
#838=VERTEX_POINT('',#2938);
#839=VERTEX_POINT('',#2942);
#840=VERTEX_POINT('',#2944);
#841=VERTEX_POINT('',#2948);
#842=VERTEX_POINT('',#2950);
#843=VERTEX_POINT('',#2954);
#844=VERTEX_POINT('',#2956);
#845=VERTEX_POINT('',#2960);
#846=VERTEX_POINT('',#2962);
#847=VERTEX_POINT('',#2966);
#848=VERTEX_POINT('',#2967);
#849=VERTEX_POINT('',#2969);
#850=VERTEX_POINT('',#2971);
#851=VERTEX_POINT('',#2990);
#852=VERTEX_POINT('',#2992);
#853=VERTEX_POINT('',#2996);
#854=VERTEX_POINT('',#2998);
#855=VERTEX_POINT('',#3002);
#856=VERTEX_POINT('',#3004);
#857=VERTEX_POINT('',#3008);
#858=VERTEX_POINT('',#3010);
#859=VERTEX_POINT('',#3014);
#860=VERTEX_POINT('',#3016);
#861=VERTEX_POINT('',#3020);
#862=VERTEX_POINT('',#3022);
#863=VERTEX_POINT('',#3026);
#864=VERTEX_POINT('',#3028);
#865=VERTEX_POINT('',#3032);
#866=VERTEX_POINT('',#3034);
#867=VERTEX_POINT('',#3038);
#868=VERTEX_POINT('',#3040);
#869=VERTEX_POINT('',#3044);
#870=VERTEX_POINT('',#3046);
#871=VERTEX_POINT('',#3050);
#872=VERTEX_POINT('',#3052);
#873=VERTEX_POINT('',#3056);
#874=VERTEX_POINT('',#3058);
#875=VERTEX_POINT('',#3062);
#876=VERTEX_POINT('',#3064);
#877=VERTEX_POINT('',#3068);
#878=VERTEX_POINT('',#3070);
#879=VERTEX_POINT('',#3074);
#880=VERTEX_POINT('',#3076);
#881=VERTEX_POINT('',#3080);
#882=VERTEX_POINT('',#3082);
#883=VERTEX_POINT('',#3089);
#884=VERTEX_POINT('',#3091);
#885=VERTEX_POINT('',#3095);
#886=VERTEX_POINT('',#3096);
#887=VERTEX_POINT('',#3098);
#888=VERTEX_POINT('',#3100);
#889=VERTEX_POINT('',#3118);
#890=VERTEX_POINT('',#3120);
#891=VERTEX_POINT('',#3124);
#892=VERTEX_POINT('',#3126);
#893=VERTEX_POINT('',#3130);
#894=VERTEX_POINT('',#3132);
#895=VERTEX_POINT('',#3136);
#896=VERTEX_POINT('',#3138);
#897=VERTEX_POINT('',#3142);
#898=VERTEX_POINT('',#3144);
#899=VERTEX_POINT('',#3148);
#900=VERTEX_POINT('',#3150);
#901=VERTEX_POINT('',#3157);
#902=VERTEX_POINT('',#3159);
#903=VERTEX_POINT('',#3163);
#904=VERTEX_POINT('',#3167);
#905=VERTEX_POINT('',#3171);
#906=VERTEX_POINT('',#3175);
#907=VERTEX_POINT('',#3179);
#908=VERTEX_POINT('',#3183);
#909=VERTEX_POINT('',#3187);
#910=VERTEX_POINT('',#3191);
#911=VERTEX_POINT('',#3195);
#912=VERTEX_POINT('',#3199);
#913=VERTEX_POINT('',#3203);
#914=VERTEX_POINT('',#3207);
#915=VERTEX_POINT('',#3211);
#916=VERTEX_POINT('',#3215);
#917=VERTEX_POINT('',#3219);
#918=VERTEX_POINT('',#3223);
#919=VERTEX_POINT('',#3227);
#920=VERTEX_POINT('',#3231);
#921=VERTEX_POINT('',#3235);
#922=VERTEX_POINT('',#3236);
#923=VERTEX_POINT('',#3247);
#924=VERTEX_POINT('',#3249);
#925=VERTEX_POINT('',#3262);
#926=VERTEX_POINT('',#3263);
#927=VERTEX_POINT('',#3265);
#928=VERTEX_POINT('',#3267);
#929=VERTEX_POINT('',#3271);
#930=VERTEX_POINT('',#3272);
#931=VERTEX_POINT('',#3274);
#932=VERTEX_POINT('',#3276);
#933=VERTEX_POINT('',#3280);
#934=VERTEX_POINT('',#3282);
#935=VERTEX_POINT('',#3286);
#936=VERTEX_POINT('',#3287);
#937=VERTEX_POINT('',#3289);
#938=VERTEX_POINT('',#3291);
#939=VERTEX_POINT('',#3295);
#940=VERTEX_POINT('',#3296);
#941=VERTEX_POINT('',#3298);
#942=VERTEX_POINT('',#3300);
#943=VERTEX_POINT('',#3304);
#944=VERTEX_POINT('',#3306);
#945=VERTEX_POINT('',#3310);
#946=VERTEX_POINT('',#3311);
#947=VERTEX_POINT('',#3329);
#948=VERTEX_POINT('',#3333);
#949=VERTEX_POINT('',#3334);
#950=VERTEX_POINT('',#3336);
#951=VERTEX_POINT('',#3338);
#952=VERTEX_POINT('',#3342);
#953=VERTEX_POINT('',#3346);
#954=VERTEX_POINT('',#3348);
#955=VERTEX_POINT('',#3352);
#956=VERTEX_POINT('',#3353);
#957=VERTEX_POINT('',#3358);
#958=VERTEX_POINT('',#3362);
#959=VERTEX_POINT('',#3363);
#960=VERTEX_POINT('',#3368);
#961=VERTEX_POINT('',#3370);
#962=VERTEX_POINT('',#3374);
#963=VERTEX_POINT('',#3378);
#964=VERTEX_POINT('',#3379);
#965=VERTEX_POINT('',#3384);
#966=VERTEX_POINT('',#3386);
#967=VERTEX_POINT('',#3390);
#968=VERTEX_POINT('',#3396);
#969=VERTEX_POINT('',#3404);
#970=VERTEX_POINT('',#3410);
#971=VERTEX_POINT('',#3429);
#972=VERTEX_POINT('',#3431);
#973=VERTEX_POINT('',#3435);
#974=VERTEX_POINT('',#3437);
#975=VERTEX_POINT('',#3449);
#976=VERTEX_POINT('',#3451);
#977=VERTEX_POINT('',#3461);
#978=VERTEX_POINT('',#3463);
#979=VERTEX_POINT('',#3470);
#980=VERTEX_POINT('',#3472);
#981=VERTEX_POINT('',#3489);
#982=VERTEX_POINT('',#3490);
#983=VERTEX_POINT('',#3501);
#984=VERTEX_POINT('',#3503);
#985=VERTEX_POINT('',#3581);
#986=VERTEX_POINT('',#3583);
#987=VERTEX_POINT('',#3596);
#988=VERTEX_POINT('',#3639);
#989=VERTEX_POINT('',#3654);
#990=VERTEX_POINT('',#3656);
#991=VERTEX_POINT('',#3679);
#992=VERTEX_POINT('',#3734);
#993=EDGE_CURVE('',#825,#826,#421,.T.);
#994=EDGE_CURVE('',#826,#827,#353,.T.);
#995=EDGE_CURVE('',#827,#828,#422,.T.);
#996=EDGE_CURVE('',#825,#828,#354,.T.);
#997=EDGE_CURVE('',#826,#829,#423,.T.);
#998=EDGE_CURVE('',#829,#830,#355,.T.);
#999=EDGE_CURVE('',#830,#827,#424,.T.);
#1000=EDGE_CURVE('',#829,#831,#425,.T.);
#1001=EDGE_CURVE('',#831,#832,#356,.T.);
#1002=EDGE_CURVE('',#832,#830,#426,.T.);
#1003=EDGE_CURVE('',#831,#833,#427,.T.);
#1004=EDGE_CURVE('',#833,#834,#357,.T.);
#1005=EDGE_CURVE('',#834,#832,#428,.T.);
#1006=EDGE_CURVE('',#833,#835,#429,.T.);
#1007=EDGE_CURVE('',#835,#836,#358,.T.);
#1008=EDGE_CURVE('',#836,#834,#430,.T.);
#1009=EDGE_CURVE('',#835,#837,#431,.T.);
#1010=EDGE_CURVE('',#837,#838,#359,.T.);
#1011=EDGE_CURVE('',#838,#836,#432,.T.);
#1012=EDGE_CURVE('',#837,#839,#433,.T.);
#1013=EDGE_CURVE('',#839,#840,#360,.T.);
#1014=EDGE_CURVE('',#840,#838,#434,.T.);
#1015=EDGE_CURVE('',#839,#841,#435,.T.);
#1016=EDGE_CURVE('',#841,#842,#361,.T.);
#1017=EDGE_CURVE('',#842,#840,#436,.T.);
#1018=EDGE_CURVE('',#841,#843,#437,.T.);
#1019=EDGE_CURVE('',#843,#844,#362,.T.);
#1020=EDGE_CURVE('',#844,#842,#438,.T.);
#1021=EDGE_CURVE('',#843,#845,#439,.T.);
#1022=EDGE_CURVE('',#845,#846,#363,.T.);
#1023=EDGE_CURVE('',#846,#844,#440,.T.);
#1024=EDGE_CURVE('',#847,#848,#79,.T.);
#1025=EDGE_CURVE('',#848,#849,#80,.T.);
#1026=EDGE_CURVE('',#849,#850,#81,.T.);
#1027=EDGE_CURVE('',#850,#847,#67,.T.);
#1028=EDGE_CURVE('',#850,#851,#441,.T.);
#1029=EDGE_CURVE('',#851,#852,#364,.T.);
#1030=EDGE_CURVE('',#852,#847,#442,.T.);
#1031=EDGE_CURVE('',#851,#853,#443,.T.);
#1032=EDGE_CURVE('',#853,#854,#365,.T.);
#1033=EDGE_CURVE('',#854,#852,#444,.T.);
#1034=EDGE_CURVE('',#853,#855,#445,.T.);
#1035=EDGE_CURVE('',#855,#856,#366,.T.);
#1036=EDGE_CURVE('',#856,#854,#446,.T.);
#1037=EDGE_CURVE('',#855,#857,#447,.T.);
#1038=EDGE_CURVE('',#857,#858,#367,.T.);
#1039=EDGE_CURVE('',#858,#856,#448,.T.);
#1040=EDGE_CURVE('',#857,#859,#449,.T.);
#1041=EDGE_CURVE('',#859,#860,#368,.T.);
#1042=EDGE_CURVE('',#860,#858,#450,.T.);
#1043=EDGE_CURVE('',#859,#861,#451,.T.);
#1044=EDGE_CURVE('',#861,#862,#369,.T.);
#1045=EDGE_CURVE('',#862,#860,#452,.T.);
#1046=EDGE_CURVE('',#861,#863,#453,.T.);
#1047=EDGE_CURVE('',#863,#864,#370,.T.);
#1048=EDGE_CURVE('',#864,#862,#454,.T.);
#1049=EDGE_CURVE('',#863,#865,#455,.T.);
#1050=EDGE_CURVE('',#865,#866,#371,.T.);
#1051=EDGE_CURVE('',#866,#864,#456,.T.);
#1052=EDGE_CURVE('',#867,#866,#457,.T.);
#1053=EDGE_CURVE('',#865,#868,#458,.T.);
#1054=EDGE_CURVE('',#868,#867,#372,.T.);
#1055=EDGE_CURVE('',#869,#867,#459,.T.);
#1056=EDGE_CURVE('',#868,#870,#460,.T.);
#1057=EDGE_CURVE('',#870,#869,#373,.T.);
#1058=EDGE_CURVE('',#871,#869,#461,.T.);
#1059=EDGE_CURVE('',#870,#872,#462,.T.);
#1060=EDGE_CURVE('',#872,#871,#374,.T.);
#1061=EDGE_CURVE('',#873,#871,#463,.T.);
#1062=EDGE_CURVE('',#872,#874,#464,.T.);
#1063=EDGE_CURVE('',#874,#873,#375,.T.);
#1064=EDGE_CURVE('',#875,#873,#465,.T.);
#1065=EDGE_CURVE('',#874,#876,#466,.T.);
#1066=EDGE_CURVE('',#876,#875,#376,.T.);
#1067=EDGE_CURVE('',#877,#875,#467,.T.);
#1068=EDGE_CURVE('',#876,#878,#468,.T.);
#1069=EDGE_CURVE('',#878,#877,#377,.T.);
#1070=EDGE_CURVE('',#879,#877,#469,.T.);
#1071=EDGE_CURVE('',#878,#880,#470,.T.);
#1072=EDGE_CURVE('',#880,#879,#378,.T.);
#1073=EDGE_CURVE('',#881,#879,#471,.T.);
#1074=EDGE_CURVE('',#880,#882,#472,.T.);
#1075=EDGE_CURVE('',#882,#881,#379,.T.);
#1076=EDGE_CURVE('',#845,#849,#473,.T.);
#1077=EDGE_CURVE('',#848,#846,#474,.T.);
#1078=EDGE_CURVE('',#883,#881,#475,.T.);
#1079=EDGE_CURVE('',#882,#884,#476,.T.);
#1080=EDGE_CURVE('',#884,#883,#380,.T.);
#1081=EDGE_CURVE('',#885,#886,#82,.T.);
#1082=EDGE_CURVE('',#886,#887,#83,.T.);
#1083=EDGE_CURVE('',#887,#888,#84,.T.);
#1084=EDGE_CURVE('',#888,#885,#68,.T.);
#1085=EDGE_CURVE('',#884,#887,#477,.T.);
#1086=EDGE_CURVE('',#886,#883,#478,.T.);
#1087=EDGE_CURVE('',#889,#885,#479,.T.);
#1088=EDGE_CURVE('',#888,#890,#480,.T.);
#1089=EDGE_CURVE('',#890,#889,#381,.T.);
#1090=EDGE_CURVE('',#891,#889,#481,.T.);
#1091=EDGE_CURVE('',#890,#892,#482,.T.);
#1092=EDGE_CURVE('',#892,#891,#382,.T.);
#1093=EDGE_CURVE('',#893,#891,#483,.T.);
#1094=EDGE_CURVE('',#892,#894,#484,.T.);
#1095=EDGE_CURVE('',#894,#893,#383,.T.);
#1096=EDGE_CURVE('',#895,#893,#485,.T.);
#1097=EDGE_CURVE('',#894,#896,#486,.T.);
#1098=EDGE_CURVE('',#896,#895,#384,.T.);
#1099=EDGE_CURVE('',#897,#895,#487,.T.);
#1100=EDGE_CURVE('',#896,#898,#488,.T.);
#1101=EDGE_CURVE('',#898,#897,#385,.T.);
#1102=EDGE_CURVE('',#899,#897,#489,.T.);
#1103=EDGE_CURVE('',#898,#900,#490,.T.);
#1104=EDGE_CURVE('',#900,#899,#386,.T.);
#1105=EDGE_CURVE('',#828,#899,#491,.T.);
#1106=EDGE_CURVE('',#900,#825,#492,.T.);
#1107=EDGE_CURVE('',#901,#852,#493,.T.);
#1108=EDGE_CURVE('',#902,#901,#494,.T.);
#1109=EDGE_CURVE('',#902,#847,#495,.T.);
#1110=EDGE_CURVE('',#903,#854,#496,.T.);
#1111=EDGE_CURVE('',#901,#903,#497,.T.);
#1112=EDGE_CURVE('',#856,#904,#498,.T.);
#1113=EDGE_CURVE('',#903,#904,#499,.T.);
#1114=EDGE_CURVE('',#905,#858,#500,.T.);
#1115=EDGE_CURVE('',#904,#905,#501,.T.);
#1116=EDGE_CURVE('',#906,#860,#502,.T.);
#1117=EDGE_CURVE('',#905,#906,#503,.T.);
#1118=EDGE_CURVE('',#862,#907,#504,.T.);
#1119=EDGE_CURVE('',#906,#907,#505,.T.);
#1120=EDGE_CURVE('',#908,#864,#506,.T.);
#1121=EDGE_CURVE('',#907,#908,#507,.T.);
#1122=EDGE_CURVE('',#909,#866,#508,.T.);
#1123=EDGE_CURVE('',#908,#909,#509,.T.);
#1124=EDGE_CURVE('',#867,#910,#510,.T.);
#1125=EDGE_CURVE('',#909,#910,#511,.T.);
#1126=EDGE_CURVE('',#911,#869,#512,.T.);
#1127=EDGE_CURVE('',#910,#911,#513,.T.);
#1128=EDGE_CURVE('',#912,#871,#514,.T.);
#1129=EDGE_CURVE('',#911,#912,#515,.T.);
#1130=EDGE_CURVE('',#873,#913,#516,.T.);
#1131=EDGE_CURVE('',#912,#913,#517,.T.);
#1132=EDGE_CURVE('',#914,#875,#518,.T.);
#1133=EDGE_CURVE('',#913,#914,#519,.T.);
#1134=EDGE_CURVE('',#915,#877,#520,.T.);
#1135=EDGE_CURVE('',#914,#915,#521,.T.);
#1136=EDGE_CURVE('',#879,#916,#522,.T.);
#1137=EDGE_CURVE('',#915,#916,#523,.T.);
#1138=EDGE_CURVE('',#917,#881,#524,.T.);
#1139=EDGE_CURVE('',#916,#917,#525,.T.);
#1140=EDGE_CURVE('',#918,#883,#526,.T.);
#1141=EDGE_CURVE('',#917,#918,#527,.T.);
#1142=EDGE_CURVE('',#919,#886,#528,.T.);
#1143=EDGE_CURVE('',#918,#919,#529,.T.);
#1144=EDGE_CURVE('',#920,#885,#530,.T.);
#1145=EDGE_CURVE('',#919,#920,#85,.T.);
#1146=EDGE_CURVE('',#921,#922,#69,.T.);
#1147=EDGE_CURVE('',#923,#921,#531,.T.);
#1148=EDGE_CURVE('',#924,#923,#70,.T.);
#1149=EDGE_CURVE('',#922,#924,#532,.T.);
#1150=EDGE_CURVE('',#925,#926,#533,.T.);
#1151=EDGE_CURVE('',#926,#927,#387,.T.);
#1152=EDGE_CURVE('',#927,#928,#534,.T.);
#1153=EDGE_CURVE('',#928,#925,#388,.T.);
#1154=EDGE_CURVE('',#929,#930,#535,.T.);
#1155=EDGE_CURVE('',#930,#931,#389,.T.);
#1156=EDGE_CURVE('',#931,#932,#536,.T.);
#1157=EDGE_CURVE('',#932,#929,#390,.T.);
#1158=EDGE_CURVE('',#930,#933,#537,.T.);
#1159=EDGE_CURVE('',#933,#934,#391,.T.);
#1160=EDGE_CURVE('',#934,#931,#538,.T.);
#1161=EDGE_CURVE('',#935,#936,#539,.T.);
#1162=EDGE_CURVE('',#936,#937,#392,.T.);
#1163=EDGE_CURVE('',#937,#938,#540,.T.);
#1164=EDGE_CURVE('',#938,#935,#393,.T.);
#1165=EDGE_CURVE('',#939,#940,#541,.T.);
#1166=EDGE_CURVE('',#940,#941,#394,.T.);
#1167=EDGE_CURVE('',#941,#942,#542,.T.);
#1168=EDGE_CURVE('',#942,#939,#395,.T.);
#1169=EDGE_CURVE('',#940,#943,#543,.T.);
#1170=EDGE_CURVE('',#943,#944,#396,.T.);
#1171=EDGE_CURVE('',#944,#941,#544,.T.);
#1172=EDGE_CURVE('',#945,#946,#86,.T.);
#1173=EDGE_CURVE('',#946,#919,#87,.T.);
#1174=EDGE_CURVE('',#920,#945,#71,.T.);
#1175=EDGE_CURVE('',#946,#947,#545,.T.);
#1176=EDGE_CURVE('',#947,#918,#397,.T.);
#1177=EDGE_CURVE('',#948,#949,#546,.T.);
#1178=EDGE_CURVE('',#949,#950,#398,.T.);
#1179=EDGE_CURVE('',#950,#951,#547,.T.);
#1180=EDGE_CURVE('',#951,#948,#399,.T.);
#1181=EDGE_CURVE('',#947,#952,#548,.T.);
#1182=EDGE_CURVE('',#952,#917,#400,.T.);
#1183=EDGE_CURVE('',#949,#953,#549,.T.);
#1184=EDGE_CURVE('',#953,#954,#401,.T.);
#1185=EDGE_CURVE('',#954,#950,#550,.T.);
#1186=EDGE_CURVE('',#955,#956,#551,.T.);
#1187=EDGE_CURVE('',#956,#915,#402,.T.);
#1188=EDGE_CURVE('',#916,#955,#403,.T.);
#1189=EDGE_CURVE('',#956,#957,#552,.T.);
#1190=EDGE_CURVE('',#957,#914,#404,.T.);
#1191=EDGE_CURVE('',#958,#959,#553,.T.);
#1192=EDGE_CURVE('',#959,#912,#405,.T.);
#1193=EDGE_CURVE('',#913,#958,#406,.T.);
#1194=EDGE_CURVE('',#904,#960,#407,.T.);
#1195=EDGE_CURVE('',#960,#961,#554,.T.);
#1196=EDGE_CURVE('',#961,#903,#408,.T.);
#1197=EDGE_CURVE('',#959,#962,#555,.T.);
#1198=EDGE_CURVE('',#962,#911,#409,.T.);
#1199=EDGE_CURVE('',#963,#964,#556,.T.);
#1200=EDGE_CURVE('',#964,#909,#410,.T.);
#1201=EDGE_CURVE('',#910,#963,#411,.T.);
#1202=EDGE_CURVE('',#907,#965,#412,.T.);
#1203=EDGE_CURVE('',#965,#966,#557,.T.);
#1204=EDGE_CURVE('',#966,#906,#413,.T.);
#1205=EDGE_CURVE('',#964,#967,#558,.T.);
#1206=EDGE_CURVE('',#967,#908,#414,.T.);
#1207=EDGE_CURVE('',#967,#965,#559,.T.);
#1208=EDGE_CURVE('',#966,#968,#560,.T.);
#1209=EDGE_CURVE('',#968,#905,#415,.T.);
#1210=EDGE_CURVE('',#962,#963,#561,.T.);
#1211=EDGE_CURVE('',#968,#960,#562,.T.);
#1212=EDGE_CURVE('',#961,#969,#563,.T.);
#1213=EDGE_CURVE('',#969,#901,#416,.T.);
#1214=EDGE_CURVE('',#957,#958,#564,.T.);
#1215=EDGE_CURVE('',#969,#970,#565,.T.);
#1216=EDGE_CURVE('',#970,#902,#72,.T.);
#1217=EDGE_CURVE('',#970,#971,#88,.T.);
#1218=EDGE_CURVE('',#971,#972,#89,.T.);
#1219=EDGE_CURVE('',#972,#902,#90,.T.);
#1220=EDGE_CURVE('',#973,#972,#566,.T.);
#1221=EDGE_CURVE('',#971,#974,#567,.T.);
#1222=EDGE_CURVE('',#974,#973,#417,.T.);
#1223=EDGE_CURVE('',#953,#973,#568,.T.);
#1224=EDGE_CURVE('',#974,#954,#569,.T.);
#1225=EDGE_CURVE('',#952,#955,#570,.T.);
#1226=EDGE_CURVE('',#943,#948,#571,.T.);
#1227=EDGE_CURVE('',#951,#944,#572,.T.);
#1228=EDGE_CURVE('',#975,#945,#573,.T.);
#1229=EDGE_CURVE('',#920,#976,#574,.T.);
#1230=EDGE_CURVE('',#976,#975,#418,.T.);
#1231=EDGE_CURVE('',#936,#975,#575,.T.);
#1232=EDGE_CURVE('',#976,#937,#576,.T.);
#1233=EDGE_CURVE('',#933,#939,#577,.T.);
#1234=EDGE_CURVE('',#942,#934,#578,.T.);
#1235=EDGE_CURVE('',#977,#935,#579,.T.);
#1236=EDGE_CURVE('',#938,#978,#580,.T.);
#1237=EDGE_CURVE('',#978,#977,#419,.T.);
#1238=EDGE_CURVE('',#926,#977,#581,.T.);
#1239=EDGE_CURVE('',#978,#927,#582,.T.);
#1240=EDGE_CURVE('',#979,#929,#583,.T.);
#1241=EDGE_CURVE('',#932,#980,#584,.T.);
#1242=EDGE_CURVE('',#979,#980,#420,.T.);
#1243=EDGE_CURVE('',#980,#925,#585,.T.);
#1244=EDGE_CURVE('',#928,#979,#586,.T.);
#1245=EDGE_CURVE('',#927,#897,#587,.T.);
#1246=EDGE_CURVE('',#978,#895,#588,.T.);
#1247=EDGE_CURVE('',#893,#938,#589,.T.);
#1248=EDGE_CURVE('',#937,#891,#590,.T.);
#1249=EDGE_CURVE('',#976,#889,#591,.T.);
#1250=EDGE_CURVE('',#981,#982,#73,.T.);
#1251=EDGE_CURVE('',#983,#981,#592,.T.);
#1252=EDGE_CURVE('',#984,#983,#74,.T.);
#1253=EDGE_CURVE('',#982,#984,#593,.T.);
#1254=EDGE_CURVE('',#929,#827,#594,.T.);
#1255=EDGE_CURVE('',#979,#828,#595,.T.);
#1256=EDGE_CURVE('',#899,#928,#596,.T.);
#1257=EDGE_CURVE('',#830,#930,#597,.T.);
#1258=EDGE_CURVE('',#948,#840,#598,.T.);
#1259=EDGE_CURVE('',#943,#838,#599,.T.);
#1260=EDGE_CURVE('',#836,#940,#600,.T.);
#1261=EDGE_CURVE('',#842,#949,#601,.T.);
#1262=EDGE_CURVE('',#939,#834,#602,.T.);
#1263=EDGE_CURVE('',#973,#846,#603,.T.);
#1264=EDGE_CURVE('',#953,#844,#604,.T.);
#1265=EDGE_CURVE('',#972,#848,#605,.T.);
#1266=EDGE_CURVE('',#933,#832,#606,.T.);
#1267=EDGE_CURVE('',#985,#921,#607,.T.);
#1268=EDGE_CURVE('',#922,#986,#608,.T.);
#1269=EDGE_CURVE('',#986,#985,#75,.T.);
#1270=EDGE_CURVE('',#987,#923,#609,.T.);
#1271=EDGE_CURVE('',#985,#987,#610,.T.);
#1272=EDGE_CURVE('',#988,#924,#611,.T.);
#1273=EDGE_CURVE('',#987,#988,#76,.T.);
#1274=EDGE_CURVE('',#988,#986,#612,.T.);
#1275=EDGE_CURVE('',#989,#985,#613,.T.);
#1276=EDGE_CURVE('',#990,#989,#614,.T.);
#1277=EDGE_CURVE('',#990,#987,#615,.T.);
#1278=EDGE_CURVE('',#991,#986,#616,.T.);
#1279=EDGE_CURVE('',#989,#991,#77,.T.);
#1280=EDGE_CURVE('',#991,#981,#617,.T.);
#1281=EDGE_CURVE('',#982,#989,#618,.T.);
#1282=EDGE_CURVE('',#991,#992,#619,.T.);
#1283=EDGE_CURVE('',#992,#983,#620,.T.);
#1284=EDGE_CURVE('',#992,#990,#78,.T.);
#1285=EDGE_CURVE('',#990,#984,#621,.T.);
#1286=EDGE_CURVE('',#992,#988,#622,.T.);
#1287=ORIENTED_EDGE('',*,*,#993,.T.);
#1288=ORIENTED_EDGE('',*,*,#994,.T.);
#1289=ORIENTED_EDGE('',*,*,#995,.T.);
#1290=ORIENTED_EDGE('',*,*,#996,.F.);
#1291=ORIENTED_EDGE('',*,*,#997,.T.);
#1292=ORIENTED_EDGE('',*,*,#998,.T.);
#1293=ORIENTED_EDGE('',*,*,#999,.T.);
#1294=ORIENTED_EDGE('',*,*,#994,.F.);
#1295=ORIENTED_EDGE('',*,*,#1000,.T.);
#1296=ORIENTED_EDGE('',*,*,#1001,.T.);
#1297=ORIENTED_EDGE('',*,*,#1002,.T.);
#1298=ORIENTED_EDGE('',*,*,#998,.F.);
#1299=ORIENTED_EDGE('',*,*,#1003,.T.);
#1300=ORIENTED_EDGE('',*,*,#1004,.T.);
#1301=ORIENTED_EDGE('',*,*,#1005,.T.);
#1302=ORIENTED_EDGE('',*,*,#1001,.F.);
#1303=ORIENTED_EDGE('',*,*,#1006,.T.);
#1304=ORIENTED_EDGE('',*,*,#1007,.T.);
#1305=ORIENTED_EDGE('',*,*,#1008,.T.);
#1306=ORIENTED_EDGE('',*,*,#1004,.F.);
#1307=ORIENTED_EDGE('',*,*,#1009,.T.);
#1308=ORIENTED_EDGE('',*,*,#1010,.T.);
#1309=ORIENTED_EDGE('',*,*,#1011,.T.);
#1310=ORIENTED_EDGE('',*,*,#1007,.F.);
#1311=ORIENTED_EDGE('',*,*,#1012,.T.);
#1312=ORIENTED_EDGE('',*,*,#1013,.T.);
#1313=ORIENTED_EDGE('',*,*,#1014,.T.);
#1314=ORIENTED_EDGE('',*,*,#1010,.F.);
#1315=ORIENTED_EDGE('',*,*,#1015,.T.);
#1316=ORIENTED_EDGE('',*,*,#1016,.T.);
#1317=ORIENTED_EDGE('',*,*,#1017,.T.);
#1318=ORIENTED_EDGE('',*,*,#1013,.F.);
#1319=ORIENTED_EDGE('',*,*,#1018,.T.);
#1320=ORIENTED_EDGE('',*,*,#1019,.T.);
#1321=ORIENTED_EDGE('',*,*,#1020,.T.);
#1322=ORIENTED_EDGE('',*,*,#1016,.F.);
#1323=ORIENTED_EDGE('',*,*,#1021,.T.);
#1324=ORIENTED_EDGE('',*,*,#1022,.T.);
#1325=ORIENTED_EDGE('',*,*,#1023,.T.);
#1326=ORIENTED_EDGE('',*,*,#1019,.F.);
#1327=ORIENTED_EDGE('',*,*,#1024,.T.);
#1328=ORIENTED_EDGE('',*,*,#1025,.T.);
#1329=ORIENTED_EDGE('',*,*,#1026,.T.);
#1330=ORIENTED_EDGE('',*,*,#1027,.T.);
#1331=ORIENTED_EDGE('',*,*,#1028,.T.);
#1332=ORIENTED_EDGE('',*,*,#1029,.T.);
#1333=ORIENTED_EDGE('',*,*,#1030,.T.);
#1334=ORIENTED_EDGE('',*,*,#1027,.F.);
#1335=ORIENTED_EDGE('',*,*,#1031,.T.);
#1336=ORIENTED_EDGE('',*,*,#1032,.T.);
#1337=ORIENTED_EDGE('',*,*,#1033,.T.);
#1338=ORIENTED_EDGE('',*,*,#1029,.F.);
#1339=ORIENTED_EDGE('',*,*,#1034,.T.);
#1340=ORIENTED_EDGE('',*,*,#1035,.T.);
#1341=ORIENTED_EDGE('',*,*,#1036,.T.);
#1342=ORIENTED_EDGE('',*,*,#1032,.F.);
#1343=ORIENTED_EDGE('',*,*,#1037,.T.);
#1344=ORIENTED_EDGE('',*,*,#1038,.T.);
#1345=ORIENTED_EDGE('',*,*,#1039,.T.);
#1346=ORIENTED_EDGE('',*,*,#1035,.F.);
#1347=ORIENTED_EDGE('',*,*,#1040,.T.);
#1348=ORIENTED_EDGE('',*,*,#1041,.T.);
#1349=ORIENTED_EDGE('',*,*,#1042,.T.);
#1350=ORIENTED_EDGE('',*,*,#1038,.F.);
#1351=ORIENTED_EDGE('',*,*,#1043,.T.);
#1352=ORIENTED_EDGE('',*,*,#1044,.T.);
#1353=ORIENTED_EDGE('',*,*,#1045,.T.);
#1354=ORIENTED_EDGE('',*,*,#1041,.F.);
#1355=ORIENTED_EDGE('',*,*,#1046,.T.);
#1356=ORIENTED_EDGE('',*,*,#1047,.T.);
#1357=ORIENTED_EDGE('',*,*,#1048,.T.);
#1358=ORIENTED_EDGE('',*,*,#1044,.F.);
#1359=ORIENTED_EDGE('',*,*,#1049,.T.);
#1360=ORIENTED_EDGE('',*,*,#1050,.T.);
#1361=ORIENTED_EDGE('',*,*,#1051,.T.);
#1362=ORIENTED_EDGE('',*,*,#1047,.F.);
#1363=ORIENTED_EDGE('',*,*,#1052,.T.);
#1364=ORIENTED_EDGE('',*,*,#1050,.F.);
#1365=ORIENTED_EDGE('',*,*,#1053,.T.);
#1366=ORIENTED_EDGE('',*,*,#1054,.T.);
#1367=ORIENTED_EDGE('',*,*,#1055,.T.);
#1368=ORIENTED_EDGE('',*,*,#1054,.F.);
#1369=ORIENTED_EDGE('',*,*,#1056,.T.);
#1370=ORIENTED_EDGE('',*,*,#1057,.T.);
#1371=ORIENTED_EDGE('',*,*,#1058,.T.);
#1372=ORIENTED_EDGE('',*,*,#1057,.F.);
#1373=ORIENTED_EDGE('',*,*,#1059,.T.);
#1374=ORIENTED_EDGE('',*,*,#1060,.T.);
#1375=ORIENTED_EDGE('',*,*,#1061,.T.);
#1376=ORIENTED_EDGE('',*,*,#1060,.F.);
#1377=ORIENTED_EDGE('',*,*,#1062,.T.);
#1378=ORIENTED_EDGE('',*,*,#1063,.T.);
#1379=ORIENTED_EDGE('',*,*,#1064,.T.);
#1380=ORIENTED_EDGE('',*,*,#1063,.F.);
#1381=ORIENTED_EDGE('',*,*,#1065,.T.);
#1382=ORIENTED_EDGE('',*,*,#1066,.T.);
#1383=ORIENTED_EDGE('',*,*,#1067,.T.);
#1384=ORIENTED_EDGE('',*,*,#1066,.F.);
#1385=ORIENTED_EDGE('',*,*,#1068,.T.);
#1386=ORIENTED_EDGE('',*,*,#1069,.T.);
#1387=ORIENTED_EDGE('',*,*,#1070,.T.);
#1388=ORIENTED_EDGE('',*,*,#1069,.F.);
#1389=ORIENTED_EDGE('',*,*,#1071,.T.);
#1390=ORIENTED_EDGE('',*,*,#1072,.T.);
#1391=ORIENTED_EDGE('',*,*,#1073,.T.);
#1392=ORIENTED_EDGE('',*,*,#1072,.F.);
#1393=ORIENTED_EDGE('',*,*,#1074,.T.);
#1394=ORIENTED_EDGE('',*,*,#1075,.T.);
#1395=ORIENTED_EDGE('',*,*,#1076,.T.);
#1396=ORIENTED_EDGE('',*,*,#1025,.F.);
#1397=ORIENTED_EDGE('',*,*,#1077,.T.);
#1398=ORIENTED_EDGE('',*,*,#1022,.F.);
#1399=ORIENTED_EDGE('',*,*,#1078,.T.);
#1400=ORIENTED_EDGE('',*,*,#1075,.F.);
#1401=ORIENTED_EDGE('',*,*,#1079,.T.);
#1402=ORIENTED_EDGE('',*,*,#1080,.T.);
#1403=ORIENTED_EDGE('',*,*,#1081,.T.);
#1404=ORIENTED_EDGE('',*,*,#1082,.T.);
#1405=ORIENTED_EDGE('',*,*,#1083,.T.);
#1406=ORIENTED_EDGE('',*,*,#1084,.T.);
#1407=ORIENTED_EDGE('',*,*,#1085,.T.);
#1408=ORIENTED_EDGE('',*,*,#1082,.F.);
#1409=ORIENTED_EDGE('',*,*,#1086,.T.);
#1410=ORIENTED_EDGE('',*,*,#1080,.F.);
#1411=ORIENTED_EDGE('',*,*,#1087,.T.);
#1412=ORIENTED_EDGE('',*,*,#1084,.F.);
#1413=ORIENTED_EDGE('',*,*,#1088,.T.);
#1414=ORIENTED_EDGE('',*,*,#1089,.T.);
#1415=ORIENTED_EDGE('',*,*,#1090,.T.);
#1416=ORIENTED_EDGE('',*,*,#1089,.F.);
#1417=ORIENTED_EDGE('',*,*,#1091,.T.);
#1418=ORIENTED_EDGE('',*,*,#1092,.T.);
#1419=ORIENTED_EDGE('',*,*,#1093,.T.);
#1420=ORIENTED_EDGE('',*,*,#1092,.F.);
#1421=ORIENTED_EDGE('',*,*,#1094,.T.);
#1422=ORIENTED_EDGE('',*,*,#1095,.T.);
#1423=ORIENTED_EDGE('',*,*,#1096,.T.);
#1424=ORIENTED_EDGE('',*,*,#1095,.F.);
#1425=ORIENTED_EDGE('',*,*,#1097,.T.);
#1426=ORIENTED_EDGE('',*,*,#1098,.T.);
#1427=ORIENTED_EDGE('',*,*,#1099,.T.);
#1428=ORIENTED_EDGE('',*,*,#1098,.F.);
#1429=ORIENTED_EDGE('',*,*,#1100,.T.);
#1430=ORIENTED_EDGE('',*,*,#1101,.T.);
#1431=ORIENTED_EDGE('',*,*,#1102,.T.);
#1432=ORIENTED_EDGE('',*,*,#1101,.F.);
#1433=ORIENTED_EDGE('',*,*,#1103,.T.);
#1434=ORIENTED_EDGE('',*,*,#1104,.T.);
#1435=ORIENTED_EDGE('',*,*,#1105,.T.);
#1436=ORIENTED_EDGE('',*,*,#1104,.F.);
#1437=ORIENTED_EDGE('',*,*,#1106,.T.);
#1438=ORIENTED_EDGE('',*,*,#996,.T.);
#1439=ORIENTED_EDGE('',*,*,#1030,.F.);
#1440=ORIENTED_EDGE('',*,*,#1107,.F.);
#1441=ORIENTED_EDGE('',*,*,#1108,.F.);
#1442=ORIENTED_EDGE('',*,*,#1109,.T.);
#1443=ORIENTED_EDGE('',*,*,#1033,.F.);
#1444=ORIENTED_EDGE('',*,*,#1110,.F.);
#1445=ORIENTED_EDGE('',*,*,#1111,.F.);
#1446=ORIENTED_EDGE('',*,*,#1107,.T.);
#1447=ORIENTED_EDGE('',*,*,#1036,.F.);
#1448=ORIENTED_EDGE('',*,*,#1112,.T.);
#1449=ORIENTED_EDGE('',*,*,#1113,.F.);
#1450=ORIENTED_EDGE('',*,*,#1110,.T.);
#1451=ORIENTED_EDGE('',*,*,#1039,.F.);
#1452=ORIENTED_EDGE('',*,*,#1114,.F.);
#1453=ORIENTED_EDGE('',*,*,#1115,.F.);
#1454=ORIENTED_EDGE('',*,*,#1112,.F.);
#1455=ORIENTED_EDGE('',*,*,#1042,.F.);
#1456=ORIENTED_EDGE('',*,*,#1116,.F.);
#1457=ORIENTED_EDGE('',*,*,#1117,.F.);
#1458=ORIENTED_EDGE('',*,*,#1114,.T.);
#1459=ORIENTED_EDGE('',*,*,#1045,.F.);
#1460=ORIENTED_EDGE('',*,*,#1118,.T.);
#1461=ORIENTED_EDGE('',*,*,#1119,.F.);
#1462=ORIENTED_EDGE('',*,*,#1116,.T.);
#1463=ORIENTED_EDGE('',*,*,#1048,.F.);
#1464=ORIENTED_EDGE('',*,*,#1120,.F.);
#1465=ORIENTED_EDGE('',*,*,#1121,.F.);
#1466=ORIENTED_EDGE('',*,*,#1118,.F.);
#1467=ORIENTED_EDGE('',*,*,#1051,.F.);
#1468=ORIENTED_EDGE('',*,*,#1122,.F.);
#1469=ORIENTED_EDGE('',*,*,#1123,.F.);
#1470=ORIENTED_EDGE('',*,*,#1120,.T.);
#1471=ORIENTED_EDGE('',*,*,#1052,.F.);
#1472=ORIENTED_EDGE('',*,*,#1124,.T.);
#1473=ORIENTED_EDGE('',*,*,#1125,.F.);
#1474=ORIENTED_EDGE('',*,*,#1122,.T.);
#1475=ORIENTED_EDGE('',*,*,#1055,.F.);
#1476=ORIENTED_EDGE('',*,*,#1126,.F.);
#1477=ORIENTED_EDGE('',*,*,#1127,.F.);
#1478=ORIENTED_EDGE('',*,*,#1124,.F.);
#1479=ORIENTED_EDGE('',*,*,#1058,.F.);
#1480=ORIENTED_EDGE('',*,*,#1128,.F.);
#1481=ORIENTED_EDGE('',*,*,#1129,.F.);
#1482=ORIENTED_EDGE('',*,*,#1126,.T.);
#1483=ORIENTED_EDGE('',*,*,#1061,.F.);
#1484=ORIENTED_EDGE('',*,*,#1130,.T.);
#1485=ORIENTED_EDGE('',*,*,#1131,.F.);
#1486=ORIENTED_EDGE('',*,*,#1128,.T.);
#1487=ORIENTED_EDGE('',*,*,#1064,.F.);
#1488=ORIENTED_EDGE('',*,*,#1132,.F.);
#1489=ORIENTED_EDGE('',*,*,#1133,.F.);
#1490=ORIENTED_EDGE('',*,*,#1130,.F.);
#1491=ORIENTED_EDGE('',*,*,#1067,.F.);
#1492=ORIENTED_EDGE('',*,*,#1134,.F.);
#1493=ORIENTED_EDGE('',*,*,#1135,.F.);
#1494=ORIENTED_EDGE('',*,*,#1132,.T.);
#1495=ORIENTED_EDGE('',*,*,#1070,.F.);
#1496=ORIENTED_EDGE('',*,*,#1136,.T.);
#1497=ORIENTED_EDGE('',*,*,#1137,.F.);
#1498=ORIENTED_EDGE('',*,*,#1134,.T.);
#1499=ORIENTED_EDGE('',*,*,#1073,.F.);
#1500=ORIENTED_EDGE('',*,*,#1138,.F.);
#1501=ORIENTED_EDGE('',*,*,#1139,.F.);
#1502=ORIENTED_EDGE('',*,*,#1136,.F.);
#1503=ORIENTED_EDGE('',*,*,#1078,.F.);
#1504=ORIENTED_EDGE('',*,*,#1140,.F.);
#1505=ORIENTED_EDGE('',*,*,#1141,.F.);
#1506=ORIENTED_EDGE('',*,*,#1138,.T.);
#1507=ORIENTED_EDGE('',*,*,#1086,.F.);
#1508=ORIENTED_EDGE('',*,*,#1142,.F.);
#1509=ORIENTED_EDGE('',*,*,#1143,.F.);
#1510=ORIENTED_EDGE('',*,*,#1140,.T.);
#1511=ORIENTED_EDGE('',*,*,#1081,.F.);
#1512=ORIENTED_EDGE('',*,*,#1144,.F.);
#1513=ORIENTED_EDGE('',*,*,#1145,.F.);
#1514=ORIENTED_EDGE('',*,*,#1142,.T.);
#1515=ORIENTED_EDGE('',*,*,#1146,.F.);
#1516=ORIENTED_EDGE('',*,*,#1147,.F.);
#1517=ORIENTED_EDGE('',*,*,#1148,.F.);
#1518=ORIENTED_EDGE('',*,*,#1149,.F.);
#1519=ORIENTED_EDGE('',*,*,#1083,.F.);
#1520=ORIENTED_EDGE('',*,*,#1085,.F.);
#1521=ORIENTED_EDGE('',*,*,#1079,.F.);
#1522=ORIENTED_EDGE('',*,*,#1074,.F.);
#1523=ORIENTED_EDGE('',*,*,#1071,.F.);
#1524=ORIENTED_EDGE('',*,*,#1068,.F.);
#1525=ORIENTED_EDGE('',*,*,#1065,.F.);
#1526=ORIENTED_EDGE('',*,*,#1062,.F.);
#1527=ORIENTED_EDGE('',*,*,#1059,.F.);
#1528=ORIENTED_EDGE('',*,*,#1056,.F.);
#1529=ORIENTED_EDGE('',*,*,#1053,.F.);
#1530=ORIENTED_EDGE('',*,*,#1049,.F.);
#1531=ORIENTED_EDGE('',*,*,#1046,.F.);
#1532=ORIENTED_EDGE('',*,*,#1043,.F.);
#1533=ORIENTED_EDGE('',*,*,#1040,.F.);
#1534=ORIENTED_EDGE('',*,*,#1037,.F.);
#1535=ORIENTED_EDGE('',*,*,#1034,.F.);
#1536=ORIENTED_EDGE('',*,*,#1031,.F.);
#1537=ORIENTED_EDGE('',*,*,#1028,.F.);
#1538=ORIENTED_EDGE('',*,*,#1026,.F.);
#1539=ORIENTED_EDGE('',*,*,#1076,.F.);
#1540=ORIENTED_EDGE('',*,*,#1021,.F.);
#1541=ORIENTED_EDGE('',*,*,#1018,.F.);
#1542=ORIENTED_EDGE('',*,*,#1015,.F.);
#1543=ORIENTED_EDGE('',*,*,#1012,.F.);
#1544=ORIENTED_EDGE('',*,*,#1009,.F.);
#1545=ORIENTED_EDGE('',*,*,#1006,.F.);
#1546=ORIENTED_EDGE('',*,*,#1003,.F.);
#1547=ORIENTED_EDGE('',*,*,#1000,.F.);
#1548=ORIENTED_EDGE('',*,*,#997,.F.);
#1549=ORIENTED_EDGE('',*,*,#993,.F.);
#1550=ORIENTED_EDGE('',*,*,#1106,.F.);
#1551=ORIENTED_EDGE('',*,*,#1103,.F.);
#1552=ORIENTED_EDGE('',*,*,#1100,.F.);
#1553=ORIENTED_EDGE('',*,*,#1097,.F.);
#1554=ORIENTED_EDGE('',*,*,#1094,.F.);
#1555=ORIENTED_EDGE('',*,*,#1091,.F.);
#1556=ORIENTED_EDGE('',*,*,#1088,.F.);
#1557=ORIENTED_EDGE('',*,*,#1150,.T.);
#1558=ORIENTED_EDGE('',*,*,#1151,.T.);
#1559=ORIENTED_EDGE('',*,*,#1152,.T.);
#1560=ORIENTED_EDGE('',*,*,#1153,.T.);
#1561=ORIENTED_EDGE('',*,*,#1154,.T.);
#1562=ORIENTED_EDGE('',*,*,#1155,.T.);
#1563=ORIENTED_EDGE('',*,*,#1156,.T.);
#1564=ORIENTED_EDGE('',*,*,#1157,.T.);
#1565=ORIENTED_EDGE('',*,*,#1158,.T.);
#1566=ORIENTED_EDGE('',*,*,#1159,.T.);
#1567=ORIENTED_EDGE('',*,*,#1160,.T.);
#1568=ORIENTED_EDGE('',*,*,#1155,.F.);
#1569=ORIENTED_EDGE('',*,*,#1161,.T.);
#1570=ORIENTED_EDGE('',*,*,#1162,.T.);
#1571=ORIENTED_EDGE('',*,*,#1163,.T.);
#1572=ORIENTED_EDGE('',*,*,#1164,.T.);
#1573=ORIENTED_EDGE('',*,*,#1165,.T.);
#1574=ORIENTED_EDGE('',*,*,#1166,.T.);
#1575=ORIENTED_EDGE('',*,*,#1167,.T.);
#1576=ORIENTED_EDGE('',*,*,#1168,.T.);
#1577=ORIENTED_EDGE('',*,*,#1169,.T.);
#1578=ORIENTED_EDGE('',*,*,#1170,.T.);
#1579=ORIENTED_EDGE('',*,*,#1171,.T.);
#1580=ORIENTED_EDGE('',*,*,#1166,.F.);
#1581=ORIENTED_EDGE('',*,*,#1172,.T.);
#1582=ORIENTED_EDGE('',*,*,#1173,.T.);
#1583=ORIENTED_EDGE('',*,*,#1145,.T.);
#1584=ORIENTED_EDGE('',*,*,#1174,.T.);
#1585=ORIENTED_EDGE('',*,*,#1143,.T.);
#1586=ORIENTED_EDGE('',*,*,#1173,.F.);
#1587=ORIENTED_EDGE('',*,*,#1175,.T.);
#1588=ORIENTED_EDGE('',*,*,#1176,.T.);
#1589=ORIENTED_EDGE('',*,*,#1177,.T.);
#1590=ORIENTED_EDGE('',*,*,#1178,.T.);
#1591=ORIENTED_EDGE('',*,*,#1179,.T.);
#1592=ORIENTED_EDGE('',*,*,#1180,.T.);
#1593=ORIENTED_EDGE('',*,*,#1181,.T.);
#1594=ORIENTED_EDGE('',*,*,#1182,.T.);
#1595=ORIENTED_EDGE('',*,*,#1141,.T.);
#1596=ORIENTED_EDGE('',*,*,#1176,.F.);
#1597=ORIENTED_EDGE('',*,*,#1183,.T.);
#1598=ORIENTED_EDGE('',*,*,#1184,.T.);
#1599=ORIENTED_EDGE('',*,*,#1185,.T.);
#1600=ORIENTED_EDGE('',*,*,#1178,.F.);
#1601=ORIENTED_EDGE('',*,*,#1186,.T.);
#1602=ORIENTED_EDGE('',*,*,#1187,.T.);
#1603=ORIENTED_EDGE('',*,*,#1137,.T.);
#1604=ORIENTED_EDGE('',*,*,#1188,.T.);
#1605=ORIENTED_EDGE('',*,*,#1189,.T.);
#1606=ORIENTED_EDGE('',*,*,#1190,.T.);
#1607=ORIENTED_EDGE('',*,*,#1135,.T.);
#1608=ORIENTED_EDGE('',*,*,#1187,.F.);
#1609=ORIENTED_EDGE('',*,*,#1191,.T.);
#1610=ORIENTED_EDGE('',*,*,#1192,.T.);
#1611=ORIENTED_EDGE('',*,*,#1131,.T.);
#1612=ORIENTED_EDGE('',*,*,#1193,.T.);
#1613=ORIENTED_EDGE('',*,*,#1113,.T.);
#1614=ORIENTED_EDGE('',*,*,#1194,.T.);
#1615=ORIENTED_EDGE('',*,*,#1195,.T.);
#1616=ORIENTED_EDGE('',*,*,#1196,.T.);
#1617=ORIENTED_EDGE('',*,*,#1197,.T.);
#1618=ORIENTED_EDGE('',*,*,#1198,.T.);
#1619=ORIENTED_EDGE('',*,*,#1129,.T.);
#1620=ORIENTED_EDGE('',*,*,#1192,.F.);
#1621=ORIENTED_EDGE('',*,*,#1199,.T.);
#1622=ORIENTED_EDGE('',*,*,#1200,.T.);
#1623=ORIENTED_EDGE('',*,*,#1125,.T.);
#1624=ORIENTED_EDGE('',*,*,#1201,.T.);
#1625=ORIENTED_EDGE('',*,*,#1119,.T.);
#1626=ORIENTED_EDGE('',*,*,#1202,.T.);
#1627=ORIENTED_EDGE('',*,*,#1203,.T.);
#1628=ORIENTED_EDGE('',*,*,#1204,.T.);
#1629=ORIENTED_EDGE('',*,*,#1205,.T.);
#1630=ORIENTED_EDGE('',*,*,#1206,.T.);
#1631=ORIENTED_EDGE('',*,*,#1123,.T.);
#1632=ORIENTED_EDGE('',*,*,#1200,.F.);
#1633=ORIENTED_EDGE('',*,*,#1121,.T.);
#1634=ORIENTED_EDGE('',*,*,#1206,.F.);
#1635=ORIENTED_EDGE('',*,*,#1207,.T.);
#1636=ORIENTED_EDGE('',*,*,#1202,.F.);
#1637=ORIENTED_EDGE('',*,*,#1117,.T.);
#1638=ORIENTED_EDGE('',*,*,#1204,.F.);
#1639=ORIENTED_EDGE('',*,*,#1208,.T.);
#1640=ORIENTED_EDGE('',*,*,#1209,.T.);
#1641=ORIENTED_EDGE('',*,*,#1210,.T.);
#1642=ORIENTED_EDGE('',*,*,#1201,.F.);
#1643=ORIENTED_EDGE('',*,*,#1127,.T.);
#1644=ORIENTED_EDGE('',*,*,#1198,.F.);
#1645=ORIENTED_EDGE('',*,*,#1115,.T.);
#1646=ORIENTED_EDGE('',*,*,#1209,.F.);
#1647=ORIENTED_EDGE('',*,*,#1211,.T.);
#1648=ORIENTED_EDGE('',*,*,#1194,.F.);
#1649=ORIENTED_EDGE('',*,*,#1111,.T.);
#1650=ORIENTED_EDGE('',*,*,#1196,.F.);
#1651=ORIENTED_EDGE('',*,*,#1212,.T.);
#1652=ORIENTED_EDGE('',*,*,#1213,.T.);
#1653=ORIENTED_EDGE('',*,*,#1214,.T.);
#1654=ORIENTED_EDGE('',*,*,#1193,.F.);
#1655=ORIENTED_EDGE('',*,*,#1133,.T.);
#1656=ORIENTED_EDGE('',*,*,#1190,.F.);
#1657=ORIENTED_EDGE('',*,*,#1108,.T.);
#1658=ORIENTED_EDGE('',*,*,#1213,.F.);
#1659=ORIENTED_EDGE('',*,*,#1215,.T.);
#1660=ORIENTED_EDGE('',*,*,#1216,.T.);
#1661=ORIENTED_EDGE('',*,*,#1217,.T.);
#1662=ORIENTED_EDGE('',*,*,#1218,.T.);
#1663=ORIENTED_EDGE('',*,*,#1219,.T.);
#1664=ORIENTED_EDGE('',*,*,#1216,.F.);
#1665=ORIENTED_EDGE('',*,*,#1220,.T.);
#1666=ORIENTED_EDGE('',*,*,#1218,.F.);
#1667=ORIENTED_EDGE('',*,*,#1221,.T.);
#1668=ORIENTED_EDGE('',*,*,#1222,.T.);
#1669=ORIENTED_EDGE('',*,*,#1223,.T.);
#1670=ORIENTED_EDGE('',*,*,#1222,.F.);
#1671=ORIENTED_EDGE('',*,*,#1224,.T.);
#1672=ORIENTED_EDGE('',*,*,#1184,.F.);
#1673=ORIENTED_EDGE('',*,*,#1225,.T.);
#1674=ORIENTED_EDGE('',*,*,#1188,.F.);
#1675=ORIENTED_EDGE('',*,*,#1139,.T.);
#1676=ORIENTED_EDGE('',*,*,#1182,.F.);
#1677=ORIENTED_EDGE('',*,*,#1226,.T.);
#1678=ORIENTED_EDGE('',*,*,#1180,.F.);
#1679=ORIENTED_EDGE('',*,*,#1227,.T.);
#1680=ORIENTED_EDGE('',*,*,#1170,.F.);
#1681=ORIENTED_EDGE('',*,*,#1228,.T.);
#1682=ORIENTED_EDGE('',*,*,#1174,.F.);
#1683=ORIENTED_EDGE('',*,*,#1229,.T.);
#1684=ORIENTED_EDGE('',*,*,#1230,.T.);
#1685=ORIENTED_EDGE('',*,*,#1231,.T.);
#1686=ORIENTED_EDGE('',*,*,#1230,.F.);
#1687=ORIENTED_EDGE('',*,*,#1232,.T.);
#1688=ORIENTED_EDGE('',*,*,#1162,.F.);
#1689=ORIENTED_EDGE('',*,*,#1233,.T.);
#1690=ORIENTED_EDGE('',*,*,#1168,.F.);
#1691=ORIENTED_EDGE('',*,*,#1234,.T.);
#1692=ORIENTED_EDGE('',*,*,#1159,.F.);
#1693=ORIENTED_EDGE('',*,*,#1235,.T.);
#1694=ORIENTED_EDGE('',*,*,#1164,.F.);
#1695=ORIENTED_EDGE('',*,*,#1236,.T.);
#1696=ORIENTED_EDGE('',*,*,#1237,.T.);
#1697=ORIENTED_EDGE('',*,*,#1238,.T.);
#1698=ORIENTED_EDGE('',*,*,#1237,.F.);
#1699=ORIENTED_EDGE('',*,*,#1239,.T.);
#1700=ORIENTED_EDGE('',*,*,#1151,.F.);
#1701=ORIENTED_EDGE('',*,*,#1240,.T.);
#1702=ORIENTED_EDGE('',*,*,#1157,.F.);
#1703=ORIENTED_EDGE('',*,*,#1241,.T.);
#1704=ORIENTED_EDGE('',*,*,#1242,.F.);
#1705=ORIENTED_EDGE('',*,*,#1243,.T.);
#1706=ORIENTED_EDGE('',*,*,#1153,.F.);
#1707=ORIENTED_EDGE('',*,*,#1244,.T.);
#1708=ORIENTED_EDGE('',*,*,#1242,.T.);
#1709=ORIENTED_EDGE('',*,*,#1099,.F.);
#1710=ORIENTED_EDGE('',*,*,#1245,.F.);
#1711=ORIENTED_EDGE('',*,*,#1239,.F.);
#1712=ORIENTED_EDGE('',*,*,#1246,.T.);
#1713=ORIENTED_EDGE('',*,*,#1096,.F.);
#1714=ORIENTED_EDGE('',*,*,#1246,.F.);
#1715=ORIENTED_EDGE('',*,*,#1236,.F.);
#1716=ORIENTED_EDGE('',*,*,#1247,.F.);
#1717=ORIENTED_EDGE('',*,*,#1093,.F.);
#1718=ORIENTED_EDGE('',*,*,#1247,.T.);
#1719=ORIENTED_EDGE('',*,*,#1163,.F.);
#1720=ORIENTED_EDGE('',*,*,#1248,.T.);
#1721=ORIENTED_EDGE('',*,*,#1090,.F.);
#1722=ORIENTED_EDGE('',*,*,#1248,.F.);
#1723=ORIENTED_EDGE('',*,*,#1232,.F.);
#1724=ORIENTED_EDGE('',*,*,#1249,.T.);
#1725=ORIENTED_EDGE('',*,*,#1087,.F.);
#1726=ORIENTED_EDGE('',*,*,#1249,.F.);
#1727=ORIENTED_EDGE('',*,*,#1229,.F.);
#1728=ORIENTED_EDGE('',*,*,#1144,.T.);
#1729=ORIENTED_EDGE('',*,*,#1250,.F.);
#1730=ORIENTED_EDGE('',*,*,#1251,.F.);
#1731=ORIENTED_EDGE('',*,*,#1252,.F.);
#1732=ORIENTED_EDGE('',*,*,#1253,.F.);
#1733=ORIENTED_EDGE('',*,*,#1203,.F.);
#1734=ORIENTED_EDGE('',*,*,#1207,.F.);
#1735=ORIENTED_EDGE('',*,*,#1205,.F.);
#1736=ORIENTED_EDGE('',*,*,#1199,.F.);
#1737=ORIENTED_EDGE('',*,*,#1210,.F.);
#1738=ORIENTED_EDGE('',*,*,#1197,.F.);
#1739=ORIENTED_EDGE('',*,*,#1191,.F.);
#1740=ORIENTED_EDGE('',*,*,#1214,.F.);
#1741=ORIENTED_EDGE('',*,*,#1189,.F.);
#1742=ORIENTED_EDGE('',*,*,#1186,.F.);
#1743=ORIENTED_EDGE('',*,*,#1225,.F.);
#1744=ORIENTED_EDGE('',*,*,#1181,.F.);
#1745=ORIENTED_EDGE('',*,*,#1175,.F.);
#1746=ORIENTED_EDGE('',*,*,#1172,.F.);
#1747=ORIENTED_EDGE('',*,*,#1228,.F.);
#1748=ORIENTED_EDGE('',*,*,#1231,.F.);
#1749=ORIENTED_EDGE('',*,*,#1161,.F.);
#1750=ORIENTED_EDGE('',*,*,#1235,.F.);
#1751=ORIENTED_EDGE('',*,*,#1238,.F.);
#1752=ORIENTED_EDGE('',*,*,#1150,.F.);
#1753=ORIENTED_EDGE('',*,*,#1243,.F.);
#1754=ORIENTED_EDGE('',*,*,#1241,.F.);
#1755=ORIENTED_EDGE('',*,*,#1156,.F.);
#1756=ORIENTED_EDGE('',*,*,#1160,.F.);
#1757=ORIENTED_EDGE('',*,*,#1234,.F.);
#1758=ORIENTED_EDGE('',*,*,#1167,.F.);
#1759=ORIENTED_EDGE('',*,*,#1171,.F.);
#1760=ORIENTED_EDGE('',*,*,#1227,.F.);
#1761=ORIENTED_EDGE('',*,*,#1179,.F.);
#1762=ORIENTED_EDGE('',*,*,#1185,.F.);
#1763=ORIENTED_EDGE('',*,*,#1224,.F.);
#1764=ORIENTED_EDGE('',*,*,#1221,.F.);
#1765=ORIENTED_EDGE('',*,*,#1217,.F.);
#1766=ORIENTED_EDGE('',*,*,#1215,.F.);
#1767=ORIENTED_EDGE('',*,*,#1212,.F.);
#1768=ORIENTED_EDGE('',*,*,#1195,.F.);
#1769=ORIENTED_EDGE('',*,*,#1211,.F.);
#1770=ORIENTED_EDGE('',*,*,#1208,.F.);
#1771=ORIENTED_EDGE('',*,*,#995,.F.);
#1772=ORIENTED_EDGE('',*,*,#1254,.F.);
#1773=ORIENTED_EDGE('',*,*,#1240,.F.);
#1774=ORIENTED_EDGE('',*,*,#1255,.T.);
#1775=ORIENTED_EDGE('',*,*,#1105,.F.);
#1776=ORIENTED_EDGE('',*,*,#1255,.F.);
#1777=ORIENTED_EDGE('',*,*,#1244,.F.);
#1778=ORIENTED_EDGE('',*,*,#1256,.F.);
#1779=ORIENTED_EDGE('',*,*,#999,.F.);
#1780=ORIENTED_EDGE('',*,*,#1257,.T.);
#1781=ORIENTED_EDGE('',*,*,#1154,.F.);
#1782=ORIENTED_EDGE('',*,*,#1254,.T.);
#1783=ORIENTED_EDGE('',*,*,#1102,.F.);
#1784=ORIENTED_EDGE('',*,*,#1256,.T.);
#1785=ORIENTED_EDGE('',*,*,#1152,.F.);
#1786=ORIENTED_EDGE('',*,*,#1245,.T.);
#1787=ORIENTED_EDGE('',*,*,#1014,.F.);
#1788=ORIENTED_EDGE('',*,*,#1258,.F.);
#1789=ORIENTED_EDGE('',*,*,#1226,.F.);
#1790=ORIENTED_EDGE('',*,*,#1259,.T.);
#1791=ORIENTED_EDGE('',*,*,#1011,.F.);
#1792=ORIENTED_EDGE('',*,*,#1259,.F.);
#1793=ORIENTED_EDGE('',*,*,#1169,.F.);
#1794=ORIENTED_EDGE('',*,*,#1260,.F.);
#1795=ORIENTED_EDGE('',*,*,#1017,.F.);
#1796=ORIENTED_EDGE('',*,*,#1261,.T.);
#1797=ORIENTED_EDGE('',*,*,#1177,.F.);
#1798=ORIENTED_EDGE('',*,*,#1258,.T.);
#1799=ORIENTED_EDGE('',*,*,#1008,.F.);
#1800=ORIENTED_EDGE('',*,*,#1260,.T.);
#1801=ORIENTED_EDGE('',*,*,#1165,.F.);
#1802=ORIENTED_EDGE('',*,*,#1262,.T.);
#1803=ORIENTED_EDGE('',*,*,#1023,.F.);
#1804=ORIENTED_EDGE('',*,*,#1263,.F.);
#1805=ORIENTED_EDGE('',*,*,#1223,.F.);
#1806=ORIENTED_EDGE('',*,*,#1264,.T.);
#1807=ORIENTED_EDGE('',*,*,#1020,.F.);
#1808=ORIENTED_EDGE('',*,*,#1264,.F.);
#1809=ORIENTED_EDGE('',*,*,#1183,.F.);
#1810=ORIENTED_EDGE('',*,*,#1261,.F.);
#1811=ORIENTED_EDGE('',*,*,#1077,.F.);
#1812=ORIENTED_EDGE('',*,*,#1265,.F.);
#1813=ORIENTED_EDGE('',*,*,#1220,.F.);
#1814=ORIENTED_EDGE('',*,*,#1263,.T.);
#1815=ORIENTED_EDGE('',*,*,#1005,.F.);
#1816=ORIENTED_EDGE('',*,*,#1262,.F.);
#1817=ORIENTED_EDGE('',*,*,#1233,.F.);
#1818=ORIENTED_EDGE('',*,*,#1266,.T.);
#1819=ORIENTED_EDGE('',*,*,#1002,.F.);
#1820=ORIENTED_EDGE('',*,*,#1266,.F.);
#1821=ORIENTED_EDGE('',*,*,#1158,.F.);
#1822=ORIENTED_EDGE('',*,*,#1257,.F.);
#1823=ORIENTED_EDGE('',*,*,#1267,.T.);
#1824=ORIENTED_EDGE('',*,*,#1146,.T.);
#1825=ORIENTED_EDGE('',*,*,#1268,.T.);
#1826=ORIENTED_EDGE('',*,*,#1269,.T.);
#1827=ORIENTED_EDGE('',*,*,#1270,.T.);
#1828=ORIENTED_EDGE('',*,*,#1147,.T.);
#1829=ORIENTED_EDGE('',*,*,#1267,.F.);
#1830=ORIENTED_EDGE('',*,*,#1271,.T.);
#1831=ORIENTED_EDGE('',*,*,#1272,.T.);
#1832=ORIENTED_EDGE('',*,*,#1148,.T.);
#1833=ORIENTED_EDGE('',*,*,#1270,.F.);
#1834=ORIENTED_EDGE('',*,*,#1273,.T.);
#1835=ORIENTED_EDGE('',*,*,#1268,.F.);
#1836=ORIENTED_EDGE('',*,*,#1149,.T.);
#1837=ORIENTED_EDGE('',*,*,#1272,.F.);
#1838=ORIENTED_EDGE('',*,*,#1274,.T.);
#1839=ORIENTED_EDGE('',*,*,#1271,.F.);
#1840=ORIENTED_EDGE('',*,*,#1275,.F.);
#1841=ORIENTED_EDGE('',*,*,#1276,.F.);
#1842=ORIENTED_EDGE('',*,*,#1277,.T.);
#1843=ORIENTED_EDGE('',*,*,#1269,.F.);
#1844=ORIENTED_EDGE('',*,*,#1278,.F.);
#1845=ORIENTED_EDGE('',*,*,#1279,.F.);
#1846=ORIENTED_EDGE('',*,*,#1275,.T.);
#1847=ORIENTED_EDGE('',*,*,#1280,.T.);
#1848=ORIENTED_EDGE('',*,*,#1250,.T.);
#1849=ORIENTED_EDGE('',*,*,#1281,.T.);
#1850=ORIENTED_EDGE('',*,*,#1279,.T.);
#1851=ORIENTED_EDGE('',*,*,#1280,.F.);
#1852=ORIENTED_EDGE('',*,*,#1282,.T.);
#1853=ORIENTED_EDGE('',*,*,#1283,.T.);
#1854=ORIENTED_EDGE('',*,*,#1251,.T.);
#1855=ORIENTED_EDGE('',*,*,#1283,.F.);
#1856=ORIENTED_EDGE('',*,*,#1284,.T.);
#1857=ORIENTED_EDGE('',*,*,#1285,.T.);
#1858=ORIENTED_EDGE('',*,*,#1252,.T.);
#1859=ORIENTED_EDGE('',*,*,#1285,.F.);
#1860=ORIENTED_EDGE('',*,*,#1276,.T.);
#1861=ORIENTED_EDGE('',*,*,#1281,.F.);
#1862=ORIENTED_EDGE('',*,*,#1253,.T.);
#1863=ORIENTED_EDGE('',*,*,#1274,.F.);
#1864=ORIENTED_EDGE('',*,*,#1286,.F.);
#1865=ORIENTED_EDGE('',*,*,#1282,.F.);
#1866=ORIENTED_EDGE('',*,*,#1278,.T.);
#1867=ORIENTED_EDGE('',*,*,#1024,.F.);
#1868=ORIENTED_EDGE('',*,*,#1109,.F.);
#1869=ORIENTED_EDGE('',*,*,#1219,.F.);
#1870=ORIENTED_EDGE('',*,*,#1265,.T.);
#1871=ORIENTED_EDGE('',*,*,#1273,.F.);
#1872=ORIENTED_EDGE('',*,*,#1277,.F.);
#1873=ORIENTED_EDGE('',*,*,#1284,.F.);
#1874=ORIENTED_EDGE('',*,*,#1286,.T.);
#1875=CYLINDRICAL_SURFACE('',#2091,0.5);
#1876=CYLINDRICAL_SURFACE('',#2094,0.5);
#1877=CYLINDRICAL_SURFACE('',#2096,0.5);
#1878=CYLINDRICAL_SURFACE('',#2098,0.5);
#1879=CYLINDRICAL_SURFACE('',#2100,0.5);
#1880=CYLINDRICAL_SURFACE('',#2102,0.5);
#1881=CYLINDRICAL_SURFACE('',#2104,0.5);
#1882=CYLINDRICAL_SURFACE('',#2106,0.5);
#1883=CYLINDRICAL_SURFACE('',#2108,0.5);
#1884=CYLINDRICAL_SURFACE('',#2110,0.5);
#1885=CYLINDRICAL_SURFACE('',#2116,0.5);
#1886=CYLINDRICAL_SURFACE('',#2118,0.5);
#1887=CYLINDRICAL_SURFACE('',#2120,0.5);
#1888=CYLINDRICAL_SURFACE('',#2122,0.5);
#1889=CYLINDRICAL_SURFACE('',#2124,0.5);
#1890=CYLINDRICAL_SURFACE('',#2126,0.5);
#1891=CYLINDRICAL_SURFACE('',#2128,0.5);
#1892=CYLINDRICAL_SURFACE('',#2130,0.5);
#1893=CYLINDRICAL_SURFACE('',#2132,0.5);
#1894=CYLINDRICAL_SURFACE('',#2134,0.5);
#1895=CYLINDRICAL_SURFACE('',#2136,0.5);
#1896=CYLINDRICAL_SURFACE('',#2138,0.5);
#1897=CYLINDRICAL_SURFACE('',#2140,0.5);
#1898=CYLINDRICAL_SURFACE('',#2142,0.5);
#1899=CYLINDRICAL_SURFACE('',#2144,0.5);
#1900=CYLINDRICAL_SURFACE('',#2146,0.5);
#1901=CYLINDRICAL_SURFACE('',#2148,0.5);
#1902=CYLINDRICAL_SURFACE('',#2149,0.5);
#1903=CYLINDRICAL_SURFACE('',#2155,0.5);
#1904=CYLINDRICAL_SURFACE('',#2156,0.5);
#1905=CYLINDRICAL_SURFACE('',#2158,0.5);
#1906=CYLINDRICAL_SURFACE('',#2160,0.5);
#1907=CYLINDRICAL_SURFACE('',#2162,0.5);
#1908=CYLINDRICAL_SURFACE('',#2164,0.5);
#1909=CYLINDRICAL_SURFACE('',#2166,0.5);
#1910=CYLINDRICAL_SURFACE('',#2168,0.5);
#1911=CYLINDRICAL_SURFACE('',#2187,1.00000001490116);
#1912=CYLINDRICAL_SURFACE('',#2190,0.5);
#1913=CYLINDRICAL_SURFACE('',#2193,0.5);
#1914=CYLINDRICAL_SURFACE('',#2196,0.5);
#1915=CYLINDRICAL_SURFACE('',#2198,0.5);
#1916=CYLINDRICAL_SURFACE('',#2201,0.5);
#1917=CYLINDRICAL_SURFACE('',#2204,0.5);
#1918=CYLINDRICAL_SURFACE('',#2209,0.5);
#1919=CYLINDRICAL_SURFACE('',#2211,0.5);
#1920=CYLINDRICAL_SURFACE('',#2214,0.5);
#1921=CYLINDRICAL_SURFACE('',#2216,0.5);
#1922=CYLINDRICAL_SURFACE('',#2218,0.5);
#1923=CYLINDRICAL_SURFACE('',#2221,0.5);
#1924=CYLINDRICAL_SURFACE('',#2223,0.5);
#1925=CYLINDRICAL_SURFACE('',#2226,0.5);
#1926=CYLINDRICAL_SURFACE('',#2229,0.5);
#1927=CYLINDRICAL_SURFACE('',#2231,0.5);
#1928=CYLINDRICAL_SURFACE('',#2234,0.5);
#1929=CYLINDRICAL_SURFACE('',#2237,0.5);
#1930=CYLINDRICAL_SURFACE('',#2239,0.5);
#1931=CYLINDRICAL_SURFACE('',#2240,0.5);
#1932=CYLINDRICAL_SURFACE('',#2242,0.5);
#1933=CYLINDRICAL_SURFACE('',#2243,0.5);
#1934=CYLINDRICAL_SURFACE('',#2244,0.5);
#1935=CYLINDRICAL_SURFACE('',#2246,0.5);
#1936=CYLINDRICAL_SURFACE('',#2247,0.5);
#1937=CYLINDRICAL_SURFACE('',#2252,0.5);
#1938=CYLINDRICAL_SURFACE('',#2254,0.5);
#1939=CYLINDRICAL_SURFACE('',#2255,0.5);
#1940=CYLINDRICAL_SURFACE('',#2256,0.5);
#1941=CYLINDRICAL_SURFACE('',#2257,0.5);
#1942=CYLINDRICAL_SURFACE('',#2259,0.5);
#1943=CYLINDRICAL_SURFACE('',#2260,0.5);
#1944=CYLINDRICAL_SURFACE('',#2261,0.5);
#1945=CYLINDRICAL_SURFACE('',#2263,0.5);
#1946=CYLINDRICAL_SURFACE('',#2264,0.5);
#1947=CYLINDRICAL_SURFACE('',#2266,0.5);
#1948=CYLINDRICAL_SURFACE('',#2292,1.00000001490116);
#1949=ADVANCED_FACE('',(#95),#1875,.T.);
#1950=ADVANCED_FACE('',(#96),#1876,.T.);
#1951=ADVANCED_FACE('',(#97),#1877,.T.);
#1952=ADVANCED_FACE('',(#98),#1878,.T.);
#1953=ADVANCED_FACE('',(#99),#1879,.T.);
#1954=ADVANCED_FACE('',(#100),#1880,.T.);
#1955=ADVANCED_FACE('',(#101),#1881,.T.);
#1956=ADVANCED_FACE('',(#102),#1882,.T.);
#1957=ADVANCED_FACE('',(#103),#1883,.T.);
#1958=ADVANCED_FACE('',(#104),#1884,.T.);
#1959=ADVANCED_FACE('',(#105),#91,.T.);
#1960=ADVANCED_FACE('',(#106),#1885,.T.);
#1961=ADVANCED_FACE('',(#107),#1886,.T.);
#1962=ADVANCED_FACE('',(#108),#1887,.T.);
#1963=ADVANCED_FACE('',(#109),#1888,.T.);
#1964=ADVANCED_FACE('',(#110),#1889,.T.);
#1965=ADVANCED_FACE('',(#111),#1890,.T.);
#1966=ADVANCED_FACE('',(#112),#1891,.T.);
#1967=ADVANCED_FACE('',(#113),#1892,.T.);
#1968=ADVANCED_FACE('',(#114),#1893,.T.);
#1969=ADVANCED_FACE('',(#115),#1894,.T.);
#1970=ADVANCED_FACE('',(#116),#1895,.T.);
#1971=ADVANCED_FACE('',(#117),#1896,.T.);
#1972=ADVANCED_FACE('',(#118),#1897,.T.);
#1973=ADVANCED_FACE('',(#119),#1898,.T.);
#1974=ADVANCED_FACE('',(#120),#1899,.T.);
#1975=ADVANCED_FACE('',(#121),#1900,.T.);
#1976=ADVANCED_FACE('',(#122),#1901,.T.);
#1977=ADVANCED_FACE('',(#123),#1902,.T.);
#1978=ADVANCED_FACE('',(#124),#92,.T.);
#1979=ADVANCED_FACE('',(#125),#1903,.T.);
#1980=ADVANCED_FACE('',(#126),#1904,.T.);
#1981=ADVANCED_FACE('',(#127),#1905,.T.);
#1982=ADVANCED_FACE('',(#128),#1906,.T.);
#1983=ADVANCED_FACE('',(#129),#1907,.T.);
#1984=ADVANCED_FACE('',(#130),#1908,.T.);
#1985=ADVANCED_FACE('',(#131),#1909,.T.);
#1986=ADVANCED_FACE('',(#132),#1910,.T.);
#1987=ADVANCED_FACE('',(#133),#23,.T.);
#1988=ADVANCED_FACE('',(#134),#24,.T.);
#1989=ADVANCED_FACE('',(#135),#25,.T.);
#1990=ADVANCED_FACE('',(#136),#26,.T.);
#1991=ADVANCED_FACE('',(#137),#27,.T.);
#1992=ADVANCED_FACE('',(#138),#28,.T.);
#1993=ADVANCED_FACE('',(#139),#29,.T.);
#1994=ADVANCED_FACE('',(#140),#30,.T.);
#1995=ADVANCED_FACE('',(#141),#31,.T.);
#1996=ADVANCED_FACE('',(#142),#32,.T.);
#1997=ADVANCED_FACE('',(#143),#33,.T.);
#1998=ADVANCED_FACE('',(#144),#34,.T.);
#1999=ADVANCED_FACE('',(#145),#35,.T.);
#2000=ADVANCED_FACE('',(#146),#36,.T.);
#2001=ADVANCED_FACE('',(#147),#37,.T.);
#2002=ADVANCED_FACE('',(#148),#38,.T.);
#2003=ADVANCED_FACE('',(#149),#39,.T.);
#2004=ADVANCED_FACE('',(#150),#40,.T.);
#2005=ADVANCED_FACE('',(#151),#1911,.F.);
#2006=ADVANCED_FACE('',(#152,#21),#41,.T.);
#2007=ADVANCED_FACE('',(#153),#1912,.T.);
#2008=ADVANCED_FACE('',(#154),#1913,.T.);
#2009=ADVANCED_FACE('',(#155),#1914,.T.);
#2010=ADVANCED_FACE('',(#156),#1915,.T.);
#2011=ADVANCED_FACE('',(#157),#1916,.T.);
#2012=ADVANCED_FACE('',(#158),#1917,.T.);
#2013=ADVANCED_FACE('',(#159),#93,.T.);
#2014=ADVANCED_FACE('',(#160),#1918,.T.);
#2015=ADVANCED_FACE('',(#161),#1919,.T.);
#2016=ADVANCED_FACE('',(#162),#1920,.T.);
#2017=ADVANCED_FACE('',(#163),#1921,.T.);
#2018=ADVANCED_FACE('',(#164),#1922,.T.);
#2019=ADVANCED_FACE('',(#165),#1923,.T.);
#2020=ADVANCED_FACE('',(#166),#1924,.T.);
#2021=ADVANCED_FACE('',(#167),#1925,.T.);
#2022=ADVANCED_FACE('',(#168),#1926,.T.);
#2023=ADVANCED_FACE('',(#169),#1927,.T.);
#2024=ADVANCED_FACE('',(#170),#1928,.T.);
#2025=ADVANCED_FACE('',(#171),#1929,.T.);
#2026=ADVANCED_FACE('',(#172),#1930,.T.);
#2027=ADVANCED_FACE('',(#173),#1931,.T.);
#2028=ADVANCED_FACE('',(#174),#1932,.T.);
#2029=ADVANCED_FACE('',(#175),#1933,.T.);
#2030=ADVANCED_FACE('',(#176),#1934,.T.);
#2031=ADVANCED_FACE('',(#177),#1935,.T.);
#2032=ADVANCED_FACE('',(#178),#1936,.T.);
#2033=ADVANCED_FACE('',(#179),#94,.T.);
#2034=ADVANCED_FACE('',(#180),#1937,.T.);
#2035=ADVANCED_FACE('',(#181),#1938,.T.);
#2036=ADVANCED_FACE('',(#182),#1939,.T.);
#2037=ADVANCED_FACE('',(#183),#1940,.T.);
#2038=ADVANCED_FACE('',(#184),#1941,.T.);
#2039=ADVANCED_FACE('',(#185),#1942,.T.);
#2040=ADVANCED_FACE('',(#186),#1943,.T.);
#2041=ADVANCED_FACE('',(#187),#1944,.T.);
#2042=ADVANCED_FACE('',(#188),#1945,.T.);
#2043=ADVANCED_FACE('',(#189),#1946,.T.);
#2044=ADVANCED_FACE('',(#190),#1947,.T.);
#2045=ADVANCED_FACE('',(#191),#42,.T.);
#2046=ADVANCED_FACE('',(#192),#43,.T.);
#2047=ADVANCED_FACE('',(#193),#44,.T.);
#2048=ADVANCED_FACE('',(#194),#45,.T.);
#2049=ADVANCED_FACE('',(#195),#46,.T.);
#2050=ADVANCED_FACE('',(#196,#22),#47,.F.);
#2051=ADVANCED_FACE('',(#197),#48,.T.);
#2052=ADVANCED_FACE('',(#198),#49,.T.);
#2053=ADVANCED_FACE('',(#199),#50,.T.);
#2054=ADVANCED_FACE('',(#200),#51,.T.);
#2055=ADVANCED_FACE('',(#201),#52,.T.);
#2056=ADVANCED_FACE('',(#202),#53,.T.);
#2057=ADVANCED_FACE('',(#203),#54,.T.);
#2058=ADVANCED_FACE('',(#204),#55,.T.);
#2059=ADVANCED_FACE('',(#205),#56,.T.);
#2060=ADVANCED_FACE('',(#206),#57,.T.);
#2061=ADVANCED_FACE('',(#207),#58,.T.);
#2062=ADVANCED_FACE('',(#208),#59,.T.);
#2063=ADVANCED_FACE('',(#209),#60,.T.);
#2064=ADVANCED_FACE('',(#210),#17,.T.);
#2065=ADVANCED_FACE('',(#211),#61,.T.);
#2066=ADVANCED_FACE('',(#212),#18,.T.);
#2067=ADVANCED_FACE('',(#213),#62,.T.);
#2068=ADVANCED_FACE('',(#214),#63,.T.);
#2069=ADVANCED_FACE('',(#215),#15,.T.);
#2070=ADVANCED_FACE('',(#216),#19,.T.);
#2071=ADVANCED_FACE('',(#217),#64,.T.);
#2072=ADVANCED_FACE('',(#218),#20,.T.);
#2073=ADVANCED_FACE('',(#219),#65,.T.);
#2074=ADVANCED_FACE('',(#220),#66,.T.);
#2075=ADVANCED_FACE('',(#221),#1948,.F.);
#2076=ADVANCED_FACE('',(#222),#16,.T.);
#2077=CLOSED_SHELL('',(#1949,#1950,#1951,#1952,#1953,#1954,#1955,#1956,
#1957,#1958,#1959,#1960,#1961,#1962,#1963,#1964,#1965,#1966,#1967,#1968,
#1969,#1970,#1971,#1972,#1973,#1974,#1975,#1976,#1977,#1978,#1979,#1980,
#1981,#1982,#1983,#1984,#1985,#1986,#1987,#1988,#1989,#1990,#1991,#1992,
#1993,#1994,#1995,#1996,#1997,#1998,#1999,#2000,#2001,#2002,#2003,#2004,
#2005,#2006,#2007,#2008,#2009,#2010,#2011,#2012,#2013,#2014,#2015,#2016,
#2017,#2018,#2019,#2020,#2021,#2022,#2023,#2024,#2025,#2026,#2027,#2028,
#2029,#2030,#2031,#2032,#2033,#2034,#2035,#2036,#2037,#2038,#2039,#2040,
#2041,#2042,#2043,#2044,#2045,#2046,#2047,#2048,#2049,#2050,#2051,#2052,
#2053,#2054,#2055,#2056,#2057,#2058,#2059,#2060,#2061,#2062,#2063,#2064,
#2065,#2066,#2067,#2068,#2069,#2070,#2071,#2072,#2073,#2074,#2075,#2076));
#2078=DERIVED_UNIT_ELEMENT(#2080,1.);
#2079=DERIVED_UNIT_ELEMENT(#3817,-3.);
#2080=(
MASS_UNIT()
NAMED_UNIT(*)
SI_UNIT(.KILO.,.GRAM.)
);
#2081=DERIVED_UNIT((#2078,#2079));
#2082=MEASURE_REPRESENTATION_ITEM('density measure',
POSITIVE_RATIO_MEASURE(7850.),#2081);
#2083=PROPERTY_DEFINITION_REPRESENTATION(#2088,#2085);
#2084=PROPERTY_DEFINITION_REPRESENTATION(#2089,#2086);
#2085=REPRESENTATION('material name',(#2087),#3814);
#2086=REPRESENTATION('density',(#2082),#3814);
#2087=DESCRIPTIVE_REPRESENTATION_ITEM('Steel','Steel');
#2088=PROPERTY_DEFINITION('material property','material name',#3824);
#2089=PROPERTY_DEFINITION('material property','density of part',#3824);
#2090=AXIS2_PLACEMENT_3D('',#2901,#2293,#2294);
#2091=AXIS2_PLACEMENT_3D('',#2902,#2295,#2296);
#2092=AXIS2_PLACEMENT_3D('',#2907,#2298,#2299);
#2093=AXIS2_PLACEMENT_3D('',#2910,#2301,#2302);
#2094=AXIS2_PLACEMENT_3D('',#2911,#2303,#2304);
#2095=AXIS2_PLACEMENT_3D('',#2915,#2306,#2307);
#2096=AXIS2_PLACEMENT_3D('',#2917,#2309,#2310);
#2097=AXIS2_PLACEMENT_3D('',#2921,#2312,#2313);
#2098=AXIS2_PLACEMENT_3D('',#2923,#2315,#2316);
#2099=AXIS2_PLACEMENT_3D('',#2927,#2318,#2319);
#2100=AXIS2_PLACEMENT_3D('',#2929,#2321,#2322);
#2101=AXIS2_PLACEMENT_3D('',#2933,#2324,#2325);
#2102=AXIS2_PLACEMENT_3D('',#2935,#2327,#2328);
#2103=AXIS2_PLACEMENT_3D('',#2939,#2330,#2331);
#2104=AXIS2_PLACEMENT_3D('',#2941,#2333,#2334);
#2105=AXIS2_PLACEMENT_3D('',#2945,#2336,#2337);
#2106=AXIS2_PLACEMENT_3D('',#2947,#2339,#2340);
#2107=AXIS2_PLACEMENT_3D('',#2951,#2342,#2343);
#2108=AXIS2_PLACEMENT_3D('',#2953,#2345,#2346);
#2109=AXIS2_PLACEMENT_3D('',#2957,#2348,#2349);
#2110=AXIS2_PLACEMENT_3D('',#2959,#2351,#2352);
#2111=AXIS2_PLACEMENT_3D('',#2963,#2354,#2355);
#2112=AXIS2_PLACEMENT_3D('',#2965,#2357,#2358);
#2113=AXIS2_PLACEMENT_3D('',#2968,#2359,#2360);
#2114=AXIS2_PLACEMENT_3D('',#2970,#2361,#2362);
#2115=AXIS2_PLACEMENT_3D('',#2972,#2363,#2364);
#2116=AXIS2_PLACEMENT_3D('',#2989,#2365,#2366);
#2117=AXIS2_PLACEMENT_3D('',#2993,#2368,#2369);
#2118=AXIS2_PLACEMENT_3D('',#2995,#2371,#2372);
#2119=AXIS2_PLACEMENT_3D('',#2999,#2374,#2375);
#2120=AXIS2_PLACEMENT_3D('',#3001,#2377,#2378);
#2121=AXIS2_PLACEMENT_3D('',#3005,#2380,#2381);
#2122=AXIS2_PLACEMENT_3D('',#3007,#2383,#2384);
#2123=AXIS2_PLACEMENT_3D('',#3011,#2386,#2387);
#2124=AXIS2_PLACEMENT_3D('',#3013,#2389,#2390);
#2125=AXIS2_PLACEMENT_3D('',#3017,#2392,#2393);
#2126=AXIS2_PLACEMENT_3D('',#3019,#2395,#2396);
#2127=AXIS2_PLACEMENT_3D('',#3023,#2398,#2399);
#2128=AXIS2_PLACEMENT_3D('',#3025,#2401,#2402);
#2129=AXIS2_PLACEMENT_3D('',#3029,#2404,#2405);
#2130=AXIS2_PLACEMENT_3D('',#3031,#2407,#2408);
#2131=AXIS2_PLACEMENT_3D('',#3035,#2410,#2411);
#2132=AXIS2_PLACEMENT_3D('',#3037,#2413,#2414);
#2133=AXIS2_PLACEMENT_3D('',#3042,#2417,#2418);
#2134=AXIS2_PLACEMENT_3D('',#3043,#2419,#2420);
#2135=AXIS2_PLACEMENT_3D('',#3048,#2423,#2424);
#2136=AXIS2_PLACEMENT_3D('',#3049,#2425,#2426);
#2137=AXIS2_PLACEMENT_3D('',#3054,#2429,#2430);
#2138=AXIS2_PLACEMENT_3D('',#3055,#2431,#2432);
#2139=AXIS2_PLACEMENT_3D('',#3060,#2435,#2436);
#2140=AXIS2_PLACEMENT_3D('',#3061,#2437,#2438);
#2141=AXIS2_PLACEMENT_3D('',#3066,#2441,#2442);
#2142=AXIS2_PLACEMENT_3D('',#3067,#2443,#2444);
#2143=AXIS2_PLACEMENT_3D('',#3072,#2447,#2448);
#2144=AXIS2_PLACEMENT_3D('',#3073,#2449,#2450);
#2145=AXIS2_PLACEMENT_3D('',#3078,#2453,#2454);
#2146=AXIS2_PLACEMENT_3D('',#3079,#2455,#2456);
#2147=AXIS2_PLACEMENT_3D('',#3084,#2459,#2460);
#2148=AXIS2_PLACEMENT_3D('',#3085,#2461,#2462);
#2149=AXIS2_PLACEMENT_3D('',#3088,#2465,#2466);
#2150=AXIS2_PLACEMENT_3D('',#3093,#2469,#2470);
#2151=AXIS2_PLACEMENT_3D('',#3094,#2471,#2472);
#2152=AXIS2_PLACEMENT_3D('',#3097,#2473,#2474);
#2153=AXIS2_PLACEMENT_3D('',#3099,#2475,#2476);
#2154=AXIS2_PLACEMENT_3D('',#3101,#2477,#2478);
#2155=AXIS2_PLACEMENT_3D('',#3114,#2479,#2480);
#2156=AXIS2_PLACEMENT_3D('',#3117,#2483,#2484);
#2157=AXIS2_PLACEMENT_3D('',#3122,#2487,#2488);
#2158=AXIS2_PLACEMENT_3D('',#3123,#2489,#2490);
#2159=AXIS2_PLACEMENT_3D('',#3128,#2493,#2494);
#2160=AXIS2_PLACEMENT_3D('',#3129,#2495,#2496);
#2161=AXIS2_PLACEMENT_3D('',#3134,#2499,#2500);
#2162=AXIS2_PLACEMENT_3D('',#3135,#2501,#2502);
#2163=AXIS2_PLACEMENT_3D('',#3140,#2505,#2506);
#2164=AXIS2_PLACEMENT_3D('',#3141,#2507,#2508);
#2165=AXIS2_PLACEMENT_3D('',#3146,#2511,#2512);
#2166=AXIS2_PLACEMENT_3D('',#3147,#2513,#2514);
#2167=AXIS2_PLACEMENT_3D('',#3152,#2517,#2518);
#2168=AXIS2_PLACEMENT_3D('',#3153,#2519,#2520);
#2169=AXIS2_PLACEMENT_3D('',#3156,#2523,#2524);
#2170=AXIS2_PLACEMENT_3D('',#3162,#2528,#2529);
#2171=AXIS2_PLACEMENT_3D('',#3166,#2532,#2533);
#2172=AXIS2_PLACEMENT_3D('',#3170,#2536,#2537);
#2173=AXIS2_PLACEMENT_3D('',#3174,#2540,#2541);
#2174=AXIS2_PLACEMENT_3D('',#3178,#2544,#2545);
#2175=AXIS2_PLACEMENT_3D('',#3182,#2548,#2549);
#2176=AXIS2_PLACEMENT_3D('',#3186,#2552,#2553);
#2177=AXIS2_PLACEMENT_3D('',#3190,#2556,#2557);
#2178=AXIS2_PLACEMENT_3D('',#3194,#2560,#2561);
#2179=AXIS2_PLACEMENT_3D('',#3198,#2564,#2565);
#2180=AXIS2_PLACEMENT_3D('',#3202,#2568,#2569);
#2181=AXIS2_PLACEMENT_3D('',#3206,#2572,#2573);
#2182=AXIS2_PLACEMENT_3D('',#3210,#2576,#2577);
#2183=AXIS2_PLACEMENT_3D('',#3214,#2580,#2581);
#2184=AXIS2_PLACEMENT_3D('',#3218,#2584,#2585);
#2185=AXIS2_PLACEMENT_3D('',#3222,#2588,#2589);
#2186=AXIS2_PLACEMENT_3D('',#3226,#2592,#2593);
#2187=AXIS2_PLACEMENT_3D('',#3230,#2596,#2597);
#2188=AXIS2_PLACEMENT_3D('',#3233,#2599,#2600);
#2189=AXIS2_PLACEMENT_3D('',#3234,#2601,#2602);
#2190=AXIS2_PLACEMENT_3D('',#3261,#2605,#2606);
#2191=AXIS2_PLACEMENT_3D('',#3266,#2608,#2609);
#2192=AXIS2_PLACEMENT_3D('',#3269,#2611,#2612);
#2193=AXIS2_PLACEMENT_3D('',#3270,#2613,#2614);
#2194=AXIS2_PLACEMENT_3D('',#3275,#2616,#2617);
#2195=AXIS2_PLACEMENT_3D('',#3278,#2619,#2620);
#2196=AXIS2_PLACEMENT_3D('',#3279,#2621,#2622);
#2197=AXIS2_PLACEMENT_3D('',#3283,#2624,#2625);
#2198=AXIS2_PLACEMENT_3D('',#3285,#2627,#2628);
#2199=AXIS2_PLACEMENT_3D('',#3290,#2630,#2631);
#2200=AXIS2_PLACEMENT_3D('',#3293,#2633,#2634);
#2201=AXIS2_PLACEMENT_3D('',#3294,#2635,#2636);
#2202=AXIS2_PLACEMENT_3D('',#3299,#2638,#2639);
#2203=AXIS2_PLACEMENT_3D('',#3302,#2641,#2642);
#2204=AXIS2_PLACEMENT_3D('',#3303,#2643,#2644);
#2205=AXIS2_PLACEMENT_3D('',#3307,#2646,#2647);
#2206=AXIS2_PLACEMENT_3D('',#3309,#2649,#2650);
#2207=AXIS2_PLACEMENT_3D('',#3312,#2651,#2652);
#2208=AXIS2_PLACEMENT_3D('',#3313,#2653,#2654);
#2209=AXIS2_PLACEMENT_3D('',#3328,#2655,#2656);
#2210=AXIS2_PLACEMENT_3D('',#3331,#2658,#2659);
#2211=AXIS2_PLACEMENT_3D('',#3332,#2660,#2661);
#2212=AXIS2_PLACEMENT_3D('',#3337,#2663,#2664);
#2213=AXIS2_PLACEMENT_3D('',#3340,#2666,#2667);
#2214=AXIS2_PLACEMENT_3D('',#3341,#2668,#2669);
#2215=AXIS2_PLACEMENT_3D('',#3344,#2671,#2672);
#2216=AXIS2_PLACEMENT_3D('',#3345,#2673,#2674);
#2217=AXIS2_PLACEMENT_3D('',#3349,#2676,#2677);
#2218=AXIS2_PLACEMENT_3D('',#3351,#2679,#2680);
#2219=AXIS2_PLACEMENT_3D('',#3355,#2682,#2683);
#2220=AXIS2_PLACEMENT_3D('',#3356,#2684,#2685);
#2221=AXIS2_PLACEMENT_3D('',#3357,#2686,#2687);
#2222=AXIS2_PLACEMENT_3D('',#3360,#2689,#2690);
#2223=AXIS2_PLACEMENT_3D('',#3361,#2691,#2692);
#2224=AXIS2_PLACEMENT_3D('',#3365,#2694,#2695);
#2225=AXIS2_PLACEMENT_3D('',#3366,#2696,#2697);
#2226=AXIS2_PLACEMENT_3D('',#3367,#2698,#2699);
#2227=AXIS2_PLACEMENT_3D('',#3369,#2700,#2701);
#2228=AXIS2_PLACEMENT_3D('',#3372,#2703,#2704);
#2229=AXIS2_PLACEMENT_3D('',#3373,#2705,#2706);
#2230=AXIS2_PLACEMENT_3D('',#3376,#2708,#2709);
#2231=AXIS2_PLACEMENT_3D('',#3377,#2710,#2711);
#2232=AXIS2_PLACEMENT_3D('',#3381,#2713,#2714);
#2233=AXIS2_PLACEMENT_3D('',#3382,#2715,#2716);
#2234=AXIS2_PLACEMENT_3D('',#3383,#2717,#2718);
#2235=AXIS2_PLACEMENT_3D('',#3385,#2719,#2720);
#2236=AXIS2_PLACEMENT_3D('',#3388,#2722,#2723);
#2237=AXIS2_PLACEMENT_3D('',#3389,#2724,#2725);
#2238=AXIS2_PLACEMENT_3D('',#3392,#2727,#2728);
#2239=AXIS2_PLACEMENT_3D('',#3393,#2729,#2730);
#2240=AXIS2_PLACEMENT_3D('',#3395,#2732,#2733);
#2241=AXIS2_PLACEMENT_3D('',#3398,#2735,#2736);
#2242=AXIS2_PLACEMENT_3D('',#3399,#2737,#2738);
#2243=AXIS2_PLACEMENT_3D('',#3401,#2740,#2741);
#2244=AXIS2_PLACEMENT_3D('',#3403,#2743,#2744);
#2245=AXIS2_PLACEMENT_3D('',#3406,#2746,#2747);
#2246=AXIS2_PLACEMENT_3D('',#3407,#2748,#2749);
#2247=AXIS2_PLACEMENT_3D('',#3409,#2751,#2752);
#2248=AXIS2_PLACEMENT_3D('',#3428,#2754,#2755);
#2249=AXIS2_PLACEMENT_3D('',#3430,#2756,#2757);
#2250=AXIS2_PLACEMENT_3D('',#3432,#2758,#2759);
#2251=AXIS2_PLACEMENT_3D('',#3433,#2760,#2761);
#2252=AXIS2_PLACEMENT_3D('',#3434,#2762,#2763);
#2253=AXIS2_PLACEMENT_3D('',#3439,#2766,#2767);
#2254=AXIS2_PLACEMENT_3D('',#3440,#2768,#2769);
#2255=AXIS2_PLACEMENT_3D('',#3443,#2772,#2773);
#2256=AXIS2_PLACEMENT_3D('',#3445,#2775,#2776);
#2257=AXIS2_PLACEMENT_3D('',#3448,#2779,#2780);
#2258=AXIS2_PLACEMENT_3D('',#3453,#2783,#2784);
#2259=AXIS2_PLACEMENT_3D('',#3454,#2785,#2786);
#2260=AXIS2_PLACEMENT_3D('',#3457,#2789,#2790);
#2261=AXIS2_PLACEMENT_3D('',#3460,#2793,#2794);
#2262=AXIS2_PLACEMENT_3D('',#3465,#2797,#2798);
#2263=AXIS2_PLACEMENT_3D('',#3466,#2799,#2800);
#2264=AXIS2_PLACEMENT_3D('',#3469,#2803,#2804);
#2265=AXIS2_PLACEMENT_3D('',#3474,#2807,#2808);
#2266=AXIS2_PLACEMENT_3D('',#3475,#2809,#2810);
#2267=AXIS2_PLACEMENT_3D('',#3478,#2813,#2814);
#2268=AXIS2_PLACEMENT_3D('',#3481,#2817,#2818);
#2269=AXIS2_PLACEMENT_3D('',#3483,#2820,#2821);
#2270=AXIS2_PLACEMENT_3D('',#3485,#2823,#2824);
#2271=AXIS2_PLACEMENT_3D('',#3487,#2826,#2827);
#2272=AXIS2_PLACEMENT_3D('',#3488,#2828,#2829);
#2273=AXIS2_PLACEMENT_3D('',#3515,#2832,#2833);
#2274=AXIS2_PLACEMENT_3D('',#3518,#2836,#2837);
#2275=AXIS2_PLACEMENT_3D('',#3520,#2839,#2840);
#2276=AXIS2_PLACEMENT_3D('',#3522,#2842,#2843);
#2277=AXIS2_PLACEMENT_3D('',#3523,#2844,#2845);
#2278=AXIS2_PLACEMENT_3D('',#3526,#2848,#2849);
#2279=AXIS2_PLACEMENT_3D('',#3528,#2851,#2852);
#2280=AXIS2_PLACEMENT_3D('',#3530,#2854,#2855);
#2281=AXIS2_PLACEMENT_3D('',#3532,#2857,#2858);
#2282=AXIS2_PLACEMENT_3D('',#3535,#2861,#2862);
#2283=AXIS2_PLACEMENT_3D('',#3536,#2863,#2864);
#2284=AXIS2_PLACEMENT_3D('',#3538,#2866,#2867);
#2285=AXIS2_PLACEMENT_3D('',#3540,#2869,#2870);
#2286=AXIS2_PLACEMENT_3D('',#3595,#2873,#2874);
#2287=AXIS2_PLACEMENT_3D('',#3651,#2878,#2879);
#2288=AXIS2_PLACEMENT_3D('',#3653,#2881,#2882);
#2289=AXIS2_PLACEMENT_3D('',#3733,#2889,#2890);
#2290=AXIS2_PLACEMENT_3D('',#3788,#2894,#2895);
#2291=AXIS2_PLACEMENT_3D('',#3789,#2896,#2897);
#2292=AXIS2_PLACEMENT_3D('',#3791,#2899,#2900);
#2293=DIRECTION('axis',(0.,0.,1.));
#2294=DIRECTION('refdir',(1.,0.,0.));
#2295=DIRECTION('center_axis',(0.707106163471319,-0.707107398901236,0.));
#2296=DIRECTION('ref_axis',(-0.500000436790243,-0.499999563209389,0.707106781186538));
#2297=DIRECTION('',(-0.707106163471319,0.707107398901236,0.));
#2298=DIRECTION('center_axis',(0.923879365358729,-0.382683835906812,0.));
#2299=DIRECTION('ref_axis',(0.382683835906812,0.923879365358729,0.));
#2300=DIRECTION('',(0.707106163471319,-0.707107398901236,0.));
#2301=DIRECTION('center_axis',(0.999999999999618,-8.73580879238419E-7,0.));
#2302=DIRECTION('ref_axis',(-8.73580879238419E-7,-0.999999999999618,0.));
#2303=DIRECTION('center_axis',(1.,0.,0.));
#2304=DIRECTION('ref_axis',(0.,-0.70710678118654,0.707106781186555));
#2305=DIRECTION('',(-1.,0.,0.));
#2306=DIRECTION('center_axis',(0.923879699663663,0.382683028823306,0.));
#2307=DIRECTION('ref_axis',(-0.382683028823306,0.923879699663664,0.));
#2308=DIRECTION('',(1.,0.,0.));
#2309=DIRECTION('center_axis',(0.707107398901236,0.70710616347132,0.));
#2310=DIRECTION('ref_axis',(0.49999956320937,-0.50000043679025,0.707106781186546));
#2311=DIRECTION('',(-0.707107398901236,-0.70710616347132,0.));
#2312=DIRECTION('center_axis',(0.999999999999618,-8.73580879238419E-7,0.));
#2313=DIRECTION('ref_axis',(-8.73580879238419E-7,-0.999999999999618,0.));
#2314=DIRECTION('',(0.707107398901236,0.70710616347132,0.));
#2315=DIRECTION('center_axis',(0.707106163471319,-0.707107398901236,0.));
#2316=DIRECTION('ref_axis',(-0.50000043679025,-0.49999956320937,0.707106781186546));
#2317=DIRECTION('',(-0.707106163471319,0.707107398901236,0.));
#2318=DIRECTION('center_axis',(0.923879365358735,-0.382683835906798,0.));
#2319=DIRECTION('ref_axis',(0.382683835906798,0.923879365358735,0.));
#2320=DIRECTION('',(0.707106163471319,-0.707107398901236,0.));
#2321=DIRECTION('center_axis',(1.,0.,0.));
#2322=DIRECTION('ref_axis',(0.,-0.70710678118654,0.707106781186555));
#2323=DIRECTION('',(-1.,0.,0.));
#2324=DIRECTION('center_axis',(0.923879699663658,0.38268302882332,0.));
#2325=DIRECTION('ref_axis',(-0.38268302882332,0.923879699663658,0.));
#2326=DIRECTION('',(1.,0.,0.));
#2327=DIRECTION('center_axis',(0.707107398901236,0.70710616347132,0.));
#2328=DIRECTION('ref_axis',(0.49999956320938,-0.500000436790247,0.707106781186542));
#2329=DIRECTION('',(-0.707107398901236,-0.70710616347132,0.));
#2330=DIRECTION('center_axis',(0.999999999999618,-8.73580866677679E-7,0.));
#2331=DIRECTION('ref_axis',(-8.73580866677679E-7,-0.999999999999618,0.));
#2332=DIRECTION('',(0.707107398901236,0.70710616347132,0.));
#2333=DIRECTION('center_axis',(0.707106163471319,-0.707107398901236,0.));
#2334=DIRECTION('ref_axis',(-0.50000043679024,-0.499999563209374,0.707106781186551));
#2335=DIRECTION('',(-0.707106163471319,0.707107398901236,0.));
#2336=DIRECTION('center_axis',(0.923879365358732,-0.382683835906805,0.));
#2337=DIRECTION('ref_axis',(0.382683835906805,0.923879365358732,0.));
#2338=DIRECTION('',(0.707106163471319,-0.707107398901236,0.));
#2339=DIRECTION('center_axis',(1.,0.,0.));
#2340=DIRECTION('ref_axis',(0.,-0.70710678118654,0.707106781186555));
#2341=DIRECTION('',(-1.,0.,0.));
#2342=DIRECTION('center_axis',(0.923879699663655,0.382683028823327,0.));
#2343=DIRECTION('ref_axis',(-0.382683028823327,0.923879699663655,0.));
#2344=DIRECTION('',(1.,0.,0.));
#2345=DIRECTION('center_axis',(0.707107398901236,0.70710616347132,0.));
#2346=DIRECTION('ref_axis',(0.49999956320937,-0.50000043679025,0.707106781186546));
#2347=DIRECTION('',(-0.707107398901236,-0.70710616347132,0.));
#2348=DIRECTION('center_axis',(0.999999999999618,-8.73580866677679E-7,0.));
#2349=DIRECTION('ref_axis',(-8.73580866677679E-7,-0.999999999999618,0.));
#2350=DIRECTION('',(0.707107398901236,0.70710616347132,0.));
#2351=DIRECTION('center_axis',(0.707106163471319,-0.707107398901236,0.));
#2352=DIRECTION('ref_axis',(-0.50000043679024,-0.499999563209374,0.707106781186551));
#2353=DIRECTION('',(-0.707106163471319,0.707107398901236,0.));
#2354=DIRECTION('center_axis',(0.923879365358735,-0.382683835906798,0.));
#2355=DIRECTION('ref_axis',(0.382683835906798,0.923879365358735,0.));
#2356=DIRECTION('',(0.707106163471319,-0.707107398901236,0.));
#2357=DIRECTION('center_axis',(0.,0.,-1.));
#2358=DIRECTION('ref_axis',(-1.,0.,0.));
#2359=DIRECTION('center_axis',(0.,0.,-1.));
#2360=DIRECTION('ref_axis',(-1.,0.,0.));
#2361=DIRECTION('center_axis',(-1.,0.,0.));
#2362=DIRECTION('ref_axis',(0.,-1.,0.));
#2363=DIRECTION('center_axis',(0.,0.,1.));
#2364=DIRECTION('ref_axis',(-1.,0.,0.));
#2365=DIRECTION('center_axis',(-0.707107398901238,-0.707106163471317,0.));
#2366=DIRECTION('ref_axis',(-0.49999956320937,0.50000043679025,0.707106781186546));
#2367=DIRECTION('',(0.707107398901238,0.707106163471317,0.));
#2368=DIRECTION('center_axis',(-0.999999999999618,8.73580872958049E-7,0.));
#2369=DIRECTION('ref_axis',(8.73580872958049E-7,0.999999999999618,0.));
#2370=DIRECTION('',(-0.707107398901238,-0.707106163471317,0.));
#2371=DIRECTION('center_axis',(-0.707106163471318,0.707107398901238,0.));
#2372=DIRECTION('ref_axis',(0.50000043679024,0.499999563209374,0.707106781186551));
#2373=DIRECTION('',(0.707106163471318,-0.707107398901238,0.));
#2374=DIRECTION('center_axis',(-0.923879365358732,0.382683835906805,0.));
#2375=DIRECTION('ref_axis',(-0.382683835906805,-0.923879365358732,0.));
#2376=DIRECTION('',(-0.707106163471318,0.707107398901238,0.));
#2377=DIRECTION('center_axis',(-1.,0.,0.));
#2378=DIRECTION('ref_axis',(0.,0.70710678118654,0.707106781186555));
#2379=DIRECTION('',(1.,0.,0.));
#2380=DIRECTION('center_axis',(-0.923879699663652,-0.382683028823334,0.));
#2381=DIRECTION('ref_axis',(0.382683028823334,-0.923879699663652,0.));
#2382=DIRECTION('',(-1.,0.,0.));
#2383=DIRECTION('center_axis',(-0.707107398901238,-0.707106163471317,0.));
#2384=DIRECTION('ref_axis',(-0.49999956320938,0.500000436790247,0.707106781186542));
#2385=DIRECTION('',(0.707107398901238,0.707106163471317,0.));
#2386=DIRECTION('center_axis',(-0.999999999999618,8.73580872958049E-7,0.));
#2387=DIRECTION('ref_axis',(8.73580872958049E-7,0.999999999999618,0.));
#2388=DIRECTION('',(-0.707107398901238,-0.707106163471317,0.));
#2389=DIRECTION('center_axis',(-0.707106163471318,0.707107398901238,0.));
#2390=DIRECTION('ref_axis',(0.50000043679024,0.499999563209374,0.707106781186551));
#2391=DIRECTION('',(0.707106163471318,-0.707107398901238,0.));
#2392=DIRECTION('center_axis',(-0.923879365358738,0.382683835906791,0.));
#2393=DIRECTION('ref_axis',(-0.382683835906791,-0.923879365358738,0.));
#2394=DIRECTION('',(-0.707106163471318,0.707107398901238,0.));
#2395=DIRECTION('center_axis',(-1.,0.,0.));
#2396=DIRECTION('ref_axis',(0.,0.70710678118654,0.707106781186555));
#2397=DIRECTION('',(1.,0.,0.));
#2398=DIRECTION('center_axis',(-0.923879699663661,-0.382683028823313,0.));
#2399=DIRECTION('ref_axis',(0.382683028823313,-0.92387969966366,0.));
#2400=DIRECTION('',(-1.,0.,0.));
#2401=DIRECTION('center_axis',(-0.707107398901238,-0.707106163471317,0.));
#2402=DIRECTION('ref_axis',(-0.49999956320937,0.50000043679025,0.707106781186546));
#2403=DIRECTION('',(0.707107398901238,0.707106163471317,0.));
#2404=DIRECTION('center_axis',(-0.999999999999618,8.73580879238419E-7,0.));
#2405=DIRECTION('ref_axis',(8.73580879238419E-7,0.999999999999618,0.));
#2406=DIRECTION('',(-0.707107398901238,-0.707106163471317,0.));
#2407=DIRECTION('center_axis',(-0.707106163471318,0.707107398901238,0.));
#2408=DIRECTION('ref_axis',(0.50000043679025,0.49999956320937,0.707106781186546));
#2409=DIRECTION('',(0.707106163471318,-0.707107398901238,0.));
#2410=DIRECTION('center_axis',(-0.923879365358729,0.382683835906812,0.));
#2411=DIRECTION('ref_axis',(-0.382683835906812,-0.923879365358729,0.));
#2412=DIRECTION('',(-0.707106163471318,0.707107398901238,0.));
#2413=DIRECTION('center_axis',(-1.,0.,0.));
#2414=DIRECTION('ref_axis',(0.,0.70710678118654,0.707106781186555));
#2415=DIRECTION('',(-1.,0.,0.));
#2416=DIRECTION('',(1.,0.,0.));
#2417=DIRECTION('center_axis',(-0.923879699663663,-0.382683028823306,0.));
#2418=DIRECTION('ref_axis',(0.382683028823306,-0.923879699663664,0.));
#2419=DIRECTION('center_axis',(-0.707107398901238,-0.707106163471317,0.));
#2420=DIRECTION('ref_axis',(-0.49999956320937,0.50000043679025,0.707106781186546));
#2421=DIRECTION('',(-0.707107398901238,-0.707106163471317,0.));
#2422=DIRECTION('',(0.707107398901238,0.707106163471317,0.));
#2423=DIRECTION('center_axis',(-0.999999999999618,8.73580879238419E-7,0.));
#2424=DIRECTION('ref_axis',(8.73580879238419E-7,0.999999999999618,0.));
#2425=DIRECTION('center_axis',(-0.707106163471318,0.707107398901238,0.));
#2426=DIRECTION('ref_axis',(0.50000043679025,0.49999956320937,0.707106781186546));
#2427=DIRECTION('',(-0.707106163471318,0.707107398901238,0.));
#2428=DIRECTION('',(0.707106163471318,-0.707107398901238,0.));
#2429=DIRECTION('center_axis',(-0.923879365358729,0.382683835906812,0.));
#2430=DIRECTION('ref_axis',(-0.382683835906812,-0.923879365358729,0.));
#2431=DIRECTION('center_axis',(-1.,0.,0.));
#2432=DIRECTION('ref_axis',(0.,0.70710678118654,0.707106781186555));
#2433=DIRECTION('',(-1.,0.,0.));
#2434=DIRECTION('',(1.,0.,0.));
#2435=DIRECTION('center_axis',(-0.923879699663663,-0.382683028823306,0.));
#2436=DIRECTION('ref_axis',(0.382683028823306,-0.923879699663664,0.));
#2437=DIRECTION('center_axis',(-0.707107398901238,-0.707106163471317,0.));
#2438=DIRECTION('ref_axis',(-0.49999956320937,0.50000043679025,0.707106781186546));
#2439=DIRECTION('',(-0.707107398901238,-0.707106163471317,0.));
#2440=DIRECTION('',(0.707107398901238,0.707106163471317,0.));
#2441=DIRECTION('center_axis',(-0.999999999999618,8.73580866677679E-7,0.));
#2442=DIRECTION('ref_axis',(8.73580866677679E-7,0.999999999999618,0.));
#2443=DIRECTION('center_axis',(-0.707106163471318,0.707107398901238,0.));
#2444=DIRECTION('ref_axis',(0.50000043679025,0.49999956320937,0.707106781186546));
#2445=DIRECTION('',(-0.707106163471318,0.707107398901238,0.));
#2446=DIRECTION('',(0.707106163471318,-0.707107398901238,0.));
#2447=DIRECTION('center_axis',(-0.923879365358729,0.382683835906812,0.));
#2448=DIRECTION('ref_axis',(-0.382683835906812,-0.923879365358729,0.));
#2449=DIRECTION('center_axis',(-1.,0.,0.));
#2450=DIRECTION('ref_axis',(0.,0.70710678118654,0.707106781186555));
#2451=DIRECTION('',(-1.,0.,0.));
#2452=DIRECTION('',(1.,0.,0.));
#2453=DIRECTION('center_axis',(-0.923879699663652,-0.382683028823334,0.));
#2454=DIRECTION('ref_axis',(0.382683028823334,-0.923879699663652,0.));
#2455=DIRECTION('center_axis',(-0.707107398901238,-0.707106163471317,0.));
#2456=DIRECTION('ref_axis',(-0.499999563209389,0.500000436790243,0.707106781186538));
#2457=DIRECTION('',(-0.707107398901238,-0.707106163471317,0.));
#2458=DIRECTION('',(0.707107398901238,0.707106163471317,0.));
#2459=DIRECTION('center_axis',(-0.999999999999618,8.73580866677668E-7,0.));
#2460=DIRECTION('ref_axis',(8.73580866677668E-7,0.999999999999618,0.));
#2461=DIRECTION('center_axis',(1.,0.,0.));
#2462=DIRECTION('ref_axis',(0.,-0.70710678118654,0.707106781186555));
#2463=DIRECTION('',(-1.,0.,0.));
#2464=DIRECTION('',(1.,0.,0.));
#2465=DIRECTION('center_axis',(-0.707106163471318,0.707107398901238,0.));
#2466=DIRECTION('ref_axis',(0.50000043679025,0.49999956320937,0.707106781186546));
#2467=DIRECTION('',(-0.707106163471318,0.707107398901238,0.));
#2468=DIRECTION('',(0.707106163471318,-0.707107398901238,0.));
#2469=DIRECTION('center_axis',(-0.923879365358735,0.382683835906798,0.));
#2470=DIRECTION('ref_axis',(-0.382683835906798,-0.923879365358735,0.));
#2471=DIRECTION('center_axis',(0.,0.,-1.));
#2472=DIRECTION('ref_axis',(0.997194981704253,0.0748476349917238,0.));
#2473=DIRECTION('center_axis',(0.,0.,-1.));
#2474=DIRECTION('ref_axis',(1.,0.,0.));
#2475=DIRECTION('center_axis',(1.,0.,0.));
#2476=DIRECTION('ref_axis',(0.,1.,0.));
#2477=DIRECTION('center_axis',(0.,0.,1.));
#2478=DIRECTION('ref_axis',(1.,0.,0.));
#2479=DIRECTION('center_axis',(-1.,0.,0.));
#2480=DIRECTION('ref_axis',(0.,0.70710678118654,0.707106781186555));
#2481=DIRECTION('',(1.,0.,0.));
#2482=DIRECTION('',(-1.,0.,0.));
#2483=DIRECTION('center_axis',(0.707107398901236,0.70710616347132,0.));
#2484=DIRECTION('ref_axis',(0.499999563209377,-0.500000436790231,0.707106781186555));
#2485=DIRECTION('',(0.707107398901236,0.70710616347132,0.));
#2486=DIRECTION('',(-0.707107398901236,-0.70710616347132,0.));
#2487=DIRECTION('center_axis',(0.999999999999618,-8.73580879238419E-7,0.));
#2488=DIRECTION('ref_axis',(-8.73580879238419E-7,-0.999999999999618,0.));
#2489=DIRECTION('center_axis',(0.707106163471319,-0.707107398901236,0.));
#2490=DIRECTION('ref_axis',(-0.50000043679025,-0.49999956320937,0.707106781186546));
#2491=DIRECTION('',(0.707106163471319,-0.707107398901236,0.));
#2492=DIRECTION('',(-0.707106163471319,0.707107398901236,0.));
#2493=DIRECTION('center_axis',(0.923879365358729,-0.382683835906812,0.));
#2494=DIRECTION('ref_axis',(0.382683835906812,0.923879365358729,0.));
#2495=DIRECTION('center_axis',(1.,0.,0.));
#2496=DIRECTION('ref_axis',(0.,-0.70710678118654,0.707106781186555));
#2497=DIRECTION('',(1.,0.,0.));
#2498=DIRECTION('',(-1.,0.,0.));
#2499=DIRECTION('center_axis',(0.923879699663663,0.382683028823306,0.));
#2500=DIRECTION('ref_axis',(-0.382683028823306,0.923879699663664,0.));
#2501=DIRECTION('center_axis',(0.707107398901236,0.70710616347132,0.));
#2502=DIRECTION('ref_axis',(0.499999563209389,-0.500000436790243,0.707106781186538));
#2503=DIRECTION('',(0.707107398901236,0.70710616347132,0.));
#2504=DIRECTION('',(-0.707107398901236,-0.70710616347132,0.));
#2505=DIRECTION('center_axis',(0.999999999999618,-8.73580866677679E-7,0.));
#2506=DIRECTION('ref_axis',(-8.73580866677679E-7,-0.999999999999618,0.));
#2507=DIRECTION('center_axis',(0.707106163471319,-0.707107398901236,0.));
#2508=DIRECTION('ref_axis',(-0.50000043679025,-0.49999956320937,0.707106781186546));
#2509=DIRECTION('',(0.707106163471319,-0.707107398901236,0.));
#2510=DIRECTION('',(-0.707106163471319,0.707107398901236,0.));
#2511=DIRECTION('center_axis',(0.923879365358735,-0.382683835906798,-1.64113942943575E-14));
#2512=DIRECTION('ref_axis',(0.382683835906798,0.923879365358735,-3.96205617344543E-14));
#2513=DIRECTION('center_axis',(1.,0.,0.));
#2514=DIRECTION('ref_axis',(0.,-0.70710678118654,0.707106781186555));
#2515=DIRECTION('',(1.,0.,0.));
#2516=DIRECTION('',(-1.,0.,0.));
#2517=DIRECTION('center_axis',(0.923879699663663,0.382683028823306,0.));
#2518=DIRECTION('ref_axis',(-0.382683028823306,0.923879699663664,0.));
#2519=DIRECTION('center_axis',(0.707107398901236,0.70710616347132,0.));
#2520=DIRECTION('ref_axis',(0.49999956320937,-0.50000043679025,0.707106781186546));
#2521=DIRECTION('',(0.707107398901236,0.70710616347132,0.));
#2522=DIRECTION('',(-0.707107398901236,-0.70710616347132,0.));
#2523=DIRECTION('center_axis',(-0.707106163471317,0.707107398901238,0.));
#2524=DIRECTION('ref_axis',(-0.707107398901238,-0.707106163471317,0.));
#2525=DIRECTION('',(0.,0.,1.));
#2526=DIRECTION('',(0.707107398901238,0.707106163471317,0.));
#2527=DIRECTION('',(0.,0.,1.));
#2528=DIRECTION('center_axis',(0.707107398901238,0.707106163471318,0.));
#2529=DIRECTION('ref_axis',(-0.707106163471318,0.707107398901238,0.));
#2530=DIRECTION('',(0.,0.,1.));
#2531=DIRECTION('',(0.707106163471318,-0.707107398901238,0.));
#2532=DIRECTION('center_axis',(0.,1.,0.));
#2533=DIRECTION('ref_axis',(-1.,0.,0.));
#2534=DIRECTION('',(0.,0.,-1.));
#2535=DIRECTION('',(1.,0.,0.));
#2536=DIRECTION('center_axis',(-0.707106163471317,0.707107398901238,0.));
#2537=DIRECTION('ref_axis',(-0.707107398901238,-0.707106163471317,0.));
#2538=DIRECTION('',(0.,0.,1.));
#2539=DIRECTION('',(0.707107398901238,0.707106163471317,0.));
#2540=DIRECTION('center_axis',(0.707107398901238,0.707106163471318,0.));
#2541=DIRECTION('ref_axis',(-0.707106163471318,0.707107398901238,0.));
#2542=DIRECTION('',(0.,0.,1.));
#2543=DIRECTION('',(0.707106163471318,-0.707107398901238,0.));
#2544=DIRECTION('center_axis',(0.,1.,0.));
#2545=DIRECTION('ref_axis',(-1.,0.,0.));
#2546=DIRECTION('',(0.,0.,-1.));
#2547=DIRECTION('',(1.,0.,0.));
#2548=DIRECTION('center_axis',(-0.707106163471317,0.707107398901238,0.));
#2549=DIRECTION('ref_axis',(-0.707107398901238,-0.707106163471317,0.));
#2550=DIRECTION('',(0.,0.,1.));
#2551=DIRECTION('',(0.707107398901238,0.707106163471317,0.));
#2552=DIRECTION('center_axis',(0.707107398901238,0.707106163471318,0.));
#2553=DIRECTION('ref_axis',(-0.707106163471318,0.707107398901238,0.));
#2554=DIRECTION('',(0.,0.,1.));
#2555=DIRECTION('',(0.707106163471318,-0.707107398901238,0.));
#2556=DIRECTION('center_axis',(0.,1.,0.));
#2557=DIRECTION('ref_axis',(-1.,0.,0.));
#2558=DIRECTION('',(0.,0.,-1.));
#2559=DIRECTION('',(1.,0.,0.));
#2560=DIRECTION('center_axis',(-0.707106163471317,0.707107398901238,0.));
#2561=DIRECTION('ref_axis',(-0.707107398901238,-0.707106163471317,0.));
#2562=DIRECTION('',(0.,0.,1.));
#2563=DIRECTION('',(0.707107398901238,0.707106163471317,0.));
#2564=DIRECTION('center_axis',(0.707107398901238,0.707106163471318,0.));
#2565=DIRECTION('ref_axis',(-0.707106163471318,0.707107398901238,0.));
#2566=DIRECTION('',(0.,0.,1.));
#2567=DIRECTION('',(0.707106163471318,-0.707107398901238,0.));
#2568=DIRECTION('center_axis',(0.,1.,0.));
#2569=DIRECTION('ref_axis',(-1.,0.,0.));
#2570=DIRECTION('',(0.,0.,-1.));
#2571=DIRECTION('',(1.,0.,0.));
#2572=DIRECTION('center_axis',(-0.707106163471317,0.707107398901238,0.));
#2573=DIRECTION('ref_axis',(-0.707107398901238,-0.707106163471317,0.));
#2574=DIRECTION('',(0.,0.,1.));
#2575=DIRECTION('',(0.707107398901238,0.707106163471317,0.));
#2576=DIRECTION('center_axis',(0.707107398901238,0.707106163471318,0.));
#2577=DIRECTION('ref_axis',(-0.707106163471318,0.707107398901238,0.));
#2578=DIRECTION('',(0.,0.,1.));
#2579=DIRECTION('',(0.707106163471318,-0.707107398901238,0.));
#2580=DIRECTION('center_axis',(0.,1.,0.));
#2581=DIRECTION('ref_axis',(-1.,0.,0.));
#2582=DIRECTION('',(0.,0.,-1.));
#2583=DIRECTION('',(1.,0.,0.));
#2584=DIRECTION('center_axis',(-0.707106163471317,0.707107398901238,0.));
#2585=DIRECTION('ref_axis',(-0.707107398901238,-0.707106163471317,0.));
#2586=DIRECTION('',(0.,0.,1.));
#2587=DIRECTION('',(0.707107398901238,0.707106163471317,0.));
#2588=DIRECTION('center_axis',(0.707107398901238,0.707106163471318,0.));
#2589=DIRECTION('ref_axis',(-0.707106163471318,0.707107398901238,0.));
#2590=DIRECTION('',(0.,0.,1.));
#2591=DIRECTION('',(0.707106163471318,-0.707107398901238,0.));
#2592=DIRECTION('center_axis',(0.,1.,0.));
#2593=DIRECTION('ref_axis',(-1.,0.,0.));
#2594=DIRECTION('',(0.,0.,1.));
#2595=DIRECTION('',(1.,0.,0.));
#2596=DIRECTION('center_axis',(0.,0.,1.));
#2597=DIRECTION('ref_axis',(0.,-1.,0.));
#2598=DIRECTION('',(0.,0.,1.));
#2599=DIRECTION('center_axis',(0.,0.,1.));
#2600=DIRECTION('ref_axis',(1.,0.,0.));
#2601=DIRECTION('center_axis',(0.,0.,1.));
#2602=DIRECTION('ref_axis',(1.,0.,0.));
#2603=DIRECTION('',(1.,0.,0.));
#2604=DIRECTION('',(-1.,0.,0.));
#2605=DIRECTION('center_axis',(1.,0.,0.));
#2606=DIRECTION('ref_axis',(0.,-0.707106781186553,-0.707106781186543));
#2607=DIRECTION('',(1.,0.,0.));
#2608=DIRECTION('center_axis',(-0.923879365358743,0.382683835906779,-1.64113942943577E-14));
#2609=DIRECTION('ref_axis',(-0.382683835906779,-0.923879365358743,3.96205617344568E-14));
#2610=DIRECTION('',(-1.,0.,0.));
#2611=DIRECTION('center_axis',(0.923879699663672,0.382683028823286,0.));
#2612=DIRECTION('ref_axis',(-0.382683028823286,0.923879699663672,0.));
#2613=DIRECTION('center_axis',(1.,0.,0.));
#2614=DIRECTION('ref_axis',(0.,-0.707106781186553,-0.707106781186543));
#2615=DIRECTION('',(-1.,0.,0.));
#2616=DIRECTION('center_axis',(0.923879699663672,0.382683028823286,0.));
#2617=DIRECTION('ref_axis',(-0.382683028823286,0.923879699663672,0.));
#2618=DIRECTION('',(1.,0.,0.));
#2619=DIRECTION('center_axis',(-0.923879365358737,0.382683835906793,0.));
#2620=DIRECTION('ref_axis',(-0.382683835906793,-0.923879365358737,0.));
#2621=DIRECTION('center_axis',(-0.707107398901236,-0.70710616347132,0.));
#2622=DIRECTION('ref_axis',(0.49999956320937,-0.50000043679025,-0.707106781186547));
#2623=DIRECTION('',(-0.707107398901236,-0.70710616347132,0.));
#2624=DIRECTION('center_axis',(0.999999999999618,-8.73580879238419E-7,0.));
#2625=DIRECTION('ref_axis',(8.73580879238419E-7,0.999999999999618,0.));
#2626=DIRECTION('',(0.707107398901236,0.70710616347132,0.));
#2627=DIRECTION('center_axis',(1.,0.,0.));
#2628=DIRECTION('ref_axis',(0.,-0.707106781186553,-0.707106781186543));
#2629=DIRECTION('',(1.,0.,0.));
#2630=DIRECTION('center_axis',(-0.923879365358743,0.382683835906779,-1.64113942943577E-14));
#2631=DIRECTION('ref_axis',(-0.382683835906779,-0.923879365358743,3.96205617344568E-14));
#2632=DIRECTION('',(-1.,0.,0.));
#2633=DIRECTION('center_axis',(0.923879699663672,0.382683028823286,-1.64114002328061E-14));
#2634=DIRECTION('ref_axis',(-0.382683028823286,0.923879699663672,-3.96206739681335E-14));
#2635=DIRECTION('center_axis',(1.,0.,0.));
#2636=DIRECTION('ref_axis',(0.,-0.707106781186553,-0.707106781186543));
#2637=DIRECTION('',(-1.,0.,0.));
#2638=DIRECTION('center_axis',(0.923879699663666,0.3826830288233,0.));
#2639=DIRECTION('ref_axis',(-0.3826830288233,0.923879699663666,0.));
#2640=DIRECTION('',(1.,0.,0.));
#2641=DIRECTION('center_axis',(-0.923879365358743,0.382683835906779,0.));
#2642=DIRECTION('ref_axis',(-0.382683835906779,-0.923879365358743,0.));
#2643=DIRECTION('center_axis',(-0.707107398901236,-0.70710616347132,0.));
#2644=DIRECTION('ref_axis',(0.49999956320938,-0.500000436790246,-0.707106781186542));
#2645=DIRECTION('',(-0.707107398901236,-0.70710616347132,0.));
#2646=DIRECTION('center_axis',(0.999999999999618,-8.73580866677679E-7,0.));
#2647=DIRECTION('ref_axis',(8.73580866677679E-7,0.999999999999618,0.));
#2648=DIRECTION('',(0.707107398901236,0.70710616347132,0.));
#2649=DIRECTION('center_axis',(0.,0.,-1.));
#2650=DIRECTION('ref_axis',(0.997194981704253,0.0748476349917238,0.));
#2651=DIRECTION('center_axis',(0.,0.,-1.));
#2652=DIRECTION('ref_axis',(1.,0.,0.));
#2653=DIRECTION('center_axis',(1.,0.,0.));
#2654=DIRECTION('ref_axis',(0.,0.,-1.));
#2655=DIRECTION('center_axis',(-1.,0.,0.));
#2656=DIRECTION('ref_axis',(0.,0.707106781186553,-0.707106781186543));
#2657=DIRECTION('',(-1.,0.,0.));
#2658=DIRECTION('center_axis',(0.923879365358743,-0.382683835906779,0.));
#2659=DIRECTION('ref_axis',(0.382683835906779,0.923879365358743,0.));
#2660=DIRECTION('center_axis',(1.,0.,0.));
#2661=DIRECTION('ref_axis',(0.,-0.707106781186553,-0.707106781186543));
#2662=DIRECTION('',(-1.,0.,0.));
#2663=DIRECTION('center_axis',(0.923879699663663,0.382683028823307,0.));
#2664=DIRECTION('ref_axis',(-0.382683028823307,0.923879699663663,0.));
#2665=DIRECTION('',(1.,0.,0.));
#2666=DIRECTION('center_axis',(-0.92387936535874,0.382683835906786,0.));
#2667=DIRECTION('ref_axis',(-0.382683835906786,-0.92387936535874,0.));
#2668=DIRECTION('center_axis',(-0.707106163471318,0.707107398901238,0.));
#2669=DIRECTION('ref_axis',(0.50000043679025,0.49999956320937,-0.707106781186547));
#2670=DIRECTION('',(-0.707106163471318,0.707107398901238,0.));
#2671=DIRECTION('center_axis',(0.999999999999618,-8.73580866677668E-7,0.));
#2672=DIRECTION('ref_axis',(-8.73580866677668E-7,-0.999999999999618,0.));
#2673=DIRECTION('center_axis',(-0.707107398901236,-0.70710616347132,0.));
#2674=DIRECTION('ref_axis',(0.49999956320937,-0.50000043679025,-0.707106781186547));
#2675=DIRECTION('',(-0.707107398901236,-0.70710616347132,0.));
#2676=DIRECTION('center_axis',(0.999999999999618,-8.73580866677679E-7,0.));
#2677=DIRECTION('ref_axis',(8.73580866677679E-7,0.999999999999618,0.));
#2678=DIRECTION('',(0.707107398901236,0.70710616347132,0.));
#2679=DIRECTION('center_axis',(-1.,0.,0.));
#2680=DIRECTION('ref_axis',(0.,0.707106781186553,-0.707106781186543));
#2681=DIRECTION('',(-1.,0.,0.));
#2682=DIRECTION('center_axis',(0.923879365358737,-0.382683835906793,0.));
#2683=DIRECTION('ref_axis',(0.382683835906793,0.923879365358737,0.));
#2684=DIRECTION('center_axis',(-0.92387969966366,-0.382683028823314,0.));
#2685=DIRECTION('ref_axis',(0.382683028823314,-0.92387969966366,0.));
#2686=DIRECTION('center_axis',(-0.707106163471318,0.707107398901238,0.));
#2687=DIRECTION('ref_axis',(0.50000043679025,0.49999956320937,-0.707106781186547));
#2688=DIRECTION('',(-0.707106163471318,0.707107398901238,0.));
#2689=DIRECTION('center_axis',(0.999999999999618,-8.73580866677679E-7,0.));
#2690=DIRECTION('ref_axis',(-8.73580866677679E-7,-0.999999999999618,0.));
#2691=DIRECTION('center_axis',(-1.,0.,0.));
#2692=DIRECTION('ref_axis',(0.,0.707106781186553,-0.707106781186543));
#2693=DIRECTION('',(-1.,0.,0.));
#2694=DIRECTION('center_axis',(0.923879365358737,-0.382683835906793,0.));
#2695=DIRECTION('ref_axis',(0.382683835906793,0.923879365358737,0.));
#2696=DIRECTION('center_axis',(-0.923879699663672,-0.382683028823286,0.));
#2697=DIRECTION('ref_axis',(0.382683028823286,-0.923879699663672,0.));
#2698=DIRECTION('center_axis',(-1.,0.,0.));
#2699=DIRECTION('ref_axis',(0.,0.707106781186553,-0.707106781186543));
#2700=DIRECTION('center_axis',(-0.92387969966366,-0.382683028823314,0.));
#2701=DIRECTION('ref_axis',(0.382683028823314,-0.92387969966366,0.));
#2702=DIRECTION('',(-1.,0.,0.));
#2703=DIRECTION('center_axis',(0.923879365358737,-0.382683835906793,0.));
#2704=DIRECTION('ref_axis',(0.382683835906793,0.923879365358737,0.));
#2705=DIRECTION('center_axis',(-0.707106163471318,0.707107398901238,0.));
#2706=DIRECTION('ref_axis',(0.50000043679025,0.49999956320937,-0.707106781186547));
#2707=DIRECTION('',(-0.707106163471318,0.707107398901238,0.));
#2708=DIRECTION('center_axis',(0.999999999999618,-8.73580879238419E-7,0.));
#2709=DIRECTION('ref_axis',(-8.73580879238419E-7,-0.999999999999618,0.));
#2710=DIRECTION('center_axis',(-1.,0.,0.));
#2711=DIRECTION('ref_axis',(0.,0.707106781186553,-0.707106781186543));
#2712=DIRECTION('',(-1.,0.,0.));
#2713=DIRECTION('center_axis',(0.923879365358737,-0.382683835906793,0.));
#2714=DIRECTION('ref_axis',(0.382683835906793,0.923879365358737,0.));
#2715=DIRECTION('center_axis',(-0.923879699663666,-0.3826830288233,0.));
#2716=DIRECTION('ref_axis',(0.3826830288233,-0.923879699663666,0.));
#2717=DIRECTION('center_axis',(-1.,0.,0.));
#2718=DIRECTION('ref_axis',(0.,0.707106781186553,-0.707106781186543));
#2719=DIRECTION('center_axis',(-0.923879699663669,-0.382683028823293,0.));
#2720=DIRECTION('ref_axis',(0.382683028823293,-0.923879699663669,0.));
#2721=DIRECTION('',(-1.,0.,0.));
#2722=DIRECTION('center_axis',(0.923879365358743,-0.382683835906779,8.20569714717883E-15));
#2723=DIRECTION('ref_axis',(0.382683835906779,0.923879365358743,-1.98102808672284E-14));
#2724=DIRECTION('center_axis',(-0.707106163471318,0.707107398901238,0.));
#2725=DIRECTION('ref_axis',(0.50000043679025,0.49999956320937,-0.707106781186547));
#2726=DIRECTION('',(-0.707106163471318,0.707107398901238,0.));
#2727=DIRECTION('center_axis',(0.999999999999618,-8.73580879238419E-7,0.));
#2728=DIRECTION('ref_axis',(-8.73580879238419E-7,-0.999999999999618,0.));
#2729=DIRECTION('center_axis',(-0.707107398901238,-0.707106163471317,0.));
#2730=DIRECTION('ref_axis',(-0.49999956320937,0.50000043679025,-0.707106781186547));
#2731=DIRECTION('',(-0.707107398901238,-0.707106163471317,0.));
#2732=DIRECTION('center_axis',(-0.707106163471318,0.707107398901238,0.));
#2733=DIRECTION('ref_axis',(0.50000043679025,0.49999956320937,-0.707106781186547));
#2734=DIRECTION('',(-0.707106163471318,0.707107398901238,0.));
#2735=DIRECTION('center_axis',(0.999999999999618,-8.73580872958049E-7,0.));
#2736=DIRECTION('ref_axis',(-8.73580872958049E-7,-0.999999999999618,0.));
#2737=DIRECTION('center_axis',(-0.707107398901238,-0.707106163471317,0.));
#2738=DIRECTION('ref_axis',(-0.49999956320937,0.50000043679025,-0.707106781186547));
#2739=DIRECTION('',(-0.707107398901238,-0.707106163471317,0.));
#2740=DIRECTION('center_axis',(-0.707107398901238,-0.707106163471317,0.));
#2741=DIRECTION('ref_axis',(-0.49999956320938,0.500000436790246,-0.707106781186542));
#2742=DIRECTION('',(-0.707107398901238,-0.707106163471317,0.));
#2743=DIRECTION('center_axis',(-0.707106163471318,0.707107398901238,0.));
#2744=DIRECTION('ref_axis',(0.50000043679024,0.499999563209373,-0.707106781186551));
#2745=DIRECTION('',(-0.707106163471318,0.707107398901238,0.));
#2746=DIRECTION('center_axis',(0.999999999999618,-8.73580872958049E-7,-8.88178419699786E-15));
#2747=DIRECTION('ref_axis',(-8.73580872958049E-7,-0.999999999999618,8.88178419699784E-15));
#2748=DIRECTION('center_axis',(-0.707107398901238,-0.707106163471317,0.));
#2749=DIRECTION('ref_axis',(-0.49999956320937,0.50000043679025,-0.707106781186547));
#2750=DIRECTION('',(-0.707107398901238,-0.707106163471317,0.));
#2751=DIRECTION('center_axis',(-0.707107398901238,-0.707106163471317,0.));
#2752=DIRECTION('ref_axis',(-0.49999956320937,0.50000043679025,-0.707106781186547));
#2753=DIRECTION('',(-0.707107398901238,-0.707106163471317,0.));
#2754=DIRECTION('center_axis',(0.,0.,-1.));
#2755=DIRECTION('ref_axis',(-1.,0.,0.));
#2756=DIRECTION('center_axis',(0.,0.,-1.));
#2757=DIRECTION('ref_axis',(-1.,0.,0.));
#2758=DIRECTION('center_axis',(-1.,0.,0.));
#2759=DIRECTION('ref_axis',(0.,0.,-1.));
#2760=DIRECTION('center_axis',(0.,0.,1.));
#2761=DIRECTION('ref_axis',(-1.,0.,0.));
#2762=DIRECTION('center_axis',(1.,0.,0.));
#2763=DIRECTION('ref_axis',(0.,-0.707106781186553,-0.707106781186543));
#2764=DIRECTION('',(-1.,0.,0.));
#2765=DIRECTION('',(1.,0.,0.));
#2766=DIRECTION('center_axis',(-0.923879365358743,0.382683835906779,8.20569714717883E-15));
#2767=DIRECTION('ref_axis',(-0.382683835906779,-0.923879365358743,-1.98102808672284E-14));
#2768=DIRECTION('center_axis',(-0.707106163471319,0.707107398901236,0.));
#2769=DIRECTION('ref_axis',(-0.50000043679024,-0.499999563209373,-0.707106781186551));
#2770=DIRECTION('',(-0.707106163471319,0.707107398901236,0.));
#2771=DIRECTION('',(0.707106163471319,-0.707107398901236,0.));
#2772=DIRECTION('center_axis',(-0.707107398901238,-0.707106163471317,0.));
#2773=DIRECTION('ref_axis',(-0.499999563209389,0.500000436790243,-0.707106781186538));
#2774=DIRECTION('',(-0.707107398901238,-0.707106163471317,0.));
#2775=DIRECTION('center_axis',(-0.707106163471319,0.707107398901236,0.));
#2776=DIRECTION('ref_axis',(-0.50000043679024,-0.499999563209373,-0.707106781186551));
#2777=DIRECTION('',(-0.707106163471319,0.707107398901236,0.));
#2778=DIRECTION('',(0.707106163471319,-0.707107398901236,0.));
#2779=DIRECTION('center_axis',(-0.707107398901236,-0.70710616347132,0.));
#2780=DIRECTION('ref_axis',(0.499999563209376,-0.500000436790231,-0.707106781186555));
#2781=DIRECTION('',(0.707107398901236,0.70710616347132,0.));
#2782=DIRECTION('',(-0.707107398901236,-0.70710616347132,0.));
#2783=DIRECTION('center_axis',(0.999999999999618,-8.73580879238419E-7,0.));
#2784=DIRECTION('ref_axis',(8.73580879238419E-7,0.999999999999618,0.));
#2785=DIRECTION('center_axis',(-0.707106163471319,0.707107398901236,0.));
#2786=DIRECTION('ref_axis',(-0.50000043679025,-0.49999956320937,-0.707106781186547));
#2787=DIRECTION('',(0.707106163471319,-0.707107398901236,0.));
#2788=DIRECTION('',(-0.707106163471319,0.707107398901236,0.));
#2789=DIRECTION('center_axis',(-0.707106163471319,0.707107398901236,0.));
#2790=DIRECTION('ref_axis',(-0.50000043679025,-0.49999956320937,-0.707106781186547));
#2791=DIRECTION('',(-0.707106163471319,0.707107398901236,0.));
#2792=DIRECTION('',(0.707106163471319,-0.707107398901236,0.));
#2793=DIRECTION('center_axis',(-0.707107398901236,-0.70710616347132,0.));
#2794=DIRECTION('ref_axis',(0.499999563209389,-0.500000436790243,-0.707106781186538));
#2795=DIRECTION('',(0.707107398901236,0.70710616347132,0.));
#2796=DIRECTION('',(-0.707107398901236,-0.70710616347132,0.));
#2797=DIRECTION('center_axis',(0.999999999999618,-8.73580866677679E-7,0.));
#2798=DIRECTION('ref_axis',(8.73580866677679E-7,0.999999999999618,0.));
#2799=DIRECTION('center_axis',(-0.707106163471319,0.707107398901236,0.));
#2800=DIRECTION('ref_axis',(-0.50000043679025,-0.49999956320937,-0.707106781186547));
#2801=DIRECTION('',(0.707106163471319,-0.707107398901236,0.));
#2802=DIRECTION('',(-0.707106163471319,0.707107398901236,0.));
#2803=DIRECTION('center_axis',(-0.707106163471319,0.707107398901236,0.));
#2804=DIRECTION('ref_axis',(-0.500000436790243,-0.499999563209389,-0.707106781186538));
#2805=DIRECTION('',(-0.707106163471319,0.707107398901236,0.));
#2806=DIRECTION('',(0.707106163471319,-0.707107398901236,0.));
#2807=DIRECTION('center_axis',(0.999999999999618,-8.73580879238419E-7,0.));
#2808=DIRECTION('ref_axis',(8.73580879238419E-7,0.999999999999618,0.));
#2809=DIRECTION('center_axis',(-0.707107398901236,-0.70710616347132,0.));
#2810=DIRECTION('ref_axis',(0.49999956320937,-0.50000043679025,-0.707106781186547));
#2811=DIRECTION('',(0.707107398901236,0.70710616347132,0.));
#2812=DIRECTION('',(-0.707107398901236,-0.70710616347132,0.));
#2813=DIRECTION('center_axis',(-0.707107398901236,-0.707106163471319,0.));
#2814=DIRECTION('ref_axis',(0.707106163471319,-0.707107398901236,0.));
#2815=DIRECTION('',(0.,0.,1.));
#2816=DIRECTION('',(0.,0.,1.));
#2817=DIRECTION('center_axis',(0.70710616347132,-0.707107398901236,0.));
#2818=DIRECTION('ref_axis',(0.707107398901236,0.70710616347132,0.));
#2819=DIRECTION('',(0.,0.,-1.));
#2820=DIRECTION('center_axis',(0.,-1.,0.));
#2821=DIRECTION('ref_axis',(1.,0.,0.));
#2822=DIRECTION('',(0.,0.,1.));
#2823=DIRECTION('center_axis',(-0.707107398901236,-0.707106163471319,0.));
#2824=DIRECTION('ref_axis',(0.707106163471319,-0.707107398901236,0.));
#2825=DIRECTION('',(0.,0.,1.));
#2826=DIRECTION('center_axis',(0.70710616347132,-0.707107398901236,0.));
#2827=DIRECTION('ref_axis',(0.707107398901236,0.70710616347132,0.));
#2828=DIRECTION('center_axis',(0.,0.,1.));
#2829=DIRECTION('ref_axis',(1.,0.,0.));
#2830=DIRECTION('',(1.,0.,0.));
#2831=DIRECTION('',(-1.,0.,0.));
#2832=DIRECTION('center_axis',(-0.707107398901236,-0.707106163471319,0.));
#2833=DIRECTION('ref_axis',(0.707106163471319,-0.707107398901236,0.));
#2834=DIRECTION('',(0.,0.,1.));
#2835=DIRECTION('',(0.,0.,1.));
#2836=DIRECTION('center_axis',(0.70710616347132,-0.707107398901236,0.));
#2837=DIRECTION('ref_axis',(0.707107398901236,0.70710616347132,0.));
#2838=DIRECTION('',(0.,0.,-1.));
#2839=DIRECTION('center_axis',(0.,-1.,0.));
#2840=DIRECTION('ref_axis',(1.,0.,0.));
#2841=DIRECTION('',(0.,0.,-1.));
#2842=DIRECTION('center_axis',(0.,-1.,0.));
#2843=DIRECTION('ref_axis',(1.,0.,0.));
#2844=DIRECTION('center_axis',(-0.707107398901236,-0.707106163471319,0.));
#2845=DIRECTION('ref_axis',(0.707106163471319,-0.707107398901236,0.));
#2846=DIRECTION('',(0.,0.,1.));
#2847=DIRECTION('',(0.,0.,1.));
#2848=DIRECTION('center_axis',(0.70710616347132,-0.707107398901236,0.));
#2849=DIRECTION('ref_axis',(0.707107398901236,0.70710616347132,0.));
#2850=DIRECTION('',(0.,0.,-1.));
#2851=DIRECTION('center_axis',(0.,-1.,0.));
#2852=DIRECTION('ref_axis',(1.,0.,0.));
#2853=DIRECTION('',(0.,0.,-1.));
#2854=DIRECTION('center_axis',(0.,-1.,0.));
#2855=DIRECTION('ref_axis',(1.,0.,0.));
#2856=DIRECTION('',(0.,0.,1.));
#2857=DIRECTION('center_axis',(-0.707107398901236,-0.707106163471319,0.));
#2858=DIRECTION('ref_axis',(0.707106163471319,-0.707107398901236,0.));
#2859=DIRECTION('',(0.,0.,1.));
#2860=DIRECTION('',(0.,0.,1.));
#2861=DIRECTION('center_axis',(0.70710616347132,-0.707107398901236,0.));
#2862=DIRECTION('ref_axis',(0.707107398901236,0.70710616347132,0.));
#2863=DIRECTION('center_axis',(0.,-1.,0.));
#2864=DIRECTION('ref_axis',(1.,0.,0.));
#2865=DIRECTION('',(0.,0.,1.));
#2866=DIRECTION('center_axis',(-0.707107398901236,-0.707106163471319,0.));
#2867=DIRECTION('ref_axis',(0.707106163471319,-0.707107398901236,0.));
#2868=DIRECTION('',(0.,0.,1.));
#2869=DIRECTION('center_axis',(0.70710616347132,-0.707107398901236,0.));
#2870=DIRECTION('ref_axis',(0.707107398901236,0.70710616347132,0.));
#2871=DIRECTION('',(-3.45420340910431E-14,-0.707106781186546,0.707106781186549));
#2872=DIRECTION('',(1.25607396694702E-14,-0.707106781186546,-0.707106781186549));
#2873=DIRECTION('center_axis',(0.,0.707106781186549,0.707106781186546));
#2874=DIRECTION('ref_axis',(1.,0.,0.));
#2875=DIRECTION('',(0.,-0.707106781186546,0.707106781186549));
#2876=DIRECTION('',(-1.,0.,0.));
#2877=DIRECTION('',(1.25607396694702E-14,0.707106781186546,0.707106781186549));
#2878=DIRECTION('center_axis',(0.,-0.707106781186549,0.707106781186546));
#2879=DIRECTION('ref_axis',(1.,0.,0.));
#2880=DIRECTION('',(1.,0.,0.));
#2881=DIRECTION('center_axis',(0.,1.,0.));
#2882=DIRECTION('ref_axis',(-1.,0.,0.));
#2883=DIRECTION('',(0.,0.,1.));
#2884=DIRECTION('',(1.,0.,0.));
#2885=DIRECTION('',(0.,0.,1.));
#2886=DIRECTION('',(0.,0.,1.));
#2887=DIRECTION('',(-1.25607396694702E-14,0.707106781186546,-0.707106781186549));
#2888=DIRECTION('',(2.19812944215731E-14,0.70710678118654,0.707106781186555));
#2889=DIRECTION('center_axis',(0.,-0.707106781186543,-0.707106781186553));
#2890=DIRECTION('ref_axis',(-1.,0.,0.));
#2891=DIRECTION('',(-1.,0.,0.));
#2892=DIRECTION('',(0.,0.707106781186552,-0.707106781186542));
#2893=DIRECTION('',(2.19812944215731E-14,-0.70710678118654,-0.707106781186555));
#2894=DIRECTION('center_axis',(0.,0.707106781186543,-0.707106781186553));
#2895=DIRECTION('ref_axis',(-1.,0.,0.));
#2896=DIRECTION('center_axis',(0.,-1.,0.));
#2897=DIRECTION('ref_axis',(1.,0.,0.));
#2898=DIRECTION('',(0.,0.,1.));
#2899=DIRECTION('center_axis',(0.,0.,1.));
#2900=DIRECTION('ref_axis',(0.,1.,0.));
#2901=CARTESIAN_POINT('',(0.,0.,0.));
#2902=CARTESIAN_POINT('Origin',(2.55355682254662,-44.7464468689061,1.5));
#2903=CARTESIAN_POINT('',(3.60000030479058,-45.7928921794577,2.));
#2904=CARTESIAN_POINT('',(2.80710968200559,-45.0000001713634,2.));
#2905=CARTESIAN_POINT('',(2.55355682254662,-44.7464468689061,2.));
#2906=CARTESIAN_POINT('',(2.60000264495307,-45.5000001713634,1.5));
#2907=CARTESIAN_POINT('Origin',(2.80710968200559,-45.0000001713634,1.5));
#2908=CARTESIAN_POINT('',(3.59999968707561,-46.499998960644,1.5));
#2909=CARTESIAN_POINT('',(2.200003123096,-45.0999999506418,1.5));
#2910=CARTESIAN_POINT('Origin',(3.60000030479058,-45.7928921794577,1.5));
#2911=CARTESIAN_POINT('Origin',(-7.50000011175871,-45.0000001713634,1.5));
#2912=CARTESIAN_POINT('',(-0.807106301803264,-45.0000001713634,2.));
#2913=CARTESIAN_POINT('',(-7.50000011175871,-45.0000001713634,2.));
#2914=CARTESIAN_POINT('',(-0.599999776482587,-45.5000001713634,1.5));
#2915=CARTESIAN_POINT('Origin',(-0.807106301803264,-45.0000001713634,1.5));
#2916=CARTESIAN_POINT('',(-7.50000011175871,-45.5000001713634,1.5));
#2917=CARTESIAN_POINT('Origin',(-1.55355292396925,-45.7464454893675,1.5));
#2918=CARTESIAN_POINT('',(-1.59999969520943,-45.7928921794577,2.));
#2919=CARTESIAN_POINT('',(-1.55355292396925,-45.7464454893675,2.));
#2920=CARTESIAN_POINT('',(-1.60000031292439,-46.499998960644,1.5));
#2921=CARTESIAN_POINT('Origin',(-1.59999969520943,-45.7928921794577,1.5));
#2922=CARTESIAN_POINT('',(-1.19999984223359,-46.0999991888181,1.5));
#2923=CARTESIAN_POINT('Origin',(-1.34644544876364,-46.0464468689042,1.5));
#2924=CARTESIAN_POINT('',(-2.39289031799442,-45.0000001713634,2.));
#2925=CARTESIAN_POINT('',(-1.34644544876364,-46.0464468689042,2.));
#2926=CARTESIAN_POINT('',(-2.59999735504693,-45.5000001713634,1.5));
#2927=CARTESIAN_POINT('Origin',(-2.39289031799442,-45.0000001713634,1.5));
#2928=CARTESIAN_POINT('',(-1.69999914821426,-46.3999999506398,1.5));
#2929=CARTESIAN_POINT('Origin',(-7.50000011175871,-45.0000001713634,1.5));
#2930=CARTESIAN_POINT('',(-6.00710630180327,-45.0000001713634,2.));
#2931=CARTESIAN_POINT('',(-7.50000011175871,-45.0000001713634,2.));
#2932=CARTESIAN_POINT('',(-5.79999977648258,-45.5000001713634,1.5));
#2933=CARTESIAN_POINT('Origin',(-6.00710630180327,-45.0000001713634,1.5));
#2934=CARTESIAN_POINT('',(-7.50000011175871,-45.5000001713634,1.5));
#2935=CARTESIAN_POINT('Origin',(-5.45355065265898,-44.4464454893695,1.5));
#2936=CARTESIAN_POINT('',(-6.79999969520943,-45.7928921794577,2.));
#2937=CARTESIAN_POINT('',(-5.45355065265898,-44.4464454893695,2.));
#2938=CARTESIAN_POINT('',(-6.80000031292439,-46.499998960644,1.5));
#2939=CARTESIAN_POINT('Origin',(-6.79999969520943,-45.7928921794577,1.5));
#2940=CARTESIAN_POINT('',(-5.09999757092332,-44.7999991888201,1.5));
#2941=CARTESIAN_POINT('Origin',(-5.24644772007392,-47.3464468689022,1.5));
#2942=CARTESIAN_POINT('',(-7.59289031799443,-45.0000001713634,2.));
#2943=CARTESIAN_POINT('',(-5.24644772007392,-47.3464468689022,2.));
#2944=CARTESIAN_POINT('',(-7.79999735504694,-45.5000001713634,1.5));
#2945=CARTESIAN_POINT('Origin',(-7.59289031799443,-45.0000001713634,1.5));
#2946=CARTESIAN_POINT('',(-5.60000141952454,-47.6999999506378,1.5));
#2947=CARTESIAN_POINT('Origin',(-7.50000011175871,-45.0000001713634,1.5));
#2948=CARTESIAN_POINT('',(-11.2071063018033,-45.0000001713634,2.));
#2949=CARTESIAN_POINT('',(-7.50000011175871,-45.0000001713634,2.));
#2950=CARTESIAN_POINT('',(-10.9999997764826,-45.5000001713634,1.5));
#2951=CARTESIAN_POINT('Origin',(-11.2071063018033,-45.0000001713634,1.5));
#2952=CARTESIAN_POINT('',(-7.50000011175871,-45.5000001713634,1.5));
#2953=CARTESIAN_POINT('Origin',(-9.35354838134871,-43.1464454893715,1.5));
#2954=CARTESIAN_POINT('',(-11.9999996952094,-45.7928921794577,2.));
#2955=CARTESIAN_POINT('',(-9.35354838134871,-43.1464454893715,2.));
#2956=CARTESIAN_POINT('',(-12.0000003129244,-46.499998960644,1.5));
#2957=CARTESIAN_POINT('Origin',(-11.9999996952094,-45.7928921794577,1.5));
#2958=CARTESIAN_POINT('',(-8.99999529961305,-43.4999991888221,1.5));
#2959=CARTESIAN_POINT('Origin',(-9.14644999138419,-48.6464468689002,1.5));
#2960=CARTESIAN_POINT('',(-12.7928903179944,-45.0000001713634,2.));
#2961=CARTESIAN_POINT('',(-9.14644999138419,-48.6464468689002,2.));
#2962=CARTESIAN_POINT('',(-12.9999973550469,-45.5000001713634,1.5));
#2963=CARTESIAN_POINT('Origin',(-12.7928903179944,-45.0000001713634,1.5));
#2964=CARTESIAN_POINT('',(-9.5000036908348,-48.9999999506359,1.5));
#2965=CARTESIAN_POINT('Origin',(-15.0000002235174,-46.5000001862645,1.5));
#2966=CARTESIAN_POINT('',(-15.0000002235174,-47.5000002011657,1.5));
#2967=CARTESIAN_POINT('',(-15.0000002235174,-45.5000001713634,1.5));
#2968=CARTESIAN_POINT('Origin',(-15.0000002235174,-46.5000001862645,1.5));
#2969=CARTESIAN_POINT('',(-15.0000002235174,-45.0000001713634,2.));
#2970=CARTESIAN_POINT('Origin',(-15.0000002235174,-45.0000001713634,1.5));
#2971=CARTESIAN_POINT('',(-14.7760886770317,-47.9831939241335,2.));
#2972=CARTESIAN_POINT('Origin',(-15.0000002235174,-46.5000001862645,2.));
#2973=CARTESIAN_POINT('Ctrl Pts',(-14.7760886770317,-47.9831939241335,2.));
#2974=CARTESIAN_POINT('Ctrl Pts',(-14.7766243368998,-47.9821331488541,2.));
#2975=CARTESIAN_POINT('Ctrl Pts',(-14.7771597988069,-47.981072276145,1.99999617709016));
#2976=CARTESIAN_POINT('Ctrl Pts',(-14.7948203040404,-47.9460665601744,1.99974395386669));
#2977=CARTESIAN_POINT('Ctrl Pts',(-14.8116978776992,-47.9121040177579,1.99558807050218));
#2978=CARTESIAN_POINT('Ctrl Pts',(-14.8443269686457,-47.8453672218336,1.97964999455906));
#2979=CARTESIAN_POINT('Ctrl Pts',(-14.8600230934837,-47.8127071575796,1.9679084351751));
#2980=CARTESIAN_POINT('Ctrl Pts',(-14.9015221600667,-47.7248724289897,1.92495040381638));
#2981=CARTESIAN_POINT('Ctrl Pts',(-14.9251239008812,-47.6730483798364,1.88591817651616));
#2982=CARTESIAN_POINT('Ctrl Pts',(-14.9623633106532,-47.5890432392568,1.79204422393937));
#2983=CARTESIAN_POINT('Ctrl Pts',(-14.9763623480126,-47.5563036391126,1.73923196283643));
#2984=CARTESIAN_POINT('Ctrl Pts',(-14.9949429041708,-47.5123000208838,1.62529209871007));
#2985=CARTESIAN_POINT('Ctrl Pts',(-14.9997159265845,-47.5006896478239,1.56587339717863));
#2986=CARTESIAN_POINT('Ctrl Pts',(-14.9999973974212,-47.5000101269007,1.50363865334306));
#2987=CARTESIAN_POINT('Ctrl Pts',(-15.0000015087469,-47.500000201165,1.50181894966771));
#2988=CARTESIAN_POINT('Ctrl Pts',(-15.000001508747,-47.5000002011649,1.50000000004065));
#2989=CARTESIAN_POINT('Origin',(-10.1464400003995,-43.3535533362394,1.5));
#2990=CARTESIAN_POINT('',(-13.9999991387757,-47.2071057418303,2.));
#2991=CARTESIAN_POINT('',(-10.1464400003995,-43.3535533362394,2.));
#2992=CARTESIAN_POINT('',(-13.9999985210607,-46.499998960644,1.5));
#2993=CARTESIAN_POINT('Origin',(-13.9999991387757,-47.2071057418303,1.5));
#2994=CARTESIAN_POINT('',(-10.4999930821352,-42.9999996367888,1.5));
#2995=CARTESIAN_POINT('Origin',(-10.3535592836625,-50.8535519678693,1.5));
#2996=CARTESIAN_POINT('',(-13.2071060647539,-48.0000002011657,2.));
#2997=CARTESIAN_POINT('',(-10.3535592836625,-50.8535519678693,2.));
#2998=CARTESIAN_POINT('',(-12.9999990277014,-47.5000002011657,1.5));
#2999=CARTESIAN_POINT('Origin',(-13.2071060647539,-48.0000002011657,1.5));
#3000=CARTESIAN_POINT('',(-10.0000055842118,-50.4999988861336,1.5));
#3001=CARTESIAN_POINT('Origin',(7.50000011175871,-48.0000002011657,1.5));
#3002=CARTESIAN_POINT('',(-9.59289498342715,-48.0000002011657,2.));
#3003=CARTESIAN_POINT('',(7.50000011175871,-48.0000002011657,2.));
#3004=CARTESIAN_POINT('',(-9.80000150874784,-47.5000002011657,1.5));
#3005=CARTESIAN_POINT('Origin',(-9.59289498342715,-48.0000002011657,1.5));
#3006=CARTESIAN_POINT('',(7.50000011175871,-47.5000002011657,1.5));
#3007=CARTESIAN_POINT('Origin',(-6.2464422717098,-44.6535533362374,1.5));
#3008=CARTESIAN_POINT('',(-8.79999913877568,-47.2071057418303,2.));
#3009=CARTESIAN_POINT('',(-6.2464422717098,-44.6535533362374,2.));
#3010=CARTESIAN_POINT('',(-8.79999852106072,-46.499998960644,1.5));
#3011=CARTESIAN_POINT('Origin',(-8.79999913877568,-47.2071057418303,1.5));
#3012=CARTESIAN_POINT('',(-6.59999535344546,-44.2999996367868,1.5));
#3013=CARTESIAN_POINT('Origin',(-6.45355701235219,-49.5535519678713,1.5));
#3014=CARTESIAN_POINT('',(-8.00710606475394,-48.0000002011657,2.));
#3015=CARTESIAN_POINT('',(-6.45355701235219,-49.5535519678713,2.));
#3016=CARTESIAN_POINT('',(-7.79999902770144,-47.5000002011657,1.5));
#3017=CARTESIAN_POINT('Origin',(-8.00710606475394,-48.0000002011657,1.5));
#3018=CARTESIAN_POINT('',(-6.10000331290157,-49.1999988861356,1.5));
#3019=CARTESIAN_POINT('Origin',(7.50000011175871,-48.0000002011657,1.5));
#3020=CARTESIAN_POINT('',(-4.39289498342716,-48.0000002011657,2.));
#3021=CARTESIAN_POINT('',(7.50000011175871,-48.0000002011657,2.));
#3022=CARTESIAN_POINT('',(-4.60000150874784,-47.5000002011657,1.5));
#3023=CARTESIAN_POINT('Origin',(-4.39289498342716,-48.0000002011657,1.5));
#3024=CARTESIAN_POINT('',(7.50000011175871,-47.5000002011657,1.5));
#3025=CARTESIAN_POINT('Origin',(-2.34644454302009,-45.9535533362354,1.5));
#3026=CARTESIAN_POINT('',(-3.59999913877568,-47.2071057418303,2.));
#3027=CARTESIAN_POINT('',(-2.34644454302009,-45.9535533362354,2.));
#3028=CARTESIAN_POINT('',(-3.59999852106072,-46.499998960644,1.5));
#3029=CARTESIAN_POINT('Origin',(-3.59999913877568,-47.2071057418303,1.5));
#3030=CARTESIAN_POINT('',(-2.69999762475575,-45.5999996367848,1.5));
#3031=CARTESIAN_POINT('Origin',(-2.55355474104192,-48.2535519678733,1.5));
#3032=CARTESIAN_POINT('',(-2.80710606475395,-48.0000002011657,2.));
#3033=CARTESIAN_POINT('',(-2.55355474104192,-48.2535519678733,2.));
#3034=CARTESIAN_POINT('',(-2.59999902770144,-47.5000002011657,1.5));
#3035=CARTESIAN_POINT('Origin',(-2.80710606475395,-48.0000002011657,1.5));
#3036=CARTESIAN_POINT('',(-2.2000010415913,-47.8999988861376,1.5));
#3037=CARTESIAN_POINT('Origin',(7.50000011175871,-48.0000002011657,1.5));
#3038=CARTESIAN_POINT('',(0.599998491252167,-47.5000002011657,1.5));
#3039=CARTESIAN_POINT('',(7.50000011175871,-47.5000002011657,1.5));
#3040=CARTESIAN_POINT('',(0.807105016572844,-48.0000002011657,2.));
#3041=CARTESIAN_POINT('',(7.50000011175871,-48.0000002011657,2.));
#3042=CARTESIAN_POINT('Origin',(0.807105016572844,-48.0000002011657,1.5));
#3043=CARTESIAN_POINT('Origin',(1.55355318566965,-47.2535533362334,1.5));
#3044=CARTESIAN_POINT('',(1.60000147893928,-46.499998960644,1.5));
#3045=CARTESIAN_POINT('',(1.20000010393399,-46.8999996367828,1.5));
#3046=CARTESIAN_POINT('',(1.60000086122432,-47.2071057418303,2.));
#3047=CARTESIAN_POINT('',(1.55355318566965,-47.2535533362334,2.));
#3048=CARTESIAN_POINT('Origin',(1.60000086122432,-47.2071057418303,1.5));
#3049=CARTESIAN_POINT('Origin',(1.34644753026835,-46.9535519678752,1.5));
#3050=CARTESIAN_POINT('',(2.60000097229857,-47.5000002011657,1.5));
#3051=CARTESIAN_POINT('',(1.70000122971897,-46.5999988861396,1.5));
#3052=CARTESIAN_POINT('',(2.39289393524605,-48.0000002011657,2.));
#3053=CARTESIAN_POINT('',(1.34644753026835,-46.9535519678752,2.));
#3054=CARTESIAN_POINT('Origin',(2.39289393524605,-48.0000002011657,1.5));
#3055=CARTESIAN_POINT('Origin',(7.50000011175871,-48.0000002011657,1.5));
#3056=CARTESIAN_POINT('',(5.79999849125217,-47.5000002011657,1.5));
#3057=CARTESIAN_POINT('',(7.50000011175871,-47.5000002011657,1.5));
#3058=CARTESIAN_POINT('',(6.00710501657285,-48.0000002011657,2.));
#3059=CARTESIAN_POINT('',(7.50000011175871,-48.0000002011657,2.));
#3060=CARTESIAN_POINT('Origin',(6.00710501657285,-48.0000002011657,1.5));
#3061=CARTESIAN_POINT('Origin',(5.45355091435937,-48.5535533362314,1.5));
#3062=CARTESIAN_POINT('',(6.80000147893928,-46.499998960644,1.5));
#3063=CARTESIAN_POINT('',(5.09999783262371,-48.1999996367808,1.5));
#3064=CARTESIAN_POINT('',(6.80000086122432,-47.2071057418303,2.));
#3065=CARTESIAN_POINT('',(5.45355091435937,-48.5535533362314,2.));
#3066=CARTESIAN_POINT('Origin',(6.80000086122432,-47.2071057418303,1.5));
#3067=CARTESIAN_POINT('Origin',(5.24644980157863,-45.6535519678772,1.5));
#3068=CARTESIAN_POINT('',(7.80000097229857,-47.5000002011657,1.5));
#3069=CARTESIAN_POINT('',(5.60000350102925,-45.2999988861416,1.5));
#3070=CARTESIAN_POINT('',(7.59289393524606,-48.0000002011657,2.));
#3071=CARTESIAN_POINT('',(5.24644980157863,-45.6535519678772,2.));
#3072=CARTESIAN_POINT('Origin',(7.59289393524606,-48.0000002011657,1.5));
#3073=CARTESIAN_POINT('Origin',(7.50000011175871,-48.0000002011657,1.5));
#3074=CARTESIAN_POINT('',(10.9999984912522,-47.5000002011657,1.5));
#3075=CARTESIAN_POINT('',(7.50000011175871,-47.5000002011657,1.5));
#3076=CARTESIAN_POINT('',(11.2071050165729,-48.0000002011657,2.));
#3077=CARTESIAN_POINT('',(7.50000011175871,-48.0000002011657,2.));
#3078=CARTESIAN_POINT('Origin',(11.2071050165729,-48.0000002011657,1.5));
#3079=CARTESIAN_POINT('Origin',(9.35354864304911,-49.8535533362295,1.5));
#3080=CARTESIAN_POINT('',(12.0000014789393,-46.499998960644,1.5));
#3081=CARTESIAN_POINT('',(8.99999556131344,-49.4999996367788,1.5));
#3082=CARTESIAN_POINT('',(12.0000008612243,-47.2071057418303,2.));
#3083=CARTESIAN_POINT('',(9.35354864304911,-49.8535533362295,2.));
#3084=CARTESIAN_POINT('Origin',(12.0000008612243,-47.2071057418303,1.5));
#3085=CARTESIAN_POINT('Origin',(-7.50000011175871,-45.0000001713634,1.5));
#3086=CARTESIAN_POINT('',(-7.50000011175871,-45.0000001713634,2.));
#3087=CARTESIAN_POINT('',(-7.50000011175871,-45.5000001713634,1.5));
#3088=CARTESIAN_POINT('Origin',(9.14645207288889,-44.3535519678792,1.5));
#3089=CARTESIAN_POINT('',(13.0000009722986,-47.5000002011657,1.5));
#3090=CARTESIAN_POINT('',(9.50000577233951,-43.9999988861436,1.5));
#3091=CARTESIAN_POINT('',(12.7928939352461,-48.0000002011657,2.));
#3092=CARTESIAN_POINT('',(9.14645207288889,-44.3535519678792,2.));
#3093=CARTESIAN_POINT('Origin',(12.7928939352461,-48.0000002011657,1.5));
#3094=CARTESIAN_POINT('Origin',(15.0000002235174,-46.5000001862645,1.5));
#3095=CARTESIAN_POINT('',(15.0000002235174,-45.5000001713634,1.5));
#3096=CARTESIAN_POINT('',(15.0000002235174,-47.5000002011657,1.5));
#3097=CARTESIAN_POINT('Origin',(15.0000002235174,-46.5000001862645,1.5));
#3098=CARTESIAN_POINT('',(15.0000002235174,-48.0000002011657,2.));
#3099=CARTESIAN_POINT('Origin',(15.0000002235174,-48.0000002011657,1.5));
#3100=CARTESIAN_POINT('',(14.7760871632745,-45.0168066769219,2.));
#3101=CARTESIAN_POINT('Origin',(15.0000002235174,-46.5000001862645,2.));
#3102=CARTESIAN_POINT('Ctrl Pts',(14.7760871632745,-45.0168066769219,2.));
#3103=CARTESIAN_POINT('Ctrl Pts',(14.776622823746,-45.0178674520508,2.));
#3104=CARTESIAN_POINT('Ctrl Pts',(14.7771582862554,-45.0189283246063,1.999996177088));
#3105=CARTESIAN_POINT('Ctrl Pts',(14.8101171858386,-45.0842576227677,1.99952546602289));
#3106=CARTESIAN_POINT('Ctrl Pts',(14.8415297469027,-45.1484033155492,1.9850448074069));
#3107=CARTESIAN_POINT('Ctrl Pts',(14.8982115973839,-45.2679164961207,1.93004775560471));
#3108=CARTESIAN_POINT('Ctrl Pts',(14.9231732446041,-45.3226018777686,1.89012187558117));
#3109=CARTESIAN_POINT('Ctrl Pts',(14.9624005896108,-45.4110026735177,1.79257528225988));
#3110=CARTESIAN_POINT('Ctrl Pts',(14.9770175221131,-45.4452279325986,1.73714906837376));
#3111=CARTESIAN_POINT('Ctrl Pts',(14.9955044213009,-45.4890567810162,1.61990188459665));
#3112=CARTESIAN_POINT('Ctrl Pts',(15.0000002235174,-45.5000001713634,1.56036619679164));
#3113=CARTESIAN_POINT('Ctrl Pts',(15.0000002235174,-45.5000001713634,1.49999999999996));
#3114=CARTESIAN_POINT('Origin',(7.50000011175871,-48.0000002011657,1.5));
#3115=CARTESIAN_POINT('',(7.50000011175871,-48.0000002011657,2.));
#3116=CARTESIAN_POINT('',(7.50000011175871,-47.5000002011657,1.5));
#3117=CARTESIAN_POINT('Origin',(10.1464402621,-49.6464454893615,1.5));
#3118=CARTESIAN_POINT('',(13.9999996870756,-46.499998960644,1.5));
#3119=CARTESIAN_POINT('',(10.4999933438356,-49.9999991888122,1.5));
#3120=CARTESIAN_POINT('',(14.0000003047906,-45.7928921794577,2.));
#3121=CARTESIAN_POINT('',(10.1464402621,-49.6464454893615,2.));
#3122=CARTESIAN_POINT('Origin',(14.0000003047906,-45.7928921794577,1.5));
#3123=CARTESIAN_POINT('Origin',(10.3535613651672,-42.1464468689101,1.5));
#3124=CARTESIAN_POINT('',(13.0000026449531,-45.5000001713634,1.5));
#3125=CARTESIAN_POINT('',(10.0000076657165,-42.4999999506458,1.5));
#3126=CARTESIAN_POINT('',(13.2071096820056,-45.0000001713634,2.));
#3127=CARTESIAN_POINT('',(10.3535613651672,-42.1464468689101,2.));
#3128=CARTESIAN_POINT('Origin',(13.2071096820056,-45.0000001713634,1.5));
#3129=CARTESIAN_POINT('Origin',(-7.50000011175871,-45.0000001713634,1.5));
#3130=CARTESIAN_POINT('',(9.80000022351741,-45.5000001713634,1.5));
#3131=CARTESIAN_POINT('',(-7.50000011175871,-45.5000001713634,1.5));
#3132=CARTESIAN_POINT('',(9.59289369819674,-45.0000001713634,2.));
#3133=CARTESIAN_POINT('',(-7.50000011175871,-45.0000001713634,2.));
#3134=CARTESIAN_POINT('Origin',(9.59289369819674,-45.0000001713634,1.5));
#3135=CARTESIAN_POINT('Origin',(6.24644253341023,-48.3464454893635,1.5));
#3136=CARTESIAN_POINT('',(8.79999968707562,-46.499998960644,1.5));
#3137=CARTESIAN_POINT('',(6.59999561514589,-48.6999991888141,1.5));
#3138=CARTESIAN_POINT('',(8.80000030479057,-45.7928921794577,2.));
#3139=CARTESIAN_POINT('',(6.24644253341023,-48.3464454893635,2.));
#3140=CARTESIAN_POINT('Origin',(8.80000030479057,-45.7928921794577,1.5));
#3141=CARTESIAN_POINT('Origin',(6.45355909385689,-43.4464468689081,1.5));
#3142=CARTESIAN_POINT('',(7.80000264495307,-45.5000001713634,1.5));
#3143=CARTESIAN_POINT('',(6.10000539440627,-43.7999999506438,1.5));
#3144=CARTESIAN_POINT('',(8.00710968200558,-45.0000001713634,2.));
#3145=CARTESIAN_POINT('',(6.45355909385689,-43.4464468689081,2.));
#3146=CARTESIAN_POINT('Origin',(8.00710968200558,-45.0000001713634,1.5));
#3147=CARTESIAN_POINT('Origin',(-7.50000011175871,-45.0000001713634,1.5));
#3148=CARTESIAN_POINT('',(4.60000022351742,-45.5000001713634,1.5));
#3149=CARTESIAN_POINT('',(-7.50000011175871,-45.5000001713634,1.5));
#3150=CARTESIAN_POINT('',(4.39289369819674,-45.0000001713634,2.));
#3151=CARTESIAN_POINT('',(-7.50000011175871,-45.0000001713634,2.));
#3152=CARTESIAN_POINT('Origin',(4.39289369819674,-45.0000001713634,1.5));
#3153=CARTESIAN_POINT('Origin',(2.34644480472049,-47.0464454893655,1.5));
#3154=CARTESIAN_POINT('',(2.69999788645615,-47.3999991888161,1.5));
#3155=CARTESIAN_POINT('',(2.34644480472049,-47.0464454893655,2.));
#3156=CARTESIAN_POINT('Origin',(-13.9999985210607,-46.499998960644,0.));
#3157=CARTESIAN_POINT('',(-13.9999985210607,-46.499998960644,0.5));
#3158=CARTESIAN_POINT('',(-13.9999985210607,-46.499998960644,0.));
#3159=CARTESIAN_POINT('',(-15.0000002235174,-47.5000002011657,0.5));
#3160=CARTESIAN_POINT('',(-10.4999930821352,-42.9999996367888,0.5));
#3161=CARTESIAN_POINT('',(-15.0000002235174,-47.5000002011657,0.));
#3162=CARTESIAN_POINT('Origin',(-13.0000002905726,-47.4999989382923,0.));
#3163=CARTESIAN_POINT('',(-12.9999990277014,-47.5000002011657,0.5));
#3164=CARTESIAN_POINT('',(-12.9999990277014,-47.5000002011657,0.));
#3165=CARTESIAN_POINT('',(-10.0000055842118,-50.4999988861336,0.5));
#3166=CARTESIAN_POINT('Origin',(15.0000002235174,-47.5000002011657,0.));
#3167=CARTESIAN_POINT('',(-9.80000150874784,-47.5000002011657,0.5));
#3168=CARTESIAN_POINT('',(-9.80000150874784,-47.5000002011657,0.));
#3169=CARTESIAN_POINT('',(7.50000011175871,-47.5000002011657,0.5));
#3170=CARTESIAN_POINT('Origin',(-8.79999852106072,-46.499998960644,0.));
#3171=CARTESIAN_POINT('',(-8.79999852106072,-46.499998960644,0.5));
#3172=CARTESIAN_POINT('',(-8.79999852106072,-46.499998960644,0.));
#3173=CARTESIAN_POINT('',(-6.59999535344546,-44.2999996367868,0.5));
#3174=CARTESIAN_POINT('Origin',(-7.80000029057264,-47.4999989382923,0.));
#3175=CARTESIAN_POINT('',(-7.79999902770144,-47.5000002011657,0.5));
#3176=CARTESIAN_POINT('',(-7.79999902770144,-47.5000002011657,0.));
#3177=CARTESIAN_POINT('',(-6.10000331290157,-49.1999988861356,0.5));
#3178=CARTESIAN_POINT('Origin',(15.0000002235174,-47.5000002011657,0.));
#3179=CARTESIAN_POINT('',(-4.60000150874784,-47.5000002011657,0.5));
#3180=CARTESIAN_POINT('',(-4.60000150874784,-47.5000002011657,0.));
#3181=CARTESIAN_POINT('',(7.50000011175871,-47.5000002011657,0.5));
#3182=CARTESIAN_POINT('Origin',(-3.59999852106072,-46.499998960644,0.));
#3183=CARTESIAN_POINT('',(-3.59999852106072,-46.499998960644,0.5));
#3184=CARTESIAN_POINT('',(-3.59999852106072,-46.499998960644,0.));
#3185=CARTESIAN_POINT('',(-2.69999762475575,-45.5999996367848,0.5));
#3186=CARTESIAN_POINT('Origin',(-2.60000029057265,-47.4999989382923,0.));
#3187=CARTESIAN_POINT('',(-2.59999902770144,-47.5000002011657,0.5));
#3188=CARTESIAN_POINT('',(-2.59999902770144,-47.5000002011657,0.));
#3189=CARTESIAN_POINT('',(-2.2000010415913,-47.8999988861376,0.5));
#3190=CARTESIAN_POINT('Origin',(15.0000002235174,-47.5000002011657,0.));
#3191=CARTESIAN_POINT('',(0.599998491252167,-47.5000002011657,0.5));
#3192=CARTESIAN_POINT('',(0.599998491252167,-47.5000002011657,0.));
#3193=CARTESIAN_POINT('',(7.50000011175871,-47.5000002011657,0.5));
#3194=CARTESIAN_POINT('Origin',(1.60000147893928,-46.499998960644,0.));
#3195=CARTESIAN_POINT('',(1.60000147893928,-46.499998960644,0.5));
#3196=CARTESIAN_POINT('',(1.60000147893928,-46.499998960644,0.));
#3197=CARTESIAN_POINT('',(1.20000010393399,-46.8999996367828,0.5));
#3198=CARTESIAN_POINT('Origin',(2.59999970942736,-47.4999989382923,0.));
#3199=CARTESIAN_POINT('',(2.60000097229857,-47.5000002011657,0.5));
#3200=CARTESIAN_POINT('',(2.60000097229857,-47.5000002011657,0.));
#3201=CARTESIAN_POINT('',(1.70000122971897,-46.5999988861396,0.5));
#3202=CARTESIAN_POINT('Origin',(15.0000002235174,-47.5000002011657,0.));
#3203=CARTESIAN_POINT('',(5.79999849125217,-47.5000002011657,0.5));
#3204=CARTESIAN_POINT('',(5.79999849125217,-47.5000002011657,0.));
#3205=CARTESIAN_POINT('',(7.50000011175871,-47.5000002011657,0.5));
#3206=CARTESIAN_POINT('Origin',(6.80000147893928,-46.499998960644,0.));
#3207=CARTESIAN_POINT('',(6.80000147893928,-46.499998960644,0.5));
#3208=CARTESIAN_POINT('',(6.80000147893928,-46.499998960644,0.));
#3209=CARTESIAN_POINT('',(5.09999783262371,-48.1999996367808,0.5));
#3210=CARTESIAN_POINT('Origin',(7.79999970942736,-47.4999989382923,0.));
#3211=CARTESIAN_POINT('',(7.80000097229857,-47.5000002011657,0.5));
#3212=CARTESIAN_POINT('',(7.80000097229857,-47.5000002011657,0.));
#3213=CARTESIAN_POINT('',(5.60000350102925,-45.2999988861416,0.5));
#3214=CARTESIAN_POINT('Origin',(15.0000002235174,-47.5000002011657,0.));
#3215=CARTESIAN_POINT('',(10.9999984912522,-47.5000002011657,0.5));
#3216=CARTESIAN_POINT('',(10.9999984912522,-47.5000002011657,0.));
#3217=CARTESIAN_POINT('',(7.50000011175871,-47.5000002011657,0.5));
#3218=CARTESIAN_POINT('Origin',(12.0000014789393,-46.499998960644,0.));
#3219=CARTESIAN_POINT('',(12.0000014789393,-46.499998960644,0.5));
#3220=CARTESIAN_POINT('',(12.0000014789393,-46.499998960644,0.));
#3221=CARTESIAN_POINT('',(8.99999556131344,-49.4999996367788,0.5));
#3222=CARTESIAN_POINT('Origin',(12.9999997094274,-47.4999989382923,0.));
#3223=CARTESIAN_POINT('',(13.0000009722986,-47.5000002011657,0.5));
#3224=CARTESIAN_POINT('',(13.0000009722986,-47.5000002011657,0.));
#3225=CARTESIAN_POINT('',(9.50000577233951,-43.9999988861436,0.5));
#3226=CARTESIAN_POINT('Origin',(15.0000002235174,-47.5000002011657,0.));
#3227=CARTESIAN_POINT('',(15.0000002235174,-47.5000002011657,0.5));
#3228=CARTESIAN_POINT('',(15.0000002235174,-47.5000002011657,0.));
#3229=CARTESIAN_POINT('',(7.50000011175871,-47.5000002011657,0.5));
#3230=CARTESIAN_POINT('Origin',(15.0000002235174,-46.5000001862645,0.));
#3231=CARTESIAN_POINT('',(15.0000002235174,-45.5000001713634,0.5));
#3232=CARTESIAN_POINT('',(15.0000002235174,-45.5000001713634,0.));
#3233=CARTESIAN_POINT('Origin',(15.0000002235174,-46.5000001862645,0.5));
#3234=CARTESIAN_POINT('Origin',(0.,-46.5000001862645,2.));
#3235=CARTESIAN_POINT('',(15.0000002235174,-44.000000141561,2.));
#3236=CARTESIAN_POINT('',(15.0000002235174,-49.000000230968,2.));
#3237=CARTESIAN_POINT('Ctrl Pts',(15.0000002235174,-44.000000141561,2.));
#3238=CARTESIAN_POINT('Ctrl Pts',(15.5101901460056,-44.000000141561,2.));
#3239=CARTESIAN_POINT('Ctrl Pts',(16.2854559650513,-44.1867336075689,2.));
#3240=CARTESIAN_POINT('Ctrl Pts',(16.9700157732578,-44.8491803169381,2.));
#3241=CARTESIAN_POINT('Ctrl Pts',(17.3512218059196,-45.8948028886198,2.));
#3242=CARTESIAN_POINT('Ctrl Pts',(17.3462155455902,-47.3114204296753,2.));
#3243=CARTESIAN_POINT('Ctrl Pts',(16.8877328159162,-48.2991725211103,2.));
#3244=CARTESIAN_POINT('Ctrl Pts',(16.0966026433734,-48.8558591235044,2.));
#3245=CARTESIAN_POINT('Ctrl Pts',(15.5101901460056,-49.000000230968,2.));
#3246=CARTESIAN_POINT('Ctrl Pts',(15.0000002235174,-49.000000230968,2.));
#3247=CARTESIAN_POINT('',(-15.0000002235174,-44.000000141561,2.));
#3248=CARTESIAN_POINT('',(7.50000011175871,-44.000000141561,2.));
#3249=CARTESIAN_POINT('',(-15.0000002235174,-49.000000230968,2.));
#3250=CARTESIAN_POINT('Ctrl Pts',(-15.0000002235174,-49.000000230968,2.));
#3251=CARTESIAN_POINT('Ctrl Pts',(-15.5101901460056,-49.000000230968,2.));
#3252=CARTESIAN_POINT('Ctrl Pts',(-16.2854559650514,-48.8132667649603,2.));
#3253=CARTESIAN_POINT('Ctrl Pts',(-16.9700157732577,-48.1508200555916,2.));
#3254=CARTESIAN_POINT('Ctrl Pts',(-17.3512218059195,-47.1051974839103,2.));
#3255=CARTESIAN_POINT('Ctrl Pts',(-17.3462155455902,-45.6885799428548,2.));
#3256=CARTESIAN_POINT('Ctrl Pts',(-16.8877328159162,-44.7008278514193,2.));
#3257=CARTESIAN_POINT('Ctrl Pts',(-16.0966026433732,-44.1441412490248,2.));
#3258=CARTESIAN_POINT('Ctrl Pts',(-15.5101901460056,-44.000000141561,2.));
#3259=CARTESIAN_POINT('Ctrl Pts',(-15.0000002235174,-44.000000141561,2.));
#3260=CARTESIAN_POINT('',(-7.50000011175871,-49.000000230968,2.));
#3261=CARTESIAN_POINT('Origin',(-7.50000011175871,-45.0000001713634,0.5));
#3262=CARTESIAN_POINT('',(4.39289369819675,-45.0000001713634,0.));
#3263=CARTESIAN_POINT('',(8.00710968200558,-45.0000001713634,0.));
#3264=CARTESIAN_POINT('',(-7.50000011175871,-45.0000001713634,0.));
#3265=CARTESIAN_POINT('',(7.80000264495307,-45.5000001713634,0.5));
#3266=CARTESIAN_POINT('Origin',(8.00710968200557,-45.0000001713634,0.5));
#3267=CARTESIAN_POINT('',(4.60000022351742,-45.5000001713634,0.5));
#3268=CARTESIAN_POINT('',(-7.50000011175871,-45.5000001713634,0.5));
#3269=CARTESIAN_POINT('Origin',(4.39289369819675,-45.0000001713634,0.5));
#3270=CARTESIAN_POINT('Origin',(-7.50000011175871,-45.0000001713634,0.5));
#3271=CARTESIAN_POINT('',(2.60000264495307,-45.5000001713634,0.5));
#3272=CARTESIAN_POINT('',(-0.599999776482587,-45.5000001713634,0.5));
#3273=CARTESIAN_POINT('',(-7.50000011175871,-45.5000001713634,0.5));
#3274=CARTESIAN_POINT('',(-0.807106301803255,-45.0000001713634,0.));
#3275=CARTESIAN_POINT('Origin',(-0.807106301803255,-45.0000001713634,0.5));
#3276=CARTESIAN_POINT('',(2.80710968200558,-45.0000001713634,0.));
#3277=CARTESIAN_POINT('',(-7.50000011175871,-45.0000001713634,0.));
#3278=CARTESIAN_POINT('Origin',(2.80710968200558,-45.0000001713634,0.5));
#3279=CARTESIAN_POINT('Origin',(-1.55355292396925,-45.7464454893675,0.5));
#3280=CARTESIAN_POINT('',(-1.60000031292439,-46.499998960644,0.5));
#3281=CARTESIAN_POINT('',(-1.19999984223359,-46.0999991888181,0.5));
#3282=CARTESIAN_POINT('',(-1.59999969520943,-45.7928921794577,0.));
#3283=CARTESIAN_POINT('Origin',(-1.59999969520943,-45.7928921794577,0.5));
#3284=CARTESIAN_POINT('',(-1.55355292396925,-45.7464454893675,0.));
#3285=CARTESIAN_POINT('Origin',(-7.50000011175871,-45.0000001713634,0.5));
#3286=CARTESIAN_POINT('',(9.59289369819674,-45.0000001713634,0.));
#3287=CARTESIAN_POINT('',(13.2071096820056,-45.0000001713634,0.));
#3288=CARTESIAN_POINT('',(-7.50000011175871,-45.0000001713634,0.));
#3289=CARTESIAN_POINT('',(13.0000026449531,-45.5000001713634,0.5));
#3290=CARTESIAN_POINT('Origin',(13.2071096820056,-45.0000001713634,0.5));
#3291=CARTESIAN_POINT('',(9.80000022351741,-45.5000001713634,0.5));
#3292=CARTESIAN_POINT('',(-7.50000011175871,-45.5000001713634,0.5));
#3293=CARTESIAN_POINT('Origin',(9.59289369819674,-45.0000001713634,0.5));
#3294=CARTESIAN_POINT('Origin',(-7.50000011175871,-45.0000001713634,0.5));
#3295=CARTESIAN_POINT('',(-2.59999735504693,-45.5000001713634,0.5));
#3296=CARTESIAN_POINT('',(-5.79999977648258,-45.5000001713634,0.5));
#3297=CARTESIAN_POINT('',(-7.50000011175871,-45.5000001713634,0.5));
#3298=CARTESIAN_POINT('',(-6.00710630180326,-45.0000001713634,0.));
#3299=CARTESIAN_POINT('Origin',(-6.00710630180326,-45.0000001713634,0.5));
#3300=CARTESIAN_POINT('',(-2.39289031799443,-45.0000001713634,0.));
#3301=CARTESIAN_POINT('',(-7.50000011175871,-45.0000001713634,0.));
#3302=CARTESIAN_POINT('Origin',(-2.39289031799443,-45.0000001713634,0.5));
#3303=CARTESIAN_POINT('Origin',(-5.45355065265898,-44.4464454893695,0.5));
#3304=CARTESIAN_POINT('',(-6.80000031292439,-46.499998960644,0.5));
#3305=CARTESIAN_POINT('',(-5.09999757092332,-44.7999991888201,0.5));
#3306=CARTESIAN_POINT('',(-6.79999969520943,-45.7928921794577,0.));
#3307=CARTESIAN_POINT('Origin',(-6.79999969520943,-45.7928921794577,0.5));
#3308=CARTESIAN_POINT('',(-5.45355065265898,-44.4464454893695,0.));
#3309=CARTESIAN_POINT('Origin',(15.0000002235174,-46.5000001862645,0.5));
#3310=CARTESIAN_POINT('',(14.7760871632745,-45.0168066769219,0.));
#3311=CARTESIAN_POINT('',(15.0000002235174,-48.0000002011657,0.));
#3312=CARTESIAN_POINT('Origin',(15.0000002235174,-46.5000001862645,0.));
#3313=CARTESIAN_POINT('Origin',(15.0000002235174,-48.0000002011657,0.5));
#3314=CARTESIAN_POINT('Ctrl Pts',(15.0000002235174,-45.5000001713634,0.5));
#3315=CARTESIAN_POINT('Ctrl Pts',(15.0000002235174,-45.5000001713634,0.439595455556265));
#3316=CARTESIAN_POINT('Ctrl Pts',(14.9954988833951,-45.4890435109365,0.380050912086494));
#3317=CARTESIAN_POINT('Ctrl Pts',(14.977466080685,-45.4462915248127,0.265708371122963));
#3318=CARTESIAN_POINT('Ctrl Pts',(14.9637554145084,-45.4141744367216,0.212611605140145));
#3319=CARTESIAN_POINT('Ctrl Pts',(14.9270861864682,-45.3313088285292,0.117904184872255));
#3320=CARTESIAN_POINT('Ctrl Pts',(14.9037629069742,-45.2799896876196,0.078318161768427));
#3321=CARTESIAN_POINT('Ctrl Pts',(14.8621928497524,-45.1918305097981,0.0338629594020565));
#3322=CARTESIAN_POINT('Ctrl Pts',(14.8461200477532,-45.1583367366479,0.021471520464055));
#3323=CARTESIAN_POINT('Ctrl Pts',(14.8126437581591,-45.0898037155654,0.00464858645158583));
#3324=CARTESIAN_POINT('Ctrl Pts',(14.7953000637466,-45.0548879472226,0.000262919408351261));
#3325=CARTESIAN_POINT('Ctrl Pts',(14.7771582862555,-45.0189283246068,3.82291200123024E-6));
#3326=CARTESIAN_POINT('Ctrl Pts',(14.7766228237458,-45.0178674520504,7.45053447499015E-18));
#3327=CARTESIAN_POINT('Ctrl Pts',(14.7760871632745,-45.0168066769219,0.));
#3328=CARTESIAN_POINT('Origin',(7.50000011175871,-48.0000002011657,0.5));
#3329=CARTESIAN_POINT('',(12.7928939352461,-48.0000002011657,0.));
#3330=CARTESIAN_POINT('',(7.50000011175871,-48.0000002011657,0.));
#3331=CARTESIAN_POINT('Origin',(12.7928939352461,-48.0000002011657,0.5));
#3332=CARTESIAN_POINT('Origin',(-7.50000011175871,-45.0000001713634,0.5));
#3333=CARTESIAN_POINT('',(-7.79999735504694,-45.5000001713634,0.5));
#3334=CARTESIAN_POINT('',(-10.9999997764826,-45.5000001713634,0.5));
#3335=CARTESIAN_POINT('',(-7.50000011175871,-45.5000001713634,0.5));
#3336=CARTESIAN_POINT('',(-11.2071063018033,-45.0000001713634,0.));
#3337=CARTESIAN_POINT('Origin',(-11.2071063018033,-45.0000001713634,0.5));
#3338=CARTESIAN_POINT('',(-7.59289031799443,-45.0000001713634,0.));
#3339=CARTESIAN_POINT('',(-7.50000011175871,-45.0000001713634,0.));
#3340=CARTESIAN_POINT('Origin',(-7.59289031799443,-45.0000001713634,0.5));
#3341=CARTESIAN_POINT('Origin',(9.14645207288889,-44.3535519678792,0.5));
#3342=CARTESIAN_POINT('',(12.0000008612243,-47.2071057418303,0.));
#3343=CARTESIAN_POINT('',(9.14645207288889,-44.3535519678792,0.));
#3344=CARTESIAN_POINT('Origin',(12.0000008612243,-47.2071057418303,0.5));
#3345=CARTESIAN_POINT('Origin',(-9.35354838134871,-43.1464454893715,0.5));
#3346=CARTESIAN_POINT('',(-12.0000003129244,-46.499998960644,0.5));
#3347=CARTESIAN_POINT('',(-8.99999529961305,-43.4999991888221,0.5));
#3348=CARTESIAN_POINT('',(-11.9999996952094,-45.7928921794577,0.));
#3349=CARTESIAN_POINT('Origin',(-11.9999996952094,-45.7928921794577,0.5));
#3350=CARTESIAN_POINT('',(-9.35354838134871,-43.1464454893715,0.));
#3351=CARTESIAN_POINT('Origin',(7.50000011175871,-48.0000002011657,0.5));
#3352=CARTESIAN_POINT('',(11.2071050165729,-48.0000002011657,0.));
#3353=CARTESIAN_POINT('',(7.59289393524607,-48.0000002011657,0.));
#3354=CARTESIAN_POINT('',(7.50000011175871,-48.0000002011657,0.));
#3355=CARTESIAN_POINT('Origin',(7.59289393524607,-48.0000002011657,0.5));
#3356=CARTESIAN_POINT('Origin',(11.2071050165729,-48.0000002011657,0.5));
#3357=CARTESIAN_POINT('Origin',(5.24644980157863,-45.6535519678772,0.5));
#3358=CARTESIAN_POINT('',(6.80000086122432,-47.2071057418303,0.));
#3359=CARTESIAN_POINT('',(5.24644980157863,-45.6535519678772,0.));
#3360=CARTESIAN_POINT('Origin',(6.80000086122432,-47.2071057418303,0.5));
#3361=CARTESIAN_POINT('Origin',(7.50000011175871,-48.0000002011657,0.5));
#3362=CARTESIAN_POINT('',(6.00710501657284,-48.0000002011657,0.));
#3363=CARTESIAN_POINT('',(2.39289393524606,-48.0000002011657,0.));
#3364=CARTESIAN_POINT('',(7.50000011175871,-48.0000002011657,0.));
#3365=CARTESIAN_POINT('Origin',(2.39289393524606,-48.0000002011657,0.5));
#3366=CARTESIAN_POINT('Origin',(6.00710501657284,-48.0000002011657,0.5));
#3367=CARTESIAN_POINT('Origin',(7.50000011175871,-48.0000002011657,0.5));
#3368=CARTESIAN_POINT('',(-9.59289498342716,-48.0000002011657,0.));
#3369=CARTESIAN_POINT('Origin',(-9.59289498342716,-48.0000002011657,0.5));
#3370=CARTESIAN_POINT('',(-13.2071060647539,-48.0000002011657,0.));
#3371=CARTESIAN_POINT('',(7.50000011175871,-48.0000002011657,0.));
#3372=CARTESIAN_POINT('Origin',(-13.2071060647539,-48.0000002011657,0.5));
#3373=CARTESIAN_POINT('Origin',(1.34644753026835,-46.9535519678752,0.5));
#3374=CARTESIAN_POINT('',(1.60000086122432,-47.2071057418303,0.));
#3375=CARTESIAN_POINT('',(1.34644753026835,-46.9535519678752,0.));
#3376=CARTESIAN_POINT('Origin',(1.60000086122432,-47.2071057418303,0.5));
#3377=CARTESIAN_POINT('Origin',(7.50000011175871,-48.0000002011657,0.5));
#3378=CARTESIAN_POINT('',(0.807105016572844,-48.0000002011657,0.));
#3379=CARTESIAN_POINT('',(-2.80710606475394,-48.0000002011657,0.));
#3380=CARTESIAN_POINT('',(7.50000011175871,-48.0000002011657,0.));
#3381=CARTESIAN_POINT('Origin',(-2.80710606475394,-48.0000002011657,0.5));
#3382=CARTESIAN_POINT('Origin',(0.807105016572844,-48.0000002011657,0.5));
#3383=CARTESIAN_POINT('Origin',(7.50000011175871,-48.0000002011657,0.5));
#3384=CARTESIAN_POINT('',(-4.39289498342716,-48.0000002011657,0.));
#3385=CARTESIAN_POINT('Origin',(-4.39289498342716,-48.0000002011657,0.5));
#3386=CARTESIAN_POINT('',(-8.00710606475393,-48.0000002011657,0.));
#3387=CARTESIAN_POINT('',(7.50000011175871,-48.0000002011657,0.));
#3388=CARTESIAN_POINT('Origin',(-8.00710606475394,-48.0000002011657,0.5));
#3389=CARTESIAN_POINT('Origin',(-2.55355474104192,-48.2535519678733,0.5));
#3390=CARTESIAN_POINT('',(-3.59999913877568,-47.2071057418303,0.));
#3391=CARTESIAN_POINT('',(-2.55355474104192,-48.2535519678733,0.));
#3392=CARTESIAN_POINT('Origin',(-3.59999913877568,-47.2071057418303,0.5));
#3393=CARTESIAN_POINT('Origin',(-2.34644454302009,-45.9535533362354,0.5));
#3394=CARTESIAN_POINT('',(-2.34644454302009,-45.9535533362354,0.));
#3395=CARTESIAN_POINT('Origin',(-6.4535570123522,-49.5535519678713,0.5));
#3396=CARTESIAN_POINT('',(-8.79999913877568,-47.2071057418303,0.));
#3397=CARTESIAN_POINT('',(-6.4535570123522,-49.5535519678713,0.));
#3398=CARTESIAN_POINT('Origin',(-8.79999913877568,-47.2071057418303,0.5));
#3399=CARTESIAN_POINT('Origin',(1.55355318566965,-47.2535533362334,0.5));
#3400=CARTESIAN_POINT('',(1.55355318566965,-47.2535533362334,0.));
#3401=CARTESIAN_POINT('Origin',(-6.2464422717098,-44.6535533362374,0.5));
#3402=CARTESIAN_POINT('',(-6.2464422717098,-44.6535533362374,0.));
#3403=CARTESIAN_POINT('Origin',(-10.3535592836625,-50.8535519678693,0.5));
#3404=CARTESIAN_POINT('',(-13.9999991387757,-47.2071057418303,0.));
#3405=CARTESIAN_POINT('',(-10.3535592836625,-50.8535519678693,0.));
#3406=CARTESIAN_POINT('Origin',(-13.9999991387757,-47.2071057418303,0.5));
#3407=CARTESIAN_POINT('Origin',(5.45355091435937,-48.5535533362314,0.5));
#3408=CARTESIAN_POINT('',(5.45355091435937,-48.5535533362314,0.));
#3409=CARTESIAN_POINT('Origin',(-10.1464400003995,-43.3535533362394,0.5));
#3410=CARTESIAN_POINT('',(-14.7760886770317,-47.9831939241335,0.));
#3411=CARTESIAN_POINT('',(-10.1464400003995,-43.3535533362394,0.));
#3412=CARTESIAN_POINT('Ctrl Pts',(-14.7760886770317,-47.9831939241335,0.));
#3413=CARTESIAN_POINT('Ctrl Pts',(-14.7766243369,-47.9821331488538,1.44688765858671E-17));
#3414=CARTESIAN_POINT('Ctrl Pts',(-14.7771597988068,-47.9810722761454,3.82290984138397E-6));
#3415=CARTESIAN_POINT('Ctrl Pts',(-14.7948203040437,-47.9460665601672,0.000256046133357116));
#3416=CARTESIAN_POINT('Ctrl Pts',(-14.811697877705,-47.9121040177462,0.00441192949950711));
#3417=CARTESIAN_POINT('Ctrl Pts',(-14.8443269686545,-47.8453672218153,0.0203500054463837));
#3418=CARTESIAN_POINT('Ctrl Pts',(-14.8600230934944,-47.8127071575573,0.0320915648334935));
#3419=CARTESIAN_POINT('Ctrl Pts',(-14.9015221600778,-47.7248724289657,0.0750495961995304));
#3420=CARTESIAN_POINT('Ctrl Pts',(-14.9251239008909,-47.6730483798149,0.114081823502487));
#3421=CARTESIAN_POINT('Ctrl Pts',(-14.9623633106601,-47.5890432392409,0.207955776083457));
#3422=CARTESIAN_POINT('Ctrl Pts',(-14.9763623480181,-47.5563036390998,0.260768037187794));
#3423=CARTESIAN_POINT('Ctrl Pts',(-14.9949429041735,-47.5123000208771,0.374707901316099));
#3424=CARTESIAN_POINT('Ctrl Pts',(-14.999715926586,-47.5006896478203,0.434126602848187));
#3425=CARTESIAN_POINT('Ctrl Pts',(-14.9999973974212,-47.5000101269006,0.496361346674795));
#3426=CARTESIAN_POINT('Ctrl Pts',(-15.0000015087469,-47.500000201165,0.498181050341215));
#3427=CARTESIAN_POINT('Ctrl Pts',(-15.000001508747,-47.5000002011649,0.499999999959353));
#3428=CARTESIAN_POINT('Origin',(-15.0000002235174,-46.5000001862645,0.5));
#3429=CARTESIAN_POINT('',(-15.0000002235174,-45.0000001713634,0.));
#3430=CARTESIAN_POINT('Origin',(-15.0000002235174,-46.5000001862645,0.));
#3431=CARTESIAN_POINT('',(-15.0000002235174,-45.5000001713634,0.5));
#3432=CARTESIAN_POINT('Origin',(-15.0000002235174,-45.0000001713634,0.5));
#3433=CARTESIAN_POINT('Origin',(-15.0000002235174,-46.5000001862645,0.5));
#3434=CARTESIAN_POINT('Origin',(-7.50000011175871,-45.0000001713634,0.5));
#3435=CARTESIAN_POINT('',(-12.9999973550469,-45.5000001713634,0.5));
#3436=CARTESIAN_POINT('',(-7.50000011175871,-45.5000001713634,0.5));
#3437=CARTESIAN_POINT('',(-12.7928903179944,-45.0000001713634,0.));
#3438=CARTESIAN_POINT('',(-7.50000011175871,-45.0000001713634,0.));
#3439=CARTESIAN_POINT('Origin',(-12.7928903179944,-45.0000001713634,0.5));
#3440=CARTESIAN_POINT('Origin',(-9.14644999138419,-48.6464468689002,0.5));
#3441=CARTESIAN_POINT('',(-9.5000036908348,-48.9999999506359,0.5));
#3442=CARTESIAN_POINT('',(-9.14644999138419,-48.6464468689002,0.));
#3443=CARTESIAN_POINT('Origin',(9.35354864304911,-49.8535533362295,0.5));
#3444=CARTESIAN_POINT('',(9.35354864304911,-49.8535533362295,0.));
#3445=CARTESIAN_POINT('Origin',(-5.24644772007392,-47.3464468689022,0.5));
#3446=CARTESIAN_POINT('',(-5.60000141952454,-47.6999999506378,0.5));
#3447=CARTESIAN_POINT('',(-5.24644772007392,-47.3464468689022,0.));
#3448=CARTESIAN_POINT('Origin',(10.1464402621,-49.6464454893615,0.5));
#3449=CARTESIAN_POINT('',(14.0000003047906,-45.7928921794577,0.));
#3450=CARTESIAN_POINT('',(10.1464402621,-49.6464454893615,0.));
#3451=CARTESIAN_POINT('',(13.9999996870756,-46.499998960644,0.5));
#3452=CARTESIAN_POINT('',(10.4999933438356,-49.9999991888122,0.5));
#3453=CARTESIAN_POINT('Origin',(14.0000003047906,-45.7928921794577,0.5));
#3454=CARTESIAN_POINT('Origin',(10.3535613651672,-42.1464468689101,0.5));
#3455=CARTESIAN_POINT('',(10.3535613651672,-42.1464468689101,0.));
#3456=CARTESIAN_POINT('',(10.0000076657165,-42.4999999506458,0.5));
#3457=CARTESIAN_POINT('Origin',(-1.34644544876364,-46.0464468689042,0.5));
#3458=CARTESIAN_POINT('',(-1.69999914821426,-46.3999999506398,0.5));
#3459=CARTESIAN_POINT('',(-1.34644544876364,-46.0464468689042,0.));
#3460=CARTESIAN_POINT('Origin',(6.24644253341023,-48.3464454893635,0.5));
#3461=CARTESIAN_POINT('',(8.80000030479057,-45.7928921794577,0.));
#3462=CARTESIAN_POINT('',(6.24644253341023,-48.3464454893635,0.));
#3463=CARTESIAN_POINT('',(8.79999968707562,-46.499998960644,0.5));
#3464=CARTESIAN_POINT('',(6.59999561514589,-48.6999991888141,0.5));
#3465=CARTESIAN_POINT('Origin',(8.80000030479057,-45.7928921794577,0.5));
#3466=CARTESIAN_POINT('Origin',(6.45355909385689,-43.4464468689081,0.5));
#3467=CARTESIAN_POINT('',(6.45355909385689,-43.4464468689081,0.));
#3468=CARTESIAN_POINT('',(6.10000539440627,-43.7999999506438,0.5));
#3469=CARTESIAN_POINT('Origin',(2.55355682254662,-44.7464468689061,0.5));
#3470=CARTESIAN_POINT('',(3.59999968707561,-46.499998960644,0.5));
#3471=CARTESIAN_POINT('',(2.200003123096,-45.0999999506418,0.5));
#3472=CARTESIAN_POINT('',(3.60000030479058,-45.7928921794577,0.));
#3473=CARTESIAN_POINT('',(2.55355682254662,-44.7464468689061,0.));
#3474=CARTESIAN_POINT('Origin',(3.60000030479058,-45.7928921794577,0.5));
#3475=CARTESIAN_POINT('Origin',(2.34644480472049,-47.0464454893655,0.5));
#3476=CARTESIAN_POINT('',(2.34644480472049,-47.0464454893655,0.));
#3477=CARTESIAN_POINT('',(2.69999788645615,-47.3999991888161,0.5));
#3478=CARTESIAN_POINT('Origin',(7.80000264495307,-45.5000001713634,0.));
#3479=CARTESIAN_POINT('',(7.80000264495307,-45.5000001713634,0.));
#3480=CARTESIAN_POINT('',(8.79999968707562,-46.499998960644,0.));
#3481=CARTESIAN_POINT('Origin',(8.79999968707562,-46.499998960644,0.));
#3482=CARTESIAN_POINT('',(9.80000022351741,-45.5000001713634,0.));
#3483=CARTESIAN_POINT('Origin',(-15.0000002235174,-45.5000001713634,0.));
#3484=CARTESIAN_POINT('',(13.0000026449531,-45.5000001713634,0.));
#3485=CARTESIAN_POINT('Origin',(13.0000026449531,-45.5000001713634,0.));
#3486=CARTESIAN_POINT('',(13.9999996870756,-46.499998960644,0.));
#3487=CARTESIAN_POINT('Origin',(13.9999996870756,-46.499998960644,0.));
#3488=CARTESIAN_POINT('Origin',(0.,-46.5000001862645,0.));
#3489=CARTESIAN_POINT('',(15.0000002235174,-49.000000230968,0.));
#3490=CARTESIAN_POINT('',(15.0000002235174,-44.000000141561,0.));
#3491=CARTESIAN_POINT('Ctrl Pts',(15.0000002235174,-49.000000230968,0.));
#3492=CARTESIAN_POINT('Ctrl Pts',(15.5101901460056,-49.000000230968,0.));
#3493=CARTESIAN_POINT('Ctrl Pts',(16.2854617321683,-48.8132674709922,0.));
#3494=CARTESIAN_POINT('Ctrl Pts',(16.9700228299448,-48.1508204608731,0.));
#3495=CARTESIAN_POINT('Ctrl Pts',(17.351231914192,-47.1051983766484,0.));
#3496=CARTESIAN_POINT('Ctrl Pts',(17.3462236003582,-45.6885793803606,0.));
#3497=CARTESIAN_POINT('Ctrl Pts',(16.8877376803993,-44.7008255431894,0.));
#3498=CARTESIAN_POINT('Ctrl Pts',(16.0966069058512,-44.1441396171924,0.));
#3499=CARTESIAN_POINT('Ctrl Pts',(15.5101901460056,-44.000000141561,0.));
#3500=CARTESIAN_POINT('Ctrl Pts',(15.0000002235174,-44.000000141561,0.));
#3501=CARTESIAN_POINT('',(-15.0000002235174,-49.000000230968,0.));
#3502=CARTESIAN_POINT('',(-7.50000011175871,-49.000000230968,0.));
#3503=CARTESIAN_POINT('',(-15.0000002235174,-44.000000141561,0.));
#3504=CARTESIAN_POINT('Ctrl Pts',(-15.0000002235174,-44.000000141561,0.));
#3505=CARTESIAN_POINT('Ctrl Pts',(-15.5101901460056,-44.000000141561,0.));
#3506=CARTESIAN_POINT('Ctrl Pts',(-16.2848976347477,-44.1867437351332,0.));
#3507=CARTESIAN_POINT('Ctrl Pts',(-16.9711775239665,-44.8481902581032,0.));
#3508=CARTESIAN_POINT('Ctrl Pts',(-17.350701697143,-45.8960340332415,0.));
#3509=CARTESIAN_POINT('Ctrl Pts',(-17.3499999496585,-47.1046912852373,0.));
#3510=CARTESIAN_POINT('Ctrl Pts',(-16.9719074522724,-48.1515303394226,0.));
#3511=CARTESIAN_POINT('Ctrl Pts',(-16.2826054467899,-48.8129628152753,0.));
#3512=CARTESIAN_POINT('Ctrl Pts',(-15.5101901460056,-49.000000230968,0.));
#3513=CARTESIAN_POINT('Ctrl Pts',(-15.0000002235174,-49.000000230968,0.));
#3514=CARTESIAN_POINT('',(7.50000011175871,-44.000000141561,0.));
#3515=CARTESIAN_POINT('Origin',(2.60000264495307,-45.5000001713634,0.));
#3516=CARTESIAN_POINT('',(2.60000264495307,-45.5000001713634,0.));
#3517=CARTESIAN_POINT('',(3.59999968707561,-46.499998960644,0.));
#3518=CARTESIAN_POINT('Origin',(3.59999968707561,-46.499998960644,0.));
#3519=CARTESIAN_POINT('',(4.60000022351742,-45.5000001713634,0.));
#3520=CARTESIAN_POINT('Origin',(-15.0000002235174,-45.5000001713634,0.));
#3521=CARTESIAN_POINT('',(-0.599999776482587,-45.5000001713634,0.));
#3522=CARTESIAN_POINT('Origin',(-15.0000002235174,-45.5000001713634,0.));
#3523=CARTESIAN_POINT('Origin',(-7.79999735504693,-45.5000001713634,0.));
#3524=CARTESIAN_POINT('',(-7.79999735504694,-45.5000001713634,0.));
#3525=CARTESIAN_POINT('',(-6.80000031292439,-46.499998960644,0.));
#3526=CARTESIAN_POINT('Origin',(-6.80000031292439,-46.499998960644,0.));
#3527=CARTESIAN_POINT('',(-5.79999977648258,-45.5000001713634,0.));
#3528=CARTESIAN_POINT('Origin',(-15.0000002235174,-45.5000001713634,0.));
#3529=CARTESIAN_POINT('',(-10.9999997764826,-45.5000001713634,0.));
#3530=CARTESIAN_POINT('Origin',(-15.0000002235174,-45.5000001713634,0.));
#3531=CARTESIAN_POINT('',(-2.59999735504693,-45.5000001713634,0.));
#3532=CARTESIAN_POINT('Origin',(-12.9999973550469,-45.5000001713634,0.));
#3533=CARTESIAN_POINT('',(-12.9999973550469,-45.5000001713634,0.));
#3534=CARTESIAN_POINT('',(-12.0000003129244,-46.499998960644,0.));
#3535=CARTESIAN_POINT('Origin',(-12.0000003129244,-46.499998960644,0.));
#3536=CARTESIAN_POINT('Origin',(-15.0000002235174,-45.5000001713634,0.));
#3537=CARTESIAN_POINT('',(-15.0000002235174,-45.5000001713634,0.));
#3538=CARTESIAN_POINT('Origin',(-2.59999735504693,-45.5000001713634,0.));
#3539=CARTESIAN_POINT('',(-1.60000031292439,-46.499998960644,0.));
#3540=CARTESIAN_POINT('Origin',(-1.60000031292439,-46.499998960644,0.));
#3541=CARTESIAN_POINT('Ctrl Pts',(15.0000002235174,-49.000000230968,2.));
#3542=CARTESIAN_POINT('Ctrl Pts',(15.5101901460056,-49.000000230968,2.));
#3543=CARTESIAN_POINT('Ctrl Pts',(16.0966026433734,-48.8558591235044,2.));
#3544=CARTESIAN_POINT('Ctrl Pts',(16.8877328159162,-48.2991725211103,2.));
#3545=CARTESIAN_POINT('Ctrl Pts',(17.3462155455902,-47.3114204296753,2.));
#3546=CARTESIAN_POINT('Ctrl Pts',(17.3512218059196,-45.8948028886198,2.));
#3547=CARTESIAN_POINT('Ctrl Pts',(16.9700157732578,-44.8491803169381,2.));
#3548=CARTESIAN_POINT('Ctrl Pts',(16.2854559650513,-44.1867336075689,2.));
#3549=CARTESIAN_POINT('Ctrl Pts',(15.5101901460056,-44.000000141561,2.));
#3550=CARTESIAN_POINT('Ctrl Pts',(15.0000002235174,-44.000000141561,2.));
#3551=CARTESIAN_POINT('Ctrl Pts',(15.0000002235174,-49.1666668976347,1.83333333333333));
#3552=CARTESIAN_POINT('Ctrl Pts',(15.5304632468931,-49.1666668976347,1.83333333333333));
#3553=CARTESIAN_POINT('Ctrl Pts',(16.1597755986678,-49.0170201611239,1.83333333333333));
#3554=CARTESIAN_POINT('Ctrl Pts',(17.0308918469601,-48.4017148962981,1.83333333333333));
#3555=CARTESIAN_POINT('Ctrl Pts',(17.515130197454,-47.343366238075,1.83333333333333));
#3556=CARTESIAN_POINT('Ctrl Pts',(17.5187507932194,-45.8698956197305,1.83333333333333));
#3557=CARTESIAN_POINT('Ctrl Pts',(17.1211200326181,-44.7614576346562,1.83333333333333));
#3558=CARTESIAN_POINT('Ctrl Pts',(16.3649846458248,-44.0288607025841,1.83333333333333));
#3559=CARTESIAN_POINT('Ctrl Pts',(15.530463246893,-43.8333334748944,1.83333333333333));
#3560=CARTESIAN_POINT('Ctrl Pts',(15.0000002235174,-43.8333334748944,1.83333333333333));
#3561=CARTESIAN_POINT('Ctrl Pts',(15.0000002235174,-49.3333335643013,1.66666666666667));
#3562=CARTESIAN_POINT('Ctrl Pts',(15.5507363477805,-49.3333335643013,1.66666666666667));
#3563=CARTESIAN_POINT('Ctrl Pts',(16.2229485539623,-49.1781811987435,1.66666666666667));
#3564=CARTESIAN_POINT('Ctrl Pts',(17.1740508780039,-48.5042572714859,1.66666666666667));
#3565=CARTESIAN_POINT('Ctrl Pts',(17.6840448493178,-47.3753120464747,1.66666666666667));
#3566=CARTESIAN_POINT('Ctrl Pts',(17.6862797805192,-45.8449883508411,1.66666666666667));
#3567=CARTESIAN_POINT('Ctrl Pts',(17.2722242919784,-44.6737349523742,1.66666666666667));
#3568=CARTESIAN_POINT('Ctrl Pts',(16.4445133265984,-43.8709877975992,1.66666666666667));
#3569=CARTESIAN_POINT('Ctrl Pts',(15.5507363477805,-43.6666668082277,1.66666666666667));
#3570=CARTESIAN_POINT('Ctrl Pts',(15.0000002235174,-43.6666668082277,1.66666666666667));
#3571=CARTESIAN_POINT('Ctrl Pts',(15.0000002235174,-49.500000230968,1.5));
#3572=CARTESIAN_POINT('Ctrl Pts',(15.5710094486679,-49.500000230968,1.5));
#3573=CARTESIAN_POINT('Ctrl Pts',(16.2861215092568,-49.339342236363,1.5));
#3574=CARTESIAN_POINT('Ctrl Pts',(17.3172099090478,-48.6067996466737,1.5));
#3575=CARTESIAN_POINT('Ctrl Pts',(17.8529595011816,-47.4072578548744,1.5));
#3576=CARTESIAN_POINT('Ctrl Pts',(17.853808767819,-45.8200810819518,1.5));
#3577=CARTESIAN_POINT('Ctrl Pts',(17.4233285513387,-44.5860122700922,1.5));
#3578=CARTESIAN_POINT('Ctrl Pts',(16.5240420073719,-43.7131148926144,1.5));
#3579=CARTESIAN_POINT('Ctrl Pts',(15.5710094486679,-43.500000141561,1.5));
#3580=CARTESIAN_POINT('Ctrl Pts',(15.0000002235174,-43.500000141561,1.5));
#3581=CARTESIAN_POINT('',(15.0000002235174,-43.500000141561,1.5));
#3582=CARTESIAN_POINT('',(15.0000002235174,-43.500000141561,1.5));
#3583=CARTESIAN_POINT('',(15.0000002235174,-49.500000230968,1.5));
#3584=CARTESIAN_POINT('',(15.0000002235174,-49.000000230968,2.));
#3585=CARTESIAN_POINT('Ctrl Pts',(15.0000002235174,-49.500000230968,1.5));
#3586=CARTESIAN_POINT('Ctrl Pts',(15.5710094486679,-49.500000230968,1.5));
#3587=CARTESIAN_POINT('Ctrl Pts',(16.2861215092568,-49.339342236363,1.5));
#3588=CARTESIAN_POINT('Ctrl Pts',(17.3172099090478,-48.6067996466737,1.5));
#3589=CARTESIAN_POINT('Ctrl Pts',(17.8529595011816,-47.4072578548744,1.5));
#3590=CARTESIAN_POINT('Ctrl Pts',(17.853808767819,-45.8200810819518,1.5));
#3591=CARTESIAN_POINT('Ctrl Pts',(17.4233285513387,-44.5860122700922,1.5));
#3592=CARTESIAN_POINT('Ctrl Pts',(16.5240420073719,-43.7131148926144,1.5));
#3593=CARTESIAN_POINT('Ctrl Pts',(15.5710094486679,-43.500000141561,1.5));
#3594=CARTESIAN_POINT('Ctrl Pts',(15.0000002235174,-43.500000141561,1.5));
#3595=CARTESIAN_POINT('Origin',(7.50000011175871,-43.750000141561,1.75));
#3596=CARTESIAN_POINT('',(-15.0000002235174,-43.500000141561,1.5));
#3597=CARTESIAN_POINT('',(-15.0000002235174,-43.500000141561,1.5));
#3598=CARTESIAN_POINT('',(7.50000011175871,-43.500000141561,1.5));
#3599=CARTESIAN_POINT('Ctrl Pts',(-15.0000002235174,-44.000000141561,2.));
#3600=CARTESIAN_POINT('Ctrl Pts',(-15.5101901460056,-44.000000141561,2.));
#3601=CARTESIAN_POINT('Ctrl Pts',(-16.0966026433732,-44.1441412490248,2.));
#3602=CARTESIAN_POINT('Ctrl Pts',(-16.8877328159162,-44.7008278514193,2.));
#3603=CARTESIAN_POINT('Ctrl Pts',(-17.3462155455902,-45.6885799428548,2.));
#3604=CARTESIAN_POINT('Ctrl Pts',(-17.3512218059195,-47.1051974839103,2.));
#3605=CARTESIAN_POINT('Ctrl Pts',(-16.9700157732577,-48.1508200555916,2.));
#3606=CARTESIAN_POINT('Ctrl Pts',(-16.2854559650514,-48.8132667649603,2.));
#3607=CARTESIAN_POINT('Ctrl Pts',(-15.5101901460056,-49.000000230968,2.));
#3608=CARTESIAN_POINT('Ctrl Pts',(-15.0000002235174,-49.000000230968,2.));
#3609=CARTESIAN_POINT('Ctrl Pts',(-15.0000002235174,-43.8333334748944,1.83333333333333));
#3610=CARTESIAN_POINT('Ctrl Pts',(-15.530463246893,-43.8333334748944,1.83333333333333));
#3611=CARTESIAN_POINT('Ctrl Pts',(-16.1597755986678,-43.9829802114052,1.83333333333333));
#3612=CARTESIAN_POINT('Ctrl Pts',(-17.0308918469601,-44.5982854762316,1.83333333333333));
#3613=CARTESIAN_POINT('Ctrl Pts',(-17.5151301974541,-45.6566341344552,1.83333333333333));
#3614=CARTESIAN_POINT('Ctrl Pts',(-17.5187507932193,-47.1301047527997,1.83333333333333));
#3615=CARTESIAN_POINT('Ctrl Pts',(-17.121120032618,-48.2385427378736,1.83333333333333));
#3616=CARTESIAN_POINT('Ctrl Pts',(-16.3649846458249,-48.9711396699451,1.83333333333333));
#3617=CARTESIAN_POINT('Ctrl Pts',(-15.530463246893,-49.1666668976347,1.83333333333333));
#3618=CARTESIAN_POINT('Ctrl Pts',(-15.0000002235174,-49.1666668976347,1.83333333333333));
#3619=CARTESIAN_POINT('Ctrl Pts',(-15.0000002235174,-43.6666668082277,1.66666666666667));
#3620=CARTESIAN_POINT('Ctrl Pts',(-15.5507363477805,-43.6666668082277,1.66666666666667));
#3621=CARTESIAN_POINT('Ctrl Pts',(-16.2229485539623,-43.8218191737857,1.66666666666667));
#3622=CARTESIAN_POINT('Ctrl Pts',(-17.174050878004,-44.4957431010438,1.66666666666667));
#3623=CARTESIAN_POINT('Ctrl Pts',(-17.6840448493179,-45.6246883260555,1.66666666666667));
#3624=CARTESIAN_POINT('Ctrl Pts',(-17.6862797805191,-47.1550120216891,1.66666666666667));
#3625=CARTESIAN_POINT('Ctrl Pts',(-17.2722242919783,-48.3262654201556,1.66666666666667));
#3626=CARTESIAN_POINT('Ctrl Pts',(-16.4445133265984,-49.12901257493,1.66666666666667));
#3627=CARTESIAN_POINT('Ctrl Pts',(-15.5507363477805,-49.3333335643013,1.66666666666667));
#3628=CARTESIAN_POINT('Ctrl Pts',(-15.0000002235174,-49.3333335643013,1.66666666666667));
#3629=CARTESIAN_POINT('Ctrl Pts',(-15.0000002235174,-43.500000141561,1.5));
#3630=CARTESIAN_POINT('Ctrl Pts',(-15.5710094486679,-43.500000141561,1.5));
#3631=CARTESIAN_POINT('Ctrl Pts',(-16.2861215092568,-43.6606581361662,1.5));
#3632=CARTESIAN_POINT('Ctrl Pts',(-17.3172099090479,-44.3932007258561,1.5));
#3633=CARTESIAN_POINT('Ctrl Pts',(-17.8529595011817,-45.5927425176559,1.5));
#3634=CARTESIAN_POINT('Ctrl Pts',(-17.8538087678189,-47.1799192905785,1.5));
#3635=CARTESIAN_POINT('Ctrl Pts',(-17.4233285513385,-48.4139881024376,1.5));
#3636=CARTESIAN_POINT('Ctrl Pts',(-16.5240420073718,-49.2868854799149,1.5));
#3637=CARTESIAN_POINT('Ctrl Pts',(-15.5710094486679,-49.500000230968,1.5));
#3638=CARTESIAN_POINT('Ctrl Pts',(-15.0000002235174,-49.500000230968,1.5));
#3639=CARTESIAN_POINT('',(-15.0000002235174,-49.500000230968,1.5));
#3640=CARTESIAN_POINT('',(-15.0000002235174,-49.500000230968,1.5));
#3641=CARTESIAN_POINT('Ctrl Pts',(-15.0000002235174,-43.500000141561,1.5));
#3642=CARTESIAN_POINT('Ctrl Pts',(-15.5710094486679,-43.500000141561,1.5));
#3643=CARTESIAN_POINT('Ctrl Pts',(-16.2861215092568,-43.6606581361662,1.5));
#3644=CARTESIAN_POINT('Ctrl Pts',(-17.3172099090479,-44.3932007258561,1.5));
#3645=CARTESIAN_POINT('Ctrl Pts',(-17.8529595011817,-45.5927425176559,1.5));
#3646=CARTESIAN_POINT('Ctrl Pts',(-17.8538087678189,-47.1799192905785,1.5));
#3647=CARTESIAN_POINT('Ctrl Pts',(-17.4233285513385,-48.4139881024376,1.5));
#3648=CARTESIAN_POINT('Ctrl Pts',(-16.5240420073718,-49.2868854799149,1.5));
#3649=CARTESIAN_POINT('Ctrl Pts',(-15.5710094486679,-49.500000230968,1.5));
#3650=CARTESIAN_POINT('Ctrl Pts',(-15.0000002235174,-49.500000230968,1.5));
#3651=CARTESIAN_POINT('Origin',(-7.50000011175871,-49.250000230968,1.75));
#3652=CARTESIAN_POINT('',(-7.50000011175871,-49.500000230968,1.5));
#3653=CARTESIAN_POINT('Origin',(15.0000002235174,-43.500000141561,0.));
#3654=CARTESIAN_POINT('',(15.0000002235174,-43.500000141561,0.5));
#3655=CARTESIAN_POINT('',(15.0000002235174,-43.500000141561,0.));
#3656=CARTESIAN_POINT('',(-15.0000002235174,-43.500000141561,0.5));
#3657=CARTESIAN_POINT('',(7.50000011175871,-43.500000141561,0.5));
#3658=CARTESIAN_POINT('',(-15.0000002235174,-43.500000141561,0.));
#3659=CARTESIAN_POINT('Ctrl Pts',(15.0000002235174,-49.500000230968,0.));
#3660=CARTESIAN_POINT('Ctrl Pts',(15.0000002235174,-49.500000230968,2.));
#3661=CARTESIAN_POINT('Ctrl Pts',(15.4796479726439,-49.500000230968,0.));
#3662=CARTESIAN_POINT('Ctrl Pts',(15.4796479726439,-49.500000230968,2.));
#3663=CARTESIAN_POINT('Ctrl Pts',(16.3290021839957,-49.3774784961413,0.));
#3664=CARTESIAN_POINT('Ctrl Pts',(16.3290021839957,-49.3774784961413,2.));
#3665=CARTESIAN_POINT('Ctrl Pts',(17.2734777509601,-48.8265112845629,0.));
#3666=CARTESIAN_POINT('Ctrl Pts',(17.2734777509601,-48.8265112845629,2.));
#3667=CARTESIAN_POINT('Ctrl Pts',(17.9398415706254,-47.5020457472598,0.));
#3668=CARTESIAN_POINT('Ctrl Pts',(17.9398415706254,-47.5020457472598,2.));
#3669=CARTESIAN_POINT('Ctrl Pts',(17.9398415706255,-45.4979546252705,0.));
#3670=CARTESIAN_POINT('Ctrl Pts',(17.9398415706255,-45.4979546252705,2.));
#3671=CARTESIAN_POINT('Ctrl Pts',(17.2734777509603,-44.1734890879669,0.));
#3672=CARTESIAN_POINT('Ctrl Pts',(17.2734777509603,-44.1734890879669,2.));
#3673=CARTESIAN_POINT('Ctrl Pts',(16.3290021839957,-43.6225218763879,0.));
#3674=CARTESIAN_POINT('Ctrl Pts',(16.3290021839957,-43.6225218763879,2.));
#3675=CARTESIAN_POINT('Ctrl Pts',(15.4796479726439,-43.500000141561,0.));
#3676=CARTESIAN_POINT('Ctrl Pts',(15.4796479726439,-43.500000141561,2.));
#3677=CARTESIAN_POINT('Ctrl Pts',(15.0000002235174,-43.500000141561,0.));
#3678=CARTESIAN_POINT('Ctrl Pts',(15.0000002235174,-43.500000141561,2.));
#3679=CARTESIAN_POINT('',(15.0000002235174,-49.500000230968,0.5));
#3680=CARTESIAN_POINT('',(15.0000002235174,-49.500000230968,0.));
#3681=CARTESIAN_POINT('Ctrl Pts',(15.0000002235174,-43.5000001415611,0.5));
#3682=CARTESIAN_POINT('Ctrl Pts',(15.5710094486679,-43.5000001415611,0.5));
#3683=CARTESIAN_POINT('Ctrl Pts',(16.2861216182959,-43.6606575542059,0.5));
#3684=CARTESIAN_POINT('Ctrl Pts',(17.3172099889936,-44.3932000164885,0.5));
#3685=CARTESIAN_POINT('Ctrl Pts',(17.8529597583263,-45.5927421471376,0.5));
#3686=CARTESIAN_POINT('Ctrl Pts',(17.8538090883671,-47.1799192670157,0.5));
#3687=CARTESIAN_POINT('Ctrl Pts',(17.4233288090174,-48.4139880939722,0.5));
#3688=CARTESIAN_POINT('Ctrl Pts',(16.5240422930762,-49.2868857220883,0.5));
#3689=CARTESIAN_POINT('Ctrl Pts',(15.5710094486679,-49.500000230968,0.5));
#3690=CARTESIAN_POINT('Ctrl Pts',(15.0000002235174,-49.500000230968,0.5));
#3691=CARTESIAN_POINT('Ctrl Pts',(15.0000002235174,-44.000000141561,0.));
#3692=CARTESIAN_POINT('Ctrl Pts',(15.5101901460056,-44.000000141561,0.));
#3693=CARTESIAN_POINT('Ctrl Pts',(16.0966069058512,-44.1441396171924,0.));
#3694=CARTESIAN_POINT('Ctrl Pts',(16.8877376803993,-44.7008255431894,0.));
#3695=CARTESIAN_POINT('Ctrl Pts',(17.3462236003582,-45.6885793803606,0.));
#3696=CARTESIAN_POINT('Ctrl Pts',(17.351231914192,-47.1051983766484,0.));
#3697=CARTESIAN_POINT('Ctrl Pts',(16.9700228299448,-48.1508204608731,0.));
#3698=CARTESIAN_POINT('Ctrl Pts',(16.2854617321683,-48.8132674709922,0.));
#3699=CARTESIAN_POINT('Ctrl Pts',(15.5101901460056,-49.000000230968,0.));
#3700=CARTESIAN_POINT('Ctrl Pts',(15.0000002235174,-49.000000230968,0.));
#3701=CARTESIAN_POINT('Ctrl Pts',(15.0000002235174,-43.8333334748944,0.166666666666667));
#3702=CARTESIAN_POINT('Ctrl Pts',(15.530463246893,-43.8333334748944,0.166666666666667));
#3703=CARTESIAN_POINT('Ctrl Pts',(16.1597784766661,-43.9829789295302,0.166666666666667));
#3704=CARTESIAN_POINT('Ctrl Pts',(17.0308951165974,-44.5982837009558,0.166666666666667));
#3705=CARTESIAN_POINT('Ctrl Pts',(17.5151356530142,-45.6566336359529,0.166666666666667));
#3706=CARTESIAN_POINT('Ctrl Pts',(17.518757638917,-47.1301053401042,0.166666666666667));
#3707=CARTESIAN_POINT('Ctrl Pts',(17.121124822969,-48.2385430052395,0.166666666666667));
#3708=CARTESIAN_POINT('Ctrl Pts',(16.3649885858042,-48.9711402213576,0.166666666666667));
#3709=CARTESIAN_POINT('Ctrl Pts',(15.530463246893,-49.1666668976347,0.166666666666667));
#3710=CARTESIAN_POINT('Ctrl Pts',(15.0000002235174,-49.1666668976347,0.166666666666667));
#3711=CARTESIAN_POINT('Ctrl Pts',(15.0000002235174,-43.6666668082277,0.333333333333333));
#3712=CARTESIAN_POINT('Ctrl Pts',(15.5507363477805,-43.6666668082277,0.333333333333333));
#3713=CARTESIAN_POINT('Ctrl Pts',(16.222950047481,-43.821818241868,0.333333333333333));
#3714=CARTESIAN_POINT('Ctrl Pts',(17.1740525527955,-44.4957418587221,0.333333333333333));
#3715=CARTESIAN_POINT('Ctrl Pts',(17.6840477056703,-45.6246878915453,0.333333333333334));
#3716=CARTESIAN_POINT('Ctrl Pts',(17.6862833636421,-47.1550123035599,0.333333333333333));
#3717=CARTESIAN_POINT('Ctrl Pts',(17.2722268159932,-48.3262655496059,0.333333333333334));
#3718=CARTESIAN_POINT('Ctrl Pts',(16.4445154394402,-49.1290129717229,0.333333333333333));
#3719=CARTESIAN_POINT('Ctrl Pts',(15.5507363477805,-49.3333335643013,0.333333333333333));
#3720=CARTESIAN_POINT('Ctrl Pts',(15.0000002235174,-49.3333335643013,0.333333333333333));
#3721=CARTESIAN_POINT('Ctrl Pts',(15.0000002235174,-43.5000001415611,0.5));
#3722=CARTESIAN_POINT('Ctrl Pts',(15.5710094486679,-43.5000001415611,0.5));
#3723=CARTESIAN_POINT('Ctrl Pts',(16.2861216182959,-43.6606575542059,0.5));
#3724=CARTESIAN_POINT('Ctrl Pts',(17.3172099889936,-44.3932000164885,0.5));
#3725=CARTESIAN_POINT('Ctrl Pts',(17.8529597583263,-45.5927421471376,0.5));
#3726=CARTESIAN_POINT('Ctrl Pts',(17.8538090883671,-47.1799192670157,0.5));
#3727=CARTESIAN_POINT('Ctrl Pts',(17.4233288090174,-48.4139880939722,0.5));
#3728=CARTESIAN_POINT('Ctrl Pts',(16.5240422930762,-49.2868857220883,0.5));
#3729=CARTESIAN_POINT('Ctrl Pts',(15.5710094486679,-49.500000230968,0.5));
#3730=CARTESIAN_POINT('Ctrl Pts',(15.0000002235174,-49.500000230968,0.5));
#3731=CARTESIAN_POINT('',(15.0000002235174,-49.500000230968,0.5));
#3732=CARTESIAN_POINT('',(15.0000002235174,-44.000000141561,0.));
#3733=CARTESIAN_POINT('Origin',(-7.50000011175871,-49.250000230968,0.25));
#3734=CARTESIAN_POINT('',(-15.0000002235174,-49.500000230968,0.5));
#3735=CARTESIAN_POINT('',(-7.50000011175871,-49.500000230968,0.5));
#3736=CARTESIAN_POINT('',(-15.0000002235174,-49.500000230968,0.5));
#3737=CARTESIAN_POINT('Ctrl Pts',(-15.0000002235174,-43.500000141561,0.5));
#3738=CARTESIAN_POINT('Ctrl Pts',(-15.5710094486679,-43.500000141561,0.5));
#3739=CARTESIAN_POINT('Ctrl Pts',(-16.5240234561695,-43.7130830564296,0.5));
#3740=CARTESIAN_POINT('Ctrl Pts',(-17.4234323434852,-44.5859316571448,0.5));
#3741=CARTESIAN_POINT('Ctrl Pts',(-17.8535928294155,-45.8204032290619,0.5));
#3742=CARTESIAN_POINT('Ctrl Pts',(-17.8534655834184,-47.1797397674232,0.5));
#3743=CARTESIAN_POINT('Ctrl Pts',(-17.4235420507957,-48.4141157191682,0.5));
#3744=CARTESIAN_POINT('Ctrl Pts',(-16.523988506271,-49.2869687694121,0.5));
#3745=CARTESIAN_POINT('Ctrl Pts',(-15.5710094486679,-49.500000230968,0.5));
#3746=CARTESIAN_POINT('Ctrl Pts',(-15.0000002235174,-49.500000230968,0.5));
#3747=CARTESIAN_POINT('Ctrl Pts',(-15.0000002235174,-43.6666668082277,0.333333333333333));
#3748=CARTESIAN_POINT('Ctrl Pts',(-15.5507363477805,-43.6666668082277,0.333333333333333));
#3749=CARTESIAN_POINT('Ctrl Pts',(-16.4443148490289,-43.8709699493308,0.333333333333334));
#3750=CARTESIAN_POINT('Ctrl Pts',(-17.272680736979,-44.6733511907976,0.333333333333334));
#3751=CARTESIAN_POINT('Ctrl Pts',(-17.6859624519913,-45.8456134971218,0.333333333333334));
#3752=CARTESIAN_POINT('Ctrl Pts',(-17.6856437054984,-47.1547236066946,0.333333333333334));
#3753=CARTESIAN_POINT('Ctrl Pts',(-17.2729971846213,-48.326587259253,0.333333333333333));
#3754=CARTESIAN_POINT('Ctrl Pts',(-16.4435274864439,-49.1289667846998,0.333333333333334));
#3755=CARTESIAN_POINT('Ctrl Pts',(-15.5507363477805,-49.3333335643013,0.333333333333333));
#3756=CARTESIAN_POINT('Ctrl Pts',(-15.0000002235174,-49.3333335643013,0.333333333333333));
#3757=CARTESIAN_POINT('Ctrl Pts',(-15.0000002235174,-43.8333334748944,0.166666666666667));
#3758=CARTESIAN_POINT('Ctrl Pts',(-15.530463246893,-43.8333334748944,0.166666666666667));
#3759=CARTESIAN_POINT('Ctrl Pts',(-16.3646062418883,-44.0288568422319,0.166666666666667));
#3760=CARTESIAN_POINT('Ctrl Pts',(-17.1219291304727,-44.7607707244504,0.166666666666667));
#3761=CARTESIAN_POINT('Ctrl Pts',(-17.5183320745672,-45.8708237651817,0.166666666666667));
#3762=CARTESIAN_POINT('Ctrl Pts',(-17.5178218275785,-47.129707445966,0.166666666666667));
#3763=CARTESIAN_POINT('Ctrl Pts',(-17.1224523184468,-48.2390587993378,0.166666666666667));
#3764=CARTESIAN_POINT('Ctrl Pts',(-16.3630664666169,-48.9709647999876,0.166666666666667));
#3765=CARTESIAN_POINT('Ctrl Pts',(-15.5304632468931,-49.1666668976347,0.166666666666667));
#3766=CARTESIAN_POINT('Ctrl Pts',(-15.0000002235174,-49.1666668976347,0.166666666666667));
#3767=CARTESIAN_POINT('Ctrl Pts',(-15.0000002235174,-44.000000141561,0.));
#3768=CARTESIAN_POINT('Ctrl Pts',(-15.5101901460056,-44.000000141561,0.));
#3769=CARTESIAN_POINT('Ctrl Pts',(-16.2848976347477,-44.1867437351332,0.));
#3770=CARTESIAN_POINT('Ctrl Pts',(-16.9711775239665,-44.8481902581032,0.));
#3771=CARTESIAN_POINT('Ctrl Pts',(-17.350701697143,-45.8960340332415,0.));
#3772=CARTESIAN_POINT('Ctrl Pts',(-17.3499999496585,-47.1046912852373,0.));
#3773=CARTESIAN_POINT('Ctrl Pts',(-16.9719074522724,-48.1515303394226,0.));
#3774=CARTESIAN_POINT('Ctrl Pts',(-16.2826054467899,-48.8129628152753,0.));
#3775=CARTESIAN_POINT('Ctrl Pts',(-15.5101901460056,-49.000000230968,0.));
#3776=CARTESIAN_POINT('Ctrl Pts',(-15.0000002235174,-49.000000230968,0.));
#3777=CARTESIAN_POINT('Ctrl Pts',(-15.0000002235174,-49.500000230968,0.5));
#3778=CARTESIAN_POINT('Ctrl Pts',(-15.5710094486679,-49.500000230968,0.5));
#3779=CARTESIAN_POINT('Ctrl Pts',(-16.523988506271,-49.2869687694121,0.5));
#3780=CARTESIAN_POINT('Ctrl Pts',(-17.4235420507957,-48.4141157191682,0.5));
#3781=CARTESIAN_POINT('Ctrl Pts',(-17.8534655834184,-47.1797397674232,0.5));
#3782=CARTESIAN_POINT('Ctrl Pts',(-17.8535928294155,-45.8204032290619,0.5));
#3783=CARTESIAN_POINT('Ctrl Pts',(-17.4234323434852,-44.5859316571448,0.5));
#3784=CARTESIAN_POINT('Ctrl Pts',(-16.5240234561695,-43.7130830564296,0.5));
#3785=CARTESIAN_POINT('Ctrl Pts',(-15.5710094486679,-43.500000141561,0.5));
#3786=CARTESIAN_POINT('Ctrl Pts',(-15.0000002235174,-43.500000141561,0.5));
#3787=CARTESIAN_POINT('',(-15.0000002235174,-43.500000141561,0.5));
#3788=CARTESIAN_POINT('Origin',(7.50000011175871,-43.750000141561,0.25));
#3789=CARTESIAN_POINT('Origin',(-15.0000002235174,-49.500000230968,0.));
#3790=CARTESIAN_POINT('',(-15.0000002235174,-49.500000230968,0.));
#3791=CARTESIAN_POINT('Origin',(-15.0000002235174,-46.5000001862645,0.));
#3792=CARTESIAN_POINT('Ctrl Pts',(-15.0000002235174,-43.500000141561,0.));
#3793=CARTESIAN_POINT('Ctrl Pts',(-15.0000002235174,-43.500000141561,2.));
#3794=CARTESIAN_POINT('Ctrl Pts',(-15.4796479726439,-43.500000141561,0.));
#3795=CARTESIAN_POINT('Ctrl Pts',(-15.4796479726439,-43.500000141561,2.));
#3796=CARTESIAN_POINT('Ctrl Pts',(-16.3290021839957,-43.6225218763879,0.));
#3797=CARTESIAN_POINT('Ctrl Pts',(-16.3290021839957,-43.6225218763879,2.));
#3798=CARTESIAN_POINT('Ctrl Pts',(-17.2734777509603,-44.1734890879669,0.));
#3799=CARTESIAN_POINT('Ctrl Pts',(-17.2734777509603,-44.1734890879669,2.));
#3800=CARTESIAN_POINT('Ctrl Pts',(-17.9398415706255,-45.4979546252705,0.));
#3801=CARTESIAN_POINT('Ctrl Pts',(-17.9398415706255,-45.4979546252705,2.));
#3802=CARTESIAN_POINT('Ctrl Pts',(-17.9398415706254,-47.5020457472598,0.));
#3803=CARTESIAN_POINT('Ctrl Pts',(-17.9398415706254,-47.5020457472598,2.));
#3804=CARTESIAN_POINT('Ctrl Pts',(-17.2734777509601,-48.8265112845629,0.));
#3805=CARTESIAN_POINT('Ctrl Pts',(-17.2734777509601,-48.8265112845629,2.));
#3806=CARTESIAN_POINT('Ctrl Pts',(-16.3290021839957,-49.3774784961413,0.));
#3807=CARTESIAN_POINT('Ctrl Pts',(-16.3290021839957,-49.3774784961413,2.));
#3808=CARTESIAN_POINT('Ctrl Pts',(-15.4796479726439,-49.500000230968,0.));
#3809=CARTESIAN_POINT('Ctrl Pts',(-15.4796479726439,-49.500000230968,2.));
#3810=CARTESIAN_POINT('Ctrl Pts',(-15.0000002235174,-49.500000230968,0.));
#3811=CARTESIAN_POINT('Ctrl Pts',(-15.0000002235174,-49.500000230968,2.));
#3812=UNCERTAINTY_MEASURE_WITH_UNIT(LENGTH_MEASURE(0.01),#3816,
'DISTANCE_ACCURACY_VALUE',
'Maximum model space distance between geometric entities at asserted c
onnectivities');
#3813=UNCERTAINTY_MEASURE_WITH_UNIT(LENGTH_MEASURE(0.01),#3816,
'DISTANCE_ACCURACY_VALUE',
'Maximum model space distance between geometric entities at asserted c
onnectivities');
#3814=(
GEOMETRIC_REPRESENTATION_CONTEXT(3)
GLOBAL_UNCERTAINTY_ASSIGNED_CONTEXT((#3812))
GLOBAL_UNIT_ASSIGNED_CONTEXT((#3816,#3818,#3819))
REPRESENTATION_CONTEXT('','3D')
);
#3815=(
GEOMETRIC_REPRESENTATION_CONTEXT(3)
GLOBAL_UNCERTAINTY_ASSIGNED_CONTEXT((#3813))
GLOBAL_UNIT_ASSIGNED_CONTEXT((#3816,#3818,#3819))
REPRESENTATION_CONTEXT('','3D')
);
#3816=(
LENGTH_UNIT()
NAMED_UNIT(*)
SI_UNIT(.MILLI.,.METRE.)
);
#3817=(
LENGTH_UNIT()
NAMED_UNIT(*)
SI_UNIT($,.METRE.)
);
#3818=(
NAMED_UNIT(*)
PLANE_ANGLE_UNIT()
SI_UNIT($,.RADIAN.)
);
#3819=(
NAMED_UNIT(*)
SI_UNIT($,.STERADIAN.)
SOLID_ANGLE_UNIT()
);
#3820=SHAPE_DEFINITION_REPRESENTATION(#3821,#3822);
#3821=PRODUCT_DEFINITION_SHAPE('',$,#3824);
#3822=SHAPE_REPRESENTATION('',(#2090),#3814);
#3823=PRODUCT_DEFINITION_CONTEXT('part definition',#3828,'design');
#3824=PRODUCT_DEFINITION('hui','hui v3',#3825,#3823);
#3825=PRODUCT_DEFINITION_FORMATION('',$,#3830);
#3826=PRODUCT_RELATED_PRODUCT_CATEGORY('hui v3','hui v3',(#3830));
#3827=APPLICATION_PROTOCOL_DEFINITION('international standard',
'automotive_design',2009,#3828);
#3828=APPLICATION_CONTEXT(
'Core Data for Automotive Mechanical Design Process');
#3829=PRODUCT_CONTEXT('part definition',#3828,'mechanical');
#3830=PRODUCT('hui','hui v3',$,(#3829));
#3831=PRESENTATION_STYLE_ASSIGNMENT((#3832));
#3832=SURFACE_STYLE_USAGE(.BOTH.,#3833);
#3833=SURFACE_SIDE_STYLE('',(#3834));
#3834=SURFACE_STYLE_FILL_AREA(#3835);
#3835=FILL_AREA_STYLE('Steel - Satin',(#3836));
#3836=FILL_AREA_STYLE_COLOUR('Steel - Satin',#3837);
#3837=COLOUR_RGB('Steel - Satin',0.627450980392157,0.627450980392157,0.627450980392157);
ENDSEC;
END-ISO-10303-21;
