ISO-10303-21;
HEADER;
/* Generated by software containing ST-Developer
 * from STEP Tools, Inc. (www.steptools.com) 
 */

FILE_DESCRIPTION(
/* description */ (''),
/* implementation_level */ '2;1');

FILE_NAME(
/* name */ '30mm strap fastener.step',
/* time_stamp */ '2026-06-11T23:56:26+05:00',
/* author */ (''),
/* organization */ (''),
/* preprocessor_version */ 'ST-DEVELOPER v20.1',
/* originating_system */ 'Autodesk Translation Framework v15.8.0.0',
/* authorisation */ '');

FILE_SCHEMA (('AUTOMOTIVE_DESIGN { 1 0 10303 214 3 1 1 }'));
ENDSEC;

DATA;
#10=MECHANICAL_DESIGN_GEOMETRIC_PRESENTATION_REPRESENTATION('',(#13,#14),
#15880);
#11=SHAPE_REPRESENTATION_RELATIONSHIP('SRR','None',#15887,#12);
#12=ADVANCED_BREP_SHAPE_REPRESENTATION('',(#15,#16),#15879);
#13=STYLED_ITEM('',(#15896),#15);
#14=STYLED_ITEM('',(#15896),#16);
#15=MANIFOLD_SOLID_BREP('Body1',#9041);
#16=MANIFOLD_SOLID_BREP('Body2',#9042);
#17=(
BOUNDED_SURFACE()
B_SPLINE_SURFACE(5,1,((#13943,#13944),(#13945,#13946),(#13947,#13948),(#13949,
#13950),(#13951,#13952),(#13953,#13954),(#13955,#13956),(#13957,#13958),
(#13959,#13960),(#13961,#13962)),.UNSPECIFIED.,.F.,.F.,.F.)
B_SPLINE_SURFACE_WITH_KNOTS((6,1,1,1,1,6),(2,2),(0.,0.2,0.4,0.6,0.8,1.),
(0.,0.2),.UNSPECIFIED.)
GEOMETRIC_REPRESENTATION_ITEM()
RATIONAL_B_SPLINE_SURFACE(((1.,1.),(1.,1.),(1.,1.),(1.,1.),(1.,1.),(1.,
1.),(1.,1.),(1.,1.),(1.,1.),(1.,1.)))
REPRESENTATION_ITEM('')
SURFACE()
);
#18=(
BOUNDED_SURFACE()
B_SPLINE_SURFACE(5,1,((#13963,#13964),(#13965,#13966),(#13967,#13968),(#13969,
#13970),(#13971,#13972),(#13973,#13974),(#13975,#13976),(#13977,#13978),
(#13979,#13980),(#13981,#13982)),.UNSPECIFIED.,.F.,.F.,.F.)
B_SPLINE_SURFACE_WITH_KNOTS((6,1,1,1,1,6),(2,2),(-1.,-0.8,-0.6,-0.4,-0.2,
0.),(0.,0.2),.UNSPECIFIED.)
GEOMETRIC_REPRESENTATION_ITEM()
RATIONAL_B_SPLINE_SURFACE(((1.,1.),(1.,1.),(1.,1.),(1.,1.),(1.,1.),(1.,
1.),(1.,1.),(1.,1.),(1.,1.),(1.,1.)))
REPRESENTATION_ITEM('')
SURFACE()
);
#19=B_SPLINE_SURFACE_WITH_KNOTS('',3,3,((#13477,#13478,#13479,#13480,#13481,
#13482,#13483,#13484,#13485,#13486,#13487,#13488,#13489),(#13490,#13491,
#13492,#13493,#13494,#13495,#13496,#13497,#13498,#13499,#13500,#13501,#13502),
(#13503,#13504,#13505,#13506,#13507,#13508,#13509,#13510,#13511,#13512,
#13513,#13514,#13515),(#13516,#13517,#13518,#13519,#13520,#13521,#13522,
#13523,#13524,#13525,#13526,#13527,#13528)),.UNSPECIFIED.,.F.,.F.,.F.,(4,
4),(4,1,1,1,1,1,1,1,1,1,4),(0.,1.),(-1.10790099565858E-15,0.2,0.4,0.5,0.566666666666667,
0.583333333333333,0.6,0.733333333333334,0.866666666666667,0.9,1.),
 .UNSPECIFIED.);
#20=B_SPLINE_SURFACE_WITH_KNOTS('',3,3,((#13548,#13549,#13550,#13551,#13552,
#13553,#13554,#13555),(#13556,#13557,#13558,#13559,#13560,#13561,#13562,
#13563),(#13564,#13565,#13566,#13567,#13568,#13569,#13570,#13571),(#13572,
#13573,#13574,#13575,#13576,#13577,#13578,#13579)),.UNSPECIFIED.,.F.,.F.,
 .F.,(4,4),(4,1,1,1,1,4),(0.,1.),(-1.,-0.8,-0.6,-0.4,-0.2,7.82335923114077E-15),
 .UNSPECIFIED.);
#21=B_SPLINE_SURFACE_WITH_KNOTS('',3,3,((#13605,#13606,#13607,#13608,#13609,
#13610,#13611,#13612),(#13613,#13614,#13615,#13616,#13617,#13618,#13619,
#13620),(#13621,#13622,#13623,#13624,#13625,#13626,#13627,#13628),(#13629,
#13630,#13631,#13632,#13633,#13634,#13635,#13636)),.UNSPECIFIED.,.F.,.F.,
 .F.,(4,4),(4,1,1,1,1,4),(0.,1.),(-8.32293286546065E-15,0.2,0.4,0.6,0.8,
1.),.UNSPECIFIED.);
#22=B_SPLINE_SURFACE_WITH_KNOTS('',3,3,((#13651,#13652,#13653,#13654,#13655,
#13656,#13657,#13658,#13659),(#13660,#13661,#13662,#13663,#13664,#13665,
#13666,#13667,#13668),(#13669,#13670,#13671,#13672,#13673,#13674,#13675,
#13676,#13677),(#13678,#13679,#13680,#13681,#13682,#13683,#13684,#13685,
#13686)),.UNSPECIFIED.,.F.,.F.,.F.,(4,4),(4,1,1,1,1,1,4),(0.,1.),(-1.,-0.866666666666667,
-0.733333333333334,-0.6,-0.4,-0.2,5.91752100302751E-16),.UNSPECIFIED.);
#23=B_SPLINE_SURFACE_WITH_KNOTS('',3,1,((#13703,#13704),(#13705,#13706),
(#13707,#13708),(#13709,#13710),(#13711,#13712),(#13713,#13714),(#13715,
#13716),(#13717,#13718),(#13719,#13720),(#13721,#13722)),.UNSPECIFIED.,
 .F.,.F.,.F.,(4,3,3,4),(2,2),(0.,0.374203545842027,0.784220926996079,1.),
(0.,0.2),.UNSPECIFIED.);
#24=B_SPLINE_SURFACE_WITH_KNOTS('',3,1,((#13723,#13724),(#13725,#13726),
(#13727,#13728),(#13729,#13730),(#13731,#13732),(#13733,#13734),(#13735,
#13736),(#13737,#13738),(#13739,#13740),(#13741,#13742)),.UNSPECIFIED.,
 .F.,.F.,.F.,(4,3,3,4),(2,2),(-1.,-0.650881944889311,-0.203571727815576,
0.),(0.,0.2),.UNSPECIFIED.);
#25=B_SPLINE_SURFACE_WITH_KNOTS('',3,3,((#13749,#13750,#13751,#13752,#13753,
#13754,#13755,#13756),(#13757,#13758,#13759,#13760,#13761,#13762,#13763,
#13764),(#13765,#13766,#13767,#13768,#13769,#13770,#13771,#13772),(#13773,
#13774,#13775,#13776,#13777,#13778,#13779,#13780)),.UNSPECIFIED.,.F.,.F.,
 .F.,(4,4),(4,1,1,1,1,4),(0.,1.),(-1.27606729136186E-16,0.142857142857143,
0.428571428571428,0.714285714285714,0.857142857142857,1.),.UNSPECIFIED.);
#26=B_SPLINE_SURFACE_WITH_KNOTS('',3,3,((#13795,#13796,#13797,#13798,#13799,
#13800,#13801),(#13802,#13803,#13804,#13805,#13806,#13807,#13808),(#13809,
#13810,#13811,#13812,#13813,#13814,#13815),(#13816,#13817,#13818,#13819,
#13820,#13821,#13822)),.UNSPECIFIED.,.F.,.F.,.F.,(4,4),(4,1,1,1,4),(0.,
1.),(-2.23210763171389E-17,0.285714285714286,0.571428571428572,0.714285714285714,
1.),.UNSPECIFIED.);
#27=B_SPLINE_SURFACE_WITH_KNOTS('',3,3,((#13855,#13856,#13857,#13858,#13859,
#13860,#13861,#13862),(#13863,#13864,#13865,#13866,#13867,#13868,#13869,
#13870),(#13871,#13872,#13873,#13874,#13875,#13876,#13877,#13878),(#13879,
#13880,#13881,#13882,#13883,#13884,#13885,#13886)),.UNSPECIFIED.,.F.,.F.,
 .F.,(4,4),(4,1,1,1,1,4),(0.,1.),(-4.30605346255785E-16,0.285714285714285,
0.428571428571428,0.714285714285714,0.821428571428571,1.),.UNSPECIFIED.);
#28=B_SPLINE_SURFACE_WITH_KNOTS('',3,3,((#13901,#13902,#13903,#13904,#13905,
#13906,#13907),(#13908,#13909,#13910,#13911,#13912,#13913,#13914),(#13915,
#13916,#13917,#13918,#13919,#13920,#13921),(#13922,#13923,#13924,#13925,
#13926,#13927,#13928)),.UNSPECIFIED.,.F.,.F.,.F.,(4,4),(4,1,1,1,4),(0.,
1.),(-1.,-0.714285714285714,-0.571428571428571,-0.285714285714286,2.60884186337441E-17),
 .UNSPECIFIED.);
#29=CONICAL_SURFACE('',#9287,3.6,0.785398163397448);
#30=CONICAL_SURFACE('',#9298,3.6,0.785398163397448);
#31=CONICAL_SURFACE('',#9303,7.75,0.785398163397445);
#32=CONICAL_SURFACE('',#9312,7.75,0.785398163397445);
#33=CONICAL_SURFACE('',#9949,4.75,0.785398163397449);
#34=CONICAL_SURFACE('',#9952,4.75,0.785398163397449);
#35=CONICAL_SURFACE('',#9957,4.75,0.785398163397449);
#36=CONICAL_SURFACE('',#9959,4.75,0.785398163397449);
#37=FACE_BOUND('',#950,.T.);
#38=FACE_BOUND('',#951,.T.);
#39=FACE_BOUND('',#1011,.T.);
#40=FACE_BOUND('',#1012,.T.);
#41=FACE_BOUND('',#1151,.T.);
#42=FACE_BOUND('',#1152,.T.);
#43=FACE_BOUND('',#1313,.T.);
#44=FACE_BOUND('',#1314,.T.);
#45=PLANE('',#9146);
#46=PLANE('',#9147);
#47=PLANE('',#9148);
#48=PLANE('',#9149);
#49=PLANE('',#9150);
#50=PLANE('',#9151);
#51=PLANE('',#9152);
#52=PLANE('',#9153);
#53=PLANE('',#9154);
#54=PLANE('',#9155);
#55=PLANE('',#9156);
#56=PLANE('',#9157);
#57=PLANE('',#9158);
#58=PLANE('',#9159);
#59=PLANE('',#9160);
#60=PLANE('',#9161);
#61=PLANE('',#9162);
#62=PLANE('',#9163);
#63=PLANE('',#9164);
#64=PLANE('',#9165);
#65=PLANE('',#9166);
#66=PLANE('',#9169);
#67=PLANE('',#9261);
#68=PLANE('',#9262);
#69=PLANE('',#9263);
#70=PLANE('',#9264);
#71=PLANE('',#9265);
#72=PLANE('',#9266);
#73=PLANE('',#9267);
#74=PLANE('',#9268);
#75=PLANE('',#9269);
#76=PLANE('',#9270);
#77=PLANE('',#9271);
#78=PLANE('',#9272);
#79=PLANE('',#9273);
#80=PLANE('',#9274);
#81=PLANE('',#9275);
#82=PLANE('',#9278);
#83=PLANE('',#9279);
#84=PLANE('',#9280);
#85=PLANE('',#9281);
#86=PLANE('',#9282);
#87=PLANE('',#9283);
#88=PLANE('',#9284);
#89=PLANE('',#9286);
#90=PLANE('',#9289);
#91=PLANE('',#9290);
#92=PLANE('',#9291);
#93=PLANE('',#9294);
#94=PLANE('',#9295);
#95=PLANE('',#9296);
#96=PLANE('',#9297);
#97=PLANE('',#9299);
#98=PLANE('',#9300);
#99=PLANE('',#9301);
#100=PLANE('',#9302);
#101=PLANE('',#9305);
#102=PLANE('',#9308);
#103=PLANE('',#9309);
#104=PLANE('',#9310);
#105=PLANE('',#9311);
#106=PLANE('',#9313);
#107=PLANE('',#9440);
#108=PLANE('',#9441);
#109=PLANE('',#9442);
#110=PLANE('',#9443);
#111=PLANE('',#9444);
#112=PLANE('',#9445);
#113=PLANE('',#9446);
#114=PLANE('',#9447);
#115=PLANE('',#9448);
#116=PLANE('',#9449);
#117=PLANE('',#9450);
#118=PLANE('',#9451);
#119=PLANE('',#9452);
#120=PLANE('',#9453);
#121=PLANE('',#9454);
#122=PLANE('',#9455);
#123=PLANE('',#9456);
#124=PLANE('',#9457);
#125=PLANE('',#9458);
#126=PLANE('',#9459);
#127=PLANE('',#9460);
#128=PLANE('',#9461);
#129=PLANE('',#9462);
#130=PLANE('',#9463);
#131=PLANE('',#9464);
#132=PLANE('',#9465);
#133=PLANE('',#9466);
#134=PLANE('',#9467);
#135=PLANE('',#9468);
#136=PLANE('',#9471);
#137=PLANE('',#9472);
#138=PLANE('',#9601);
#139=PLANE('',#9602);
#140=PLANE('',#9603);
#141=PLANE('',#9604);
#142=PLANE('',#9605);
#143=PLANE('',#9606);
#144=PLANE('',#9607);
#145=PLANE('',#9608);
#146=PLANE('',#9609);
#147=PLANE('',#9610);
#148=PLANE('',#9611);
#149=PLANE('',#9612);
#150=PLANE('',#9613);
#151=PLANE('',#9614);
#152=PLANE('',#9615);
#153=PLANE('',#9616);
#154=PLANE('',#9617);
#155=PLANE('',#9618);
#156=PLANE('',#9619);
#157=PLANE('',#9620);
#158=PLANE('',#9621);
#159=PLANE('',#9622);
#160=PLANE('',#9623);
#161=PLANE('',#9624);
#162=PLANE('',#9625);
#163=PLANE('',#9626);
#164=PLANE('',#9627);
#165=PLANE('',#9628);
#166=PLANE('',#9629);
#167=PLANE('',#9630);
#168=PLANE('',#9759);
#169=PLANE('',#9760);
#170=PLANE('',#9761);
#171=PLANE('',#9762);
#172=PLANE('',#9890);
#173=PLANE('',#9891);
#174=PLANE('',#9892);
#175=PLANE('',#9893);
#176=PLANE('',#9894);
#177=PLANE('',#9895);
#178=PLANE('',#9896);
#179=PLANE('',#9897);
#180=PLANE('',#9898);
#181=PLANE('',#9899);
#182=PLANE('',#9900);
#183=PLANE('',#9901);
#184=PLANE('',#9902);
#185=PLANE('',#9903);
#186=PLANE('',#9904);
#187=PLANE('',#9905);
#188=PLANE('',#9906);
#189=PLANE('',#9907);
#190=PLANE('',#9908);
#191=PLANE('',#9909);
#192=PLANE('',#9910);
#193=PLANE('',#9911);
#194=PLANE('',#9912);
#195=PLANE('',#9913);
#196=PLANE('',#9914);
#197=PLANE('',#9915);
#198=PLANE('',#9916);
#199=PLANE('',#9917);
#200=PLANE('',#9918);
#201=PLANE('',#9919);
#202=PLANE('',#9920);
#203=PLANE('',#9921);
#204=PLANE('',#9922);
#205=PLANE('',#9923);
#206=PLANE('',#9924);
#207=PLANE('',#9925);
#208=PLANE('',#9926);
#209=PLANE('',#9927);
#210=PLANE('',#9928);
#211=PLANE('',#9929);
#212=PLANE('',#9930);
#213=PLANE('',#9931);
#214=PLANE('',#9932);
#215=PLANE('',#9933);
#216=PLANE('',#9934);
#217=PLANE('',#9935);
#218=PLANE('',#9936);
#219=PLANE('',#9937);
#220=PLANE('',#9938);
#221=PLANE('',#9939);
#222=PLANE('',#9940);
#223=PLANE('',#9941);
#224=PLANE('',#9942);
#225=PLANE('',#9943);
#226=PLANE('',#9944);
#227=PLANE('',#9945);
#228=PLANE('',#9946);
#229=PLANE('',#9948);
#230=PLANE('',#9951);
#231=PLANE('',#9956);
#232=PLANE('',#9958);
#233=PLANE('',#9961);
#234=PLANE('',#9963);
#235=B_SPLINE_CURVE_WITH_KNOTS('',3,(#12696,#12697,#12698,#12699,#12700,
#12701,#12702,#12703,#12704,#12705,#12706,#12707,#12708,#12709,#12710,#12711),
 .UNSPECIFIED.,.F.,.F.,(4,2,2,2,2,2,2,4),(-0.162816999750538,-0.162469061092064,
-0.15099770744791,-0.139551837419888,-0.119045320899038,-0.100066667220144,
-0.0818860272530715,-0.0812555635288576),.UNSPECIFIED.);
#236=B_SPLINE_CURVE_WITH_KNOTS('',3,(#12867,#12868,#12869,#12870,#12871,
#12872,#12873,#12874,#12875,#12876,#12877,#12878,#12879,#12880,#12881,#12882),
 .UNSPECIFIED.,.F.,.F.,(4,2,2,2,2,2,2,4),(-0.162816998737823,-0.162469060079569,
-0.150997706730149,-0.139551836990388,-0.119045320630219,-0.100066666850943,
-0.0818860266548045,-0.0812555630249921),.UNSPECIFIED.);
#237=B_SPLINE_CURVE_WITH_KNOTS('',3,(#13066,#13067,#13068,#13069,#13070,
#13071,#13072,#13073),.UNSPECIFIED.,.F.,.F.,(4,1,1,1,1,4),(-1.,-0.821428571428571,
-0.714285714285714,-0.428571428571428,-0.285714285714285,4.30605346255785E-16),
 .UNSPECIFIED.);
#238=B_SPLINE_CURVE_WITH_KNOTS('',3,(#13077,#13078,#13079,#13080,#13081,
#13082,#13083),.UNSPECIFIED.,.F.,.F.,(4,1,1,1,4),(-2.60884186337441E-17,
0.285714285714286,0.571428571428571,0.714285714285714,1.),.UNSPECIFIED.);
#239=B_SPLINE_CURVE_WITH_KNOTS('',3,(#13097,#13098,#13099,#13100,#13101,
#13102,#13103,#13104,#13105,#13106,#13107,#13108,#13109),.UNSPECIFIED.,
 .F.,.F.,(4,1,1,1,1,1,1,1,1,1,4),(-1.,-0.9,-0.866666666666667,-0.733333333333334,
-0.6,-0.583333333333333,-0.566666666666667,-0.5,-0.4,-0.2,1.10790099565858E-15),
 .UNSPECIFIED.);
#240=B_SPLINE_CURVE_WITH_KNOTS('',3,(#13112,#13113,#13114,#13115,#13116,
#13117,#13118,#13119),.UNSPECIFIED.,.F.,.F.,(4,1,1,1,1,4),(-7.82335923114077E-15,
0.2,0.4,0.6,0.8,1.),.UNSPECIFIED.);
#241=B_SPLINE_CURVE_WITH_KNOTS('',3,(#13166,#13167,#13168,#13169,#13170,
#13171,#13172,#13173,#13174,#13175,#13176,#13177,#13178,#13179),
 .UNSPECIFIED.,.F.,.F.,(4,2,2,2,2,2,4),(-0.0811759564672826,-0.0630103194372425,
-0.0440861283620973,-0.0236442035248227,-0.0118365817394109,0.,0.000347770254295961),
 .UNSPECIFIED.);
#242=B_SPLINE_CURVE_WITH_KNOTS('',3,(#13240,#13241,#13242,#13243,#13244,
#13245,#13246,#13247,#13248,#13249,#13250,#13251,#13252,#13253,#13254,#13255),
 .UNSPECIFIED.,.F.,.F.,(4,2,2,2,2,2,2,4),(-0.000347770254020436,0.,0.0114658011553218,
0.0229061310348228,0.043402722129232,0.0623721901366065,0.0805440308040577,
0.0811741892811087),.UNSPECIFIED.);
#243=B_SPLINE_CURVE_WITH_KNOTS('',3,(#13398,#13399,#13400,#13401,#13402,
#13403,#13404,#13405),.UNSPECIFIED.,.F.,.F.,(4,1,1,1,1,4),(-1.27606729136186E-16,
0.142857142857143,0.428571428571428,0.714285714285714,0.857142857142857,
1.),.UNSPECIFIED.);
#244=B_SPLINE_CURVE_WITH_KNOTS('',3,(#13413,#13414,#13415,#13416,#13417,
#13418,#13419),.UNSPECIFIED.,.F.,.F.,(4,1,1,1,4),(-1.,-0.714285714285714,
-0.571428571428572,-0.285714285714286,2.23210763171389E-17),
 .UNSPECIFIED.);
#245=B_SPLINE_CURVE_WITH_KNOTS('',3,(#13425,#13426,#13427,#13428,#13429,
#13430,#13431,#13432),.UNSPECIFIED.,.F.,.F.,(4,1,1,1,1,4),(-1.,-0.8,-0.6,
-0.4,-0.2,8.32293286546065E-15),.UNSPECIFIED.);
#246=B_SPLINE_CURVE_WITH_KNOTS('',3,(#13436,#13437,#13438,#13439,#13440,
#13441,#13442,#13443,#13444),.UNSPECIFIED.,.F.,.F.,(4,1,1,1,1,1,4),(-5.91752100302751E-16,
0.2,0.4,0.6,0.733333333333334,0.866666666666667,1.),.UNSPECIFIED.);
#247=B_SPLINE_CURVE_WITH_KNOTS('',3,(#13531,#13532,#13533,#13534,#13535,
#13536,#13537,#13538,#13539,#13540,#13541,#13542,#13543),.UNSPECIFIED.,
 .F.,.F.,(4,1,1,1,1,1,1,1,1,1,4),(-1.10790099565858E-15,0.2,0.4,0.5,0.566666666666667,
0.583333333333333,0.6,0.733333333333334,0.866666666666667,0.9,1.),
 .UNSPECIFIED.);
#248=B_SPLINE_CURVE_WITH_KNOTS('',3,(#13580,#13581,#13582,#13583,#13584,
#13585,#13586,#13587),.UNSPECIFIED.,.F.,.F.,(4,1,1,1,1,4),(-1.,-0.8,-0.6,
-0.4,-0.2,7.82335923114077E-15),.UNSPECIFIED.);
#249=B_SPLINE_CURVE_WITH_KNOTS('',3,(#13639,#13640,#13641,#13642,#13643,
#13644,#13645,#13646),.UNSPECIFIED.,.F.,.F.,(4,1,1,1,1,4),(-8.32293286546065E-15,
0.2,0.4,0.6,0.8,1.),.UNSPECIFIED.);
#250=B_SPLINE_CURVE_WITH_KNOTS('',3,(#13688,#13689,#13690,#13691,#13692,
#13693,#13694,#13695,#13696),.UNSPECIFIED.,.F.,.F.,(4,1,1,1,1,1,4),(-1.,
-0.866666666666667,-0.733333333333334,-0.6,-0.4,-0.2,5.91752100302751E-16),
 .UNSPECIFIED.);
#251=B_SPLINE_CURVE_WITH_KNOTS('',3,(#13783,#13784,#13785,#13786,#13787,
#13788,#13789,#13790),.UNSPECIFIED.,.F.,.F.,(4,1,1,1,1,4),(-1.,-0.857142857142857,
-0.714285714285714,-0.428571428571428,-0.142857142857143,1.27606729136186E-16),
 .UNSPECIFIED.);
#252=B_SPLINE_CURVE_WITH_KNOTS('',3,(#13825,#13826,#13827,#13828,#13829,
#13830,#13831),.UNSPECIFIED.,.F.,.F.,(4,1,1,1,4),(-2.23210763171389E-17,
0.285714285714286,0.571428571428572,0.714285714285714,1.),.UNSPECIFIED.);
#253=B_SPLINE_CURVE_WITH_KNOTS('',3,(#13889,#13890,#13891,#13892,#13893,
#13894,#13895,#13896),.UNSPECIFIED.,.F.,.F.,(4,1,1,1,1,4),(-4.30605346255785E-16,
0.285714285714285,0.428571428571428,0.714285714285714,0.821428571428571,
1.),.UNSPECIFIED.);
#254=B_SPLINE_CURVE_WITH_KNOTS('',3,(#13930,#13931,#13932,#13933,#13934,
#13935,#13936),.UNSPECIFIED.,.F.,.F.,(4,1,1,1,4),(-1.,-0.714285714285714,
-0.571428571428571,-0.285714285714286,2.60884186337441E-17),
 .UNSPECIFIED.);
#255=B_SPLINE_CURVE_WITH_KNOTS('',3,(#14192,#14193,#14194,#14195,#14196,
#14197,#14198,#14199,#14200,#14201,#14202,#14203),.UNSPECIFIED.,.F.,.F.,
(4,2,2,2,2,4),(-0.000356505010637861,0.,0.0215956862302607,0.0429881341629156,
0.0628619986579598,0.0810310473913664),.UNSPECIFIED.);
#256=B_SPLINE_CURVE_WITH_KNOTS('',3,(#14341,#14342,#14343,#14344,#14345,
#14346,#14347,#14348,#14349,#14350,#14351,#14352,#14353,#14354),
 .UNSPECIFIED.,.F.,.F.,(4,2,2,2,2,2,4),(-0.0809553739010182,-0.0627976095645138,
-0.0438686557062071,-0.02343192094222,-0.0117267818927968,0.,0.000356504989758966),
 .UNSPECIFIED.);
#257=B_SPLINE_CURVE_WITH_KNOTS('',3,(#14721,#14722,#14723,#14724,#14725,
#14726,#14727,#14728,#14729,#14730,#14731,#14732,#14733,#14734,#14735,#14736),
 .UNSPECIFIED.,.F.,.F.,(4,2,2,2,2,2,2,4),(-0.162374022022693,-0.162017371296856,
-0.15060648000094,-0.139214776615539,-0.118724657441181,-0.0997477339402323,
-0.0815785031611503,-0.081031036904188),.UNSPECIFIED.);
#258=B_SPLINE_CURVE_WITH_KNOTS('',3,(#14860,#14861,#14862,#14863,#14864,
#14865,#14866,#14867,#14868,#14869,#14870,#14871,#14872,#14873,#14874,#14875),
 .UNSPECIFIED.,.F.,.F.,(4,2,2,2,2,2,2,4),(-0.162374027932846,-0.16201737722035,
-0.150606484110353,-0.139214778936775,-0.118724658767397,-0.0997477359109675,
-0.0815785065936049,-0.0810310398600685),.UNSPECIFIED.);
#259=B_SPLINE_CURVE_WITH_KNOTS('',3,(#15065,#15066,#15067,#15068,#15069,
#15070,#15071,#15072,#15073,#15074,#15075,#15076,#15077,#15078),
 .UNSPECIFIED.,.F.,.F.,(4,2,2,2,2,2,4),(-0.0809549809479977,-0.0627975963889263,
-0.0438686398795398,-0.0234319091414479,-0.0117267759402814,0.,0.000356505044896332),
 .UNSPECIFIED.);
#260=B_SPLINE_CURVE_WITH_KNOTS('',3,(#15239,#15240,#15241,#15242,#15243,
#15244,#15245,#15246,#15247,#15248,#15249,#15250),.UNSPECIFIED.,.F.,.F.,
(4,2,2,2,2,4),(-0.000356505058710888,0.,0.0215956779515859,0.0429881183774253,
0.0628619831872446,0.0810310369268763),.UNSPECIFIED.);
#261=B_SPLINE_CURVE_WITH_KNOTS('',3,(#15599,#15600,#15601,#15602,#15603,
#15604,#15605,#15606,#15607,#15608,#15609,#15610),.UNSPECIFIED.,.F.,.F.,
(4,2,2,2,2,4),(-0.162307587383222,-0.161951228002373,-0.140364358583314,
-0.118980644790013,-0.0991148975989569,-0.0809532719071984),
 .UNSPECIFIED.);
#262=B_SPLINE_CURVE_WITH_KNOTS('',3,(#15701,#15702,#15703,#15704,#15705,
#15706,#15707,#15708,#15709,#15710,#15711,#15712),.UNSPECIFIED.,.F.,.F.,
(4,2,2,2,2,4),(-0.16230757840099,-0.161951218998932,-0.140364353169299,
-0.118980642627688,-0.0991148952834214,-0.0809532673967884),
 .UNSPECIFIED.);
#263=CIRCLE('',#9060,1.5);
#264=CIRCLE('',#9061,0.499999999999999);
#265=CIRCLE('',#9062,2.);
#266=CIRCLE('',#9113,1.5);
#267=CIRCLE('',#9114,0.5);
#268=CIRCLE('',#9115,2.);
#269=CIRCLE('',#9168,1.5);
#270=CIRCLE('',#9170,7.5);
#271=CIRCLE('',#9171,3.85);
#272=CIRCLE('',#9186,2.);
#273=CIRCLE('',#9187,0.5);
#274=CIRCLE('',#9188,1.5);
#275=CIRCLE('',#9215,2.);
#276=CIRCLE('',#9216,0.5);
#277=CIRCLE('',#9276,7.5);
#278=CIRCLE('',#9277,3.85);
#279=CIRCLE('',#9288,3.35);
#280=CIRCLE('',#9293,3.35);
#281=CIRCLE('',#9304,8.);
#282=CIRCLE('',#9307,8.);
#283=CIRCLE('',#9324,0.5);
#284=CIRCLE('',#9384,0.5);
#285=CIRCLE('',#9387,1.50000001490116);
#286=CIRCLE('',#9388,1.00000001490116);
#287=CIRCLE('',#9430,1.50000001490116);
#288=CIRCLE('',#9431,1.00000001490116);
#289=CIRCLE('',#9470,1.00000001490116);
#290=CIRCLE('',#9473,4.5);
#291=CIRCLE('',#9474,4.5);
#292=CIRCLE('',#9475,1.50000001490116);
#293=CIRCLE('',#9476,1.50000001490116);
#294=CIRCLE('',#9517,1.00000001490116);
#295=CIRCLE('',#9518,0.5);
#296=CIRCLE('',#9579,1.00000001490116);
#297=CIRCLE('',#9580,0.5);
#298=CIRCLE('',#9632,1.00000001490116);
#299=CIRCLE('',#9643,1.50000001490116);
#300=CIRCLE('',#9644,0.5);
#301=CIRCLE('',#9714,0.5);
#302=CIRCLE('',#9729,1.50000001490116);
#303=CIRCLE('',#9730,1.00000001490116);
#304=CIRCLE('',#9763,4.5);
#305=CIRCLE('',#9764,4.5);
#306=CIRCLE('',#9765,1.50000001490116);
#307=CIRCLE('',#9766,1.50000001490116);
#308=CIRCLE('',#9829,1.00000001490116);
#309=CIRCLE('',#9830,0.5);
#310=CIRCLE('',#9879,0.5);
#311=CIRCLE('',#9950,5.);
#312=CIRCLE('',#9953,5.);
#313=CIRCLE('',#9955,5.);
#314=CIRCLE('',#9960,5.);
#315=TOROIDAL_SURFACE('',#9059,2.,0.5);
#316=TOROIDAL_SURFACE('',#9112,2.,0.5);
#317=TOROIDAL_SURFACE('',#9185,2.,0.5);
#318=TOROIDAL_SURFACE('',#9214,2.,0.5);
#319=TOROIDAL_SURFACE('',#9386,1.50000001490116,0.5);
#320=TOROIDAL_SURFACE('',#9429,1.50000001490116,0.5);
#321=TOROIDAL_SURFACE('',#9516,1.50000001490116,0.5);
#322=TOROIDAL_SURFACE('',#9578,1.50000001490116,0.5);
#323=TOROIDAL_SURFACE('',#9642,1.50000001490116,0.5);
#324=TOROIDAL_SURFACE('',#9728,1.50000001490116,0.5);
#325=TOROIDAL_SURFACE('',#9828,1.50000001490116,0.5);
#326=TOROIDAL_SURFACE('',#9878,1.50000001490116,0.5);
#327=FACE_OUTER_BOUND('',#883,.T.);
#328=FACE_OUTER_BOUND('',#884,.T.);
#329=FACE_OUTER_BOUND('',#885,.T.);
#330=FACE_OUTER_BOUND('',#886,.T.);
#331=FACE_OUTER_BOUND('',#887,.T.);
#332=FACE_OUTER_BOUND('',#888,.T.);
#333=FACE_OUTER_BOUND('',#889,.T.);
#334=FACE_OUTER_BOUND('',#890,.T.);
#335=FACE_OUTER_BOUND('',#891,.T.);
#336=FACE_OUTER_BOUND('',#892,.T.);
#337=FACE_OUTER_BOUND('',#893,.T.);
#338=FACE_OUTER_BOUND('',#894,.T.);
#339=FACE_OUTER_BOUND('',#895,.T.);
#340=FACE_OUTER_BOUND('',#896,.T.);
#341=FACE_OUTER_BOUND('',#897,.T.);
#342=FACE_OUTER_BOUND('',#898,.T.);
#343=FACE_OUTER_BOUND('',#899,.T.);
#344=FACE_OUTER_BOUND('',#900,.T.);
#345=FACE_OUTER_BOUND('',#901,.T.);
#346=FACE_OUTER_BOUND('',#902,.T.);
#347=FACE_OUTER_BOUND('',#903,.T.);
#348=FACE_OUTER_BOUND('',#904,.T.);
#349=FACE_OUTER_BOUND('',#905,.T.);
#350=FACE_OUTER_BOUND('',#906,.T.);
#351=FACE_OUTER_BOUND('',#907,.T.);
#352=FACE_OUTER_BOUND('',#908,.T.);
#353=FACE_OUTER_BOUND('',#909,.T.);
#354=FACE_OUTER_BOUND('',#910,.T.);
#355=FACE_OUTER_BOUND('',#911,.T.);
#356=FACE_OUTER_BOUND('',#912,.T.);
#357=FACE_OUTER_BOUND('',#913,.T.);
#358=FACE_OUTER_BOUND('',#914,.T.);
#359=FACE_OUTER_BOUND('',#915,.T.);
#360=FACE_OUTER_BOUND('',#916,.T.);
#361=FACE_OUTER_BOUND('',#917,.T.);
#362=FACE_OUTER_BOUND('',#918,.T.);
#363=FACE_OUTER_BOUND('',#919,.T.);
#364=FACE_OUTER_BOUND('',#920,.T.);
#365=FACE_OUTER_BOUND('',#921,.T.);
#366=FACE_OUTER_BOUND('',#922,.T.);
#367=FACE_OUTER_BOUND('',#923,.T.);
#368=FACE_OUTER_BOUND('',#924,.T.);
#369=FACE_OUTER_BOUND('',#925,.T.);
#370=FACE_OUTER_BOUND('',#926,.T.);
#371=FACE_OUTER_BOUND('',#927,.T.);
#372=FACE_OUTER_BOUND('',#928,.T.);
#373=FACE_OUTER_BOUND('',#929,.T.);
#374=FACE_OUTER_BOUND('',#930,.T.);
#375=FACE_OUTER_BOUND('',#931,.T.);
#376=FACE_OUTER_BOUND('',#932,.T.);
#377=FACE_OUTER_BOUND('',#933,.T.);
#378=FACE_OUTER_BOUND('',#934,.T.);
#379=FACE_OUTER_BOUND('',#935,.T.);
#380=FACE_OUTER_BOUND('',#936,.T.);
#381=FACE_OUTER_BOUND('',#937,.T.);
#382=FACE_OUTER_BOUND('',#938,.T.);
#383=FACE_OUTER_BOUND('',#939,.T.);
#384=FACE_OUTER_BOUND('',#940,.T.);
#385=FACE_OUTER_BOUND('',#941,.T.);
#386=FACE_OUTER_BOUND('',#942,.T.);
#387=FACE_OUTER_BOUND('',#943,.T.);
#388=FACE_OUTER_BOUND('',#944,.T.);
#389=FACE_OUTER_BOUND('',#945,.T.);
#390=FACE_OUTER_BOUND('',#946,.T.);
#391=FACE_OUTER_BOUND('',#947,.T.);
#392=FACE_OUTER_BOUND('',#948,.T.);
#393=FACE_OUTER_BOUND('',#949,.T.);
#394=FACE_OUTER_BOUND('',#952,.T.);
#395=FACE_OUTER_BOUND('',#953,.T.);
#396=FACE_OUTER_BOUND('',#954,.T.);
#397=FACE_OUTER_BOUND('',#955,.T.);
#398=FACE_OUTER_BOUND('',#956,.T.);
#399=FACE_OUTER_BOUND('',#957,.T.);
#400=FACE_OUTER_BOUND('',#958,.T.);
#401=FACE_OUTER_BOUND('',#959,.T.);
#402=FACE_OUTER_BOUND('',#960,.T.);
#403=FACE_OUTER_BOUND('',#961,.T.);
#404=FACE_OUTER_BOUND('',#962,.T.);
#405=FACE_OUTER_BOUND('',#963,.T.);
#406=FACE_OUTER_BOUND('',#964,.T.);
#407=FACE_OUTER_BOUND('',#965,.T.);
#408=FACE_OUTER_BOUND('',#966,.T.);
#409=FACE_OUTER_BOUND('',#967,.T.);
#410=FACE_OUTER_BOUND('',#968,.T.);
#411=FACE_OUTER_BOUND('',#969,.T.);
#412=FACE_OUTER_BOUND('',#970,.T.);
#413=FACE_OUTER_BOUND('',#971,.T.);
#414=FACE_OUTER_BOUND('',#972,.T.);
#415=FACE_OUTER_BOUND('',#973,.T.);
#416=FACE_OUTER_BOUND('',#974,.T.);
#417=FACE_OUTER_BOUND('',#975,.T.);
#418=FACE_OUTER_BOUND('',#976,.T.);
#419=FACE_OUTER_BOUND('',#977,.T.);
#420=FACE_OUTER_BOUND('',#978,.T.);
#421=FACE_OUTER_BOUND('',#979,.T.);
#422=FACE_OUTER_BOUND('',#980,.T.);
#423=FACE_OUTER_BOUND('',#981,.T.);
#424=FACE_OUTER_BOUND('',#982,.T.);
#425=FACE_OUTER_BOUND('',#983,.T.);
#426=FACE_OUTER_BOUND('',#984,.T.);
#427=FACE_OUTER_BOUND('',#985,.T.);
#428=FACE_OUTER_BOUND('',#986,.T.);
#429=FACE_OUTER_BOUND('',#987,.T.);
#430=FACE_OUTER_BOUND('',#988,.T.);
#431=FACE_OUTER_BOUND('',#989,.T.);
#432=FACE_OUTER_BOUND('',#990,.T.);
#433=FACE_OUTER_BOUND('',#991,.T.);
#434=FACE_OUTER_BOUND('',#992,.T.);
#435=FACE_OUTER_BOUND('',#993,.T.);
#436=FACE_OUTER_BOUND('',#994,.T.);
#437=FACE_OUTER_BOUND('',#995,.T.);
#438=FACE_OUTER_BOUND('',#996,.T.);
#439=FACE_OUTER_BOUND('',#997,.T.);
#440=FACE_OUTER_BOUND('',#998,.T.);
#441=FACE_OUTER_BOUND('',#999,.T.);
#442=FACE_OUTER_BOUND('',#1000,.T.);
#443=FACE_OUTER_BOUND('',#1001,.T.);
#444=FACE_OUTER_BOUND('',#1002,.T.);
#445=FACE_OUTER_BOUND('',#1003,.T.);
#446=FACE_OUTER_BOUND('',#1004,.T.);
#447=FACE_OUTER_BOUND('',#1005,.T.);
#448=FACE_OUTER_BOUND('',#1006,.T.);
#449=FACE_OUTER_BOUND('',#1007,.T.);
#450=FACE_OUTER_BOUND('',#1008,.T.);
#451=FACE_OUTER_BOUND('',#1009,.T.);
#452=FACE_OUTER_BOUND('',#1010,.T.);
#453=FACE_OUTER_BOUND('',#1013,.T.);
#454=FACE_OUTER_BOUND('',#1014,.T.);
#455=FACE_OUTER_BOUND('',#1015,.T.);
#456=FACE_OUTER_BOUND('',#1016,.T.);
#457=FACE_OUTER_BOUND('',#1017,.T.);
#458=FACE_OUTER_BOUND('',#1018,.T.);
#459=FACE_OUTER_BOUND('',#1019,.T.);
#460=FACE_OUTER_BOUND('',#1020,.T.);
#461=FACE_OUTER_BOUND('',#1021,.T.);
#462=FACE_OUTER_BOUND('',#1022,.T.);
#463=FACE_OUTER_BOUND('',#1023,.T.);
#464=FACE_OUTER_BOUND('',#1024,.T.);
#465=FACE_OUTER_BOUND('',#1025,.T.);
#466=FACE_OUTER_BOUND('',#1026,.T.);
#467=FACE_OUTER_BOUND('',#1027,.T.);
#468=FACE_OUTER_BOUND('',#1028,.T.);
#469=FACE_OUTER_BOUND('',#1029,.T.);
#470=FACE_OUTER_BOUND('',#1030,.T.);
#471=FACE_OUTER_BOUND('',#1031,.T.);
#472=FACE_OUTER_BOUND('',#1032,.T.);
#473=FACE_OUTER_BOUND('',#1033,.T.);
#474=FACE_OUTER_BOUND('',#1034,.T.);
#475=FACE_OUTER_BOUND('',#1035,.T.);
#476=FACE_OUTER_BOUND('',#1036,.T.);
#477=FACE_OUTER_BOUND('',#1037,.T.);
#478=FACE_OUTER_BOUND('',#1038,.T.);
#479=FACE_OUTER_BOUND('',#1039,.T.);
#480=FACE_OUTER_BOUND('',#1040,.T.);
#481=FACE_OUTER_BOUND('',#1041,.T.);
#482=FACE_OUTER_BOUND('',#1042,.T.);
#483=FACE_OUTER_BOUND('',#1043,.T.);
#484=FACE_OUTER_BOUND('',#1044,.T.);
#485=FACE_OUTER_BOUND('',#1045,.T.);
#486=FACE_OUTER_BOUND('',#1046,.T.);
#487=FACE_OUTER_BOUND('',#1047,.T.);
#488=FACE_OUTER_BOUND('',#1048,.T.);
#489=FACE_OUTER_BOUND('',#1049,.T.);
#490=FACE_OUTER_BOUND('',#1050,.T.);
#491=FACE_OUTER_BOUND('',#1051,.T.);
#492=FACE_OUTER_BOUND('',#1052,.T.);
#493=FACE_OUTER_BOUND('',#1053,.T.);
#494=FACE_OUTER_BOUND('',#1054,.T.);
#495=FACE_OUTER_BOUND('',#1055,.T.);
#496=FACE_OUTER_BOUND('',#1056,.T.);
#497=FACE_OUTER_BOUND('',#1057,.T.);
#498=FACE_OUTER_BOUND('',#1058,.T.);
#499=FACE_OUTER_BOUND('',#1059,.T.);
#500=FACE_OUTER_BOUND('',#1060,.T.);
#501=FACE_OUTER_BOUND('',#1061,.T.);
#502=FACE_OUTER_BOUND('',#1062,.T.);
#503=FACE_OUTER_BOUND('',#1063,.T.);
#504=FACE_OUTER_BOUND('',#1064,.T.);
#505=FACE_OUTER_BOUND('',#1065,.T.);
#506=FACE_OUTER_BOUND('',#1066,.T.);
#507=FACE_OUTER_BOUND('',#1067,.T.);
#508=FACE_OUTER_BOUND('',#1068,.T.);
#509=FACE_OUTER_BOUND('',#1069,.T.);
#510=FACE_OUTER_BOUND('',#1070,.T.);
#511=FACE_OUTER_BOUND('',#1071,.T.);
#512=FACE_OUTER_BOUND('',#1072,.T.);
#513=FACE_OUTER_BOUND('',#1073,.T.);
#514=FACE_OUTER_BOUND('',#1074,.T.);
#515=FACE_OUTER_BOUND('',#1075,.T.);
#516=FACE_OUTER_BOUND('',#1076,.T.);
#517=FACE_OUTER_BOUND('',#1077,.T.);
#518=FACE_OUTER_BOUND('',#1078,.T.);
#519=FACE_OUTER_BOUND('',#1079,.T.);
#520=FACE_OUTER_BOUND('',#1080,.T.);
#521=FACE_OUTER_BOUND('',#1081,.T.);
#522=FACE_OUTER_BOUND('',#1082,.T.);
#523=FACE_OUTER_BOUND('',#1083,.T.);
#524=FACE_OUTER_BOUND('',#1084,.T.);
#525=FACE_OUTER_BOUND('',#1085,.T.);
#526=FACE_OUTER_BOUND('',#1086,.T.);
#527=FACE_OUTER_BOUND('',#1087,.T.);
#528=FACE_OUTER_BOUND('',#1088,.T.);
#529=FACE_OUTER_BOUND('',#1089,.T.);
#530=FACE_OUTER_BOUND('',#1090,.T.);
#531=FACE_OUTER_BOUND('',#1091,.T.);
#532=FACE_OUTER_BOUND('',#1092,.T.);
#533=FACE_OUTER_BOUND('',#1093,.T.);
#534=FACE_OUTER_BOUND('',#1094,.T.);
#535=FACE_OUTER_BOUND('',#1095,.T.);
#536=FACE_OUTER_BOUND('',#1096,.T.);
#537=FACE_OUTER_BOUND('',#1097,.T.);
#538=FACE_OUTER_BOUND('',#1098,.T.);
#539=FACE_OUTER_BOUND('',#1099,.T.);
#540=FACE_OUTER_BOUND('',#1100,.T.);
#541=FACE_OUTER_BOUND('',#1101,.T.);
#542=FACE_OUTER_BOUND('',#1102,.T.);
#543=FACE_OUTER_BOUND('',#1103,.T.);
#544=FACE_OUTER_BOUND('',#1104,.T.);
#545=FACE_OUTER_BOUND('',#1105,.T.);
#546=FACE_OUTER_BOUND('',#1106,.T.);
#547=FACE_OUTER_BOUND('',#1107,.T.);
#548=FACE_OUTER_BOUND('',#1108,.T.);
#549=FACE_OUTER_BOUND('',#1109,.T.);
#550=FACE_OUTER_BOUND('',#1110,.T.);
#551=FACE_OUTER_BOUND('',#1111,.T.);
#552=FACE_OUTER_BOUND('',#1112,.T.);
#553=FACE_OUTER_BOUND('',#1113,.T.);
#554=FACE_OUTER_BOUND('',#1114,.T.);
#555=FACE_OUTER_BOUND('',#1115,.T.);
#556=FACE_OUTER_BOUND('',#1116,.T.);
#557=FACE_OUTER_BOUND('',#1117,.T.);
#558=FACE_OUTER_BOUND('',#1118,.T.);
#559=FACE_OUTER_BOUND('',#1119,.T.);
#560=FACE_OUTER_BOUND('',#1120,.T.);
#561=FACE_OUTER_BOUND('',#1121,.T.);
#562=FACE_OUTER_BOUND('',#1122,.T.);
#563=FACE_OUTER_BOUND('',#1123,.T.);
#564=FACE_OUTER_BOUND('',#1124,.T.);
#565=FACE_OUTER_BOUND('',#1125,.T.);
#566=FACE_OUTER_BOUND('',#1126,.T.);
#567=FACE_OUTER_BOUND('',#1127,.T.);
#568=FACE_OUTER_BOUND('',#1128,.T.);
#569=FACE_OUTER_BOUND('',#1129,.T.);
#570=FACE_OUTER_BOUND('',#1130,.T.);
#571=FACE_OUTER_BOUND('',#1131,.T.);
#572=FACE_OUTER_BOUND('',#1132,.T.);
#573=FACE_OUTER_BOUND('',#1133,.T.);
#574=FACE_OUTER_BOUND('',#1134,.T.);
#575=FACE_OUTER_BOUND('',#1135,.T.);
#576=FACE_OUTER_BOUND('',#1136,.T.);
#577=FACE_OUTER_BOUND('',#1137,.T.);
#578=FACE_OUTER_BOUND('',#1138,.T.);
#579=FACE_OUTER_BOUND('',#1139,.T.);
#580=FACE_OUTER_BOUND('',#1140,.T.);
#581=FACE_OUTER_BOUND('',#1141,.T.);
#582=FACE_OUTER_BOUND('',#1142,.T.);
#583=FACE_OUTER_BOUND('',#1143,.T.);
#584=FACE_OUTER_BOUND('',#1144,.T.);
#585=FACE_OUTER_BOUND('',#1145,.T.);
#586=FACE_OUTER_BOUND('',#1146,.T.);
#587=FACE_OUTER_BOUND('',#1147,.T.);
#588=FACE_OUTER_BOUND('',#1148,.T.);
#589=FACE_OUTER_BOUND('',#1149,.T.);
#590=FACE_OUTER_BOUND('',#1150,.T.);
#591=FACE_OUTER_BOUND('',#1153,.T.);
#592=FACE_OUTER_BOUND('',#1154,.T.);
#593=FACE_OUTER_BOUND('',#1155,.T.);
#594=FACE_OUTER_BOUND('',#1156,.T.);
#595=FACE_OUTER_BOUND('',#1157,.T.);
#596=FACE_OUTER_BOUND('',#1158,.T.);
#597=FACE_OUTER_BOUND('',#1159,.T.);
#598=FACE_OUTER_BOUND('',#1160,.T.);
#599=FACE_OUTER_BOUND('',#1161,.T.);
#600=FACE_OUTER_BOUND('',#1162,.T.);
#601=FACE_OUTER_BOUND('',#1163,.T.);
#602=FACE_OUTER_BOUND('',#1164,.T.);
#603=FACE_OUTER_BOUND('',#1165,.T.);
#604=FACE_OUTER_BOUND('',#1166,.T.);
#605=FACE_OUTER_BOUND('',#1167,.T.);
#606=FACE_OUTER_BOUND('',#1168,.T.);
#607=FACE_OUTER_BOUND('',#1169,.T.);
#608=FACE_OUTER_BOUND('',#1170,.T.);
#609=FACE_OUTER_BOUND('',#1171,.T.);
#610=FACE_OUTER_BOUND('',#1172,.T.);
#611=FACE_OUTER_BOUND('',#1173,.T.);
#612=FACE_OUTER_BOUND('',#1174,.T.);
#613=FACE_OUTER_BOUND('',#1175,.T.);
#614=FACE_OUTER_BOUND('',#1176,.T.);
#615=FACE_OUTER_BOUND('',#1177,.T.);
#616=FACE_OUTER_BOUND('',#1178,.T.);
#617=FACE_OUTER_BOUND('',#1179,.T.);
#618=FACE_OUTER_BOUND('',#1180,.T.);
#619=FACE_OUTER_BOUND('',#1181,.T.);
#620=FACE_OUTER_BOUND('',#1182,.T.);
#621=FACE_OUTER_BOUND('',#1183,.T.);
#622=FACE_OUTER_BOUND('',#1184,.T.);
#623=FACE_OUTER_BOUND('',#1185,.T.);
#624=FACE_OUTER_BOUND('',#1186,.T.);
#625=FACE_OUTER_BOUND('',#1187,.T.);
#626=FACE_OUTER_BOUND('',#1188,.T.);
#627=FACE_OUTER_BOUND('',#1189,.T.);
#628=FACE_OUTER_BOUND('',#1190,.T.);
#629=FACE_OUTER_BOUND('',#1191,.T.);
#630=FACE_OUTER_BOUND('',#1192,.T.);
#631=FACE_OUTER_BOUND('',#1193,.T.);
#632=FACE_OUTER_BOUND('',#1194,.T.);
#633=FACE_OUTER_BOUND('',#1195,.T.);
#634=FACE_OUTER_BOUND('',#1196,.T.);
#635=FACE_OUTER_BOUND('',#1197,.T.);
#636=FACE_OUTER_BOUND('',#1198,.T.);
#637=FACE_OUTER_BOUND('',#1199,.T.);
#638=FACE_OUTER_BOUND('',#1200,.T.);
#639=FACE_OUTER_BOUND('',#1201,.T.);
#640=FACE_OUTER_BOUND('',#1202,.T.);
#641=FACE_OUTER_BOUND('',#1203,.T.);
#642=FACE_OUTER_BOUND('',#1204,.T.);
#643=FACE_OUTER_BOUND('',#1205,.T.);
#644=FACE_OUTER_BOUND('',#1206,.T.);
#645=FACE_OUTER_BOUND('',#1207,.T.);
#646=FACE_OUTER_BOUND('',#1208,.T.);
#647=FACE_OUTER_BOUND('',#1209,.T.);
#648=FACE_OUTER_BOUND('',#1210,.T.);
#649=FACE_OUTER_BOUND('',#1211,.T.);
#650=FACE_OUTER_BOUND('',#1212,.T.);
#651=FACE_OUTER_BOUND('',#1213,.T.);
#652=FACE_OUTER_BOUND('',#1214,.T.);
#653=FACE_OUTER_BOUND('',#1215,.T.);
#654=FACE_OUTER_BOUND('',#1216,.T.);
#655=FACE_OUTER_BOUND('',#1217,.T.);
#656=FACE_OUTER_BOUND('',#1218,.T.);
#657=FACE_OUTER_BOUND('',#1219,.T.);
#658=FACE_OUTER_BOUND('',#1220,.T.);
#659=FACE_OUTER_BOUND('',#1221,.T.);
#660=FACE_OUTER_BOUND('',#1222,.T.);
#661=FACE_OUTER_BOUND('',#1223,.T.);
#662=FACE_OUTER_BOUND('',#1224,.T.);
#663=FACE_OUTER_BOUND('',#1225,.T.);
#664=FACE_OUTER_BOUND('',#1226,.T.);
#665=FACE_OUTER_BOUND('',#1227,.T.);
#666=FACE_OUTER_BOUND('',#1228,.T.);
#667=FACE_OUTER_BOUND('',#1229,.T.);
#668=FACE_OUTER_BOUND('',#1230,.T.);
#669=FACE_OUTER_BOUND('',#1231,.T.);
#670=FACE_OUTER_BOUND('',#1232,.T.);
#671=FACE_OUTER_BOUND('',#1233,.T.);
#672=FACE_OUTER_BOUND('',#1234,.T.);
#673=FACE_OUTER_BOUND('',#1235,.T.);
#674=FACE_OUTER_BOUND('',#1236,.T.);
#675=FACE_OUTER_BOUND('',#1237,.T.);
#676=FACE_OUTER_BOUND('',#1238,.T.);
#677=FACE_OUTER_BOUND('',#1239,.T.);
#678=FACE_OUTER_BOUND('',#1240,.T.);
#679=FACE_OUTER_BOUND('',#1241,.T.);
#680=FACE_OUTER_BOUND('',#1242,.T.);
#681=FACE_OUTER_BOUND('',#1243,.T.);
#682=FACE_OUTER_BOUND('',#1244,.T.);
#683=FACE_OUTER_BOUND('',#1245,.T.);
#684=FACE_OUTER_BOUND('',#1246,.T.);
#685=FACE_OUTER_BOUND('',#1247,.T.);
#686=FACE_OUTER_BOUND('',#1248,.T.);
#687=FACE_OUTER_BOUND('',#1249,.T.);
#688=FACE_OUTER_BOUND('',#1250,.T.);
#689=FACE_OUTER_BOUND('',#1251,.T.);
#690=FACE_OUTER_BOUND('',#1252,.T.);
#691=FACE_OUTER_BOUND('',#1253,.T.);
#692=FACE_OUTER_BOUND('',#1254,.T.);
#693=FACE_OUTER_BOUND('',#1255,.T.);
#694=FACE_OUTER_BOUND('',#1256,.T.);
#695=FACE_OUTER_BOUND('',#1257,.T.);
#696=FACE_OUTER_BOUND('',#1258,.T.);
#697=FACE_OUTER_BOUND('',#1259,.T.);
#698=FACE_OUTER_BOUND('',#1260,.T.);
#699=FACE_OUTER_BOUND('',#1261,.T.);
#700=FACE_OUTER_BOUND('',#1262,.T.);
#701=FACE_OUTER_BOUND('',#1263,.T.);
#702=FACE_OUTER_BOUND('',#1264,.T.);
#703=FACE_OUTER_BOUND('',#1265,.T.);
#704=FACE_OUTER_BOUND('',#1266,.T.);
#705=FACE_OUTER_BOUND('',#1267,.T.);
#706=FACE_OUTER_BOUND('',#1268,.T.);
#707=FACE_OUTER_BOUND('',#1269,.T.);
#708=FACE_OUTER_BOUND('',#1270,.T.);
#709=FACE_OUTER_BOUND('',#1271,.T.);
#710=FACE_OUTER_BOUND('',#1272,.T.);
#711=FACE_OUTER_BOUND('',#1273,.T.);
#712=FACE_OUTER_BOUND('',#1274,.T.);
#713=FACE_OUTER_BOUND('',#1275,.T.);
#714=FACE_OUTER_BOUND('',#1276,.T.);
#715=FACE_OUTER_BOUND('',#1277,.T.);
#716=FACE_OUTER_BOUND('',#1278,.T.);
#717=FACE_OUTER_BOUND('',#1279,.T.);
#718=FACE_OUTER_BOUND('',#1280,.T.);
#719=FACE_OUTER_BOUND('',#1281,.T.);
#720=FACE_OUTER_BOUND('',#1282,.T.);
#721=FACE_OUTER_BOUND('',#1283,.T.);
#722=FACE_OUTER_BOUND('',#1284,.T.);
#723=FACE_OUTER_BOUND('',#1285,.T.);
#724=FACE_OUTER_BOUND('',#1286,.T.);
#725=FACE_OUTER_BOUND('',#1287,.T.);
#726=FACE_OUTER_BOUND('',#1288,.T.);
#727=FACE_OUTER_BOUND('',#1289,.T.);
#728=FACE_OUTER_BOUND('',#1290,.T.);
#729=FACE_OUTER_BOUND('',#1291,.T.);
#730=FACE_OUTER_BOUND('',#1292,.T.);
#731=FACE_OUTER_BOUND('',#1293,.T.);
#732=FACE_OUTER_BOUND('',#1294,.T.);
#733=FACE_OUTER_BOUND('',#1295,.T.);
#734=FACE_OUTER_BOUND('',#1296,.T.);
#735=FACE_OUTER_BOUND('',#1297,.T.);
#736=FACE_OUTER_BOUND('',#1298,.T.);
#737=FACE_OUTER_BOUND('',#1299,.T.);
#738=FACE_OUTER_BOUND('',#1300,.T.);
#739=FACE_OUTER_BOUND('',#1301,.T.);
#740=FACE_OUTER_BOUND('',#1302,.T.);
#741=FACE_OUTER_BOUND('',#1303,.T.);
#742=FACE_OUTER_BOUND('',#1304,.T.);
#743=FACE_OUTER_BOUND('',#1305,.T.);
#744=FACE_OUTER_BOUND('',#1306,.T.);
#745=FACE_OUTER_BOUND('',#1307,.T.);
#746=FACE_OUTER_BOUND('',#1308,.T.);
#747=FACE_OUTER_BOUND('',#1309,.T.);
#748=FACE_OUTER_BOUND('',#1310,.T.);
#749=FACE_OUTER_BOUND('',#1311,.T.);
#750=FACE_OUTER_BOUND('',#1312,.T.);
#751=FACE_OUTER_BOUND('',#1315,.T.);
#752=FACE_OUTER_BOUND('',#1316,.T.);
#753=FACE_OUTER_BOUND('',#1317,.T.);
#754=FACE_OUTER_BOUND('',#1318,.T.);
#755=FACE_OUTER_BOUND('',#1319,.T.);
#756=FACE_OUTER_BOUND('',#1320,.T.);
#757=FACE_OUTER_BOUND('',#1321,.T.);
#758=FACE_OUTER_BOUND('',#1322,.T.);
#759=FACE_OUTER_BOUND('',#1323,.T.);
#760=FACE_OUTER_BOUND('',#1324,.T.);
#761=FACE_OUTER_BOUND('',#1325,.T.);
#762=FACE_OUTER_BOUND('',#1326,.T.);
#763=FACE_OUTER_BOUND('',#1327,.T.);
#764=FACE_OUTER_BOUND('',#1328,.T.);
#765=FACE_OUTER_BOUND('',#1329,.T.);
#766=FACE_OUTER_BOUND('',#1330,.T.);
#767=FACE_OUTER_BOUND('',#1331,.T.);
#768=FACE_OUTER_BOUND('',#1332,.T.);
#769=FACE_OUTER_BOUND('',#1333,.T.);
#770=FACE_OUTER_BOUND('',#1334,.T.);
#771=FACE_OUTER_BOUND('',#1335,.T.);
#772=FACE_OUTER_BOUND('',#1336,.T.);
#773=FACE_OUTER_BOUND('',#1337,.T.);
#774=FACE_OUTER_BOUND('',#1338,.T.);
#775=FACE_OUTER_BOUND('',#1339,.T.);
#776=FACE_OUTER_BOUND('',#1340,.T.);
#777=FACE_OUTER_BOUND('',#1341,.T.);
#778=FACE_OUTER_BOUND('',#1342,.T.);
#779=FACE_OUTER_BOUND('',#1343,.T.);
#780=FACE_OUTER_BOUND('',#1344,.T.);
#781=FACE_OUTER_BOUND('',#1345,.T.);
#782=FACE_OUTER_BOUND('',#1346,.T.);
#783=FACE_OUTER_BOUND('',#1347,.T.);
#784=FACE_OUTER_BOUND('',#1348,.T.);
#785=FACE_OUTER_BOUND('',#1349,.T.);
#786=FACE_OUTER_BOUND('',#1350,.T.);
#787=FACE_OUTER_BOUND('',#1351,.T.);
#788=FACE_OUTER_BOUND('',#1352,.T.);
#789=FACE_OUTER_BOUND('',#1353,.T.);
#790=FACE_OUTER_BOUND('',#1354,.T.);
#791=FACE_OUTER_BOUND('',#1355,.T.);
#792=FACE_OUTER_BOUND('',#1356,.T.);
#793=FACE_OUTER_BOUND('',#1357,.T.);
#794=FACE_OUTER_BOUND('',#1358,.T.);
#795=FACE_OUTER_BOUND('',#1359,.T.);
#796=FACE_OUTER_BOUND('',#1360,.T.);
#797=FACE_OUTER_BOUND('',#1361,.T.);
#798=FACE_OUTER_BOUND('',#1362,.T.);
#799=FACE_OUTER_BOUND('',#1363,.T.);
#800=FACE_OUTER_BOUND('',#1364,.T.);
#801=FACE_OUTER_BOUND('',#1365,.T.);
#802=FACE_OUTER_BOUND('',#1366,.T.);
#803=FACE_OUTER_BOUND('',#1367,.T.);
#804=FACE_OUTER_BOUND('',#1368,.T.);
#805=FACE_OUTER_BOUND('',#1369,.T.);
#806=FACE_OUTER_BOUND('',#1370,.T.);
#807=FACE_OUTER_BOUND('',#1371,.T.);
#808=FACE_OUTER_BOUND('',#1372,.T.);
#809=FACE_OUTER_BOUND('',#1373,.T.);
#810=FACE_OUTER_BOUND('',#1374,.T.);
#811=FACE_OUTER_BOUND('',#1375,.T.);
#812=FACE_OUTER_BOUND('',#1376,.T.);
#813=FACE_OUTER_BOUND('',#1377,.T.);
#814=FACE_OUTER_BOUND('',#1378,.T.);
#815=FACE_OUTER_BOUND('',#1379,.T.);
#816=FACE_OUTER_BOUND('',#1380,.T.);
#817=FACE_OUTER_BOUND('',#1381,.T.);
#818=FACE_OUTER_BOUND('',#1382,.T.);
#819=FACE_OUTER_BOUND('',#1383,.T.);
#820=FACE_OUTER_BOUND('',#1384,.T.);
#821=FACE_OUTER_BOUND('',#1385,.T.);
#822=FACE_OUTER_BOUND('',#1386,.T.);
#823=FACE_OUTER_BOUND('',#1387,.T.);
#824=FACE_OUTER_BOUND('',#1388,.T.);
#825=FACE_OUTER_BOUND('',#1389,.T.);
#826=FACE_OUTER_BOUND('',#1390,.T.);
#827=FACE_OUTER_BOUND('',#1391,.T.);
#828=FACE_OUTER_BOUND('',#1392,.T.);
#829=FACE_OUTER_BOUND('',#1393,.T.);
#830=FACE_OUTER_BOUND('',#1394,.T.);
#831=FACE_OUTER_BOUND('',#1395,.T.);
#832=FACE_OUTER_BOUND('',#1396,.T.);
#833=FACE_OUTER_BOUND('',#1397,.T.);
#834=FACE_OUTER_BOUND('',#1398,.T.);
#835=FACE_OUTER_BOUND('',#1399,.T.);
#836=FACE_OUTER_BOUND('',#1400,.T.);
#837=FACE_OUTER_BOUND('',#1401,.T.);
#838=FACE_OUTER_BOUND('',#1402,.T.);
#839=FACE_OUTER_BOUND('',#1403,.T.);
#840=FACE_OUTER_BOUND('',#1404,.T.);
#841=FACE_OUTER_BOUND('',#1405,.T.);
#842=FACE_OUTER_BOUND('',#1406,.T.);
#843=FACE_OUTER_BOUND('',#1407,.T.);
#844=FACE_OUTER_BOUND('',#1408,.T.);
#845=FACE_OUTER_BOUND('',#1409,.T.);
#846=FACE_OUTER_BOUND('',#1410,.T.);
#847=FACE_OUTER_BOUND('',#1411,.T.);
#848=FACE_OUTER_BOUND('',#1412,.T.);
#849=FACE_OUTER_BOUND('',#1413,.T.);
#850=FACE_OUTER_BOUND('',#1414,.T.);
#851=FACE_OUTER_BOUND('',#1415,.T.);
#852=FACE_OUTER_BOUND('',#1416,.T.);
#853=FACE_OUTER_BOUND('',#1417,.T.);
#854=FACE_OUTER_BOUND('',#1418,.T.);
#855=FACE_OUTER_BOUND('',#1419,.T.);
#856=FACE_OUTER_BOUND('',#1420,.T.);
#857=FACE_OUTER_BOUND('',#1421,.T.);
#858=FACE_OUTER_BOUND('',#1422,.T.);
#859=FACE_OUTER_BOUND('',#1423,.T.);
#860=FACE_OUTER_BOUND('',#1424,.T.);
#861=FACE_OUTER_BOUND('',#1425,.T.);
#862=FACE_OUTER_BOUND('',#1426,.T.);
#863=FACE_OUTER_BOUND('',#1427,.T.);
#864=FACE_OUTER_BOUND('',#1428,.T.);
#865=FACE_OUTER_BOUND('',#1429,.T.);
#866=FACE_OUTER_BOUND('',#1430,.T.);
#867=FACE_OUTER_BOUND('',#1431,.T.);
#868=FACE_OUTER_BOUND('',#1432,.T.);
#869=FACE_OUTER_BOUND('',#1433,.T.);
#870=FACE_OUTER_BOUND('',#1434,.T.);
#871=FACE_OUTER_BOUND('',#1435,.T.);
#872=FACE_OUTER_BOUND('',#1436,.T.);
#873=FACE_OUTER_BOUND('',#1437,.T.);
#874=FACE_OUTER_BOUND('',#1438,.T.);
#875=FACE_OUTER_BOUND('',#1439,.T.);
#876=FACE_OUTER_BOUND('',#1440,.T.);
#877=FACE_OUTER_BOUND('',#1441,.T.);
#878=FACE_OUTER_BOUND('',#1442,.T.);
#879=FACE_OUTER_BOUND('',#1443,.T.);
#880=FACE_OUTER_BOUND('',#1444,.T.);
#881=FACE_OUTER_BOUND('',#1445,.T.);
#882=FACE_OUTER_BOUND('',#1446,.T.);
#883=EDGE_LOOP('',(#5575,#5576,#5577,#5578));
#884=EDGE_LOOP('',(#5579,#5580,#5581,#5582));
#885=EDGE_LOOP('',(#5583,#5584,#5585,#5586));
#886=EDGE_LOOP('',(#5587,#5588,#5589,#5590));
#887=EDGE_LOOP('',(#5591,#5592,#5593,#5594));
#888=EDGE_LOOP('',(#5595,#5596,#5597,#5598));
#889=EDGE_LOOP('',(#5599,#5600,#5601,#5602));
#890=EDGE_LOOP('',(#5603,#5604,#5605,#5606));
#891=EDGE_LOOP('',(#5607,#5608,#5609,#5610));
#892=EDGE_LOOP('',(#5611,#5612,#5613,#5614));
#893=EDGE_LOOP('',(#5615,#5616,#5617,#5618));
#894=EDGE_LOOP('',(#5619,#5620,#5621,#5622));
#895=EDGE_LOOP('',(#5623,#5624,#5625,#5626));
#896=EDGE_LOOP('',(#5627,#5628,#5629,#5630));
#897=EDGE_LOOP('',(#5631,#5632,#5633,#5634));
#898=EDGE_LOOP('',(#5635,#5636,#5637,#5638));
#899=EDGE_LOOP('',(#5639,#5640,#5641,#5642));
#900=EDGE_LOOP('',(#5643,#5644,#5645,#5646));
#901=EDGE_LOOP('',(#5647,#5648,#5649,#5650));
#902=EDGE_LOOP('',(#5651,#5652,#5653,#5654));
#903=EDGE_LOOP('',(#5655,#5656,#5657,#5658));
#904=EDGE_LOOP('',(#5659,#5660,#5661,#5662));
#905=EDGE_LOOP('',(#5663,#5664,#5665,#5666));
#906=EDGE_LOOP('',(#5667,#5668,#5669,#5670));
#907=EDGE_LOOP('',(#5671,#5672,#5673,#5674));
#908=EDGE_LOOP('',(#5675,#5676,#5677,#5678));
#909=EDGE_LOOP('',(#5679,#5680,#5681,#5682));
#910=EDGE_LOOP('',(#5683,#5684,#5685,#5686));
#911=EDGE_LOOP('',(#5687,#5688,#5689,#5690));
#912=EDGE_LOOP('',(#5691,#5692,#5693,#5694));
#913=EDGE_LOOP('',(#5695,#5696,#5697,#5698));
#914=EDGE_LOOP('',(#5699,#5700,#5701,#5702));
#915=EDGE_LOOP('',(#5703,#5704,#5705,#5706));
#916=EDGE_LOOP('',(#5707,#5708,#5709,#5710));
#917=EDGE_LOOP('',(#5711,#5712,#5713,#5714));
#918=EDGE_LOOP('',(#5715,#5716,#5717,#5718));
#919=EDGE_LOOP('',(#5719,#5720,#5721,#5722));
#920=EDGE_LOOP('',(#5723,#5724,#5725,#5726));
#921=EDGE_LOOP('',(#5727,#5728,#5729,#5730));
#922=EDGE_LOOP('',(#5731,#5732,#5733,#5734));
#923=EDGE_LOOP('',(#5735,#5736,#5737,#5738));
#924=EDGE_LOOP('',(#5739,#5740,#5741,#5742));
#925=EDGE_LOOP('',(#5743,#5744,#5745,#5746));
#926=EDGE_LOOP('',(#5747,#5748,#5749,#5750));
#927=EDGE_LOOP('',(#5751,#5752,#5753,#5754));
#928=EDGE_LOOP('',(#5755,#5756,#5757,#5758));
#929=EDGE_LOOP('',(#5759,#5760,#5761,#5762));
#930=EDGE_LOOP('',(#5763,#5764,#5765,#5766));
#931=EDGE_LOOP('',(#5767,#5768,#5769,#5770));
#932=EDGE_LOOP('',(#5771,#5772,#5773,#5774));
#933=EDGE_LOOP('',(#5775,#5776,#5777,#5778));
#934=EDGE_LOOP('',(#5779,#5780,#5781,#5782));
#935=EDGE_LOOP('',(#5783,#5784,#5785,#5786));
#936=EDGE_LOOP('',(#5787,#5788,#5789,#5790));
#937=EDGE_LOOP('',(#5791,#5792,#5793,#5794));
#938=EDGE_LOOP('',(#5795,#5796,#5797,#5798));
#939=EDGE_LOOP('',(#5799,#5800,#5801,#5802));
#940=EDGE_LOOP('',(#5803,#5804,#5805,#5806));
#941=EDGE_LOOP('',(#5807,#5808,#5809,#5810));
#942=EDGE_LOOP('',(#5811,#5812,#5813,#5814));
#943=EDGE_LOOP('',(#5815,#5816,#5817,#5818));
#944=EDGE_LOOP('',(#5819,#5820,#5821,#5822));
#945=EDGE_LOOP('',(#5823,#5824,#5825,#5826));
#946=EDGE_LOOP('',(#5827,#5828,#5829,#5830));
#947=EDGE_LOOP('',(#5831,#5832,#5833,#5834));
#948=EDGE_LOOP('',(#5835,#5836,#5837,#5838));
#949=EDGE_LOOP('',(#5839,#5840,#5841,#5842,#5843,#5844));
#950=EDGE_LOOP('',(#5845,#5846,#5847,#5848,#5849,#5850));
#951=EDGE_LOOP('',(#5851,#5852,#5853,#5854,#5855,#5856,#5857,#5858,#5859,
#5860,#5861,#5862,#5863,#5864,#5865,#5866,#5867,#5868,#5869,#5870,#5871,
#5872,#5873,#5874,#5875,#5876,#5877,#5878,#5879,#5880,#5881,#5882,#5883,
#5884,#5885,#5886,#5887,#5888,#5889,#5890,#5891,#5892,#5893,#5894));
#952=EDGE_LOOP('',(#5895,#5896,#5897,#5898));
#953=EDGE_LOOP('',(#5899,#5900,#5901,#5902));
#954=EDGE_LOOP('',(#5903,#5904,#5905,#5906));
#955=EDGE_LOOP('',(#5907,#5908,#5909,#5910));
#956=EDGE_LOOP('',(#5911,#5912,#5913,#5914));
#957=EDGE_LOOP('',(#5915,#5916,#5917,#5918));
#958=EDGE_LOOP('',(#5919,#5920,#5921,#5922));
#959=EDGE_LOOP('',(#5923,#5924,#5925,#5926));
#960=EDGE_LOOP('',(#5927,#5928,#5929,#5930));
#961=EDGE_LOOP('',(#5931,#5932,#5933,#5934));
#962=EDGE_LOOP('',(#5935,#5936,#5937,#5938));
#963=EDGE_LOOP('',(#5939,#5940,#5941,#5942));
#964=EDGE_LOOP('',(#5943,#5944,#5945,#5946));
#965=EDGE_LOOP('',(#5947,#5948,#5949,#5950));
#966=EDGE_LOOP('',(#5951,#5952,#5953,#5954));
#967=EDGE_LOOP('',(#5955,#5956,#5957,#5958));
#968=EDGE_LOOP('',(#5959,#5960,#5961,#5962));
#969=EDGE_LOOP('',(#5963,#5964,#5965,#5966));
#970=EDGE_LOOP('',(#5967,#5968,#5969,#5970));
#971=EDGE_LOOP('',(#5971,#5972,#5973,#5974));
#972=EDGE_LOOP('',(#5975,#5976,#5977,#5978));
#973=EDGE_LOOP('',(#5979,#5980,#5981,#5982));
#974=EDGE_LOOP('',(#5983,#5984,#5985,#5986));
#975=EDGE_LOOP('',(#5987,#5988,#5989,#5990));
#976=EDGE_LOOP('',(#5991,#5992,#5993,#5994));
#977=EDGE_LOOP('',(#5995,#5996,#5997,#5998));
#978=EDGE_LOOP('',(#5999,#6000,#6001,#6002));
#979=EDGE_LOOP('',(#6003,#6004,#6005,#6006));
#980=EDGE_LOOP('',(#6007,#6008,#6009,#6010));
#981=EDGE_LOOP('',(#6011,#6012,#6013,#6014));
#982=EDGE_LOOP('',(#6015,#6016,#6017,#6018));
#983=EDGE_LOOP('',(#6019,#6020,#6021,#6022));
#984=EDGE_LOOP('',(#6023,#6024,#6025,#6026));
#985=EDGE_LOOP('',(#6027,#6028,#6029,#6030));
#986=EDGE_LOOP('',(#6031,#6032,#6033,#6034));
#987=EDGE_LOOP('',(#6035,#6036,#6037,#6038));
#988=EDGE_LOOP('',(#6039,#6040,#6041,#6042));
#989=EDGE_LOOP('',(#6043,#6044,#6045,#6046));
#990=EDGE_LOOP('',(#6047,#6048,#6049,#6050));
#991=EDGE_LOOP('',(#6051,#6052,#6053,#6054));
#992=EDGE_LOOP('',(#6055,#6056,#6057,#6058));
#993=EDGE_LOOP('',(#6059,#6060,#6061,#6062));
#994=EDGE_LOOP('',(#6063,#6064,#6065,#6066));
#995=EDGE_LOOP('',(#6067,#6068,#6069,#6070));
#996=EDGE_LOOP('',(#6071,#6072,#6073,#6074));
#997=EDGE_LOOP('',(#6075,#6076,#6077,#6078));
#998=EDGE_LOOP('',(#6079,#6080,#6081,#6082));
#999=EDGE_LOOP('',(#6083,#6084,#6085,#6086));
#1000=EDGE_LOOP('',(#6087,#6088,#6089,#6090));
#1001=EDGE_LOOP('',(#6091,#6092,#6093,#6094));
#1002=EDGE_LOOP('',(#6095,#6096,#6097,#6098));
#1003=EDGE_LOOP('',(#6099,#6100,#6101,#6102));
#1004=EDGE_LOOP('',(#6103,#6104,#6105,#6106));
#1005=EDGE_LOOP('',(#6107,#6108,#6109,#6110));
#1006=EDGE_LOOP('',(#6111,#6112,#6113,#6114));
#1007=EDGE_LOOP('',(#6115,#6116,#6117,#6118));
#1008=EDGE_LOOP('',(#6119,#6120,#6121,#6122));
#1009=EDGE_LOOP('',(#6123,#6124,#6125,#6126));
#1010=EDGE_LOOP('',(#6127,#6128,#6129,#6130,#6131,#6132));
#1011=EDGE_LOOP('',(#6133,#6134,#6135,#6136,#6137,#6138));
#1012=EDGE_LOOP('',(#6139,#6140,#6141,#6142,#6143,#6144,#6145,#6146,#6147,
#6148,#6149,#6150,#6151,#6152,#6153,#6154,#6155,#6156,#6157,#6158,#6159,
#6160,#6161,#6162,#6163,#6164,#6165,#6166,#6167,#6168,#6169,#6170,#6171,
#6172,#6173,#6174,#6175,#6176,#6177,#6178,#6179,#6180,#6181,#6182));
#1013=EDGE_LOOP('',(#6183,#6184,#6185,#6186));
#1014=EDGE_LOOP('',(#6187,#6188,#6189,#6190));
#1015=EDGE_LOOP('',(#6191,#6192,#6193,#6194));
#1016=EDGE_LOOP('',(#6195,#6196,#6197,#6198));
#1017=EDGE_LOOP('',(#6199,#6200,#6201,#6202));
#1018=EDGE_LOOP('',(#6203,#6204,#6205,#6206));
#1019=EDGE_LOOP('',(#6207,#6208,#6209,#6210));
#1020=EDGE_LOOP('',(#6211,#6212,#6213,#6214));
#1021=EDGE_LOOP('',(#6215,#6216,#6217,#6218));
#1022=EDGE_LOOP('',(#6219,#6220,#6221,#6222));
#1023=EDGE_LOOP('',(#6223,#6224,#6225,#6226));
#1024=EDGE_LOOP('',(#6227,#6228,#6229,#6230));
#1025=EDGE_LOOP('',(#6231,#6232,#6233,#6234));
#1026=EDGE_LOOP('',(#6235,#6236,#6237,#6238));
#1027=EDGE_LOOP('',(#6239,#6240,#6241,#6242));
#1028=EDGE_LOOP('',(#6243,#6244,#6245,#6246));
#1029=EDGE_LOOP('',(#6247,#6248,#6249,#6250));
#1030=EDGE_LOOP('',(#6251,#6252,#6253,#6254));
#1031=EDGE_LOOP('',(#6255,#6256,#6257,#6258));
#1032=EDGE_LOOP('',(#6259,#6260,#6261,#6262));
#1033=EDGE_LOOP('',(#6263,#6264,#6265,#6266));
#1034=EDGE_LOOP('',(#6267,#6268,#6269,#6270));
#1035=EDGE_LOOP('',(#6271,#6272,#6273,#6274));
#1036=EDGE_LOOP('',(#6275,#6276,#6277,#6278));
#1037=EDGE_LOOP('',(#6279,#6280,#6281,#6282));
#1038=EDGE_LOOP('',(#6283,#6284,#6285,#6286));
#1039=EDGE_LOOP('',(#6287,#6288,#6289,#6290));
#1040=EDGE_LOOP('',(#6291,#6292,#6293,#6294));
#1041=EDGE_LOOP('',(#6295,#6296,#6297,#6298));
#1042=EDGE_LOOP('',(#6299,#6300,#6301,#6302));
#1043=EDGE_LOOP('',(#6303,#6304,#6305,#6306));
#1044=EDGE_LOOP('',(#6307,#6308,#6309,#6310));
#1045=EDGE_LOOP('',(#6311,#6312,#6313,#6314));
#1046=EDGE_LOOP('',(#6315,#6316,#6317,#6318));
#1047=EDGE_LOOP('',(#6319,#6320,#6321,#6322));
#1048=EDGE_LOOP('',(#6323,#6324,#6325,#6326));
#1049=EDGE_LOOP('',(#6327,#6328,#6329,#6330));
#1050=EDGE_LOOP('',(#6331,#6332,#6333,#6334));
#1051=EDGE_LOOP('',(#6335,#6336,#6337,#6338));
#1052=EDGE_LOOP('',(#6339,#6340,#6341,#6342));
#1053=EDGE_LOOP('',(#6343,#6344,#6345,#6346));
#1054=EDGE_LOOP('',(#6347,#6348,#6349,#6350));
#1055=EDGE_LOOP('',(#6351,#6352,#6353,#6354));
#1056=EDGE_LOOP('',(#6355,#6356,#6357,#6358));
#1057=EDGE_LOOP('',(#6359,#6360,#6361,#6362));
#1058=EDGE_LOOP('',(#6363,#6364,#6365,#6366));
#1059=EDGE_LOOP('',(#6367,#6368,#6369,#6370));
#1060=EDGE_LOOP('',(#6371,#6372,#6373,#6374));
#1061=EDGE_LOOP('',(#6375,#6376,#6377,#6378));
#1062=EDGE_LOOP('',(#6379,#6380,#6381,#6382));
#1063=EDGE_LOOP('',(#6383,#6384,#6385,#6386));
#1064=EDGE_LOOP('',(#6387,#6388,#6389,#6390));
#1065=EDGE_LOOP('',(#6391,#6392,#6393,#6394));
#1066=EDGE_LOOP('',(#6395,#6396,#6397,#6398));
#1067=EDGE_LOOP('',(#6399,#6400,#6401,#6402));
#1068=EDGE_LOOP('',(#6403,#6404,#6405,#6406));
#1069=EDGE_LOOP('',(#6407,#6408,#6409,#6410));
#1070=EDGE_LOOP('',(#6411,#6412,#6413,#6414));
#1071=EDGE_LOOP('',(#6415,#6416,#6417,#6418));
#1072=EDGE_LOOP('',(#6419,#6420,#6421,#6422));
#1073=EDGE_LOOP('',(#6423,#6424,#6425,#6426));
#1074=EDGE_LOOP('',(#6427,#6428,#6429,#6430));
#1075=EDGE_LOOP('',(#6431,#6432,#6433,#6434));
#1076=EDGE_LOOP('',(#6435,#6436,#6437,#6438));
#1077=EDGE_LOOP('',(#6439,#6440,#6441,#6442));
#1078=EDGE_LOOP('',(#6443,#6444,#6445,#6446));
#1079=EDGE_LOOP('',(#6447,#6448,#6449,#6450));
#1080=EDGE_LOOP('',(#6451,#6452,#6453,#6454));
#1081=EDGE_LOOP('',(#6455,#6456,#6457,#6458));
#1082=EDGE_LOOP('',(#6459,#6460,#6461,#6462));
#1083=EDGE_LOOP('',(#6463,#6464,#6465,#6466));
#1084=EDGE_LOOP('',(#6467,#6468,#6469,#6470));
#1085=EDGE_LOOP('',(#6471,#6472,#6473,#6474));
#1086=EDGE_LOOP('',(#6475,#6476,#6477,#6478));
#1087=EDGE_LOOP('',(#6479,#6480,#6481,#6482));
#1088=EDGE_LOOP('',(#6483,#6484,#6485,#6486));
#1089=EDGE_LOOP('',(#6487,#6488,#6489,#6490));
#1090=EDGE_LOOP('',(#6491,#6492,#6493,#6494));
#1091=EDGE_LOOP('',(#6495,#6496,#6497,#6498));
#1092=EDGE_LOOP('',(#6499,#6500,#6501,#6502));
#1093=EDGE_LOOP('',(#6503,#6504,#6505,#6506));
#1094=EDGE_LOOP('',(#6507,#6508,#6509,#6510));
#1095=EDGE_LOOP('',(#6511,#6512,#6513,#6514));
#1096=EDGE_LOOP('',(#6515,#6516,#6517,#6518));
#1097=EDGE_LOOP('',(#6519,#6520,#6521,#6522));
#1098=EDGE_LOOP('',(#6523,#6524,#6525,#6526));
#1099=EDGE_LOOP('',(#6527,#6528,#6529,#6530));
#1100=EDGE_LOOP('',(#6531,#6532,#6533,#6534));
#1101=EDGE_LOOP('',(#6535,#6536,#6537,#6538));
#1102=EDGE_LOOP('',(#6539,#6540,#6541,#6542));
#1103=EDGE_LOOP('',(#6543,#6544,#6545,#6546));
#1104=EDGE_LOOP('',(#6547,#6548,#6549,#6550));
#1105=EDGE_LOOP('',(#6551,#6552,#6553,#6554));
#1106=EDGE_LOOP('',(#6555,#6556,#6557,#6558));
#1107=EDGE_LOOP('',(#6559,#6560,#6561,#6562));
#1108=EDGE_LOOP('',(#6563,#6564,#6565,#6566));
#1109=EDGE_LOOP('',(#6567,#6568,#6569,#6570));
#1110=EDGE_LOOP('',(#6571,#6572,#6573,#6574));
#1111=EDGE_LOOP('',(#6575,#6576,#6577,#6578));
#1112=EDGE_LOOP('',(#6579,#6580,#6581,#6582));
#1113=EDGE_LOOP('',(#6583,#6584,#6585,#6586));
#1114=EDGE_LOOP('',(#6587,#6588,#6589,#6590));
#1115=EDGE_LOOP('',(#6591,#6592,#6593,#6594));
#1116=EDGE_LOOP('',(#6595,#6596,#6597,#6598));
#1117=EDGE_LOOP('',(#6599,#6600,#6601,#6602));
#1118=EDGE_LOOP('',(#6603,#6604,#6605,#6606));
#1119=EDGE_LOOP('',(#6607,#6608,#6609,#6610));
#1120=EDGE_LOOP('',(#6611,#6612,#6613,#6614));
#1121=EDGE_LOOP('',(#6615,#6616,#6617,#6618));
#1122=EDGE_LOOP('',(#6619,#6620,#6621,#6622));
#1123=EDGE_LOOP('',(#6623,#6624,#6625,#6626));
#1124=EDGE_LOOP('',(#6627,#6628,#6629,#6630));
#1125=EDGE_LOOP('',(#6631,#6632,#6633,#6634));
#1126=EDGE_LOOP('',(#6635,#6636,#6637,#6638));
#1127=EDGE_LOOP('',(#6639,#6640,#6641,#6642));
#1128=EDGE_LOOP('',(#6643,#6644,#6645,#6646));
#1129=EDGE_LOOP('',(#6647,#6648,#6649,#6650));
#1130=EDGE_LOOP('',(#6651,#6652,#6653,#6654));
#1131=EDGE_LOOP('',(#6655,#6656,#6657,#6658));
#1132=EDGE_LOOP('',(#6659,#6660,#6661,#6662));
#1133=EDGE_LOOP('',(#6663,#6664,#6665,#6666));
#1134=EDGE_LOOP('',(#6667,#6668,#6669,#6670));
#1135=EDGE_LOOP('',(#6671,#6672,#6673,#6674));
#1136=EDGE_LOOP('',(#6675,#6676,#6677,#6678));
#1137=EDGE_LOOP('',(#6679,#6680,#6681,#6682));
#1138=EDGE_LOOP('',(#6683,#6684,#6685,#6686));
#1139=EDGE_LOOP('',(#6687,#6688,#6689,#6690));
#1140=EDGE_LOOP('',(#6691,#6692,#6693,#6694));
#1141=EDGE_LOOP('',(#6695,#6696,#6697,#6698));
#1142=EDGE_LOOP('',(#6699,#6700,#6701,#6702));
#1143=EDGE_LOOP('',(#6703,#6704,#6705,#6706));
#1144=EDGE_LOOP('',(#6707,#6708,#6709,#6710));
#1145=EDGE_LOOP('',(#6711,#6712,#6713,#6714));
#1146=EDGE_LOOP('',(#6715,#6716,#6717,#6718));
#1147=EDGE_LOOP('',(#6719,#6720,#6721,#6722));
#1148=EDGE_LOOP('',(#6723,#6724,#6725,#6726));
#1149=EDGE_LOOP('',(#6727,#6728,#6729,#6730));
#1150=EDGE_LOOP('',(#6731,#6732,#6733,#6734));
#1151=EDGE_LOOP('',(#6735,#6736,#6737,#6738,#6739,#6740,#6741,#6742,#6743,
#6744,#6745,#6746,#6747,#6748,#6749,#6750,#6751,#6752,#6753,#6754,#6755,
#6756,#6757,#6758,#6759,#6760,#6761,#6762,#6763,#6764,#6765,#6766,#6767,
#6768,#6769,#6770,#6771,#6772,#6773,#6774,#6775,#6776,#6777,#6778,#6779,
#6780,#6781,#6782,#6783,#6784,#6785,#6786,#6787,#6788,#6789,#6790,#6791,
#6792,#6793,#6794,#6795,#6796));
#1152=EDGE_LOOP('',(#6797,#6798,#6799,#6800,#6801,#6802,#6803,#6804,#6805,
#6806,#6807,#6808,#6809,#6810,#6811,#6812,#6813,#6814,#6815,#6816,#6817,
#6818,#6819,#6820,#6821,#6822,#6823,#6824,#6825,#6826,#6827,#6828,#6829,
#6830,#6831,#6832,#6833,#6834,#6835,#6836,#6837,#6838,#6839,#6840,#6841,
#6842,#6843,#6844,#6845,#6846,#6847,#6848,#6849,#6850,#6851,#6852,#6853,
#6854,#6855,#6856,#6857,#6858));
#1153=EDGE_LOOP('',(#6859,#6860,#6861,#6862));
#1154=EDGE_LOOP('',(#6863,#6864,#6865,#6866));
#1155=EDGE_LOOP('',(#6867,#6868,#6869,#6870));
#1156=EDGE_LOOP('',(#6871,#6872,#6873,#6874));
#1157=EDGE_LOOP('',(#6875,#6876,#6877,#6878));
#1158=EDGE_LOOP('',(#6879,#6880,#6881,#6882));
#1159=EDGE_LOOP('',(#6883,#6884,#6885,#6886));
#1160=EDGE_LOOP('',(#6887,#6888,#6889,#6890));
#1161=EDGE_LOOP('',(#6891,#6892,#6893,#6894));
#1162=EDGE_LOOP('',(#6895,#6896,#6897,#6898));
#1163=EDGE_LOOP('',(#6899,#6900,#6901,#6902));
#1164=EDGE_LOOP('',(#6903,#6904,#6905,#6906));
#1165=EDGE_LOOP('',(#6907,#6908,#6909,#6910));
#1166=EDGE_LOOP('',(#6911,#6912,#6913,#6914));
#1167=EDGE_LOOP('',(#6915,#6916,#6917,#6918));
#1168=EDGE_LOOP('',(#6919,#6920,#6921,#6922));
#1169=EDGE_LOOP('',(#6923,#6924,#6925,#6926));
#1170=EDGE_LOOP('',(#6927,#6928,#6929,#6930));
#1171=EDGE_LOOP('',(#6931,#6932,#6933,#6934));
#1172=EDGE_LOOP('',(#6935,#6936,#6937,#6938));
#1173=EDGE_LOOP('',(#6939,#6940,#6941,#6942));
#1174=EDGE_LOOP('',(#6943,#6944,#6945,#6946));
#1175=EDGE_LOOP('',(#6947,#6948,#6949,#6950));
#1176=EDGE_LOOP('',(#6951,#6952,#6953,#6954));
#1177=EDGE_LOOP('',(#6955,#6956,#6957,#6958));
#1178=EDGE_LOOP('',(#6959,#6960,#6961,#6962));
#1179=EDGE_LOOP('',(#6963,#6964,#6965,#6966));
#1180=EDGE_LOOP('',(#6967,#6968,#6969,#6970));
#1181=EDGE_LOOP('',(#6971,#6972,#6973,#6974));
#1182=EDGE_LOOP('',(#6975,#6976,#6977,#6978));
#1183=EDGE_LOOP('',(#6979,#6980,#6981,#6982));
#1184=EDGE_LOOP('',(#6983,#6984,#6985,#6986));
#1185=EDGE_LOOP('',(#6987,#6988,#6989,#6990));
#1186=EDGE_LOOP('',(#6991,#6992,#6993,#6994));
#1187=EDGE_LOOP('',(#6995,#6996,#6997,#6998));
#1188=EDGE_LOOP('',(#6999,#7000,#7001,#7002));
#1189=EDGE_LOOP('',(#7003,#7004,#7005,#7006));
#1190=EDGE_LOOP('',(#7007,#7008,#7009,#7010));
#1191=EDGE_LOOP('',(#7011,#7012,#7013,#7014));
#1192=EDGE_LOOP('',(#7015,#7016,#7017,#7018));
#1193=EDGE_LOOP('',(#7019,#7020,#7021,#7022));
#1194=EDGE_LOOP('',(#7023,#7024,#7025,#7026));
#1195=EDGE_LOOP('',(#7027,#7028,#7029,#7030));
#1196=EDGE_LOOP('',(#7031,#7032,#7033,#7034));
#1197=EDGE_LOOP('',(#7035,#7036,#7037,#7038));
#1198=EDGE_LOOP('',(#7039,#7040,#7041,#7042));
#1199=EDGE_LOOP('',(#7043,#7044,#7045,#7046));
#1200=EDGE_LOOP('',(#7047,#7048,#7049,#7050));
#1201=EDGE_LOOP('',(#7051,#7052,#7053,#7054));
#1202=EDGE_LOOP('',(#7055,#7056,#7057,#7058));
#1203=EDGE_LOOP('',(#7059,#7060,#7061,#7062));
#1204=EDGE_LOOP('',(#7063,#7064,#7065,#7066));
#1205=EDGE_LOOP('',(#7067,#7068,#7069,#7070));
#1206=EDGE_LOOP('',(#7071,#7072,#7073,#7074));
#1207=EDGE_LOOP('',(#7075,#7076,#7077,#7078));
#1208=EDGE_LOOP('',(#7079,#7080,#7081,#7082));
#1209=EDGE_LOOP('',(#7083,#7084,#7085,#7086));
#1210=EDGE_LOOP('',(#7087,#7088,#7089,#7090));
#1211=EDGE_LOOP('',(#7091,#7092,#7093,#7094));
#1212=EDGE_LOOP('',(#7095,#7096,#7097,#7098));
#1213=EDGE_LOOP('',(#7099,#7100,#7101,#7102));
#1214=EDGE_LOOP('',(#7103,#7104,#7105,#7106));
#1215=EDGE_LOOP('',(#7107,#7108,#7109,#7110));
#1216=EDGE_LOOP('',(#7111,#7112,#7113,#7114));
#1217=EDGE_LOOP('',(#7115,#7116,#7117,#7118));
#1218=EDGE_LOOP('',(#7119,#7120,#7121,#7122));
#1219=EDGE_LOOP('',(#7123,#7124,#7125,#7126));
#1220=EDGE_LOOP('',(#7127,#7128,#7129,#7130));
#1221=EDGE_LOOP('',(#7131,#7132,#7133,#7134));
#1222=EDGE_LOOP('',(#7135,#7136,#7137,#7138));
#1223=EDGE_LOOP('',(#7139,#7140,#7141,#7142));
#1224=EDGE_LOOP('',(#7143,#7144,#7145,#7146));
#1225=EDGE_LOOP('',(#7147,#7148,#7149,#7150));
#1226=EDGE_LOOP('',(#7151,#7152,#7153,#7154));
#1227=EDGE_LOOP('',(#7155,#7156,#7157,#7158));
#1228=EDGE_LOOP('',(#7159,#7160,#7161,#7162));
#1229=EDGE_LOOP('',(#7163,#7164,#7165,#7166));
#1230=EDGE_LOOP('',(#7167,#7168,#7169,#7170));
#1231=EDGE_LOOP('',(#7171,#7172,#7173,#7174));
#1232=EDGE_LOOP('',(#7175,#7176,#7177,#7178));
#1233=EDGE_LOOP('',(#7179,#7180,#7181,#7182));
#1234=EDGE_LOOP('',(#7183,#7184,#7185,#7186));
#1235=EDGE_LOOP('',(#7187,#7188,#7189,#7190));
#1236=EDGE_LOOP('',(#7191,#7192,#7193,#7194));
#1237=EDGE_LOOP('',(#7195,#7196,#7197,#7198));
#1238=EDGE_LOOP('',(#7199,#7200,#7201,#7202));
#1239=EDGE_LOOP('',(#7203,#7204,#7205,#7206));
#1240=EDGE_LOOP('',(#7207,#7208,#7209,#7210));
#1241=EDGE_LOOP('',(#7211,#7212,#7213,#7214));
#1242=EDGE_LOOP('',(#7215,#7216,#7217,#7218));
#1243=EDGE_LOOP('',(#7219,#7220,#7221,#7222));
#1244=EDGE_LOOP('',(#7223,#7224,#7225,#7226));
#1245=EDGE_LOOP('',(#7227,#7228,#7229,#7230));
#1246=EDGE_LOOP('',(#7231,#7232,#7233,#7234));
#1247=EDGE_LOOP('',(#7235,#7236,#7237,#7238));
#1248=EDGE_LOOP('',(#7239,#7240,#7241,#7242));
#1249=EDGE_LOOP('',(#7243,#7244,#7245,#7246));
#1250=EDGE_LOOP('',(#7247,#7248,#7249,#7250));
#1251=EDGE_LOOP('',(#7251,#7252,#7253,#7254));
#1252=EDGE_LOOP('',(#7255,#7256,#7257,#7258));
#1253=EDGE_LOOP('',(#7259,#7260,#7261,#7262));
#1254=EDGE_LOOP('',(#7263,#7264,#7265,#7266));
#1255=EDGE_LOOP('',(#7267,#7268,#7269,#7270));
#1256=EDGE_LOOP('',(#7271,#7272,#7273,#7274));
#1257=EDGE_LOOP('',(#7275,#7276,#7277,#7278));
#1258=EDGE_LOOP('',(#7279,#7280,#7281,#7282));
#1259=EDGE_LOOP('',(#7283,#7284,#7285,#7286));
#1260=EDGE_LOOP('',(#7287,#7288,#7289,#7290));
#1261=EDGE_LOOP('',(#7291,#7292,#7293,#7294));
#1262=EDGE_LOOP('',(#7295,#7296,#7297,#7298));
#1263=EDGE_LOOP('',(#7299,#7300,#7301,#7302));
#1264=EDGE_LOOP('',(#7303,#7304,#7305,#7306));
#1265=EDGE_LOOP('',(#7307,#7308,#7309,#7310));
#1266=EDGE_LOOP('',(#7311,#7312,#7313,#7314));
#1267=EDGE_LOOP('',(#7315,#7316,#7317,#7318));
#1268=EDGE_LOOP('',(#7319,#7320,#7321,#7322));
#1269=EDGE_LOOP('',(#7323,#7324,#7325,#7326));
#1270=EDGE_LOOP('',(#7327,#7328,#7329,#7330));
#1271=EDGE_LOOP('',(#7331,#7332,#7333,#7334));
#1272=EDGE_LOOP('',(#7335,#7336,#7337,#7338));
#1273=EDGE_LOOP('',(#7339,#7340,#7341,#7342));
#1274=EDGE_LOOP('',(#7343,#7344,#7345,#7346));
#1275=EDGE_LOOP('',(#7347,#7348,#7349,#7350));
#1276=EDGE_LOOP('',(#7351,#7352,#7353,#7354));
#1277=EDGE_LOOP('',(#7355,#7356,#7357,#7358));
#1278=EDGE_LOOP('',(#7359,#7360,#7361,#7362));
#1279=EDGE_LOOP('',(#7363,#7364,#7365,#7366));
#1280=EDGE_LOOP('',(#7367,#7368,#7369,#7370));
#1281=EDGE_LOOP('',(#7371,#7372,#7373,#7374));
#1282=EDGE_LOOP('',(#7375,#7376,#7377,#7378));
#1283=EDGE_LOOP('',(#7379,#7380,#7381,#7382));
#1284=EDGE_LOOP('',(#7383,#7384,#7385,#7386));
#1285=EDGE_LOOP('',(#7387,#7388,#7389,#7390));
#1286=EDGE_LOOP('',(#7391,#7392,#7393,#7394));
#1287=EDGE_LOOP('',(#7395,#7396,#7397,#7398));
#1288=EDGE_LOOP('',(#7399,#7400,#7401,#7402));
#1289=EDGE_LOOP('',(#7403,#7404,#7405,#7406));
#1290=EDGE_LOOP('',(#7407,#7408,#7409,#7410));
#1291=EDGE_LOOP('',(#7411,#7412,#7413,#7414));
#1292=EDGE_LOOP('',(#7415,#7416,#7417,#7418));
#1293=EDGE_LOOP('',(#7419,#7420,#7421,#7422));
#1294=EDGE_LOOP('',(#7423,#7424,#7425,#7426));
#1295=EDGE_LOOP('',(#7427,#7428,#7429,#7430));
#1296=EDGE_LOOP('',(#7431,#7432,#7433,#7434));
#1297=EDGE_LOOP('',(#7435,#7436,#7437,#7438));
#1298=EDGE_LOOP('',(#7439,#7440,#7441,#7442));
#1299=EDGE_LOOP('',(#7443,#7444,#7445,#7446));
#1300=EDGE_LOOP('',(#7447,#7448,#7449,#7450));
#1301=EDGE_LOOP('',(#7451,#7452,#7453,#7454));
#1302=EDGE_LOOP('',(#7455,#7456,#7457,#7458));
#1303=EDGE_LOOP('',(#7459,#7460,#7461,#7462));
#1304=EDGE_LOOP('',(#7463,#7464,#7465,#7466));
#1305=EDGE_LOOP('',(#7467,#7468,#7469,#7470));
#1306=EDGE_LOOP('',(#7471,#7472,#7473,#7474));
#1307=EDGE_LOOP('',(#7475,#7476,#7477,#7478));
#1308=EDGE_LOOP('',(#7479,#7480,#7481,#7482));
#1309=EDGE_LOOP('',(#7483,#7484,#7485,#7486));
#1310=EDGE_LOOP('',(#7487,#7488,#7489,#7490));
#1311=EDGE_LOOP('',(#7491,#7492,#7493,#7494));
#1312=EDGE_LOOP('',(#7495,#7496,#7497,#7498));
#1313=EDGE_LOOP('',(#7499,#7500,#7501,#7502,#7503,#7504,#7505,#7506,#7507,
#7508,#7509,#7510,#7511,#7512,#7513,#7514,#7515,#7516,#7517,#7518,#7519,
#7520,#7521,#7522,#7523,#7524,#7525,#7526,#7527,#7528,#7529,#7530,#7531,
#7532,#7533,#7534,#7535,#7536,#7537,#7538,#7539,#7540,#7541,#7542,#7543,
#7544,#7545,#7546,#7547,#7548,#7549,#7550,#7551,#7552,#7553,#7554,#7555,
#7556,#7557,#7558,#7559,#7560));
#1314=EDGE_LOOP('',(#7561,#7562,#7563,#7564,#7565,#7566,#7567,#7568,#7569,
#7570,#7571,#7572,#7573,#7574,#7575,#7576,#7577,#7578,#7579,#7580,#7581,
#7582,#7583,#7584,#7585,#7586,#7587,#7588,#7589,#7590,#7591,#7592,#7593,
#7594,#7595,#7596,#7597,#7598,#7599,#7600,#7601,#7602,#7603,#7604,#7605,
#7606,#7607,#7608,#7609,#7610,#7611,#7612,#7613,#7614,#7615,#7616,#7617,
#7618,#7619,#7620,#7621,#7622));
#1315=EDGE_LOOP('',(#7623,#7624,#7625,#7626));
#1316=EDGE_LOOP('',(#7627,#7628,#7629,#7630));
#1317=EDGE_LOOP('',(#7631,#7632,#7633,#7634));
#1318=EDGE_LOOP('',(#7635,#7636,#7637,#7638));
#1319=EDGE_LOOP('',(#7639,#7640,#7641,#7642));
#1320=EDGE_LOOP('',(#7643,#7644,#7645,#7646));
#1321=EDGE_LOOP('',(#7647,#7648,#7649,#7650));
#1322=EDGE_LOOP('',(#7651,#7652,#7653,#7654));
#1323=EDGE_LOOP('',(#7655,#7656,#7657,#7658));
#1324=EDGE_LOOP('',(#7659,#7660,#7661,#7662));
#1325=EDGE_LOOP('',(#7663,#7664,#7665,#7666));
#1326=EDGE_LOOP('',(#7667,#7668,#7669,#7670));
#1327=EDGE_LOOP('',(#7671,#7672,#7673,#7674));
#1328=EDGE_LOOP('',(#7675,#7676,#7677,#7678));
#1329=EDGE_LOOP('',(#7679,#7680,#7681,#7682));
#1330=EDGE_LOOP('',(#7683,#7684,#7685,#7686));
#1331=EDGE_LOOP('',(#7687,#7688,#7689,#7690));
#1332=EDGE_LOOP('',(#7691,#7692,#7693,#7694));
#1333=EDGE_LOOP('',(#7695,#7696,#7697,#7698));
#1334=EDGE_LOOP('',(#7699,#7700,#7701,#7702));
#1335=EDGE_LOOP('',(#7703,#7704,#7705,#7706));
#1336=EDGE_LOOP('',(#7707,#7708,#7709,#7710));
#1337=EDGE_LOOP('',(#7711,#7712,#7713,#7714));
#1338=EDGE_LOOP('',(#7715,#7716,#7717,#7718));
#1339=EDGE_LOOP('',(#7719,#7720,#7721,#7722));
#1340=EDGE_LOOP('',(#7723,#7724,#7725,#7726));
#1341=EDGE_LOOP('',(#7727,#7728,#7729,#7730));
#1342=EDGE_LOOP('',(#7731,#7732,#7733,#7734));
#1343=EDGE_LOOP('',(#7735,#7736,#7737,#7738));
#1344=EDGE_LOOP('',(#7739,#7740,#7741,#7742));
#1345=EDGE_LOOP('',(#7743,#7744,#7745,#7746));
#1346=EDGE_LOOP('',(#7747,#7748,#7749,#7750));
#1347=EDGE_LOOP('',(#7751,#7752,#7753,#7754));
#1348=EDGE_LOOP('',(#7755,#7756,#7757,#7758));
#1349=EDGE_LOOP('',(#7759,#7760,#7761,#7762));
#1350=EDGE_LOOP('',(#7763,#7764,#7765,#7766));
#1351=EDGE_LOOP('',(#7767,#7768,#7769,#7770));
#1352=EDGE_LOOP('',(#7771,#7772,#7773,#7774));
#1353=EDGE_LOOP('',(#7775,#7776,#7777,#7778));
#1354=EDGE_LOOP('',(#7779,#7780,#7781,#7782));
#1355=EDGE_LOOP('',(#7783,#7784,#7785,#7786));
#1356=EDGE_LOOP('',(#7787,#7788,#7789,#7790));
#1357=EDGE_LOOP('',(#7791,#7792,#7793,#7794));
#1358=EDGE_LOOP('',(#7795,#7796,#7797,#7798));
#1359=EDGE_LOOP('',(#7799,#7800,#7801,#7802));
#1360=EDGE_LOOP('',(#7803,#7804,#7805,#7806));
#1361=EDGE_LOOP('',(#7807,#7808,#7809,#7810));
#1362=EDGE_LOOP('',(#7811,#7812,#7813,#7814));
#1363=EDGE_LOOP('',(#7815,#7816,#7817,#7818));
#1364=EDGE_LOOP('',(#7819,#7820,#7821,#7822));
#1365=EDGE_LOOP('',(#7823,#7824,#7825,#7826));
#1366=EDGE_LOOP('',(#7827,#7828,#7829,#7830));
#1367=EDGE_LOOP('',(#7831,#7832,#7833,#7834));
#1368=EDGE_LOOP('',(#7835,#7836,#7837,#7838));
#1369=EDGE_LOOP('',(#7839,#7840,#7841,#7842));
#1370=EDGE_LOOP('',(#7843,#7844,#7845,#7846));
#1371=EDGE_LOOP('',(#7847,#7848,#7849,#7850));
#1372=EDGE_LOOP('',(#7851,#7852,#7853,#7854));
#1373=EDGE_LOOP('',(#7855,#7856,#7857,#7858));
#1374=EDGE_LOOP('',(#7859,#7860,#7861,#7862));
#1375=EDGE_LOOP('',(#7863,#7864,#7865,#7866));
#1376=EDGE_LOOP('',(#7867,#7868,#7869,#7870));
#1377=EDGE_LOOP('',(#7871,#7872,#7873,#7874));
#1378=EDGE_LOOP('',(#7875,#7876,#7877,#7878));
#1379=EDGE_LOOP('',(#7879,#7880,#7881,#7882));
#1380=EDGE_LOOP('',(#7883,#7884,#7885,#7886));
#1381=EDGE_LOOP('',(#7887,#7888,#7889,#7890));
#1382=EDGE_LOOP('',(#7891,#7892,#7893,#7894));
#1383=EDGE_LOOP('',(#7895,#7896,#7897,#7898));
#1384=EDGE_LOOP('',(#7899,#7900,#7901,#7902));
#1385=EDGE_LOOP('',(#7903,#7904,#7905,#7906));
#1386=EDGE_LOOP('',(#7907,#7908,#7909,#7910));
#1387=EDGE_LOOP('',(#7911,#7912,#7913,#7914));
#1388=EDGE_LOOP('',(#7915,#7916,#7917,#7918));
#1389=EDGE_LOOP('',(#7919,#7920,#7921,#7922));
#1390=EDGE_LOOP('',(#7923,#7924,#7925,#7926));
#1391=EDGE_LOOP('',(#7927,#7928,#7929,#7930));
#1392=EDGE_LOOP('',(#7931,#7932,#7933,#7934));
#1393=EDGE_LOOP('',(#7935,#7936,#7937,#7938));
#1394=EDGE_LOOP('',(#7939,#7940,#7941,#7942));
#1395=EDGE_LOOP('',(#7943,#7944,#7945,#7946));
#1396=EDGE_LOOP('',(#7947,#7948,#7949,#7950));
#1397=EDGE_LOOP('',(#7951,#7952,#7953,#7954));
#1398=EDGE_LOOP('',(#7955,#7956,#7957,#7958));
#1399=EDGE_LOOP('',(#7959,#7960,#7961,#7962));
#1400=EDGE_LOOP('',(#7963,#7964,#7965,#7966));
#1401=EDGE_LOOP('',(#7967,#7968,#7969,#7970));
#1402=EDGE_LOOP('',(#7971,#7972,#7973,#7974));
#1403=EDGE_LOOP('',(#7975,#7976,#7977,#7978));
#1404=EDGE_LOOP('',(#7979,#7980,#7981,#7982));
#1405=EDGE_LOOP('',(#7983,#7984,#7985,#7986));
#1406=EDGE_LOOP('',(#7987,#7988,#7989,#7990));
#1407=EDGE_LOOP('',(#7991,#7992,#7993,#7994));
#1408=EDGE_LOOP('',(#7995,#7996,#7997,#7998));
#1409=EDGE_LOOP('',(#7999,#8000,#8001,#8002));
#1410=EDGE_LOOP('',(#8003,#8004,#8005,#8006));
#1411=EDGE_LOOP('',(#8007,#8008,#8009,#8010));
#1412=EDGE_LOOP('',(#8011,#8012,#8013,#8014));
#1413=EDGE_LOOP('',(#8015,#8016,#8017,#8018));
#1414=EDGE_LOOP('',(#8019,#8020,#8021,#8022));
#1415=EDGE_LOOP('',(#8023,#8024,#8025,#8026));
#1416=EDGE_LOOP('',(#8027,#8028,#8029,#8030));
#1417=EDGE_LOOP('',(#8031,#8032,#8033,#8034));
#1418=EDGE_LOOP('',(#8035,#8036,#8037,#8038));
#1419=EDGE_LOOP('',(#8039,#8040,#8041,#8042));
#1420=EDGE_LOOP('',(#8043,#8044,#8045,#8046));
#1421=EDGE_LOOP('',(#8047,#8048,#8049,#8050));
#1422=EDGE_LOOP('',(#8051,#8052,#8053,#8054));
#1423=EDGE_LOOP('',(#8055,#8056,#8057,#8058));
#1424=EDGE_LOOP('',(#8059,#8060,#8061,#8062));
#1425=EDGE_LOOP('',(#8063,#8064,#8065,#8066));
#1426=EDGE_LOOP('',(#8067,#8068,#8069,#8070));
#1427=EDGE_LOOP('',(#8071,#8072,#8073,#8074));
#1428=EDGE_LOOP('',(#8075,#8076,#8077,#8078));
#1429=EDGE_LOOP('',(#8079,#8080,#8081,#8082));
#1430=EDGE_LOOP('',(#8083,#8084,#8085,#8086));
#1431=EDGE_LOOP('',(#8087,#8088,#8089,#8090));
#1432=EDGE_LOOP('',(#8091,#8092,#8093,#8094));
#1433=EDGE_LOOP('',(#8095,#8096,#8097,#8098));
#1434=EDGE_LOOP('',(#8099,#8100,#8101,#8102));
#1435=EDGE_LOOP('',(#8103,#8104,#8105,#8106));
#1436=EDGE_LOOP('',(#8107,#8108,#8109,#8110));
#1437=EDGE_LOOP('',(#8111,#8112,#8113,#8114));
#1438=EDGE_LOOP('',(#8115,#8116,#8117,#8118));
#1439=EDGE_LOOP('',(#8119,#8120,#8121,#8122));
#1440=EDGE_LOOP('',(#8123,#8124,#8125,#8126));
#1441=EDGE_LOOP('',(#8127,#8128,#8129,#8130));
#1442=EDGE_LOOP('',(#8131,#8132,#8133,#8134));
#1443=EDGE_LOOP('',(#8135,#8136,#8137,#8138));
#1444=EDGE_LOOP('',(#8139,#8140,#8141,#8142));
#1445=EDGE_LOOP('',(#8143,#8144,#8145,#8146));
#1446=EDGE_LOOP('',(#8147,#8148,#8149,#8150));
#1447=ELLIPSE('',#9057,0.541196117683316,0.5);
#1448=ELLIPSE('',#9058,0.707106781186549,0.5);
#1449=ELLIPSE('',#9064,0.707106781186549,0.5);
#1450=ELLIPSE('',#9065,0.541196117683318,0.5);
#1451=ELLIPSE('',#9067,0.541196100146199,0.5);
#1452=ELLIPSE('',#9068,0.707106781186548,0.5);
#1453=ELLIPSE('',#9070,0.541196100146198,0.5);
#1454=ELLIPSE('',#9072,0.707106781186548,0.5);
#1455=ELLIPSE('',#9073,0.541196117683318,0.5);
#1456=ELLIPSE('',#9075,0.541196100146197,0.5);
#1457=ELLIPSE('',#9076,0.707106781186545,0.5);
#1458=ELLIPSE('',#9078,0.541196100146197,0.5);
#1459=ELLIPSE('',#9080,0.707106781186548,0.5);
#1460=ELLIPSE('',#9081,0.541196117683317,0.5);
#1461=ELLIPSE('',#9083,0.541196100146196,0.5);
#1462=ELLIPSE('',#9084,0.707106781186545,0.5);
#1463=ELLIPSE('',#9086,0.541196100146198,0.5);
#1464=ELLIPSE('',#9088,0.707106781186548,0.5);
#1465=ELLIPSE('',#9089,0.541196117683318,0.5);
#1466=ELLIPSE('',#9091,0.541196100146196,0.5);
#1467=ELLIPSE('',#9092,0.707106781186547,0.5);
#1468=ELLIPSE('',#9094,0.541196100146197,0.5);
#1469=ELLIPSE('',#9096,0.707106781186548,0.5);
#1470=ELLIPSE('',#9097,0.541196117683316,0.5);
#1471=ELLIPSE('',#9099,0.541196100146196,0.5);
#1472=ELLIPSE('',#9100,0.707106781186548,0.5);
#1473=ELLIPSE('',#9102,0.541196100146198,0.5);
#1474=ELLIPSE('',#9104,0.541196100146197,0.5);
#1475=ELLIPSE('',#9105,0.707106781186548,0.5);
#1476=ELLIPSE('',#9107,0.541196100146197,0.5);
#1477=ELLIPSE('',#9109,0.707106781186548,0.5);
#1478=ELLIPSE('',#9110,0.541196100146198,0.5);
#1479=ELLIPSE('',#9118,0.707106781186549,0.5);
#1480=ELLIPSE('',#9121,0.541196117683318,0.5);
#1481=ELLIPSE('',#9123,0.541196082609083,0.5);
#1482=ELLIPSE('',#9127,0.541196082609084,0.5);
#1483=ELLIPSE('',#9131,0.541196082609082,0.5);
#1484=ELLIPSE('',#9135,0.541196082609082,0.5);
#1485=ELLIPSE('',#9139,0.541196082609082,0.5);
#1486=ELLIPSE('',#9144,0.541196082609083,0.5);
#1487=ELLIPSE('',#9173,0.541196082609082,0.5);
#1488=ELLIPSE('',#9174,0.541196117683317,0.5);
#1489=ELLIPSE('',#9176,0.707106781186548,0.5);
#1490=ELLIPSE('',#9178,0.541196082609082,0.5);
#1491=ELLIPSE('',#9179,0.541196117683316,0.5);
#1492=ELLIPSE('',#9181,0.541196117683316,0.5);
#1493=ELLIPSE('',#9182,0.541196082609082,0.5);
#1494=ELLIPSE('',#9184,0.707106781186548,0.5);
#1495=ELLIPSE('',#9190,0.541196117683317,0.5);
#1496=ELLIPSE('',#9191,0.541196082609082,0.5);
#1497=ELLIPSE('',#9193,0.707106781186548,0.5);
#1498=ELLIPSE('',#9195,0.541196100146198,0.5);
#1499=ELLIPSE('',#9196,0.541196100146195,0.5);
#1500=ELLIPSE('',#9198,0.541196117683319,0.5);
#1501=ELLIPSE('',#9199,0.541196082609083,0.5);
#1502=ELLIPSE('',#9201,0.707106781186548,0.5);
#1503=ELLIPSE('',#9203,0.541196100146197,0.5);
#1504=ELLIPSE('',#9204,0.541196100146197,0.5);
#1505=ELLIPSE('',#9206,0.541196117683317,0.5);
#1506=ELLIPSE('',#9207,0.541196082609082,0.5);
#1507=ELLIPSE('',#9209,0.707106781186547,0.5);
#1508=ELLIPSE('',#9212,0.541196100146198,0.5);
#1509=ELLIPSE('',#9213,0.541196100146198,0.5);
#1510=ELLIPSE('',#9218,0.541196100146196,0.5);
#1511=ELLIPSE('',#9220,0.707106781186548,0.5);
#1512=ELLIPSE('',#9222,0.541196100146197,0.5);
#1513=ELLIPSE('',#9223,0.541196100146197,0.5);
#1514=ELLIPSE('',#9225,0.541196100146197,0.5);
#1515=ELLIPSE('',#9226,0.541196100146197,0.5);
#1516=ELLIPSE('',#9228,0.707106781186548,0.5);
#1517=ELLIPSE('',#9230,0.541196100146198,0.5);
#1518=ELLIPSE('',#9231,0.541196100146198,0.5);
#1519=ELLIPSE('',#9234,0.707106781186548,0.5);
#1520=ELLIPSE('',#9238,0.707106781186547,0.5);
#1521=ELLIPSE('',#9241,0.707106781186545,0.5);
#1522=ELLIPSE('',#9245,0.707106781186545,0.5);
#1523=ELLIPSE('',#9249,0.707106781186548,0.5);
#1524=ELLIPSE('',#9252,0.541196117683319,0.5);
#1525=ELLIPSE('',#9255,0.707106781186549,0.5);
#1526=ELLIPSE('',#9259,0.707106781186549,0.5);
#1527=ELLIPSE('',#9315,0.707106781186547,0.5);
#1528=ELLIPSE('',#9316,0.54119610640945,0.5);
#1529=ELLIPSE('',#9318,0.541196093882944,0.5);
#1530=ELLIPSE('',#9320,0.541196106409449,0.5);
#1531=ELLIPSE('',#9322,0.707106781186545,0.5);
#1532=ELLIPSE('',#9325,0.541196106409448,0.5);
#1533=ELLIPSE('',#9327,0.707106781186548,0.5);
#1534=ELLIPSE('',#9329,0.541196093882945,0.5);
#1535=ELLIPSE('',#9331,0.541196106409448,0.5);
#1536=ELLIPSE('',#9333,0.707106781186548,0.5);
#1537=ELLIPSE('',#9335,0.541196093882945,0.5);
#1538=ELLIPSE('',#9337,0.541196106409448,0.5);
#1539=ELLIPSE('',#9339,0.707106781186548,0.5);
#1540=ELLIPSE('',#9341,0.541196093882945,0.5);
#1541=ELLIPSE('',#9343,0.541196106409449,0.5);
#1542=ELLIPSE('',#9345,0.707106781186546,0.5);
#1543=ELLIPSE('',#9347,0.541196093882946,0.5);
#1544=ELLIPSE('',#9349,0.541196106409449,0.5);
#1545=ELLIPSE('',#9351,0.707106781186546,0.5);
#1546=ELLIPSE('',#9353,0.541196093882945,0.5);
#1547=ELLIPSE('',#9355,0.54119610640945,0.5);
#1548=ELLIPSE('',#9357,0.707106781186546,0.5);
#1549=ELLIPSE('',#9359,0.541196093882946,0.5);
#1550=ELLIPSE('',#9361,0.541196106409449,0.5);
#1551=ELLIPSE('',#9363,0.707106781186547,0.5);
#1552=ELLIPSE('',#9365,0.541196093882947,0.5);
#1553=ELLIPSE('',#9367,0.541196106409449,0.5);
#1554=ELLIPSE('',#9369,0.707106781186547,0.5);
#1555=ELLIPSE('',#9371,0.541196093882945,0.5);
#1556=ELLIPSE('',#9373,0.541196106409449,0.5);
#1557=ELLIPSE('',#9375,0.707106781186546,0.5);
#1558=ELLIPSE('',#9377,0.541196093882945,0.5);
#1559=ELLIPSE('',#9379,0.54119610640945,0.5);
#1560=ELLIPSE('',#9381,0.707106781186548,0.5);
#1561=ELLIPSE('',#9385,0.541196106409451,0.5);
#1562=ELLIPSE('',#9390,0.707106781186547,0.5);
#1563=ELLIPSE('',#9392,0.541196093882946,0.5);
#1564=ELLIPSE('',#9394,0.541196106409451,0.5);
#1565=ELLIPSE('',#9396,0.707106781186547,0.5);
#1566=ELLIPSE('',#9398,0.541196093882946,0.5);
#1567=ELLIPSE('',#9400,0.541196106409451,0.5);
#1568=ELLIPSE('',#9402,0.707106781186547,0.5);
#1569=ELLIPSE('',#9404,0.541196093882946,0.5);
#1570=ELLIPSE('',#9406,0.54119610640945,0.5);
#1571=ELLIPSE('',#9408,0.707106781186547,0.5);
#1572=ELLIPSE('',#9410,0.541196093882946,0.5);
#1573=ELLIPSE('',#9412,0.541196106409451,0.5);
#1574=ELLIPSE('',#9414,0.707106781186547,0.5);
#1575=ELLIPSE('',#9416,0.541196093882945,0.5);
#1576=ELLIPSE('',#9418,0.54119610640945,0.5);
#1577=ELLIPSE('',#9420,0.707106781186547,0.5);
#1578=ELLIPSE('',#9422,0.541196093882946,0.5);
#1579=ELLIPSE('',#9424,0.54119610640945,0.5);
#1580=ELLIPSE('',#9426,0.707106781186547,0.5);
#1581=ELLIPSE('',#9428,0.541196093882946,0.5);
#1582=ELLIPSE('',#9433,0.541196106409449,0.5);
#1583=ELLIPSE('',#9436,0.707106781186546,0.5);
#1584=ELLIPSE('',#9438,0.541196093882946,0.5);
#1585=ELLIPSE('',#9478,0.541196227499249,0.5);
#1586=ELLIPSE('',#9479,0.707106781186549,0.5);
#1587=ELLIPSE('',#9481,0.54119597279338,0.5);
#1588=ELLIPSE('',#9483,0.707106781186548,0.5);
#1589=ELLIPSE('',#9485,0.541196227499249,0.5);
#1590=ELLIPSE('',#9487,0.541195972793381,0.5);
#1591=ELLIPSE('',#9489,0.707106781186548,0.5);
#1592=ELLIPSE('',#9491,0.541196227499249,0.5);
#1593=ELLIPSE('',#9493,0.54119597279338,0.5);
#1594=ELLIPSE('',#9495,0.707106781186548,0.5);
#1595=ELLIPSE('',#9497,0.541196227499249,0.5);
#1596=ELLIPSE('',#9499,0.54119597279338,0.5);
#1597=ELLIPSE('',#9501,0.707106781186547,0.5);
#1598=ELLIPSE('',#9503,0.541196227499249,0.5);
#1599=ELLIPSE('',#9505,0.54119597279338,0.5);
#1600=ELLIPSE('',#9507,0.707106781186549,0.5);
#1601=ELLIPSE('',#9509,0.54119622749925,0.5);
#1602=ELLIPSE('',#9511,0.541195972793379,0.5);
#1603=ELLIPSE('',#9513,0.707106781186546,0.5);
#1604=ELLIPSE('',#9515,0.54119622749925,0.5);
#1605=ELLIPSE('',#9520,0.707106781186546,0.5);
#1606=ELLIPSE('',#9522,0.541196227499253,0.5);
#1607=ELLIPSE('',#9524,0.541195972793379,0.5);
#1608=ELLIPSE('',#9526,0.707106781186548,0.5);
#1609=ELLIPSE('',#9528,0.54119622749925,0.5);
#1610=ELLIPSE('',#9530,0.541195972793378,0.5);
#1611=ELLIPSE('',#9532,0.707106781186549,0.5);
#1612=ELLIPSE('',#9534,0.54119622749925,0.5);
#1613=ELLIPSE('',#9536,0.541195972793378,0.5);
#1614=ELLIPSE('',#9538,0.707106781186549,0.5);
#1615=ELLIPSE('',#9540,0.54119622749925,0.5);
#1616=ELLIPSE('',#9542,0.54119597279338,0.5);
#1617=ELLIPSE('',#9544,0.707106781186548,0.5);
#1618=ELLIPSE('',#9546,0.54119622749925,0.5);
#1619=ELLIPSE('',#9548,0.54119597279338,0.5);
#1620=ELLIPSE('',#9550,0.707106781186548,0.5);
#1621=ELLIPSE('',#9552,0.541196227499249,0.5);
#1622=ELLIPSE('',#9554,0.541195972793378,0.5);
#1623=ELLIPSE('',#9556,0.707106781186549,0.5);
#1624=ELLIPSE('',#9558,0.54119622749925,0.5);
#1625=ELLIPSE('',#9560,0.541195972793379,0.5);
#1626=ELLIPSE('',#9562,0.707106781186549,0.5);
#1627=ELLIPSE('',#9565,0.541196227499249,0.5);
#1628=ELLIPSE('',#9567,0.54119597279338,0.5);
#1629=ELLIPSE('',#9569,0.707106781186548,0.5);
#1630=ELLIPSE('',#9571,0.541196227499248,0.5);
#1631=ELLIPSE('',#9573,0.541195972793377,0.5);
#1632=ELLIPSE('',#9575,0.707106781186548,0.5);
#1633=ELLIPSE('',#9577,0.541196227499249,0.5);
#1634=ELLIPSE('',#9583,0.707106781186549,0.5);
#1635=ELLIPSE('',#9585,0.541196227499249,0.5);
#1636=ELLIPSE('',#9587,0.541195972793381,0.5);
#1637=ELLIPSE('',#9589,0.707106781186549,0.5);
#1638=ELLIPSE('',#9591,0.541196227499247,0.5);
#1639=ELLIPSE('',#9593,0.541195972793381,0.5);
#1640=ELLIPSE('',#9595,0.707106781186547,0.5);
#1641=ELLIPSE('',#9597,0.541196227499249,0.5);
#1642=ELLIPSE('',#9599,0.54119597279338,0.5);
#1643=ELLIPSE('',#9634,0.541196227499248,0.5);
#1644=ELLIPSE('',#9635,0.541195972793381,0.5);
#1645=ELLIPSE('',#9637,0.707106781186549,0.5);
#1646=ELLIPSE('',#9639,0.541195972793379,0.5);
#1647=ELLIPSE('',#9641,0.541196227499248,0.5);
#1648=ELLIPSE('',#9646,0.707106781186547,0.5);
#1649=ELLIPSE('',#9648,0.707106781186549,0.5);
#1650=ELLIPSE('',#9650,0.54119597279338,0.5);
#1651=ELLIPSE('',#9652,0.541196227499248,0.5);
#1652=ELLIPSE('',#9654,0.707106781186547,0.5);
#1653=ELLIPSE('',#9656,0.707106781186549,0.5);
#1654=ELLIPSE('',#9657,0.541195972793379,0.5);
#1655=ELLIPSE('',#9659,0.541195972793381,0.5);
#1656=ELLIPSE('',#9661,0.541196227499249,0.5);
#1657=ELLIPSE('',#9663,0.707106781186547,0.5);
#1658=ELLIPSE('',#9665,0.707106781186547,0.5);
#1659=ELLIPSE('',#9666,0.541195972793378,0.5);
#1660=ELLIPSE('',#9668,0.541195972793379,0.5);
#1661=ELLIPSE('',#9670,0.541196227499249,0.5);
#1662=ELLIPSE('',#9672,0.707106781186547,0.5);
#1663=ELLIPSE('',#9674,0.707106781186549,0.5);
#1664=ELLIPSE('',#9675,0.54119597279338,0.5);
#1665=ELLIPSE('',#9677,0.54119597279338,0.5);
#1666=ELLIPSE('',#9679,0.541196227499249,0.5);
#1667=ELLIPSE('',#9681,0.707106781186546,0.5);
#1668=ELLIPSE('',#9683,0.707106781186548,0.5);
#1669=ELLIPSE('',#9684,0.54119597279338,0.5);
#1670=ELLIPSE('',#9686,0.54119597279338,0.5);
#1671=ELLIPSE('',#9688,0.541196227499249,0.5);
#1672=ELLIPSE('',#9690,0.707106781186546,0.5);
#1673=ELLIPSE('',#9692,0.707106781186548,0.5);
#1674=ELLIPSE('',#9693,0.541195972793379,0.5);
#1675=ELLIPSE('',#9695,0.541195972793381,0.5);
#1676=ELLIPSE('',#9697,0.541196227499247,0.5);
#1677=ELLIPSE('',#9699,0.707106781186547,0.5);
#1678=ELLIPSE('',#9701,0.707106781186548,0.5);
#1679=ELLIPSE('',#9702,0.54119597279338,0.5);
#1680=ELLIPSE('',#9704,0.54119597279338,0.5);
#1681=ELLIPSE('',#9706,0.541196227499245,0.5);
#1682=ELLIPSE('',#9708,0.707106781186547,0.5);
#1683=ELLIPSE('',#9710,0.707106781186547,0.5);
#1684=ELLIPSE('',#9711,0.541195972793379,0.5);
#1685=ELLIPSE('',#9715,0.541196227499248,0.5);
#1686=ELLIPSE('',#9717,0.707106781186549,0.5);
#1687=ELLIPSE('',#9718,0.54119597279338,0.5);
#1688=ELLIPSE('',#9720,0.54119597279338,0.5);
#1689=ELLIPSE('',#9721,0.707106781186546,0.5);
#1690=ELLIPSE('',#9723,0.541196227499248,0.5);
#1691=ELLIPSE('',#9727,0.541196227499249,0.5);
#1692=ELLIPSE('',#9733,0.541196227499249,0.5);
#1693=ELLIPSE('',#9736,0.541196227499249,0.5);
#1694=ELLIPSE('',#9739,0.541196227499249,0.5);
#1695=ELLIPSE('',#9742,0.541196227499248,0.5);
#1696=ELLIPSE('',#9745,0.541196227499248,0.5);
#1697=ELLIPSE('',#9748,0.54119622749925,0.5);
#1698=ELLIPSE('',#9751,0.541196227499247,0.5);
#1699=ELLIPSE('',#9754,0.541196227499248,0.5);
#1700=ELLIPSE('',#9756,0.707106781186547,0.5);
#1701=ELLIPSE('',#9768,0.541196093882944,0.5);
#1702=ELLIPSE('',#9769,0.54119610640945,0.5);
#1703=ELLIPSE('',#9771,0.707106781186546,0.5);
#1704=ELLIPSE('',#9773,0.541196106409449,0.5);
#1705=ELLIPSE('',#9774,0.707106781186547,0.5);
#1706=ELLIPSE('',#9776,0.541196093882944,0.5);
#1707=ELLIPSE('',#9778,0.54119610640945,0.5);
#1708=ELLIPSE('',#9779,0.707106781186547,0.5);
#1709=ELLIPSE('',#9781,0.541196093882944,0.5);
#1710=ELLIPSE('',#9783,0.707106781186547,0.5);
#1711=ELLIPSE('',#9784,0.54119610640945,0.5);
#1712=ELLIPSE('',#9786,0.541196106409449,0.5);
#1713=ELLIPSE('',#9787,0.707106781186546,0.5);
#1714=ELLIPSE('',#9789,0.541196093882944,0.5);
#1715=ELLIPSE('',#9791,0.707106781186547,0.5);
#1716=ELLIPSE('',#9792,0.54119610640945,0.5);
#1717=ELLIPSE('',#9794,0.54119610640945,0.5);
#1718=ELLIPSE('',#9795,0.707106781186546,0.5);
#1719=ELLIPSE('',#9797,0.541196093882944,0.5);
#1720=ELLIPSE('',#9799,0.707106781186547,0.5);
#1721=ELLIPSE('',#9800,0.541196106409448,0.5);
#1722=ELLIPSE('',#9802,0.541196106409449,0.5);
#1723=ELLIPSE('',#9803,0.707106781186546,0.5);
#1724=ELLIPSE('',#9805,0.541196093882944,0.5);
#1725=ELLIPSE('',#9807,0.707106781186547,0.5);
#1726=ELLIPSE('',#9808,0.54119610640945,0.5);
#1727=ELLIPSE('',#9810,0.54119610640945,0.5);
#1728=ELLIPSE('',#9811,0.707106781186546,0.5);
#1729=ELLIPSE('',#9813,0.541196093882943,0.5);
#1730=ELLIPSE('',#9815,0.707106781186547,0.5);
#1731=ELLIPSE('',#9816,0.541196106409449,0.5);
#1732=ELLIPSE('',#9818,0.54119610640945,0.5);
#1733=ELLIPSE('',#9819,0.707106781186543,0.5);
#1734=ELLIPSE('',#9821,0.541196093882944,0.5);
#1735=ELLIPSE('',#9823,0.707106781186547,0.5);
#1736=ELLIPSE('',#9824,0.541196106409449,0.5);
#1737=ELLIPSE('',#9826,0.54119610640945,0.5);
#1738=ELLIPSE('',#9827,0.707106781186546,0.5);
#1739=ELLIPSE('',#9832,0.707106781186547,0.5);
#1740=ELLIPSE('',#9833,0.54119610640945,0.5);
#1741=ELLIPSE('',#9835,0.54119610640945,0.5);
#1742=ELLIPSE('',#9836,0.707106781186545,0.5);
#1743=ELLIPSE('',#9838,0.541196093882945,0.5);
#1744=ELLIPSE('',#9840,0.707106781186546,0.5);
#1745=ELLIPSE('',#9841,0.541196106409451,0.5);
#1746=ELLIPSE('',#9843,0.54119610640945,0.5);
#1747=ELLIPSE('',#9844,0.707106781186547,0.5);
#1748=ELLIPSE('',#9846,0.541196093882944,0.5);
#1749=ELLIPSE('',#9850,0.541196093882943,0.5);
#1750=ELLIPSE('',#9854,0.541196093882944,0.5);
#1751=ELLIPSE('',#9859,0.541196093882944,0.5);
#1752=ELLIPSE('',#9863,0.541196093882944,0.5);
#1753=ELLIPSE('',#9867,0.541196093882944,0.5);
#1754=ELLIPSE('',#9871,0.541196093882943,0.5);
#1755=ELLIPSE('',#9875,0.541196093882944,0.5);
#1756=ELLIPSE('',#9882,0.707106781186549,0.5);
#1757=ELLIPSE('',#9884,0.54119610640945,0.5);
#1758=ELLIPSE('',#9887,0.541196093882944,0.5);
#1759=LINE('',#12682,#2655);
#1760=LINE('',#12686,#2656);
#1761=LINE('',#12715,#2657);
#1762=LINE('',#12719,#2658);
#1763=LINE('',#12724,#2659);
#1764=LINE('',#12728,#2660);
#1765=LINE('',#12732,#2661);
#1766=LINE('',#12735,#2662);
#1767=LINE('',#12739,#2663);
#1768=LINE('',#12743,#2664);
#1769=LINE('',#12748,#2665);
#1770=LINE('',#12752,#2666);
#1771=LINE('',#12756,#2667);
#1772=LINE('',#12759,#2668);
#1773=LINE('',#12763,#2669);
#1774=LINE('',#12767,#2670);
#1775=LINE('',#12772,#2671);
#1776=LINE('',#12776,#2672);
#1777=LINE('',#12780,#2673);
#1778=LINE('',#12783,#2674);
#1779=LINE('',#12787,#2675);
#1780=LINE('',#12791,#2676);
#1781=LINE('',#12796,#2677);
#1782=LINE('',#12800,#2678);
#1783=LINE('',#12804,#2679);
#1784=LINE('',#12807,#2680);
#1785=LINE('',#12811,#2681);
#1786=LINE('',#12815,#2682);
#1787=LINE('',#12820,#2683);
#1788=LINE('',#12824,#2684);
#1789=LINE('',#12828,#2685);
#1790=LINE('',#12831,#2686);
#1791=LINE('',#12835,#2687);
#1792=LINE('',#12839,#2688);
#1793=LINE('',#12843,#2689);
#1794=LINE('',#12846,#2690);
#1795=LINE('',#12850,#2691);
#1796=LINE('',#12854,#2692);
#1797=LINE('',#12857,#2693);
#1798=LINE('',#12858,#2694);
#1799=LINE('',#12884,#2695);
#1800=LINE('',#12885,#2696);
#1801=LINE('',#12888,#2697);
#1802=LINE('',#12890,#2698);
#1803=LINE('',#12893,#2699);
#1804=LINE('',#12894,#2700);
#1805=LINE('',#12897,#2701);
#1806=LINE('',#12899,#2702);
#1807=LINE('',#12903,#2703);
#1808=LINE('',#12905,#2704);
#1809=LINE('',#12908,#2705);
#1810=LINE('',#12909,#2706);
#1811=LINE('',#12911,#2707);
#1812=LINE('',#12912,#2708);
#1813=LINE('',#12915,#2709);
#1814=LINE('',#12917,#2710);
#1815=LINE('',#12920,#2711);
#1816=LINE('',#12921,#2712);
#1817=LINE('',#12923,#2713);
#1818=LINE('',#12924,#2714);
#1819=LINE('',#12927,#2715);
#1820=LINE('',#12929,#2716);
#1821=LINE('',#12932,#2717);
#1822=LINE('',#12933,#2718);
#1823=LINE('',#12935,#2719);
#1824=LINE('',#12936,#2720);
#1825=LINE('',#12939,#2721);
#1826=LINE('',#12941,#2722);
#1827=LINE('',#12944,#2723);
#1828=LINE('',#12945,#2724);
#1829=LINE('',#12947,#2725);
#1830=LINE('',#12948,#2726);
#1831=LINE('',#12951,#2727);
#1832=LINE('',#12953,#2728);
#1833=LINE('',#12956,#2729);
#1834=LINE('',#12957,#2730);
#1835=LINE('',#12959,#2731);
#1836=LINE('',#12960,#2732);
#1837=LINE('',#12962,#2733);
#1838=LINE('',#12963,#2734);
#1839=LINE('',#12966,#2735);
#1840=LINE('',#12968,#2736);
#1841=LINE('',#12971,#2737);
#1842=LINE('',#12972,#2738);
#1843=LINE('',#12975,#2739);
#1844=LINE('',#12977,#2740);
#1845=LINE('',#12978,#2741);
#1846=LINE('',#12981,#2742);
#1847=LINE('',#12982,#2743);
#1848=LINE('',#12985,#2744);
#1849=LINE('',#12986,#2745);
#1850=LINE('',#12989,#2746);
#1851=LINE('',#12990,#2747);
#1852=LINE('',#12993,#2748);
#1853=LINE('',#12994,#2749);
#1854=LINE('',#12997,#2750);
#1855=LINE('',#12998,#2751);
#1856=LINE('',#13001,#2752);
#1857=LINE('',#13002,#2753);
#1858=LINE('',#13005,#2754);
#1859=LINE('',#13006,#2755);
#1860=LINE('',#13009,#2756);
#1861=LINE('',#13010,#2757);
#1862=LINE('',#13013,#2758);
#1863=LINE('',#13014,#2759);
#1864=LINE('',#13017,#2760);
#1865=LINE('',#13018,#2761);
#1866=LINE('',#13021,#2762);
#1867=LINE('',#13022,#2763);
#1868=LINE('',#13025,#2764);
#1869=LINE('',#13026,#2765);
#1870=LINE('',#13029,#2766);
#1871=LINE('',#13030,#2767);
#1872=LINE('',#13033,#2768);
#1873=LINE('',#13034,#2769);
#1874=LINE('',#13037,#2770);
#1875=LINE('',#13038,#2771);
#1876=LINE('',#13041,#2772);
#1877=LINE('',#13042,#2773);
#1878=LINE('',#13045,#2774);
#1879=LINE('',#13046,#2775);
#1880=LINE('',#13049,#2776);
#1881=LINE('',#13050,#2777);
#1882=LINE('',#13053,#2778);
#1883=LINE('',#13054,#2779);
#1884=LINE('',#13057,#2780);
#1885=LINE('',#13058,#2781);
#1886=LINE('',#13061,#2782);
#1887=LINE('',#13075,#2783);
#1888=LINE('',#13085,#2784);
#1889=LINE('',#13088,#2785);
#1890=LINE('',#13091,#2786);
#1891=LINE('',#13095,#2787);
#1892=LINE('',#13111,#2788);
#1893=LINE('',#13123,#2789);
#1894=LINE('',#13127,#2790);
#1895=LINE('',#13131,#2791);
#1896=LINE('',#13134,#2792);
#1897=LINE('',#13138,#2793);
#1898=LINE('',#13142,#2794);
#1899=LINE('',#13147,#2795);
#1900=LINE('',#13151,#2796);
#1901=LINE('',#13155,#2797);
#1902=LINE('',#13158,#2798);
#1903=LINE('',#13183,#2799);
#1904=LINE('',#13187,#2800);
#1905=LINE('',#13191,#2801);
#1906=LINE('',#13194,#2802);
#1907=LINE('',#13199,#2803);
#1908=LINE('',#13204,#2804);
#1909=LINE('',#13208,#2805);
#1910=LINE('',#13212,#2806);
#1911=LINE('',#13215,#2807);
#1912=LINE('',#13220,#2808);
#1913=LINE('',#13225,#2809);
#1914=LINE('',#13229,#2810);
#1915=LINE('',#13233,#2811);
#1916=LINE('',#13236,#2812);
#1917=LINE('',#13239,#2813);
#1918=LINE('',#13256,#2814);
#1919=LINE('',#13261,#2815);
#1920=LINE('',#13269,#2816);
#1921=LINE('',#13273,#2817);
#1922=LINE('',#13279,#2818);
#1923=LINE('',#13284,#2819);
#1924=LINE('',#13289,#2820);
#1925=LINE('',#13295,#2821);
#1926=LINE('',#13298,#2822);
#1927=LINE('',#13301,#2823);
#1928=LINE('',#13304,#2824);
#1929=LINE('',#13306,#2825);
#1930=LINE('',#13309,#2826);
#1931=LINE('',#13312,#2827);
#1932=LINE('',#13315,#2828);
#1933=LINE('',#13318,#2829);
#1934=LINE('',#13320,#2830);
#1935=LINE('',#13321,#2831);
#1936=LINE('',#13324,#2832);
#1937=LINE('',#13327,#2833);
#1938=LINE('',#13329,#2834);
#1939=LINE('',#13330,#2835);
#1940=LINE('',#13333,#2836);
#1941=LINE('',#13336,#2837);
#1942=LINE('',#13339,#2838);
#1943=LINE('',#13341,#2839);
#1944=LINE('',#13344,#2840);
#1945=LINE('',#13345,#2841);
#1946=LINE('',#13348,#2842);
#1947=LINE('',#13350,#2843);
#1948=LINE('',#13353,#2844);
#1949=LINE('',#13354,#2845);
#1950=LINE('',#13356,#2846);
#1951=LINE('',#13357,#2847);
#1952=LINE('',#13360,#2848);
#1953=LINE('',#13362,#2849);
#1954=LINE('',#13365,#2850);
#1955=LINE('',#13366,#2851);
#1956=LINE('',#13368,#2852);
#1957=LINE('',#13369,#2853);
#1958=LINE('',#13371,#2854);
#1959=LINE('',#13373,#2855);
#1960=LINE('',#13375,#2856);
#1961=LINE('',#13377,#2857);
#1962=LINE('',#13379,#2858);
#1963=LINE('',#13381,#2859);
#1964=LINE('',#13383,#2860);
#1965=LINE('',#13385,#2861);
#1966=LINE('',#13387,#2862);
#1967=LINE('',#13389,#2863);
#1968=LINE('',#13391,#2864);
#1969=LINE('',#13393,#2865);
#1970=LINE('',#13407,#2866);
#1971=LINE('',#13411,#2867);
#1972=LINE('',#13420,#2868);
#1973=LINE('',#13423,#2869);
#1974=LINE('',#13434,#2870);
#1975=LINE('',#13446,#2871);
#1976=LINE('',#13449,#2872);
#1977=LINE('',#13450,#2873);
#1978=LINE('',#13452,#2874);
#1979=LINE('',#13455,#2875);
#1980=LINE('',#13457,#2876);
#1981=LINE('',#13458,#2877);
#1982=LINE('',#13461,#2878);
#1983=LINE('',#13465,#2879);
#1984=LINE('',#13467,#2880);
#1985=LINE('',#13468,#2881);
#1986=LINE('',#13471,#2882);
#1987=LINE('',#13475,#2883);
#1988=LINE('',#13476,#2884);
#1989=LINE('',#13530,#2885);
#1990=LINE('',#13546,#2886);
#1991=LINE('',#13547,#2887);
#1992=LINE('',#13590,#2888);
#1993=LINE('',#13592,#2889);
#1994=LINE('',#13593,#2890);
#1995=LINE('',#13596,#2891);
#1996=LINE('',#13600,#2892);
#1997=LINE('',#13601,#2893);
#1998=LINE('',#13603,#2894);
#1999=LINE('',#13604,#2895);
#2000=LINE('',#13638,#2896);
#2001=LINE('',#13649,#2897);
#2002=LINE('',#13650,#2898);
#2003=LINE('',#13687,#2899);
#2004=LINE('',#13698,#2900);
#2005=LINE('',#13701,#2901);
#2006=LINE('',#13702,#2902);
#2007=LINE('',#13745,#2903);
#2008=LINE('',#13747,#2904);
#2009=LINE('',#13748,#2905);
#2010=LINE('',#13782,#2906);
#2011=LINE('',#13793,#2907);
#2012=LINE('',#13794,#2908);
#2013=LINE('',#13824,#2909);
#2014=LINE('',#13834,#2910);
#2015=LINE('',#13835,#2911);
#2016=LINE('',#13840,#2912);
#2017=LINE('',#13842,#2913);
#2018=LINE('',#13843,#2914);
#2019=LINE('',#13846,#2915);
#2020=LINE('',#13850,#2916);
#2021=LINE('',#13851,#2917);
#2022=LINE('',#13853,#2918);
#2023=LINE('',#13854,#2919);
#2024=LINE('',#13888,#2920);
#2025=LINE('',#13899,#2921);
#2026=LINE('',#13900,#2922);
#2027=LINE('',#13929,#2923);
#2028=LINE('',#13938,#2924);
#2029=LINE('',#13941,#2925);
#2030=LINE('',#13942,#2926);
#2031=LINE('',#13986,#2927);
#2032=LINE('',#13990,#2928);
#2033=LINE('',#13994,#2929);
#2034=LINE('',#13997,#2930);
#2035=LINE('',#14000,#2931);
#2036=LINE('',#14003,#2932);
#2037=LINE('',#14006,#2933);
#2038=LINE('',#14009,#2934);
#2039=LINE('',#14013,#2935);
#2040=LINE('',#14017,#2936);
#2041=LINE('',#14021,#2937);
#2042=LINE('',#14024,#2938);
#2043=LINE('',#14027,#2939);
#2044=LINE('',#14030,#2940);
#2045=LINE('',#14033,#2941);
#2046=LINE('',#14036,#2942);
#2047=LINE('',#14039,#2943);
#2048=LINE('',#14042,#2944);
#2049=LINE('',#14045,#2945);
#2050=LINE('',#14048,#2946);
#2051=LINE('',#14051,#2947);
#2052=LINE('',#14054,#2948);
#2053=LINE('',#14057,#2949);
#2054=LINE('',#14060,#2950);
#2055=LINE('',#14063,#2951);
#2056=LINE('',#14066,#2952);
#2057=LINE('',#14069,#2953);
#2058=LINE('',#14072,#2954);
#2059=LINE('',#14075,#2955);
#2060=LINE('',#14078,#2956);
#2061=LINE('',#14081,#2957);
#2062=LINE('',#14084,#2958);
#2063=LINE('',#14087,#2959);
#2064=LINE('',#14090,#2960);
#2065=LINE('',#14093,#2961);
#2066=LINE('',#14096,#2962);
#2067=LINE('',#14099,#2963);
#2068=LINE('',#14102,#2964);
#2069=LINE('',#14105,#2965);
#2070=LINE('',#14108,#2966);
#2071=LINE('',#14111,#2967);
#2072=LINE('',#14114,#2968);
#2073=LINE('',#14117,#2969);
#2074=LINE('',#14120,#2970);
#2075=LINE('',#14123,#2971);
#2076=LINE('',#14126,#2972);
#2077=LINE('',#14129,#2973);
#2078=LINE('',#14132,#2974);
#2079=LINE('',#14135,#2975);
#2080=LINE('',#14138,#2976);
#2081=LINE('',#14141,#2977);
#2082=LINE('',#14144,#2978);
#2083=LINE('',#14147,#2979);
#2084=LINE('',#14150,#2980);
#2085=LINE('',#14153,#2981);
#2086=LINE('',#14156,#2982);
#2087=LINE('',#14159,#2983);
#2088=LINE('',#14162,#2984);
#2089=LINE('',#14165,#2985);
#2090=LINE('',#14168,#2986);
#2091=LINE('',#14171,#2987);
#2092=LINE('',#14173,#2988);
#2093=LINE('',#14177,#2989);
#2094=LINE('',#14179,#2990);
#2095=LINE('',#14183,#2991);
#2096=LINE('',#14185,#2992);
#2097=LINE('',#14189,#2993);
#2098=LINE('',#14191,#2994);
#2099=LINE('',#14207,#2995);
#2100=LINE('',#14211,#2996);
#2101=LINE('',#14218,#2997);
#2102=LINE('',#14220,#2998);
#2103=LINE('',#14224,#2999);
#2104=LINE('',#14226,#3000);
#2105=LINE('',#14230,#3001);
#2106=LINE('',#14232,#3002);
#2107=LINE('',#14236,#3003);
#2108=LINE('',#14238,#3004);
#2109=LINE('',#14242,#3005);
#2110=LINE('',#14244,#3006);
#2111=LINE('',#14248,#3007);
#2112=LINE('',#14250,#3008);
#2113=LINE('',#14254,#3009);
#2114=LINE('',#14256,#3010);
#2115=LINE('',#14260,#3011);
#2116=LINE('',#14262,#3012);
#2117=LINE('',#14266,#3013);
#2118=LINE('',#14268,#3014);
#2119=LINE('',#14272,#3015);
#2120=LINE('',#14274,#3016);
#2121=LINE('',#14278,#3017);
#2122=LINE('',#14280,#3018);
#2123=LINE('',#14284,#3019);
#2124=LINE('',#14286,#3020);
#2125=LINE('',#14290,#3021);
#2126=LINE('',#14292,#3022);
#2127=LINE('',#14296,#3023);
#2128=LINE('',#14298,#3024);
#2129=LINE('',#14302,#3025);
#2130=LINE('',#14304,#3026);
#2131=LINE('',#14308,#3027);
#2132=LINE('',#14310,#3028);
#2133=LINE('',#14314,#3029);
#2134=LINE('',#14316,#3030);
#2135=LINE('',#14320,#3031);
#2136=LINE('',#14322,#3032);
#2137=LINE('',#14326,#3033);
#2138=LINE('',#14328,#3034);
#2139=LINE('',#14332,#3035);
#2140=LINE('',#14334,#3036);
#2141=LINE('',#14357,#3037);
#2142=LINE('',#14359,#3038);
#2143=LINE('',#14362,#3039);
#2144=LINE('',#14363,#3040);
#2145=LINE('',#14366,#3041);
#2146=LINE('',#14368,#3042);
#2147=LINE('',#14372,#3043);
#2148=LINE('',#14374,#3044);
#2149=LINE('',#14377,#3045);
#2150=LINE('',#14378,#3046);
#2151=LINE('',#14381,#3047);
#2152=LINE('',#14383,#3048);
#2153=LINE('',#14384,#3049);
#2154=LINE('',#14387,#3050);
#2155=LINE('',#14388,#3051);
#2156=LINE('',#14391,#3052);
#2157=LINE('',#14392,#3053);
#2158=LINE('',#14395,#3054);
#2159=LINE('',#14396,#3055);
#2160=LINE('',#14399,#3056);
#2161=LINE('',#14400,#3057);
#2162=LINE('',#14403,#3058);
#2163=LINE('',#14404,#3059);
#2164=LINE('',#14407,#3060);
#2165=LINE('',#14408,#3061);
#2166=LINE('',#14411,#3062);
#2167=LINE('',#14412,#3063);
#2168=LINE('',#14415,#3064);
#2169=LINE('',#14416,#3065);
#2170=LINE('',#14419,#3066);
#2171=LINE('',#14420,#3067);
#2172=LINE('',#14423,#3068);
#2173=LINE('',#14424,#3069);
#2174=LINE('',#14427,#3070);
#2175=LINE('',#14428,#3071);
#2176=LINE('',#14431,#3072);
#2177=LINE('',#14432,#3073);
#2178=LINE('',#14435,#3074);
#2179=LINE('',#14436,#3075);
#2180=LINE('',#14439,#3076);
#2181=LINE('',#14440,#3077);
#2182=LINE('',#14443,#3078);
#2183=LINE('',#14444,#3079);
#2184=LINE('',#14447,#3080);
#2185=LINE('',#14448,#3081);
#2186=LINE('',#14451,#3082);
#2187=LINE('',#14452,#3083);
#2188=LINE('',#14455,#3084);
#2189=LINE('',#14456,#3085);
#2190=LINE('',#14459,#3086);
#2191=LINE('',#14460,#3087);
#2192=LINE('',#14463,#3088);
#2193=LINE('',#14464,#3089);
#2194=LINE('',#14467,#3090);
#2195=LINE('',#14468,#3091);
#2196=LINE('',#14471,#3092);
#2197=LINE('',#14472,#3093);
#2198=LINE('',#14475,#3094);
#2199=LINE('',#14476,#3095);
#2200=LINE('',#14479,#3096);
#2201=LINE('',#14480,#3097);
#2202=LINE('',#14483,#3098);
#2203=LINE('',#14484,#3099);
#2204=LINE('',#14487,#3100);
#2205=LINE('',#14488,#3101);
#2206=LINE('',#14491,#3102);
#2207=LINE('',#14492,#3103);
#2208=LINE('',#14495,#3104);
#2209=LINE('',#14496,#3105);
#2210=LINE('',#14499,#3106);
#2211=LINE('',#14503,#3107);
#2212=LINE('',#14504,#3108);
#2213=LINE('',#14510,#3109);
#2214=LINE('',#14513,#3110);
#2215=LINE('',#14518,#3111);
#2216=LINE('',#14520,#3112);
#2217=LINE('',#14522,#3113);
#2218=LINE('',#14524,#3114);
#2219=LINE('',#14526,#3115);
#2220=LINE('',#14528,#3116);
#2221=LINE('',#14530,#3117);
#2222=LINE('',#14532,#3118);
#2223=LINE('',#14534,#3119);
#2224=LINE('',#14536,#3120);
#2225=LINE('',#14538,#3121);
#2226=LINE('',#14540,#3122);
#2227=LINE('',#14542,#3123);
#2228=LINE('',#14544,#3124);
#2229=LINE('',#14546,#3125);
#2230=LINE('',#14548,#3126);
#2231=LINE('',#14550,#3127);
#2232=LINE('',#14552,#3128);
#2233=LINE('',#14554,#3129);
#2234=LINE('',#14556,#3130);
#2235=LINE('',#14558,#3131);
#2236=LINE('',#14560,#3132);
#2237=LINE('',#14562,#3133);
#2238=LINE('',#14564,#3134);
#2239=LINE('',#14566,#3135);
#2240=LINE('',#14568,#3136);
#2241=LINE('',#14570,#3137);
#2242=LINE('',#14572,#3138);
#2243=LINE('',#14574,#3139);
#2244=LINE('',#14576,#3140);
#2245=LINE('',#14580,#3141);
#2246=LINE('',#14582,#3142);
#2247=LINE('',#14584,#3143);
#2248=LINE('',#14586,#3144);
#2249=LINE('',#14588,#3145);
#2250=LINE('',#14590,#3146);
#2251=LINE('',#14592,#3147);
#2252=LINE('',#14594,#3148);
#2253=LINE('',#14596,#3149);
#2254=LINE('',#14598,#3150);
#2255=LINE('',#14600,#3151);
#2256=LINE('',#14602,#3152);
#2257=LINE('',#14604,#3153);
#2258=LINE('',#14606,#3154);
#2259=LINE('',#14608,#3155);
#2260=LINE('',#14610,#3156);
#2261=LINE('',#14612,#3157);
#2262=LINE('',#14614,#3158);
#2263=LINE('',#14616,#3159);
#2264=LINE('',#14618,#3160);
#2265=LINE('',#14620,#3161);
#2266=LINE('',#14622,#3162);
#2267=LINE('',#14624,#3163);
#2268=LINE('',#14626,#3164);
#2269=LINE('',#14628,#3165);
#2270=LINE('',#14630,#3166);
#2271=LINE('',#14632,#3167);
#2272=LINE('',#14634,#3168);
#2273=LINE('',#14636,#3169);
#2274=LINE('',#14637,#3170);
#2275=LINE('',#14642,#3171);
#2276=LINE('',#14647,#3172);
#2277=LINE('',#14651,#3173);
#2278=LINE('',#14655,#3174);
#2279=LINE('',#14659,#3175);
#2280=LINE('',#14663,#3176);
#2281=LINE('',#14667,#3177);
#2282=LINE('',#14671,#3178);
#2283=LINE('',#14675,#3179);
#2284=LINE('',#14679,#3180);
#2285=LINE('',#14683,#3181);
#2286=LINE('',#14687,#3182);
#2287=LINE('',#14691,#3183);
#2288=LINE('',#14695,#3184);
#2289=LINE('',#14699,#3185);
#2290=LINE('',#14703,#3186);
#2291=LINE('',#14707,#3187);
#2292=LINE('',#14711,#3188);
#2293=LINE('',#14715,#3189);
#2294=LINE('',#14740,#3190);
#2295=LINE('',#14744,#3191);
#2296=LINE('',#14748,#3192);
#2297=LINE('',#14752,#3193);
#2298=LINE('',#14756,#3194);
#2299=LINE('',#14760,#3195);
#2300=LINE('',#14764,#3196);
#2301=LINE('',#14768,#3197);
#2302=LINE('',#14772,#3198);
#2303=LINE('',#14776,#3199);
#2304=LINE('',#14780,#3200);
#2305=LINE('',#14783,#3201);
#2306=LINE('',#14787,#3202);
#2307=LINE('',#14791,#3203);
#2308=LINE('',#14795,#3204);
#2309=LINE('',#14799,#3205);
#2310=LINE('',#14803,#3206);
#2311=LINE('',#14807,#3207);
#2312=LINE('',#14811,#3208);
#2313=LINE('',#14815,#3209);
#2314=LINE('',#14819,#3210);
#2315=LINE('',#14823,#3211);
#2316=LINE('',#14826,#3212);
#2317=LINE('',#14829,#3213);
#2318=LINE('',#14833,#3214);
#2319=LINE('',#14837,#3215);
#2320=LINE('',#14841,#3216);
#2321=LINE('',#14845,#3217);
#2322=LINE('',#14849,#3218);
#2323=LINE('',#14853,#3219);
#2324=LINE('',#14877,#3220);
#2325=LINE('',#14880,#3221);
#2326=LINE('',#14884,#3222);
#2327=LINE('',#14888,#3223);
#2328=LINE('',#14892,#3224);
#2329=LINE('',#14896,#3225);
#2330=LINE('',#14900,#3226);
#2331=LINE('',#14904,#3227);
#2332=LINE('',#14908,#3228);
#2333=LINE('',#14912,#3229);
#2334=LINE('',#14915,#3230);
#2335=LINE('',#14918,#3231);
#2336=LINE('',#14920,#3232);
#2337=LINE('',#14921,#3233);
#2338=LINE('',#14924,#3234);
#2339=LINE('',#14925,#3235);
#2340=LINE('',#14928,#3236);
#2341=LINE('',#14929,#3237);
#2342=LINE('',#14932,#3238);
#2343=LINE('',#14933,#3239);
#2344=LINE('',#14936,#3240);
#2345=LINE('',#14937,#3241);
#2346=LINE('',#14940,#3242);
#2347=LINE('',#14941,#3243);
#2348=LINE('',#14944,#3244);
#2349=LINE('',#14945,#3245);
#2350=LINE('',#14948,#3246);
#2351=LINE('',#14949,#3247);
#2352=LINE('',#14952,#3248);
#2353=LINE('',#14953,#3249);
#2354=LINE('',#14956,#3250);
#2355=LINE('',#14957,#3251);
#2356=LINE('',#14960,#3252);
#2357=LINE('',#14961,#3253);
#2358=LINE('',#14964,#3254);
#2359=LINE('',#14965,#3255);
#2360=LINE('',#14968,#3256);
#2361=LINE('',#14969,#3257);
#2362=LINE('',#14972,#3258);
#2363=LINE('',#14973,#3259);
#2364=LINE('',#14976,#3260);
#2365=LINE('',#14977,#3261);
#2366=LINE('',#14980,#3262);
#2367=LINE('',#14981,#3263);
#2368=LINE('',#14984,#3264);
#2369=LINE('',#14985,#3265);
#2370=LINE('',#14988,#3266);
#2371=LINE('',#14989,#3267);
#2372=LINE('',#14992,#3268);
#2373=LINE('',#14993,#3269);
#2374=LINE('',#14996,#3270);
#2375=LINE('',#14997,#3271);
#2376=LINE('',#15000,#3272);
#2377=LINE('',#15001,#3273);
#2378=LINE('',#15004,#3274);
#2379=LINE('',#15005,#3275);
#2380=LINE('',#15008,#3276);
#2381=LINE('',#15009,#3277);
#2382=LINE('',#15012,#3278);
#2383=LINE('',#15013,#3279);
#2384=LINE('',#15016,#3280);
#2385=LINE('',#15017,#3281);
#2386=LINE('',#15020,#3282);
#2387=LINE('',#15021,#3283);
#2388=LINE('',#15024,#3284);
#2389=LINE('',#15025,#3285);
#2390=LINE('',#15028,#3286);
#2391=LINE('',#15029,#3287);
#2392=LINE('',#15032,#3288);
#2393=LINE('',#15033,#3289);
#2394=LINE('',#15036,#3290);
#2395=LINE('',#15037,#3291);
#2396=LINE('',#15040,#3292);
#2397=LINE('',#15045,#3293);
#2398=LINE('',#15050,#3294);
#2399=LINE('',#15054,#3295);
#2400=LINE('',#15058,#3296);
#2401=LINE('',#15081,#3297);
#2402=LINE('',#15085,#3298);
#2403=LINE('',#15088,#3299);
#2404=LINE('',#15091,#3300);
#2405=LINE('',#15095,#3301);
#2406=LINE('',#15099,#3302);
#2407=LINE('',#15104,#3303);
#2408=LINE('',#15108,#3304);
#2409=LINE('',#15112,#3305);
#2410=LINE('',#15116,#3306);
#2411=LINE('',#15120,#3307);
#2412=LINE('',#15125,#3308);
#2413=LINE('',#15129,#3309);
#2414=LINE('',#15133,#3310);
#2415=LINE('',#15137,#3311);
#2416=LINE('',#15141,#3312);
#2417=LINE('',#15146,#3313);
#2418=LINE('',#15150,#3314);
#2419=LINE('',#15154,#3315);
#2420=LINE('',#15158,#3316);
#2421=LINE('',#15162,#3317);
#2422=LINE('',#15167,#3318);
#2423=LINE('',#15171,#3319);
#2424=LINE('',#15175,#3320);
#2425=LINE('',#15179,#3321);
#2426=LINE('',#15183,#3322);
#2427=LINE('',#15188,#3323);
#2428=LINE('',#15192,#3324);
#2429=LINE('',#15196,#3325);
#2430=LINE('',#15200,#3326);
#2431=LINE('',#15204,#3327);
#2432=LINE('',#15209,#3328);
#2433=LINE('',#15213,#3329);
#2434=LINE('',#15217,#3330);
#2435=LINE('',#15221,#3331);
#2436=LINE('',#15225,#3332);
#2437=LINE('',#15230,#3333);
#2438=LINE('',#15234,#3334);
#2439=LINE('',#15238,#3335);
#2440=LINE('',#15254,#3336);
#2441=LINE('',#15258,#3337);
#2442=LINE('',#15263,#3338);
#2443=LINE('',#15267,#3339);
#2444=LINE('',#15272,#3340);
#2445=LINE('',#15276,#3341);
#2446=LINE('',#15280,#3342);
#2447=LINE('',#15283,#3343);
#2448=LINE('',#15285,#3344);
#2449=LINE('',#15286,#3345);
#2450=LINE('',#15288,#3346);
#2451=LINE('',#15289,#3347);
#2452=LINE('',#15292,#3348);
#2453=LINE('',#15294,#3349);
#2454=LINE('',#15300,#3350);
#2455=LINE('',#15301,#3351);
#2456=LINE('',#15304,#3352);
#2457=LINE('',#15306,#3353);
#2458=LINE('',#15309,#3354);
#2459=LINE('',#15310,#3355);
#2460=LINE('',#15313,#3356);
#2461=LINE('',#15315,#3357);
#2462=LINE('',#15318,#3358);
#2463=LINE('',#15319,#3359);
#2464=LINE('',#15322,#3360);
#2465=LINE('',#15324,#3361);
#2466=LINE('',#15327,#3362);
#2467=LINE('',#15328,#3363);
#2468=LINE('',#15331,#3364);
#2469=LINE('',#15333,#3365);
#2470=LINE('',#15336,#3366);
#2471=LINE('',#15337,#3367);
#2472=LINE('',#15340,#3368);
#2473=LINE('',#15342,#3369);
#2474=LINE('',#15345,#3370);
#2475=LINE('',#15346,#3371);
#2476=LINE('',#15349,#3372);
#2477=LINE('',#15351,#3373);
#2478=LINE('',#15354,#3374);
#2479=LINE('',#15355,#3375);
#2480=LINE('',#15358,#3376);
#2481=LINE('',#15360,#3377);
#2482=LINE('',#15363,#3378);
#2483=LINE('',#15364,#3379);
#2484=LINE('',#15367,#3380);
#2485=LINE('',#15371,#3381);
#2486=LINE('',#15374,#3382);
#2487=LINE('',#15376,#3383);
#2488=LINE('',#15378,#3384);
#2489=LINE('',#15380,#3385);
#2490=LINE('',#15382,#3386);
#2491=LINE('',#15388,#3387);
#2492=LINE('',#15391,#3388);
#2493=LINE('',#15396,#3389);
#2494=LINE('',#15398,#3390);
#2495=LINE('',#15400,#3391);
#2496=LINE('',#15402,#3392);
#2497=LINE('',#15404,#3393);
#2498=LINE('',#15406,#3394);
#2499=LINE('',#15408,#3395);
#2500=LINE('',#15410,#3396);
#2501=LINE('',#15412,#3397);
#2502=LINE('',#15414,#3398);
#2503=LINE('',#15416,#3399);
#2504=LINE('',#15418,#3400);
#2505=LINE('',#15420,#3401);
#2506=LINE('',#15422,#3402);
#2507=LINE('',#15424,#3403);
#2508=LINE('',#15426,#3404);
#2509=LINE('',#15428,#3405);
#2510=LINE('',#15430,#3406);
#2511=LINE('',#15432,#3407);
#2512=LINE('',#15434,#3408);
#2513=LINE('',#15436,#3409);
#2514=LINE('',#15438,#3410);
#2515=LINE('',#15440,#3411);
#2516=LINE('',#15442,#3412);
#2517=LINE('',#15444,#3413);
#2518=LINE('',#15446,#3414);
#2519=LINE('',#15448,#3415);
#2520=LINE('',#15450,#3416);
#2521=LINE('',#15452,#3417);
#2522=LINE('',#15454,#3418);
#2523=LINE('',#15458,#3419);
#2524=LINE('',#15460,#3420);
#2525=LINE('',#15462,#3421);
#2526=LINE('',#15464,#3422);
#2527=LINE('',#15466,#3423);
#2528=LINE('',#15468,#3424);
#2529=LINE('',#15470,#3425);
#2530=LINE('',#15472,#3426);
#2531=LINE('',#15474,#3427);
#2532=LINE('',#15476,#3428);
#2533=LINE('',#15478,#3429);
#2534=LINE('',#15480,#3430);
#2535=LINE('',#15482,#3431);
#2536=LINE('',#15484,#3432);
#2537=LINE('',#15486,#3433);
#2538=LINE('',#15488,#3434);
#2539=LINE('',#15490,#3435);
#2540=LINE('',#15492,#3436);
#2541=LINE('',#15494,#3437);
#2542=LINE('',#15496,#3438);
#2543=LINE('',#15498,#3439);
#2544=LINE('',#15500,#3440);
#2545=LINE('',#15502,#3441);
#2546=LINE('',#15504,#3442);
#2547=LINE('',#15506,#3443);
#2548=LINE('',#15508,#3444);
#2549=LINE('',#15510,#3445);
#2550=LINE('',#15512,#3446);
#2551=LINE('',#15514,#3447);
#2552=LINE('',#15515,#3448);
#2553=LINE('',#15533,#3449);
#2554=LINE('',#15544,#3450);
#2555=LINE('',#15555,#3451);
#2556=LINE('',#15566,#3452);
#2557=LINE('',#15577,#3453);
#2558=LINE('',#15588,#3454);
#2559=LINE('',#15614,#3455);
#2560=LINE('',#15621,#3456);
#2561=LINE('',#15626,#3457);
#2562=LINE('',#15630,#3458);
#2563=LINE('',#15637,#3459);
#2564=LINE('',#15642,#3460);
#2565=LINE('',#15644,#3461);
#2566=LINE('',#15646,#3462);
#2567=LINE('',#15649,#3463);
#2568=LINE('',#15652,#3464);
#2569=LINE('',#15654,#3465);
#2570=LINE('',#15657,#3466);
#2571=LINE('',#15660,#3467);
#2572=LINE('',#15662,#3468);
#2573=LINE('',#15666,#3469);
#2574=LINE('',#15669,#3470);
#2575=LINE('',#15673,#3471);
#2576=LINE('',#15676,#3472);
#2577=LINE('',#15680,#3473);
#2578=LINE('',#15683,#3474);
#2579=LINE('',#15687,#3475);
#2580=LINE('',#15690,#3476);
#2581=LINE('',#15694,#3477);
#2582=LINE('',#15697,#3478);
#2583=LINE('',#15724,#3479);
#2584=LINE('',#15725,#3480);
#2585=LINE('',#15727,#3481);
#2586=LINE('',#15729,#3482);
#2587=LINE('',#15731,#3483);
#2588=LINE('',#15733,#3484);
#2589=LINE('',#15735,#3485);
#2590=LINE('',#15737,#3486);
#2591=LINE('',#15739,#3487);
#2592=LINE('',#15741,#3488);
#2593=LINE('',#15743,#3489);
#2594=LINE('',#15745,#3490);
#2595=LINE('',#15747,#3491);
#2596=LINE('',#15749,#3492);
#2597=LINE('',#15751,#3493);
#2598=LINE('',#15753,#3494);
#2599=LINE('',#15755,#3495);
#2600=LINE('',#15757,#3496);
#2601=LINE('',#15759,#3497);
#2602=LINE('',#15761,#3498);
#2603=LINE('',#15763,#3499);
#2604=LINE('',#15765,#3500);
#2605=LINE('',#15767,#3501);
#2606=LINE('',#15769,#3502);
#2607=LINE('',#15771,#3503);
#2608=LINE('',#15773,#3504);
#2609=LINE('',#15775,#3505);
#2610=LINE('',#15777,#3506);
#2611=LINE('',#15779,#3507);
#2612=LINE('',#15782,#3508);
#2613=LINE('',#15783,#3509);
#2614=LINE('',#15785,#3510);
#2615=LINE('',#15787,#3511);
#2616=LINE('',#15789,#3512);
#2617=LINE('',#15791,#3513);
#2618=LINE('',#15793,#3514);
#2619=LINE('',#15794,#3515);
#2620=LINE('',#15796,#3516);
#2621=LINE('',#15798,#3517);
#2622=LINE('',#15800,#3518);
#2623=LINE('',#15802,#3519);
#2624=LINE('',#15805,#3520);
#2625=LINE('',#15806,#3521);
#2626=LINE('',#15809,#3522);
#2627=LINE('',#15811,#3523);
#2628=LINE('',#15812,#3524);
#2629=LINE('',#15815,#3525);
#2630=LINE('',#15817,#3526);
#2631=LINE('',#15819,#3527);
#2632=LINE('',#15821,#3528);
#2633=LINE('',#15823,#3529);
#2634=LINE('',#15825,#3530);
#2635=LINE('',#15828,#3531);
#2636=LINE('',#15829,#3532);
#2637=LINE('',#15832,#3533);
#2638=LINE('',#15834,#3534);
#2639=LINE('',#15839,#3535);
#2640=LINE('',#15841,#3536);
#2641=LINE('',#15842,#3537);
#2642=LINE('',#15845,#3538);
#2643=LINE('',#15849,#3539);
#2644=LINE('',#15850,#3540);
#2645=LINE('',#15855,#3541);
#2646=LINE('',#15858,#3542);
#2647=LINE('',#15861,#3543);
#2648=LINE('',#15862,#3544);
#2649=LINE('',#15864,#3545);
#2650=LINE('',#15865,#3546);
#2651=LINE('',#15867,#3547);
#2652=LINE('',#15870,#3548);
#2653=LINE('',#15873,#3549);
#2654=LINE('',#15875,#3550);
#2655=VECTOR('',#9968,10.);
#2656=VECTOR('',#9971,10.);
#2657=VECTOR('',#9984,10.);
#2658=VECTOR('',#9987,10.);
#2659=VECTOR('',#9992,10.);
#2660=VECTOR('',#9995,10.);
#2661=VECTOR('',#10000,10.);
#2662=VECTOR('',#10003,10.);
#2663=VECTOR('',#10006,10.);
#2664=VECTOR('',#10009,10.);
#2665=VECTOR('',#10014,10.);
#2666=VECTOR('',#10017,10.);
#2667=VECTOR('',#10022,10.);
#2668=VECTOR('',#10025,10.);
#2669=VECTOR('',#10028,10.);
#2670=VECTOR('',#10031,10.);
#2671=VECTOR('',#10036,10.);
#2672=VECTOR('',#10039,10.);
#2673=VECTOR('',#10044,10.);
#2674=VECTOR('',#10047,10.);
#2675=VECTOR('',#10050,10.);
#2676=VECTOR('',#10053,10.);
#2677=VECTOR('',#10058,10.);
#2678=VECTOR('',#10061,10.);
#2679=VECTOR('',#10066,10.);
#2680=VECTOR('',#10069,10.);
#2681=VECTOR('',#10072,10.);
#2682=VECTOR('',#10075,10.);
#2683=VECTOR('',#10080,10.);
#2684=VECTOR('',#10083,10.);
#2685=VECTOR('',#10088,10.);
#2686=VECTOR('',#10091,10.);
#2687=VECTOR('',#10094,10.);
#2688=VECTOR('',#10097,10.);
#2689=VECTOR('',#10102,10.);
#2690=VECTOR('',#10105,10.);
#2691=VECTOR('',#10108,10.);
#2692=VECTOR('',#10111,10.);
#2693=VECTOR('',#10116,10.);
#2694=VECTOR('',#10117,10.);
#2695=VECTOR('',#10128,10.);
#2696=VECTOR('',#10129,10.);
#2697=VECTOR('',#10132,10.);
#2698=VECTOR('',#10133,10.);
#2699=VECTOR('',#10138,10.);
#2700=VECTOR('',#10139,10.);
#2701=VECTOR('',#10142,10.);
#2702=VECTOR('',#10143,10.);
#2703=VECTOR('',#10148,10.);
#2704=VECTOR('',#10149,10.);
#2705=VECTOR('',#10154,10.);
#2706=VECTOR('',#10155,10.);
#2707=VECTOR('',#10158,10.);
#2708=VECTOR('',#10159,10.);
#2709=VECTOR('',#10162,10.);
#2710=VECTOR('',#10163,10.);
#2711=VECTOR('',#10168,10.);
#2712=VECTOR('',#10169,10.);
#2713=VECTOR('',#10172,10.);
#2714=VECTOR('',#10173,10.);
#2715=VECTOR('',#10176,10.);
#2716=VECTOR('',#10177,10.);
#2717=VECTOR('',#10182,10.);
#2718=VECTOR('',#10183,10.);
#2719=VECTOR('',#10186,10.);
#2720=VECTOR('',#10187,10.);
#2721=VECTOR('',#10190,10.);
#2722=VECTOR('',#10191,10.);
#2723=VECTOR('',#10196,10.);
#2724=VECTOR('',#10197,10.);
#2725=VECTOR('',#10200,10.);
#2726=VECTOR('',#10201,10.);
#2727=VECTOR('',#10204,10.);
#2728=VECTOR('',#10205,10.);
#2729=VECTOR('',#10210,10.);
#2730=VECTOR('',#10211,10.);
#2731=VECTOR('',#10214,10.);
#2732=VECTOR('',#10215,10.);
#2733=VECTOR('',#10218,10.);
#2734=VECTOR('',#10219,10.);
#2735=VECTOR('',#10222,10.);
#2736=VECTOR('',#10223,10.);
#2737=VECTOR('',#10228,10.);
#2738=VECTOR('',#10229,10.);
#2739=VECTOR('',#10232,10.);
#2740=VECTOR('',#10233,10.);
#2741=VECTOR('',#10234,10.);
#2742=VECTOR('',#10237,10.);
#2743=VECTOR('',#10238,10.);
#2744=VECTOR('',#10241,10.);
#2745=VECTOR('',#10242,10.);
#2746=VECTOR('',#10245,10.);
#2747=VECTOR('',#10246,10.);
#2748=VECTOR('',#10249,10.);
#2749=VECTOR('',#10250,10.);
#2750=VECTOR('',#10253,10.);
#2751=VECTOR('',#10254,10.);
#2752=VECTOR('',#10257,10.);
#2753=VECTOR('',#10258,10.);
#2754=VECTOR('',#10261,10.);
#2755=VECTOR('',#10262,10.);
#2756=VECTOR('',#10265,10.);
#2757=VECTOR('',#10266,10.);
#2758=VECTOR('',#10269,10.);
#2759=VECTOR('',#10270,10.);
#2760=VECTOR('',#10273,10.);
#2761=VECTOR('',#10274,10.);
#2762=VECTOR('',#10277,10.);
#2763=VECTOR('',#10278,10.);
#2764=VECTOR('',#10281,10.);
#2765=VECTOR('',#10282,10.);
#2766=VECTOR('',#10285,10.);
#2767=VECTOR('',#10286,10.);
#2768=VECTOR('',#10289,10.);
#2769=VECTOR('',#10290,10.);
#2770=VECTOR('',#10293,10.);
#2771=VECTOR('',#10294,10.);
#2772=VECTOR('',#10297,10.);
#2773=VECTOR('',#10298,10.);
#2774=VECTOR('',#10301,10.);
#2775=VECTOR('',#10302,10.);
#2776=VECTOR('',#10305,10.);
#2777=VECTOR('',#10306,10.);
#2778=VECTOR('',#10309,10.);
#2779=VECTOR('',#10310,10.);
#2780=VECTOR('',#10313,1.5);
#2781=VECTOR('',#10314,10.);
#2782=VECTOR('',#10317,10.);
#2783=VECTOR('',#10322,10.);
#2784=VECTOR('',#10323,10.);
#2785=VECTOR('',#10326,10.);
#2786=VECTOR('',#10327,10.);
#2787=VECTOR('',#10330,10.);
#2788=VECTOR('',#10331,10.);
#2789=VECTOR('',#10334,10.);
#2790=VECTOR('',#10337,10.);
#2791=VECTOR('',#10342,10.);
#2792=VECTOR('',#10345,10.);
#2793=VECTOR('',#10348,10.);
#2794=VECTOR('',#10351,10.);
#2795=VECTOR('',#10356,10.);
#2796=VECTOR('',#10359,10.);
#2797=VECTOR('',#10364,10.);
#2798=VECTOR('',#10367,10.);
#2799=VECTOR('',#10378,10.);
#2800=VECTOR('',#10381,10.);
#2801=VECTOR('',#10386,10.);
#2802=VECTOR('',#10389,10.);
#2803=VECTOR('',#10394,10.);
#2804=VECTOR('',#10399,10.);
#2805=VECTOR('',#10402,10.);
#2806=VECTOR('',#10407,10.);
#2807=VECTOR('',#10410,10.);
#2808=VECTOR('',#10415,10.);
#2809=VECTOR('',#10420,10.);
#2810=VECTOR('',#10423,10.);
#2811=VECTOR('',#10428,10.);
#2812=VECTOR('',#10431,10.);
#2813=VECTOR('',#10434,10.);
#2814=VECTOR('',#10435,10.);
#2815=VECTOR('',#10440,10.);
#2816=VECTOR('',#10451,10.);
#2817=VECTOR('',#10456,10.);
#2818=VECTOR('',#10463,10.);
#2819=VECTOR('',#10468,10.);
#2820=VECTOR('',#10475,10.);
#2821=VECTOR('',#10482,10.);
#2822=VECTOR('',#10487,10.);
#2823=VECTOR('',#10490,10.);
#2824=VECTOR('',#10495,10.);
#2825=VECTOR('',#10498,10.);
#2826=VECTOR('',#10501,10.);
#2827=VECTOR('',#10506,10.);
#2828=VECTOR('',#10509,10.);
#2829=VECTOR('',#10514,10.);
#2830=VECTOR('',#10517,10.);
#2831=VECTOR('',#10518,10.);
#2832=VECTOR('',#10521,10.);
#2833=VECTOR('',#10526,10.);
#2834=VECTOR('',#10529,10.);
#2835=VECTOR('',#10530,10.);
#2836=VECTOR('',#10533,10.);
#2837=VECTOR('',#10538,10.);
#2838=VECTOR('',#10541,10.);
#2839=VECTOR('',#10542,10.);
#2840=VECTOR('',#10547,10.);
#2841=VECTOR('',#10548,10.);
#2842=VECTOR('',#10551,10.);
#2843=VECTOR('',#10552,10.);
#2844=VECTOR('',#10557,10.);
#2845=VECTOR('',#10558,10.);
#2846=VECTOR('',#10561,10.);
#2847=VECTOR('',#10562,10.);
#2848=VECTOR('',#10565,10.);
#2849=VECTOR('',#10566,10.);
#2850=VECTOR('',#10571,10.);
#2851=VECTOR('',#10572,10.);
#2852=VECTOR('',#10575,10.);
#2853=VECTOR('',#10576,10.);
#2854=VECTOR('',#10579,10.);
#2855=VECTOR('',#10582,10.);
#2856=VECTOR('',#10585,10.);
#2857=VECTOR('',#10588,10.);
#2858=VECTOR('',#10591,10.);
#2859=VECTOR('',#10594,10.);
#2860=VECTOR('',#10597,10.);
#2861=VECTOR('',#10600,10.);
#2862=VECTOR('',#10603,10.);
#2863=VECTOR('',#10606,10.);
#2864=VECTOR('',#10609,10.);
#2865=VECTOR('',#10612,10.);
#2866=VECTOR('',#10617,10.);
#2867=VECTOR('',#10620,10.);
#2868=VECTOR('',#10621,10.);
#2869=VECTOR('',#10622,10.);
#2870=VECTOR('',#10623,10.);
#2871=VECTOR('',#10624,10.);
#2872=VECTOR('',#10629,10.);
#2873=VECTOR('',#10630,10.);
#2874=VECTOR('',#10633,10.);
#2875=VECTOR('',#10638,10.);
#2876=VECTOR('',#10641,10.);
#2877=VECTOR('',#10642,10.);
#2878=VECTOR('',#10647,10.);
#2879=VECTOR('',#10652,10.);
#2880=VECTOR('',#10653,10.);
#2881=VECTOR('',#10654,10.);
#2882=VECTOR('',#10657,10.);
#2883=VECTOR('',#10662,10.);
#2884=VECTOR('',#10663,10.);
#2885=VECTOR('',#10664,10.);
#2886=VECTOR('',#10667,10.);
#2887=VECTOR('',#10668,10.);
#2888=VECTOR('',#10671,10.);
#2889=VECTOR('',#10672,10.);
#2890=VECTOR('',#10673,10.);
#2891=VECTOR('',#10676,10.);
#2892=VECTOR('',#10681,10.);
#2893=VECTOR('',#10682,10.);
#2894=VECTOR('',#10685,10.);
#2895=VECTOR('',#10686,10.);
#2896=VECTOR('',#10687,10.);
#2897=VECTOR('',#10690,10.);
#2898=VECTOR('',#10691,10.);
#2899=VECTOR('',#10692,10.);
#2900=VECTOR('',#10695,10.);
#2901=VECTOR('',#10700,10.);
#2902=VECTOR('',#10701,10.);
#2903=VECTOR('',#10704,10.);
#2904=VECTOR('',#10705,10.);
#2905=VECTOR('',#10706,10.);
#2906=VECTOR('',#10707,10.);
#2907=VECTOR('',#10710,10.);
#2908=VECTOR('',#10711,10.);
#2909=VECTOR('',#10712,10.);
#2910=VECTOR('',#10715,10.);
#2911=VECTOR('',#10716,10.);
#2912=VECTOR('',#10723,10.);
#2913=VECTOR('',#10724,10.);
#2914=VECTOR('',#10725,10.);
#2915=VECTOR('',#10728,10.);
#2916=VECTOR('',#10733,10.);
#2917=VECTOR('',#10734,10.);
#2918=VECTOR('',#10737,10.);
#2919=VECTOR('',#10738,10.);
#2920=VECTOR('',#10739,10.);
#2921=VECTOR('',#10742,10.);
#2922=VECTOR('',#10743,10.);
#2923=VECTOR('',#10744,10.);
#2924=VECTOR('',#10747,10.);
#2925=VECTOR('',#10752,10.);
#2926=VECTOR('',#10753,10.);
#2927=VECTOR('',#10756,10.);
#2928=VECTOR('',#10759,10.);
#2929=VECTOR('',#10764,10.);
#2930=VECTOR('',#10767,10.);
#2931=VECTOR('',#10770,10.);
#2932=VECTOR('',#10773,10.);
#2933=VECTOR('',#10776,10.);
#2934=VECTOR('',#10779,10.);
#2935=VECTOR('',#10782,10.);
#2936=VECTOR('',#10785,10.);
#2937=VECTOR('',#10790,10.);
#2938=VECTOR('',#10793,10.);
#2939=VECTOR('',#10796,10.);
#2940=VECTOR('',#10799,10.);
#2941=VECTOR('',#10802,10.);
#2942=VECTOR('',#10805,10.);
#2943=VECTOR('',#10808,10.);
#2944=VECTOR('',#10811,10.);
#2945=VECTOR('',#10814,10.);
#2946=VECTOR('',#10817,10.);
#2947=VECTOR('',#10820,10.);
#2948=VECTOR('',#10823,10.);
#2949=VECTOR('',#10826,10.);
#2950=VECTOR('',#10829,10.);
#2951=VECTOR('',#10832,10.);
#2952=VECTOR('',#10835,10.);
#2953=VECTOR('',#10838,10.);
#2954=VECTOR('',#10841,10.);
#2955=VECTOR('',#10844,10.);
#2956=VECTOR('',#10847,10.);
#2957=VECTOR('',#10850,10.);
#2958=VECTOR('',#10853,10.);
#2959=VECTOR('',#10856,10.);
#2960=VECTOR('',#10859,10.);
#2961=VECTOR('',#10862,10.);
#2962=VECTOR('',#10865,10.);
#2963=VECTOR('',#10868,10.);
#2964=VECTOR('',#10871,10.);
#2965=VECTOR('',#10874,10.);
#2966=VECTOR('',#10877,10.);
#2967=VECTOR('',#10880,10.);
#2968=VECTOR('',#10883,10.);
#2969=VECTOR('',#10886,10.);
#2970=VECTOR('',#10889,10.);
#2971=VECTOR('',#10892,10.);
#2972=VECTOR('',#10895,10.);
#2973=VECTOR('',#10898,10.);
#2974=VECTOR('',#10901,10.);
#2975=VECTOR('',#10904,10.);
#2976=VECTOR('',#10907,10.);
#2977=VECTOR('',#10910,10.);
#2978=VECTOR('',#10913,10.);
#2979=VECTOR('',#10916,10.);
#2980=VECTOR('',#10919,10.);
#2981=VECTOR('',#10922,10.);
#2982=VECTOR('',#10925,10.);
#2983=VECTOR('',#10928,10.);
#2984=VECTOR('',#10931,10.);
#2985=VECTOR('',#10934,10.);
#2986=VECTOR('',#10937,10.);
#2987=VECTOR('',#10940,10.);
#2988=VECTOR('',#10941,10.);
#2989=VECTOR('',#10946,10.);
#2990=VECTOR('',#10947,10.);
#2991=VECTOR('',#10952,10.);
#2992=VECTOR('',#10953,10.);
#2993=VECTOR('',#10958,10.);
#2994=VECTOR('',#10959,10.);
#2995=VECTOR('',#10962,10.);
#2996=VECTOR('',#10965,10.);
#2997=VECTOR('',#10976,10.);
#2998=VECTOR('',#10977,10.);
#2999=VECTOR('',#10982,10.);
#3000=VECTOR('',#10983,10.);
#3001=VECTOR('',#10988,10.);
#3002=VECTOR('',#10989,10.);
#3003=VECTOR('',#10994,10.);
#3004=VECTOR('',#10995,10.);
#3005=VECTOR('',#11000,10.);
#3006=VECTOR('',#11001,10.);
#3007=VECTOR('',#11006,10.);
#3008=VECTOR('',#11007,10.);
#3009=VECTOR('',#11012,10.);
#3010=VECTOR('',#11013,10.);
#3011=VECTOR('',#11018,10.);
#3012=VECTOR('',#11019,10.);
#3013=VECTOR('',#11024,10.);
#3014=VECTOR('',#11025,10.);
#3015=VECTOR('',#11030,10.);
#3016=VECTOR('',#11031,10.);
#3017=VECTOR('',#11036,10.);
#3018=VECTOR('',#11037,10.);
#3019=VECTOR('',#11042,10.);
#3020=VECTOR('',#11043,10.);
#3021=VECTOR('',#11048,10.);
#3022=VECTOR('',#11049,10.);
#3023=VECTOR('',#11054,10.);
#3024=VECTOR('',#11055,10.);
#3025=VECTOR('',#11060,10.);
#3026=VECTOR('',#11061,10.);
#3027=VECTOR('',#11066,10.);
#3028=VECTOR('',#11067,10.);
#3029=VECTOR('',#11072,10.);
#3030=VECTOR('',#11073,10.);
#3031=VECTOR('',#11078,10.);
#3032=VECTOR('',#11079,10.);
#3033=VECTOR('',#11084,10.);
#3034=VECTOR('',#11085,10.);
#3035=VECTOR('',#11090,10.);
#3036=VECTOR('',#11091,10.);
#3037=VECTOR('',#11102,10.);
#3038=VECTOR('',#11103,10.);
#3039=VECTOR('',#11108,10.);
#3040=VECTOR('',#11109,10.);
#3041=VECTOR('',#11112,10.);
#3042=VECTOR('',#11113,10.);
#3043=VECTOR('',#11118,10.);
#3044=VECTOR('',#11119,10.);
#3045=VECTOR('',#11124,10.);
#3046=VECTOR('',#11125,10.);
#3047=VECTOR('',#11128,10.);
#3048=VECTOR('',#11129,10.);
#3049=VECTOR('',#11130,10.);
#3050=VECTOR('',#11133,10.);
#3051=VECTOR('',#11134,10.);
#3052=VECTOR('',#11137,10.);
#3053=VECTOR('',#11138,10.);
#3054=VECTOR('',#11141,10.);
#3055=VECTOR('',#11142,10.);
#3056=VECTOR('',#11145,10.);
#3057=VECTOR('',#11146,10.);
#3058=VECTOR('',#11149,10.);
#3059=VECTOR('',#11150,10.);
#3060=VECTOR('',#11153,10.);
#3061=VECTOR('',#11154,10.);
#3062=VECTOR('',#11157,10.);
#3063=VECTOR('',#11158,10.);
#3064=VECTOR('',#11161,10.);
#3065=VECTOR('',#11162,10.);
#3066=VECTOR('',#11165,10.);
#3067=VECTOR('',#11166,10.);
#3068=VECTOR('',#11169,10.);
#3069=VECTOR('',#11170,10.);
#3070=VECTOR('',#11173,10.);
#3071=VECTOR('',#11174,10.);
#3072=VECTOR('',#11177,10.);
#3073=VECTOR('',#11178,10.);
#3074=VECTOR('',#11181,10.);
#3075=VECTOR('',#11182,10.);
#3076=VECTOR('',#11185,10.);
#3077=VECTOR('',#11186,10.);
#3078=VECTOR('',#11189,10.);
#3079=VECTOR('',#11190,10.);
#3080=VECTOR('',#11193,10.);
#3081=VECTOR('',#11194,10.);
#3082=VECTOR('',#11197,10.);
#3083=VECTOR('',#11198,10.);
#3084=VECTOR('',#11201,10.);
#3085=VECTOR('',#11202,10.);
#3086=VECTOR('',#11205,10.);
#3087=VECTOR('',#11206,10.);
#3088=VECTOR('',#11209,10.);
#3089=VECTOR('',#11210,10.);
#3090=VECTOR('',#11213,10.);
#3091=VECTOR('',#11214,10.);
#3092=VECTOR('',#11217,10.);
#3093=VECTOR('',#11218,10.);
#3094=VECTOR('',#11221,10.);
#3095=VECTOR('',#11222,10.);
#3096=VECTOR('',#11225,10.);
#3097=VECTOR('',#11226,10.);
#3098=VECTOR('',#11229,10.);
#3099=VECTOR('',#11230,10.);
#3100=VECTOR('',#11233,10.);
#3101=VECTOR('',#11234,10.);
#3102=VECTOR('',#11237,10.);
#3103=VECTOR('',#11238,10.);
#3104=VECTOR('',#11241,10.);
#3105=VECTOR('',#11242,10.);
#3106=VECTOR('',#11245,10.);
#3107=VECTOR('',#11250,10.);
#3108=VECTOR('',#11251,10.);
#3109=VECTOR('',#11256,10.);
#3110=VECTOR('',#11259,10.);
#3111=VECTOR('',#11262,10.);
#3112=VECTOR('',#11263,10.);
#3113=VECTOR('',#11264,10.);
#3114=VECTOR('',#11265,10.);
#3115=VECTOR('',#11266,10.);
#3116=VECTOR('',#11267,10.);
#3117=VECTOR('',#11268,10.);
#3118=VECTOR('',#11269,10.);
#3119=VECTOR('',#11270,10.);
#3120=VECTOR('',#11271,10.);
#3121=VECTOR('',#11272,10.);
#3122=VECTOR('',#11273,10.);
#3123=VECTOR('',#11274,10.);
#3124=VECTOR('',#11275,10.);
#3125=VECTOR('',#11276,10.);
#3126=VECTOR('',#11277,10.);
#3127=VECTOR('',#11278,10.);
#3128=VECTOR('',#11279,10.);
#3129=VECTOR('',#11280,10.);
#3130=VECTOR('',#11281,10.);
#3131=VECTOR('',#11282,10.);
#3132=VECTOR('',#11283,10.);
#3133=VECTOR('',#11284,10.);
#3134=VECTOR('',#11285,10.);
#3135=VECTOR('',#11286,10.);
#3136=VECTOR('',#11287,10.);
#3137=VECTOR('',#11288,10.);
#3138=VECTOR('',#11289,10.);
#3139=VECTOR('',#11290,10.);
#3140=VECTOR('',#11291,10.);
#3141=VECTOR('',#11294,10.);
#3142=VECTOR('',#11295,10.);
#3143=VECTOR('',#11296,10.);
#3144=VECTOR('',#11297,10.);
#3145=VECTOR('',#11298,10.);
#3146=VECTOR('',#11299,10.);
#3147=VECTOR('',#11300,10.);
#3148=VECTOR('',#11301,10.);
#3149=VECTOR('',#11302,10.);
#3150=VECTOR('',#11303,10.);
#3151=VECTOR('',#11304,10.);
#3152=VECTOR('',#11305,10.);
#3153=VECTOR('',#11306,10.);
#3154=VECTOR('',#11307,10.);
#3155=VECTOR('',#11308,10.);
#3156=VECTOR('',#11309,10.);
#3157=VECTOR('',#11310,10.);
#3158=VECTOR('',#11311,10.);
#3159=VECTOR('',#11312,10.);
#3160=VECTOR('',#11313,10.);
#3161=VECTOR('',#11314,10.);
#3162=VECTOR('',#11315,10.);
#3163=VECTOR('',#11316,10.);
#3164=VECTOR('',#11317,10.);
#3165=VECTOR('',#11318,10.);
#3166=VECTOR('',#11319,10.);
#3167=VECTOR('',#11320,10.);
#3168=VECTOR('',#11321,10.);
#3169=VECTOR('',#11322,10.);
#3170=VECTOR('',#11323,10.);
#3171=VECTOR('',#11328,10.);
#3172=VECTOR('',#11335,10.);
#3173=VECTOR('',#11340,10.);
#3174=VECTOR('',#11345,10.);
#3175=VECTOR('',#11350,10.);
#3176=VECTOR('',#11355,10.);
#3177=VECTOR('',#11360,10.);
#3178=VECTOR('',#11365,10.);
#3179=VECTOR('',#11370,10.);
#3180=VECTOR('',#11375,10.);
#3181=VECTOR('',#11380,10.);
#3182=VECTOR('',#11385,10.);
#3183=VECTOR('',#11390,10.);
#3184=VECTOR('',#11395,10.);
#3185=VECTOR('',#11400,10.);
#3186=VECTOR('',#11405,10.);
#3187=VECTOR('',#11410,10.);
#3188=VECTOR('',#11415,10.);
#3189=VECTOR('',#11420,10.);
#3190=VECTOR('',#11431,10.);
#3191=VECTOR('',#11436,10.);
#3192=VECTOR('',#11441,10.);
#3193=VECTOR('',#11446,10.);
#3194=VECTOR('',#11451,10.);
#3195=VECTOR('',#11456,10.);
#3196=VECTOR('',#11461,10.);
#3197=VECTOR('',#11466,10.);
#3198=VECTOR('',#11471,10.);
#3199=VECTOR('',#11476,10.);
#3200=VECTOR('',#11481,10.);
#3201=VECTOR('',#11484,10.);
#3202=VECTOR('',#11489,10.);
#3203=VECTOR('',#11494,10.);
#3204=VECTOR('',#11499,10.);
#3205=VECTOR('',#11504,10.);
#3206=VECTOR('',#11509,10.);
#3207=VECTOR('',#11514,10.);
#3208=VECTOR('',#11519,10.);
#3209=VECTOR('',#11524,10.);
#3210=VECTOR('',#11529,10.);
#3211=VECTOR('',#11534,10.);
#3212=VECTOR('',#11539,10.);
#3213=VECTOR('',#11542,10.);
#3214=VECTOR('',#11547,10.);
#3215=VECTOR('',#11552,10.);
#3216=VECTOR('',#11557,10.);
#3217=VECTOR('',#11562,10.);
#3218=VECTOR('',#11567,10.);
#3219=VECTOR('',#11572,10.);
#3220=VECTOR('',#11583,10.);
#3221=VECTOR('',#11586,10.);
#3222=VECTOR('',#11591,10.);
#3223=VECTOR('',#11596,10.);
#3224=VECTOR('',#11601,10.);
#3225=VECTOR('',#11606,10.);
#3226=VECTOR('',#11611,10.);
#3227=VECTOR('',#11616,10.);
#3228=VECTOR('',#11621,10.);
#3229=VECTOR('',#11626,10.);
#3230=VECTOR('',#11631,10.);
#3231=VECTOR('',#11634,10.);
#3232=VECTOR('',#11635,10.);
#3233=VECTOR('',#11636,10.);
#3234=VECTOR('',#11639,10.);
#3235=VECTOR('',#11640,10.);
#3236=VECTOR('',#11643,10.);
#3237=VECTOR('',#11644,10.);
#3238=VECTOR('',#11647,10.);
#3239=VECTOR('',#11648,10.);
#3240=VECTOR('',#11651,10.);
#3241=VECTOR('',#11652,10.);
#3242=VECTOR('',#11655,10.);
#3243=VECTOR('',#11656,10.);
#3244=VECTOR('',#11659,10.);
#3245=VECTOR('',#11660,10.);
#3246=VECTOR('',#11663,10.);
#3247=VECTOR('',#11664,10.);
#3248=VECTOR('',#11667,10.);
#3249=VECTOR('',#11668,10.);
#3250=VECTOR('',#11671,10.);
#3251=VECTOR('',#11672,10.);
#3252=VECTOR('',#11675,10.);
#3253=VECTOR('',#11676,10.);
#3254=VECTOR('',#11679,10.);
#3255=VECTOR('',#11680,10.);
#3256=VECTOR('',#11683,10.);
#3257=VECTOR('',#11684,10.);
#3258=VECTOR('',#11687,10.);
#3259=VECTOR('',#11688,10.);
#3260=VECTOR('',#11691,10.);
#3261=VECTOR('',#11692,10.);
#3262=VECTOR('',#11695,10.);
#3263=VECTOR('',#11696,10.);
#3264=VECTOR('',#11699,10.);
#3265=VECTOR('',#11700,10.);
#3266=VECTOR('',#11703,10.);
#3267=VECTOR('',#11704,10.);
#3268=VECTOR('',#11707,10.);
#3269=VECTOR('',#11708,10.);
#3270=VECTOR('',#11711,10.);
#3271=VECTOR('',#11712,10.);
#3272=VECTOR('',#11715,10.);
#3273=VECTOR('',#11716,10.);
#3274=VECTOR('',#11719,10.);
#3275=VECTOR('',#11720,10.);
#3276=VECTOR('',#11723,10.);
#3277=VECTOR('',#11724,10.);
#3278=VECTOR('',#11727,10.);
#3279=VECTOR('',#11728,10.);
#3280=VECTOR('',#11731,10.);
#3281=VECTOR('',#11732,10.);
#3282=VECTOR('',#11735,10.);
#3283=VECTOR('',#11736,10.);
#3284=VECTOR('',#11739,10.);
#3285=VECTOR('',#11740,10.);
#3286=VECTOR('',#11743,10.);
#3287=VECTOR('',#11744,10.);
#3288=VECTOR('',#11747,10.);
#3289=VECTOR('',#11748,10.);
#3290=VECTOR('',#11751,10.);
#3291=VECTOR('',#11752,10.);
#3292=VECTOR('',#11755,10.);
#3293=VECTOR('',#11760,10.);
#3294=VECTOR('',#11767,10.);
#3295=VECTOR('',#11772,10.);
#3296=VECTOR('',#11777,10.);
#3297=VECTOR('',#11788,10.);
#3298=VECTOR('',#11793,10.);
#3299=VECTOR('',#11796,10.);
#3300=VECTOR('',#11799,10.);
#3301=VECTOR('',#11804,10.);
#3302=VECTOR('',#11809,10.);
#3303=VECTOR('',#11814,10.);
#3304=VECTOR('',#11817,10.);
#3305=VECTOR('',#11822,10.);
#3306=VECTOR('',#11827,10.);
#3307=VECTOR('',#11832,10.);
#3308=VECTOR('',#11837,10.);
#3309=VECTOR('',#11840,10.);
#3310=VECTOR('',#11845,10.);
#3311=VECTOR('',#11850,10.);
#3312=VECTOR('',#11855,10.);
#3313=VECTOR('',#11860,10.);
#3314=VECTOR('',#11863,10.);
#3315=VECTOR('',#11868,10.);
#3316=VECTOR('',#11873,10.);
#3317=VECTOR('',#11878,10.);
#3318=VECTOR('',#11883,10.);
#3319=VECTOR('',#11886,10.);
#3320=VECTOR('',#11891,10.);
#3321=VECTOR('',#11896,10.);
#3322=VECTOR('',#11901,10.);
#3323=VECTOR('',#11906,10.);
#3324=VECTOR('',#11909,10.);
#3325=VECTOR('',#11914,10.);
#3326=VECTOR('',#11919,10.);
#3327=VECTOR('',#11924,10.);
#3328=VECTOR('',#11929,10.);
#3329=VECTOR('',#11932,10.);
#3330=VECTOR('',#11937,10.);
#3331=VECTOR('',#11942,10.);
#3332=VECTOR('',#11947,10.);
#3333=VECTOR('',#11952,10.);
#3334=VECTOR('',#11955,10.);
#3335=VECTOR('',#11960,10.);
#3336=VECTOR('',#11963,10.);
#3337=VECTOR('',#11966,10.);
#3338=VECTOR('',#11971,10.);
#3339=VECTOR('',#11974,10.);
#3340=VECTOR('',#11979,10.);
#3341=VECTOR('',#11982,10.);
#3342=VECTOR('',#11987,10.);
#3343=VECTOR('',#11990,10.);
#3344=VECTOR('',#11993,10.);
#3345=VECTOR('',#11994,10.);
#3346=VECTOR('',#11997,10.);
#3347=VECTOR('',#11998,10.);
#3348=VECTOR('',#12001,10.);
#3349=VECTOR('',#12002,10.);
#3350=VECTOR('',#12013,10.);
#3351=VECTOR('',#12014,10.);
#3352=VECTOR('',#12017,10.);
#3353=VECTOR('',#12018,10.);
#3354=VECTOR('',#12023,10.);
#3355=VECTOR('',#12024,10.);
#3356=VECTOR('',#12027,10.);
#3357=VECTOR('',#12028,10.);
#3358=VECTOR('',#12033,10.);
#3359=VECTOR('',#12034,10.);
#3360=VECTOR('',#12037,10.);
#3361=VECTOR('',#12038,10.);
#3362=VECTOR('',#12043,10.);
#3363=VECTOR('',#12044,10.);
#3364=VECTOR('',#12047,10.);
#3365=VECTOR('',#12048,10.);
#3366=VECTOR('',#12053,10.);
#3367=VECTOR('',#12054,10.);
#3368=VECTOR('',#12057,10.);
#3369=VECTOR('',#12058,10.);
#3370=VECTOR('',#12063,10.);
#3371=VECTOR('',#12064,10.);
#3372=VECTOR('',#12067,10.);
#3373=VECTOR('',#12068,10.);
#3374=VECTOR('',#12073,10.);
#3375=VECTOR('',#12074,10.);
#3376=VECTOR('',#12077,10.);
#3377=VECTOR('',#12078,10.);
#3378=VECTOR('',#12083,10.);
#3379=VECTOR('',#12084,10.);
#3380=VECTOR('',#12087,10.);
#3381=VECTOR('',#12092,10.);
#3382=VECTOR('',#12097,10.);
#3383=VECTOR('',#12100,1.00000001490116);
#3384=VECTOR('',#12103,10.);
#3385=VECTOR('',#12106,10.);
#3386=VECTOR('',#12109,10.);
#3387=VECTOR('',#12114,10.);
#3388=VECTOR('',#12117,10.);
#3389=VECTOR('',#12120,10.);
#3390=VECTOR('',#12121,10.);
#3391=VECTOR('',#12122,10.);
#3392=VECTOR('',#12123,10.);
#3393=VECTOR('',#12124,10.);
#3394=VECTOR('',#12125,10.);
#3395=VECTOR('',#12126,10.);
#3396=VECTOR('',#12127,10.);
#3397=VECTOR('',#12128,10.);
#3398=VECTOR('',#12129,10.);
#3399=VECTOR('',#12130,10.);
#3400=VECTOR('',#12131,10.);
#3401=VECTOR('',#12132,10.);
#3402=VECTOR('',#12133,10.);
#3403=VECTOR('',#12134,10.);
#3404=VECTOR('',#12135,10.);
#3405=VECTOR('',#12136,10.);
#3406=VECTOR('',#12137,10.);
#3407=VECTOR('',#12138,10.);
#3408=VECTOR('',#12139,10.);
#3409=VECTOR('',#12140,10.);
#3410=VECTOR('',#12141,10.);
#3411=VECTOR('',#12142,10.);
#3412=VECTOR('',#12143,10.);
#3413=VECTOR('',#12144,10.);
#3414=VECTOR('',#12145,10.);
#3415=VECTOR('',#12146,10.);
#3416=VECTOR('',#12147,10.);
#3417=VECTOR('',#12148,10.);
#3418=VECTOR('',#12149,10.);
#3419=VECTOR('',#12152,10.);
#3420=VECTOR('',#12153,10.);
#3421=VECTOR('',#12154,10.);
#3422=VECTOR('',#12155,10.);
#3423=VECTOR('',#12156,10.);
#3424=VECTOR('',#12157,10.);
#3425=VECTOR('',#12158,10.);
#3426=VECTOR('',#12159,10.);
#3427=VECTOR('',#12160,10.);
#3428=VECTOR('',#12161,10.);
#3429=VECTOR('',#12162,10.);
#3430=VECTOR('',#12163,10.);
#3431=VECTOR('',#12164,10.);
#3432=VECTOR('',#12165,10.);
#3433=VECTOR('',#12166,10.);
#3434=VECTOR('',#12167,10.);
#3435=VECTOR('',#12168,10.);
#3436=VECTOR('',#12169,10.);
#3437=VECTOR('',#12170,10.);
#3438=VECTOR('',#12171,10.);
#3439=VECTOR('',#12172,10.);
#3440=VECTOR('',#12173,10.);
#3441=VECTOR('',#12174,10.);
#3442=VECTOR('',#12175,10.);
#3443=VECTOR('',#12176,10.);
#3444=VECTOR('',#12177,10.);
#3445=VECTOR('',#12178,10.);
#3446=VECTOR('',#12179,10.);
#3447=VECTOR('',#12180,10.);
#3448=VECTOR('',#12181,10.);
#3449=VECTOR('',#12214,10.);
#3450=VECTOR('',#12231,10.);
#3451=VECTOR('',#12248,10.);
#3452=VECTOR('',#12265,10.);
#3453=VECTOR('',#12282,10.);
#3454=VECTOR('',#12299,10.);
#3455=VECTOR('',#12318,10.);
#3456=VECTOR('',#12327,10.);
#3457=VECTOR('',#12334,10.);
#3458=VECTOR('',#12337,10.);
#3459=VECTOR('',#12346,10.);
#3460=VECTOR('',#12353,10.);
#3461=VECTOR('',#12356,10.);
#3462=VECTOR('',#12359,10.);
#3463=VECTOR('',#12362,10.);
#3464=VECTOR('',#12367,10.);
#3465=VECTOR('',#12370,10.);
#3466=VECTOR('',#12373,10.);
#3467=VECTOR('',#12378,10.);
#3468=VECTOR('',#12381,10.);
#3469=VECTOR('',#12386,10.);
#3470=VECTOR('',#12391,10.);
#3471=VECTOR('',#12396,10.);
#3472=VECTOR('',#12401,10.);
#3473=VECTOR('',#12406,10.);
#3474=VECTOR('',#12411,10.);
#3475=VECTOR('',#12416,10.);
#3476=VECTOR('',#12421,10.);
#3477=VECTOR('',#12426,10.);
#3478=VECTOR('',#12431,10.);
#3479=VECTOR('',#12460,1.00000001490116);
#3480=VECTOR('',#12461,10.);
#3481=VECTOR('',#12464,10.);
#3482=VECTOR('',#12467,10.);
#3483=VECTOR('',#12470,10.);
#3484=VECTOR('',#12473,10.);
#3485=VECTOR('',#12476,10.);
#3486=VECTOR('',#12479,10.);
#3487=VECTOR('',#12482,10.);
#3488=VECTOR('',#12485,10.);
#3489=VECTOR('',#12488,10.);
#3490=VECTOR('',#12491,10.);
#3491=VECTOR('',#12494,10.);
#3492=VECTOR('',#12497,10.);
#3493=VECTOR('',#12500,10.);
#3494=VECTOR('',#12503,10.);
#3495=VECTOR('',#12506,10.);
#3496=VECTOR('',#12509,10.);
#3497=VECTOR('',#12512,10.);
#3498=VECTOR('',#12515,10.);
#3499=VECTOR('',#12518,10.);
#3500=VECTOR('',#12521,10.);
#3501=VECTOR('',#12524,10.);
#3502=VECTOR('',#12527,10.);
#3503=VECTOR('',#12530,10.);
#3504=VECTOR('',#12533,10.);
#3505=VECTOR('',#12536,10.);
#3506=VECTOR('',#12539,10.);
#3507=VECTOR('',#12542,10.);
#3508=VECTOR('',#12547,10.);
#3509=VECTOR('',#12548,10.);
#3510=VECTOR('',#12551,10.);
#3511=VECTOR('',#12554,10.);
#3512=VECTOR('',#12557,10.);
#3513=VECTOR('',#12560,10.);
#3514=VECTOR('',#12563,10.);
#3515=VECTOR('',#12564,10.);
#3516=VECTOR('',#12567,10.);
#3517=VECTOR('',#12570,10.);
#3518=VECTOR('',#12573,10.);
#3519=VECTOR('',#12576,10.);
#3520=VECTOR('',#12581,10.);
#3521=VECTOR('',#12582,10.);
#3522=VECTOR('',#12587,10.);
#3523=VECTOR('',#12590,10.);
#3524=VECTOR('',#12591,10.);
#3525=VECTOR('',#12596,10.);
#3526=VECTOR('',#12599,10.);
#3527=VECTOR('',#12602,10.);
#3528=VECTOR('',#12605,10.);
#3529=VECTOR('',#12608,10.);
#3530=VECTOR('',#12611,10.);
#3531=VECTOR('',#12616,10.);
#3532=VECTOR('',#12617,10.);
#3533=VECTOR('',#12622,10.);
#3534=VECTOR('',#12625,10.);
#3535=VECTOR('',#12632,10.);
#3536=VECTOR('',#12633,10.);
#3537=VECTOR('',#12634,10.);
#3538=VECTOR('',#12637,10.);
#3539=VECTOR('',#12642,10.);
#3540=VECTOR('',#12643,10.);
#3541=VECTOR('',#12650,10.);
#3542=VECTOR('',#12653,10.);
#3543=VECTOR('',#12656,10.);
#3544=VECTOR('',#12657,10.);
#3545=VECTOR('',#12660,10.);
#3546=VECTOR('',#12661,10.);
#3547=VECTOR('',#12664,10.);
#3548=VECTOR('',#12667,10.);
#3549=VECTOR('',#12672,10.);
#3550=VECTOR('',#12675,10.);
#3551=VERTEX_POINT('',#12680);
#3552=VERTEX_POINT('',#12681);
#3553=VERTEX_POINT('',#12683);
#3554=VERTEX_POINT('',#12685);
#3555=VERTEX_POINT('',#12689);
#3556=VERTEX_POINT('',#12690);
#3557=VERTEX_POINT('',#12692);
#3558=VERTEX_POINT('',#12694);
#3559=VERTEX_POINT('',#12713);
#3560=VERTEX_POINT('',#12714);
#3561=VERTEX_POINT('',#12716);
#3562=VERTEX_POINT('',#12718);
#3563=VERTEX_POINT('',#12722);
#3564=VERTEX_POINT('',#12723);
#3565=VERTEX_POINT('',#12725);
#3566=VERTEX_POINT('',#12727);
#3567=VERTEX_POINT('',#12731);
#3568=VERTEX_POINT('',#12733);
#3569=VERTEX_POINT('',#12737);
#3570=VERTEX_POINT('',#12738);
#3571=VERTEX_POINT('',#12740);
#3572=VERTEX_POINT('',#12742);
#3573=VERTEX_POINT('',#12746);
#3574=VERTEX_POINT('',#12747);
#3575=VERTEX_POINT('',#12749);
#3576=VERTEX_POINT('',#12751);
#3577=VERTEX_POINT('',#12755);
#3578=VERTEX_POINT('',#12757);
#3579=VERTEX_POINT('',#12761);
#3580=VERTEX_POINT('',#12762);
#3581=VERTEX_POINT('',#12764);
#3582=VERTEX_POINT('',#12766);
#3583=VERTEX_POINT('',#12770);
#3584=VERTEX_POINT('',#12771);
#3585=VERTEX_POINT('',#12773);
#3586=VERTEX_POINT('',#12775);
#3587=VERTEX_POINT('',#12779);
#3588=VERTEX_POINT('',#12781);
#3589=VERTEX_POINT('',#12785);
#3590=VERTEX_POINT('',#12786);
#3591=VERTEX_POINT('',#12788);
#3592=VERTEX_POINT('',#12790);
#3593=VERTEX_POINT('',#12794);
#3594=VERTEX_POINT('',#12795);
#3595=VERTEX_POINT('',#12797);
#3596=VERTEX_POINT('',#12799);
#3597=VERTEX_POINT('',#12803);
#3598=VERTEX_POINT('',#12805);
#3599=VERTEX_POINT('',#12809);
#3600=VERTEX_POINT('',#12810);
#3601=VERTEX_POINT('',#12812);
#3602=VERTEX_POINT('',#12814);
#3603=VERTEX_POINT('',#12818);
#3604=VERTEX_POINT('',#12819);
#3605=VERTEX_POINT('',#12821);
#3606=VERTEX_POINT('',#12823);
#3607=VERTEX_POINT('',#12827);
#3608=VERTEX_POINT('',#12829);
#3609=VERTEX_POINT('',#12833);
#3610=VERTEX_POINT('',#12834);
#3611=VERTEX_POINT('',#12836);
#3612=VERTEX_POINT('',#12838);
#3613=VERTEX_POINT('',#12842);
#3614=VERTEX_POINT('',#12844);
#3615=VERTEX_POINT('',#12848);
#3616=VERTEX_POINT('',#12849);
#3617=VERTEX_POINT('',#12851);
#3618=VERTEX_POINT('',#12853);
#3619=VERTEX_POINT('',#12860);
#3620=VERTEX_POINT('',#12861);
#3621=VERTEX_POINT('',#12863);
#3622=VERTEX_POINT('',#12865);
#3623=VERTEX_POINT('',#12887);
#3624=VERTEX_POINT('',#12889);
#3625=VERTEX_POINT('',#12896);
#3626=VERTEX_POINT('',#12898);
#3627=VERTEX_POINT('',#12902);
#3628=VERTEX_POINT('',#12904);
#3629=VERTEX_POINT('',#12914);
#3630=VERTEX_POINT('',#12916);
#3631=VERTEX_POINT('',#12926);
#3632=VERTEX_POINT('',#12928);
#3633=VERTEX_POINT('',#12938);
#3634=VERTEX_POINT('',#12940);
#3635=VERTEX_POINT('',#12950);
#3636=VERTEX_POINT('',#12952);
#3637=VERTEX_POINT('',#12965);
#3638=VERTEX_POINT('',#12967);
#3639=VERTEX_POINT('',#12974);
#3640=VERTEX_POINT('',#12976);
#3641=VERTEX_POINT('',#12980);
#3642=VERTEX_POINT('',#12984);
#3643=VERTEX_POINT('',#12988);
#3644=VERTEX_POINT('',#12992);
#3645=VERTEX_POINT('',#12996);
#3646=VERTEX_POINT('',#13000);
#3647=VERTEX_POINT('',#13004);
#3648=VERTEX_POINT('',#13008);
#3649=VERTEX_POINT('',#13012);
#3650=VERTEX_POINT('',#13016);
#3651=VERTEX_POINT('',#13020);
#3652=VERTEX_POINT('',#13024);
#3653=VERTEX_POINT('',#13028);
#3654=VERTEX_POINT('',#13032);
#3655=VERTEX_POINT('',#13036);
#3656=VERTEX_POINT('',#13040);
#3657=VERTEX_POINT('',#13044);
#3658=VERTEX_POINT('',#13048);
#3659=VERTEX_POINT('',#13052);
#3660=VERTEX_POINT('',#13056);
#3661=VERTEX_POINT('',#13060);
#3662=VERTEX_POINT('',#13064);
#3663=VERTEX_POINT('',#13065);
#3664=VERTEX_POINT('',#13074);
#3665=VERTEX_POINT('',#13076);
#3666=VERTEX_POINT('',#13084);
#3667=VERTEX_POINT('',#13086);
#3668=VERTEX_POINT('',#13089);
#3669=VERTEX_POINT('',#13090);
#3670=VERTEX_POINT('',#13092);
#3671=VERTEX_POINT('',#13094);
#3672=VERTEX_POINT('',#13096);
#3673=VERTEX_POINT('',#13110);
#3674=VERTEX_POINT('',#13121);
#3675=VERTEX_POINT('',#13122);
#3676=VERTEX_POINT('',#13124);
#3677=VERTEX_POINT('',#13126);
#3678=VERTEX_POINT('',#13130);
#3679=VERTEX_POINT('',#13132);
#3680=VERTEX_POINT('',#13136);
#3681=VERTEX_POINT('',#13137);
#3682=VERTEX_POINT('',#13139);
#3683=VERTEX_POINT('',#13141);
#3684=VERTEX_POINT('',#13145);
#3685=VERTEX_POINT('',#13146);
#3686=VERTEX_POINT('',#13148);
#3687=VERTEX_POINT('',#13150);
#3688=VERTEX_POINT('',#13154);
#3689=VERTEX_POINT('',#13156);
#3690=VERTEX_POINT('',#13160);
#3691=VERTEX_POINT('',#13161);
#3692=VERTEX_POINT('',#13163);
#3693=VERTEX_POINT('',#13181);
#3694=VERTEX_POINT('',#13182);
#3695=VERTEX_POINT('',#13184);
#3696=VERTEX_POINT('',#13186);
#3697=VERTEX_POINT('',#13190);
#3698=VERTEX_POINT('',#13192);
#3699=VERTEX_POINT('',#13196);
#3700=VERTEX_POINT('',#13198);
#3701=VERTEX_POINT('',#13202);
#3702=VERTEX_POINT('',#13203);
#3703=VERTEX_POINT('',#13205);
#3704=VERTEX_POINT('',#13207);
#3705=VERTEX_POINT('',#13211);
#3706=VERTEX_POINT('',#13213);
#3707=VERTEX_POINT('',#13217);
#3708=VERTEX_POINT('',#13219);
#3709=VERTEX_POINT('',#13223);
#3710=VERTEX_POINT('',#13224);
#3711=VERTEX_POINT('',#13226);
#3712=VERTEX_POINT('',#13228);
#3713=VERTEX_POINT('',#13232);
#3714=VERTEX_POINT('',#13234);
#3715=VERTEX_POINT('',#13238);
#3716=VERTEX_POINT('',#13258);
#3717=VERTEX_POINT('',#13260);
#3718=VERTEX_POINT('',#13264);
#3719=VERTEX_POINT('',#13268);
#3720=VERTEX_POINT('',#13272);
#3721=VERTEX_POINT('',#13276);
#3722=VERTEX_POINT('',#13278);
#3723=VERTEX_POINT('',#13282);
#3724=VERTEX_POINT('',#13283);
#3725=VERTEX_POINT('',#13288);
#3726=VERTEX_POINT('',#13292);
#3727=VERTEX_POINT('',#13294);
#3728=VERTEX_POINT('',#13300);
#3729=VERTEX_POINT('',#13308);
#3730=VERTEX_POINT('',#13314);
#3731=VERTEX_POINT('',#13323);
#3732=VERTEX_POINT('',#13332);
#3733=VERTEX_POINT('',#13338);
#3734=VERTEX_POINT('',#13340);
#3735=VERTEX_POINT('',#13347);
#3736=VERTEX_POINT('',#13349);
#3737=VERTEX_POINT('',#13359);
#3738=VERTEX_POINT('',#13361);
#3739=VERTEX_POINT('',#13396);
#3740=VERTEX_POINT('',#13397);
#3741=VERTEX_POINT('',#13406);
#3742=VERTEX_POINT('',#13408);
#3743=VERTEX_POINT('',#13410);
#3744=VERTEX_POINT('',#13412);
#3745=VERTEX_POINT('',#13421);
#3746=VERTEX_POINT('',#13422);
#3747=VERTEX_POINT('',#13424);
#3748=VERTEX_POINT('',#13433);
#3749=VERTEX_POINT('',#13435);
#3750=VERTEX_POINT('',#13445);
#3751=VERTEX_POINT('',#13464);
#3752=VERTEX_POINT('',#13466);
#3753=VERTEX_POINT('',#13470);
#3754=VERTEX_POINT('',#13474);
#3755=VERTEX_POINT('',#13529);
#3756=VERTEX_POINT('',#13545);
#3757=VERTEX_POINT('',#13589);
#3758=VERTEX_POINT('',#13591);
#3759=VERTEX_POINT('',#13595);
#3760=VERTEX_POINT('',#13599);
#3761=VERTEX_POINT('',#13637);
#3762=VERTEX_POINT('',#13648);
#3763=VERTEX_POINT('',#13744);
#3764=VERTEX_POINT('',#13746);
#3765=VERTEX_POINT('',#13781);
#3766=VERTEX_POINT('',#13792);
#3767=VERTEX_POINT('',#13823);
#3768=VERTEX_POINT('',#13833);
#3769=VERTEX_POINT('',#13839);
#3770=VERTEX_POINT('',#13841);
#3771=VERTEX_POINT('',#13845);
#3772=VERTEX_POINT('',#13849);
#3773=VERTEX_POINT('',#13887);
#3774=VERTEX_POINT('',#13898);
#3775=VERTEX_POINT('',#13984);
#3776=VERTEX_POINT('',#13985);
#3777=VERTEX_POINT('',#13987);
#3778=VERTEX_POINT('',#13989);
#3779=VERTEX_POINT('',#13993);
#3780=VERTEX_POINT('',#13995);
#3781=VERTEX_POINT('',#13999);
#3782=VERTEX_POINT('',#14001);
#3783=VERTEX_POINT('',#14005);
#3784=VERTEX_POINT('',#14007);
#3785=VERTEX_POINT('',#14011);
#3786=VERTEX_POINT('',#14012);
#3787=VERTEX_POINT('',#14014);
#3788=VERTEX_POINT('',#14016);
#3789=VERTEX_POINT('',#14020);
#3790=VERTEX_POINT('',#14022);
#3791=VERTEX_POINT('',#14026);
#3792=VERTEX_POINT('',#14028);
#3793=VERTEX_POINT('',#14032);
#3794=VERTEX_POINT('',#14034);
#3795=VERTEX_POINT('',#14038);
#3796=VERTEX_POINT('',#14040);
#3797=VERTEX_POINT('',#14044);
#3798=VERTEX_POINT('',#14046);
#3799=VERTEX_POINT('',#14050);
#3800=VERTEX_POINT('',#14052);
#3801=VERTEX_POINT('',#14056);
#3802=VERTEX_POINT('',#14058);
#3803=VERTEX_POINT('',#14062);
#3804=VERTEX_POINT('',#14064);
#3805=VERTEX_POINT('',#14068);
#3806=VERTEX_POINT('',#14070);
#3807=VERTEX_POINT('',#14074);
#3808=VERTEX_POINT('',#14076);
#3809=VERTEX_POINT('',#14080);
#3810=VERTEX_POINT('',#14082);
#3811=VERTEX_POINT('',#14086);
#3812=VERTEX_POINT('',#14088);
#3813=VERTEX_POINT('',#14092);
#3814=VERTEX_POINT('',#14094);
#3815=VERTEX_POINT('',#14098);
#3816=VERTEX_POINT('',#14100);
#3817=VERTEX_POINT('',#14104);
#3818=VERTEX_POINT('',#14106);
#3819=VERTEX_POINT('',#14110);
#3820=VERTEX_POINT('',#14112);
#3821=VERTEX_POINT('',#14116);
#3822=VERTEX_POINT('',#14118);
#3823=VERTEX_POINT('',#14122);
#3824=VERTEX_POINT('',#14124);
#3825=VERTEX_POINT('',#14128);
#3826=VERTEX_POINT('',#14130);
#3827=VERTEX_POINT('',#14134);
#3828=VERTEX_POINT('',#14136);
#3829=VERTEX_POINT('',#14140);
#3830=VERTEX_POINT('',#14142);
#3831=VERTEX_POINT('',#14146);
#3832=VERTEX_POINT('',#14148);
#3833=VERTEX_POINT('',#14152);
#3834=VERTEX_POINT('',#14154);
#3835=VERTEX_POINT('',#14158);
#3836=VERTEX_POINT('',#14160);
#3837=VERTEX_POINT('',#14164);
#3838=VERTEX_POINT('',#14166);
#3839=VERTEX_POINT('',#14170);
#3840=VERTEX_POINT('',#14172);
#3841=VERTEX_POINT('',#14176);
#3842=VERTEX_POINT('',#14178);
#3843=VERTEX_POINT('',#14182);
#3844=VERTEX_POINT('',#14184);
#3845=VERTEX_POINT('',#14188);
#3846=VERTEX_POINT('',#14190);
#3847=VERTEX_POINT('',#14205);
#3848=VERTEX_POINT('',#14206);
#3849=VERTEX_POINT('',#14208);
#3850=VERTEX_POINT('',#14210);
#3851=VERTEX_POINT('',#14217);
#3852=VERTEX_POINT('',#14219);
#3853=VERTEX_POINT('',#14223);
#3854=VERTEX_POINT('',#14225);
#3855=VERTEX_POINT('',#14229);
#3856=VERTEX_POINT('',#14231);
#3857=VERTEX_POINT('',#14235);
#3858=VERTEX_POINT('',#14237);
#3859=VERTEX_POINT('',#14241);
#3860=VERTEX_POINT('',#14243);
#3861=VERTEX_POINT('',#14247);
#3862=VERTEX_POINT('',#14249);
#3863=VERTEX_POINT('',#14253);
#3864=VERTEX_POINT('',#14255);
#3865=VERTEX_POINT('',#14259);
#3866=VERTEX_POINT('',#14261);
#3867=VERTEX_POINT('',#14265);
#3868=VERTEX_POINT('',#14267);
#3869=VERTEX_POINT('',#14271);
#3870=VERTEX_POINT('',#14273);
#3871=VERTEX_POINT('',#14277);
#3872=VERTEX_POINT('',#14279);
#3873=VERTEX_POINT('',#14283);
#3874=VERTEX_POINT('',#14285);
#3875=VERTEX_POINT('',#14289);
#3876=VERTEX_POINT('',#14291);
#3877=VERTEX_POINT('',#14295);
#3878=VERTEX_POINT('',#14297);
#3879=VERTEX_POINT('',#14301);
#3880=VERTEX_POINT('',#14303);
#3881=VERTEX_POINT('',#14307);
#3882=VERTEX_POINT('',#14309);
#3883=VERTEX_POINT('',#14313);
#3884=VERTEX_POINT('',#14315);
#3885=VERTEX_POINT('',#14319);
#3886=VERTEX_POINT('',#14321);
#3887=VERTEX_POINT('',#14325);
#3888=VERTEX_POINT('',#14327);
#3889=VERTEX_POINT('',#14331);
#3890=VERTEX_POINT('',#14333);
#3891=VERTEX_POINT('',#14337);
#3892=VERTEX_POINT('',#14339);
#3893=VERTEX_POINT('',#14356);
#3894=VERTEX_POINT('',#14358);
#3895=VERTEX_POINT('',#14365);
#3896=VERTEX_POINT('',#14367);
#3897=VERTEX_POINT('',#14371);
#3898=VERTEX_POINT('',#14373);
#3899=VERTEX_POINT('',#14380);
#3900=VERTEX_POINT('',#14382);
#3901=VERTEX_POINT('',#14386);
#3902=VERTEX_POINT('',#14390);
#3903=VERTEX_POINT('',#14394);
#3904=VERTEX_POINT('',#14398);
#3905=VERTEX_POINT('',#14402);
#3906=VERTEX_POINT('',#14406);
#3907=VERTEX_POINT('',#14410);
#3908=VERTEX_POINT('',#14414);
#3909=VERTEX_POINT('',#14418);
#3910=VERTEX_POINT('',#14422);
#3911=VERTEX_POINT('',#14426);
#3912=VERTEX_POINT('',#14430);
#3913=VERTEX_POINT('',#14434);
#3914=VERTEX_POINT('',#14438);
#3915=VERTEX_POINT('',#14442);
#3916=VERTEX_POINT('',#14446);
#3917=VERTEX_POINT('',#14450);
#3918=VERTEX_POINT('',#14454);
#3919=VERTEX_POINT('',#14458);
#3920=VERTEX_POINT('',#14462);
#3921=VERTEX_POINT('',#14466);
#3922=VERTEX_POINT('',#14470);
#3923=VERTEX_POINT('',#14474);
#3924=VERTEX_POINT('',#14478);
#3925=VERTEX_POINT('',#14482);
#3926=VERTEX_POINT('',#14486);
#3927=VERTEX_POINT('',#14490);
#3928=VERTEX_POINT('',#14494);
#3929=VERTEX_POINT('',#14498);
#3930=VERTEX_POINT('',#14502);
#3931=VERTEX_POINT('',#14506);
#3932=VERTEX_POINT('',#14507);
#3933=VERTEX_POINT('',#14509);
#3934=VERTEX_POINT('',#14511);
#3935=VERTEX_POINT('',#14514);
#3936=VERTEX_POINT('',#14515);
#3937=VERTEX_POINT('',#14517);
#3938=VERTEX_POINT('',#14519);
#3939=VERTEX_POINT('',#14521);
#3940=VERTEX_POINT('',#14523);
#3941=VERTEX_POINT('',#14525);
#3942=VERTEX_POINT('',#14527);
#3943=VERTEX_POINT('',#14529);
#3944=VERTEX_POINT('',#14531);
#3945=VERTEX_POINT('',#14533);
#3946=VERTEX_POINT('',#14535);
#3947=VERTEX_POINT('',#14537);
#3948=VERTEX_POINT('',#14539);
#3949=VERTEX_POINT('',#14541);
#3950=VERTEX_POINT('',#14543);
#3951=VERTEX_POINT('',#14545);
#3952=VERTEX_POINT('',#14547);
#3953=VERTEX_POINT('',#14549);
#3954=VERTEX_POINT('',#14551);
#3955=VERTEX_POINT('',#14553);
#3956=VERTEX_POINT('',#14555);
#3957=VERTEX_POINT('',#14557);
#3958=VERTEX_POINT('',#14559);
#3959=VERTEX_POINT('',#14561);
#3960=VERTEX_POINT('',#14563);
#3961=VERTEX_POINT('',#14565);
#3962=VERTEX_POINT('',#14567);
#3963=VERTEX_POINT('',#14569);
#3964=VERTEX_POINT('',#14571);
#3965=VERTEX_POINT('',#14573);
#3966=VERTEX_POINT('',#14575);
#3967=VERTEX_POINT('',#14577);
#3968=VERTEX_POINT('',#14579);
#3969=VERTEX_POINT('',#14581);
#3970=VERTEX_POINT('',#14583);
#3971=VERTEX_POINT('',#14585);
#3972=VERTEX_POINT('',#14587);
#3973=VERTEX_POINT('',#14589);
#3974=VERTEX_POINT('',#14591);
#3975=VERTEX_POINT('',#14593);
#3976=VERTEX_POINT('',#14595);
#3977=VERTEX_POINT('',#14597);
#3978=VERTEX_POINT('',#14599);
#3979=VERTEX_POINT('',#14601);
#3980=VERTEX_POINT('',#14603);
#3981=VERTEX_POINT('',#14605);
#3982=VERTEX_POINT('',#14607);
#3983=VERTEX_POINT('',#14609);
#3984=VERTEX_POINT('',#14611);
#3985=VERTEX_POINT('',#14613);
#3986=VERTEX_POINT('',#14615);
#3987=VERTEX_POINT('',#14617);
#3988=VERTEX_POINT('',#14619);
#3989=VERTEX_POINT('',#14621);
#3990=VERTEX_POINT('',#14623);
#3991=VERTEX_POINT('',#14625);
#3992=VERTEX_POINT('',#14627);
#3993=VERTEX_POINT('',#14629);
#3994=VERTEX_POINT('',#14631);
#3995=VERTEX_POINT('',#14633);
#3996=VERTEX_POINT('',#14635);
#3997=VERTEX_POINT('',#14639);
#3998=VERTEX_POINT('',#14641);
#3999=VERTEX_POINT('',#14645);
#4000=VERTEX_POINT('',#14649);
#4001=VERTEX_POINT('',#14653);
#4002=VERTEX_POINT('',#14657);
#4003=VERTEX_POINT('',#14661);
#4004=VERTEX_POINT('',#14665);
#4005=VERTEX_POINT('',#14669);
#4006=VERTEX_POINT('',#14673);
#4007=VERTEX_POINT('',#14677);
#4008=VERTEX_POINT('',#14681);
#4009=VERTEX_POINT('',#14685);
#4010=VERTEX_POINT('',#14689);
#4011=VERTEX_POINT('',#14693);
#4012=VERTEX_POINT('',#14697);
#4013=VERTEX_POINT('',#14701);
#4014=VERTEX_POINT('',#14705);
#4015=VERTEX_POINT('',#14709);
#4016=VERTEX_POINT('',#14713);
#4017=VERTEX_POINT('',#14717);
#4018=VERTEX_POINT('',#14718);
#4019=VERTEX_POINT('',#14738);
#4020=VERTEX_POINT('',#14742);
#4021=VERTEX_POINT('',#14746);
#4022=VERTEX_POINT('',#14750);
#4023=VERTEX_POINT('',#14754);
#4024=VERTEX_POINT('',#14758);
#4025=VERTEX_POINT('',#14762);
#4026=VERTEX_POINT('',#14766);
#4027=VERTEX_POINT('',#14770);
#4028=VERTEX_POINT('',#14774);
#4029=VERTEX_POINT('',#14778);
#4030=VERTEX_POINT('',#14782);
#4031=VERTEX_POINT('',#14786);
#4032=VERTEX_POINT('',#14790);
#4033=VERTEX_POINT('',#14794);
#4034=VERTEX_POINT('',#14798);
#4035=VERTEX_POINT('',#14802);
#4036=VERTEX_POINT('',#14806);
#4037=VERTEX_POINT('',#14810);
#4038=VERTEX_POINT('',#14814);
#4039=VERTEX_POINT('',#14818);
#4040=VERTEX_POINT('',#14822);
#4041=VERTEX_POINT('',#14828);
#4042=VERTEX_POINT('',#14832);
#4043=VERTEX_POINT('',#14836);
#4044=VERTEX_POINT('',#14840);
#4045=VERTEX_POINT('',#14844);
#4046=VERTEX_POINT('',#14848);
#4047=VERTEX_POINT('',#14852);
#4048=VERTEX_POINT('',#14856);
#4049=VERTEX_POINT('',#14857);
#4050=VERTEX_POINT('',#14879);
#4051=VERTEX_POINT('',#14883);
#4052=VERTEX_POINT('',#14887);
#4053=VERTEX_POINT('',#14891);
#4054=VERTEX_POINT('',#14895);
#4055=VERTEX_POINT('',#14899);
#4056=VERTEX_POINT('',#14903);
#4057=VERTEX_POINT('',#14907);
#4058=VERTEX_POINT('',#14911);
#4059=VERTEX_POINT('',#14917);
#4060=VERTEX_POINT('',#14919);
#4061=VERTEX_POINT('',#14923);
#4062=VERTEX_POINT('',#14927);
#4063=VERTEX_POINT('',#14931);
#4064=VERTEX_POINT('',#14935);
#4065=VERTEX_POINT('',#14939);
#4066=VERTEX_POINT('',#14943);
#4067=VERTEX_POINT('',#14947);
#4068=VERTEX_POINT('',#14951);
#4069=VERTEX_POINT('',#14955);
#4070=VERTEX_POINT('',#14959);
#4071=VERTEX_POINT('',#14963);
#4072=VERTEX_POINT('',#14967);
#4073=VERTEX_POINT('',#14971);
#4074=VERTEX_POINT('',#14975);
#4075=VERTEX_POINT('',#14979);
#4076=VERTEX_POINT('',#14983);
#4077=VERTEX_POINT('',#14987);
#4078=VERTEX_POINT('',#14991);
#4079=VERTEX_POINT('',#14995);
#4080=VERTEX_POINT('',#14999);
#4081=VERTEX_POINT('',#15003);
#4082=VERTEX_POINT('',#15007);
#4083=VERTEX_POINT('',#15011);
#4084=VERTEX_POINT('',#15015);
#4085=VERTEX_POINT('',#15019);
#4086=VERTEX_POINT('',#15023);
#4087=VERTEX_POINT('',#15027);
#4088=VERTEX_POINT('',#15031);
#4089=VERTEX_POINT('',#15035);
#4090=VERTEX_POINT('',#15039);
#4091=VERTEX_POINT('',#15043);
#4092=VERTEX_POINT('',#15044);
#4093=VERTEX_POINT('',#15049);
#4094=VERTEX_POINT('',#15053);
#4095=VERTEX_POINT('',#15057);
#4096=VERTEX_POINT('',#15061);
#4097=VERTEX_POINT('',#15062);
#4098=VERTEX_POINT('',#15080);
#4099=VERTEX_POINT('',#15084);
#4100=VERTEX_POINT('',#15086);
#4101=VERTEX_POINT('',#15090);
#4102=VERTEX_POINT('',#15094);
#4103=VERTEX_POINT('',#15098);
#4104=VERTEX_POINT('',#15102);
#4105=VERTEX_POINT('',#15103);
#4106=VERTEX_POINT('',#15105);
#4107=VERTEX_POINT('',#15107);
#4108=VERTEX_POINT('',#15111);
#4109=VERTEX_POINT('',#15115);
#4110=VERTEX_POINT('',#15119);
#4111=VERTEX_POINT('',#15123);
#4112=VERTEX_POINT('',#15124);
#4113=VERTEX_POINT('',#15126);
#4114=VERTEX_POINT('',#15128);
#4115=VERTEX_POINT('',#15132);
#4116=VERTEX_POINT('',#15136);
#4117=VERTEX_POINT('',#15140);
#4118=VERTEX_POINT('',#15144);
#4119=VERTEX_POINT('',#15145);
#4120=VERTEX_POINT('',#15147);
#4121=VERTEX_POINT('',#15149);
#4122=VERTEX_POINT('',#15153);
#4123=VERTEX_POINT('',#15157);
#4124=VERTEX_POINT('',#15161);
#4125=VERTEX_POINT('',#15165);
#4126=VERTEX_POINT('',#15166);
#4127=VERTEX_POINT('',#15168);
#4128=VERTEX_POINT('',#15170);
#4129=VERTEX_POINT('',#15174);
#4130=VERTEX_POINT('',#15178);
#4131=VERTEX_POINT('',#15182);
#4132=VERTEX_POINT('',#15186);
#4133=VERTEX_POINT('',#15187);
#4134=VERTEX_POINT('',#15189);
#4135=VERTEX_POINT('',#15191);
#4136=VERTEX_POINT('',#15195);
#4137=VERTEX_POINT('',#15199);
#4138=VERTEX_POINT('',#15203);
#4139=VERTEX_POINT('',#15207);
#4140=VERTEX_POINT('',#15208);
#4141=VERTEX_POINT('',#15210);
#4142=VERTEX_POINT('',#15212);
#4143=VERTEX_POINT('',#15216);
#4144=VERTEX_POINT('',#15220);
#4145=VERTEX_POINT('',#15224);
#4146=VERTEX_POINT('',#15228);
#4147=VERTEX_POINT('',#15229);
#4148=VERTEX_POINT('',#15231);
#4149=VERTEX_POINT('',#15233);
#4150=VERTEX_POINT('',#15237);
#4151=VERTEX_POINT('',#15252);
#4152=VERTEX_POINT('',#15253);
#4153=VERTEX_POINT('',#15255);
#4154=VERTEX_POINT('',#15257);
#4155=VERTEX_POINT('',#15261);
#4156=VERTEX_POINT('',#15262);
#4157=VERTEX_POINT('',#15264);
#4158=VERTEX_POINT('',#15266);
#4159=VERTEX_POINT('',#15270);
#4160=VERTEX_POINT('',#15271);
#4161=VERTEX_POINT('',#15273);
#4162=VERTEX_POINT('',#15275);
#4163=VERTEX_POINT('',#15279);
#4164=VERTEX_POINT('',#15281);
#4165=VERTEX_POINT('',#15291);
#4166=VERTEX_POINT('',#15293);
#4167=VERTEX_POINT('',#15303);
#4168=VERTEX_POINT('',#15305);
#4169=VERTEX_POINT('',#15312);
#4170=VERTEX_POINT('',#15314);
#4171=VERTEX_POINT('',#15321);
#4172=VERTEX_POINT('',#15323);
#4173=VERTEX_POINT('',#15330);
#4174=VERTEX_POINT('',#15332);
#4175=VERTEX_POINT('',#15339);
#4176=VERTEX_POINT('',#15341);
#4177=VERTEX_POINT('',#15348);
#4178=VERTEX_POINT('',#15350);
#4179=VERTEX_POINT('',#15357);
#4180=VERTEX_POINT('',#15359);
#4181=VERTEX_POINT('',#15366);
#4182=VERTEX_POINT('',#15370);
#4183=VERTEX_POINT('',#15384);
#4184=VERTEX_POINT('',#15385);
#4185=VERTEX_POINT('',#15387);
#4186=VERTEX_POINT('',#15389);
#4187=VERTEX_POINT('',#15392);
#4188=VERTEX_POINT('',#15393);
#4189=VERTEX_POINT('',#15395);
#4190=VERTEX_POINT('',#15397);
#4191=VERTEX_POINT('',#15399);
#4192=VERTEX_POINT('',#15401);
#4193=VERTEX_POINT('',#15403);
#4194=VERTEX_POINT('',#15405);
#4195=VERTEX_POINT('',#15407);
#4196=VERTEX_POINT('',#15409);
#4197=VERTEX_POINT('',#15411);
#4198=VERTEX_POINT('',#15413);
#4199=VERTEX_POINT('',#15415);
#4200=VERTEX_POINT('',#15417);
#4201=VERTEX_POINT('',#15419);
#4202=VERTEX_POINT('',#15421);
#4203=VERTEX_POINT('',#15423);
#4204=VERTEX_POINT('',#15425);
#4205=VERTEX_POINT('',#15427);
#4206=VERTEX_POINT('',#15429);
#4207=VERTEX_POINT('',#15431);
#4208=VERTEX_POINT('',#15433);
#4209=VERTEX_POINT('',#15435);
#4210=VERTEX_POINT('',#15437);
#4211=VERTEX_POINT('',#15439);
#4212=VERTEX_POINT('',#15441);
#4213=VERTEX_POINT('',#15443);
#4214=VERTEX_POINT('',#15445);
#4215=VERTEX_POINT('',#15447);
#4216=VERTEX_POINT('',#15449);
#4217=VERTEX_POINT('',#15451);
#4218=VERTEX_POINT('',#15453);
#4219=VERTEX_POINT('',#15455);
#4220=VERTEX_POINT('',#15457);
#4221=VERTEX_POINT('',#15459);
#4222=VERTEX_POINT('',#15461);
#4223=VERTEX_POINT('',#15463);
#4224=VERTEX_POINT('',#15465);
#4225=VERTEX_POINT('',#15467);
#4226=VERTEX_POINT('',#15469);
#4227=VERTEX_POINT('',#15471);
#4228=VERTEX_POINT('',#15473);
#4229=VERTEX_POINT('',#15475);
#4230=VERTEX_POINT('',#15477);
#4231=VERTEX_POINT('',#15479);
#4232=VERTEX_POINT('',#15481);
#4233=VERTEX_POINT('',#15483);
#4234=VERTEX_POINT('',#15485);
#4235=VERTEX_POINT('',#15487);
#4236=VERTEX_POINT('',#15489);
#4237=VERTEX_POINT('',#15491);
#4238=VERTEX_POINT('',#15493);
#4239=VERTEX_POINT('',#15495);
#4240=VERTEX_POINT('',#15497);
#4241=VERTEX_POINT('',#15499);
#4242=VERTEX_POINT('',#15501);
#4243=VERTEX_POINT('',#15503);
#4244=VERTEX_POINT('',#15505);
#4245=VERTEX_POINT('',#15507);
#4246=VERTEX_POINT('',#15509);
#4247=VERTEX_POINT('',#15511);
#4248=VERTEX_POINT('',#15513);
#4249=VERTEX_POINT('',#15532);
#4250=VERTEX_POINT('',#15542);
#4251=VERTEX_POINT('',#15543);
#4252=VERTEX_POINT('',#15553);
#4253=VERTEX_POINT('',#15554);
#4254=VERTEX_POINT('',#15564);
#4255=VERTEX_POINT('',#15565);
#4256=VERTEX_POINT('',#15575);
#4257=VERTEX_POINT('',#15576);
#4258=VERTEX_POINT('',#15586);
#4259=VERTEX_POINT('',#15587);
#4260=VERTEX_POINT('',#15595);
#4261=VERTEX_POINT('',#15596);
#4262=VERTEX_POINT('',#15612);
#4263=VERTEX_POINT('',#15613);
#4264=VERTEX_POINT('',#15618);
#4265=VERTEX_POINT('',#15620);
#4266=VERTEX_POINT('',#15624);
#4267=VERTEX_POINT('',#15628);
#4268=VERTEX_POINT('',#15629);
#4269=VERTEX_POINT('',#15634);
#4270=VERTEX_POINT('',#15636);
#4271=VERTEX_POINT('',#15640);
#4272=VERTEX_POINT('',#15648);
#4273=VERTEX_POINT('',#15656);
#4274=VERTEX_POINT('',#15665);
#4275=VERTEX_POINT('',#15672);
#4276=VERTEX_POINT('',#15679);
#4277=VERTEX_POINT('',#15686);
#4278=VERTEX_POINT('',#15693);
#4279=VERTEX_POINT('',#15838);
#4280=VERTEX_POINT('',#15840);
#4281=VERTEX_POINT('',#15844);
#4282=VERTEX_POINT('',#15848);
#4283=VERTEX_POINT('',#15854);
#4284=VERTEX_POINT('',#15856);
#4285=VERTEX_POINT('',#15860);
#4286=VERTEX_POINT('',#15869);
#4287=EDGE_CURVE('',#3551,#3552,#1759,.T.);
#4288=EDGE_CURVE('',#3552,#3553,#1447,.T.);
#4289=EDGE_CURVE('',#3553,#3554,#1760,.T.);
#4290=EDGE_CURVE('',#3554,#3551,#1448,.T.);
#4291=EDGE_CURVE('',#3555,#3556,#263,.T.);
#4292=EDGE_CURVE('',#3556,#3557,#264,.T.);
#4293=EDGE_CURVE('',#3557,#3558,#265,.T.);
#4294=EDGE_CURVE('',#3558,#3555,#235,.T.);
#4295=EDGE_CURVE('',#3559,#3560,#1761,.T.);
#4296=EDGE_CURVE('',#3560,#3561,#1449,.T.);
#4297=EDGE_CURVE('',#3561,#3562,#1762,.T.);
#4298=EDGE_CURVE('',#3562,#3559,#1450,.T.);
#4299=EDGE_CURVE('',#3563,#3564,#1763,.T.);
#4300=EDGE_CURVE('',#3564,#3565,#1451,.T.);
#4301=EDGE_CURVE('',#3565,#3566,#1764,.T.);
#4302=EDGE_CURVE('',#3566,#3563,#1452,.T.);
#4303=EDGE_CURVE('',#3564,#3567,#1765,.T.);
#4304=EDGE_CURVE('',#3567,#3568,#1453,.T.);
#4305=EDGE_CURVE('',#3568,#3565,#1766,.T.);
#4306=EDGE_CURVE('',#3569,#3570,#1767,.T.);
#4307=EDGE_CURVE('',#3570,#3571,#1454,.T.);
#4308=EDGE_CURVE('',#3571,#3572,#1768,.T.);
#4309=EDGE_CURVE('',#3572,#3569,#1455,.T.);
#4310=EDGE_CURVE('',#3573,#3574,#1769,.T.);
#4311=EDGE_CURVE('',#3574,#3575,#1456,.T.);
#4312=EDGE_CURVE('',#3575,#3576,#1770,.T.);
#4313=EDGE_CURVE('',#3576,#3573,#1457,.T.);
#4314=EDGE_CURVE('',#3574,#3577,#1771,.T.);
#4315=EDGE_CURVE('',#3577,#3578,#1458,.T.);
#4316=EDGE_CURVE('',#3578,#3575,#1772,.T.);
#4317=EDGE_CURVE('',#3579,#3580,#1773,.T.);
#4318=EDGE_CURVE('',#3580,#3581,#1459,.T.);
#4319=EDGE_CURVE('',#3581,#3582,#1774,.T.);
#4320=EDGE_CURVE('',#3582,#3579,#1460,.T.);
#4321=EDGE_CURVE('',#3583,#3584,#1775,.T.);
#4322=EDGE_CURVE('',#3584,#3585,#1461,.T.);
#4323=EDGE_CURVE('',#3585,#3586,#1776,.T.);
#4324=EDGE_CURVE('',#3586,#3583,#1462,.T.);
#4325=EDGE_CURVE('',#3584,#3587,#1777,.T.);
#4326=EDGE_CURVE('',#3587,#3588,#1463,.T.);
#4327=EDGE_CURVE('',#3588,#3585,#1778,.T.);
#4328=EDGE_CURVE('',#3589,#3590,#1779,.T.);
#4329=EDGE_CURVE('',#3590,#3591,#1464,.T.);
#4330=EDGE_CURVE('',#3591,#3592,#1780,.T.);
#4331=EDGE_CURVE('',#3592,#3589,#1465,.T.);
#4332=EDGE_CURVE('',#3593,#3594,#1781,.T.);
#4333=EDGE_CURVE('',#3594,#3595,#1466,.T.);
#4334=EDGE_CURVE('',#3595,#3596,#1782,.T.);
#4335=EDGE_CURVE('',#3596,#3593,#1467,.T.);
#4336=EDGE_CURVE('',#3594,#3597,#1783,.T.);
#4337=EDGE_CURVE('',#3597,#3598,#1468,.T.);
#4338=EDGE_CURVE('',#3598,#3595,#1784,.T.);
#4339=EDGE_CURVE('',#3599,#3600,#1785,.T.);
#4340=EDGE_CURVE('',#3600,#3601,#1469,.T.);
#4341=EDGE_CURVE('',#3601,#3602,#1786,.T.);
#4342=EDGE_CURVE('',#3602,#3599,#1470,.T.);
#4343=EDGE_CURVE('',#3603,#3604,#1787,.T.);
#4344=EDGE_CURVE('',#3604,#3605,#1471,.T.);
#4345=EDGE_CURVE('',#3605,#3606,#1788,.T.);
#4346=EDGE_CURVE('',#3606,#3603,#1472,.T.);
#4347=EDGE_CURVE('',#3604,#3607,#1789,.T.);
#4348=EDGE_CURVE('',#3607,#3608,#1473,.T.);
#4349=EDGE_CURVE('',#3608,#3605,#1790,.T.);
#4350=EDGE_CURVE('',#3609,#3610,#1791,.T.);
#4351=EDGE_CURVE('',#3610,#3611,#1474,.T.);
#4352=EDGE_CURVE('',#3611,#3612,#1792,.T.);
#4353=EDGE_CURVE('',#3612,#3609,#1475,.T.);
#4354=EDGE_CURVE('',#3610,#3613,#1793,.T.);
#4355=EDGE_CURVE('',#3613,#3614,#1476,.T.);
#4356=EDGE_CURVE('',#3614,#3611,#1794,.T.);
#4357=EDGE_CURVE('',#3615,#3616,#1795,.T.);
#4358=EDGE_CURVE('',#3616,#3617,#1477,.T.);
#4359=EDGE_CURVE('',#3617,#3618,#1796,.T.);
#4360=EDGE_CURVE('',#3618,#3615,#1478,.T.);
#4361=EDGE_CURVE('',#3613,#3617,#1797,.T.);
#4362=EDGE_CURVE('',#3616,#3614,#1798,.T.);
#4363=EDGE_CURVE('',#3619,#3620,#266,.T.);
#4364=EDGE_CURVE('',#3620,#3621,#267,.T.);
#4365=EDGE_CURVE('',#3621,#3622,#268,.T.);
#4366=EDGE_CURVE('',#3622,#3619,#236,.T.);
#4367=EDGE_CURVE('',#3618,#3621,#1799,.T.);
#4368=EDGE_CURVE('',#3620,#3615,#1800,.T.);
#4369=EDGE_CURVE('',#3623,#3619,#1801,.T.);
#4370=EDGE_CURVE('',#3622,#3624,#1802,.T.);
#4371=EDGE_CURVE('',#3624,#3623,#1479,.T.);
#4372=EDGE_CURVE('',#3607,#3609,#1803,.T.);
#4373=EDGE_CURVE('',#3612,#3608,#1804,.T.);
#4374=EDGE_CURVE('',#3625,#3623,#1805,.T.);
#4375=EDGE_CURVE('',#3624,#3626,#1806,.T.);
#4376=EDGE_CURVE('',#3626,#3625,#1480,.T.);
#4377=EDGE_CURVE('',#3627,#3625,#1807,.T.);
#4378=EDGE_CURVE('',#3626,#3628,#1808,.T.);
#4379=EDGE_CURVE('',#3628,#3627,#1481,.T.);
#4380=EDGE_CURVE('',#3600,#3627,#1809,.T.);
#4381=EDGE_CURVE('',#3628,#3601,#1810,.T.);
#4382=EDGE_CURVE('',#3597,#3603,#1811,.T.);
#4383=EDGE_CURVE('',#3606,#3598,#1812,.T.);
#4384=EDGE_CURVE('',#3629,#3599,#1813,.T.);
#4385=EDGE_CURVE('',#3602,#3630,#1814,.T.);
#4386=EDGE_CURVE('',#3630,#3629,#1482,.T.);
#4387=EDGE_CURVE('',#3590,#3629,#1815,.T.);
#4388=EDGE_CURVE('',#3630,#3591,#1816,.T.);
#4389=EDGE_CURVE('',#3587,#3593,#1817,.T.);
#4390=EDGE_CURVE('',#3596,#3588,#1818,.T.);
#4391=EDGE_CURVE('',#3631,#3589,#1819,.T.);
#4392=EDGE_CURVE('',#3592,#3632,#1820,.T.);
#4393=EDGE_CURVE('',#3632,#3631,#1483,.T.);
#4394=EDGE_CURVE('',#3580,#3631,#1821,.T.);
#4395=EDGE_CURVE('',#3632,#3581,#1822,.T.);
#4396=EDGE_CURVE('',#3577,#3583,#1823,.T.);
#4397=EDGE_CURVE('',#3586,#3578,#1824,.T.);
#4398=EDGE_CURVE('',#3633,#3579,#1825,.T.);
#4399=EDGE_CURVE('',#3582,#3634,#1826,.T.);
#4400=EDGE_CURVE('',#3634,#3633,#1484,.T.);
#4401=EDGE_CURVE('',#3570,#3633,#1827,.T.);
#4402=EDGE_CURVE('',#3634,#3571,#1828,.T.);
#4403=EDGE_CURVE('',#3567,#3573,#1829,.T.);
#4404=EDGE_CURVE('',#3576,#3568,#1830,.T.);
#4405=EDGE_CURVE('',#3635,#3569,#1831,.T.);
#4406=EDGE_CURVE('',#3572,#3636,#1832,.T.);
#4407=EDGE_CURVE('',#3636,#3635,#1485,.T.);
#4408=EDGE_CURVE('',#3560,#3635,#1833,.T.);
#4409=EDGE_CURVE('',#3636,#3561,#1834,.T.);
#4410=EDGE_CURVE('',#3558,#3563,#1835,.T.);
#4411=EDGE_CURVE('',#3566,#3555,#1836,.T.);
#4412=EDGE_CURVE('',#3552,#3557,#1837,.T.);
#4413=EDGE_CURVE('',#3556,#3553,#1838,.T.);
#4414=EDGE_CURVE('',#3637,#3559,#1839,.T.);
#4415=EDGE_CURVE('',#3562,#3638,#1840,.T.);
#4416=EDGE_CURVE('',#3638,#3637,#1486,.T.);
#4417=EDGE_CURVE('',#3554,#3637,#1841,.T.);
#4418=EDGE_CURVE('',#3638,#3551,#1842,.T.);
#4419=EDGE_CURVE('',#3566,#3639,#1843,.T.);
#4420=EDGE_CURVE('',#3640,#3639,#1844,.T.);
#4421=EDGE_CURVE('',#3640,#3555,#1845,.T.);
#4422=EDGE_CURVE('',#3641,#3565,#1846,.T.);
#4423=EDGE_CURVE('',#3639,#3641,#1847,.T.);
#4424=EDGE_CURVE('',#3568,#3642,#1848,.T.);
#4425=EDGE_CURVE('',#3641,#3642,#1849,.T.);
#4426=EDGE_CURVE('',#3576,#3643,#1850,.T.);
#4427=EDGE_CURVE('',#3642,#3643,#1851,.T.);
#4428=EDGE_CURVE('',#3644,#3575,#1852,.T.);
#4429=EDGE_CURVE('',#3643,#3644,#1853,.T.);
#4430=EDGE_CURVE('',#3578,#3645,#1854,.T.);
#4431=EDGE_CURVE('',#3644,#3645,#1855,.T.);
#4432=EDGE_CURVE('',#3586,#3646,#1856,.T.);
#4433=EDGE_CURVE('',#3645,#3646,#1857,.T.);
#4434=EDGE_CURVE('',#3647,#3585,#1858,.T.);
#4435=EDGE_CURVE('',#3646,#3647,#1859,.T.);
#4436=EDGE_CURVE('',#3588,#3648,#1860,.T.);
#4437=EDGE_CURVE('',#3647,#3648,#1861,.T.);
#4438=EDGE_CURVE('',#3596,#3649,#1862,.T.);
#4439=EDGE_CURVE('',#3648,#3649,#1863,.T.);
#4440=EDGE_CURVE('',#3650,#3595,#1864,.T.);
#4441=EDGE_CURVE('',#3649,#3650,#1865,.T.);
#4442=EDGE_CURVE('',#3598,#3651,#1866,.T.);
#4443=EDGE_CURVE('',#3650,#3651,#1867,.T.);
#4444=EDGE_CURVE('',#3606,#3652,#1868,.T.);
#4445=EDGE_CURVE('',#3651,#3652,#1869,.T.);
#4446=EDGE_CURVE('',#3653,#3605,#1870,.T.);
#4447=EDGE_CURVE('',#3652,#3653,#1871,.T.);
#4448=EDGE_CURVE('',#3608,#3654,#1872,.T.);
#4449=EDGE_CURVE('',#3653,#3654,#1873,.T.);
#4450=EDGE_CURVE('',#3612,#3655,#1874,.T.);
#4451=EDGE_CURVE('',#3654,#3655,#1875,.T.);
#4452=EDGE_CURVE('',#3656,#3611,#1876,.T.);
#4453=EDGE_CURVE('',#3655,#3656,#1877,.T.);
#4454=EDGE_CURVE('',#3614,#3657,#1878,.T.);
#4455=EDGE_CURVE('',#3656,#3657,#1879,.T.);
#4456=EDGE_CURVE('',#3616,#3658,#1880,.T.);
#4457=EDGE_CURVE('',#3657,#3658,#1881,.T.);
#4458=EDGE_CURVE('',#3659,#3615,#1882,.T.);
#4459=EDGE_CURVE('',#3658,#3659,#1883,.T.);
#4460=EDGE_CURVE('',#3660,#3620,#1884,.T.);
#4461=EDGE_CURVE('',#3659,#3660,#1885,.T.);
#4462=EDGE_CURVE('',#3661,#3619,#1886,.T.);
#4463=EDGE_CURVE('',#3660,#3661,#269,.T.);
#4464=EDGE_CURVE('',#3662,#3663,#237,.T.);
#4465=EDGE_CURVE('',#3664,#3662,#1887,.T.);
#4466=EDGE_CURVE('',#3665,#3664,#238,.T.);
#4467=EDGE_CURVE('',#3666,#3665,#1888,.T.);
#4468=EDGE_CURVE('',#3667,#3666,#270,.T.);
#4469=EDGE_CURVE('',#3663,#3667,#1889,.T.);
#4470=EDGE_CURVE('',#3668,#3669,#1890,.T.);
#4471=EDGE_CURVE('',#3670,#3668,#271,.T.);
#4472=EDGE_CURVE('',#3671,#3670,#1891,.T.);
#4473=EDGE_CURVE('',#3672,#3671,#239,.T.);
#4474=EDGE_CURVE('',#3673,#3672,#1892,.T.);
#4475=EDGE_CURVE('',#3669,#3673,#240,.T.);
#4476=EDGE_CURVE('',#3674,#3675,#1893,.T.);
#4477=EDGE_CURVE('',#3675,#3676,#1487,.T.);
#4478=EDGE_CURVE('',#3676,#3677,#1894,.T.);
#4479=EDGE_CURVE('',#3677,#3674,#1488,.T.);
#4480=EDGE_CURVE('',#3677,#3678,#1895,.T.);
#4481=EDGE_CURVE('',#3678,#3679,#1489,.T.);
#4482=EDGE_CURVE('',#3679,#3674,#1896,.T.);
#4483=EDGE_CURVE('',#3680,#3681,#1897,.T.);
#4484=EDGE_CURVE('',#3681,#3682,#1490,.T.);
#4485=EDGE_CURVE('',#3682,#3683,#1898,.T.);
#4486=EDGE_CURVE('',#3683,#3680,#1491,.T.);
#4487=EDGE_CURVE('',#3684,#3685,#1899,.T.);
#4488=EDGE_CURVE('',#3685,#3686,#1492,.T.);
#4489=EDGE_CURVE('',#3686,#3687,#1900,.T.);
#4490=EDGE_CURVE('',#3687,#3684,#1493,.T.);
#4491=EDGE_CURVE('',#3685,#3688,#1901,.T.);
#4492=EDGE_CURVE('',#3688,#3689,#1494,.T.);
#4493=EDGE_CURVE('',#3689,#3686,#1902,.T.);
#4494=EDGE_CURVE('',#3690,#3691,#272,.T.);
#4495=EDGE_CURVE('',#3691,#3692,#273,.T.);
#4496=EDGE_CURVE('',#3692,#3640,#274,.T.);
#4497=EDGE_CURVE('',#3640,#3690,#241,.T.);
#4498=EDGE_CURVE('',#3693,#3694,#1903,.T.);
#4499=EDGE_CURVE('',#3694,#3695,#1495,.T.);
#4500=EDGE_CURVE('',#3695,#3696,#1904,.T.);
#4501=EDGE_CURVE('',#3696,#3693,#1496,.T.);
#4502=EDGE_CURVE('',#3694,#3697,#1905,.T.);
#4503=EDGE_CURVE('',#3697,#3698,#1497,.T.);
#4504=EDGE_CURVE('',#3698,#3695,#1906,.T.);
#4505=EDGE_CURVE('',#3642,#3699,#1498,.T.);
#4506=EDGE_CURVE('',#3699,#3700,#1907,.T.);
#4507=EDGE_CURVE('',#3700,#3641,#1499,.T.);
#4508=EDGE_CURVE('',#3701,#3702,#1908,.T.);
#4509=EDGE_CURVE('',#3702,#3703,#1500,.T.);
#4510=EDGE_CURVE('',#3703,#3704,#1909,.T.);
#4511=EDGE_CURVE('',#3704,#3701,#1501,.T.);
#4512=EDGE_CURVE('',#3702,#3705,#1910,.T.);
#4513=EDGE_CURVE('',#3705,#3706,#1502,.T.);
#4514=EDGE_CURVE('',#3706,#3703,#1911,.T.);
#4515=EDGE_CURVE('',#3645,#3707,#1503,.T.);
#4516=EDGE_CURVE('',#3707,#3708,#1912,.T.);
#4517=EDGE_CURVE('',#3708,#3644,#1504,.T.);
#4518=EDGE_CURVE('',#3709,#3710,#1913,.T.);
#4519=EDGE_CURVE('',#3710,#3711,#1505,.T.);
#4520=EDGE_CURVE('',#3711,#3712,#1914,.T.);
#4521=EDGE_CURVE('',#3712,#3709,#1506,.T.);
#4522=EDGE_CURVE('',#3710,#3713,#1915,.T.);
#4523=EDGE_CURVE('',#3713,#3714,#1507,.T.);
#4524=EDGE_CURVE('',#3714,#3711,#1916,.T.);
#4525=EDGE_CURVE('',#3713,#3715,#1917,.T.);
#4526=EDGE_CURVE('',#3715,#3661,#242,.T.);
#4527=EDGE_CURVE('',#3661,#3714,#1918,.T.);
#4528=EDGE_CURVE('',#3648,#3716,#1508,.T.);
#4529=EDGE_CURVE('',#3716,#3717,#1919,.T.);
#4530=EDGE_CURVE('',#3717,#3647,#1509,.T.);
#4531=EDGE_CURVE('',#3715,#3718,#275,.T.);
#4532=EDGE_CURVE('',#3718,#3660,#276,.T.);
#4533=EDGE_CURVE('',#3718,#3719,#1920,.T.);
#4534=EDGE_CURVE('',#3719,#3659,#1510,.T.);
#4535=EDGE_CURVE('',#3719,#3720,#1921,.T.);
#4536=EDGE_CURVE('',#3720,#3658,#1511,.T.);
#4537=EDGE_CURVE('',#3651,#3721,#1512,.T.);
#4538=EDGE_CURVE('',#3721,#3722,#1922,.T.);
#4539=EDGE_CURVE('',#3722,#3650,#1513,.T.);
#4540=EDGE_CURVE('',#3723,#3724,#1923,.T.);
#4541=EDGE_CURVE('',#3724,#3656,#1514,.T.);
#4542=EDGE_CURVE('',#3657,#3723,#1515,.T.);
#4543=EDGE_CURVE('',#3724,#3725,#1924,.T.);
#4544=EDGE_CURVE('',#3725,#3655,#1516,.T.);
#4545=EDGE_CURVE('',#3654,#3726,#1517,.T.);
#4546=EDGE_CURVE('',#3726,#3727,#1925,.T.);
#4547=EDGE_CURVE('',#3727,#3653,#1518,.T.);
#4548=EDGE_CURVE('',#3725,#3726,#1926,.T.);
#4549=EDGE_CURVE('',#3727,#3728,#1927,.T.);
#4550=EDGE_CURVE('',#3728,#3652,#1519,.T.);
#4551=EDGE_CURVE('',#3728,#3721,#1928,.T.);
#4552=EDGE_CURVE('',#3720,#3723,#1929,.T.);
#4553=EDGE_CURVE('',#3722,#3729,#1930,.T.);
#4554=EDGE_CURVE('',#3729,#3649,#1520,.T.);
#4555=EDGE_CURVE('',#3729,#3716,#1931,.T.);
#4556=EDGE_CURVE('',#3717,#3730,#1932,.T.);
#4557=EDGE_CURVE('',#3730,#3646,#1521,.T.);
#4558=EDGE_CURVE('',#3730,#3707,#1933,.T.);
#4559=EDGE_CURVE('',#3705,#3709,#1934,.T.);
#4560=EDGE_CURVE('',#3712,#3706,#1935,.T.);
#4561=EDGE_CURVE('',#3708,#3731,#1936,.T.);
#4562=EDGE_CURVE('',#3731,#3643,#1522,.T.);
#4563=EDGE_CURVE('',#3731,#3699,#1937,.T.);
#4564=EDGE_CURVE('',#3697,#3701,#1938,.T.);
#4565=EDGE_CURVE('',#3704,#3698,#1939,.T.);
#4566=EDGE_CURVE('',#3700,#3732,#1940,.T.);
#4567=EDGE_CURVE('',#3732,#3639,#1523,.T.);
#4568=EDGE_CURVE('',#3732,#3690,#1941,.T.);
#4569=EDGE_CURVE('',#3733,#3692,#1942,.T.);
#4570=EDGE_CURVE('',#3691,#3734,#1943,.T.);
#4571=EDGE_CURVE('',#3734,#3733,#1524,.T.);
#4572=EDGE_CURVE('',#3688,#3693,#1944,.T.);
#4573=EDGE_CURVE('',#3696,#3689,#1945,.T.);
#4574=EDGE_CURVE('',#3735,#3733,#1946,.T.);
#4575=EDGE_CURVE('',#3734,#3736,#1947,.T.);
#4576=EDGE_CURVE('',#3736,#3735,#1525,.T.);
#4577=EDGE_CURVE('',#3681,#3735,#1948,.T.);
#4578=EDGE_CURVE('',#3736,#3682,#1949,.T.);
#4579=EDGE_CURVE('',#3678,#3684,#1950,.T.);
#4580=EDGE_CURVE('',#3687,#3679,#1951,.T.);
#4581=EDGE_CURVE('',#3737,#3680,#1952,.T.);
#4582=EDGE_CURVE('',#3683,#3738,#1953,.T.);
#4583=EDGE_CURVE('',#3738,#3737,#1526,.T.);
#4584=EDGE_CURVE('',#3675,#3737,#1954,.T.);
#4585=EDGE_CURVE('',#3738,#3676,#1955,.T.);
#4586=EDGE_CURVE('',#3674,#3569,#1956,.T.);
#4587=EDGE_CURVE('',#3570,#3679,#1957,.T.);
#4588=EDGE_CURVE('',#3633,#3687,#1958,.T.);
#4589=EDGE_CURVE('',#3686,#3579,#1959,.T.);
#4590=EDGE_CURVE('',#3580,#3689,#1960,.T.);
#4591=EDGE_CURVE('',#3631,#3696,#1961,.T.);
#4592=EDGE_CURVE('',#3695,#3589,#1962,.T.);
#4593=EDGE_CURVE('',#3590,#3698,#1963,.T.);
#4594=EDGE_CURVE('',#3629,#3704,#1964,.T.);
#4595=EDGE_CURVE('',#3703,#3599,#1965,.T.);
#4596=EDGE_CURVE('',#3600,#3706,#1966,.T.);
#4597=EDGE_CURVE('',#3627,#3712,#1967,.T.);
#4598=EDGE_CURVE('',#3711,#3625,#1968,.T.);
#4599=EDGE_CURVE('',#3623,#3714,#1969,.T.);
#4600=EDGE_CURVE('',#3739,#3740,#243,.T.);
#4601=EDGE_CURVE('',#3741,#3739,#1970,.T.);
#4602=EDGE_CURVE('',#3742,#3741,#277,.T.);
#4603=EDGE_CURVE('',#3743,#3742,#1971,.T.);
#4604=EDGE_CURVE('',#3744,#3743,#244,.T.);
#4605=EDGE_CURVE('',#3740,#3744,#1972,.T.);
#4606=EDGE_CURVE('',#3745,#3746,#1973,.T.);
#4607=EDGE_CURVE('',#3747,#3745,#245,.T.);
#4608=EDGE_CURVE('',#3748,#3747,#1974,.T.);
#4609=EDGE_CURVE('',#3749,#3748,#246,.T.);
#4610=EDGE_CURVE('',#3750,#3749,#1975,.T.);
#4611=EDGE_CURVE('',#3746,#3750,#278,.T.);
#4612=EDGE_CURVE('',#3680,#3559,#1976,.T.);
#4613=EDGE_CURVE('',#3560,#3737,#1977,.T.);
#4614=EDGE_CURVE('',#3635,#3675,#1978,.T.);
#4615=EDGE_CURVE('',#3637,#3681,#1979,.T.);
#4616=EDGE_CURVE('',#3733,#3553,#1980,.T.);
#4617=EDGE_CURVE('',#3554,#3735,#1981,.T.);
#4618=EDGE_CURVE('',#3692,#3556,#1982,.T.);
#4619=EDGE_CURVE('',#3751,#3668,#1983,.T.);
#4620=EDGE_CURVE('',#3669,#3752,#1984,.T.);
#4621=EDGE_CURVE('',#3752,#3751,#1985,.T.);
#4622=EDGE_CURVE('',#3753,#3670,#1986,.T.);
#4623=EDGE_CURVE('',#3751,#3753,#279,.T.);
#4624=EDGE_CURVE('',#3754,#3671,#1987,.T.);
#4625=EDGE_CURVE('',#3753,#3754,#1988,.T.);
#4626=EDGE_CURVE('',#3755,#3672,#1989,.T.);
#4627=EDGE_CURVE('',#3754,#3755,#247,.T.);
#4628=EDGE_CURVE('',#3756,#3673,#1990,.T.);
#4629=EDGE_CURVE('',#3755,#3756,#1991,.T.);
#4630=EDGE_CURVE('',#3756,#3752,#248,.T.);
#4631=EDGE_CURVE('',#3753,#3757,#1992,.T.);
#4632=EDGE_CURVE('',#3758,#3757,#1993,.T.);
#4633=EDGE_CURVE('',#3754,#3758,#1994,.T.);
#4634=EDGE_CURVE('',#3751,#3759,#1995,.T.);
#4635=EDGE_CURVE('',#3757,#3759,#280,.T.);
#4636=EDGE_CURVE('',#3752,#3760,#1996,.T.);
#4637=EDGE_CURVE('',#3759,#3760,#1997,.T.);
#4638=EDGE_CURVE('',#3760,#3745,#1998,.T.);
#4639=EDGE_CURVE('',#3746,#3759,#1999,.T.);
#4640=EDGE_CURVE('',#3761,#3747,#2000,.T.);
#4641=EDGE_CURVE('',#3760,#3761,#249,.T.);
#4642=EDGE_CURVE('',#3762,#3748,#2001,.T.);
#4643=EDGE_CURVE('',#3761,#3762,#2002,.T.);
#4644=EDGE_CURVE('',#3758,#3749,#2003,.T.);
#4645=EDGE_CURVE('',#3762,#3758,#250,.T.);
#4646=EDGE_CURVE('',#3757,#3750,#2004,.T.);
#4647=EDGE_CURVE('',#3755,#3762,#2005,.T.);
#4648=EDGE_CURVE('',#3756,#3761,#2006,.T.);
#4649=EDGE_CURVE('',#3739,#3763,#2007,.T.);
#4650=EDGE_CURVE('',#3763,#3764,#2008,.T.);
#4651=EDGE_CURVE('',#3764,#3741,#2009,.T.);
#4652=EDGE_CURVE('',#3740,#3765,#2010,.T.);
#4653=EDGE_CURVE('',#3765,#3763,#251,.T.);
#4654=EDGE_CURVE('',#3744,#3766,#2011,.T.);
#4655=EDGE_CURVE('',#3766,#3765,#2012,.T.);
#4656=EDGE_CURVE('',#3743,#3767,#2013,.T.);
#4657=EDGE_CURVE('',#3767,#3766,#252,.T.);
#4658=EDGE_CURVE('',#3742,#3768,#2014,.T.);
#4659=EDGE_CURVE('',#3768,#3767,#2015,.T.);
#4660=EDGE_CURVE('',#3764,#3768,#281,.T.);
#4661=EDGE_CURVE('',#3768,#3769,#2016,.T.);
#4662=EDGE_CURVE('',#3770,#3769,#2017,.T.);
#4663=EDGE_CURVE('',#3767,#3770,#2018,.T.);
#4664=EDGE_CURVE('',#3764,#3771,#2019,.T.);
#4665=EDGE_CURVE('',#3769,#3771,#282,.T.);
#4666=EDGE_CURVE('',#3763,#3772,#2020,.T.);
#4667=EDGE_CURVE('',#3771,#3772,#2021,.T.);
#4668=EDGE_CURVE('',#3772,#3663,#2022,.T.);
#4669=EDGE_CURVE('',#3667,#3771,#2023,.T.);
#4670=EDGE_CURVE('',#3773,#3662,#2024,.T.);
#4671=EDGE_CURVE('',#3772,#3773,#253,.T.);
#4672=EDGE_CURVE('',#3774,#3664,#2025,.T.);
#4673=EDGE_CURVE('',#3773,#3774,#2026,.T.);
#4674=EDGE_CURVE('',#3770,#3665,#2027,.T.);
#4675=EDGE_CURVE('',#3774,#3770,#254,.T.);
#4676=EDGE_CURVE('',#3769,#3666,#2028,.T.);
#4677=EDGE_CURVE('',#3766,#3774,#2029,.T.);
#4678=EDGE_CURVE('',#3765,#3773,#2030,.T.);
#4679=EDGE_CURVE('',#3775,#3776,#2031,.T.);
#4680=EDGE_CURVE('',#3776,#3777,#1527,.T.);
#4681=EDGE_CURVE('',#3777,#3778,#2032,.T.);
#4682=EDGE_CURVE('',#3775,#3778,#1528,.T.);
#4683=EDGE_CURVE('',#3776,#3779,#2033,.T.);
#4684=EDGE_CURVE('',#3779,#3780,#1529,.T.);
#4685=EDGE_CURVE('',#3780,#3777,#2034,.T.);
#4686=EDGE_CURVE('',#3779,#3781,#2035,.T.);
#4687=EDGE_CURVE('',#3781,#3782,#1530,.T.);
#4688=EDGE_CURVE('',#3782,#3780,#2036,.T.);
#4689=EDGE_CURVE('',#3781,#3783,#2037,.T.);
#4690=EDGE_CURVE('',#3783,#3784,#1531,.T.);
#4691=EDGE_CURVE('',#3784,#3782,#2038,.T.);
#4692=EDGE_CURVE('',#3785,#3786,#2039,.T.);
#4693=EDGE_CURVE('',#3786,#3787,#283,.T.);
#4694=EDGE_CURVE('',#3787,#3788,#2040,.T.);
#4695=EDGE_CURVE('',#3788,#3785,#1532,.T.);
#4696=EDGE_CURVE('',#3788,#3789,#2041,.T.);
#4697=EDGE_CURVE('',#3789,#3790,#1533,.T.);
#4698=EDGE_CURVE('',#3790,#3785,#2042,.T.);
#4699=EDGE_CURVE('',#3789,#3791,#2043,.T.);
#4700=EDGE_CURVE('',#3791,#3792,#1534,.T.);
#4701=EDGE_CURVE('',#3792,#3790,#2044,.T.);
#4702=EDGE_CURVE('',#3791,#3793,#2045,.T.);
#4703=EDGE_CURVE('',#3793,#3794,#1535,.T.);
#4704=EDGE_CURVE('',#3794,#3792,#2046,.T.);
#4705=EDGE_CURVE('',#3793,#3795,#2047,.T.);
#4706=EDGE_CURVE('',#3795,#3796,#1536,.T.);
#4707=EDGE_CURVE('',#3796,#3794,#2048,.T.);
#4708=EDGE_CURVE('',#3795,#3797,#2049,.T.);
#4709=EDGE_CURVE('',#3797,#3798,#1537,.T.);
#4710=EDGE_CURVE('',#3798,#3796,#2050,.T.);
#4711=EDGE_CURVE('',#3797,#3799,#2051,.T.);
#4712=EDGE_CURVE('',#3799,#3800,#1538,.T.);
#4713=EDGE_CURVE('',#3800,#3798,#2052,.T.);
#4714=EDGE_CURVE('',#3799,#3801,#2053,.T.);
#4715=EDGE_CURVE('',#3801,#3802,#1539,.T.);
#4716=EDGE_CURVE('',#3802,#3800,#2054,.T.);
#4717=EDGE_CURVE('',#3801,#3803,#2055,.T.);
#4718=EDGE_CURVE('',#3803,#3804,#1540,.T.);
#4719=EDGE_CURVE('',#3804,#3802,#2056,.T.);
#4720=EDGE_CURVE('',#3803,#3805,#2057,.T.);
#4721=EDGE_CURVE('',#3805,#3806,#1541,.T.);
#4722=EDGE_CURVE('',#3806,#3804,#2058,.T.);
#4723=EDGE_CURVE('',#3805,#3807,#2059,.T.);
#4724=EDGE_CURVE('',#3807,#3808,#1542,.T.);
#4725=EDGE_CURVE('',#3808,#3806,#2060,.T.);
#4726=EDGE_CURVE('',#3807,#3809,#2061,.T.);
#4727=EDGE_CURVE('',#3809,#3810,#1543,.T.);
#4728=EDGE_CURVE('',#3810,#3808,#2062,.T.);
#4729=EDGE_CURVE('',#3809,#3811,#2063,.T.);
#4730=EDGE_CURVE('',#3811,#3812,#1544,.T.);
#4731=EDGE_CURVE('',#3812,#3810,#2064,.T.);
#4732=EDGE_CURVE('',#3811,#3813,#2065,.T.);
#4733=EDGE_CURVE('',#3813,#3814,#1545,.T.);
#4734=EDGE_CURVE('',#3814,#3812,#2066,.T.);
#4735=EDGE_CURVE('',#3813,#3815,#2067,.T.);
#4736=EDGE_CURVE('',#3815,#3816,#1546,.T.);
#4737=EDGE_CURVE('',#3816,#3814,#2068,.T.);
#4738=EDGE_CURVE('',#3815,#3817,#2069,.T.);
#4739=EDGE_CURVE('',#3817,#3818,#1547,.T.);
#4740=EDGE_CURVE('',#3818,#3816,#2070,.T.);
#4741=EDGE_CURVE('',#3817,#3819,#2071,.T.);
#4742=EDGE_CURVE('',#3819,#3820,#1548,.T.);
#4743=EDGE_CURVE('',#3820,#3818,#2072,.T.);
#4744=EDGE_CURVE('',#3819,#3821,#2073,.T.);
#4745=EDGE_CURVE('',#3821,#3822,#1549,.T.);
#4746=EDGE_CURVE('',#3822,#3820,#2074,.T.);
#4747=EDGE_CURVE('',#3821,#3823,#2075,.T.);
#4748=EDGE_CURVE('',#3823,#3824,#1550,.T.);
#4749=EDGE_CURVE('',#3824,#3822,#2076,.T.);
#4750=EDGE_CURVE('',#3823,#3825,#2077,.T.);
#4751=EDGE_CURVE('',#3825,#3826,#1551,.T.);
#4752=EDGE_CURVE('',#3826,#3824,#2078,.T.);
#4753=EDGE_CURVE('',#3825,#3827,#2079,.T.);
#4754=EDGE_CURVE('',#3827,#3828,#1552,.T.);
#4755=EDGE_CURVE('',#3828,#3826,#2080,.T.);
#4756=EDGE_CURVE('',#3827,#3829,#2081,.T.);
#4757=EDGE_CURVE('',#3829,#3830,#1553,.T.);
#4758=EDGE_CURVE('',#3830,#3828,#2082,.T.);
#4759=EDGE_CURVE('',#3829,#3831,#2083,.T.);
#4760=EDGE_CURVE('',#3831,#3832,#1554,.T.);
#4761=EDGE_CURVE('',#3832,#3830,#2084,.T.);
#4762=EDGE_CURVE('',#3831,#3833,#2085,.T.);
#4763=EDGE_CURVE('',#3833,#3834,#1555,.T.);
#4764=EDGE_CURVE('',#3834,#3832,#2086,.T.);
#4765=EDGE_CURVE('',#3833,#3835,#2087,.T.);
#4766=EDGE_CURVE('',#3835,#3836,#1556,.T.);
#4767=EDGE_CURVE('',#3836,#3834,#2088,.T.);
#4768=EDGE_CURVE('',#3835,#3837,#2089,.T.);
#4769=EDGE_CURVE('',#3837,#3838,#1557,.T.);
#4770=EDGE_CURVE('',#3838,#3836,#2090,.T.);
#4771=EDGE_CURVE('',#3839,#3838,#2091,.T.);
#4772=EDGE_CURVE('',#3837,#3840,#2092,.T.);
#4773=EDGE_CURVE('',#3840,#3839,#1558,.T.);
#4774=EDGE_CURVE('',#3841,#3839,#2093,.T.);
#4775=EDGE_CURVE('',#3840,#3842,#2094,.T.);
#4776=EDGE_CURVE('',#3842,#3841,#1559,.T.);
#4777=EDGE_CURVE('',#3843,#3841,#2095,.T.);
#4778=EDGE_CURVE('',#3842,#3844,#2096,.T.);
#4779=EDGE_CURVE('',#3844,#3843,#1560,.T.);
#4780=EDGE_CURVE('',#3845,#3843,#2097,.T.);
#4781=EDGE_CURVE('',#3844,#3846,#2098,.T.);
#4782=EDGE_CURVE('',#3846,#3845,#255,.T.);
#4783=EDGE_CURVE('',#3847,#3848,#2099,.T.);
#4784=EDGE_CURVE('',#3848,#3849,#284,.T.);
#4785=EDGE_CURVE('',#3849,#3850,#2100,.T.);
#4786=EDGE_CURVE('',#3850,#3847,#1561,.T.);
#4787=EDGE_CURVE('',#3846,#3849,#285,.T.);
#4788=EDGE_CURVE('',#3848,#3845,#286,.T.);
#4789=EDGE_CURVE('',#3851,#3847,#2101,.T.);
#4790=EDGE_CURVE('',#3850,#3852,#2102,.T.);
#4791=EDGE_CURVE('',#3852,#3851,#1562,.T.);
#4792=EDGE_CURVE('',#3853,#3851,#2103,.T.);
#4793=EDGE_CURVE('',#3852,#3854,#2104,.T.);
#4794=EDGE_CURVE('',#3854,#3853,#1563,.T.);
#4795=EDGE_CURVE('',#3855,#3853,#2105,.T.);
#4796=EDGE_CURVE('',#3854,#3856,#2106,.T.);
#4797=EDGE_CURVE('',#3856,#3855,#1564,.T.);
#4798=EDGE_CURVE('',#3857,#3855,#2107,.T.);
#4799=EDGE_CURVE('',#3856,#3858,#2108,.T.);
#4800=EDGE_CURVE('',#3858,#3857,#1565,.T.);
#4801=EDGE_CURVE('',#3859,#3857,#2109,.T.);
#4802=EDGE_CURVE('',#3858,#3860,#2110,.T.);
#4803=EDGE_CURVE('',#3860,#3859,#1566,.T.);
#4804=EDGE_CURVE('',#3861,#3859,#2111,.T.);
#4805=EDGE_CURVE('',#3860,#3862,#2112,.T.);
#4806=EDGE_CURVE('',#3862,#3861,#1567,.T.);
#4807=EDGE_CURVE('',#3863,#3861,#2113,.T.);
#4808=EDGE_CURVE('',#3862,#3864,#2114,.T.);
#4809=EDGE_CURVE('',#3864,#3863,#1568,.T.);
#4810=EDGE_CURVE('',#3865,#3863,#2115,.T.);
#4811=EDGE_CURVE('',#3864,#3866,#2116,.T.);
#4812=EDGE_CURVE('',#3866,#3865,#1569,.T.);
#4813=EDGE_CURVE('',#3867,#3865,#2117,.T.);
#4814=EDGE_CURVE('',#3866,#3868,#2118,.T.);
#4815=EDGE_CURVE('',#3868,#3867,#1570,.T.);
#4816=EDGE_CURVE('',#3869,#3867,#2119,.T.);
#4817=EDGE_CURVE('',#3868,#3870,#2120,.T.);
#4818=EDGE_CURVE('',#3870,#3869,#1571,.T.);
#4819=EDGE_CURVE('',#3871,#3869,#2121,.T.);
#4820=EDGE_CURVE('',#3870,#3872,#2122,.T.);
#4821=EDGE_CURVE('',#3872,#3871,#1572,.T.);
#4822=EDGE_CURVE('',#3873,#3871,#2123,.T.);
#4823=EDGE_CURVE('',#3872,#3874,#2124,.T.);
#4824=EDGE_CURVE('',#3874,#3873,#1573,.T.);
#4825=EDGE_CURVE('',#3875,#3873,#2125,.T.);
#4826=EDGE_CURVE('',#3874,#3876,#2126,.T.);
#4827=EDGE_CURVE('',#3876,#3875,#1574,.T.);
#4828=EDGE_CURVE('',#3877,#3875,#2127,.T.);
#4829=EDGE_CURVE('',#3876,#3878,#2128,.T.);
#4830=EDGE_CURVE('',#3878,#3877,#1575,.T.);
#4831=EDGE_CURVE('',#3879,#3877,#2129,.T.);
#4832=EDGE_CURVE('',#3878,#3880,#2130,.T.);
#4833=EDGE_CURVE('',#3880,#3879,#1576,.T.);
#4834=EDGE_CURVE('',#3881,#3879,#2131,.T.);
#4835=EDGE_CURVE('',#3880,#3882,#2132,.T.);
#4836=EDGE_CURVE('',#3882,#3881,#1577,.T.);
#4837=EDGE_CURVE('',#3883,#3881,#2133,.T.);
#4838=EDGE_CURVE('',#3882,#3884,#2134,.T.);
#4839=EDGE_CURVE('',#3884,#3883,#1578,.T.);
#4840=EDGE_CURVE('',#3885,#3883,#2135,.T.);
#4841=EDGE_CURVE('',#3884,#3886,#2136,.T.);
#4842=EDGE_CURVE('',#3886,#3885,#1579,.T.);
#4843=EDGE_CURVE('',#3887,#3885,#2137,.T.);
#4844=EDGE_CURVE('',#3886,#3888,#2138,.T.);
#4845=EDGE_CURVE('',#3888,#3887,#1580,.T.);
#4846=EDGE_CURVE('',#3889,#3887,#2139,.T.);
#4847=EDGE_CURVE('',#3888,#3890,#2140,.T.);
#4848=EDGE_CURVE('',#3890,#3889,#1581,.T.);
#4849=EDGE_CURVE('',#3891,#3787,#287,.T.);
#4850=EDGE_CURVE('',#3786,#3892,#288,.T.);
#4851=EDGE_CURVE('',#3892,#3891,#256,.T.);
#4852=EDGE_CURVE('',#3893,#3889,#2141,.T.);
#4853=EDGE_CURVE('',#3890,#3894,#2142,.T.);
#4854=EDGE_CURVE('',#3894,#3893,#1582,.T.);
#4855=EDGE_CURVE('',#3783,#3891,#2143,.T.);
#4856=EDGE_CURVE('',#3892,#3784,#2144,.T.);
#4857=EDGE_CURVE('',#3895,#3893,#2145,.T.);
#4858=EDGE_CURVE('',#3894,#3896,#2146,.T.);
#4859=EDGE_CURVE('',#3896,#3895,#1583,.T.);
#4860=EDGE_CURVE('',#3897,#3895,#2147,.T.);
#4861=EDGE_CURVE('',#3896,#3898,#2148,.T.);
#4862=EDGE_CURVE('',#3898,#3897,#1584,.T.);
#4863=EDGE_CURVE('',#3778,#3897,#2149,.T.);
#4864=EDGE_CURVE('',#3898,#3775,#2150,.T.);
#4865=EDGE_CURVE('',#3899,#3790,#2151,.T.);
#4866=EDGE_CURVE('',#3900,#3899,#2152,.T.);
#4867=EDGE_CURVE('',#3785,#3900,#2153,.T.);
#4868=EDGE_CURVE('',#3901,#3792,#2154,.T.);
#4869=EDGE_CURVE('',#3899,#3901,#2155,.T.);
#4870=EDGE_CURVE('',#3794,#3902,#2156,.T.);
#4871=EDGE_CURVE('',#3901,#3902,#2157,.T.);
#4872=EDGE_CURVE('',#3903,#3796,#2158,.T.);
#4873=EDGE_CURVE('',#3902,#3903,#2159,.T.);
#4874=EDGE_CURVE('',#3904,#3798,#2160,.T.);
#4875=EDGE_CURVE('',#3903,#3904,#2161,.T.);
#4876=EDGE_CURVE('',#3800,#3905,#2162,.T.);
#4877=EDGE_CURVE('',#3904,#3905,#2163,.T.);
#4878=EDGE_CURVE('',#3906,#3802,#2164,.T.);
#4879=EDGE_CURVE('',#3905,#3906,#2165,.T.);
#4880=EDGE_CURVE('',#3907,#3804,#2166,.T.);
#4881=EDGE_CURVE('',#3906,#3907,#2167,.T.);
#4882=EDGE_CURVE('',#3806,#3908,#2168,.T.);
#4883=EDGE_CURVE('',#3907,#3908,#2169,.T.);
#4884=EDGE_CURVE('',#3909,#3808,#2170,.T.);
#4885=EDGE_CURVE('',#3908,#3909,#2171,.T.);
#4886=EDGE_CURVE('',#3910,#3810,#2172,.T.);
#4887=EDGE_CURVE('',#3909,#3910,#2173,.T.);
#4888=EDGE_CURVE('',#3812,#3911,#2174,.T.);
#4889=EDGE_CURVE('',#3910,#3911,#2175,.T.);
#4890=EDGE_CURVE('',#3912,#3814,#2176,.T.);
#4891=EDGE_CURVE('',#3911,#3912,#2177,.T.);
#4892=EDGE_CURVE('',#3913,#3816,#2178,.T.);
#4893=EDGE_CURVE('',#3912,#3913,#2179,.T.);
#4894=EDGE_CURVE('',#3818,#3914,#2180,.T.);
#4895=EDGE_CURVE('',#3913,#3914,#2181,.T.);
#4896=EDGE_CURVE('',#3915,#3820,#2182,.T.);
#4897=EDGE_CURVE('',#3914,#3915,#2183,.T.);
#4898=EDGE_CURVE('',#3916,#3822,#2184,.T.);
#4899=EDGE_CURVE('',#3915,#3916,#2185,.T.);
#4900=EDGE_CURVE('',#3824,#3917,#2186,.T.);
#4901=EDGE_CURVE('',#3916,#3917,#2187,.T.);
#4902=EDGE_CURVE('',#3918,#3826,#2188,.T.);
#4903=EDGE_CURVE('',#3917,#3918,#2189,.T.);
#4904=EDGE_CURVE('',#3919,#3828,#2190,.T.);
#4905=EDGE_CURVE('',#3918,#3919,#2191,.T.);
#4906=EDGE_CURVE('',#3830,#3920,#2192,.T.);
#4907=EDGE_CURVE('',#3919,#3920,#2193,.T.);
#4908=EDGE_CURVE('',#3921,#3832,#2194,.T.);
#4909=EDGE_CURVE('',#3920,#3921,#2195,.T.);
#4910=EDGE_CURVE('',#3922,#3834,#2196,.T.);
#4911=EDGE_CURVE('',#3921,#3922,#2197,.T.);
#4912=EDGE_CURVE('',#3836,#3923,#2198,.T.);
#4913=EDGE_CURVE('',#3922,#3923,#2199,.T.);
#4914=EDGE_CURVE('',#3924,#3838,#2200,.T.);
#4915=EDGE_CURVE('',#3923,#3924,#2201,.T.);
#4916=EDGE_CURVE('',#3925,#3839,#2202,.T.);
#4917=EDGE_CURVE('',#3924,#3925,#2203,.T.);
#4918=EDGE_CURVE('',#3841,#3926,#2204,.T.);
#4919=EDGE_CURVE('',#3925,#3926,#2205,.T.);
#4920=EDGE_CURVE('',#3927,#3843,#2206,.T.);
#4921=EDGE_CURVE('',#3926,#3927,#2207,.T.);
#4922=EDGE_CURVE('',#3928,#3845,#2208,.T.);
#4923=EDGE_CURVE('',#3927,#3928,#2209,.T.);
#4924=EDGE_CURVE('',#3929,#3848,#2210,.T.);
#4925=EDGE_CURVE('',#3928,#3929,#289,.T.);
#4926=EDGE_CURVE('',#3847,#3930,#2211,.T.);
#4927=EDGE_CURVE('',#3929,#3930,#2212,.T.);
#4928=EDGE_CURVE('',#3931,#3932,#290,.T.);
#4929=EDGE_CURVE('',#3933,#3931,#2213,.T.);
#4930=EDGE_CURVE('',#3934,#3933,#291,.T.);
#4931=EDGE_CURVE('',#3932,#3934,#2214,.T.);
#4932=EDGE_CURVE('',#3935,#3936,#292,.T.);
#4933=EDGE_CURVE('',#3937,#3935,#2215,.T.);
#4934=EDGE_CURVE('',#3938,#3937,#2216,.T.);
#4935=EDGE_CURVE('',#3939,#3938,#2217,.T.);
#4936=EDGE_CURVE('',#3940,#3939,#2218,.T.);
#4937=EDGE_CURVE('',#3941,#3940,#2219,.T.);
#4938=EDGE_CURVE('',#3942,#3941,#2220,.T.);
#4939=EDGE_CURVE('',#3943,#3942,#2221,.T.);
#4940=EDGE_CURVE('',#3944,#3943,#2222,.T.);
#4941=EDGE_CURVE('',#3945,#3944,#2223,.T.);
#4942=EDGE_CURVE('',#3946,#3945,#2224,.T.);
#4943=EDGE_CURVE('',#3947,#3946,#2225,.T.);
#4944=EDGE_CURVE('',#3948,#3947,#2226,.T.);
#4945=EDGE_CURVE('',#3949,#3948,#2227,.T.);
#4946=EDGE_CURVE('',#3950,#3949,#2228,.T.);
#4947=EDGE_CURVE('',#3951,#3950,#2229,.T.);
#4948=EDGE_CURVE('',#3952,#3951,#2230,.T.);
#4949=EDGE_CURVE('',#3953,#3952,#2231,.T.);
#4950=EDGE_CURVE('',#3954,#3953,#2232,.T.);
#4951=EDGE_CURVE('',#3955,#3954,#2233,.T.);
#4952=EDGE_CURVE('',#3956,#3955,#2234,.T.);
#4953=EDGE_CURVE('',#3957,#3956,#2235,.T.);
#4954=EDGE_CURVE('',#3958,#3957,#2236,.T.);
#4955=EDGE_CURVE('',#3959,#3958,#2237,.T.);
#4956=EDGE_CURVE('',#3960,#3959,#2238,.T.);
#4957=EDGE_CURVE('',#3961,#3960,#2239,.T.);
#4958=EDGE_CURVE('',#3962,#3961,#2240,.T.);
#4959=EDGE_CURVE('',#3963,#3962,#2241,.T.);
#4960=EDGE_CURVE('',#3964,#3963,#2242,.T.);
#4961=EDGE_CURVE('',#3965,#3964,#2243,.T.);
#4962=EDGE_CURVE('',#3966,#3965,#2244,.T.);
#4963=EDGE_CURVE('',#3967,#3966,#293,.T.);
#4964=EDGE_CURVE('',#3968,#3967,#2245,.T.);
#4965=EDGE_CURVE('',#3969,#3968,#2246,.T.);
#4966=EDGE_CURVE('',#3970,#3969,#2247,.T.);
#4967=EDGE_CURVE('',#3971,#3970,#2248,.T.);
#4968=EDGE_CURVE('',#3972,#3971,#2249,.T.);
#4969=EDGE_CURVE('',#3973,#3972,#2250,.T.);
#4970=EDGE_CURVE('',#3974,#3973,#2251,.T.);
#4971=EDGE_CURVE('',#3975,#3974,#2252,.T.);
#4972=EDGE_CURVE('',#3976,#3975,#2253,.T.);
#4973=EDGE_CURVE('',#3977,#3976,#2254,.T.);
#4974=EDGE_CURVE('',#3978,#3977,#2255,.T.);
#4975=EDGE_CURVE('',#3979,#3978,#2256,.T.);
#4976=EDGE_CURVE('',#3980,#3979,#2257,.T.);
#4977=EDGE_CURVE('',#3981,#3980,#2258,.T.);
#4978=EDGE_CURVE('',#3982,#3981,#2259,.T.);
#4979=EDGE_CURVE('',#3983,#3982,#2260,.T.);
#4980=EDGE_CURVE('',#3984,#3983,#2261,.T.);
#4981=EDGE_CURVE('',#3985,#3984,#2262,.T.);
#4982=EDGE_CURVE('',#3986,#3985,#2263,.T.);
#4983=EDGE_CURVE('',#3987,#3986,#2264,.T.);
#4984=EDGE_CURVE('',#3988,#3987,#2265,.T.);
#4985=EDGE_CURVE('',#3989,#3988,#2266,.T.);
#4986=EDGE_CURVE('',#3990,#3989,#2267,.T.);
#4987=EDGE_CURVE('',#3991,#3990,#2268,.T.);
#4988=EDGE_CURVE('',#3992,#3991,#2269,.T.);
#4989=EDGE_CURVE('',#3993,#3992,#2270,.T.);
#4990=EDGE_CURVE('',#3994,#3993,#2271,.T.);
#4991=EDGE_CURVE('',#3995,#3994,#2272,.T.);
#4992=EDGE_CURVE('',#3996,#3995,#2273,.T.);
#4993=EDGE_CURVE('',#3936,#3996,#2274,.T.);
#4994=EDGE_CURVE('',#3986,#3997,#1585,.T.);
#4995=EDGE_CURVE('',#3997,#3998,#2275,.T.);
#4996=EDGE_CURVE('',#3987,#3998,#1586,.T.);
#4997=EDGE_CURVE('',#3985,#3999,#1587,.T.);
#4998=EDGE_CURVE('',#3999,#3997,#2276,.T.);
#4999=EDGE_CURVE('',#3984,#4000,#1588,.T.);
#5000=EDGE_CURVE('',#4000,#3999,#2277,.T.);
#5001=EDGE_CURVE('',#3983,#4001,#1589,.T.);
#5002=EDGE_CURVE('',#4001,#4000,#2278,.T.);
#5003=EDGE_CURVE('',#3982,#4002,#1590,.T.);
#5004=EDGE_CURVE('',#4002,#4001,#2279,.T.);
#5005=EDGE_CURVE('',#3981,#4003,#1591,.T.);
#5006=EDGE_CURVE('',#4003,#4002,#2280,.T.);
#5007=EDGE_CURVE('',#3980,#4004,#1592,.T.);
#5008=EDGE_CURVE('',#4004,#4003,#2281,.T.);
#5009=EDGE_CURVE('',#3979,#4005,#1593,.T.);
#5010=EDGE_CURVE('',#4005,#4004,#2282,.T.);
#5011=EDGE_CURVE('',#3978,#4006,#1594,.T.);
#5012=EDGE_CURVE('',#4006,#4005,#2283,.T.);
#5013=EDGE_CURVE('',#3977,#4007,#1595,.T.);
#5014=EDGE_CURVE('',#4007,#4006,#2284,.T.);
#5015=EDGE_CURVE('',#3976,#4008,#1596,.T.);
#5016=EDGE_CURVE('',#4008,#4007,#2285,.T.);
#5017=EDGE_CURVE('',#3975,#4009,#1597,.T.);
#5018=EDGE_CURVE('',#4009,#4008,#2286,.T.);
#5019=EDGE_CURVE('',#3974,#4010,#1598,.T.);
#5020=EDGE_CURVE('',#4010,#4009,#2287,.T.);
#5021=EDGE_CURVE('',#3973,#4011,#1599,.T.);
#5022=EDGE_CURVE('',#4011,#4010,#2288,.T.);
#5023=EDGE_CURVE('',#3972,#4012,#1600,.T.);
#5024=EDGE_CURVE('',#4012,#4011,#2289,.T.);
#5025=EDGE_CURVE('',#3971,#4013,#1601,.T.);
#5026=EDGE_CURVE('',#4013,#4012,#2290,.T.);
#5027=EDGE_CURVE('',#3970,#4014,#1602,.T.);
#5028=EDGE_CURVE('',#4014,#4013,#2291,.T.);
#5029=EDGE_CURVE('',#3969,#4015,#1603,.T.);
#5030=EDGE_CURVE('',#4015,#4014,#2292,.T.);
#5031=EDGE_CURVE('',#3968,#4016,#1604,.T.);
#5032=EDGE_CURVE('',#4016,#4015,#2293,.T.);
#5033=EDGE_CURVE('',#4017,#4018,#294,.T.);
#5034=EDGE_CURVE('',#4018,#3967,#295,.T.);
#5035=EDGE_CURVE('',#3966,#4017,#257,.T.);
#5036=EDGE_CURVE('',#3965,#4019,#1605,.T.);
#5037=EDGE_CURVE('',#4019,#4017,#2294,.T.);
#5038=EDGE_CURVE('',#3964,#4020,#1606,.T.);
#5039=EDGE_CURVE('',#4020,#4019,#2295,.T.);
#5040=EDGE_CURVE('',#3963,#4021,#1607,.T.);
#5041=EDGE_CURVE('',#4021,#4020,#2296,.T.);
#5042=EDGE_CURVE('',#3962,#4022,#1608,.T.);
#5043=EDGE_CURVE('',#4022,#4021,#2297,.T.);
#5044=EDGE_CURVE('',#3961,#4023,#1609,.T.);
#5045=EDGE_CURVE('',#4023,#4022,#2298,.T.);
#5046=EDGE_CURVE('',#3960,#4024,#1610,.T.);
#5047=EDGE_CURVE('',#4024,#4023,#2299,.T.);
#5048=EDGE_CURVE('',#3959,#4025,#1611,.T.);
#5049=EDGE_CURVE('',#4025,#4024,#2300,.T.);
#5050=EDGE_CURVE('',#3958,#4026,#1612,.T.);
#5051=EDGE_CURVE('',#4026,#4025,#2301,.T.);
#5052=EDGE_CURVE('',#3957,#4027,#1613,.T.);
#5053=EDGE_CURVE('',#4027,#4026,#2302,.T.);
#5054=EDGE_CURVE('',#3956,#4028,#1614,.T.);
#5055=EDGE_CURVE('',#4028,#4027,#2303,.T.);
#5056=EDGE_CURVE('',#3955,#4029,#1615,.T.);
#5057=EDGE_CURVE('',#4029,#4028,#2304,.T.);
#5058=EDGE_CURVE('',#4030,#4029,#2305,.T.);
#5059=EDGE_CURVE('',#3954,#4030,#1616,.T.);
#5060=EDGE_CURVE('',#4031,#4030,#2306,.T.);
#5061=EDGE_CURVE('',#3953,#4031,#1617,.T.);
#5062=EDGE_CURVE('',#4032,#4031,#2307,.T.);
#5063=EDGE_CURVE('',#3952,#4032,#1618,.T.);
#5064=EDGE_CURVE('',#4033,#4032,#2308,.T.);
#5065=EDGE_CURVE('',#3951,#4033,#1619,.T.);
#5066=EDGE_CURVE('',#4034,#4033,#2309,.T.);
#5067=EDGE_CURVE('',#3950,#4034,#1620,.T.);
#5068=EDGE_CURVE('',#4035,#4034,#2310,.T.);
#5069=EDGE_CURVE('',#3949,#4035,#1621,.T.);
#5070=EDGE_CURVE('',#4036,#4035,#2311,.T.);
#5071=EDGE_CURVE('',#3948,#4036,#1622,.T.);
#5072=EDGE_CURVE('',#4037,#4036,#2312,.T.);
#5073=EDGE_CURVE('',#3947,#4037,#1623,.T.);
#5074=EDGE_CURVE('',#4038,#4037,#2313,.T.);
#5075=EDGE_CURVE('',#3946,#4038,#1624,.T.);
#5076=EDGE_CURVE('',#4039,#4038,#2314,.T.);
#5077=EDGE_CURVE('',#3945,#4039,#1625,.T.);
#5078=EDGE_CURVE('',#4040,#4039,#2315,.T.);
#5079=EDGE_CURVE('',#3944,#4040,#1626,.T.);
#5080=EDGE_CURVE('',#4018,#4016,#2316,.T.);
#5081=EDGE_CURVE('',#4041,#4040,#2317,.T.);
#5082=EDGE_CURVE('',#3943,#4041,#1627,.T.);
#5083=EDGE_CURVE('',#4042,#4041,#2318,.T.);
#5084=EDGE_CURVE('',#3942,#4042,#1628,.T.);
#5085=EDGE_CURVE('',#4043,#4042,#2319,.T.);
#5086=EDGE_CURVE('',#3941,#4043,#1629,.T.);
#5087=EDGE_CURVE('',#4044,#4043,#2320,.T.);
#5088=EDGE_CURVE('',#3940,#4044,#1630,.T.);
#5089=EDGE_CURVE('',#4045,#4044,#2321,.T.);
#5090=EDGE_CURVE('',#3939,#4045,#1631,.T.);
#5091=EDGE_CURVE('',#4046,#4045,#2322,.T.);
#5092=EDGE_CURVE('',#3938,#4046,#1632,.T.);
#5093=EDGE_CURVE('',#4047,#4046,#2323,.T.);
#5094=EDGE_CURVE('',#3937,#4047,#1633,.T.);
#5095=EDGE_CURVE('',#4048,#4049,#296,.T.);
#5096=EDGE_CURVE('',#4049,#3935,#297,.T.);
#5097=EDGE_CURVE('',#3936,#4048,#258,.T.);
#5098=EDGE_CURVE('',#4049,#4047,#2324,.T.);
#5099=EDGE_CURVE('',#4050,#4048,#2325,.T.);
#5100=EDGE_CURVE('',#3996,#4050,#1634,.T.);
#5101=EDGE_CURVE('',#4051,#4050,#2326,.T.);
#5102=EDGE_CURVE('',#3995,#4051,#1635,.T.);
#5103=EDGE_CURVE('',#4052,#4051,#2327,.T.);
#5104=EDGE_CURVE('',#3994,#4052,#1636,.T.);
#5105=EDGE_CURVE('',#4053,#4052,#2328,.T.);
#5106=EDGE_CURVE('',#3993,#4053,#1637,.T.);
#5107=EDGE_CURVE('',#4054,#4053,#2329,.T.);
#5108=EDGE_CURVE('',#3992,#4054,#1638,.T.);
#5109=EDGE_CURVE('',#4055,#4054,#2330,.T.);
#5110=EDGE_CURVE('',#3991,#4055,#1639,.T.);
#5111=EDGE_CURVE('',#4056,#4055,#2331,.T.);
#5112=EDGE_CURVE('',#3990,#4056,#1640,.T.);
#5113=EDGE_CURVE('',#4057,#4056,#2332,.T.);
#5114=EDGE_CURVE('',#3989,#4057,#1641,.T.);
#5115=EDGE_CURVE('',#4058,#4057,#2333,.T.);
#5116=EDGE_CURVE('',#3988,#4058,#1642,.T.);
#5117=EDGE_CURVE('',#3998,#4058,#2334,.T.);
#5118=EDGE_CURVE('',#4059,#4019,#2335,.T.);
#5119=EDGE_CURVE('',#4060,#4059,#2336,.T.);
#5120=EDGE_CURVE('',#4060,#4017,#2337,.T.);
#5121=EDGE_CURVE('',#4061,#4020,#2338,.T.);
#5122=EDGE_CURVE('',#4059,#4061,#2339,.T.);
#5123=EDGE_CURVE('',#4021,#4062,#2340,.T.);
#5124=EDGE_CURVE('',#4061,#4062,#2341,.T.);
#5125=EDGE_CURVE('',#4063,#4022,#2342,.T.);
#5126=EDGE_CURVE('',#4062,#4063,#2343,.T.);
#5127=EDGE_CURVE('',#4064,#4023,#2344,.T.);
#5128=EDGE_CURVE('',#4063,#4064,#2345,.T.);
#5129=EDGE_CURVE('',#4024,#4065,#2346,.T.);
#5130=EDGE_CURVE('',#4064,#4065,#2347,.T.);
#5131=EDGE_CURVE('',#4066,#4025,#2348,.T.);
#5132=EDGE_CURVE('',#4065,#4066,#2349,.T.);
#5133=EDGE_CURVE('',#4067,#4026,#2350,.T.);
#5134=EDGE_CURVE('',#4066,#4067,#2351,.T.);
#5135=EDGE_CURVE('',#4027,#4068,#2352,.T.);
#5136=EDGE_CURVE('',#4067,#4068,#2353,.T.);
#5137=EDGE_CURVE('',#4069,#4028,#2354,.T.);
#5138=EDGE_CURVE('',#4068,#4069,#2355,.T.);
#5139=EDGE_CURVE('',#4070,#4029,#2356,.T.);
#5140=EDGE_CURVE('',#4069,#4070,#2357,.T.);
#5141=EDGE_CURVE('',#4030,#4071,#2358,.T.);
#5142=EDGE_CURVE('',#4070,#4071,#2359,.T.);
#5143=EDGE_CURVE('',#4072,#4031,#2360,.T.);
#5144=EDGE_CURVE('',#4071,#4072,#2361,.T.);
#5145=EDGE_CURVE('',#4073,#4032,#2362,.T.);
#5146=EDGE_CURVE('',#4072,#4073,#2363,.T.);
#5147=EDGE_CURVE('',#4033,#4074,#2364,.T.);
#5148=EDGE_CURVE('',#4073,#4074,#2365,.T.);
#5149=EDGE_CURVE('',#4075,#4034,#2366,.T.);
#5150=EDGE_CURVE('',#4074,#4075,#2367,.T.);
#5151=EDGE_CURVE('',#4076,#4035,#2368,.T.);
#5152=EDGE_CURVE('',#4075,#4076,#2369,.T.);
#5153=EDGE_CURVE('',#4036,#4077,#2370,.T.);
#5154=EDGE_CURVE('',#4076,#4077,#2371,.T.);
#5155=EDGE_CURVE('',#4078,#4037,#2372,.T.);
#5156=EDGE_CURVE('',#4077,#4078,#2373,.T.);
#5157=EDGE_CURVE('',#4079,#4038,#2374,.T.);
#5158=EDGE_CURVE('',#4078,#4079,#2375,.T.);
#5159=EDGE_CURVE('',#4039,#4080,#2376,.T.);
#5160=EDGE_CURVE('',#4079,#4080,#2377,.T.);
#5161=EDGE_CURVE('',#4081,#4040,#2378,.T.);
#5162=EDGE_CURVE('',#4080,#4081,#2379,.T.);
#5163=EDGE_CURVE('',#4082,#4041,#2380,.T.);
#5164=EDGE_CURVE('',#4081,#4082,#2381,.T.);
#5165=EDGE_CURVE('',#4042,#4083,#2382,.T.);
#5166=EDGE_CURVE('',#4082,#4083,#2383,.T.);
#5167=EDGE_CURVE('',#4084,#4043,#2384,.T.);
#5168=EDGE_CURVE('',#4083,#4084,#2385,.T.);
#5169=EDGE_CURVE('',#4085,#4044,#2386,.T.);
#5170=EDGE_CURVE('',#4084,#4085,#2387,.T.);
#5171=EDGE_CURVE('',#4045,#4086,#2388,.T.);
#5172=EDGE_CURVE('',#4085,#4086,#2389,.T.);
#5173=EDGE_CURVE('',#4087,#4046,#2390,.T.);
#5174=EDGE_CURVE('',#4086,#4087,#2391,.T.);
#5175=EDGE_CURVE('',#4088,#4047,#2392,.T.);
#5176=EDGE_CURVE('',#4087,#4088,#2393,.T.);
#5177=EDGE_CURVE('',#4089,#4049,#2394,.T.);
#5178=EDGE_CURVE('',#4088,#4089,#2395,.T.);
#5179=EDGE_CURVE('',#4090,#4048,#2396,.T.);
#5180=EDGE_CURVE('',#4089,#4090,#298,.T.);
#5181=EDGE_CURVE('',#4091,#4092,#2397,.T.);
#5182=EDGE_CURVE('',#4092,#4085,#1643,.T.);
#5183=EDGE_CURVE('',#4091,#4086,#1644,.T.);
#5184=EDGE_CURVE('',#4092,#4093,#2398,.T.);
#5185=EDGE_CURVE('',#4093,#4084,#1645,.T.);
#5186=EDGE_CURVE('',#4093,#4094,#2399,.T.);
#5187=EDGE_CURVE('',#4094,#4083,#1646,.T.);
#5188=EDGE_CURVE('',#4094,#4095,#2400,.T.);
#5189=EDGE_CURVE('',#4095,#4082,#1647,.T.);
#5190=EDGE_CURVE('',#4096,#4097,#299,.T.);
#5191=EDGE_CURVE('',#4097,#4089,#300,.T.);
#5192=EDGE_CURVE('',#4090,#4096,#259,.T.);
#5193=EDGE_CURVE('',#4095,#4098,#2401,.T.);
#5194=EDGE_CURVE('',#4098,#4081,#1648,.T.);
#5195=EDGE_CURVE('',#4090,#4099,#2402,.T.);
#5196=EDGE_CURVE('',#4099,#4100,#1649,.T.);
#5197=EDGE_CURVE('',#4100,#4096,#2403,.T.);
#5198=EDGE_CURVE('',#4098,#4101,#2404,.T.);
#5199=EDGE_CURVE('',#4101,#4080,#1650,.T.);
#5200=EDGE_CURVE('',#4101,#4102,#2405,.T.);
#5201=EDGE_CURVE('',#4102,#4079,#1651,.T.);
#5202=EDGE_CURVE('',#4102,#4103,#2406,.T.);
#5203=EDGE_CURVE('',#4103,#4078,#1652,.T.);
#5204=EDGE_CURVE('',#4104,#4105,#2407,.T.);
#5205=EDGE_CURVE('',#4105,#4106,#1653,.T.);
#5206=EDGE_CURVE('',#4106,#4107,#2408,.T.);
#5207=EDGE_CURVE('',#4107,#4104,#1654,.T.);
#5208=EDGE_CURVE('',#4103,#4108,#2409,.T.);
#5209=EDGE_CURVE('',#4108,#4077,#1655,.T.);
#5210=EDGE_CURVE('',#4108,#4109,#2410,.T.);
#5211=EDGE_CURVE('',#4109,#4076,#1656,.T.);
#5212=EDGE_CURVE('',#4109,#4110,#2411,.T.);
#5213=EDGE_CURVE('',#4110,#4075,#1657,.T.);
#5214=EDGE_CURVE('',#4111,#4112,#2412,.T.);
#5215=EDGE_CURVE('',#4112,#4113,#1658,.T.);
#5216=EDGE_CURVE('',#4113,#4114,#2413,.T.);
#5217=EDGE_CURVE('',#4114,#4111,#1659,.T.);
#5218=EDGE_CURVE('',#4110,#4115,#2414,.T.);
#5219=EDGE_CURVE('',#4115,#4074,#1660,.T.);
#5220=EDGE_CURVE('',#4115,#4116,#2415,.T.);
#5221=EDGE_CURVE('',#4116,#4073,#1661,.T.);
#5222=EDGE_CURVE('',#4116,#4117,#2416,.T.);
#5223=EDGE_CURVE('',#4117,#4072,#1662,.T.);
#5224=EDGE_CURVE('',#4118,#4119,#2417,.T.);
#5225=EDGE_CURVE('',#4119,#4120,#1663,.T.);
#5226=EDGE_CURVE('',#4120,#4121,#2418,.T.);
#5227=EDGE_CURVE('',#4121,#4118,#1664,.T.);
#5228=EDGE_CURVE('',#4117,#4122,#2419,.T.);
#5229=EDGE_CURVE('',#4122,#4071,#1665,.T.);
#5230=EDGE_CURVE('',#4122,#4123,#2420,.T.);
#5231=EDGE_CURVE('',#4123,#4070,#1666,.T.);
#5232=EDGE_CURVE('',#4123,#4124,#2421,.T.);
#5233=EDGE_CURVE('',#4124,#4069,#1667,.T.);
#5234=EDGE_CURVE('',#4125,#4126,#2422,.T.);
#5235=EDGE_CURVE('',#4126,#4127,#1668,.T.);
#5236=EDGE_CURVE('',#4127,#4128,#2423,.T.);
#5237=EDGE_CURVE('',#4128,#4125,#1669,.T.);
#5238=EDGE_CURVE('',#4124,#4129,#2424,.T.);
#5239=EDGE_CURVE('',#4129,#4068,#1670,.T.);
#5240=EDGE_CURVE('',#4129,#4130,#2425,.T.);
#5241=EDGE_CURVE('',#4130,#4067,#1671,.T.);
#5242=EDGE_CURVE('',#4130,#4131,#2426,.T.);
#5243=EDGE_CURVE('',#4131,#4066,#1672,.T.);
#5244=EDGE_CURVE('',#4132,#4133,#2427,.T.);
#5245=EDGE_CURVE('',#4133,#4134,#1673,.T.);
#5246=EDGE_CURVE('',#4134,#4135,#2428,.T.);
#5247=EDGE_CURVE('',#4135,#4132,#1674,.T.);
#5248=EDGE_CURVE('',#4131,#4136,#2429,.T.);
#5249=EDGE_CURVE('',#4136,#4065,#1675,.T.);
#5250=EDGE_CURVE('',#4136,#4137,#2430,.T.);
#5251=EDGE_CURVE('',#4137,#4064,#1676,.T.);
#5252=EDGE_CURVE('',#4137,#4138,#2431,.T.);
#5253=EDGE_CURVE('',#4138,#4063,#1677,.T.);
#5254=EDGE_CURVE('',#4139,#4140,#2432,.T.);
#5255=EDGE_CURVE('',#4140,#4141,#1678,.T.);
#5256=EDGE_CURVE('',#4141,#4142,#2433,.T.);
#5257=EDGE_CURVE('',#4142,#4139,#1679,.T.);
#5258=EDGE_CURVE('',#4138,#4143,#2434,.T.);
#5259=EDGE_CURVE('',#4143,#4062,#1680,.T.);
#5260=EDGE_CURVE('',#4143,#4144,#2435,.T.);
#5261=EDGE_CURVE('',#4144,#4061,#1681,.T.);
#5262=EDGE_CURVE('',#4144,#4145,#2436,.T.);
#5263=EDGE_CURVE('',#4145,#4059,#1682,.T.);
#5264=EDGE_CURVE('',#4146,#4147,#2437,.T.);
#5265=EDGE_CURVE('',#4147,#4148,#1683,.T.);
#5266=EDGE_CURVE('',#4148,#4149,#2438,.T.);
#5267=EDGE_CURVE('',#4149,#4146,#1684,.T.);
#5268=EDGE_CURVE('',#4145,#4150,#2439,.T.);
#5269=EDGE_CURVE('',#4150,#4060,#260,.T.);
#5270=EDGE_CURVE('',#4151,#4152,#2440,.T.);
#5271=EDGE_CURVE('',#4152,#4153,#301,.T.);
#5272=EDGE_CURVE('',#4153,#4154,#2441,.T.);
#5273=EDGE_CURVE('',#4154,#4151,#1685,.T.);
#5274=EDGE_CURVE('',#4155,#4156,#2442,.T.);
#5275=EDGE_CURVE('',#4156,#4157,#1686,.T.);
#5276=EDGE_CURVE('',#4157,#4158,#2443,.T.);
#5277=EDGE_CURVE('',#4158,#4155,#1687,.T.);
#5278=EDGE_CURVE('',#4159,#4160,#2444,.T.);
#5279=EDGE_CURVE('',#4160,#4161,#1688,.T.);
#5280=EDGE_CURVE('',#4161,#4162,#2445,.T.);
#5281=EDGE_CURVE('',#4162,#4159,#1689,.T.);
#5282=EDGE_CURVE('',#4160,#4163,#2446,.T.);
#5283=EDGE_CURVE('',#4163,#4164,#1690,.T.);
#5284=EDGE_CURVE('',#4164,#4161,#2447,.T.);
#5285=EDGE_CURVE('',#4156,#4164,#2448,.T.);
#5286=EDGE_CURVE('',#4163,#4157,#2449,.T.);
#5287=EDGE_CURVE('',#4154,#4159,#2450,.T.);
#5288=EDGE_CURVE('',#4162,#4151,#2451,.T.);
#5289=EDGE_CURVE('',#4165,#4155,#2452,.T.);
#5290=EDGE_CURVE('',#4158,#4166,#2453,.T.);
#5291=EDGE_CURVE('',#4166,#4165,#1691,.T.);
#5292=EDGE_CURVE('',#4150,#4153,#302,.T.);
#5293=EDGE_CURVE('',#4152,#4060,#303,.T.);
#5294=EDGE_CURVE('',#4147,#4165,#2454,.T.);
#5295=EDGE_CURVE('',#4166,#4148,#2455,.T.);
#5296=EDGE_CURVE('',#4167,#4146,#2456,.T.);
#5297=EDGE_CURVE('',#4149,#4168,#2457,.T.);
#5298=EDGE_CURVE('',#4168,#4167,#1692,.T.);
#5299=EDGE_CURVE('',#4140,#4167,#2458,.T.);
#5300=EDGE_CURVE('',#4168,#4141,#2459,.T.);
#5301=EDGE_CURVE('',#4169,#4139,#2460,.T.);
#5302=EDGE_CURVE('',#4142,#4170,#2461,.T.);
#5303=EDGE_CURVE('',#4170,#4169,#1693,.T.);
#5304=EDGE_CURVE('',#4133,#4169,#2462,.T.);
#5305=EDGE_CURVE('',#4170,#4134,#2463,.T.);
#5306=EDGE_CURVE('',#4171,#4132,#2464,.T.);
#5307=EDGE_CURVE('',#4135,#4172,#2465,.T.);
#5308=EDGE_CURVE('',#4172,#4171,#1694,.T.);
#5309=EDGE_CURVE('',#4126,#4171,#2466,.T.);
#5310=EDGE_CURVE('',#4172,#4127,#2467,.T.);
#5311=EDGE_CURVE('',#4173,#4125,#2468,.T.);
#5312=EDGE_CURVE('',#4128,#4174,#2469,.T.);
#5313=EDGE_CURVE('',#4174,#4173,#1695,.T.);
#5314=EDGE_CURVE('',#4119,#4173,#2470,.T.);
#5315=EDGE_CURVE('',#4174,#4120,#2471,.T.);
#5316=EDGE_CURVE('',#4175,#4118,#2472,.T.);
#5317=EDGE_CURVE('',#4121,#4176,#2473,.T.);
#5318=EDGE_CURVE('',#4176,#4175,#1696,.T.);
#5319=EDGE_CURVE('',#4112,#4175,#2474,.T.);
#5320=EDGE_CURVE('',#4176,#4113,#2475,.T.);
#5321=EDGE_CURVE('',#4177,#4111,#2476,.T.);
#5322=EDGE_CURVE('',#4114,#4178,#2477,.T.);
#5323=EDGE_CURVE('',#4178,#4177,#1697,.T.);
#5324=EDGE_CURVE('',#4105,#4177,#2478,.T.);
#5325=EDGE_CURVE('',#4178,#4106,#2479,.T.);
#5326=EDGE_CURVE('',#4179,#4104,#2480,.T.);
#5327=EDGE_CURVE('',#4107,#4180,#2481,.T.);
#5328=EDGE_CURVE('',#4180,#4179,#1698,.T.);
#5329=EDGE_CURVE('',#4099,#4179,#2482,.T.);
#5330=EDGE_CURVE('',#4180,#4100,#2483,.T.);
#5331=EDGE_CURVE('',#4097,#4181,#2484,.T.);
#5332=EDGE_CURVE('',#4181,#4088,#1699,.T.);
#5333=EDGE_CURVE('',#4181,#4182,#2485,.T.);
#5334=EDGE_CURVE('',#4182,#4087,#1700,.T.);
#5335=EDGE_CURVE('',#4182,#4091,#2486,.T.);
#5336=EDGE_CURVE('',#4152,#4018,#2487,.T.);
#5337=EDGE_CURVE('',#4151,#4016,#2488,.T.);
#5338=EDGE_CURVE('',#4162,#4015,#2489,.T.);
#5339=EDGE_CURVE('',#4014,#4161,#2490,.T.);
#5340=EDGE_CURVE('',#4183,#4184,#304,.T.);
#5341=EDGE_CURVE('',#4185,#4183,#2491,.T.);
#5342=EDGE_CURVE('',#4186,#4185,#305,.T.);
#5343=EDGE_CURVE('',#4184,#4186,#2492,.T.);
#5344=EDGE_CURVE('',#4187,#4188,#306,.T.);
#5345=EDGE_CURVE('',#4189,#4187,#2493,.T.);
#5346=EDGE_CURVE('',#4190,#4189,#2494,.T.);
#5347=EDGE_CURVE('',#4191,#4190,#2495,.T.);
#5348=EDGE_CURVE('',#4192,#4191,#2496,.T.);
#5349=EDGE_CURVE('',#4193,#4192,#2497,.T.);
#5350=EDGE_CURVE('',#4194,#4193,#2498,.T.);
#5351=EDGE_CURVE('',#4195,#4194,#2499,.T.);
#5352=EDGE_CURVE('',#4196,#4195,#2500,.T.);
#5353=EDGE_CURVE('',#4197,#4196,#2501,.T.);
#5354=EDGE_CURVE('',#4198,#4197,#2502,.T.);
#5355=EDGE_CURVE('',#4199,#4198,#2503,.T.);
#5356=EDGE_CURVE('',#4200,#4199,#2504,.T.);
#5357=EDGE_CURVE('',#4201,#4200,#2505,.T.);
#5358=EDGE_CURVE('',#4202,#4201,#2506,.T.);
#5359=EDGE_CURVE('',#4203,#4202,#2507,.T.);
#5360=EDGE_CURVE('',#4204,#4203,#2508,.T.);
#5361=EDGE_CURVE('',#4205,#4204,#2509,.T.);
#5362=EDGE_CURVE('',#4206,#4205,#2510,.T.);
#5363=EDGE_CURVE('',#4207,#4206,#2511,.T.);
#5364=EDGE_CURVE('',#4208,#4207,#2512,.T.);
#5365=EDGE_CURVE('',#4209,#4208,#2513,.T.);
#5366=EDGE_CURVE('',#4210,#4209,#2514,.T.);
#5367=EDGE_CURVE('',#4211,#4210,#2515,.T.);
#5368=EDGE_CURVE('',#4212,#4211,#2516,.T.);
#5369=EDGE_CURVE('',#4213,#4212,#2517,.T.);
#5370=EDGE_CURVE('',#4214,#4213,#2518,.T.);
#5371=EDGE_CURVE('',#4215,#4214,#2519,.T.);
#5372=EDGE_CURVE('',#4216,#4215,#2520,.T.);
#5373=EDGE_CURVE('',#4217,#4216,#2521,.T.);
#5374=EDGE_CURVE('',#4218,#4217,#2522,.T.);
#5375=EDGE_CURVE('',#4219,#4218,#307,.T.);
#5376=EDGE_CURVE('',#4220,#4219,#2523,.T.);
#5377=EDGE_CURVE('',#4221,#4220,#2524,.T.);
#5378=EDGE_CURVE('',#4222,#4221,#2525,.T.);
#5379=EDGE_CURVE('',#4223,#4222,#2526,.T.);
#5380=EDGE_CURVE('',#4224,#4223,#2527,.T.);
#5381=EDGE_CURVE('',#4225,#4224,#2528,.T.);
#5382=EDGE_CURVE('',#4226,#4225,#2529,.T.);
#5383=EDGE_CURVE('',#4227,#4226,#2530,.T.);
#5384=EDGE_CURVE('',#4228,#4227,#2531,.T.);
#5385=EDGE_CURVE('',#4229,#4228,#2532,.T.);
#5386=EDGE_CURVE('',#4230,#4229,#2533,.T.);
#5387=EDGE_CURVE('',#4231,#4230,#2534,.T.);
#5388=EDGE_CURVE('',#4232,#4231,#2535,.T.);
#5389=EDGE_CURVE('',#4233,#4232,#2536,.T.);
#5390=EDGE_CURVE('',#4234,#4233,#2537,.T.);
#5391=EDGE_CURVE('',#4235,#4234,#2538,.T.);
#5392=EDGE_CURVE('',#4236,#4235,#2539,.T.);
#5393=EDGE_CURVE('',#4237,#4236,#2540,.T.);
#5394=EDGE_CURVE('',#4238,#4237,#2541,.T.);
#5395=EDGE_CURVE('',#4239,#4238,#2542,.T.);
#5396=EDGE_CURVE('',#4240,#4239,#2543,.T.);
#5397=EDGE_CURVE('',#4241,#4240,#2544,.T.);
#5398=EDGE_CURVE('',#4242,#4241,#2545,.T.);
#5399=EDGE_CURVE('',#4243,#4242,#2546,.T.);
#5400=EDGE_CURVE('',#4244,#4243,#2547,.T.);
#5401=EDGE_CURVE('',#4245,#4244,#2548,.T.);
#5402=EDGE_CURVE('',#4246,#4245,#2549,.T.);
#5403=EDGE_CURVE('',#4247,#4246,#2550,.T.);
#5404=EDGE_CURVE('',#4248,#4247,#2551,.T.);
#5405=EDGE_CURVE('',#4188,#4248,#2552,.T.);
#5406=EDGE_CURVE('',#4243,#3922,#1701,.T.);
#5407=EDGE_CURVE('',#4244,#3923,#1702,.T.);
#5408=EDGE_CURVE('',#3924,#4245,#1703,.T.);
#5409=EDGE_CURVE('',#4241,#3920,#1704,.T.);
#5410=EDGE_CURVE('',#3921,#4242,#1705,.T.);
#5411=EDGE_CURVE('',#4240,#3919,#1706,.T.);
#5412=EDGE_CURVE('',#4238,#3917,#1707,.T.);
#5413=EDGE_CURVE('',#3918,#4239,#1708,.T.);
#5414=EDGE_CURVE('',#4237,#3916,#1709,.T.);
#5415=EDGE_CURVE('',#3930,#4249,#2553,.T.);
#5416=EDGE_CURVE('',#4249,#4190,#1710,.T.);
#5417=EDGE_CURVE('',#4189,#3930,#1711,.T.);
#5418=EDGE_CURVE('',#4235,#3914,#1712,.T.);
#5419=EDGE_CURVE('',#3915,#4236,#1713,.T.);
#5420=EDGE_CURVE('',#4234,#3913,#1714,.T.);
#5421=EDGE_CURVE('',#4250,#4251,#2554,.T.);
#5422=EDGE_CURVE('',#4251,#4193,#1715,.T.);
#5423=EDGE_CURVE('',#4192,#4250,#1716,.T.);
#5424=EDGE_CURVE('',#4232,#3911,#1717,.T.);
#5425=EDGE_CURVE('',#3912,#4233,#1718,.T.);
#5426=EDGE_CURVE('',#4231,#3910,#1719,.T.);
#5427=EDGE_CURVE('',#4252,#4253,#2555,.T.);
#5428=EDGE_CURVE('',#4253,#4196,#1720,.T.);
#5429=EDGE_CURVE('',#4195,#4252,#1721,.T.);
#5430=EDGE_CURVE('',#4229,#3908,#1722,.T.);
#5431=EDGE_CURVE('',#3909,#4230,#1723,.T.);
#5432=EDGE_CURVE('',#4228,#3907,#1724,.T.);
#5433=EDGE_CURVE('',#4254,#4255,#2556,.T.);
#5434=EDGE_CURVE('',#4255,#4199,#1725,.T.);
#5435=EDGE_CURVE('',#4198,#4254,#1726,.T.);
#5436=EDGE_CURVE('',#4226,#3905,#1727,.T.);
#5437=EDGE_CURVE('',#3906,#4227,#1728,.T.);
#5438=EDGE_CURVE('',#4225,#3904,#1729,.T.);
#5439=EDGE_CURVE('',#4256,#4257,#2557,.T.);
#5440=EDGE_CURVE('',#4257,#4202,#1730,.T.);
#5441=EDGE_CURVE('',#4201,#4256,#1731,.T.);
#5442=EDGE_CURVE('',#4223,#3902,#1732,.T.);
#5443=EDGE_CURVE('',#3903,#4224,#1733,.T.);
#5444=EDGE_CURVE('',#4222,#3901,#1734,.T.);
#5445=EDGE_CURVE('',#4258,#4259,#2558,.T.);
#5446=EDGE_CURVE('',#4259,#4205,#1735,.T.);
#5447=EDGE_CURVE('',#4204,#4258,#1736,.T.);
#5448=EDGE_CURVE('',#4220,#3900,#1737,.T.);
#5449=EDGE_CURVE('',#3899,#4221,#1738,.T.);
#5450=EDGE_CURVE('',#4260,#4261,#308,.T.);
#5451=EDGE_CURVE('',#4261,#4219,#309,.T.);
#5452=EDGE_CURVE('',#4218,#4260,#261,.T.);
#5453=EDGE_CURVE('',#4262,#4263,#2559,.T.);
#5454=EDGE_CURVE('',#4263,#4208,#1739,.T.);
#5455=EDGE_CURVE('',#4207,#4262,#1740,.T.);
#5456=EDGE_CURVE('',#4216,#4264,#1741,.T.);
#5457=EDGE_CURVE('',#4264,#4265,#2560,.T.);
#5458=EDGE_CURVE('',#4265,#4217,#1742,.T.);
#5459=EDGE_CURVE('',#4215,#4266,#1743,.T.);
#5460=EDGE_CURVE('',#4266,#4264,#2561,.T.);
#5461=EDGE_CURVE('',#4267,#4268,#2562,.T.);
#5462=EDGE_CURVE('',#4268,#4211,#1744,.T.);
#5463=EDGE_CURVE('',#4210,#4267,#1745,.T.);
#5464=EDGE_CURVE('',#4213,#4269,#1746,.T.);
#5465=EDGE_CURVE('',#4269,#4270,#2563,.T.);
#5466=EDGE_CURVE('',#4270,#4214,#1747,.T.);
#5467=EDGE_CURVE('',#4212,#4271,#1748,.T.);
#5468=EDGE_CURVE('',#4271,#4269,#2564,.T.);
#5469=EDGE_CURVE('',#4268,#4271,#2565,.T.);
#5470=EDGE_CURVE('',#4270,#4266,#2566,.T.);
#5471=EDGE_CURVE('',#4272,#4267,#2567,.T.);
#5472=EDGE_CURVE('',#4209,#4272,#1749,.T.);
#5473=EDGE_CURVE('',#4263,#4272,#2568,.T.);
#5474=EDGE_CURVE('',#4265,#4260,#2569,.T.);
#5475=EDGE_CURVE('',#4273,#4262,#2570,.T.);
#5476=EDGE_CURVE('',#4206,#4273,#1750,.T.);
#5477=EDGE_CURVE('',#4261,#3900,#2571,.T.);
#5478=EDGE_CURVE('',#4259,#4273,#2572,.T.);
#5479=EDGE_CURVE('',#4274,#4258,#2573,.T.);
#5480=EDGE_CURVE('',#4203,#4274,#1751,.T.);
#5481=EDGE_CURVE('',#4257,#4274,#2574,.T.);
#5482=EDGE_CURVE('',#4275,#4256,#2575,.T.);
#5483=EDGE_CURVE('',#4200,#4275,#1752,.T.);
#5484=EDGE_CURVE('',#4255,#4275,#2576,.T.);
#5485=EDGE_CURVE('',#4276,#4254,#2577,.T.);
#5486=EDGE_CURVE('',#4197,#4276,#1753,.T.);
#5487=EDGE_CURVE('',#4253,#4276,#2578,.T.);
#5488=EDGE_CURVE('',#4277,#4252,#2579,.T.);
#5489=EDGE_CURVE('',#4194,#4277,#1754,.T.);
#5490=EDGE_CURVE('',#4251,#4277,#2580,.T.);
#5491=EDGE_CURVE('',#4278,#4250,#2581,.T.);
#5492=EDGE_CURVE('',#4191,#4278,#1755,.T.);
#5493=EDGE_CURVE('',#4249,#4278,#2582,.T.);
#5494=EDGE_CURVE('',#3929,#4187,#310,.T.);
#5495=EDGE_CURVE('',#4188,#3928,#262,.T.);
#5496=EDGE_CURVE('',#4248,#3927,#1756,.T.);
#5497=EDGE_CURVE('',#4247,#3926,#1757,.T.);
#5498=EDGE_CURVE('',#4246,#3925,#1758,.T.);
#5499=EDGE_CURVE('',#4260,#3892,#2583,.T.);
#5500=EDGE_CURVE('',#4265,#3784,#2584,.T.);
#5501=EDGE_CURVE('',#3782,#4264,#2585,.T.);
#5502=EDGE_CURVE('',#4266,#3780,#2586,.T.);
#5503=EDGE_CURVE('',#4270,#3777,#2587,.T.);
#5504=EDGE_CURVE('',#3778,#4269,#2588,.T.);
#5505=EDGE_CURVE('',#4271,#3897,#2589,.T.);
#5506=EDGE_CURVE('',#4268,#3895,#2590,.T.);
#5507=EDGE_CURVE('',#3893,#4267,#2591,.T.);
#5508=EDGE_CURVE('',#4272,#3889,#2592,.T.);
#5509=EDGE_CURVE('',#4263,#3887,#2593,.T.);
#5510=EDGE_CURVE('',#3885,#4262,#2594,.T.);
#5511=EDGE_CURVE('',#4273,#3883,#2595,.T.);
#5512=EDGE_CURVE('',#4259,#3881,#2596,.T.);
#5513=EDGE_CURVE('',#3879,#4258,#2597,.T.);
#5514=EDGE_CURVE('',#4274,#3877,#2598,.T.);
#5515=EDGE_CURVE('',#4257,#3875,#2599,.T.);
#5516=EDGE_CURVE('',#3873,#4256,#2600,.T.);
#5517=EDGE_CURVE('',#4275,#3871,#2601,.T.);
#5518=EDGE_CURVE('',#4255,#3869,#2602,.T.);
#5519=EDGE_CURVE('',#3867,#4254,#2603,.T.);
#5520=EDGE_CURVE('',#4276,#3865,#2604,.T.);
#5521=EDGE_CURVE('',#4253,#3863,#2605,.T.);
#5522=EDGE_CURVE('',#3861,#4252,#2606,.T.);
#5523=EDGE_CURVE('',#4277,#3859,#2607,.T.);
#5524=EDGE_CURVE('',#4251,#3857,#2608,.T.);
#5525=EDGE_CURVE('',#3855,#4250,#2609,.T.);
#5526=EDGE_CURVE('',#4278,#3853,#2610,.T.);
#5527=EDGE_CURVE('',#4249,#3851,#2611,.T.);
#5528=EDGE_CURVE('',#4171,#4001,#2612,.T.);
#5529=EDGE_CURVE('',#4126,#4000,#2613,.T.);
#5530=EDGE_CURVE('',#3999,#4125,#2614,.T.);
#5531=EDGE_CURVE('',#4002,#4132,#2615,.T.);
#5532=EDGE_CURVE('',#4173,#3997,#2616,.T.);
#5533=EDGE_CURVE('',#4164,#4013,#2617,.T.);
#5534=EDGE_CURVE('',#4177,#4054,#2618,.T.);
#5535=EDGE_CURVE('',#4105,#4053,#2619,.T.);
#5536=EDGE_CURVE('',#4052,#4104,#2620,.T.);
#5537=EDGE_CURVE('',#4055,#4111,#2621,.T.);
#5538=EDGE_CURVE('',#4179,#4051,#2622,.T.);
#5539=EDGE_CURVE('',#4099,#4050,#2623,.T.);
#5540=EDGE_CURVE('',#4169,#4004,#2624,.T.);
#5541=EDGE_CURVE('',#4133,#4003,#2625,.T.);
#5542=EDGE_CURVE('',#4005,#4139,#2626,.T.);
#5543=EDGE_CURVE('',#4167,#4007,#2627,.T.);
#5544=EDGE_CURVE('',#4140,#4006,#2628,.T.);
#5545=EDGE_CURVE('',#4008,#4146,#2629,.T.);
#5546=EDGE_CURVE('',#4119,#3998,#2630,.T.);
#5547=EDGE_CURVE('',#4058,#4118,#2631,.T.);
#5548=EDGE_CURVE('',#4175,#4057,#2632,.T.);
#5549=EDGE_CURVE('',#4261,#3786,#2633,.T.);
#5550=EDGE_CURVE('',#4112,#4056,#2634,.T.);
#5551=EDGE_CURVE('',#4165,#4010,#2635,.T.);
#5552=EDGE_CURVE('',#4147,#4009,#2636,.T.);
#5553=EDGE_CURVE('',#4011,#4155,#2637,.T.);
#5554=EDGE_CURVE('',#4156,#4012,#2638,.T.);
#5555=EDGE_CURVE('',#4279,#3933,#2639,.T.);
#5556=EDGE_CURVE('',#3931,#4280,#2640,.T.);
#5557=EDGE_CURVE('',#4280,#4279,#2641,.T.);
#5558=EDGE_CURVE('',#4281,#3934,#2642,.T.);
#5559=EDGE_CURVE('',#4279,#4281,#311,.T.);
#5560=EDGE_CURVE('',#4282,#3932,#2643,.T.);
#5561=EDGE_CURVE('',#4281,#4282,#2644,.T.);
#5562=EDGE_CURVE('',#4282,#4280,#312,.T.);
#5563=EDGE_CURVE('',#4283,#4279,#2645,.T.);
#5564=EDGE_CURVE('',#4284,#4283,#313,.T.);
#5565=EDGE_CURVE('',#4284,#4281,#2646,.T.);
#5566=EDGE_CURVE('',#4285,#4280,#2647,.T.);
#5567=EDGE_CURVE('',#4283,#4285,#2648,.T.);
#5568=EDGE_CURVE('',#4283,#4183,#2649,.T.);
#5569=EDGE_CURVE('',#4184,#4284,#2650,.T.);
#5570=EDGE_CURVE('',#4285,#4185,#2651,.T.);
#5571=EDGE_CURVE('',#4286,#4186,#2652,.T.);
#5572=EDGE_CURVE('',#4285,#4286,#314,.T.);
#5573=EDGE_CURVE('',#4286,#4284,#2653,.T.);
#5574=EDGE_CURVE('',#4286,#4282,#2654,.T.);
#5575=ORIENTED_EDGE('',*,*,#4287,.T.);
#5576=ORIENTED_EDGE('',*,*,#4288,.T.);
#5577=ORIENTED_EDGE('',*,*,#4289,.T.);
#5578=ORIENTED_EDGE('',*,*,#4290,.T.);
#5579=ORIENTED_EDGE('',*,*,#4291,.T.);
#5580=ORIENTED_EDGE('',*,*,#4292,.T.);
#5581=ORIENTED_EDGE('',*,*,#4293,.T.);
#5582=ORIENTED_EDGE('',*,*,#4294,.T.);
#5583=ORIENTED_EDGE('',*,*,#4295,.T.);
#5584=ORIENTED_EDGE('',*,*,#4296,.T.);
#5585=ORIENTED_EDGE('',*,*,#4297,.T.);
#5586=ORIENTED_EDGE('',*,*,#4298,.T.);
#5587=ORIENTED_EDGE('',*,*,#4299,.T.);
#5588=ORIENTED_EDGE('',*,*,#4300,.T.);
#5589=ORIENTED_EDGE('',*,*,#4301,.T.);
#5590=ORIENTED_EDGE('',*,*,#4302,.T.);
#5591=ORIENTED_EDGE('',*,*,#4303,.T.);
#5592=ORIENTED_EDGE('',*,*,#4304,.T.);
#5593=ORIENTED_EDGE('',*,*,#4305,.T.);
#5594=ORIENTED_EDGE('',*,*,#4300,.F.);
#5595=ORIENTED_EDGE('',*,*,#4306,.T.);
#5596=ORIENTED_EDGE('',*,*,#4307,.T.);
#5597=ORIENTED_EDGE('',*,*,#4308,.T.);
#5598=ORIENTED_EDGE('',*,*,#4309,.T.);
#5599=ORIENTED_EDGE('',*,*,#4310,.T.);
#5600=ORIENTED_EDGE('',*,*,#4311,.T.);
#5601=ORIENTED_EDGE('',*,*,#4312,.T.);
#5602=ORIENTED_EDGE('',*,*,#4313,.T.);
#5603=ORIENTED_EDGE('',*,*,#4314,.T.);
#5604=ORIENTED_EDGE('',*,*,#4315,.T.);
#5605=ORIENTED_EDGE('',*,*,#4316,.T.);
#5606=ORIENTED_EDGE('',*,*,#4311,.F.);
#5607=ORIENTED_EDGE('',*,*,#4317,.T.);
#5608=ORIENTED_EDGE('',*,*,#4318,.T.);
#5609=ORIENTED_EDGE('',*,*,#4319,.T.);
#5610=ORIENTED_EDGE('',*,*,#4320,.T.);
#5611=ORIENTED_EDGE('',*,*,#4321,.T.);
#5612=ORIENTED_EDGE('',*,*,#4322,.T.);
#5613=ORIENTED_EDGE('',*,*,#4323,.T.);
#5614=ORIENTED_EDGE('',*,*,#4324,.T.);
#5615=ORIENTED_EDGE('',*,*,#4325,.T.);
#5616=ORIENTED_EDGE('',*,*,#4326,.T.);
#5617=ORIENTED_EDGE('',*,*,#4327,.T.);
#5618=ORIENTED_EDGE('',*,*,#4322,.F.);
#5619=ORIENTED_EDGE('',*,*,#4328,.T.);
#5620=ORIENTED_EDGE('',*,*,#4329,.T.);
#5621=ORIENTED_EDGE('',*,*,#4330,.T.);
#5622=ORIENTED_EDGE('',*,*,#4331,.T.);
#5623=ORIENTED_EDGE('',*,*,#4332,.T.);
#5624=ORIENTED_EDGE('',*,*,#4333,.T.);
#5625=ORIENTED_EDGE('',*,*,#4334,.T.);
#5626=ORIENTED_EDGE('',*,*,#4335,.T.);
#5627=ORIENTED_EDGE('',*,*,#4336,.T.);
#5628=ORIENTED_EDGE('',*,*,#4337,.T.);
#5629=ORIENTED_EDGE('',*,*,#4338,.T.);
#5630=ORIENTED_EDGE('',*,*,#4333,.F.);
#5631=ORIENTED_EDGE('',*,*,#4339,.T.);
#5632=ORIENTED_EDGE('',*,*,#4340,.T.);
#5633=ORIENTED_EDGE('',*,*,#4341,.T.);
#5634=ORIENTED_EDGE('',*,*,#4342,.T.);
#5635=ORIENTED_EDGE('',*,*,#4343,.T.);
#5636=ORIENTED_EDGE('',*,*,#4344,.T.);
#5637=ORIENTED_EDGE('',*,*,#4345,.T.);
#5638=ORIENTED_EDGE('',*,*,#4346,.T.);
#5639=ORIENTED_EDGE('',*,*,#4347,.T.);
#5640=ORIENTED_EDGE('',*,*,#4348,.T.);
#5641=ORIENTED_EDGE('',*,*,#4349,.T.);
#5642=ORIENTED_EDGE('',*,*,#4344,.F.);
#5643=ORIENTED_EDGE('',*,*,#4350,.T.);
#5644=ORIENTED_EDGE('',*,*,#4351,.T.);
#5645=ORIENTED_EDGE('',*,*,#4352,.T.);
#5646=ORIENTED_EDGE('',*,*,#4353,.T.);
#5647=ORIENTED_EDGE('',*,*,#4354,.T.);
#5648=ORIENTED_EDGE('',*,*,#4355,.T.);
#5649=ORIENTED_EDGE('',*,*,#4356,.T.);
#5650=ORIENTED_EDGE('',*,*,#4351,.F.);
#5651=ORIENTED_EDGE('',*,*,#4357,.T.);
#5652=ORIENTED_EDGE('',*,*,#4358,.T.);
#5653=ORIENTED_EDGE('',*,*,#4359,.T.);
#5654=ORIENTED_EDGE('',*,*,#4360,.T.);
#5655=ORIENTED_EDGE('',*,*,#4361,.T.);
#5656=ORIENTED_EDGE('',*,*,#4358,.F.);
#5657=ORIENTED_EDGE('',*,*,#4362,.T.);
#5658=ORIENTED_EDGE('',*,*,#4355,.F.);
#5659=ORIENTED_EDGE('',*,*,#4363,.T.);
#5660=ORIENTED_EDGE('',*,*,#4364,.T.);
#5661=ORIENTED_EDGE('',*,*,#4365,.T.);
#5662=ORIENTED_EDGE('',*,*,#4366,.T.);
#5663=ORIENTED_EDGE('',*,*,#4367,.T.);
#5664=ORIENTED_EDGE('',*,*,#4364,.F.);
#5665=ORIENTED_EDGE('',*,*,#4368,.T.);
#5666=ORIENTED_EDGE('',*,*,#4360,.F.);
#5667=ORIENTED_EDGE('',*,*,#4369,.T.);
#5668=ORIENTED_EDGE('',*,*,#4366,.F.);
#5669=ORIENTED_EDGE('',*,*,#4370,.T.);
#5670=ORIENTED_EDGE('',*,*,#4371,.T.);
#5671=ORIENTED_EDGE('',*,*,#4372,.T.);
#5672=ORIENTED_EDGE('',*,*,#4353,.F.);
#5673=ORIENTED_EDGE('',*,*,#4373,.T.);
#5674=ORIENTED_EDGE('',*,*,#4348,.F.);
#5675=ORIENTED_EDGE('',*,*,#4374,.T.);
#5676=ORIENTED_EDGE('',*,*,#4371,.F.);
#5677=ORIENTED_EDGE('',*,*,#4375,.T.);
#5678=ORIENTED_EDGE('',*,*,#4376,.T.);
#5679=ORIENTED_EDGE('',*,*,#4377,.T.);
#5680=ORIENTED_EDGE('',*,*,#4376,.F.);
#5681=ORIENTED_EDGE('',*,*,#4378,.T.);
#5682=ORIENTED_EDGE('',*,*,#4379,.T.);
#5683=ORIENTED_EDGE('',*,*,#4380,.T.);
#5684=ORIENTED_EDGE('',*,*,#4379,.F.);
#5685=ORIENTED_EDGE('',*,*,#4381,.T.);
#5686=ORIENTED_EDGE('',*,*,#4340,.F.);
#5687=ORIENTED_EDGE('',*,*,#4382,.T.);
#5688=ORIENTED_EDGE('',*,*,#4346,.F.);
#5689=ORIENTED_EDGE('',*,*,#4383,.T.);
#5690=ORIENTED_EDGE('',*,*,#4337,.F.);
#5691=ORIENTED_EDGE('',*,*,#4384,.T.);
#5692=ORIENTED_EDGE('',*,*,#4342,.F.);
#5693=ORIENTED_EDGE('',*,*,#4385,.T.);
#5694=ORIENTED_EDGE('',*,*,#4386,.T.);
#5695=ORIENTED_EDGE('',*,*,#4387,.T.);
#5696=ORIENTED_EDGE('',*,*,#4386,.F.);
#5697=ORIENTED_EDGE('',*,*,#4388,.T.);
#5698=ORIENTED_EDGE('',*,*,#4329,.F.);
#5699=ORIENTED_EDGE('',*,*,#4389,.T.);
#5700=ORIENTED_EDGE('',*,*,#4335,.F.);
#5701=ORIENTED_EDGE('',*,*,#4390,.T.);
#5702=ORIENTED_EDGE('',*,*,#4326,.F.);
#5703=ORIENTED_EDGE('',*,*,#4391,.T.);
#5704=ORIENTED_EDGE('',*,*,#4331,.F.);
#5705=ORIENTED_EDGE('',*,*,#4392,.T.);
#5706=ORIENTED_EDGE('',*,*,#4393,.T.);
#5707=ORIENTED_EDGE('',*,*,#4394,.T.);
#5708=ORIENTED_EDGE('',*,*,#4393,.F.);
#5709=ORIENTED_EDGE('',*,*,#4395,.T.);
#5710=ORIENTED_EDGE('',*,*,#4318,.F.);
#5711=ORIENTED_EDGE('',*,*,#4396,.T.);
#5712=ORIENTED_EDGE('',*,*,#4324,.F.);
#5713=ORIENTED_EDGE('',*,*,#4397,.T.);
#5714=ORIENTED_EDGE('',*,*,#4315,.F.);
#5715=ORIENTED_EDGE('',*,*,#4398,.T.);
#5716=ORIENTED_EDGE('',*,*,#4320,.F.);
#5717=ORIENTED_EDGE('',*,*,#4399,.T.);
#5718=ORIENTED_EDGE('',*,*,#4400,.T.);
#5719=ORIENTED_EDGE('',*,*,#4401,.T.);
#5720=ORIENTED_EDGE('',*,*,#4400,.F.);
#5721=ORIENTED_EDGE('',*,*,#4402,.T.);
#5722=ORIENTED_EDGE('',*,*,#4307,.F.);
#5723=ORIENTED_EDGE('',*,*,#4403,.T.);
#5724=ORIENTED_EDGE('',*,*,#4313,.F.);
#5725=ORIENTED_EDGE('',*,*,#4404,.T.);
#5726=ORIENTED_EDGE('',*,*,#4304,.F.);
#5727=ORIENTED_EDGE('',*,*,#4405,.T.);
#5728=ORIENTED_EDGE('',*,*,#4309,.F.);
#5729=ORIENTED_EDGE('',*,*,#4406,.T.);
#5730=ORIENTED_EDGE('',*,*,#4407,.T.);
#5731=ORIENTED_EDGE('',*,*,#4408,.T.);
#5732=ORIENTED_EDGE('',*,*,#4407,.F.);
#5733=ORIENTED_EDGE('',*,*,#4409,.T.);
#5734=ORIENTED_EDGE('',*,*,#4296,.F.);
#5735=ORIENTED_EDGE('',*,*,#4410,.T.);
#5736=ORIENTED_EDGE('',*,*,#4302,.F.);
#5737=ORIENTED_EDGE('',*,*,#4411,.T.);
#5738=ORIENTED_EDGE('',*,*,#4294,.F.);
#5739=ORIENTED_EDGE('',*,*,#4412,.T.);
#5740=ORIENTED_EDGE('',*,*,#4292,.F.);
#5741=ORIENTED_EDGE('',*,*,#4413,.T.);
#5742=ORIENTED_EDGE('',*,*,#4288,.F.);
#5743=ORIENTED_EDGE('',*,*,#4414,.T.);
#5744=ORIENTED_EDGE('',*,*,#4298,.F.);
#5745=ORIENTED_EDGE('',*,*,#4415,.T.);
#5746=ORIENTED_EDGE('',*,*,#4416,.T.);
#5747=ORIENTED_EDGE('',*,*,#4417,.T.);
#5748=ORIENTED_EDGE('',*,*,#4416,.F.);
#5749=ORIENTED_EDGE('',*,*,#4418,.T.);
#5750=ORIENTED_EDGE('',*,*,#4290,.F.);
#5751=ORIENTED_EDGE('',*,*,#4411,.F.);
#5752=ORIENTED_EDGE('',*,*,#4419,.T.);
#5753=ORIENTED_EDGE('',*,*,#4420,.F.);
#5754=ORIENTED_EDGE('',*,*,#4421,.T.);
#5755=ORIENTED_EDGE('',*,*,#4301,.F.);
#5756=ORIENTED_EDGE('',*,*,#4422,.F.);
#5757=ORIENTED_EDGE('',*,*,#4423,.F.);
#5758=ORIENTED_EDGE('',*,*,#4419,.F.);
#5759=ORIENTED_EDGE('',*,*,#4305,.F.);
#5760=ORIENTED_EDGE('',*,*,#4424,.T.);
#5761=ORIENTED_EDGE('',*,*,#4425,.F.);
#5762=ORIENTED_EDGE('',*,*,#4422,.T.);
#5763=ORIENTED_EDGE('',*,*,#4404,.F.);
#5764=ORIENTED_EDGE('',*,*,#4426,.T.);
#5765=ORIENTED_EDGE('',*,*,#4427,.F.);
#5766=ORIENTED_EDGE('',*,*,#4424,.F.);
#5767=ORIENTED_EDGE('',*,*,#4312,.F.);
#5768=ORIENTED_EDGE('',*,*,#4428,.F.);
#5769=ORIENTED_EDGE('',*,*,#4429,.F.);
#5770=ORIENTED_EDGE('',*,*,#4426,.F.);
#5771=ORIENTED_EDGE('',*,*,#4316,.F.);
#5772=ORIENTED_EDGE('',*,*,#4430,.T.);
#5773=ORIENTED_EDGE('',*,*,#4431,.F.);
#5774=ORIENTED_EDGE('',*,*,#4428,.T.);
#5775=ORIENTED_EDGE('',*,*,#4397,.F.);
#5776=ORIENTED_EDGE('',*,*,#4432,.T.);
#5777=ORIENTED_EDGE('',*,*,#4433,.F.);
#5778=ORIENTED_EDGE('',*,*,#4430,.F.);
#5779=ORIENTED_EDGE('',*,*,#4323,.F.);
#5780=ORIENTED_EDGE('',*,*,#4434,.F.);
#5781=ORIENTED_EDGE('',*,*,#4435,.F.);
#5782=ORIENTED_EDGE('',*,*,#4432,.F.);
#5783=ORIENTED_EDGE('',*,*,#4327,.F.);
#5784=ORIENTED_EDGE('',*,*,#4436,.T.);
#5785=ORIENTED_EDGE('',*,*,#4437,.F.);
#5786=ORIENTED_EDGE('',*,*,#4434,.T.);
#5787=ORIENTED_EDGE('',*,*,#4390,.F.);
#5788=ORIENTED_EDGE('',*,*,#4438,.T.);
#5789=ORIENTED_EDGE('',*,*,#4439,.F.);
#5790=ORIENTED_EDGE('',*,*,#4436,.F.);
#5791=ORIENTED_EDGE('',*,*,#4334,.F.);
#5792=ORIENTED_EDGE('',*,*,#4440,.F.);
#5793=ORIENTED_EDGE('',*,*,#4441,.F.);
#5794=ORIENTED_EDGE('',*,*,#4438,.F.);
#5795=ORIENTED_EDGE('',*,*,#4338,.F.);
#5796=ORIENTED_EDGE('',*,*,#4442,.T.);
#5797=ORIENTED_EDGE('',*,*,#4443,.F.);
#5798=ORIENTED_EDGE('',*,*,#4440,.T.);
#5799=ORIENTED_EDGE('',*,*,#4383,.F.);
#5800=ORIENTED_EDGE('',*,*,#4444,.T.);
#5801=ORIENTED_EDGE('',*,*,#4445,.F.);
#5802=ORIENTED_EDGE('',*,*,#4442,.F.);
#5803=ORIENTED_EDGE('',*,*,#4345,.F.);
#5804=ORIENTED_EDGE('',*,*,#4446,.F.);
#5805=ORIENTED_EDGE('',*,*,#4447,.F.);
#5806=ORIENTED_EDGE('',*,*,#4444,.F.);
#5807=ORIENTED_EDGE('',*,*,#4349,.F.);
#5808=ORIENTED_EDGE('',*,*,#4448,.T.);
#5809=ORIENTED_EDGE('',*,*,#4449,.F.);
#5810=ORIENTED_EDGE('',*,*,#4446,.T.);
#5811=ORIENTED_EDGE('',*,*,#4373,.F.);
#5812=ORIENTED_EDGE('',*,*,#4450,.T.);
#5813=ORIENTED_EDGE('',*,*,#4451,.F.);
#5814=ORIENTED_EDGE('',*,*,#4448,.F.);
#5815=ORIENTED_EDGE('',*,*,#4352,.F.);
#5816=ORIENTED_EDGE('',*,*,#4452,.F.);
#5817=ORIENTED_EDGE('',*,*,#4453,.F.);
#5818=ORIENTED_EDGE('',*,*,#4450,.F.);
#5819=ORIENTED_EDGE('',*,*,#4356,.F.);
#5820=ORIENTED_EDGE('',*,*,#4454,.T.);
#5821=ORIENTED_EDGE('',*,*,#4455,.F.);
#5822=ORIENTED_EDGE('',*,*,#4452,.T.);
#5823=ORIENTED_EDGE('',*,*,#4362,.F.);
#5824=ORIENTED_EDGE('',*,*,#4456,.T.);
#5825=ORIENTED_EDGE('',*,*,#4457,.F.);
#5826=ORIENTED_EDGE('',*,*,#4454,.F.);
#5827=ORIENTED_EDGE('',*,*,#4357,.F.);
#5828=ORIENTED_EDGE('',*,*,#4458,.F.);
#5829=ORIENTED_EDGE('',*,*,#4459,.F.);
#5830=ORIENTED_EDGE('',*,*,#4456,.F.);
#5831=ORIENTED_EDGE('',*,*,#4368,.F.);
#5832=ORIENTED_EDGE('',*,*,#4460,.F.);
#5833=ORIENTED_EDGE('',*,*,#4461,.F.);
#5834=ORIENTED_EDGE('',*,*,#4458,.T.);
#5835=ORIENTED_EDGE('',*,*,#4363,.F.);
#5836=ORIENTED_EDGE('',*,*,#4462,.F.);
#5837=ORIENTED_EDGE('',*,*,#4463,.F.);
#5838=ORIENTED_EDGE('',*,*,#4460,.T.);
#5839=ORIENTED_EDGE('',*,*,#4464,.F.);
#5840=ORIENTED_EDGE('',*,*,#4465,.F.);
#5841=ORIENTED_EDGE('',*,*,#4466,.F.);
#5842=ORIENTED_EDGE('',*,*,#4467,.F.);
#5843=ORIENTED_EDGE('',*,*,#4468,.F.);
#5844=ORIENTED_EDGE('',*,*,#4469,.F.);
#5845=ORIENTED_EDGE('',*,*,#4470,.F.);
#5846=ORIENTED_EDGE('',*,*,#4471,.F.);
#5847=ORIENTED_EDGE('',*,*,#4472,.F.);
#5848=ORIENTED_EDGE('',*,*,#4473,.F.);
#5849=ORIENTED_EDGE('',*,*,#4474,.F.);
#5850=ORIENTED_EDGE('',*,*,#4475,.F.);
#5851=ORIENTED_EDGE('',*,*,#4365,.F.);
#5852=ORIENTED_EDGE('',*,*,#4367,.F.);
#5853=ORIENTED_EDGE('',*,*,#4359,.F.);
#5854=ORIENTED_EDGE('',*,*,#4361,.F.);
#5855=ORIENTED_EDGE('',*,*,#4354,.F.);
#5856=ORIENTED_EDGE('',*,*,#4350,.F.);
#5857=ORIENTED_EDGE('',*,*,#4372,.F.);
#5858=ORIENTED_EDGE('',*,*,#4347,.F.);
#5859=ORIENTED_EDGE('',*,*,#4343,.F.);
#5860=ORIENTED_EDGE('',*,*,#4382,.F.);
#5861=ORIENTED_EDGE('',*,*,#4336,.F.);
#5862=ORIENTED_EDGE('',*,*,#4332,.F.);
#5863=ORIENTED_EDGE('',*,*,#4389,.F.);
#5864=ORIENTED_EDGE('',*,*,#4325,.F.);
#5865=ORIENTED_EDGE('',*,*,#4321,.F.);
#5866=ORIENTED_EDGE('',*,*,#4396,.F.);
#5867=ORIENTED_EDGE('',*,*,#4314,.F.);
#5868=ORIENTED_EDGE('',*,*,#4310,.F.);
#5869=ORIENTED_EDGE('',*,*,#4403,.F.);
#5870=ORIENTED_EDGE('',*,*,#4303,.F.);
#5871=ORIENTED_EDGE('',*,*,#4299,.F.);
#5872=ORIENTED_EDGE('',*,*,#4410,.F.);
#5873=ORIENTED_EDGE('',*,*,#4293,.F.);
#5874=ORIENTED_EDGE('',*,*,#4412,.F.);
#5875=ORIENTED_EDGE('',*,*,#4287,.F.);
#5876=ORIENTED_EDGE('',*,*,#4418,.F.);
#5877=ORIENTED_EDGE('',*,*,#4415,.F.);
#5878=ORIENTED_EDGE('',*,*,#4297,.F.);
#5879=ORIENTED_EDGE('',*,*,#4409,.F.);
#5880=ORIENTED_EDGE('',*,*,#4406,.F.);
#5881=ORIENTED_EDGE('',*,*,#4308,.F.);
#5882=ORIENTED_EDGE('',*,*,#4402,.F.);
#5883=ORIENTED_EDGE('',*,*,#4399,.F.);
#5884=ORIENTED_EDGE('',*,*,#4319,.F.);
#5885=ORIENTED_EDGE('',*,*,#4395,.F.);
#5886=ORIENTED_EDGE('',*,*,#4392,.F.);
#5887=ORIENTED_EDGE('',*,*,#4330,.F.);
#5888=ORIENTED_EDGE('',*,*,#4388,.F.);
#5889=ORIENTED_EDGE('',*,*,#4385,.F.);
#5890=ORIENTED_EDGE('',*,*,#4341,.F.);
#5891=ORIENTED_EDGE('',*,*,#4381,.F.);
#5892=ORIENTED_EDGE('',*,*,#4378,.F.);
#5893=ORIENTED_EDGE('',*,*,#4375,.F.);
#5894=ORIENTED_EDGE('',*,*,#4370,.F.);
#5895=ORIENTED_EDGE('',*,*,#4476,.T.);
#5896=ORIENTED_EDGE('',*,*,#4477,.T.);
#5897=ORIENTED_EDGE('',*,*,#4478,.T.);
#5898=ORIENTED_EDGE('',*,*,#4479,.T.);
#5899=ORIENTED_EDGE('',*,*,#4480,.T.);
#5900=ORIENTED_EDGE('',*,*,#4481,.T.);
#5901=ORIENTED_EDGE('',*,*,#4482,.T.);
#5902=ORIENTED_EDGE('',*,*,#4479,.F.);
#5903=ORIENTED_EDGE('',*,*,#4483,.T.);
#5904=ORIENTED_EDGE('',*,*,#4484,.T.);
#5905=ORIENTED_EDGE('',*,*,#4485,.T.);
#5906=ORIENTED_EDGE('',*,*,#4486,.T.);
#5907=ORIENTED_EDGE('',*,*,#4487,.T.);
#5908=ORIENTED_EDGE('',*,*,#4488,.T.);
#5909=ORIENTED_EDGE('',*,*,#4489,.T.);
#5910=ORIENTED_EDGE('',*,*,#4490,.T.);
#5911=ORIENTED_EDGE('',*,*,#4491,.T.);
#5912=ORIENTED_EDGE('',*,*,#4492,.T.);
#5913=ORIENTED_EDGE('',*,*,#4493,.T.);
#5914=ORIENTED_EDGE('',*,*,#4488,.F.);
#5915=ORIENTED_EDGE('',*,*,#4494,.T.);
#5916=ORIENTED_EDGE('',*,*,#4495,.T.);
#5917=ORIENTED_EDGE('',*,*,#4496,.T.);
#5918=ORIENTED_EDGE('',*,*,#4497,.T.);
#5919=ORIENTED_EDGE('',*,*,#4498,.T.);
#5920=ORIENTED_EDGE('',*,*,#4499,.T.);
#5921=ORIENTED_EDGE('',*,*,#4500,.T.);
#5922=ORIENTED_EDGE('',*,*,#4501,.T.);
#5923=ORIENTED_EDGE('',*,*,#4502,.T.);
#5924=ORIENTED_EDGE('',*,*,#4503,.T.);
#5925=ORIENTED_EDGE('',*,*,#4504,.T.);
#5926=ORIENTED_EDGE('',*,*,#4499,.F.);
#5927=ORIENTED_EDGE('',*,*,#4425,.T.);
#5928=ORIENTED_EDGE('',*,*,#4505,.T.);
#5929=ORIENTED_EDGE('',*,*,#4506,.T.);
#5930=ORIENTED_EDGE('',*,*,#4507,.T.);
#5931=ORIENTED_EDGE('',*,*,#4508,.T.);
#5932=ORIENTED_EDGE('',*,*,#4509,.T.);
#5933=ORIENTED_EDGE('',*,*,#4510,.T.);
#5934=ORIENTED_EDGE('',*,*,#4511,.T.);
#5935=ORIENTED_EDGE('',*,*,#4512,.T.);
#5936=ORIENTED_EDGE('',*,*,#4513,.T.);
#5937=ORIENTED_EDGE('',*,*,#4514,.T.);
#5938=ORIENTED_EDGE('',*,*,#4509,.F.);
#5939=ORIENTED_EDGE('',*,*,#4431,.T.);
#5940=ORIENTED_EDGE('',*,*,#4515,.T.);
#5941=ORIENTED_EDGE('',*,*,#4516,.T.);
#5942=ORIENTED_EDGE('',*,*,#4517,.T.);
#5943=ORIENTED_EDGE('',*,*,#4518,.T.);
#5944=ORIENTED_EDGE('',*,*,#4519,.T.);
#5945=ORIENTED_EDGE('',*,*,#4520,.T.);
#5946=ORIENTED_EDGE('',*,*,#4521,.T.);
#5947=ORIENTED_EDGE('',*,*,#4522,.T.);
#5948=ORIENTED_EDGE('',*,*,#4523,.T.);
#5949=ORIENTED_EDGE('',*,*,#4524,.T.);
#5950=ORIENTED_EDGE('',*,*,#4519,.F.);
#5951=ORIENTED_EDGE('',*,*,#4525,.T.);
#5952=ORIENTED_EDGE('',*,*,#4526,.T.);
#5953=ORIENTED_EDGE('',*,*,#4527,.T.);
#5954=ORIENTED_EDGE('',*,*,#4523,.F.);
#5955=ORIENTED_EDGE('',*,*,#4437,.T.);
#5956=ORIENTED_EDGE('',*,*,#4528,.T.);
#5957=ORIENTED_EDGE('',*,*,#4529,.T.);
#5958=ORIENTED_EDGE('',*,*,#4530,.T.);
#5959=ORIENTED_EDGE('',*,*,#4531,.T.);
#5960=ORIENTED_EDGE('',*,*,#4532,.T.);
#5961=ORIENTED_EDGE('',*,*,#4463,.T.);
#5962=ORIENTED_EDGE('',*,*,#4526,.F.);
#5963=ORIENTED_EDGE('',*,*,#4461,.T.);
#5964=ORIENTED_EDGE('',*,*,#4532,.F.);
#5965=ORIENTED_EDGE('',*,*,#4533,.T.);
#5966=ORIENTED_EDGE('',*,*,#4534,.T.);
#5967=ORIENTED_EDGE('',*,*,#4535,.T.);
#5968=ORIENTED_EDGE('',*,*,#4536,.T.);
#5969=ORIENTED_EDGE('',*,*,#4459,.T.);
#5970=ORIENTED_EDGE('',*,*,#4534,.F.);
#5971=ORIENTED_EDGE('',*,*,#4443,.T.);
#5972=ORIENTED_EDGE('',*,*,#4537,.T.);
#5973=ORIENTED_EDGE('',*,*,#4538,.T.);
#5974=ORIENTED_EDGE('',*,*,#4539,.T.);
#5975=ORIENTED_EDGE('',*,*,#4540,.T.);
#5976=ORIENTED_EDGE('',*,*,#4541,.T.);
#5977=ORIENTED_EDGE('',*,*,#4455,.T.);
#5978=ORIENTED_EDGE('',*,*,#4542,.T.);
#5979=ORIENTED_EDGE('',*,*,#4543,.T.);
#5980=ORIENTED_EDGE('',*,*,#4544,.T.);
#5981=ORIENTED_EDGE('',*,*,#4453,.T.);
#5982=ORIENTED_EDGE('',*,*,#4541,.F.);
#5983=ORIENTED_EDGE('',*,*,#4449,.T.);
#5984=ORIENTED_EDGE('',*,*,#4545,.T.);
#5985=ORIENTED_EDGE('',*,*,#4546,.T.);
#5986=ORIENTED_EDGE('',*,*,#4547,.T.);
#5987=ORIENTED_EDGE('',*,*,#4548,.T.);
#5988=ORIENTED_EDGE('',*,*,#4545,.F.);
#5989=ORIENTED_EDGE('',*,*,#4451,.T.);
#5990=ORIENTED_EDGE('',*,*,#4544,.F.);
#5991=ORIENTED_EDGE('',*,*,#4447,.T.);
#5992=ORIENTED_EDGE('',*,*,#4547,.F.);
#5993=ORIENTED_EDGE('',*,*,#4549,.T.);
#5994=ORIENTED_EDGE('',*,*,#4550,.T.);
#5995=ORIENTED_EDGE('',*,*,#4445,.T.);
#5996=ORIENTED_EDGE('',*,*,#4550,.F.);
#5997=ORIENTED_EDGE('',*,*,#4551,.T.);
#5998=ORIENTED_EDGE('',*,*,#4537,.F.);
#5999=ORIENTED_EDGE('',*,*,#4552,.T.);
#6000=ORIENTED_EDGE('',*,*,#4542,.F.);
#6001=ORIENTED_EDGE('',*,*,#4457,.T.);
#6002=ORIENTED_EDGE('',*,*,#4536,.F.);
#6003=ORIENTED_EDGE('',*,*,#4441,.T.);
#6004=ORIENTED_EDGE('',*,*,#4539,.F.);
#6005=ORIENTED_EDGE('',*,*,#4553,.T.);
#6006=ORIENTED_EDGE('',*,*,#4554,.T.);
#6007=ORIENTED_EDGE('',*,*,#4439,.T.);
#6008=ORIENTED_EDGE('',*,*,#4554,.F.);
#6009=ORIENTED_EDGE('',*,*,#4555,.T.);
#6010=ORIENTED_EDGE('',*,*,#4528,.F.);
#6011=ORIENTED_EDGE('',*,*,#4435,.T.);
#6012=ORIENTED_EDGE('',*,*,#4530,.F.);
#6013=ORIENTED_EDGE('',*,*,#4556,.T.);
#6014=ORIENTED_EDGE('',*,*,#4557,.T.);
#6015=ORIENTED_EDGE('',*,*,#4433,.T.);
#6016=ORIENTED_EDGE('',*,*,#4557,.F.);
#6017=ORIENTED_EDGE('',*,*,#4558,.T.);
#6018=ORIENTED_EDGE('',*,*,#4515,.F.);
#6019=ORIENTED_EDGE('',*,*,#4559,.T.);
#6020=ORIENTED_EDGE('',*,*,#4521,.F.);
#6021=ORIENTED_EDGE('',*,*,#4560,.T.);
#6022=ORIENTED_EDGE('',*,*,#4513,.F.);
#6023=ORIENTED_EDGE('',*,*,#4429,.T.);
#6024=ORIENTED_EDGE('',*,*,#4517,.F.);
#6025=ORIENTED_EDGE('',*,*,#4561,.T.);
#6026=ORIENTED_EDGE('',*,*,#4562,.T.);
#6027=ORIENTED_EDGE('',*,*,#4427,.T.);
#6028=ORIENTED_EDGE('',*,*,#4562,.F.);
#6029=ORIENTED_EDGE('',*,*,#4563,.T.);
#6030=ORIENTED_EDGE('',*,*,#4505,.F.);
#6031=ORIENTED_EDGE('',*,*,#4564,.T.);
#6032=ORIENTED_EDGE('',*,*,#4511,.F.);
#6033=ORIENTED_EDGE('',*,*,#4565,.T.);
#6034=ORIENTED_EDGE('',*,*,#4503,.F.);
#6035=ORIENTED_EDGE('',*,*,#4423,.T.);
#6036=ORIENTED_EDGE('',*,*,#4507,.F.);
#6037=ORIENTED_EDGE('',*,*,#4566,.T.);
#6038=ORIENTED_EDGE('',*,*,#4567,.T.);
#6039=ORIENTED_EDGE('',*,*,#4420,.T.);
#6040=ORIENTED_EDGE('',*,*,#4567,.F.);
#6041=ORIENTED_EDGE('',*,*,#4568,.T.);
#6042=ORIENTED_EDGE('',*,*,#4497,.F.);
#6043=ORIENTED_EDGE('',*,*,#4569,.T.);
#6044=ORIENTED_EDGE('',*,*,#4495,.F.);
#6045=ORIENTED_EDGE('',*,*,#4570,.T.);
#6046=ORIENTED_EDGE('',*,*,#4571,.T.);
#6047=ORIENTED_EDGE('',*,*,#4572,.T.);
#6048=ORIENTED_EDGE('',*,*,#4501,.F.);
#6049=ORIENTED_EDGE('',*,*,#4573,.T.);
#6050=ORIENTED_EDGE('',*,*,#4492,.F.);
#6051=ORIENTED_EDGE('',*,*,#4574,.T.);
#6052=ORIENTED_EDGE('',*,*,#4571,.F.);
#6053=ORIENTED_EDGE('',*,*,#4575,.T.);
#6054=ORIENTED_EDGE('',*,*,#4576,.T.);
#6055=ORIENTED_EDGE('',*,*,#4577,.T.);
#6056=ORIENTED_EDGE('',*,*,#4576,.F.);
#6057=ORIENTED_EDGE('',*,*,#4578,.T.);
#6058=ORIENTED_EDGE('',*,*,#4484,.F.);
#6059=ORIENTED_EDGE('',*,*,#4579,.T.);
#6060=ORIENTED_EDGE('',*,*,#4490,.F.);
#6061=ORIENTED_EDGE('',*,*,#4580,.T.);
#6062=ORIENTED_EDGE('',*,*,#4481,.F.);
#6063=ORIENTED_EDGE('',*,*,#4581,.T.);
#6064=ORIENTED_EDGE('',*,*,#4486,.F.);
#6065=ORIENTED_EDGE('',*,*,#4582,.T.);
#6066=ORIENTED_EDGE('',*,*,#4583,.T.);
#6067=ORIENTED_EDGE('',*,*,#4584,.T.);
#6068=ORIENTED_EDGE('',*,*,#4583,.F.);
#6069=ORIENTED_EDGE('',*,*,#4585,.T.);
#6070=ORIENTED_EDGE('',*,*,#4477,.F.);
#6071=ORIENTED_EDGE('',*,*,#4306,.F.);
#6072=ORIENTED_EDGE('',*,*,#4586,.F.);
#6073=ORIENTED_EDGE('',*,*,#4482,.F.);
#6074=ORIENTED_EDGE('',*,*,#4587,.F.);
#6075=ORIENTED_EDGE('',*,*,#4401,.F.);
#6076=ORIENTED_EDGE('',*,*,#4587,.T.);
#6077=ORIENTED_EDGE('',*,*,#4580,.F.);
#6078=ORIENTED_EDGE('',*,*,#4588,.F.);
#6079=ORIENTED_EDGE('',*,*,#4398,.F.);
#6080=ORIENTED_EDGE('',*,*,#4588,.T.);
#6081=ORIENTED_EDGE('',*,*,#4489,.F.);
#6082=ORIENTED_EDGE('',*,*,#4589,.T.);
#6083=ORIENTED_EDGE('',*,*,#4317,.F.);
#6084=ORIENTED_EDGE('',*,*,#4589,.F.);
#6085=ORIENTED_EDGE('',*,*,#4493,.F.);
#6086=ORIENTED_EDGE('',*,*,#4590,.F.);
#6087=ORIENTED_EDGE('',*,*,#4394,.F.);
#6088=ORIENTED_EDGE('',*,*,#4590,.T.);
#6089=ORIENTED_EDGE('',*,*,#4573,.F.);
#6090=ORIENTED_EDGE('',*,*,#4591,.F.);
#6091=ORIENTED_EDGE('',*,*,#4391,.F.);
#6092=ORIENTED_EDGE('',*,*,#4591,.T.);
#6093=ORIENTED_EDGE('',*,*,#4500,.F.);
#6094=ORIENTED_EDGE('',*,*,#4592,.T.);
#6095=ORIENTED_EDGE('',*,*,#4328,.F.);
#6096=ORIENTED_EDGE('',*,*,#4592,.F.);
#6097=ORIENTED_EDGE('',*,*,#4504,.F.);
#6098=ORIENTED_EDGE('',*,*,#4593,.F.);
#6099=ORIENTED_EDGE('',*,*,#4387,.F.);
#6100=ORIENTED_EDGE('',*,*,#4593,.T.);
#6101=ORIENTED_EDGE('',*,*,#4565,.F.);
#6102=ORIENTED_EDGE('',*,*,#4594,.F.);
#6103=ORIENTED_EDGE('',*,*,#4384,.F.);
#6104=ORIENTED_EDGE('',*,*,#4594,.T.);
#6105=ORIENTED_EDGE('',*,*,#4510,.F.);
#6106=ORIENTED_EDGE('',*,*,#4595,.T.);
#6107=ORIENTED_EDGE('',*,*,#4339,.F.);
#6108=ORIENTED_EDGE('',*,*,#4595,.F.);
#6109=ORIENTED_EDGE('',*,*,#4514,.F.);
#6110=ORIENTED_EDGE('',*,*,#4596,.F.);
#6111=ORIENTED_EDGE('',*,*,#4380,.F.);
#6112=ORIENTED_EDGE('',*,*,#4596,.T.);
#6113=ORIENTED_EDGE('',*,*,#4560,.F.);
#6114=ORIENTED_EDGE('',*,*,#4597,.F.);
#6115=ORIENTED_EDGE('',*,*,#4377,.F.);
#6116=ORIENTED_EDGE('',*,*,#4597,.T.);
#6117=ORIENTED_EDGE('',*,*,#4520,.F.);
#6118=ORIENTED_EDGE('',*,*,#4598,.T.);
#6119=ORIENTED_EDGE('',*,*,#4374,.F.);
#6120=ORIENTED_EDGE('',*,*,#4598,.F.);
#6121=ORIENTED_EDGE('',*,*,#4524,.F.);
#6122=ORIENTED_EDGE('',*,*,#4599,.F.);
#6123=ORIENTED_EDGE('',*,*,#4369,.F.);
#6124=ORIENTED_EDGE('',*,*,#4599,.T.);
#6125=ORIENTED_EDGE('',*,*,#4527,.F.);
#6126=ORIENTED_EDGE('',*,*,#4462,.T.);
#6127=ORIENTED_EDGE('',*,*,#4600,.F.);
#6128=ORIENTED_EDGE('',*,*,#4601,.F.);
#6129=ORIENTED_EDGE('',*,*,#4602,.F.);
#6130=ORIENTED_EDGE('',*,*,#4603,.F.);
#6131=ORIENTED_EDGE('',*,*,#4604,.F.);
#6132=ORIENTED_EDGE('',*,*,#4605,.F.);
#6133=ORIENTED_EDGE('',*,*,#4606,.F.);
#6134=ORIENTED_EDGE('',*,*,#4607,.F.);
#6135=ORIENTED_EDGE('',*,*,#4608,.F.);
#6136=ORIENTED_EDGE('',*,*,#4609,.F.);
#6137=ORIENTED_EDGE('',*,*,#4610,.F.);
#6138=ORIENTED_EDGE('',*,*,#4611,.F.);
#6139=ORIENTED_EDGE('',*,*,#4546,.F.);
#6140=ORIENTED_EDGE('',*,*,#4548,.F.);
#6141=ORIENTED_EDGE('',*,*,#4543,.F.);
#6142=ORIENTED_EDGE('',*,*,#4540,.F.);
#6143=ORIENTED_EDGE('',*,*,#4552,.F.);
#6144=ORIENTED_EDGE('',*,*,#4535,.F.);
#6145=ORIENTED_EDGE('',*,*,#4533,.F.);
#6146=ORIENTED_EDGE('',*,*,#4531,.F.);
#6147=ORIENTED_EDGE('',*,*,#4525,.F.);
#6148=ORIENTED_EDGE('',*,*,#4522,.F.);
#6149=ORIENTED_EDGE('',*,*,#4518,.F.);
#6150=ORIENTED_EDGE('',*,*,#4559,.F.);
#6151=ORIENTED_EDGE('',*,*,#4512,.F.);
#6152=ORIENTED_EDGE('',*,*,#4508,.F.);
#6153=ORIENTED_EDGE('',*,*,#4564,.F.);
#6154=ORIENTED_EDGE('',*,*,#4502,.F.);
#6155=ORIENTED_EDGE('',*,*,#4498,.F.);
#6156=ORIENTED_EDGE('',*,*,#4572,.F.);
#6157=ORIENTED_EDGE('',*,*,#4491,.F.);
#6158=ORIENTED_EDGE('',*,*,#4487,.F.);
#6159=ORIENTED_EDGE('',*,*,#4579,.F.);
#6160=ORIENTED_EDGE('',*,*,#4480,.F.);
#6161=ORIENTED_EDGE('',*,*,#4478,.F.);
#6162=ORIENTED_EDGE('',*,*,#4585,.F.);
#6163=ORIENTED_EDGE('',*,*,#4582,.F.);
#6164=ORIENTED_EDGE('',*,*,#4485,.F.);
#6165=ORIENTED_EDGE('',*,*,#4578,.F.);
#6166=ORIENTED_EDGE('',*,*,#4575,.F.);
#6167=ORIENTED_EDGE('',*,*,#4570,.F.);
#6168=ORIENTED_EDGE('',*,*,#4494,.F.);
#6169=ORIENTED_EDGE('',*,*,#4568,.F.);
#6170=ORIENTED_EDGE('',*,*,#4566,.F.);
#6171=ORIENTED_EDGE('',*,*,#4506,.F.);
#6172=ORIENTED_EDGE('',*,*,#4563,.F.);
#6173=ORIENTED_EDGE('',*,*,#4561,.F.);
#6174=ORIENTED_EDGE('',*,*,#4516,.F.);
#6175=ORIENTED_EDGE('',*,*,#4558,.F.);
#6176=ORIENTED_EDGE('',*,*,#4556,.F.);
#6177=ORIENTED_EDGE('',*,*,#4529,.F.);
#6178=ORIENTED_EDGE('',*,*,#4555,.F.);
#6179=ORIENTED_EDGE('',*,*,#4553,.F.);
#6180=ORIENTED_EDGE('',*,*,#4538,.F.);
#6181=ORIENTED_EDGE('',*,*,#4551,.F.);
#6182=ORIENTED_EDGE('',*,*,#4549,.F.);
#6183=ORIENTED_EDGE('',*,*,#4295,.F.);
#6184=ORIENTED_EDGE('',*,*,#4612,.F.);
#6185=ORIENTED_EDGE('',*,*,#4581,.F.);
#6186=ORIENTED_EDGE('',*,*,#4613,.F.);
#6187=ORIENTED_EDGE('',*,*,#4408,.F.);
#6188=ORIENTED_EDGE('',*,*,#4613,.T.);
#6189=ORIENTED_EDGE('',*,*,#4584,.F.);
#6190=ORIENTED_EDGE('',*,*,#4614,.F.);
#6191=ORIENTED_EDGE('',*,*,#4405,.F.);
#6192=ORIENTED_EDGE('',*,*,#4614,.T.);
#6193=ORIENTED_EDGE('',*,*,#4476,.F.);
#6194=ORIENTED_EDGE('',*,*,#4586,.T.);
#6195=ORIENTED_EDGE('',*,*,#4414,.F.);
#6196=ORIENTED_EDGE('',*,*,#4615,.T.);
#6197=ORIENTED_EDGE('',*,*,#4483,.F.);
#6198=ORIENTED_EDGE('',*,*,#4612,.T.);
#6199=ORIENTED_EDGE('',*,*,#4289,.F.);
#6200=ORIENTED_EDGE('',*,*,#4616,.F.);
#6201=ORIENTED_EDGE('',*,*,#4574,.F.);
#6202=ORIENTED_EDGE('',*,*,#4617,.F.);
#6203=ORIENTED_EDGE('',*,*,#4417,.F.);
#6204=ORIENTED_EDGE('',*,*,#4617,.T.);
#6205=ORIENTED_EDGE('',*,*,#4577,.F.);
#6206=ORIENTED_EDGE('',*,*,#4615,.F.);
#6207=ORIENTED_EDGE('',*,*,#4413,.F.);
#6208=ORIENTED_EDGE('',*,*,#4618,.F.);
#6209=ORIENTED_EDGE('',*,*,#4569,.F.);
#6210=ORIENTED_EDGE('',*,*,#4616,.T.);
#6211=ORIENTED_EDGE('',*,*,#4291,.F.);
#6212=ORIENTED_EDGE('',*,*,#4421,.F.);
#6213=ORIENTED_EDGE('',*,*,#4496,.F.);
#6214=ORIENTED_EDGE('',*,*,#4618,.T.);
#6215=ORIENTED_EDGE('',*,*,#4619,.T.);
#6216=ORIENTED_EDGE('',*,*,#4470,.T.);
#6217=ORIENTED_EDGE('',*,*,#4620,.T.);
#6218=ORIENTED_EDGE('',*,*,#4621,.T.);
#6219=ORIENTED_EDGE('',*,*,#4622,.T.);
#6220=ORIENTED_EDGE('',*,*,#4471,.T.);
#6221=ORIENTED_EDGE('',*,*,#4619,.F.);
#6222=ORIENTED_EDGE('',*,*,#4623,.T.);
#6223=ORIENTED_EDGE('',*,*,#4624,.T.);
#6224=ORIENTED_EDGE('',*,*,#4472,.T.);
#6225=ORIENTED_EDGE('',*,*,#4622,.F.);
#6226=ORIENTED_EDGE('',*,*,#4625,.T.);
#6227=ORIENTED_EDGE('',*,*,#4626,.T.);
#6228=ORIENTED_EDGE('',*,*,#4473,.T.);
#6229=ORIENTED_EDGE('',*,*,#4624,.F.);
#6230=ORIENTED_EDGE('',*,*,#4627,.T.);
#6231=ORIENTED_EDGE('',*,*,#4628,.T.);
#6232=ORIENTED_EDGE('',*,*,#4474,.T.);
#6233=ORIENTED_EDGE('',*,*,#4626,.F.);
#6234=ORIENTED_EDGE('',*,*,#4629,.T.);
#6235=ORIENTED_EDGE('',*,*,#4620,.F.);
#6236=ORIENTED_EDGE('',*,*,#4475,.T.);
#6237=ORIENTED_EDGE('',*,*,#4628,.F.);
#6238=ORIENTED_EDGE('',*,*,#4630,.T.);
#6239=ORIENTED_EDGE('',*,*,#4625,.F.);
#6240=ORIENTED_EDGE('',*,*,#4631,.T.);
#6241=ORIENTED_EDGE('',*,*,#4632,.F.);
#6242=ORIENTED_EDGE('',*,*,#4633,.F.);
#6243=ORIENTED_EDGE('',*,*,#4623,.F.);
#6244=ORIENTED_EDGE('',*,*,#4634,.T.);
#6245=ORIENTED_EDGE('',*,*,#4635,.F.);
#6246=ORIENTED_EDGE('',*,*,#4631,.F.);
#6247=ORIENTED_EDGE('',*,*,#4621,.F.);
#6248=ORIENTED_EDGE('',*,*,#4636,.T.);
#6249=ORIENTED_EDGE('',*,*,#4637,.F.);
#6250=ORIENTED_EDGE('',*,*,#4634,.F.);
#6251=ORIENTED_EDGE('',*,*,#4638,.T.);
#6252=ORIENTED_EDGE('',*,*,#4606,.T.);
#6253=ORIENTED_EDGE('',*,*,#4639,.T.);
#6254=ORIENTED_EDGE('',*,*,#4637,.T.);
#6255=ORIENTED_EDGE('',*,*,#4640,.T.);
#6256=ORIENTED_EDGE('',*,*,#4607,.T.);
#6257=ORIENTED_EDGE('',*,*,#4638,.F.);
#6258=ORIENTED_EDGE('',*,*,#4641,.T.);
#6259=ORIENTED_EDGE('',*,*,#4642,.T.);
#6260=ORIENTED_EDGE('',*,*,#4608,.T.);
#6261=ORIENTED_EDGE('',*,*,#4640,.F.);
#6262=ORIENTED_EDGE('',*,*,#4643,.T.);
#6263=ORIENTED_EDGE('',*,*,#4644,.T.);
#6264=ORIENTED_EDGE('',*,*,#4609,.T.);
#6265=ORIENTED_EDGE('',*,*,#4642,.F.);
#6266=ORIENTED_EDGE('',*,*,#4645,.T.);
#6267=ORIENTED_EDGE('',*,*,#4646,.T.);
#6268=ORIENTED_EDGE('',*,*,#4610,.T.);
#6269=ORIENTED_EDGE('',*,*,#4644,.F.);
#6270=ORIENTED_EDGE('',*,*,#4632,.T.);
#6271=ORIENTED_EDGE('',*,*,#4639,.F.);
#6272=ORIENTED_EDGE('',*,*,#4611,.T.);
#6273=ORIENTED_EDGE('',*,*,#4646,.F.);
#6274=ORIENTED_EDGE('',*,*,#4635,.T.);
#6275=ORIENTED_EDGE('',*,*,#4629,.F.);
#6276=ORIENTED_EDGE('',*,*,#4647,.T.);
#6277=ORIENTED_EDGE('',*,*,#4643,.F.);
#6278=ORIENTED_EDGE('',*,*,#4648,.F.);
#6279=ORIENTED_EDGE('',*,*,#4630,.F.);
#6280=ORIENTED_EDGE('',*,*,#4648,.T.);
#6281=ORIENTED_EDGE('',*,*,#4641,.F.);
#6282=ORIENTED_EDGE('',*,*,#4636,.F.);
#6283=ORIENTED_EDGE('',*,*,#4627,.F.);
#6284=ORIENTED_EDGE('',*,*,#4633,.T.);
#6285=ORIENTED_EDGE('',*,*,#4645,.F.);
#6286=ORIENTED_EDGE('',*,*,#4647,.F.);
#6287=ORIENTED_EDGE('',*,*,#4649,.T.);
#6288=ORIENTED_EDGE('',*,*,#4650,.T.);
#6289=ORIENTED_EDGE('',*,*,#4651,.T.);
#6290=ORIENTED_EDGE('',*,*,#4601,.T.);
#6291=ORIENTED_EDGE('',*,*,#4652,.T.);
#6292=ORIENTED_EDGE('',*,*,#4653,.T.);
#6293=ORIENTED_EDGE('',*,*,#4649,.F.);
#6294=ORIENTED_EDGE('',*,*,#4600,.T.);
#6295=ORIENTED_EDGE('',*,*,#4654,.T.);
#6296=ORIENTED_EDGE('',*,*,#4655,.T.);
#6297=ORIENTED_EDGE('',*,*,#4652,.F.);
#6298=ORIENTED_EDGE('',*,*,#4605,.T.);
#6299=ORIENTED_EDGE('',*,*,#4654,.F.);
#6300=ORIENTED_EDGE('',*,*,#4604,.T.);
#6301=ORIENTED_EDGE('',*,*,#4656,.T.);
#6302=ORIENTED_EDGE('',*,*,#4657,.T.);
#6303=ORIENTED_EDGE('',*,*,#4656,.F.);
#6304=ORIENTED_EDGE('',*,*,#4603,.T.);
#6305=ORIENTED_EDGE('',*,*,#4658,.T.);
#6306=ORIENTED_EDGE('',*,*,#4659,.T.);
#6307=ORIENTED_EDGE('',*,*,#4651,.F.);
#6308=ORIENTED_EDGE('',*,*,#4660,.T.);
#6309=ORIENTED_EDGE('',*,*,#4658,.F.);
#6310=ORIENTED_EDGE('',*,*,#4602,.T.);
#6311=ORIENTED_EDGE('',*,*,#4659,.F.);
#6312=ORIENTED_EDGE('',*,*,#4661,.T.);
#6313=ORIENTED_EDGE('',*,*,#4662,.F.);
#6314=ORIENTED_EDGE('',*,*,#4663,.F.);
#6315=ORIENTED_EDGE('',*,*,#4660,.F.);
#6316=ORIENTED_EDGE('',*,*,#4664,.T.);
#6317=ORIENTED_EDGE('',*,*,#4665,.F.);
#6318=ORIENTED_EDGE('',*,*,#4661,.F.);
#6319=ORIENTED_EDGE('',*,*,#4650,.F.);
#6320=ORIENTED_EDGE('',*,*,#4666,.T.);
#6321=ORIENTED_EDGE('',*,*,#4667,.F.);
#6322=ORIENTED_EDGE('',*,*,#4664,.F.);
#6323=ORIENTED_EDGE('',*,*,#4668,.T.);
#6324=ORIENTED_EDGE('',*,*,#4469,.T.);
#6325=ORIENTED_EDGE('',*,*,#4669,.T.);
#6326=ORIENTED_EDGE('',*,*,#4667,.T.);
#6327=ORIENTED_EDGE('',*,*,#4670,.T.);
#6328=ORIENTED_EDGE('',*,*,#4464,.T.);
#6329=ORIENTED_EDGE('',*,*,#4668,.F.);
#6330=ORIENTED_EDGE('',*,*,#4671,.T.);
#6331=ORIENTED_EDGE('',*,*,#4672,.T.);
#6332=ORIENTED_EDGE('',*,*,#4465,.T.);
#6333=ORIENTED_EDGE('',*,*,#4670,.F.);
#6334=ORIENTED_EDGE('',*,*,#4673,.T.);
#6335=ORIENTED_EDGE('',*,*,#4674,.T.);
#6336=ORIENTED_EDGE('',*,*,#4466,.T.);
#6337=ORIENTED_EDGE('',*,*,#4672,.F.);
#6338=ORIENTED_EDGE('',*,*,#4675,.T.);
#6339=ORIENTED_EDGE('',*,*,#4676,.T.);
#6340=ORIENTED_EDGE('',*,*,#4467,.T.);
#6341=ORIENTED_EDGE('',*,*,#4674,.F.);
#6342=ORIENTED_EDGE('',*,*,#4662,.T.);
#6343=ORIENTED_EDGE('',*,*,#4669,.F.);
#6344=ORIENTED_EDGE('',*,*,#4468,.T.);
#6345=ORIENTED_EDGE('',*,*,#4676,.F.);
#6346=ORIENTED_EDGE('',*,*,#4665,.T.);
#6347=ORIENTED_EDGE('',*,*,#4655,.F.);
#6348=ORIENTED_EDGE('',*,*,#4677,.T.);
#6349=ORIENTED_EDGE('',*,*,#4673,.F.);
#6350=ORIENTED_EDGE('',*,*,#4678,.F.);
#6351=ORIENTED_EDGE('',*,*,#4653,.F.);
#6352=ORIENTED_EDGE('',*,*,#4678,.T.);
#6353=ORIENTED_EDGE('',*,*,#4671,.F.);
#6354=ORIENTED_EDGE('',*,*,#4666,.F.);
#6355=ORIENTED_EDGE('',*,*,#4657,.F.);
#6356=ORIENTED_EDGE('',*,*,#4663,.T.);
#6357=ORIENTED_EDGE('',*,*,#4675,.F.);
#6358=ORIENTED_EDGE('',*,*,#4677,.F.);
#6359=ORIENTED_EDGE('',*,*,#4679,.T.);
#6360=ORIENTED_EDGE('',*,*,#4680,.T.);
#6361=ORIENTED_EDGE('',*,*,#4681,.T.);
#6362=ORIENTED_EDGE('',*,*,#4682,.F.);
#6363=ORIENTED_EDGE('',*,*,#4683,.T.);
#6364=ORIENTED_EDGE('',*,*,#4684,.T.);
#6365=ORIENTED_EDGE('',*,*,#4685,.T.);
#6366=ORIENTED_EDGE('',*,*,#4680,.F.);
#6367=ORIENTED_EDGE('',*,*,#4686,.T.);
#6368=ORIENTED_EDGE('',*,*,#4687,.T.);
#6369=ORIENTED_EDGE('',*,*,#4688,.T.);
#6370=ORIENTED_EDGE('',*,*,#4684,.F.);
#6371=ORIENTED_EDGE('',*,*,#4689,.T.);
#6372=ORIENTED_EDGE('',*,*,#4690,.T.);
#6373=ORIENTED_EDGE('',*,*,#4691,.T.);
#6374=ORIENTED_EDGE('',*,*,#4687,.F.);
#6375=ORIENTED_EDGE('',*,*,#4692,.T.);
#6376=ORIENTED_EDGE('',*,*,#4693,.T.);
#6377=ORIENTED_EDGE('',*,*,#4694,.T.);
#6378=ORIENTED_EDGE('',*,*,#4695,.T.);
#6379=ORIENTED_EDGE('',*,*,#4696,.T.);
#6380=ORIENTED_EDGE('',*,*,#4697,.T.);
#6381=ORIENTED_EDGE('',*,*,#4698,.T.);
#6382=ORIENTED_EDGE('',*,*,#4695,.F.);
#6383=ORIENTED_EDGE('',*,*,#4699,.T.);
#6384=ORIENTED_EDGE('',*,*,#4700,.T.);
#6385=ORIENTED_EDGE('',*,*,#4701,.T.);
#6386=ORIENTED_EDGE('',*,*,#4697,.F.);
#6387=ORIENTED_EDGE('',*,*,#4702,.T.);
#6388=ORIENTED_EDGE('',*,*,#4703,.T.);
#6389=ORIENTED_EDGE('',*,*,#4704,.T.);
#6390=ORIENTED_EDGE('',*,*,#4700,.F.);
#6391=ORIENTED_EDGE('',*,*,#4705,.T.);
#6392=ORIENTED_EDGE('',*,*,#4706,.T.);
#6393=ORIENTED_EDGE('',*,*,#4707,.T.);
#6394=ORIENTED_EDGE('',*,*,#4703,.F.);
#6395=ORIENTED_EDGE('',*,*,#4708,.T.);
#6396=ORIENTED_EDGE('',*,*,#4709,.T.);
#6397=ORIENTED_EDGE('',*,*,#4710,.T.);
#6398=ORIENTED_EDGE('',*,*,#4706,.F.);
#6399=ORIENTED_EDGE('',*,*,#4711,.T.);
#6400=ORIENTED_EDGE('',*,*,#4712,.T.);
#6401=ORIENTED_EDGE('',*,*,#4713,.T.);
#6402=ORIENTED_EDGE('',*,*,#4709,.F.);
#6403=ORIENTED_EDGE('',*,*,#4714,.T.);
#6404=ORIENTED_EDGE('',*,*,#4715,.T.);
#6405=ORIENTED_EDGE('',*,*,#4716,.T.);
#6406=ORIENTED_EDGE('',*,*,#4712,.F.);
#6407=ORIENTED_EDGE('',*,*,#4717,.T.);
#6408=ORIENTED_EDGE('',*,*,#4718,.T.);
#6409=ORIENTED_EDGE('',*,*,#4719,.T.);
#6410=ORIENTED_EDGE('',*,*,#4715,.F.);
#6411=ORIENTED_EDGE('',*,*,#4720,.T.);
#6412=ORIENTED_EDGE('',*,*,#4721,.T.);
#6413=ORIENTED_EDGE('',*,*,#4722,.T.);
#6414=ORIENTED_EDGE('',*,*,#4718,.F.);
#6415=ORIENTED_EDGE('',*,*,#4723,.T.);
#6416=ORIENTED_EDGE('',*,*,#4724,.T.);
#6417=ORIENTED_EDGE('',*,*,#4725,.T.);
#6418=ORIENTED_EDGE('',*,*,#4721,.F.);
#6419=ORIENTED_EDGE('',*,*,#4726,.T.);
#6420=ORIENTED_EDGE('',*,*,#4727,.T.);
#6421=ORIENTED_EDGE('',*,*,#4728,.T.);
#6422=ORIENTED_EDGE('',*,*,#4724,.F.);
#6423=ORIENTED_EDGE('',*,*,#4729,.T.);
#6424=ORIENTED_EDGE('',*,*,#4730,.T.);
#6425=ORIENTED_EDGE('',*,*,#4731,.T.);
#6426=ORIENTED_EDGE('',*,*,#4727,.F.);
#6427=ORIENTED_EDGE('',*,*,#4732,.T.);
#6428=ORIENTED_EDGE('',*,*,#4733,.T.);
#6429=ORIENTED_EDGE('',*,*,#4734,.T.);
#6430=ORIENTED_EDGE('',*,*,#4730,.F.);
#6431=ORIENTED_EDGE('',*,*,#4735,.T.);
#6432=ORIENTED_EDGE('',*,*,#4736,.T.);
#6433=ORIENTED_EDGE('',*,*,#4737,.T.);
#6434=ORIENTED_EDGE('',*,*,#4733,.F.);
#6435=ORIENTED_EDGE('',*,*,#4738,.T.);
#6436=ORIENTED_EDGE('',*,*,#4739,.T.);
#6437=ORIENTED_EDGE('',*,*,#4740,.T.);
#6438=ORIENTED_EDGE('',*,*,#4736,.F.);
#6439=ORIENTED_EDGE('',*,*,#4741,.T.);
#6440=ORIENTED_EDGE('',*,*,#4742,.T.);
#6441=ORIENTED_EDGE('',*,*,#4743,.T.);
#6442=ORIENTED_EDGE('',*,*,#4739,.F.);
#6443=ORIENTED_EDGE('',*,*,#4744,.T.);
#6444=ORIENTED_EDGE('',*,*,#4745,.T.);
#6445=ORIENTED_EDGE('',*,*,#4746,.T.);
#6446=ORIENTED_EDGE('',*,*,#4742,.F.);
#6447=ORIENTED_EDGE('',*,*,#4747,.T.);
#6448=ORIENTED_EDGE('',*,*,#4748,.T.);
#6449=ORIENTED_EDGE('',*,*,#4749,.T.);
#6450=ORIENTED_EDGE('',*,*,#4745,.F.);
#6451=ORIENTED_EDGE('',*,*,#4750,.T.);
#6452=ORIENTED_EDGE('',*,*,#4751,.T.);
#6453=ORIENTED_EDGE('',*,*,#4752,.T.);
#6454=ORIENTED_EDGE('',*,*,#4748,.F.);
#6455=ORIENTED_EDGE('',*,*,#4753,.T.);
#6456=ORIENTED_EDGE('',*,*,#4754,.T.);
#6457=ORIENTED_EDGE('',*,*,#4755,.T.);
#6458=ORIENTED_EDGE('',*,*,#4751,.F.);
#6459=ORIENTED_EDGE('',*,*,#4756,.T.);
#6460=ORIENTED_EDGE('',*,*,#4757,.T.);
#6461=ORIENTED_EDGE('',*,*,#4758,.T.);
#6462=ORIENTED_EDGE('',*,*,#4754,.F.);
#6463=ORIENTED_EDGE('',*,*,#4759,.T.);
#6464=ORIENTED_EDGE('',*,*,#4760,.T.);
#6465=ORIENTED_EDGE('',*,*,#4761,.T.);
#6466=ORIENTED_EDGE('',*,*,#4757,.F.);
#6467=ORIENTED_EDGE('',*,*,#4762,.T.);
#6468=ORIENTED_EDGE('',*,*,#4763,.T.);
#6469=ORIENTED_EDGE('',*,*,#4764,.T.);
#6470=ORIENTED_EDGE('',*,*,#4760,.F.);
#6471=ORIENTED_EDGE('',*,*,#4765,.T.);
#6472=ORIENTED_EDGE('',*,*,#4766,.T.);
#6473=ORIENTED_EDGE('',*,*,#4767,.T.);
#6474=ORIENTED_EDGE('',*,*,#4763,.F.);
#6475=ORIENTED_EDGE('',*,*,#4768,.T.);
#6476=ORIENTED_EDGE('',*,*,#4769,.T.);
#6477=ORIENTED_EDGE('',*,*,#4770,.T.);
#6478=ORIENTED_EDGE('',*,*,#4766,.F.);
#6479=ORIENTED_EDGE('',*,*,#4771,.T.);
#6480=ORIENTED_EDGE('',*,*,#4769,.F.);
#6481=ORIENTED_EDGE('',*,*,#4772,.T.);
#6482=ORIENTED_EDGE('',*,*,#4773,.T.);
#6483=ORIENTED_EDGE('',*,*,#4774,.T.);
#6484=ORIENTED_EDGE('',*,*,#4773,.F.);
#6485=ORIENTED_EDGE('',*,*,#4775,.T.);
#6486=ORIENTED_EDGE('',*,*,#4776,.T.);
#6487=ORIENTED_EDGE('',*,*,#4777,.T.);
#6488=ORIENTED_EDGE('',*,*,#4776,.F.);
#6489=ORIENTED_EDGE('',*,*,#4778,.T.);
#6490=ORIENTED_EDGE('',*,*,#4779,.T.);
#6491=ORIENTED_EDGE('',*,*,#4780,.T.);
#6492=ORIENTED_EDGE('',*,*,#4779,.F.);
#6493=ORIENTED_EDGE('',*,*,#4781,.T.);
#6494=ORIENTED_EDGE('',*,*,#4782,.T.);
#6495=ORIENTED_EDGE('',*,*,#4783,.T.);
#6496=ORIENTED_EDGE('',*,*,#4784,.T.);
#6497=ORIENTED_EDGE('',*,*,#4785,.T.);
#6498=ORIENTED_EDGE('',*,*,#4786,.T.);
#6499=ORIENTED_EDGE('',*,*,#4787,.T.);
#6500=ORIENTED_EDGE('',*,*,#4784,.F.);
#6501=ORIENTED_EDGE('',*,*,#4788,.T.);
#6502=ORIENTED_EDGE('',*,*,#4782,.F.);
#6503=ORIENTED_EDGE('',*,*,#4789,.T.);
#6504=ORIENTED_EDGE('',*,*,#4786,.F.);
#6505=ORIENTED_EDGE('',*,*,#4790,.T.);
#6506=ORIENTED_EDGE('',*,*,#4791,.T.);
#6507=ORIENTED_EDGE('',*,*,#4792,.T.);
#6508=ORIENTED_EDGE('',*,*,#4791,.F.);
#6509=ORIENTED_EDGE('',*,*,#4793,.T.);
#6510=ORIENTED_EDGE('',*,*,#4794,.T.);
#6511=ORIENTED_EDGE('',*,*,#4795,.T.);
#6512=ORIENTED_EDGE('',*,*,#4794,.F.);
#6513=ORIENTED_EDGE('',*,*,#4796,.T.);
#6514=ORIENTED_EDGE('',*,*,#4797,.T.);
#6515=ORIENTED_EDGE('',*,*,#4798,.T.);
#6516=ORIENTED_EDGE('',*,*,#4797,.F.);
#6517=ORIENTED_EDGE('',*,*,#4799,.T.);
#6518=ORIENTED_EDGE('',*,*,#4800,.T.);
#6519=ORIENTED_EDGE('',*,*,#4801,.T.);
#6520=ORIENTED_EDGE('',*,*,#4800,.F.);
#6521=ORIENTED_EDGE('',*,*,#4802,.T.);
#6522=ORIENTED_EDGE('',*,*,#4803,.T.);
#6523=ORIENTED_EDGE('',*,*,#4804,.T.);
#6524=ORIENTED_EDGE('',*,*,#4803,.F.);
#6525=ORIENTED_EDGE('',*,*,#4805,.T.);
#6526=ORIENTED_EDGE('',*,*,#4806,.T.);
#6527=ORIENTED_EDGE('',*,*,#4807,.T.);
#6528=ORIENTED_EDGE('',*,*,#4806,.F.);
#6529=ORIENTED_EDGE('',*,*,#4808,.T.);
#6530=ORIENTED_EDGE('',*,*,#4809,.T.);
#6531=ORIENTED_EDGE('',*,*,#4810,.T.);
#6532=ORIENTED_EDGE('',*,*,#4809,.F.);
#6533=ORIENTED_EDGE('',*,*,#4811,.T.);
#6534=ORIENTED_EDGE('',*,*,#4812,.T.);
#6535=ORIENTED_EDGE('',*,*,#4813,.T.);
#6536=ORIENTED_EDGE('',*,*,#4812,.F.);
#6537=ORIENTED_EDGE('',*,*,#4814,.T.);
#6538=ORIENTED_EDGE('',*,*,#4815,.T.);
#6539=ORIENTED_EDGE('',*,*,#4816,.T.);
#6540=ORIENTED_EDGE('',*,*,#4815,.F.);
#6541=ORIENTED_EDGE('',*,*,#4817,.T.);
#6542=ORIENTED_EDGE('',*,*,#4818,.T.);
#6543=ORIENTED_EDGE('',*,*,#4819,.T.);
#6544=ORIENTED_EDGE('',*,*,#4818,.F.);
#6545=ORIENTED_EDGE('',*,*,#4820,.T.);
#6546=ORIENTED_EDGE('',*,*,#4821,.T.);
#6547=ORIENTED_EDGE('',*,*,#4822,.T.);
#6548=ORIENTED_EDGE('',*,*,#4821,.F.);
#6549=ORIENTED_EDGE('',*,*,#4823,.T.);
#6550=ORIENTED_EDGE('',*,*,#4824,.T.);
#6551=ORIENTED_EDGE('',*,*,#4825,.T.);
#6552=ORIENTED_EDGE('',*,*,#4824,.F.);
#6553=ORIENTED_EDGE('',*,*,#4826,.T.);
#6554=ORIENTED_EDGE('',*,*,#4827,.T.);
#6555=ORIENTED_EDGE('',*,*,#4828,.T.);
#6556=ORIENTED_EDGE('',*,*,#4827,.F.);
#6557=ORIENTED_EDGE('',*,*,#4829,.T.);
#6558=ORIENTED_EDGE('',*,*,#4830,.T.);
#6559=ORIENTED_EDGE('',*,*,#4831,.T.);
#6560=ORIENTED_EDGE('',*,*,#4830,.F.);
#6561=ORIENTED_EDGE('',*,*,#4832,.T.);
#6562=ORIENTED_EDGE('',*,*,#4833,.T.);
#6563=ORIENTED_EDGE('',*,*,#4834,.T.);
#6564=ORIENTED_EDGE('',*,*,#4833,.F.);
#6565=ORIENTED_EDGE('',*,*,#4835,.T.);
#6566=ORIENTED_EDGE('',*,*,#4836,.T.);
#6567=ORIENTED_EDGE('',*,*,#4837,.T.);
#6568=ORIENTED_EDGE('',*,*,#4836,.F.);
#6569=ORIENTED_EDGE('',*,*,#4838,.T.);
#6570=ORIENTED_EDGE('',*,*,#4839,.T.);
#6571=ORIENTED_EDGE('',*,*,#4840,.T.);
#6572=ORIENTED_EDGE('',*,*,#4839,.F.);
#6573=ORIENTED_EDGE('',*,*,#4841,.T.);
#6574=ORIENTED_EDGE('',*,*,#4842,.T.);
#6575=ORIENTED_EDGE('',*,*,#4843,.T.);
#6576=ORIENTED_EDGE('',*,*,#4842,.F.);
#6577=ORIENTED_EDGE('',*,*,#4844,.T.);
#6578=ORIENTED_EDGE('',*,*,#4845,.T.);
#6579=ORIENTED_EDGE('',*,*,#4846,.T.);
#6580=ORIENTED_EDGE('',*,*,#4845,.F.);
#6581=ORIENTED_EDGE('',*,*,#4847,.T.);
#6582=ORIENTED_EDGE('',*,*,#4848,.T.);
#6583=ORIENTED_EDGE('',*,*,#4849,.T.);
#6584=ORIENTED_EDGE('',*,*,#4693,.F.);
#6585=ORIENTED_EDGE('',*,*,#4850,.T.);
#6586=ORIENTED_EDGE('',*,*,#4851,.T.);
#6587=ORIENTED_EDGE('',*,*,#4852,.T.);
#6588=ORIENTED_EDGE('',*,*,#4848,.F.);
#6589=ORIENTED_EDGE('',*,*,#4853,.T.);
#6590=ORIENTED_EDGE('',*,*,#4854,.T.);
#6591=ORIENTED_EDGE('',*,*,#4855,.T.);
#6592=ORIENTED_EDGE('',*,*,#4851,.F.);
#6593=ORIENTED_EDGE('',*,*,#4856,.T.);
#6594=ORIENTED_EDGE('',*,*,#4690,.F.);
#6595=ORIENTED_EDGE('',*,*,#4857,.T.);
#6596=ORIENTED_EDGE('',*,*,#4854,.F.);
#6597=ORIENTED_EDGE('',*,*,#4858,.T.);
#6598=ORIENTED_EDGE('',*,*,#4859,.T.);
#6599=ORIENTED_EDGE('',*,*,#4860,.T.);
#6600=ORIENTED_EDGE('',*,*,#4859,.F.);
#6601=ORIENTED_EDGE('',*,*,#4861,.T.);
#6602=ORIENTED_EDGE('',*,*,#4862,.T.);
#6603=ORIENTED_EDGE('',*,*,#4863,.T.);
#6604=ORIENTED_EDGE('',*,*,#4862,.F.);
#6605=ORIENTED_EDGE('',*,*,#4864,.T.);
#6606=ORIENTED_EDGE('',*,*,#4682,.T.);
#6607=ORIENTED_EDGE('',*,*,#4698,.F.);
#6608=ORIENTED_EDGE('',*,*,#4865,.F.);
#6609=ORIENTED_EDGE('',*,*,#4866,.F.);
#6610=ORIENTED_EDGE('',*,*,#4867,.F.);
#6611=ORIENTED_EDGE('',*,*,#4701,.F.);
#6612=ORIENTED_EDGE('',*,*,#4868,.F.);
#6613=ORIENTED_EDGE('',*,*,#4869,.F.);
#6614=ORIENTED_EDGE('',*,*,#4865,.T.);
#6615=ORIENTED_EDGE('',*,*,#4704,.F.);
#6616=ORIENTED_EDGE('',*,*,#4870,.T.);
#6617=ORIENTED_EDGE('',*,*,#4871,.F.);
#6618=ORIENTED_EDGE('',*,*,#4868,.T.);
#6619=ORIENTED_EDGE('',*,*,#4707,.F.);
#6620=ORIENTED_EDGE('',*,*,#4872,.F.);
#6621=ORIENTED_EDGE('',*,*,#4873,.F.);
#6622=ORIENTED_EDGE('',*,*,#4870,.F.);
#6623=ORIENTED_EDGE('',*,*,#4710,.F.);
#6624=ORIENTED_EDGE('',*,*,#4874,.F.);
#6625=ORIENTED_EDGE('',*,*,#4875,.F.);
#6626=ORIENTED_EDGE('',*,*,#4872,.T.);
#6627=ORIENTED_EDGE('',*,*,#4713,.F.);
#6628=ORIENTED_EDGE('',*,*,#4876,.T.);
#6629=ORIENTED_EDGE('',*,*,#4877,.F.);
#6630=ORIENTED_EDGE('',*,*,#4874,.T.);
#6631=ORIENTED_EDGE('',*,*,#4716,.F.);
#6632=ORIENTED_EDGE('',*,*,#4878,.F.);
#6633=ORIENTED_EDGE('',*,*,#4879,.F.);
#6634=ORIENTED_EDGE('',*,*,#4876,.F.);
#6635=ORIENTED_EDGE('',*,*,#4719,.F.);
#6636=ORIENTED_EDGE('',*,*,#4880,.F.);
#6637=ORIENTED_EDGE('',*,*,#4881,.F.);
#6638=ORIENTED_EDGE('',*,*,#4878,.T.);
#6639=ORIENTED_EDGE('',*,*,#4722,.F.);
#6640=ORIENTED_EDGE('',*,*,#4882,.T.);
#6641=ORIENTED_EDGE('',*,*,#4883,.F.);
#6642=ORIENTED_EDGE('',*,*,#4880,.T.);
#6643=ORIENTED_EDGE('',*,*,#4725,.F.);
#6644=ORIENTED_EDGE('',*,*,#4884,.F.);
#6645=ORIENTED_EDGE('',*,*,#4885,.F.);
#6646=ORIENTED_EDGE('',*,*,#4882,.F.);
#6647=ORIENTED_EDGE('',*,*,#4728,.F.);
#6648=ORIENTED_EDGE('',*,*,#4886,.F.);
#6649=ORIENTED_EDGE('',*,*,#4887,.F.);
#6650=ORIENTED_EDGE('',*,*,#4884,.T.);
#6651=ORIENTED_EDGE('',*,*,#4731,.F.);
#6652=ORIENTED_EDGE('',*,*,#4888,.T.);
#6653=ORIENTED_EDGE('',*,*,#4889,.F.);
#6654=ORIENTED_EDGE('',*,*,#4886,.T.);
#6655=ORIENTED_EDGE('',*,*,#4734,.F.);
#6656=ORIENTED_EDGE('',*,*,#4890,.F.);
#6657=ORIENTED_EDGE('',*,*,#4891,.F.);
#6658=ORIENTED_EDGE('',*,*,#4888,.F.);
#6659=ORIENTED_EDGE('',*,*,#4737,.F.);
#6660=ORIENTED_EDGE('',*,*,#4892,.F.);
#6661=ORIENTED_EDGE('',*,*,#4893,.F.);
#6662=ORIENTED_EDGE('',*,*,#4890,.T.);
#6663=ORIENTED_EDGE('',*,*,#4740,.F.);
#6664=ORIENTED_EDGE('',*,*,#4894,.T.);
#6665=ORIENTED_EDGE('',*,*,#4895,.F.);
#6666=ORIENTED_EDGE('',*,*,#4892,.T.);
#6667=ORIENTED_EDGE('',*,*,#4743,.F.);
#6668=ORIENTED_EDGE('',*,*,#4896,.F.);
#6669=ORIENTED_EDGE('',*,*,#4897,.F.);
#6670=ORIENTED_EDGE('',*,*,#4894,.F.);
#6671=ORIENTED_EDGE('',*,*,#4746,.F.);
#6672=ORIENTED_EDGE('',*,*,#4898,.F.);
#6673=ORIENTED_EDGE('',*,*,#4899,.F.);
#6674=ORIENTED_EDGE('',*,*,#4896,.T.);
#6675=ORIENTED_EDGE('',*,*,#4749,.F.);
#6676=ORIENTED_EDGE('',*,*,#4900,.T.);
#6677=ORIENTED_EDGE('',*,*,#4901,.F.);
#6678=ORIENTED_EDGE('',*,*,#4898,.T.);
#6679=ORIENTED_EDGE('',*,*,#4752,.F.);
#6680=ORIENTED_EDGE('',*,*,#4902,.F.);
#6681=ORIENTED_EDGE('',*,*,#4903,.F.);
#6682=ORIENTED_EDGE('',*,*,#4900,.F.);
#6683=ORIENTED_EDGE('',*,*,#4755,.F.);
#6684=ORIENTED_EDGE('',*,*,#4904,.F.);
#6685=ORIENTED_EDGE('',*,*,#4905,.F.);
#6686=ORIENTED_EDGE('',*,*,#4902,.T.);
#6687=ORIENTED_EDGE('',*,*,#4758,.F.);
#6688=ORIENTED_EDGE('',*,*,#4906,.T.);
#6689=ORIENTED_EDGE('',*,*,#4907,.F.);
#6690=ORIENTED_EDGE('',*,*,#4904,.T.);
#6691=ORIENTED_EDGE('',*,*,#4761,.F.);
#6692=ORIENTED_EDGE('',*,*,#4908,.F.);
#6693=ORIENTED_EDGE('',*,*,#4909,.F.);
#6694=ORIENTED_EDGE('',*,*,#4906,.F.);
#6695=ORIENTED_EDGE('',*,*,#4764,.F.);
#6696=ORIENTED_EDGE('',*,*,#4910,.F.);
#6697=ORIENTED_EDGE('',*,*,#4911,.F.);
#6698=ORIENTED_EDGE('',*,*,#4908,.T.);
#6699=ORIENTED_EDGE('',*,*,#4767,.F.);
#6700=ORIENTED_EDGE('',*,*,#4912,.T.);
#6701=ORIENTED_EDGE('',*,*,#4913,.F.);
#6702=ORIENTED_EDGE('',*,*,#4910,.T.);
#6703=ORIENTED_EDGE('',*,*,#4770,.F.);
#6704=ORIENTED_EDGE('',*,*,#4914,.F.);
#6705=ORIENTED_EDGE('',*,*,#4915,.F.);
#6706=ORIENTED_EDGE('',*,*,#4912,.F.);
#6707=ORIENTED_EDGE('',*,*,#4771,.F.);
#6708=ORIENTED_EDGE('',*,*,#4916,.F.);
#6709=ORIENTED_EDGE('',*,*,#4917,.F.);
#6710=ORIENTED_EDGE('',*,*,#4914,.T.);
#6711=ORIENTED_EDGE('',*,*,#4774,.F.);
#6712=ORIENTED_EDGE('',*,*,#4918,.T.);
#6713=ORIENTED_EDGE('',*,*,#4919,.F.);
#6714=ORIENTED_EDGE('',*,*,#4916,.T.);
#6715=ORIENTED_EDGE('',*,*,#4777,.F.);
#6716=ORIENTED_EDGE('',*,*,#4920,.F.);
#6717=ORIENTED_EDGE('',*,*,#4921,.F.);
#6718=ORIENTED_EDGE('',*,*,#4918,.F.);
#6719=ORIENTED_EDGE('',*,*,#4780,.F.);
#6720=ORIENTED_EDGE('',*,*,#4922,.F.);
#6721=ORIENTED_EDGE('',*,*,#4923,.F.);
#6722=ORIENTED_EDGE('',*,*,#4920,.T.);
#6723=ORIENTED_EDGE('',*,*,#4788,.F.);
#6724=ORIENTED_EDGE('',*,*,#4924,.F.);
#6725=ORIENTED_EDGE('',*,*,#4925,.F.);
#6726=ORIENTED_EDGE('',*,*,#4922,.T.);
#6727=ORIENTED_EDGE('',*,*,#4783,.F.);
#6728=ORIENTED_EDGE('',*,*,#4926,.T.);
#6729=ORIENTED_EDGE('',*,*,#4927,.F.);
#6730=ORIENTED_EDGE('',*,*,#4924,.T.);
#6731=ORIENTED_EDGE('',*,*,#4928,.F.);
#6732=ORIENTED_EDGE('',*,*,#4929,.F.);
#6733=ORIENTED_EDGE('',*,*,#4930,.F.);
#6734=ORIENTED_EDGE('',*,*,#4931,.F.);
#6735=ORIENTED_EDGE('',*,*,#4932,.F.);
#6736=ORIENTED_EDGE('',*,*,#4933,.F.);
#6737=ORIENTED_EDGE('',*,*,#4934,.F.);
#6738=ORIENTED_EDGE('',*,*,#4935,.F.);
#6739=ORIENTED_EDGE('',*,*,#4936,.F.);
#6740=ORIENTED_EDGE('',*,*,#4937,.F.);
#6741=ORIENTED_EDGE('',*,*,#4938,.F.);
#6742=ORIENTED_EDGE('',*,*,#4939,.F.);
#6743=ORIENTED_EDGE('',*,*,#4940,.F.);
#6744=ORIENTED_EDGE('',*,*,#4941,.F.);
#6745=ORIENTED_EDGE('',*,*,#4942,.F.);
#6746=ORIENTED_EDGE('',*,*,#4943,.F.);
#6747=ORIENTED_EDGE('',*,*,#4944,.F.);
#6748=ORIENTED_EDGE('',*,*,#4945,.F.);
#6749=ORIENTED_EDGE('',*,*,#4946,.F.);
#6750=ORIENTED_EDGE('',*,*,#4947,.F.);
#6751=ORIENTED_EDGE('',*,*,#4948,.F.);
#6752=ORIENTED_EDGE('',*,*,#4949,.F.);
#6753=ORIENTED_EDGE('',*,*,#4950,.F.);
#6754=ORIENTED_EDGE('',*,*,#4951,.F.);
#6755=ORIENTED_EDGE('',*,*,#4952,.F.);
#6756=ORIENTED_EDGE('',*,*,#4953,.F.);
#6757=ORIENTED_EDGE('',*,*,#4954,.F.);
#6758=ORIENTED_EDGE('',*,*,#4955,.F.);
#6759=ORIENTED_EDGE('',*,*,#4956,.F.);
#6760=ORIENTED_EDGE('',*,*,#4957,.F.);
#6761=ORIENTED_EDGE('',*,*,#4958,.F.);
#6762=ORIENTED_EDGE('',*,*,#4959,.F.);
#6763=ORIENTED_EDGE('',*,*,#4960,.F.);
#6764=ORIENTED_EDGE('',*,*,#4961,.F.);
#6765=ORIENTED_EDGE('',*,*,#4962,.F.);
#6766=ORIENTED_EDGE('',*,*,#4963,.F.);
#6767=ORIENTED_EDGE('',*,*,#4964,.F.);
#6768=ORIENTED_EDGE('',*,*,#4965,.F.);
#6769=ORIENTED_EDGE('',*,*,#4966,.F.);
#6770=ORIENTED_EDGE('',*,*,#4967,.F.);
#6771=ORIENTED_EDGE('',*,*,#4968,.F.);
#6772=ORIENTED_EDGE('',*,*,#4969,.F.);
#6773=ORIENTED_EDGE('',*,*,#4970,.F.);
#6774=ORIENTED_EDGE('',*,*,#4971,.F.);
#6775=ORIENTED_EDGE('',*,*,#4972,.F.);
#6776=ORIENTED_EDGE('',*,*,#4973,.F.);
#6777=ORIENTED_EDGE('',*,*,#4974,.F.);
#6778=ORIENTED_EDGE('',*,*,#4975,.F.);
#6779=ORIENTED_EDGE('',*,*,#4976,.F.);
#6780=ORIENTED_EDGE('',*,*,#4977,.F.);
#6781=ORIENTED_EDGE('',*,*,#4978,.F.);
#6782=ORIENTED_EDGE('',*,*,#4979,.F.);
#6783=ORIENTED_EDGE('',*,*,#4980,.F.);
#6784=ORIENTED_EDGE('',*,*,#4981,.F.);
#6785=ORIENTED_EDGE('',*,*,#4982,.F.);
#6786=ORIENTED_EDGE('',*,*,#4983,.F.);
#6787=ORIENTED_EDGE('',*,*,#4984,.F.);
#6788=ORIENTED_EDGE('',*,*,#4985,.F.);
#6789=ORIENTED_EDGE('',*,*,#4986,.F.);
#6790=ORIENTED_EDGE('',*,*,#4987,.F.);
#6791=ORIENTED_EDGE('',*,*,#4988,.F.);
#6792=ORIENTED_EDGE('',*,*,#4989,.F.);
#6793=ORIENTED_EDGE('',*,*,#4990,.F.);
#6794=ORIENTED_EDGE('',*,*,#4991,.F.);
#6795=ORIENTED_EDGE('',*,*,#4992,.F.);
#6796=ORIENTED_EDGE('',*,*,#4993,.F.);
#6797=ORIENTED_EDGE('',*,*,#4785,.F.);
#6798=ORIENTED_EDGE('',*,*,#4787,.F.);
#6799=ORIENTED_EDGE('',*,*,#4781,.F.);
#6800=ORIENTED_EDGE('',*,*,#4778,.F.);
#6801=ORIENTED_EDGE('',*,*,#4775,.F.);
#6802=ORIENTED_EDGE('',*,*,#4772,.F.);
#6803=ORIENTED_EDGE('',*,*,#4768,.F.);
#6804=ORIENTED_EDGE('',*,*,#4765,.F.);
#6805=ORIENTED_EDGE('',*,*,#4762,.F.);
#6806=ORIENTED_EDGE('',*,*,#4759,.F.);
#6807=ORIENTED_EDGE('',*,*,#4756,.F.);
#6808=ORIENTED_EDGE('',*,*,#4753,.F.);
#6809=ORIENTED_EDGE('',*,*,#4750,.F.);
#6810=ORIENTED_EDGE('',*,*,#4747,.F.);
#6811=ORIENTED_EDGE('',*,*,#4744,.F.);
#6812=ORIENTED_EDGE('',*,*,#4741,.F.);
#6813=ORIENTED_EDGE('',*,*,#4738,.F.);
#6814=ORIENTED_EDGE('',*,*,#4735,.F.);
#6815=ORIENTED_EDGE('',*,*,#4732,.F.);
#6816=ORIENTED_EDGE('',*,*,#4729,.F.);
#6817=ORIENTED_EDGE('',*,*,#4726,.F.);
#6818=ORIENTED_EDGE('',*,*,#4723,.F.);
#6819=ORIENTED_EDGE('',*,*,#4720,.F.);
#6820=ORIENTED_EDGE('',*,*,#4717,.F.);
#6821=ORIENTED_EDGE('',*,*,#4714,.F.);
#6822=ORIENTED_EDGE('',*,*,#4711,.F.);
#6823=ORIENTED_EDGE('',*,*,#4708,.F.);
#6824=ORIENTED_EDGE('',*,*,#4705,.F.);
#6825=ORIENTED_EDGE('',*,*,#4702,.F.);
#6826=ORIENTED_EDGE('',*,*,#4699,.F.);
#6827=ORIENTED_EDGE('',*,*,#4696,.F.);
#6828=ORIENTED_EDGE('',*,*,#4694,.F.);
#6829=ORIENTED_EDGE('',*,*,#4849,.F.);
#6830=ORIENTED_EDGE('',*,*,#4855,.F.);
#6831=ORIENTED_EDGE('',*,*,#4689,.F.);
#6832=ORIENTED_EDGE('',*,*,#4686,.F.);
#6833=ORIENTED_EDGE('',*,*,#4683,.F.);
#6834=ORIENTED_EDGE('',*,*,#4679,.F.);
#6835=ORIENTED_EDGE('',*,*,#4864,.F.);
#6836=ORIENTED_EDGE('',*,*,#4861,.F.);
#6837=ORIENTED_EDGE('',*,*,#4858,.F.);
#6838=ORIENTED_EDGE('',*,*,#4853,.F.);
#6839=ORIENTED_EDGE('',*,*,#4847,.F.);
#6840=ORIENTED_EDGE('',*,*,#4844,.F.);
#6841=ORIENTED_EDGE('',*,*,#4841,.F.);
#6842=ORIENTED_EDGE('',*,*,#4838,.F.);
#6843=ORIENTED_EDGE('',*,*,#4835,.F.);
#6844=ORIENTED_EDGE('',*,*,#4832,.F.);
#6845=ORIENTED_EDGE('',*,*,#4829,.F.);
#6846=ORIENTED_EDGE('',*,*,#4826,.F.);
#6847=ORIENTED_EDGE('',*,*,#4823,.F.);
#6848=ORIENTED_EDGE('',*,*,#4820,.F.);
#6849=ORIENTED_EDGE('',*,*,#4817,.F.);
#6850=ORIENTED_EDGE('',*,*,#4814,.F.);
#6851=ORIENTED_EDGE('',*,*,#4811,.F.);
#6852=ORIENTED_EDGE('',*,*,#4808,.F.);
#6853=ORIENTED_EDGE('',*,*,#4805,.F.);
#6854=ORIENTED_EDGE('',*,*,#4802,.F.);
#6855=ORIENTED_EDGE('',*,*,#4799,.F.);
#6856=ORIENTED_EDGE('',*,*,#4796,.F.);
#6857=ORIENTED_EDGE('',*,*,#4793,.F.);
#6858=ORIENTED_EDGE('',*,*,#4790,.F.);
#6859=ORIENTED_EDGE('',*,*,#4983,.T.);
#6860=ORIENTED_EDGE('',*,*,#4994,.T.);
#6861=ORIENTED_EDGE('',*,*,#4995,.T.);
#6862=ORIENTED_EDGE('',*,*,#4996,.F.);
#6863=ORIENTED_EDGE('',*,*,#4982,.T.);
#6864=ORIENTED_EDGE('',*,*,#4997,.T.);
#6865=ORIENTED_EDGE('',*,*,#4998,.T.);
#6866=ORIENTED_EDGE('',*,*,#4994,.F.);
#6867=ORIENTED_EDGE('',*,*,#4981,.T.);
#6868=ORIENTED_EDGE('',*,*,#4999,.T.);
#6869=ORIENTED_EDGE('',*,*,#5000,.T.);
#6870=ORIENTED_EDGE('',*,*,#4997,.F.);
#6871=ORIENTED_EDGE('',*,*,#4980,.T.);
#6872=ORIENTED_EDGE('',*,*,#5001,.T.);
#6873=ORIENTED_EDGE('',*,*,#5002,.T.);
#6874=ORIENTED_EDGE('',*,*,#4999,.F.);
#6875=ORIENTED_EDGE('',*,*,#4979,.T.);
#6876=ORIENTED_EDGE('',*,*,#5003,.T.);
#6877=ORIENTED_EDGE('',*,*,#5004,.T.);
#6878=ORIENTED_EDGE('',*,*,#5001,.F.);
#6879=ORIENTED_EDGE('',*,*,#4978,.T.);
#6880=ORIENTED_EDGE('',*,*,#5005,.T.);
#6881=ORIENTED_EDGE('',*,*,#5006,.T.);
#6882=ORIENTED_EDGE('',*,*,#5003,.F.);
#6883=ORIENTED_EDGE('',*,*,#4977,.T.);
#6884=ORIENTED_EDGE('',*,*,#5007,.T.);
#6885=ORIENTED_EDGE('',*,*,#5008,.T.);
#6886=ORIENTED_EDGE('',*,*,#5005,.F.);
#6887=ORIENTED_EDGE('',*,*,#4976,.T.);
#6888=ORIENTED_EDGE('',*,*,#5009,.T.);
#6889=ORIENTED_EDGE('',*,*,#5010,.T.);
#6890=ORIENTED_EDGE('',*,*,#5007,.F.);
#6891=ORIENTED_EDGE('',*,*,#4975,.T.);
#6892=ORIENTED_EDGE('',*,*,#5011,.T.);
#6893=ORIENTED_EDGE('',*,*,#5012,.T.);
#6894=ORIENTED_EDGE('',*,*,#5009,.F.);
#6895=ORIENTED_EDGE('',*,*,#4974,.T.);
#6896=ORIENTED_EDGE('',*,*,#5013,.T.);
#6897=ORIENTED_EDGE('',*,*,#5014,.T.);
#6898=ORIENTED_EDGE('',*,*,#5011,.F.);
#6899=ORIENTED_EDGE('',*,*,#4973,.T.);
#6900=ORIENTED_EDGE('',*,*,#5015,.T.);
#6901=ORIENTED_EDGE('',*,*,#5016,.T.);
#6902=ORIENTED_EDGE('',*,*,#5013,.F.);
#6903=ORIENTED_EDGE('',*,*,#4972,.T.);
#6904=ORIENTED_EDGE('',*,*,#5017,.T.);
#6905=ORIENTED_EDGE('',*,*,#5018,.T.);
#6906=ORIENTED_EDGE('',*,*,#5015,.F.);
#6907=ORIENTED_EDGE('',*,*,#4971,.T.);
#6908=ORIENTED_EDGE('',*,*,#5019,.T.);
#6909=ORIENTED_EDGE('',*,*,#5020,.T.);
#6910=ORIENTED_EDGE('',*,*,#5017,.F.);
#6911=ORIENTED_EDGE('',*,*,#4970,.T.);
#6912=ORIENTED_EDGE('',*,*,#5021,.T.);
#6913=ORIENTED_EDGE('',*,*,#5022,.T.);
#6914=ORIENTED_EDGE('',*,*,#5019,.F.);
#6915=ORIENTED_EDGE('',*,*,#4969,.T.);
#6916=ORIENTED_EDGE('',*,*,#5023,.T.);
#6917=ORIENTED_EDGE('',*,*,#5024,.T.);
#6918=ORIENTED_EDGE('',*,*,#5021,.F.);
#6919=ORIENTED_EDGE('',*,*,#4968,.T.);
#6920=ORIENTED_EDGE('',*,*,#5025,.T.);
#6921=ORIENTED_EDGE('',*,*,#5026,.T.);
#6922=ORIENTED_EDGE('',*,*,#5023,.F.);
#6923=ORIENTED_EDGE('',*,*,#4967,.T.);
#6924=ORIENTED_EDGE('',*,*,#5027,.T.);
#6925=ORIENTED_EDGE('',*,*,#5028,.T.);
#6926=ORIENTED_EDGE('',*,*,#5025,.F.);
#6927=ORIENTED_EDGE('',*,*,#4966,.T.);
#6928=ORIENTED_EDGE('',*,*,#5029,.T.);
#6929=ORIENTED_EDGE('',*,*,#5030,.T.);
#6930=ORIENTED_EDGE('',*,*,#5027,.F.);
#6931=ORIENTED_EDGE('',*,*,#4965,.T.);
#6932=ORIENTED_EDGE('',*,*,#5031,.T.);
#6933=ORIENTED_EDGE('',*,*,#5032,.T.);
#6934=ORIENTED_EDGE('',*,*,#5029,.F.);
#6935=ORIENTED_EDGE('',*,*,#5033,.T.);
#6936=ORIENTED_EDGE('',*,*,#5034,.T.);
#6937=ORIENTED_EDGE('',*,*,#4963,.T.);
#6938=ORIENTED_EDGE('',*,*,#5035,.T.);
#6939=ORIENTED_EDGE('',*,*,#4962,.T.);
#6940=ORIENTED_EDGE('',*,*,#5036,.T.);
#6941=ORIENTED_EDGE('',*,*,#5037,.T.);
#6942=ORIENTED_EDGE('',*,*,#5035,.F.);
#6943=ORIENTED_EDGE('',*,*,#4961,.T.);
#6944=ORIENTED_EDGE('',*,*,#5038,.T.);
#6945=ORIENTED_EDGE('',*,*,#5039,.T.);
#6946=ORIENTED_EDGE('',*,*,#5036,.F.);
#6947=ORIENTED_EDGE('',*,*,#4960,.T.);
#6948=ORIENTED_EDGE('',*,*,#5040,.T.);
#6949=ORIENTED_EDGE('',*,*,#5041,.T.);
#6950=ORIENTED_EDGE('',*,*,#5038,.F.);
#6951=ORIENTED_EDGE('',*,*,#4959,.T.);
#6952=ORIENTED_EDGE('',*,*,#5042,.T.);
#6953=ORIENTED_EDGE('',*,*,#5043,.T.);
#6954=ORIENTED_EDGE('',*,*,#5040,.F.);
#6955=ORIENTED_EDGE('',*,*,#4958,.T.);
#6956=ORIENTED_EDGE('',*,*,#5044,.T.);
#6957=ORIENTED_EDGE('',*,*,#5045,.T.);
#6958=ORIENTED_EDGE('',*,*,#5042,.F.);
#6959=ORIENTED_EDGE('',*,*,#4957,.T.);
#6960=ORIENTED_EDGE('',*,*,#5046,.T.);
#6961=ORIENTED_EDGE('',*,*,#5047,.T.);
#6962=ORIENTED_EDGE('',*,*,#5044,.F.);
#6963=ORIENTED_EDGE('',*,*,#4956,.T.);
#6964=ORIENTED_EDGE('',*,*,#5048,.T.);
#6965=ORIENTED_EDGE('',*,*,#5049,.T.);
#6966=ORIENTED_EDGE('',*,*,#5046,.F.);
#6967=ORIENTED_EDGE('',*,*,#4955,.T.);
#6968=ORIENTED_EDGE('',*,*,#5050,.T.);
#6969=ORIENTED_EDGE('',*,*,#5051,.T.);
#6970=ORIENTED_EDGE('',*,*,#5048,.F.);
#6971=ORIENTED_EDGE('',*,*,#4954,.T.);
#6972=ORIENTED_EDGE('',*,*,#5052,.T.);
#6973=ORIENTED_EDGE('',*,*,#5053,.T.);
#6974=ORIENTED_EDGE('',*,*,#5050,.F.);
#6975=ORIENTED_EDGE('',*,*,#4953,.T.);
#6976=ORIENTED_EDGE('',*,*,#5054,.T.);
#6977=ORIENTED_EDGE('',*,*,#5055,.T.);
#6978=ORIENTED_EDGE('',*,*,#5052,.F.);
#6979=ORIENTED_EDGE('',*,*,#4952,.T.);
#6980=ORIENTED_EDGE('',*,*,#5056,.T.);
#6981=ORIENTED_EDGE('',*,*,#5057,.T.);
#6982=ORIENTED_EDGE('',*,*,#5054,.F.);
#6983=ORIENTED_EDGE('',*,*,#5058,.T.);
#6984=ORIENTED_EDGE('',*,*,#5056,.F.);
#6985=ORIENTED_EDGE('',*,*,#4951,.T.);
#6986=ORIENTED_EDGE('',*,*,#5059,.T.);
#6987=ORIENTED_EDGE('',*,*,#5060,.T.);
#6988=ORIENTED_EDGE('',*,*,#5059,.F.);
#6989=ORIENTED_EDGE('',*,*,#4950,.T.);
#6990=ORIENTED_EDGE('',*,*,#5061,.T.);
#6991=ORIENTED_EDGE('',*,*,#5062,.T.);
#6992=ORIENTED_EDGE('',*,*,#5061,.F.);
#6993=ORIENTED_EDGE('',*,*,#4949,.T.);
#6994=ORIENTED_EDGE('',*,*,#5063,.T.);
#6995=ORIENTED_EDGE('',*,*,#5064,.T.);
#6996=ORIENTED_EDGE('',*,*,#5063,.F.);
#6997=ORIENTED_EDGE('',*,*,#4948,.T.);
#6998=ORIENTED_EDGE('',*,*,#5065,.T.);
#6999=ORIENTED_EDGE('',*,*,#5066,.T.);
#7000=ORIENTED_EDGE('',*,*,#5065,.F.);
#7001=ORIENTED_EDGE('',*,*,#4947,.T.);
#7002=ORIENTED_EDGE('',*,*,#5067,.T.);
#7003=ORIENTED_EDGE('',*,*,#5068,.T.);
#7004=ORIENTED_EDGE('',*,*,#5067,.F.);
#7005=ORIENTED_EDGE('',*,*,#4946,.T.);
#7006=ORIENTED_EDGE('',*,*,#5069,.T.);
#7007=ORIENTED_EDGE('',*,*,#5070,.T.);
#7008=ORIENTED_EDGE('',*,*,#5069,.F.);
#7009=ORIENTED_EDGE('',*,*,#4945,.T.);
#7010=ORIENTED_EDGE('',*,*,#5071,.T.);
#7011=ORIENTED_EDGE('',*,*,#5072,.T.);
#7012=ORIENTED_EDGE('',*,*,#5071,.F.);
#7013=ORIENTED_EDGE('',*,*,#4944,.T.);
#7014=ORIENTED_EDGE('',*,*,#5073,.T.);
#7015=ORIENTED_EDGE('',*,*,#5074,.T.);
#7016=ORIENTED_EDGE('',*,*,#5073,.F.);
#7017=ORIENTED_EDGE('',*,*,#4943,.T.);
#7018=ORIENTED_EDGE('',*,*,#5075,.T.);
#7019=ORIENTED_EDGE('',*,*,#5076,.T.);
#7020=ORIENTED_EDGE('',*,*,#5075,.F.);
#7021=ORIENTED_EDGE('',*,*,#4942,.T.);
#7022=ORIENTED_EDGE('',*,*,#5077,.T.);
#7023=ORIENTED_EDGE('',*,*,#5078,.T.);
#7024=ORIENTED_EDGE('',*,*,#5077,.F.);
#7025=ORIENTED_EDGE('',*,*,#4941,.T.);
#7026=ORIENTED_EDGE('',*,*,#5079,.T.);
#7027=ORIENTED_EDGE('',*,*,#4964,.T.);
#7028=ORIENTED_EDGE('',*,*,#5034,.F.);
#7029=ORIENTED_EDGE('',*,*,#5080,.T.);
#7030=ORIENTED_EDGE('',*,*,#5031,.F.);
#7031=ORIENTED_EDGE('',*,*,#5081,.T.);
#7032=ORIENTED_EDGE('',*,*,#5079,.F.);
#7033=ORIENTED_EDGE('',*,*,#4940,.T.);
#7034=ORIENTED_EDGE('',*,*,#5082,.T.);
#7035=ORIENTED_EDGE('',*,*,#5083,.T.);
#7036=ORIENTED_EDGE('',*,*,#5082,.F.);
#7037=ORIENTED_EDGE('',*,*,#4939,.T.);
#7038=ORIENTED_EDGE('',*,*,#5084,.T.);
#7039=ORIENTED_EDGE('',*,*,#5085,.T.);
#7040=ORIENTED_EDGE('',*,*,#5084,.F.);
#7041=ORIENTED_EDGE('',*,*,#4938,.T.);
#7042=ORIENTED_EDGE('',*,*,#5086,.T.);
#7043=ORIENTED_EDGE('',*,*,#5087,.T.);
#7044=ORIENTED_EDGE('',*,*,#5086,.F.);
#7045=ORIENTED_EDGE('',*,*,#4937,.T.);
#7046=ORIENTED_EDGE('',*,*,#5088,.T.);
#7047=ORIENTED_EDGE('',*,*,#5089,.T.);
#7048=ORIENTED_EDGE('',*,*,#5088,.F.);
#7049=ORIENTED_EDGE('',*,*,#4936,.T.);
#7050=ORIENTED_EDGE('',*,*,#5090,.T.);
#7051=ORIENTED_EDGE('',*,*,#5091,.T.);
#7052=ORIENTED_EDGE('',*,*,#5090,.F.);
#7053=ORIENTED_EDGE('',*,*,#4935,.T.);
#7054=ORIENTED_EDGE('',*,*,#5092,.T.);
#7055=ORIENTED_EDGE('',*,*,#5093,.T.);
#7056=ORIENTED_EDGE('',*,*,#5092,.F.);
#7057=ORIENTED_EDGE('',*,*,#4934,.T.);
#7058=ORIENTED_EDGE('',*,*,#5094,.T.);
#7059=ORIENTED_EDGE('',*,*,#5095,.T.);
#7060=ORIENTED_EDGE('',*,*,#5096,.T.);
#7061=ORIENTED_EDGE('',*,*,#4932,.T.);
#7062=ORIENTED_EDGE('',*,*,#5097,.T.);
#7063=ORIENTED_EDGE('',*,*,#4933,.T.);
#7064=ORIENTED_EDGE('',*,*,#5096,.F.);
#7065=ORIENTED_EDGE('',*,*,#5098,.T.);
#7066=ORIENTED_EDGE('',*,*,#5094,.F.);
#7067=ORIENTED_EDGE('',*,*,#5099,.T.);
#7068=ORIENTED_EDGE('',*,*,#5097,.F.);
#7069=ORIENTED_EDGE('',*,*,#4993,.T.);
#7070=ORIENTED_EDGE('',*,*,#5100,.T.);
#7071=ORIENTED_EDGE('',*,*,#5101,.T.);
#7072=ORIENTED_EDGE('',*,*,#5100,.F.);
#7073=ORIENTED_EDGE('',*,*,#4992,.T.);
#7074=ORIENTED_EDGE('',*,*,#5102,.T.);
#7075=ORIENTED_EDGE('',*,*,#5103,.T.);
#7076=ORIENTED_EDGE('',*,*,#5102,.F.);
#7077=ORIENTED_EDGE('',*,*,#4991,.T.);
#7078=ORIENTED_EDGE('',*,*,#5104,.T.);
#7079=ORIENTED_EDGE('',*,*,#5105,.T.);
#7080=ORIENTED_EDGE('',*,*,#5104,.F.);
#7081=ORIENTED_EDGE('',*,*,#4990,.T.);
#7082=ORIENTED_EDGE('',*,*,#5106,.T.);
#7083=ORIENTED_EDGE('',*,*,#5107,.T.);
#7084=ORIENTED_EDGE('',*,*,#5106,.F.);
#7085=ORIENTED_EDGE('',*,*,#4989,.T.);
#7086=ORIENTED_EDGE('',*,*,#5108,.T.);
#7087=ORIENTED_EDGE('',*,*,#5109,.T.);
#7088=ORIENTED_EDGE('',*,*,#5108,.F.);
#7089=ORIENTED_EDGE('',*,*,#4988,.T.);
#7090=ORIENTED_EDGE('',*,*,#5110,.T.);
#7091=ORIENTED_EDGE('',*,*,#5111,.T.);
#7092=ORIENTED_EDGE('',*,*,#5110,.F.);
#7093=ORIENTED_EDGE('',*,*,#4987,.T.);
#7094=ORIENTED_EDGE('',*,*,#5112,.T.);
#7095=ORIENTED_EDGE('',*,*,#5113,.T.);
#7096=ORIENTED_EDGE('',*,*,#5112,.F.);
#7097=ORIENTED_EDGE('',*,*,#4986,.T.);
#7098=ORIENTED_EDGE('',*,*,#5114,.T.);
#7099=ORIENTED_EDGE('',*,*,#5115,.T.);
#7100=ORIENTED_EDGE('',*,*,#5114,.F.);
#7101=ORIENTED_EDGE('',*,*,#4985,.T.);
#7102=ORIENTED_EDGE('',*,*,#5116,.T.);
#7103=ORIENTED_EDGE('',*,*,#5117,.T.);
#7104=ORIENTED_EDGE('',*,*,#5116,.F.);
#7105=ORIENTED_EDGE('',*,*,#4984,.T.);
#7106=ORIENTED_EDGE('',*,*,#4996,.T.);
#7107=ORIENTED_EDGE('',*,*,#5037,.F.);
#7108=ORIENTED_EDGE('',*,*,#5118,.F.);
#7109=ORIENTED_EDGE('',*,*,#5119,.F.);
#7110=ORIENTED_EDGE('',*,*,#5120,.T.);
#7111=ORIENTED_EDGE('',*,*,#5039,.F.);
#7112=ORIENTED_EDGE('',*,*,#5121,.F.);
#7113=ORIENTED_EDGE('',*,*,#5122,.F.);
#7114=ORIENTED_EDGE('',*,*,#5118,.T.);
#7115=ORIENTED_EDGE('',*,*,#5041,.F.);
#7116=ORIENTED_EDGE('',*,*,#5123,.T.);
#7117=ORIENTED_EDGE('',*,*,#5124,.F.);
#7118=ORIENTED_EDGE('',*,*,#5121,.T.);
#7119=ORIENTED_EDGE('',*,*,#5043,.F.);
#7120=ORIENTED_EDGE('',*,*,#5125,.F.);
#7121=ORIENTED_EDGE('',*,*,#5126,.F.);
#7122=ORIENTED_EDGE('',*,*,#5123,.F.);
#7123=ORIENTED_EDGE('',*,*,#5045,.F.);
#7124=ORIENTED_EDGE('',*,*,#5127,.F.);
#7125=ORIENTED_EDGE('',*,*,#5128,.F.);
#7126=ORIENTED_EDGE('',*,*,#5125,.T.);
#7127=ORIENTED_EDGE('',*,*,#5047,.F.);
#7128=ORIENTED_EDGE('',*,*,#5129,.T.);
#7129=ORIENTED_EDGE('',*,*,#5130,.F.);
#7130=ORIENTED_EDGE('',*,*,#5127,.T.);
#7131=ORIENTED_EDGE('',*,*,#5049,.F.);
#7132=ORIENTED_EDGE('',*,*,#5131,.F.);
#7133=ORIENTED_EDGE('',*,*,#5132,.F.);
#7134=ORIENTED_EDGE('',*,*,#5129,.F.);
#7135=ORIENTED_EDGE('',*,*,#5051,.F.);
#7136=ORIENTED_EDGE('',*,*,#5133,.F.);
#7137=ORIENTED_EDGE('',*,*,#5134,.F.);
#7138=ORIENTED_EDGE('',*,*,#5131,.T.);
#7139=ORIENTED_EDGE('',*,*,#5053,.F.);
#7140=ORIENTED_EDGE('',*,*,#5135,.T.);
#7141=ORIENTED_EDGE('',*,*,#5136,.F.);
#7142=ORIENTED_EDGE('',*,*,#5133,.T.);
#7143=ORIENTED_EDGE('',*,*,#5055,.F.);
#7144=ORIENTED_EDGE('',*,*,#5137,.F.);
#7145=ORIENTED_EDGE('',*,*,#5138,.F.);
#7146=ORIENTED_EDGE('',*,*,#5135,.F.);
#7147=ORIENTED_EDGE('',*,*,#5057,.F.);
#7148=ORIENTED_EDGE('',*,*,#5139,.F.);
#7149=ORIENTED_EDGE('',*,*,#5140,.F.);
#7150=ORIENTED_EDGE('',*,*,#5137,.T.);
#7151=ORIENTED_EDGE('',*,*,#5058,.F.);
#7152=ORIENTED_EDGE('',*,*,#5141,.T.);
#7153=ORIENTED_EDGE('',*,*,#5142,.F.);
#7154=ORIENTED_EDGE('',*,*,#5139,.T.);
#7155=ORIENTED_EDGE('',*,*,#5060,.F.);
#7156=ORIENTED_EDGE('',*,*,#5143,.F.);
#7157=ORIENTED_EDGE('',*,*,#5144,.F.);
#7158=ORIENTED_EDGE('',*,*,#5141,.F.);
#7159=ORIENTED_EDGE('',*,*,#5062,.F.);
#7160=ORIENTED_EDGE('',*,*,#5145,.F.);
#7161=ORIENTED_EDGE('',*,*,#5146,.F.);
#7162=ORIENTED_EDGE('',*,*,#5143,.T.);
#7163=ORIENTED_EDGE('',*,*,#5064,.F.);
#7164=ORIENTED_EDGE('',*,*,#5147,.T.);
#7165=ORIENTED_EDGE('',*,*,#5148,.F.);
#7166=ORIENTED_EDGE('',*,*,#5145,.T.);
#7167=ORIENTED_EDGE('',*,*,#5066,.F.);
#7168=ORIENTED_EDGE('',*,*,#5149,.F.);
#7169=ORIENTED_EDGE('',*,*,#5150,.F.);
#7170=ORIENTED_EDGE('',*,*,#5147,.F.);
#7171=ORIENTED_EDGE('',*,*,#5068,.F.);
#7172=ORIENTED_EDGE('',*,*,#5151,.F.);
#7173=ORIENTED_EDGE('',*,*,#5152,.F.);
#7174=ORIENTED_EDGE('',*,*,#5149,.T.);
#7175=ORIENTED_EDGE('',*,*,#5070,.F.);
#7176=ORIENTED_EDGE('',*,*,#5153,.T.);
#7177=ORIENTED_EDGE('',*,*,#5154,.F.);
#7178=ORIENTED_EDGE('',*,*,#5151,.T.);
#7179=ORIENTED_EDGE('',*,*,#5072,.F.);
#7180=ORIENTED_EDGE('',*,*,#5155,.F.);
#7181=ORIENTED_EDGE('',*,*,#5156,.F.);
#7182=ORIENTED_EDGE('',*,*,#5153,.F.);
#7183=ORIENTED_EDGE('',*,*,#5074,.F.);
#7184=ORIENTED_EDGE('',*,*,#5157,.F.);
#7185=ORIENTED_EDGE('',*,*,#5158,.F.);
#7186=ORIENTED_EDGE('',*,*,#5155,.T.);
#7187=ORIENTED_EDGE('',*,*,#5076,.F.);
#7188=ORIENTED_EDGE('',*,*,#5159,.T.);
#7189=ORIENTED_EDGE('',*,*,#5160,.F.);
#7190=ORIENTED_EDGE('',*,*,#5157,.T.);
#7191=ORIENTED_EDGE('',*,*,#5078,.F.);
#7192=ORIENTED_EDGE('',*,*,#5161,.F.);
#7193=ORIENTED_EDGE('',*,*,#5162,.F.);
#7194=ORIENTED_EDGE('',*,*,#5159,.F.);
#7195=ORIENTED_EDGE('',*,*,#5081,.F.);
#7196=ORIENTED_EDGE('',*,*,#5163,.F.);
#7197=ORIENTED_EDGE('',*,*,#5164,.F.);
#7198=ORIENTED_EDGE('',*,*,#5161,.T.);
#7199=ORIENTED_EDGE('',*,*,#5083,.F.);
#7200=ORIENTED_EDGE('',*,*,#5165,.T.);
#7201=ORIENTED_EDGE('',*,*,#5166,.F.);
#7202=ORIENTED_EDGE('',*,*,#5163,.T.);
#7203=ORIENTED_EDGE('',*,*,#5085,.F.);
#7204=ORIENTED_EDGE('',*,*,#5167,.F.);
#7205=ORIENTED_EDGE('',*,*,#5168,.F.);
#7206=ORIENTED_EDGE('',*,*,#5165,.F.);
#7207=ORIENTED_EDGE('',*,*,#5087,.F.);
#7208=ORIENTED_EDGE('',*,*,#5169,.F.);
#7209=ORIENTED_EDGE('',*,*,#5170,.F.);
#7210=ORIENTED_EDGE('',*,*,#5167,.T.);
#7211=ORIENTED_EDGE('',*,*,#5089,.F.);
#7212=ORIENTED_EDGE('',*,*,#5171,.T.);
#7213=ORIENTED_EDGE('',*,*,#5172,.F.);
#7214=ORIENTED_EDGE('',*,*,#5169,.T.);
#7215=ORIENTED_EDGE('',*,*,#5091,.F.);
#7216=ORIENTED_EDGE('',*,*,#5173,.F.);
#7217=ORIENTED_EDGE('',*,*,#5174,.F.);
#7218=ORIENTED_EDGE('',*,*,#5171,.F.);
#7219=ORIENTED_EDGE('',*,*,#5093,.F.);
#7220=ORIENTED_EDGE('',*,*,#5175,.F.);
#7221=ORIENTED_EDGE('',*,*,#5176,.F.);
#7222=ORIENTED_EDGE('',*,*,#5173,.T.);
#7223=ORIENTED_EDGE('',*,*,#5098,.F.);
#7224=ORIENTED_EDGE('',*,*,#5177,.F.);
#7225=ORIENTED_EDGE('',*,*,#5178,.F.);
#7226=ORIENTED_EDGE('',*,*,#5175,.T.);
#7227=ORIENTED_EDGE('',*,*,#5095,.F.);
#7228=ORIENTED_EDGE('',*,*,#5179,.F.);
#7229=ORIENTED_EDGE('',*,*,#5180,.F.);
#7230=ORIENTED_EDGE('',*,*,#5177,.T.);
#7231=ORIENTED_EDGE('',*,*,#5181,.T.);
#7232=ORIENTED_EDGE('',*,*,#5182,.T.);
#7233=ORIENTED_EDGE('',*,*,#5172,.T.);
#7234=ORIENTED_EDGE('',*,*,#5183,.F.);
#7235=ORIENTED_EDGE('',*,*,#5184,.T.);
#7236=ORIENTED_EDGE('',*,*,#5185,.T.);
#7237=ORIENTED_EDGE('',*,*,#5170,.T.);
#7238=ORIENTED_EDGE('',*,*,#5182,.F.);
#7239=ORIENTED_EDGE('',*,*,#5186,.T.);
#7240=ORIENTED_EDGE('',*,*,#5187,.T.);
#7241=ORIENTED_EDGE('',*,*,#5168,.T.);
#7242=ORIENTED_EDGE('',*,*,#5185,.F.);
#7243=ORIENTED_EDGE('',*,*,#5188,.T.);
#7244=ORIENTED_EDGE('',*,*,#5189,.T.);
#7245=ORIENTED_EDGE('',*,*,#5166,.T.);
#7246=ORIENTED_EDGE('',*,*,#5187,.F.);
#7247=ORIENTED_EDGE('',*,*,#5190,.T.);
#7248=ORIENTED_EDGE('',*,*,#5191,.T.);
#7249=ORIENTED_EDGE('',*,*,#5180,.T.);
#7250=ORIENTED_EDGE('',*,*,#5192,.T.);
#7251=ORIENTED_EDGE('',*,*,#5193,.T.);
#7252=ORIENTED_EDGE('',*,*,#5194,.T.);
#7253=ORIENTED_EDGE('',*,*,#5164,.T.);
#7254=ORIENTED_EDGE('',*,*,#5189,.F.);
#7255=ORIENTED_EDGE('',*,*,#5195,.T.);
#7256=ORIENTED_EDGE('',*,*,#5196,.T.);
#7257=ORIENTED_EDGE('',*,*,#5197,.T.);
#7258=ORIENTED_EDGE('',*,*,#5192,.F.);
#7259=ORIENTED_EDGE('',*,*,#5198,.T.);
#7260=ORIENTED_EDGE('',*,*,#5199,.T.);
#7261=ORIENTED_EDGE('',*,*,#5162,.T.);
#7262=ORIENTED_EDGE('',*,*,#5194,.F.);
#7263=ORIENTED_EDGE('',*,*,#5200,.T.);
#7264=ORIENTED_EDGE('',*,*,#5201,.T.);
#7265=ORIENTED_EDGE('',*,*,#5160,.T.);
#7266=ORIENTED_EDGE('',*,*,#5199,.F.);
#7267=ORIENTED_EDGE('',*,*,#5202,.T.);
#7268=ORIENTED_EDGE('',*,*,#5203,.T.);
#7269=ORIENTED_EDGE('',*,*,#5158,.T.);
#7270=ORIENTED_EDGE('',*,*,#5201,.F.);
#7271=ORIENTED_EDGE('',*,*,#5204,.T.);
#7272=ORIENTED_EDGE('',*,*,#5205,.T.);
#7273=ORIENTED_EDGE('',*,*,#5206,.T.);
#7274=ORIENTED_EDGE('',*,*,#5207,.T.);
#7275=ORIENTED_EDGE('',*,*,#5208,.T.);
#7276=ORIENTED_EDGE('',*,*,#5209,.T.);
#7277=ORIENTED_EDGE('',*,*,#5156,.T.);
#7278=ORIENTED_EDGE('',*,*,#5203,.F.);
#7279=ORIENTED_EDGE('',*,*,#5210,.T.);
#7280=ORIENTED_EDGE('',*,*,#5211,.T.);
#7281=ORIENTED_EDGE('',*,*,#5154,.T.);
#7282=ORIENTED_EDGE('',*,*,#5209,.F.);
#7283=ORIENTED_EDGE('',*,*,#5212,.T.);
#7284=ORIENTED_EDGE('',*,*,#5213,.T.);
#7285=ORIENTED_EDGE('',*,*,#5152,.T.);
#7286=ORIENTED_EDGE('',*,*,#5211,.F.);
#7287=ORIENTED_EDGE('',*,*,#5214,.T.);
#7288=ORIENTED_EDGE('',*,*,#5215,.T.);
#7289=ORIENTED_EDGE('',*,*,#5216,.T.);
#7290=ORIENTED_EDGE('',*,*,#5217,.T.);
#7291=ORIENTED_EDGE('',*,*,#5218,.T.);
#7292=ORIENTED_EDGE('',*,*,#5219,.T.);
#7293=ORIENTED_EDGE('',*,*,#5150,.T.);
#7294=ORIENTED_EDGE('',*,*,#5213,.F.);
#7295=ORIENTED_EDGE('',*,*,#5220,.T.);
#7296=ORIENTED_EDGE('',*,*,#5221,.T.);
#7297=ORIENTED_EDGE('',*,*,#5148,.T.);
#7298=ORIENTED_EDGE('',*,*,#5219,.F.);
#7299=ORIENTED_EDGE('',*,*,#5222,.T.);
#7300=ORIENTED_EDGE('',*,*,#5223,.T.);
#7301=ORIENTED_EDGE('',*,*,#5146,.T.);
#7302=ORIENTED_EDGE('',*,*,#5221,.F.);
#7303=ORIENTED_EDGE('',*,*,#5224,.T.);
#7304=ORIENTED_EDGE('',*,*,#5225,.T.);
#7305=ORIENTED_EDGE('',*,*,#5226,.T.);
#7306=ORIENTED_EDGE('',*,*,#5227,.T.);
#7307=ORIENTED_EDGE('',*,*,#5228,.T.);
#7308=ORIENTED_EDGE('',*,*,#5229,.T.);
#7309=ORIENTED_EDGE('',*,*,#5144,.T.);
#7310=ORIENTED_EDGE('',*,*,#5223,.F.);
#7311=ORIENTED_EDGE('',*,*,#5230,.T.);
#7312=ORIENTED_EDGE('',*,*,#5231,.T.);
#7313=ORIENTED_EDGE('',*,*,#5142,.T.);
#7314=ORIENTED_EDGE('',*,*,#5229,.F.);
#7315=ORIENTED_EDGE('',*,*,#5232,.T.);
#7316=ORIENTED_EDGE('',*,*,#5233,.T.);
#7317=ORIENTED_EDGE('',*,*,#5140,.T.);
#7318=ORIENTED_EDGE('',*,*,#5231,.F.);
#7319=ORIENTED_EDGE('',*,*,#5234,.T.);
#7320=ORIENTED_EDGE('',*,*,#5235,.T.);
#7321=ORIENTED_EDGE('',*,*,#5236,.T.);
#7322=ORIENTED_EDGE('',*,*,#5237,.T.);
#7323=ORIENTED_EDGE('',*,*,#5238,.T.);
#7324=ORIENTED_EDGE('',*,*,#5239,.T.);
#7325=ORIENTED_EDGE('',*,*,#5138,.T.);
#7326=ORIENTED_EDGE('',*,*,#5233,.F.);
#7327=ORIENTED_EDGE('',*,*,#5240,.T.);
#7328=ORIENTED_EDGE('',*,*,#5241,.T.);
#7329=ORIENTED_EDGE('',*,*,#5136,.T.);
#7330=ORIENTED_EDGE('',*,*,#5239,.F.);
#7331=ORIENTED_EDGE('',*,*,#5242,.T.);
#7332=ORIENTED_EDGE('',*,*,#5243,.T.);
#7333=ORIENTED_EDGE('',*,*,#5134,.T.);
#7334=ORIENTED_EDGE('',*,*,#5241,.F.);
#7335=ORIENTED_EDGE('',*,*,#5244,.T.);
#7336=ORIENTED_EDGE('',*,*,#5245,.T.);
#7337=ORIENTED_EDGE('',*,*,#5246,.T.);
#7338=ORIENTED_EDGE('',*,*,#5247,.T.);
#7339=ORIENTED_EDGE('',*,*,#5248,.T.);
#7340=ORIENTED_EDGE('',*,*,#5249,.T.);
#7341=ORIENTED_EDGE('',*,*,#5132,.T.);
#7342=ORIENTED_EDGE('',*,*,#5243,.F.);
#7343=ORIENTED_EDGE('',*,*,#5250,.T.);
#7344=ORIENTED_EDGE('',*,*,#5251,.T.);
#7345=ORIENTED_EDGE('',*,*,#5130,.T.);
#7346=ORIENTED_EDGE('',*,*,#5249,.F.);
#7347=ORIENTED_EDGE('',*,*,#5252,.T.);
#7348=ORIENTED_EDGE('',*,*,#5253,.T.);
#7349=ORIENTED_EDGE('',*,*,#5128,.T.);
#7350=ORIENTED_EDGE('',*,*,#5251,.F.);
#7351=ORIENTED_EDGE('',*,*,#5254,.T.);
#7352=ORIENTED_EDGE('',*,*,#5255,.T.);
#7353=ORIENTED_EDGE('',*,*,#5256,.T.);
#7354=ORIENTED_EDGE('',*,*,#5257,.T.);
#7355=ORIENTED_EDGE('',*,*,#5258,.T.);
#7356=ORIENTED_EDGE('',*,*,#5259,.T.);
#7357=ORIENTED_EDGE('',*,*,#5126,.T.);
#7358=ORIENTED_EDGE('',*,*,#5253,.F.);
#7359=ORIENTED_EDGE('',*,*,#5260,.T.);
#7360=ORIENTED_EDGE('',*,*,#5261,.T.);
#7361=ORIENTED_EDGE('',*,*,#5124,.T.);
#7362=ORIENTED_EDGE('',*,*,#5259,.F.);
#7363=ORIENTED_EDGE('',*,*,#5262,.T.);
#7364=ORIENTED_EDGE('',*,*,#5263,.T.);
#7365=ORIENTED_EDGE('',*,*,#5122,.T.);
#7366=ORIENTED_EDGE('',*,*,#5261,.F.);
#7367=ORIENTED_EDGE('',*,*,#5264,.T.);
#7368=ORIENTED_EDGE('',*,*,#5265,.T.);
#7369=ORIENTED_EDGE('',*,*,#5266,.T.);
#7370=ORIENTED_EDGE('',*,*,#5267,.T.);
#7371=ORIENTED_EDGE('',*,*,#5268,.T.);
#7372=ORIENTED_EDGE('',*,*,#5269,.T.);
#7373=ORIENTED_EDGE('',*,*,#5119,.T.);
#7374=ORIENTED_EDGE('',*,*,#5263,.F.);
#7375=ORIENTED_EDGE('',*,*,#5270,.T.);
#7376=ORIENTED_EDGE('',*,*,#5271,.T.);
#7377=ORIENTED_EDGE('',*,*,#5272,.T.);
#7378=ORIENTED_EDGE('',*,*,#5273,.T.);
#7379=ORIENTED_EDGE('',*,*,#5274,.T.);
#7380=ORIENTED_EDGE('',*,*,#5275,.T.);
#7381=ORIENTED_EDGE('',*,*,#5276,.T.);
#7382=ORIENTED_EDGE('',*,*,#5277,.T.);
#7383=ORIENTED_EDGE('',*,*,#5278,.T.);
#7384=ORIENTED_EDGE('',*,*,#5279,.T.);
#7385=ORIENTED_EDGE('',*,*,#5280,.T.);
#7386=ORIENTED_EDGE('',*,*,#5281,.T.);
#7387=ORIENTED_EDGE('',*,*,#5282,.T.);
#7388=ORIENTED_EDGE('',*,*,#5283,.T.);
#7389=ORIENTED_EDGE('',*,*,#5284,.T.);
#7390=ORIENTED_EDGE('',*,*,#5279,.F.);
#7391=ORIENTED_EDGE('',*,*,#5285,.T.);
#7392=ORIENTED_EDGE('',*,*,#5283,.F.);
#7393=ORIENTED_EDGE('',*,*,#5286,.T.);
#7394=ORIENTED_EDGE('',*,*,#5275,.F.);
#7395=ORIENTED_EDGE('',*,*,#5287,.T.);
#7396=ORIENTED_EDGE('',*,*,#5281,.F.);
#7397=ORIENTED_EDGE('',*,*,#5288,.T.);
#7398=ORIENTED_EDGE('',*,*,#5273,.F.);
#7399=ORIENTED_EDGE('',*,*,#5289,.T.);
#7400=ORIENTED_EDGE('',*,*,#5277,.F.);
#7401=ORIENTED_EDGE('',*,*,#5290,.T.);
#7402=ORIENTED_EDGE('',*,*,#5291,.T.);
#7403=ORIENTED_EDGE('',*,*,#5292,.T.);
#7404=ORIENTED_EDGE('',*,*,#5271,.F.);
#7405=ORIENTED_EDGE('',*,*,#5293,.T.);
#7406=ORIENTED_EDGE('',*,*,#5269,.F.);
#7407=ORIENTED_EDGE('',*,*,#5294,.T.);
#7408=ORIENTED_EDGE('',*,*,#5291,.F.);
#7409=ORIENTED_EDGE('',*,*,#5295,.T.);
#7410=ORIENTED_EDGE('',*,*,#5265,.F.);
#7411=ORIENTED_EDGE('',*,*,#5296,.T.);
#7412=ORIENTED_EDGE('',*,*,#5267,.F.);
#7413=ORIENTED_EDGE('',*,*,#5297,.T.);
#7414=ORIENTED_EDGE('',*,*,#5298,.T.);
#7415=ORIENTED_EDGE('',*,*,#5299,.T.);
#7416=ORIENTED_EDGE('',*,*,#5298,.F.);
#7417=ORIENTED_EDGE('',*,*,#5300,.T.);
#7418=ORIENTED_EDGE('',*,*,#5255,.F.);
#7419=ORIENTED_EDGE('',*,*,#5301,.T.);
#7420=ORIENTED_EDGE('',*,*,#5257,.F.);
#7421=ORIENTED_EDGE('',*,*,#5302,.T.);
#7422=ORIENTED_EDGE('',*,*,#5303,.T.);
#7423=ORIENTED_EDGE('',*,*,#5304,.T.);
#7424=ORIENTED_EDGE('',*,*,#5303,.F.);
#7425=ORIENTED_EDGE('',*,*,#5305,.T.);
#7426=ORIENTED_EDGE('',*,*,#5245,.F.);
#7427=ORIENTED_EDGE('',*,*,#5306,.T.);
#7428=ORIENTED_EDGE('',*,*,#5247,.F.);
#7429=ORIENTED_EDGE('',*,*,#5307,.T.);
#7430=ORIENTED_EDGE('',*,*,#5308,.T.);
#7431=ORIENTED_EDGE('',*,*,#5309,.T.);
#7432=ORIENTED_EDGE('',*,*,#5308,.F.);
#7433=ORIENTED_EDGE('',*,*,#5310,.T.);
#7434=ORIENTED_EDGE('',*,*,#5235,.F.);
#7435=ORIENTED_EDGE('',*,*,#5311,.T.);
#7436=ORIENTED_EDGE('',*,*,#5237,.F.);
#7437=ORIENTED_EDGE('',*,*,#5312,.T.);
#7438=ORIENTED_EDGE('',*,*,#5313,.T.);
#7439=ORIENTED_EDGE('',*,*,#5314,.T.);
#7440=ORIENTED_EDGE('',*,*,#5313,.F.);
#7441=ORIENTED_EDGE('',*,*,#5315,.T.);
#7442=ORIENTED_EDGE('',*,*,#5225,.F.);
#7443=ORIENTED_EDGE('',*,*,#5316,.T.);
#7444=ORIENTED_EDGE('',*,*,#5227,.F.);
#7445=ORIENTED_EDGE('',*,*,#5317,.T.);
#7446=ORIENTED_EDGE('',*,*,#5318,.T.);
#7447=ORIENTED_EDGE('',*,*,#5319,.T.);
#7448=ORIENTED_EDGE('',*,*,#5318,.F.);
#7449=ORIENTED_EDGE('',*,*,#5320,.T.);
#7450=ORIENTED_EDGE('',*,*,#5215,.F.);
#7451=ORIENTED_EDGE('',*,*,#5321,.T.);
#7452=ORIENTED_EDGE('',*,*,#5217,.F.);
#7453=ORIENTED_EDGE('',*,*,#5322,.T.);
#7454=ORIENTED_EDGE('',*,*,#5323,.T.);
#7455=ORIENTED_EDGE('',*,*,#5324,.T.);
#7456=ORIENTED_EDGE('',*,*,#5323,.F.);
#7457=ORIENTED_EDGE('',*,*,#5325,.T.);
#7458=ORIENTED_EDGE('',*,*,#5205,.F.);
#7459=ORIENTED_EDGE('',*,*,#5326,.T.);
#7460=ORIENTED_EDGE('',*,*,#5207,.F.);
#7461=ORIENTED_EDGE('',*,*,#5327,.T.);
#7462=ORIENTED_EDGE('',*,*,#5328,.T.);
#7463=ORIENTED_EDGE('',*,*,#5329,.T.);
#7464=ORIENTED_EDGE('',*,*,#5328,.F.);
#7465=ORIENTED_EDGE('',*,*,#5330,.T.);
#7466=ORIENTED_EDGE('',*,*,#5196,.F.);
#7467=ORIENTED_EDGE('',*,*,#5178,.T.);
#7468=ORIENTED_EDGE('',*,*,#5191,.F.);
#7469=ORIENTED_EDGE('',*,*,#5331,.T.);
#7470=ORIENTED_EDGE('',*,*,#5332,.T.);
#7471=ORIENTED_EDGE('',*,*,#5176,.T.);
#7472=ORIENTED_EDGE('',*,*,#5332,.F.);
#7473=ORIENTED_EDGE('',*,*,#5333,.T.);
#7474=ORIENTED_EDGE('',*,*,#5334,.T.);
#7475=ORIENTED_EDGE('',*,*,#5174,.T.);
#7476=ORIENTED_EDGE('',*,*,#5334,.F.);
#7477=ORIENTED_EDGE('',*,*,#5335,.T.);
#7478=ORIENTED_EDGE('',*,*,#5183,.T.);
#7479=ORIENTED_EDGE('',*,*,#5033,.F.);
#7480=ORIENTED_EDGE('',*,*,#5120,.F.);
#7481=ORIENTED_EDGE('',*,*,#5293,.F.);
#7482=ORIENTED_EDGE('',*,*,#5336,.T.);
#7483=ORIENTED_EDGE('',*,*,#5080,.F.);
#7484=ORIENTED_EDGE('',*,*,#5336,.F.);
#7485=ORIENTED_EDGE('',*,*,#5270,.F.);
#7486=ORIENTED_EDGE('',*,*,#5337,.T.);
#7487=ORIENTED_EDGE('',*,*,#5032,.F.);
#7488=ORIENTED_EDGE('',*,*,#5337,.F.);
#7489=ORIENTED_EDGE('',*,*,#5288,.F.);
#7490=ORIENTED_EDGE('',*,*,#5338,.T.);
#7491=ORIENTED_EDGE('',*,*,#5030,.F.);
#7492=ORIENTED_EDGE('',*,*,#5338,.F.);
#7493=ORIENTED_EDGE('',*,*,#5280,.F.);
#7494=ORIENTED_EDGE('',*,*,#5339,.F.);
#7495=ORIENTED_EDGE('',*,*,#5340,.F.);
#7496=ORIENTED_EDGE('',*,*,#5341,.F.);
#7497=ORIENTED_EDGE('',*,*,#5342,.F.);
#7498=ORIENTED_EDGE('',*,*,#5343,.F.);
#7499=ORIENTED_EDGE('',*,*,#5344,.F.);
#7500=ORIENTED_EDGE('',*,*,#5345,.F.);
#7501=ORIENTED_EDGE('',*,*,#5346,.F.);
#7502=ORIENTED_EDGE('',*,*,#5347,.F.);
#7503=ORIENTED_EDGE('',*,*,#5348,.F.);
#7504=ORIENTED_EDGE('',*,*,#5349,.F.);
#7505=ORIENTED_EDGE('',*,*,#5350,.F.);
#7506=ORIENTED_EDGE('',*,*,#5351,.F.);
#7507=ORIENTED_EDGE('',*,*,#5352,.F.);
#7508=ORIENTED_EDGE('',*,*,#5353,.F.);
#7509=ORIENTED_EDGE('',*,*,#5354,.F.);
#7510=ORIENTED_EDGE('',*,*,#5355,.F.);
#7511=ORIENTED_EDGE('',*,*,#5356,.F.);
#7512=ORIENTED_EDGE('',*,*,#5357,.F.);
#7513=ORIENTED_EDGE('',*,*,#5358,.F.);
#7514=ORIENTED_EDGE('',*,*,#5359,.F.);
#7515=ORIENTED_EDGE('',*,*,#5360,.F.);
#7516=ORIENTED_EDGE('',*,*,#5361,.F.);
#7517=ORIENTED_EDGE('',*,*,#5362,.F.);
#7518=ORIENTED_EDGE('',*,*,#5363,.F.);
#7519=ORIENTED_EDGE('',*,*,#5364,.F.);
#7520=ORIENTED_EDGE('',*,*,#5365,.F.);
#7521=ORIENTED_EDGE('',*,*,#5366,.F.);
#7522=ORIENTED_EDGE('',*,*,#5367,.F.);
#7523=ORIENTED_EDGE('',*,*,#5368,.F.);
#7524=ORIENTED_EDGE('',*,*,#5369,.F.);
#7525=ORIENTED_EDGE('',*,*,#5370,.F.);
#7526=ORIENTED_EDGE('',*,*,#5371,.F.);
#7527=ORIENTED_EDGE('',*,*,#5372,.F.);
#7528=ORIENTED_EDGE('',*,*,#5373,.F.);
#7529=ORIENTED_EDGE('',*,*,#5374,.F.);
#7530=ORIENTED_EDGE('',*,*,#5375,.F.);
#7531=ORIENTED_EDGE('',*,*,#5376,.F.);
#7532=ORIENTED_EDGE('',*,*,#5377,.F.);
#7533=ORIENTED_EDGE('',*,*,#5378,.F.);
#7534=ORIENTED_EDGE('',*,*,#5379,.F.);
#7535=ORIENTED_EDGE('',*,*,#5380,.F.);
#7536=ORIENTED_EDGE('',*,*,#5381,.F.);
#7537=ORIENTED_EDGE('',*,*,#5382,.F.);
#7538=ORIENTED_EDGE('',*,*,#5383,.F.);
#7539=ORIENTED_EDGE('',*,*,#5384,.F.);
#7540=ORIENTED_EDGE('',*,*,#5385,.F.);
#7541=ORIENTED_EDGE('',*,*,#5386,.F.);
#7542=ORIENTED_EDGE('',*,*,#5387,.F.);
#7543=ORIENTED_EDGE('',*,*,#5388,.F.);
#7544=ORIENTED_EDGE('',*,*,#5389,.F.);
#7545=ORIENTED_EDGE('',*,*,#5390,.F.);
#7546=ORIENTED_EDGE('',*,*,#5391,.F.);
#7547=ORIENTED_EDGE('',*,*,#5392,.F.);
#7548=ORIENTED_EDGE('',*,*,#5393,.F.);
#7549=ORIENTED_EDGE('',*,*,#5394,.F.);
#7550=ORIENTED_EDGE('',*,*,#5395,.F.);
#7551=ORIENTED_EDGE('',*,*,#5396,.F.);
#7552=ORIENTED_EDGE('',*,*,#5397,.F.);
#7553=ORIENTED_EDGE('',*,*,#5398,.F.);
#7554=ORIENTED_EDGE('',*,*,#5399,.F.);
#7555=ORIENTED_EDGE('',*,*,#5400,.F.);
#7556=ORIENTED_EDGE('',*,*,#5401,.F.);
#7557=ORIENTED_EDGE('',*,*,#5402,.F.);
#7558=ORIENTED_EDGE('',*,*,#5403,.F.);
#7559=ORIENTED_EDGE('',*,*,#5404,.F.);
#7560=ORIENTED_EDGE('',*,*,#5405,.F.);
#7561=ORIENTED_EDGE('',*,*,#5278,.F.);
#7562=ORIENTED_EDGE('',*,*,#5287,.F.);
#7563=ORIENTED_EDGE('',*,*,#5272,.F.);
#7564=ORIENTED_EDGE('',*,*,#5292,.F.);
#7565=ORIENTED_EDGE('',*,*,#5268,.F.);
#7566=ORIENTED_EDGE('',*,*,#5262,.F.);
#7567=ORIENTED_EDGE('',*,*,#5260,.F.);
#7568=ORIENTED_EDGE('',*,*,#5258,.F.);
#7569=ORIENTED_EDGE('',*,*,#5252,.F.);
#7570=ORIENTED_EDGE('',*,*,#5250,.F.);
#7571=ORIENTED_EDGE('',*,*,#5248,.F.);
#7572=ORIENTED_EDGE('',*,*,#5242,.F.);
#7573=ORIENTED_EDGE('',*,*,#5240,.F.);
#7574=ORIENTED_EDGE('',*,*,#5238,.F.);
#7575=ORIENTED_EDGE('',*,*,#5232,.F.);
#7576=ORIENTED_EDGE('',*,*,#5230,.F.);
#7577=ORIENTED_EDGE('',*,*,#5228,.F.);
#7578=ORIENTED_EDGE('',*,*,#5222,.F.);
#7579=ORIENTED_EDGE('',*,*,#5220,.F.);
#7580=ORIENTED_EDGE('',*,*,#5218,.F.);
#7581=ORIENTED_EDGE('',*,*,#5212,.F.);
#7582=ORIENTED_EDGE('',*,*,#5210,.F.);
#7583=ORIENTED_EDGE('',*,*,#5208,.F.);
#7584=ORIENTED_EDGE('',*,*,#5202,.F.);
#7585=ORIENTED_EDGE('',*,*,#5200,.F.);
#7586=ORIENTED_EDGE('',*,*,#5198,.F.);
#7587=ORIENTED_EDGE('',*,*,#5193,.F.);
#7588=ORIENTED_EDGE('',*,*,#5188,.F.);
#7589=ORIENTED_EDGE('',*,*,#5186,.F.);
#7590=ORIENTED_EDGE('',*,*,#5184,.F.);
#7591=ORIENTED_EDGE('',*,*,#5181,.F.);
#7592=ORIENTED_EDGE('',*,*,#5335,.F.);
#7593=ORIENTED_EDGE('',*,*,#5333,.F.);
#7594=ORIENTED_EDGE('',*,*,#5331,.F.);
#7595=ORIENTED_EDGE('',*,*,#5190,.F.);
#7596=ORIENTED_EDGE('',*,*,#5197,.F.);
#7597=ORIENTED_EDGE('',*,*,#5330,.F.);
#7598=ORIENTED_EDGE('',*,*,#5327,.F.);
#7599=ORIENTED_EDGE('',*,*,#5206,.F.);
#7600=ORIENTED_EDGE('',*,*,#5325,.F.);
#7601=ORIENTED_EDGE('',*,*,#5322,.F.);
#7602=ORIENTED_EDGE('',*,*,#5216,.F.);
#7603=ORIENTED_EDGE('',*,*,#5320,.F.);
#7604=ORIENTED_EDGE('',*,*,#5317,.F.);
#7605=ORIENTED_EDGE('',*,*,#5226,.F.);
#7606=ORIENTED_EDGE('',*,*,#5315,.F.);
#7607=ORIENTED_EDGE('',*,*,#5312,.F.);
#7608=ORIENTED_EDGE('',*,*,#5236,.F.);
#7609=ORIENTED_EDGE('',*,*,#5310,.F.);
#7610=ORIENTED_EDGE('',*,*,#5307,.F.);
#7611=ORIENTED_EDGE('',*,*,#5246,.F.);
#7612=ORIENTED_EDGE('',*,*,#5305,.F.);
#7613=ORIENTED_EDGE('',*,*,#5302,.F.);
#7614=ORIENTED_EDGE('',*,*,#5256,.F.);
#7615=ORIENTED_EDGE('',*,*,#5300,.F.);
#7616=ORIENTED_EDGE('',*,*,#5297,.F.);
#7617=ORIENTED_EDGE('',*,*,#5266,.F.);
#7618=ORIENTED_EDGE('',*,*,#5295,.F.);
#7619=ORIENTED_EDGE('',*,*,#5290,.F.);
#7620=ORIENTED_EDGE('',*,*,#5276,.F.);
#7621=ORIENTED_EDGE('',*,*,#5286,.F.);
#7622=ORIENTED_EDGE('',*,*,#5282,.F.);
#7623=ORIENTED_EDGE('',*,*,#5400,.T.);
#7624=ORIENTED_EDGE('',*,*,#5406,.T.);
#7625=ORIENTED_EDGE('',*,*,#4913,.T.);
#7626=ORIENTED_EDGE('',*,*,#5407,.F.);
#7627=ORIENTED_EDGE('',*,*,#4915,.T.);
#7628=ORIENTED_EDGE('',*,*,#5408,.T.);
#7629=ORIENTED_EDGE('',*,*,#5401,.T.);
#7630=ORIENTED_EDGE('',*,*,#5407,.T.);
#7631=ORIENTED_EDGE('',*,*,#5398,.T.);
#7632=ORIENTED_EDGE('',*,*,#5409,.T.);
#7633=ORIENTED_EDGE('',*,*,#4909,.T.);
#7634=ORIENTED_EDGE('',*,*,#5410,.T.);
#7635=ORIENTED_EDGE('',*,*,#5397,.T.);
#7636=ORIENTED_EDGE('',*,*,#5411,.T.);
#7637=ORIENTED_EDGE('',*,*,#4907,.T.);
#7638=ORIENTED_EDGE('',*,*,#5409,.F.);
#7639=ORIENTED_EDGE('',*,*,#5395,.T.);
#7640=ORIENTED_EDGE('',*,*,#5412,.T.);
#7641=ORIENTED_EDGE('',*,*,#4903,.T.);
#7642=ORIENTED_EDGE('',*,*,#5413,.T.);
#7643=ORIENTED_EDGE('',*,*,#5394,.T.);
#7644=ORIENTED_EDGE('',*,*,#5414,.T.);
#7645=ORIENTED_EDGE('',*,*,#4901,.T.);
#7646=ORIENTED_EDGE('',*,*,#5412,.F.);
#7647=ORIENTED_EDGE('',*,*,#5415,.T.);
#7648=ORIENTED_EDGE('',*,*,#5416,.T.);
#7649=ORIENTED_EDGE('',*,*,#5346,.T.);
#7650=ORIENTED_EDGE('',*,*,#5417,.T.);
#7651=ORIENTED_EDGE('',*,*,#5392,.T.);
#7652=ORIENTED_EDGE('',*,*,#5418,.T.);
#7653=ORIENTED_EDGE('',*,*,#4897,.T.);
#7654=ORIENTED_EDGE('',*,*,#5419,.T.);
#7655=ORIENTED_EDGE('',*,*,#5391,.T.);
#7656=ORIENTED_EDGE('',*,*,#5420,.T.);
#7657=ORIENTED_EDGE('',*,*,#4895,.T.);
#7658=ORIENTED_EDGE('',*,*,#5418,.F.);
#7659=ORIENTED_EDGE('',*,*,#5421,.T.);
#7660=ORIENTED_EDGE('',*,*,#5422,.T.);
#7661=ORIENTED_EDGE('',*,*,#5349,.T.);
#7662=ORIENTED_EDGE('',*,*,#5423,.T.);
#7663=ORIENTED_EDGE('',*,*,#5389,.T.);
#7664=ORIENTED_EDGE('',*,*,#5424,.T.);
#7665=ORIENTED_EDGE('',*,*,#4891,.T.);
#7666=ORIENTED_EDGE('',*,*,#5425,.T.);
#7667=ORIENTED_EDGE('',*,*,#5388,.T.);
#7668=ORIENTED_EDGE('',*,*,#5426,.T.);
#7669=ORIENTED_EDGE('',*,*,#4889,.T.);
#7670=ORIENTED_EDGE('',*,*,#5424,.F.);
#7671=ORIENTED_EDGE('',*,*,#5427,.T.);
#7672=ORIENTED_EDGE('',*,*,#5428,.T.);
#7673=ORIENTED_EDGE('',*,*,#5352,.T.);
#7674=ORIENTED_EDGE('',*,*,#5429,.T.);
#7675=ORIENTED_EDGE('',*,*,#5386,.T.);
#7676=ORIENTED_EDGE('',*,*,#5430,.T.);
#7677=ORIENTED_EDGE('',*,*,#4885,.T.);
#7678=ORIENTED_EDGE('',*,*,#5431,.T.);
#7679=ORIENTED_EDGE('',*,*,#5385,.T.);
#7680=ORIENTED_EDGE('',*,*,#5432,.T.);
#7681=ORIENTED_EDGE('',*,*,#4883,.T.);
#7682=ORIENTED_EDGE('',*,*,#5430,.F.);
#7683=ORIENTED_EDGE('',*,*,#5433,.T.);
#7684=ORIENTED_EDGE('',*,*,#5434,.T.);
#7685=ORIENTED_EDGE('',*,*,#5355,.T.);
#7686=ORIENTED_EDGE('',*,*,#5435,.T.);
#7687=ORIENTED_EDGE('',*,*,#5383,.T.);
#7688=ORIENTED_EDGE('',*,*,#5436,.T.);
#7689=ORIENTED_EDGE('',*,*,#4879,.T.);
#7690=ORIENTED_EDGE('',*,*,#5437,.T.);
#7691=ORIENTED_EDGE('',*,*,#5382,.T.);
#7692=ORIENTED_EDGE('',*,*,#5438,.T.);
#7693=ORIENTED_EDGE('',*,*,#4877,.T.);
#7694=ORIENTED_EDGE('',*,*,#5436,.F.);
#7695=ORIENTED_EDGE('',*,*,#5439,.T.);
#7696=ORIENTED_EDGE('',*,*,#5440,.T.);
#7697=ORIENTED_EDGE('',*,*,#5358,.T.);
#7698=ORIENTED_EDGE('',*,*,#5441,.T.);
#7699=ORIENTED_EDGE('',*,*,#5380,.T.);
#7700=ORIENTED_EDGE('',*,*,#5442,.T.);
#7701=ORIENTED_EDGE('',*,*,#4873,.T.);
#7702=ORIENTED_EDGE('',*,*,#5443,.T.);
#7703=ORIENTED_EDGE('',*,*,#5379,.T.);
#7704=ORIENTED_EDGE('',*,*,#5444,.T.);
#7705=ORIENTED_EDGE('',*,*,#4871,.T.);
#7706=ORIENTED_EDGE('',*,*,#5442,.F.);
#7707=ORIENTED_EDGE('',*,*,#5445,.T.);
#7708=ORIENTED_EDGE('',*,*,#5446,.T.);
#7709=ORIENTED_EDGE('',*,*,#5361,.T.);
#7710=ORIENTED_EDGE('',*,*,#5447,.T.);
#7711=ORIENTED_EDGE('',*,*,#5377,.T.);
#7712=ORIENTED_EDGE('',*,*,#5448,.T.);
#7713=ORIENTED_EDGE('',*,*,#4866,.T.);
#7714=ORIENTED_EDGE('',*,*,#5449,.T.);
#7715=ORIENTED_EDGE('',*,*,#5450,.T.);
#7716=ORIENTED_EDGE('',*,*,#5451,.T.);
#7717=ORIENTED_EDGE('',*,*,#5375,.T.);
#7718=ORIENTED_EDGE('',*,*,#5452,.T.);
#7719=ORIENTED_EDGE('',*,*,#5453,.T.);
#7720=ORIENTED_EDGE('',*,*,#5454,.T.);
#7721=ORIENTED_EDGE('',*,*,#5364,.T.);
#7722=ORIENTED_EDGE('',*,*,#5455,.T.);
#7723=ORIENTED_EDGE('',*,*,#5373,.T.);
#7724=ORIENTED_EDGE('',*,*,#5456,.T.);
#7725=ORIENTED_EDGE('',*,*,#5457,.T.);
#7726=ORIENTED_EDGE('',*,*,#5458,.T.);
#7727=ORIENTED_EDGE('',*,*,#5372,.T.);
#7728=ORIENTED_EDGE('',*,*,#5459,.T.);
#7729=ORIENTED_EDGE('',*,*,#5460,.T.);
#7730=ORIENTED_EDGE('',*,*,#5456,.F.);
#7731=ORIENTED_EDGE('',*,*,#5461,.T.);
#7732=ORIENTED_EDGE('',*,*,#5462,.T.);
#7733=ORIENTED_EDGE('',*,*,#5367,.T.);
#7734=ORIENTED_EDGE('',*,*,#5463,.T.);
#7735=ORIENTED_EDGE('',*,*,#5370,.T.);
#7736=ORIENTED_EDGE('',*,*,#5464,.T.);
#7737=ORIENTED_EDGE('',*,*,#5465,.T.);
#7738=ORIENTED_EDGE('',*,*,#5466,.T.);
#7739=ORIENTED_EDGE('',*,*,#5369,.T.);
#7740=ORIENTED_EDGE('',*,*,#5467,.T.);
#7741=ORIENTED_EDGE('',*,*,#5468,.T.);
#7742=ORIENTED_EDGE('',*,*,#5464,.F.);
#7743=ORIENTED_EDGE('',*,*,#5469,.T.);
#7744=ORIENTED_EDGE('',*,*,#5467,.F.);
#7745=ORIENTED_EDGE('',*,*,#5368,.T.);
#7746=ORIENTED_EDGE('',*,*,#5462,.F.);
#7747=ORIENTED_EDGE('',*,*,#5371,.T.);
#7748=ORIENTED_EDGE('',*,*,#5466,.F.);
#7749=ORIENTED_EDGE('',*,*,#5470,.T.);
#7750=ORIENTED_EDGE('',*,*,#5459,.F.);
#7751=ORIENTED_EDGE('',*,*,#5471,.T.);
#7752=ORIENTED_EDGE('',*,*,#5463,.F.);
#7753=ORIENTED_EDGE('',*,*,#5366,.T.);
#7754=ORIENTED_EDGE('',*,*,#5472,.T.);
#7755=ORIENTED_EDGE('',*,*,#5473,.T.);
#7756=ORIENTED_EDGE('',*,*,#5472,.F.);
#7757=ORIENTED_EDGE('',*,*,#5365,.T.);
#7758=ORIENTED_EDGE('',*,*,#5454,.F.);
#7759=ORIENTED_EDGE('',*,*,#5374,.T.);
#7760=ORIENTED_EDGE('',*,*,#5458,.F.);
#7761=ORIENTED_EDGE('',*,*,#5474,.T.);
#7762=ORIENTED_EDGE('',*,*,#5452,.F.);
#7763=ORIENTED_EDGE('',*,*,#5475,.T.);
#7764=ORIENTED_EDGE('',*,*,#5455,.F.);
#7765=ORIENTED_EDGE('',*,*,#5363,.T.);
#7766=ORIENTED_EDGE('',*,*,#5476,.T.);
#7767=ORIENTED_EDGE('',*,*,#5376,.T.);
#7768=ORIENTED_EDGE('',*,*,#5451,.F.);
#7769=ORIENTED_EDGE('',*,*,#5477,.T.);
#7770=ORIENTED_EDGE('',*,*,#5448,.F.);
#7771=ORIENTED_EDGE('',*,*,#5478,.T.);
#7772=ORIENTED_EDGE('',*,*,#5476,.F.);
#7773=ORIENTED_EDGE('',*,*,#5362,.T.);
#7774=ORIENTED_EDGE('',*,*,#5446,.F.);
#7775=ORIENTED_EDGE('',*,*,#5378,.T.);
#7776=ORIENTED_EDGE('',*,*,#5449,.F.);
#7777=ORIENTED_EDGE('',*,*,#4869,.T.);
#7778=ORIENTED_EDGE('',*,*,#5444,.F.);
#7779=ORIENTED_EDGE('',*,*,#5479,.T.);
#7780=ORIENTED_EDGE('',*,*,#5447,.F.);
#7781=ORIENTED_EDGE('',*,*,#5360,.T.);
#7782=ORIENTED_EDGE('',*,*,#5480,.T.);
#7783=ORIENTED_EDGE('',*,*,#5481,.T.);
#7784=ORIENTED_EDGE('',*,*,#5480,.F.);
#7785=ORIENTED_EDGE('',*,*,#5359,.T.);
#7786=ORIENTED_EDGE('',*,*,#5440,.F.);
#7787=ORIENTED_EDGE('',*,*,#5381,.T.);
#7788=ORIENTED_EDGE('',*,*,#5443,.F.);
#7789=ORIENTED_EDGE('',*,*,#4875,.T.);
#7790=ORIENTED_EDGE('',*,*,#5438,.F.);
#7791=ORIENTED_EDGE('',*,*,#5482,.T.);
#7792=ORIENTED_EDGE('',*,*,#5441,.F.);
#7793=ORIENTED_EDGE('',*,*,#5357,.T.);
#7794=ORIENTED_EDGE('',*,*,#5483,.T.);
#7795=ORIENTED_EDGE('',*,*,#5484,.T.);
#7796=ORIENTED_EDGE('',*,*,#5483,.F.);
#7797=ORIENTED_EDGE('',*,*,#5356,.T.);
#7798=ORIENTED_EDGE('',*,*,#5434,.F.);
#7799=ORIENTED_EDGE('',*,*,#5384,.T.);
#7800=ORIENTED_EDGE('',*,*,#5437,.F.);
#7801=ORIENTED_EDGE('',*,*,#4881,.T.);
#7802=ORIENTED_EDGE('',*,*,#5432,.F.);
#7803=ORIENTED_EDGE('',*,*,#5485,.T.);
#7804=ORIENTED_EDGE('',*,*,#5435,.F.);
#7805=ORIENTED_EDGE('',*,*,#5354,.T.);
#7806=ORIENTED_EDGE('',*,*,#5486,.T.);
#7807=ORIENTED_EDGE('',*,*,#5487,.T.);
#7808=ORIENTED_EDGE('',*,*,#5486,.F.);
#7809=ORIENTED_EDGE('',*,*,#5353,.T.);
#7810=ORIENTED_EDGE('',*,*,#5428,.F.);
#7811=ORIENTED_EDGE('',*,*,#5387,.T.);
#7812=ORIENTED_EDGE('',*,*,#5431,.F.);
#7813=ORIENTED_EDGE('',*,*,#4887,.T.);
#7814=ORIENTED_EDGE('',*,*,#5426,.F.);
#7815=ORIENTED_EDGE('',*,*,#5488,.T.);
#7816=ORIENTED_EDGE('',*,*,#5429,.F.);
#7817=ORIENTED_EDGE('',*,*,#5351,.T.);
#7818=ORIENTED_EDGE('',*,*,#5489,.T.);
#7819=ORIENTED_EDGE('',*,*,#5490,.T.);
#7820=ORIENTED_EDGE('',*,*,#5489,.F.);
#7821=ORIENTED_EDGE('',*,*,#5350,.T.);
#7822=ORIENTED_EDGE('',*,*,#5422,.F.);
#7823=ORIENTED_EDGE('',*,*,#5390,.T.);
#7824=ORIENTED_EDGE('',*,*,#5425,.F.);
#7825=ORIENTED_EDGE('',*,*,#4893,.T.);
#7826=ORIENTED_EDGE('',*,*,#5420,.F.);
#7827=ORIENTED_EDGE('',*,*,#5491,.T.);
#7828=ORIENTED_EDGE('',*,*,#5423,.F.);
#7829=ORIENTED_EDGE('',*,*,#5348,.T.);
#7830=ORIENTED_EDGE('',*,*,#5492,.T.);
#7831=ORIENTED_EDGE('',*,*,#5493,.T.);
#7832=ORIENTED_EDGE('',*,*,#5492,.F.);
#7833=ORIENTED_EDGE('',*,*,#5347,.T.);
#7834=ORIENTED_EDGE('',*,*,#5416,.F.);
#7835=ORIENTED_EDGE('',*,*,#5393,.T.);
#7836=ORIENTED_EDGE('',*,*,#5419,.F.);
#7837=ORIENTED_EDGE('',*,*,#4899,.T.);
#7838=ORIENTED_EDGE('',*,*,#5414,.F.);
#7839=ORIENTED_EDGE('',*,*,#4925,.T.);
#7840=ORIENTED_EDGE('',*,*,#5494,.T.);
#7841=ORIENTED_EDGE('',*,*,#5344,.T.);
#7842=ORIENTED_EDGE('',*,*,#5495,.T.);
#7843=ORIENTED_EDGE('',*,*,#5345,.T.);
#7844=ORIENTED_EDGE('',*,*,#5494,.F.);
#7845=ORIENTED_EDGE('',*,*,#4927,.T.);
#7846=ORIENTED_EDGE('',*,*,#5417,.F.);
#7847=ORIENTED_EDGE('',*,*,#4923,.T.);
#7848=ORIENTED_EDGE('',*,*,#5495,.F.);
#7849=ORIENTED_EDGE('',*,*,#5405,.T.);
#7850=ORIENTED_EDGE('',*,*,#5496,.T.);
#7851=ORIENTED_EDGE('',*,*,#4921,.T.);
#7852=ORIENTED_EDGE('',*,*,#5496,.F.);
#7853=ORIENTED_EDGE('',*,*,#5404,.T.);
#7854=ORIENTED_EDGE('',*,*,#5497,.T.);
#7855=ORIENTED_EDGE('',*,*,#5396,.T.);
#7856=ORIENTED_EDGE('',*,*,#5413,.F.);
#7857=ORIENTED_EDGE('',*,*,#4905,.T.);
#7858=ORIENTED_EDGE('',*,*,#5411,.F.);
#7859=ORIENTED_EDGE('',*,*,#4919,.T.);
#7860=ORIENTED_EDGE('',*,*,#5497,.F.);
#7861=ORIENTED_EDGE('',*,*,#5403,.T.);
#7862=ORIENTED_EDGE('',*,*,#5498,.T.);
#7863=ORIENTED_EDGE('',*,*,#4917,.T.);
#7864=ORIENTED_EDGE('',*,*,#5498,.F.);
#7865=ORIENTED_EDGE('',*,*,#5402,.T.);
#7866=ORIENTED_EDGE('',*,*,#5408,.F.);
#7867=ORIENTED_EDGE('',*,*,#5399,.T.);
#7868=ORIENTED_EDGE('',*,*,#5410,.F.);
#7869=ORIENTED_EDGE('',*,*,#4911,.T.);
#7870=ORIENTED_EDGE('',*,*,#5406,.F.);
#7871=ORIENTED_EDGE('',*,*,#4856,.F.);
#7872=ORIENTED_EDGE('',*,*,#5499,.F.);
#7873=ORIENTED_EDGE('',*,*,#5474,.F.);
#7874=ORIENTED_EDGE('',*,*,#5500,.T.);
#7875=ORIENTED_EDGE('',*,*,#4691,.F.);
#7876=ORIENTED_EDGE('',*,*,#5500,.F.);
#7877=ORIENTED_EDGE('',*,*,#5457,.F.);
#7878=ORIENTED_EDGE('',*,*,#5501,.F.);
#7879=ORIENTED_EDGE('',*,*,#4688,.F.);
#7880=ORIENTED_EDGE('',*,*,#5501,.T.);
#7881=ORIENTED_EDGE('',*,*,#5460,.F.);
#7882=ORIENTED_EDGE('',*,*,#5502,.T.);
#7883=ORIENTED_EDGE('',*,*,#4685,.F.);
#7884=ORIENTED_EDGE('',*,*,#5502,.F.);
#7885=ORIENTED_EDGE('',*,*,#5470,.F.);
#7886=ORIENTED_EDGE('',*,*,#5503,.T.);
#7887=ORIENTED_EDGE('',*,*,#4681,.F.);
#7888=ORIENTED_EDGE('',*,*,#5503,.F.);
#7889=ORIENTED_EDGE('',*,*,#5465,.F.);
#7890=ORIENTED_EDGE('',*,*,#5504,.F.);
#7891=ORIENTED_EDGE('',*,*,#4863,.F.);
#7892=ORIENTED_EDGE('',*,*,#5504,.T.);
#7893=ORIENTED_EDGE('',*,*,#5468,.F.);
#7894=ORIENTED_EDGE('',*,*,#5505,.T.);
#7895=ORIENTED_EDGE('',*,*,#4860,.F.);
#7896=ORIENTED_EDGE('',*,*,#5505,.F.);
#7897=ORIENTED_EDGE('',*,*,#5469,.F.);
#7898=ORIENTED_EDGE('',*,*,#5506,.T.);
#7899=ORIENTED_EDGE('',*,*,#4857,.F.);
#7900=ORIENTED_EDGE('',*,*,#5506,.F.);
#7901=ORIENTED_EDGE('',*,*,#5461,.F.);
#7902=ORIENTED_EDGE('',*,*,#5507,.F.);
#7903=ORIENTED_EDGE('',*,*,#4852,.F.);
#7904=ORIENTED_EDGE('',*,*,#5507,.T.);
#7905=ORIENTED_EDGE('',*,*,#5471,.F.);
#7906=ORIENTED_EDGE('',*,*,#5508,.T.);
#7907=ORIENTED_EDGE('',*,*,#4846,.F.);
#7908=ORIENTED_EDGE('',*,*,#5508,.F.);
#7909=ORIENTED_EDGE('',*,*,#5473,.F.);
#7910=ORIENTED_EDGE('',*,*,#5509,.T.);
#7911=ORIENTED_EDGE('',*,*,#4843,.F.);
#7912=ORIENTED_EDGE('',*,*,#5509,.F.);
#7913=ORIENTED_EDGE('',*,*,#5453,.F.);
#7914=ORIENTED_EDGE('',*,*,#5510,.F.);
#7915=ORIENTED_EDGE('',*,*,#4840,.F.);
#7916=ORIENTED_EDGE('',*,*,#5510,.T.);
#7917=ORIENTED_EDGE('',*,*,#5475,.F.);
#7918=ORIENTED_EDGE('',*,*,#5511,.T.);
#7919=ORIENTED_EDGE('',*,*,#4837,.F.);
#7920=ORIENTED_EDGE('',*,*,#5511,.F.);
#7921=ORIENTED_EDGE('',*,*,#5478,.F.);
#7922=ORIENTED_EDGE('',*,*,#5512,.T.);
#7923=ORIENTED_EDGE('',*,*,#4834,.F.);
#7924=ORIENTED_EDGE('',*,*,#5512,.F.);
#7925=ORIENTED_EDGE('',*,*,#5445,.F.);
#7926=ORIENTED_EDGE('',*,*,#5513,.F.);
#7927=ORIENTED_EDGE('',*,*,#4831,.F.);
#7928=ORIENTED_EDGE('',*,*,#5513,.T.);
#7929=ORIENTED_EDGE('',*,*,#5479,.F.);
#7930=ORIENTED_EDGE('',*,*,#5514,.T.);
#7931=ORIENTED_EDGE('',*,*,#4828,.F.);
#7932=ORIENTED_EDGE('',*,*,#5514,.F.);
#7933=ORIENTED_EDGE('',*,*,#5481,.F.);
#7934=ORIENTED_EDGE('',*,*,#5515,.T.);
#7935=ORIENTED_EDGE('',*,*,#4825,.F.);
#7936=ORIENTED_EDGE('',*,*,#5515,.F.);
#7937=ORIENTED_EDGE('',*,*,#5439,.F.);
#7938=ORIENTED_EDGE('',*,*,#5516,.F.);
#7939=ORIENTED_EDGE('',*,*,#4822,.F.);
#7940=ORIENTED_EDGE('',*,*,#5516,.T.);
#7941=ORIENTED_EDGE('',*,*,#5482,.F.);
#7942=ORIENTED_EDGE('',*,*,#5517,.T.);
#7943=ORIENTED_EDGE('',*,*,#4819,.F.);
#7944=ORIENTED_EDGE('',*,*,#5517,.F.);
#7945=ORIENTED_EDGE('',*,*,#5484,.F.);
#7946=ORIENTED_EDGE('',*,*,#5518,.T.);
#7947=ORIENTED_EDGE('',*,*,#4816,.F.);
#7948=ORIENTED_EDGE('',*,*,#5518,.F.);
#7949=ORIENTED_EDGE('',*,*,#5433,.F.);
#7950=ORIENTED_EDGE('',*,*,#5519,.F.);
#7951=ORIENTED_EDGE('',*,*,#4813,.F.);
#7952=ORIENTED_EDGE('',*,*,#5519,.T.);
#7953=ORIENTED_EDGE('',*,*,#5485,.F.);
#7954=ORIENTED_EDGE('',*,*,#5520,.T.);
#7955=ORIENTED_EDGE('',*,*,#4810,.F.);
#7956=ORIENTED_EDGE('',*,*,#5520,.F.);
#7957=ORIENTED_EDGE('',*,*,#5487,.F.);
#7958=ORIENTED_EDGE('',*,*,#5521,.T.);
#7959=ORIENTED_EDGE('',*,*,#4807,.F.);
#7960=ORIENTED_EDGE('',*,*,#5521,.F.);
#7961=ORIENTED_EDGE('',*,*,#5427,.F.);
#7962=ORIENTED_EDGE('',*,*,#5522,.F.);
#7963=ORIENTED_EDGE('',*,*,#4804,.F.);
#7964=ORIENTED_EDGE('',*,*,#5522,.T.);
#7965=ORIENTED_EDGE('',*,*,#5488,.F.);
#7966=ORIENTED_EDGE('',*,*,#5523,.T.);
#7967=ORIENTED_EDGE('',*,*,#4801,.F.);
#7968=ORIENTED_EDGE('',*,*,#5523,.F.);
#7969=ORIENTED_EDGE('',*,*,#5490,.F.);
#7970=ORIENTED_EDGE('',*,*,#5524,.T.);
#7971=ORIENTED_EDGE('',*,*,#4798,.F.);
#7972=ORIENTED_EDGE('',*,*,#5524,.F.);
#7973=ORIENTED_EDGE('',*,*,#5421,.F.);
#7974=ORIENTED_EDGE('',*,*,#5525,.F.);
#7975=ORIENTED_EDGE('',*,*,#4795,.F.);
#7976=ORIENTED_EDGE('',*,*,#5525,.T.);
#7977=ORIENTED_EDGE('',*,*,#5491,.F.);
#7978=ORIENTED_EDGE('',*,*,#5526,.T.);
#7979=ORIENTED_EDGE('',*,*,#4792,.F.);
#7980=ORIENTED_EDGE('',*,*,#5526,.F.);
#7981=ORIENTED_EDGE('',*,*,#5493,.F.);
#7982=ORIENTED_EDGE('',*,*,#5527,.T.);
#7983=ORIENTED_EDGE('',*,*,#4789,.F.);
#7984=ORIENTED_EDGE('',*,*,#5527,.F.);
#7985=ORIENTED_EDGE('',*,*,#5415,.F.);
#7986=ORIENTED_EDGE('',*,*,#4926,.F.);
#7987=ORIENTED_EDGE('',*,*,#5002,.F.);
#7988=ORIENTED_EDGE('',*,*,#5528,.F.);
#7989=ORIENTED_EDGE('',*,*,#5309,.F.);
#7990=ORIENTED_EDGE('',*,*,#5529,.T.);
#7991=ORIENTED_EDGE('',*,*,#5000,.F.);
#7992=ORIENTED_EDGE('',*,*,#5529,.F.);
#7993=ORIENTED_EDGE('',*,*,#5234,.F.);
#7994=ORIENTED_EDGE('',*,*,#5530,.F.);
#7995=ORIENTED_EDGE('',*,*,#5004,.F.);
#7996=ORIENTED_EDGE('',*,*,#5531,.T.);
#7997=ORIENTED_EDGE('',*,*,#5306,.F.);
#7998=ORIENTED_EDGE('',*,*,#5528,.T.);
#7999=ORIENTED_EDGE('',*,*,#4998,.F.);
#8000=ORIENTED_EDGE('',*,*,#5530,.T.);
#8001=ORIENTED_EDGE('',*,*,#5311,.F.);
#8002=ORIENTED_EDGE('',*,*,#5532,.T.);
#8003=ORIENTED_EDGE('',*,*,#5028,.F.);
#8004=ORIENTED_EDGE('',*,*,#5339,.T.);
#8005=ORIENTED_EDGE('',*,*,#5284,.F.);
#8006=ORIENTED_EDGE('',*,*,#5533,.T.);
#8007=ORIENTED_EDGE('',*,*,#5107,.F.);
#8008=ORIENTED_EDGE('',*,*,#5534,.F.);
#8009=ORIENTED_EDGE('',*,*,#5324,.F.);
#8010=ORIENTED_EDGE('',*,*,#5535,.T.);
#8011=ORIENTED_EDGE('',*,*,#5105,.F.);
#8012=ORIENTED_EDGE('',*,*,#5535,.F.);
#8013=ORIENTED_EDGE('',*,*,#5204,.F.);
#8014=ORIENTED_EDGE('',*,*,#5536,.F.);
#8015=ORIENTED_EDGE('',*,*,#5109,.F.);
#8016=ORIENTED_EDGE('',*,*,#5537,.T.);
#8017=ORIENTED_EDGE('',*,*,#5321,.F.);
#8018=ORIENTED_EDGE('',*,*,#5534,.T.);
#8019=ORIENTED_EDGE('',*,*,#5103,.F.);
#8020=ORIENTED_EDGE('',*,*,#5536,.T.);
#8021=ORIENTED_EDGE('',*,*,#5326,.F.);
#8022=ORIENTED_EDGE('',*,*,#5538,.T.);
#8023=ORIENTED_EDGE('',*,*,#5101,.F.);
#8024=ORIENTED_EDGE('',*,*,#5538,.F.);
#8025=ORIENTED_EDGE('',*,*,#5329,.F.);
#8026=ORIENTED_EDGE('',*,*,#5539,.T.);
#8027=ORIENTED_EDGE('',*,*,#5099,.F.);
#8028=ORIENTED_EDGE('',*,*,#5539,.F.);
#8029=ORIENTED_EDGE('',*,*,#5195,.F.);
#8030=ORIENTED_EDGE('',*,*,#5179,.T.);
#8031=ORIENTED_EDGE('',*,*,#5008,.F.);
#8032=ORIENTED_EDGE('',*,*,#5540,.F.);
#8033=ORIENTED_EDGE('',*,*,#5304,.F.);
#8034=ORIENTED_EDGE('',*,*,#5541,.T.);
#8035=ORIENTED_EDGE('',*,*,#5006,.F.);
#8036=ORIENTED_EDGE('',*,*,#5541,.F.);
#8037=ORIENTED_EDGE('',*,*,#5244,.F.);
#8038=ORIENTED_EDGE('',*,*,#5531,.F.);
#8039=ORIENTED_EDGE('',*,*,#5010,.F.);
#8040=ORIENTED_EDGE('',*,*,#5542,.T.);
#8041=ORIENTED_EDGE('',*,*,#5301,.F.);
#8042=ORIENTED_EDGE('',*,*,#5540,.T.);
#8043=ORIENTED_EDGE('',*,*,#5014,.F.);
#8044=ORIENTED_EDGE('',*,*,#5543,.F.);
#8045=ORIENTED_EDGE('',*,*,#5299,.F.);
#8046=ORIENTED_EDGE('',*,*,#5544,.T.);
#8047=ORIENTED_EDGE('',*,*,#5012,.F.);
#8048=ORIENTED_EDGE('',*,*,#5544,.F.);
#8049=ORIENTED_EDGE('',*,*,#5254,.F.);
#8050=ORIENTED_EDGE('',*,*,#5542,.F.);
#8051=ORIENTED_EDGE('',*,*,#5016,.F.);
#8052=ORIENTED_EDGE('',*,*,#5545,.T.);
#8053=ORIENTED_EDGE('',*,*,#5296,.F.);
#8054=ORIENTED_EDGE('',*,*,#5543,.T.);
#8055=ORIENTED_EDGE('',*,*,#4995,.F.);
#8056=ORIENTED_EDGE('',*,*,#5532,.F.);
#8057=ORIENTED_EDGE('',*,*,#5314,.F.);
#8058=ORIENTED_EDGE('',*,*,#5546,.T.);
#8059=ORIENTED_EDGE('',*,*,#5117,.F.);
#8060=ORIENTED_EDGE('',*,*,#5546,.F.);
#8061=ORIENTED_EDGE('',*,*,#5224,.F.);
#8062=ORIENTED_EDGE('',*,*,#5547,.F.);
#8063=ORIENTED_EDGE('',*,*,#5115,.F.);
#8064=ORIENTED_EDGE('',*,*,#5547,.T.);
#8065=ORIENTED_EDGE('',*,*,#5316,.F.);
#8066=ORIENTED_EDGE('',*,*,#5548,.T.);
#8067=ORIENTED_EDGE('',*,*,#4692,.F.);
#8068=ORIENTED_EDGE('',*,*,#4867,.T.);
#8069=ORIENTED_EDGE('',*,*,#5477,.F.);
#8070=ORIENTED_EDGE('',*,*,#5549,.T.);
#8071=ORIENTED_EDGE('',*,*,#5113,.F.);
#8072=ORIENTED_EDGE('',*,*,#5548,.F.);
#8073=ORIENTED_EDGE('',*,*,#5319,.F.);
#8074=ORIENTED_EDGE('',*,*,#5550,.T.);
#8075=ORIENTED_EDGE('',*,*,#5111,.F.);
#8076=ORIENTED_EDGE('',*,*,#5550,.F.);
#8077=ORIENTED_EDGE('',*,*,#5214,.F.);
#8078=ORIENTED_EDGE('',*,*,#5537,.F.);
#8079=ORIENTED_EDGE('',*,*,#5020,.F.);
#8080=ORIENTED_EDGE('',*,*,#5551,.F.);
#8081=ORIENTED_EDGE('',*,*,#5294,.F.);
#8082=ORIENTED_EDGE('',*,*,#5552,.T.);
#8083=ORIENTED_EDGE('',*,*,#5018,.F.);
#8084=ORIENTED_EDGE('',*,*,#5552,.F.);
#8085=ORIENTED_EDGE('',*,*,#5264,.F.);
#8086=ORIENTED_EDGE('',*,*,#5545,.F.);
#8087=ORIENTED_EDGE('',*,*,#5022,.F.);
#8088=ORIENTED_EDGE('',*,*,#5553,.T.);
#8089=ORIENTED_EDGE('',*,*,#5289,.F.);
#8090=ORIENTED_EDGE('',*,*,#5551,.T.);
#8091=ORIENTED_EDGE('',*,*,#5026,.F.);
#8092=ORIENTED_EDGE('',*,*,#5533,.F.);
#8093=ORIENTED_EDGE('',*,*,#5285,.F.);
#8094=ORIENTED_EDGE('',*,*,#5554,.T.);
#8095=ORIENTED_EDGE('',*,*,#5024,.F.);
#8096=ORIENTED_EDGE('',*,*,#5554,.F.);
#8097=ORIENTED_EDGE('',*,*,#5274,.F.);
#8098=ORIENTED_EDGE('',*,*,#5553,.F.);
#8099=ORIENTED_EDGE('',*,*,#4850,.F.);
#8100=ORIENTED_EDGE('',*,*,#5549,.F.);
#8101=ORIENTED_EDGE('',*,*,#5450,.F.);
#8102=ORIENTED_EDGE('',*,*,#5499,.T.);
#8103=ORIENTED_EDGE('',*,*,#5555,.T.);
#8104=ORIENTED_EDGE('',*,*,#4929,.T.);
#8105=ORIENTED_EDGE('',*,*,#5556,.T.);
#8106=ORIENTED_EDGE('',*,*,#5557,.T.);
#8107=ORIENTED_EDGE('',*,*,#5558,.T.);
#8108=ORIENTED_EDGE('',*,*,#4930,.T.);
#8109=ORIENTED_EDGE('',*,*,#5555,.F.);
#8110=ORIENTED_EDGE('',*,*,#5559,.T.);
#8111=ORIENTED_EDGE('',*,*,#5560,.T.);
#8112=ORIENTED_EDGE('',*,*,#4931,.T.);
#8113=ORIENTED_EDGE('',*,*,#5558,.F.);
#8114=ORIENTED_EDGE('',*,*,#5561,.T.);
#8115=ORIENTED_EDGE('',*,*,#5556,.F.);
#8116=ORIENTED_EDGE('',*,*,#4928,.T.);
#8117=ORIENTED_EDGE('',*,*,#5560,.F.);
#8118=ORIENTED_EDGE('',*,*,#5562,.T.);
#8119=ORIENTED_EDGE('',*,*,#5559,.F.);
#8120=ORIENTED_EDGE('',*,*,#5563,.F.);
#8121=ORIENTED_EDGE('',*,*,#5564,.F.);
#8122=ORIENTED_EDGE('',*,*,#5565,.T.);
#8123=ORIENTED_EDGE('',*,*,#5557,.F.);
#8124=ORIENTED_EDGE('',*,*,#5566,.F.);
#8125=ORIENTED_EDGE('',*,*,#5567,.F.);
#8126=ORIENTED_EDGE('',*,*,#5563,.T.);
#8127=ORIENTED_EDGE('',*,*,#5568,.T.);
#8128=ORIENTED_EDGE('',*,*,#5340,.T.);
#8129=ORIENTED_EDGE('',*,*,#5569,.T.);
#8130=ORIENTED_EDGE('',*,*,#5564,.T.);
#8131=ORIENTED_EDGE('',*,*,#5570,.T.);
#8132=ORIENTED_EDGE('',*,*,#5341,.T.);
#8133=ORIENTED_EDGE('',*,*,#5568,.F.);
#8134=ORIENTED_EDGE('',*,*,#5567,.T.);
#8135=ORIENTED_EDGE('',*,*,#5571,.T.);
#8136=ORIENTED_EDGE('',*,*,#5342,.T.);
#8137=ORIENTED_EDGE('',*,*,#5570,.F.);
#8138=ORIENTED_EDGE('',*,*,#5572,.T.);
#8139=ORIENTED_EDGE('',*,*,#5569,.F.);
#8140=ORIENTED_EDGE('',*,*,#5343,.T.);
#8141=ORIENTED_EDGE('',*,*,#5571,.F.);
#8142=ORIENTED_EDGE('',*,*,#5573,.T.);
#8143=ORIENTED_EDGE('',*,*,#5562,.F.);
#8144=ORIENTED_EDGE('',*,*,#5574,.F.);
#8145=ORIENTED_EDGE('',*,*,#5572,.F.);
#8146=ORIENTED_EDGE('',*,*,#5566,.T.);
#8147=ORIENTED_EDGE('',*,*,#5561,.F.);
#8148=ORIENTED_EDGE('',*,*,#5565,.F.);
#8149=ORIENTED_EDGE('',*,*,#5573,.F.);
#8150=ORIENTED_EDGE('',*,*,#5574,.T.);
#8151=CYLINDRICAL_SURFACE('',#9056,0.5);
#8152=CYLINDRICAL_SURFACE('',#9063,0.5);
#8153=CYLINDRICAL_SURFACE('',#9066,0.5);
#8154=CYLINDRICAL_SURFACE('',#9069,0.5);
#8155=CYLINDRICAL_SURFACE('',#9071,0.5);
#8156=CYLINDRICAL_SURFACE('',#9074,0.5);
#8157=CYLINDRICAL_SURFACE('',#9077,0.5);
#8158=CYLINDRICAL_SURFACE('',#9079,0.5);
#8159=CYLINDRICAL_SURFACE('',#9082,0.5);
#8160=CYLINDRICAL_SURFACE('',#9085,0.5);
#8161=CYLINDRICAL_SURFACE('',#9087,0.5);
#8162=CYLINDRICAL_SURFACE('',#9090,0.5);
#8163=CYLINDRICAL_SURFACE('',#9093,0.5);
#8164=CYLINDRICAL_SURFACE('',#9095,0.5);
#8165=CYLINDRICAL_SURFACE('',#9098,0.5);
#8166=CYLINDRICAL_SURFACE('',#9101,0.5);
#8167=CYLINDRICAL_SURFACE('',#9103,0.5);
#8168=CYLINDRICAL_SURFACE('',#9106,0.5);
#8169=CYLINDRICAL_SURFACE('',#9108,0.5);
#8170=CYLINDRICAL_SURFACE('',#9111,0.5);
#8171=CYLINDRICAL_SURFACE('',#9116,0.5);
#8172=CYLINDRICAL_SURFACE('',#9117,0.5);
#8173=CYLINDRICAL_SURFACE('',#9119,0.5);
#8174=CYLINDRICAL_SURFACE('',#9120,0.5);
#8175=CYLINDRICAL_SURFACE('',#9122,0.5);
#8176=CYLINDRICAL_SURFACE('',#9124,0.5);
#8177=CYLINDRICAL_SURFACE('',#9125,0.5);
#8178=CYLINDRICAL_SURFACE('',#9126,0.5);
#8179=CYLINDRICAL_SURFACE('',#9128,0.5);
#8180=CYLINDRICAL_SURFACE('',#9129,0.5);
#8181=CYLINDRICAL_SURFACE('',#9130,0.5);
#8182=CYLINDRICAL_SURFACE('',#9132,0.5);
#8183=CYLINDRICAL_SURFACE('',#9133,0.5);
#8184=CYLINDRICAL_SURFACE('',#9134,0.5);
#8185=CYLINDRICAL_SURFACE('',#9136,0.5);
#8186=CYLINDRICAL_SURFACE('',#9137,0.5);
#8187=CYLINDRICAL_SURFACE('',#9138,0.5);
#8188=CYLINDRICAL_SURFACE('',#9140,0.5);
#8189=CYLINDRICAL_SURFACE('',#9141,0.5);
#8190=CYLINDRICAL_SURFACE('',#9142,0.5);
#8191=CYLINDRICAL_SURFACE('',#9143,0.5);
#8192=CYLINDRICAL_SURFACE('',#9145,0.5);
#8193=CYLINDRICAL_SURFACE('',#9167,1.5);
#8194=CYLINDRICAL_SURFACE('',#9172,0.5);
#8195=CYLINDRICAL_SURFACE('',#9175,0.5);
#8196=CYLINDRICAL_SURFACE('',#9177,0.5);
#8197=CYLINDRICAL_SURFACE('',#9180,0.5);
#8198=CYLINDRICAL_SURFACE('',#9183,0.5);
#8199=CYLINDRICAL_SURFACE('',#9189,0.5);
#8200=CYLINDRICAL_SURFACE('',#9192,0.5);
#8201=CYLINDRICAL_SURFACE('',#9194,0.5);
#8202=CYLINDRICAL_SURFACE('',#9197,0.5);
#8203=CYLINDRICAL_SURFACE('',#9200,0.5);
#8204=CYLINDRICAL_SURFACE('',#9202,0.5);
#8205=CYLINDRICAL_SURFACE('',#9205,0.5);
#8206=CYLINDRICAL_SURFACE('',#9208,0.5);
#8207=CYLINDRICAL_SURFACE('',#9210,0.5);
#8208=CYLINDRICAL_SURFACE('',#9211,0.5);
#8209=CYLINDRICAL_SURFACE('',#9217,0.5);
#8210=CYLINDRICAL_SURFACE('',#9219,0.5);
#8211=CYLINDRICAL_SURFACE('',#9221,0.5);
#8212=CYLINDRICAL_SURFACE('',#9224,0.5);
#8213=CYLINDRICAL_SURFACE('',#9227,0.5);
#8214=CYLINDRICAL_SURFACE('',#9229,0.5);
#8215=CYLINDRICAL_SURFACE('',#9232,0.5);
#8216=CYLINDRICAL_SURFACE('',#9233,0.5);
#8217=CYLINDRICAL_SURFACE('',#9235,0.5);
#8218=CYLINDRICAL_SURFACE('',#9236,0.5);
#8219=CYLINDRICAL_SURFACE('',#9237,0.5);
#8220=CYLINDRICAL_SURFACE('',#9239,0.5);
#8221=CYLINDRICAL_SURFACE('',#9240,0.5);
#8222=CYLINDRICAL_SURFACE('',#9242,0.5);
#8223=CYLINDRICAL_SURFACE('',#9243,0.5);
#8224=CYLINDRICAL_SURFACE('',#9244,0.5);
#8225=CYLINDRICAL_SURFACE('',#9246,0.5);
#8226=CYLINDRICAL_SURFACE('',#9247,0.5);
#8227=CYLINDRICAL_SURFACE('',#9248,0.5);
#8228=CYLINDRICAL_SURFACE('',#9250,0.5);
#8229=CYLINDRICAL_SURFACE('',#9251,0.5);
#8230=CYLINDRICAL_SURFACE('',#9253,0.5);
#8231=CYLINDRICAL_SURFACE('',#9254,0.5);
#8232=CYLINDRICAL_SURFACE('',#9256,0.5);
#8233=CYLINDRICAL_SURFACE('',#9257,0.5);
#8234=CYLINDRICAL_SURFACE('',#9258,0.5);
#8235=CYLINDRICAL_SURFACE('',#9260,0.5);
#8236=CYLINDRICAL_SURFACE('',#9285,1.5);
#8237=CYLINDRICAL_SURFACE('',#9292,3.35);
#8238=CYLINDRICAL_SURFACE('',#9306,8.);
#8239=CYLINDRICAL_SURFACE('',#9314,0.5);
#8240=CYLINDRICAL_SURFACE('',#9317,0.5);
#8241=CYLINDRICAL_SURFACE('',#9319,0.5);
#8242=CYLINDRICAL_SURFACE('',#9321,0.5);
#8243=CYLINDRICAL_SURFACE('',#9323,0.5);
#8244=CYLINDRICAL_SURFACE('',#9326,0.5);
#8245=CYLINDRICAL_SURFACE('',#9328,0.5);
#8246=CYLINDRICAL_SURFACE('',#9330,0.5);
#8247=CYLINDRICAL_SURFACE('',#9332,0.5);
#8248=CYLINDRICAL_SURFACE('',#9334,0.5);
#8249=CYLINDRICAL_SURFACE('',#9336,0.5);
#8250=CYLINDRICAL_SURFACE('',#9338,0.5);
#8251=CYLINDRICAL_SURFACE('',#9340,0.5);
#8252=CYLINDRICAL_SURFACE('',#9342,0.5);
#8253=CYLINDRICAL_SURFACE('',#9344,0.5);
#8254=CYLINDRICAL_SURFACE('',#9346,0.5);
#8255=CYLINDRICAL_SURFACE('',#9348,0.5);
#8256=CYLINDRICAL_SURFACE('',#9350,0.5);
#8257=CYLINDRICAL_SURFACE('',#9352,0.5);
#8258=CYLINDRICAL_SURFACE('',#9354,0.5);
#8259=CYLINDRICAL_SURFACE('',#9356,0.5);
#8260=CYLINDRICAL_SURFACE('',#9358,0.5);
#8261=CYLINDRICAL_SURFACE('',#9360,0.5);
#8262=CYLINDRICAL_SURFACE('',#9362,0.5);
#8263=CYLINDRICAL_SURFACE('',#9364,0.5);
#8264=CYLINDRICAL_SURFACE('',#9366,0.5);
#8265=CYLINDRICAL_SURFACE('',#9368,0.5);
#8266=CYLINDRICAL_SURFACE('',#9370,0.5);
#8267=CYLINDRICAL_SURFACE('',#9372,0.5);
#8268=CYLINDRICAL_SURFACE('',#9374,0.5);
#8269=CYLINDRICAL_SURFACE('',#9376,0.5);
#8270=CYLINDRICAL_SURFACE('',#9378,0.5);
#8271=CYLINDRICAL_SURFACE('',#9380,0.5);
#8272=CYLINDRICAL_SURFACE('',#9382,0.5);
#8273=CYLINDRICAL_SURFACE('',#9383,0.5);
#8274=CYLINDRICAL_SURFACE('',#9389,0.5);
#8275=CYLINDRICAL_SURFACE('',#9391,0.5);
#8276=CYLINDRICAL_SURFACE('',#9393,0.5);
#8277=CYLINDRICAL_SURFACE('',#9395,0.5);
#8278=CYLINDRICAL_SURFACE('',#9397,0.5);
#8279=CYLINDRICAL_SURFACE('',#9399,0.5);
#8280=CYLINDRICAL_SURFACE('',#9401,0.5);
#8281=CYLINDRICAL_SURFACE('',#9403,0.5);
#8282=CYLINDRICAL_SURFACE('',#9405,0.5);
#8283=CYLINDRICAL_SURFACE('',#9407,0.5);
#8284=CYLINDRICAL_SURFACE('',#9409,0.5);
#8285=CYLINDRICAL_SURFACE('',#9411,0.5);
#8286=CYLINDRICAL_SURFACE('',#9413,0.5);
#8287=CYLINDRICAL_SURFACE('',#9415,0.5);
#8288=CYLINDRICAL_SURFACE('',#9417,0.5);
#8289=CYLINDRICAL_SURFACE('',#9419,0.5);
#8290=CYLINDRICAL_SURFACE('',#9421,0.5);
#8291=CYLINDRICAL_SURFACE('',#9423,0.5);
#8292=CYLINDRICAL_SURFACE('',#9425,0.5);
#8293=CYLINDRICAL_SURFACE('',#9427,0.5);
#8294=CYLINDRICAL_SURFACE('',#9432,0.5);
#8295=CYLINDRICAL_SURFACE('',#9434,0.5);
#8296=CYLINDRICAL_SURFACE('',#9435,0.5);
#8297=CYLINDRICAL_SURFACE('',#9437,0.5);
#8298=CYLINDRICAL_SURFACE('',#9439,0.5);
#8299=CYLINDRICAL_SURFACE('',#9469,1.00000001490116);
#8300=CYLINDRICAL_SURFACE('',#9477,0.5);
#8301=CYLINDRICAL_SURFACE('',#9480,0.5);
#8302=CYLINDRICAL_SURFACE('',#9482,0.5);
#8303=CYLINDRICAL_SURFACE('',#9484,0.5);
#8304=CYLINDRICAL_SURFACE('',#9486,0.5);
#8305=CYLINDRICAL_SURFACE('',#9488,0.5);
#8306=CYLINDRICAL_SURFACE('',#9490,0.5);
#8307=CYLINDRICAL_SURFACE('',#9492,0.5);
#8308=CYLINDRICAL_SURFACE('',#9494,0.5);
#8309=CYLINDRICAL_SURFACE('',#9496,0.5);
#8310=CYLINDRICAL_SURFACE('',#9498,0.5);
#8311=CYLINDRICAL_SURFACE('',#9500,0.5);
#8312=CYLINDRICAL_SURFACE('',#9502,0.5);
#8313=CYLINDRICAL_SURFACE('',#9504,0.5);
#8314=CYLINDRICAL_SURFACE('',#9506,0.5);
#8315=CYLINDRICAL_SURFACE('',#9508,0.5);
#8316=CYLINDRICAL_SURFACE('',#9510,0.5);
#8317=CYLINDRICAL_SURFACE('',#9512,0.5);
#8318=CYLINDRICAL_SURFACE('',#9514,0.5);
#8319=CYLINDRICAL_SURFACE('',#9519,0.5);
#8320=CYLINDRICAL_SURFACE('',#9521,0.5);
#8321=CYLINDRICAL_SURFACE('',#9523,0.5);
#8322=CYLINDRICAL_SURFACE('',#9525,0.5);
#8323=CYLINDRICAL_SURFACE('',#9527,0.5);
#8324=CYLINDRICAL_SURFACE('',#9529,0.5);
#8325=CYLINDRICAL_SURFACE('',#9531,0.5);
#8326=CYLINDRICAL_SURFACE('',#9533,0.5);
#8327=CYLINDRICAL_SURFACE('',#9535,0.5);
#8328=CYLINDRICAL_SURFACE('',#9537,0.5);
#8329=CYLINDRICAL_SURFACE('',#9539,0.5);
#8330=CYLINDRICAL_SURFACE('',#9541,0.5);
#8331=CYLINDRICAL_SURFACE('',#9543,0.5);
#8332=CYLINDRICAL_SURFACE('',#9545,0.5);
#8333=CYLINDRICAL_SURFACE('',#9547,0.5);
#8334=CYLINDRICAL_SURFACE('',#9549,0.5);
#8335=CYLINDRICAL_SURFACE('',#9551,0.5);
#8336=CYLINDRICAL_SURFACE('',#9553,0.5);
#8337=CYLINDRICAL_SURFACE('',#9555,0.5);
#8338=CYLINDRICAL_SURFACE('',#9557,0.5);
#8339=CYLINDRICAL_SURFACE('',#9559,0.5);
#8340=CYLINDRICAL_SURFACE('',#9561,0.5);
#8341=CYLINDRICAL_SURFACE('',#9563,0.5);
#8342=CYLINDRICAL_SURFACE('',#9564,0.5);
#8343=CYLINDRICAL_SURFACE('',#9566,0.5);
#8344=CYLINDRICAL_SURFACE('',#9568,0.5);
#8345=CYLINDRICAL_SURFACE('',#9570,0.5);
#8346=CYLINDRICAL_SURFACE('',#9572,0.5);
#8347=CYLINDRICAL_SURFACE('',#9574,0.5);
#8348=CYLINDRICAL_SURFACE('',#9576,0.5);
#8349=CYLINDRICAL_SURFACE('',#9581,0.5);
#8350=CYLINDRICAL_SURFACE('',#9582,0.5);
#8351=CYLINDRICAL_SURFACE('',#9584,0.5);
#8352=CYLINDRICAL_SURFACE('',#9586,0.5);
#8353=CYLINDRICAL_SURFACE('',#9588,0.5);
#8354=CYLINDRICAL_SURFACE('',#9590,0.5);
#8355=CYLINDRICAL_SURFACE('',#9592,0.5);
#8356=CYLINDRICAL_SURFACE('',#9594,0.5);
#8357=CYLINDRICAL_SURFACE('',#9596,0.5);
#8358=CYLINDRICAL_SURFACE('',#9598,0.5);
#8359=CYLINDRICAL_SURFACE('',#9600,0.5);
#8360=CYLINDRICAL_SURFACE('',#9631,1.00000001490116);
#8361=CYLINDRICAL_SURFACE('',#9633,0.5);
#8362=CYLINDRICAL_SURFACE('',#9636,0.5);
#8363=CYLINDRICAL_SURFACE('',#9638,0.5);
#8364=CYLINDRICAL_SURFACE('',#9640,0.5);
#8365=CYLINDRICAL_SURFACE('',#9645,0.5);
#8366=CYLINDRICAL_SURFACE('',#9647,0.5);
#8367=CYLINDRICAL_SURFACE('',#9649,0.5);
#8368=CYLINDRICAL_SURFACE('',#9651,0.5);
#8369=CYLINDRICAL_SURFACE('',#9653,0.5);
#8370=CYLINDRICAL_SURFACE('',#9655,0.5);
#8371=CYLINDRICAL_SURFACE('',#9658,0.5);
#8372=CYLINDRICAL_SURFACE('',#9660,0.5);
#8373=CYLINDRICAL_SURFACE('',#9662,0.5);
#8374=CYLINDRICAL_SURFACE('',#9664,0.5);
#8375=CYLINDRICAL_SURFACE('',#9667,0.5);
#8376=CYLINDRICAL_SURFACE('',#9669,0.5);
#8377=CYLINDRICAL_SURFACE('',#9671,0.5);
#8378=CYLINDRICAL_SURFACE('',#9673,0.5);
#8379=CYLINDRICAL_SURFACE('',#9676,0.5);
#8380=CYLINDRICAL_SURFACE('',#9678,0.5);
#8381=CYLINDRICAL_SURFACE('',#9680,0.5);
#8382=CYLINDRICAL_SURFACE('',#9682,0.5);
#8383=CYLINDRICAL_SURFACE('',#9685,0.5);
#8384=CYLINDRICAL_SURFACE('',#9687,0.5);
#8385=CYLINDRICAL_SURFACE('',#9689,0.5);
#8386=CYLINDRICAL_SURFACE('',#9691,0.5);
#8387=CYLINDRICAL_SURFACE('',#9694,0.5);
#8388=CYLINDRICAL_SURFACE('',#9696,0.5);
#8389=CYLINDRICAL_SURFACE('',#9698,0.5);
#8390=CYLINDRICAL_SURFACE('',#9700,0.5);
#8391=CYLINDRICAL_SURFACE('',#9703,0.5);
#8392=CYLINDRICAL_SURFACE('',#9705,0.5);
#8393=CYLINDRICAL_SURFACE('',#9707,0.5);
#8394=CYLINDRICAL_SURFACE('',#9709,0.5);
#8395=CYLINDRICAL_SURFACE('',#9712,0.5);
#8396=CYLINDRICAL_SURFACE('',#9713,0.5);
#8397=CYLINDRICAL_SURFACE('',#9716,0.5);
#8398=CYLINDRICAL_SURFACE('',#9719,0.5);
#8399=CYLINDRICAL_SURFACE('',#9722,0.5);
#8400=CYLINDRICAL_SURFACE('',#9724,0.5);
#8401=CYLINDRICAL_SURFACE('',#9725,0.5);
#8402=CYLINDRICAL_SURFACE('',#9726,0.5);
#8403=CYLINDRICAL_SURFACE('',#9731,0.5);
#8404=CYLINDRICAL_SURFACE('',#9732,0.5);
#8405=CYLINDRICAL_SURFACE('',#9734,0.5);
#8406=CYLINDRICAL_SURFACE('',#9735,0.5);
#8407=CYLINDRICAL_SURFACE('',#9737,0.5);
#8408=CYLINDRICAL_SURFACE('',#9738,0.5);
#8409=CYLINDRICAL_SURFACE('',#9740,0.5);
#8410=CYLINDRICAL_SURFACE('',#9741,0.5);
#8411=CYLINDRICAL_SURFACE('',#9743,0.5);
#8412=CYLINDRICAL_SURFACE('',#9744,0.5);
#8413=CYLINDRICAL_SURFACE('',#9746,0.5);
#8414=CYLINDRICAL_SURFACE('',#9747,0.5);
#8415=CYLINDRICAL_SURFACE('',#9749,0.5);
#8416=CYLINDRICAL_SURFACE('',#9750,0.5);
#8417=CYLINDRICAL_SURFACE('',#9752,0.5);
#8418=CYLINDRICAL_SURFACE('',#9753,0.5);
#8419=CYLINDRICAL_SURFACE('',#9755,0.5);
#8420=CYLINDRICAL_SURFACE('',#9757,0.5);
#8421=CYLINDRICAL_SURFACE('',#9758,1.00000001490116);
#8422=CYLINDRICAL_SURFACE('',#9767,0.5);
#8423=CYLINDRICAL_SURFACE('',#9770,0.5);
#8424=CYLINDRICAL_SURFACE('',#9772,0.5);
#8425=CYLINDRICAL_SURFACE('',#9775,0.5);
#8426=CYLINDRICAL_SURFACE('',#9777,0.5);
#8427=CYLINDRICAL_SURFACE('',#9780,0.5);
#8428=CYLINDRICAL_SURFACE('',#9782,0.5);
#8429=CYLINDRICAL_SURFACE('',#9785,0.5);
#8430=CYLINDRICAL_SURFACE('',#9788,0.5);
#8431=CYLINDRICAL_SURFACE('',#9790,0.5);
#8432=CYLINDRICAL_SURFACE('',#9793,0.5);
#8433=CYLINDRICAL_SURFACE('',#9796,0.5);
#8434=CYLINDRICAL_SURFACE('',#9798,0.5);
#8435=CYLINDRICAL_SURFACE('',#9801,0.5);
#8436=CYLINDRICAL_SURFACE('',#9804,0.5);
#8437=CYLINDRICAL_SURFACE('',#9806,0.5);
#8438=CYLINDRICAL_SURFACE('',#9809,0.5);
#8439=CYLINDRICAL_SURFACE('',#9812,0.5);
#8440=CYLINDRICAL_SURFACE('',#9814,0.5);
#8441=CYLINDRICAL_SURFACE('',#9817,0.5);
#8442=CYLINDRICAL_SURFACE('',#9820,0.5);
#8443=CYLINDRICAL_SURFACE('',#9822,0.5);
#8444=CYLINDRICAL_SURFACE('',#9825,0.5);
#8445=CYLINDRICAL_SURFACE('',#9831,0.5);
#8446=CYLINDRICAL_SURFACE('',#9834,0.5);
#8447=CYLINDRICAL_SURFACE('',#9837,0.5);
#8448=CYLINDRICAL_SURFACE('',#9839,0.5);
#8449=CYLINDRICAL_SURFACE('',#9842,0.5);
#8450=CYLINDRICAL_SURFACE('',#9845,0.5);
#8451=CYLINDRICAL_SURFACE('',#9847,0.5);
#8452=CYLINDRICAL_SURFACE('',#9848,0.5);
#8453=CYLINDRICAL_SURFACE('',#9849,0.5);
#8454=CYLINDRICAL_SURFACE('',#9851,0.5);
#8455=CYLINDRICAL_SURFACE('',#9852,0.5);
#8456=CYLINDRICAL_SURFACE('',#9853,0.5);
#8457=CYLINDRICAL_SURFACE('',#9855,0.5);
#8458=CYLINDRICAL_SURFACE('',#9856,0.5);
#8459=CYLINDRICAL_SURFACE('',#9857,0.5);
#8460=CYLINDRICAL_SURFACE('',#9858,0.5);
#8461=CYLINDRICAL_SURFACE('',#9860,0.5);
#8462=CYLINDRICAL_SURFACE('',#9861,0.5);
#8463=CYLINDRICAL_SURFACE('',#9862,0.5);
#8464=CYLINDRICAL_SURFACE('',#9864,0.5);
#8465=CYLINDRICAL_SURFACE('',#9865,0.5);
#8466=CYLINDRICAL_SURFACE('',#9866,0.5);
#8467=CYLINDRICAL_SURFACE('',#9868,0.5);
#8468=CYLINDRICAL_SURFACE('',#9869,0.5);
#8469=CYLINDRICAL_SURFACE('',#9870,0.5);
#8470=CYLINDRICAL_SURFACE('',#9872,0.5);
#8471=CYLINDRICAL_SURFACE('',#9873,0.5);
#8472=CYLINDRICAL_SURFACE('',#9874,0.5);
#8473=CYLINDRICAL_SURFACE('',#9876,0.5);
#8474=CYLINDRICAL_SURFACE('',#9877,0.5);
#8475=CYLINDRICAL_SURFACE('',#9880,0.5);
#8476=CYLINDRICAL_SURFACE('',#9881,0.5);
#8477=CYLINDRICAL_SURFACE('',#9883,0.5);
#8478=CYLINDRICAL_SURFACE('',#9885,0.5);
#8479=CYLINDRICAL_SURFACE('',#9886,0.5);
#8480=CYLINDRICAL_SURFACE('',#9888,0.5);
#8481=CYLINDRICAL_SURFACE('',#9889,0.5);
#8482=CYLINDRICAL_SURFACE('',#9947,1.00000001490116);
#8483=CYLINDRICAL_SURFACE('',#9954,5.);
#8484=CYLINDRICAL_SURFACE('',#9962,5.);
#8485=ADVANCED_FACE('',(#327),#8151,.T.);
#8486=ADVANCED_FACE('',(#328),#315,.T.);
#8487=ADVANCED_FACE('',(#329),#8152,.T.);
#8488=ADVANCED_FACE('',(#330),#8153,.T.);
#8489=ADVANCED_FACE('',(#331),#8154,.T.);
#8490=ADVANCED_FACE('',(#332),#8155,.T.);
#8491=ADVANCED_FACE('',(#333),#8156,.T.);
#8492=ADVANCED_FACE('',(#334),#8157,.T.);
#8493=ADVANCED_FACE('',(#335),#8158,.T.);
#8494=ADVANCED_FACE('',(#336),#8159,.T.);
#8495=ADVANCED_FACE('',(#337),#8160,.T.);
#8496=ADVANCED_FACE('',(#338),#8161,.T.);
#8497=ADVANCED_FACE('',(#339),#8162,.T.);
#8498=ADVANCED_FACE('',(#340),#8163,.T.);
#8499=ADVANCED_FACE('',(#341),#8164,.T.);
#8500=ADVANCED_FACE('',(#342),#8165,.T.);
#8501=ADVANCED_FACE('',(#343),#8166,.T.);
#8502=ADVANCED_FACE('',(#344),#8167,.T.);
#8503=ADVANCED_FACE('',(#345),#8168,.T.);
#8504=ADVANCED_FACE('',(#346),#8169,.T.);
#8505=ADVANCED_FACE('',(#347),#8170,.T.);
#8506=ADVANCED_FACE('',(#348),#316,.T.);
#8507=ADVANCED_FACE('',(#349),#8171,.T.);
#8508=ADVANCED_FACE('',(#350),#8172,.T.);
#8509=ADVANCED_FACE('',(#351),#8173,.T.);
#8510=ADVANCED_FACE('',(#352),#8174,.T.);
#8511=ADVANCED_FACE('',(#353),#8175,.T.);
#8512=ADVANCED_FACE('',(#354),#8176,.T.);
#8513=ADVANCED_FACE('',(#355),#8177,.T.);
#8514=ADVANCED_FACE('',(#356),#8178,.T.);
#8515=ADVANCED_FACE('',(#357),#8179,.T.);
#8516=ADVANCED_FACE('',(#358),#8180,.T.);
#8517=ADVANCED_FACE('',(#359),#8181,.T.);
#8518=ADVANCED_FACE('',(#360),#8182,.T.);
#8519=ADVANCED_FACE('',(#361),#8183,.T.);
#8520=ADVANCED_FACE('',(#362),#8184,.T.);
#8521=ADVANCED_FACE('',(#363),#8185,.T.);
#8522=ADVANCED_FACE('',(#364),#8186,.T.);
#8523=ADVANCED_FACE('',(#365),#8187,.T.);
#8524=ADVANCED_FACE('',(#366),#8188,.T.);
#8525=ADVANCED_FACE('',(#367),#8189,.T.);
#8526=ADVANCED_FACE('',(#368),#8190,.T.);
#8527=ADVANCED_FACE('',(#369),#8191,.T.);
#8528=ADVANCED_FACE('',(#370),#8192,.T.);
#8529=ADVANCED_FACE('',(#371),#45,.T.);
#8530=ADVANCED_FACE('',(#372),#46,.T.);
#8531=ADVANCED_FACE('',(#373),#47,.T.);
#8532=ADVANCED_FACE('',(#374),#48,.T.);
#8533=ADVANCED_FACE('',(#375),#49,.T.);
#8534=ADVANCED_FACE('',(#376),#50,.T.);
#8535=ADVANCED_FACE('',(#377),#51,.T.);
#8536=ADVANCED_FACE('',(#378),#52,.T.);
#8537=ADVANCED_FACE('',(#379),#53,.T.);
#8538=ADVANCED_FACE('',(#380),#54,.T.);
#8539=ADVANCED_FACE('',(#381),#55,.T.);
#8540=ADVANCED_FACE('',(#382),#56,.T.);
#8541=ADVANCED_FACE('',(#383),#57,.T.);
#8542=ADVANCED_FACE('',(#384),#58,.T.);
#8543=ADVANCED_FACE('',(#385),#59,.T.);
#8544=ADVANCED_FACE('',(#386),#60,.T.);
#8545=ADVANCED_FACE('',(#387),#61,.T.);
#8546=ADVANCED_FACE('',(#388),#62,.T.);
#8547=ADVANCED_FACE('',(#389),#63,.T.);
#8548=ADVANCED_FACE('',(#390),#64,.T.);
#8549=ADVANCED_FACE('',(#391),#65,.T.);
#8550=ADVANCED_FACE('',(#392),#8193,.F.);
#8551=ADVANCED_FACE('',(#393,#37,#38),#66,.T.);
#8552=ADVANCED_FACE('',(#394),#8194,.T.);
#8553=ADVANCED_FACE('',(#395),#8195,.T.);
#8554=ADVANCED_FACE('',(#396),#8196,.T.);
#8555=ADVANCED_FACE('',(#397),#8197,.T.);
#8556=ADVANCED_FACE('',(#398),#8198,.T.);
#8557=ADVANCED_FACE('',(#399),#317,.T.);
#8558=ADVANCED_FACE('',(#400),#8199,.T.);
#8559=ADVANCED_FACE('',(#401),#8200,.T.);
#8560=ADVANCED_FACE('',(#402),#8201,.T.);
#8561=ADVANCED_FACE('',(#403),#8202,.T.);
#8562=ADVANCED_FACE('',(#404),#8203,.T.);
#8563=ADVANCED_FACE('',(#405),#8204,.T.);
#8564=ADVANCED_FACE('',(#406),#8205,.T.);
#8565=ADVANCED_FACE('',(#407),#8206,.T.);
#8566=ADVANCED_FACE('',(#408),#8207,.T.);
#8567=ADVANCED_FACE('',(#409),#8208,.T.);
#8568=ADVANCED_FACE('',(#410),#318,.T.);
#8569=ADVANCED_FACE('',(#411),#8209,.T.);
#8570=ADVANCED_FACE('',(#412),#8210,.T.);
#8571=ADVANCED_FACE('',(#413),#8211,.T.);
#8572=ADVANCED_FACE('',(#414),#8212,.T.);
#8573=ADVANCED_FACE('',(#415),#8213,.T.);
#8574=ADVANCED_FACE('',(#416),#8214,.T.);
#8575=ADVANCED_FACE('',(#417),#8215,.T.);
#8576=ADVANCED_FACE('',(#418),#8216,.T.);
#8577=ADVANCED_FACE('',(#419),#8217,.T.);
#8578=ADVANCED_FACE('',(#420),#8218,.T.);
#8579=ADVANCED_FACE('',(#421),#8219,.T.);
#8580=ADVANCED_FACE('',(#422),#8220,.T.);
#8581=ADVANCED_FACE('',(#423),#8221,.T.);
#8582=ADVANCED_FACE('',(#424),#8222,.T.);
#8583=ADVANCED_FACE('',(#425),#8223,.T.);
#8584=ADVANCED_FACE('',(#426),#8224,.T.);
#8585=ADVANCED_FACE('',(#427),#8225,.T.);
#8586=ADVANCED_FACE('',(#428),#8226,.T.);
#8587=ADVANCED_FACE('',(#429),#8227,.T.);
#8588=ADVANCED_FACE('',(#430),#8228,.T.);
#8589=ADVANCED_FACE('',(#431),#8229,.T.);
#8590=ADVANCED_FACE('',(#432),#8230,.T.);
#8591=ADVANCED_FACE('',(#433),#8231,.T.);
#8592=ADVANCED_FACE('',(#434),#8232,.T.);
#8593=ADVANCED_FACE('',(#435),#8233,.T.);
#8594=ADVANCED_FACE('',(#436),#8234,.T.);
#8595=ADVANCED_FACE('',(#437),#8235,.T.);
#8596=ADVANCED_FACE('',(#438),#67,.T.);
#8597=ADVANCED_FACE('',(#439),#68,.T.);
#8598=ADVANCED_FACE('',(#440),#69,.T.);
#8599=ADVANCED_FACE('',(#441),#70,.T.);
#8600=ADVANCED_FACE('',(#442),#71,.T.);
#8601=ADVANCED_FACE('',(#443),#72,.T.);
#8602=ADVANCED_FACE('',(#444),#73,.T.);
#8603=ADVANCED_FACE('',(#445),#74,.T.);
#8604=ADVANCED_FACE('',(#446),#75,.T.);
#8605=ADVANCED_FACE('',(#447),#76,.T.);
#8606=ADVANCED_FACE('',(#448),#77,.T.);
#8607=ADVANCED_FACE('',(#449),#78,.T.);
#8608=ADVANCED_FACE('',(#450),#79,.T.);
#8609=ADVANCED_FACE('',(#451),#80,.T.);
#8610=ADVANCED_FACE('',(#452,#39,#40),#81,.F.);
#8611=ADVANCED_FACE('',(#453),#82,.T.);
#8612=ADVANCED_FACE('',(#454),#83,.T.);
#8613=ADVANCED_FACE('',(#455),#84,.T.);
#8614=ADVANCED_FACE('',(#456),#85,.T.);
#8615=ADVANCED_FACE('',(#457),#86,.T.);
#8616=ADVANCED_FACE('',(#458),#87,.T.);
#8617=ADVANCED_FACE('',(#459),#88,.T.);
#8618=ADVANCED_FACE('',(#460),#8236,.F.);
#8619=ADVANCED_FACE('',(#461),#89,.T.);
#8620=ADVANCED_FACE('',(#462),#29,.F.);
#8621=ADVANCED_FACE('',(#463),#90,.T.);
#8622=ADVANCED_FACE('',(#464),#19,.T.);
#8623=ADVANCED_FACE('',(#465),#91,.T.);
#8624=ADVANCED_FACE('',(#466),#20,.T.);
#8625=ADVANCED_FACE('',(#467),#92,.T.);
#8626=ADVANCED_FACE('',(#468),#8237,.F.);
#8627=ADVANCED_FACE('',(#469),#93,.T.);
#8628=ADVANCED_FACE('',(#470),#94,.T.);
#8629=ADVANCED_FACE('',(#471),#21,.T.);
#8630=ADVANCED_FACE('',(#472),#95,.T.);
#8631=ADVANCED_FACE('',(#473),#22,.T.);
#8632=ADVANCED_FACE('',(#474),#96,.T.);
#8633=ADVANCED_FACE('',(#475),#30,.F.);
#8634=ADVANCED_FACE('',(#476),#97,.T.);
#8635=ADVANCED_FACE('',(#477),#23,.T.);
#8636=ADVANCED_FACE('',(#478),#24,.T.);
#8637=ADVANCED_FACE('',(#479),#98,.T.);
#8638=ADVANCED_FACE('',(#480),#25,.T.);
#8639=ADVANCED_FACE('',(#481),#99,.T.);
#8640=ADVANCED_FACE('',(#482),#26,.T.);
#8641=ADVANCED_FACE('',(#483),#100,.T.);
#8642=ADVANCED_FACE('',(#484),#31,.T.);
#8643=ADVANCED_FACE('',(#485),#101,.T.);
#8644=ADVANCED_FACE('',(#486),#8238,.T.);
#8645=ADVANCED_FACE('',(#487),#102,.T.);
#8646=ADVANCED_FACE('',(#488),#103,.T.);
#8647=ADVANCED_FACE('',(#489),#27,.T.);
#8648=ADVANCED_FACE('',(#490),#104,.T.);
#8649=ADVANCED_FACE('',(#491),#28,.T.);
#8650=ADVANCED_FACE('',(#492),#105,.T.);
#8651=ADVANCED_FACE('',(#493),#32,.T.);
#8652=ADVANCED_FACE('',(#494),#106,.T.);
#8653=ADVANCED_FACE('',(#495),#17,.T.);
#8654=ADVANCED_FACE('',(#496),#18,.T.);
#8655=ADVANCED_FACE('',(#497),#8239,.T.);
#8656=ADVANCED_FACE('',(#498),#8240,.T.);
#8657=ADVANCED_FACE('',(#499),#8241,.T.);
#8658=ADVANCED_FACE('',(#500),#8242,.T.);
#8659=ADVANCED_FACE('',(#501),#8243,.T.);
#8660=ADVANCED_FACE('',(#502),#8244,.T.);
#8661=ADVANCED_FACE('',(#503),#8245,.T.);
#8662=ADVANCED_FACE('',(#504),#8246,.T.);
#8663=ADVANCED_FACE('',(#505),#8247,.T.);
#8664=ADVANCED_FACE('',(#506),#8248,.T.);
#8665=ADVANCED_FACE('',(#507),#8249,.T.);
#8666=ADVANCED_FACE('',(#508),#8250,.T.);
#8667=ADVANCED_FACE('',(#509),#8251,.T.);
#8668=ADVANCED_FACE('',(#510),#8252,.T.);
#8669=ADVANCED_FACE('',(#511),#8253,.T.);
#8670=ADVANCED_FACE('',(#512),#8254,.T.);
#8671=ADVANCED_FACE('',(#513),#8255,.T.);
#8672=ADVANCED_FACE('',(#514),#8256,.T.);
#8673=ADVANCED_FACE('',(#515),#8257,.T.);
#8674=ADVANCED_FACE('',(#516),#8258,.T.);
#8675=ADVANCED_FACE('',(#517),#8259,.T.);
#8676=ADVANCED_FACE('',(#518),#8260,.T.);
#8677=ADVANCED_FACE('',(#519),#8261,.T.);
#8678=ADVANCED_FACE('',(#520),#8262,.T.);
#8679=ADVANCED_FACE('',(#521),#8263,.T.);
#8680=ADVANCED_FACE('',(#522),#8264,.T.);
#8681=ADVANCED_FACE('',(#523),#8265,.T.);
#8682=ADVANCED_FACE('',(#524),#8266,.T.);
#8683=ADVANCED_FACE('',(#525),#8267,.T.);
#8684=ADVANCED_FACE('',(#526),#8268,.T.);
#8685=ADVANCED_FACE('',(#527),#8269,.T.);
#8686=ADVANCED_FACE('',(#528),#8270,.T.);
#8687=ADVANCED_FACE('',(#529),#8271,.T.);
#8688=ADVANCED_FACE('',(#530),#8272,.T.);
#8689=ADVANCED_FACE('',(#531),#8273,.T.);
#8690=ADVANCED_FACE('',(#532),#319,.T.);
#8691=ADVANCED_FACE('',(#533),#8274,.T.);
#8692=ADVANCED_FACE('',(#534),#8275,.T.);
#8693=ADVANCED_FACE('',(#535),#8276,.T.);
#8694=ADVANCED_FACE('',(#536),#8277,.T.);
#8695=ADVANCED_FACE('',(#537),#8278,.T.);
#8696=ADVANCED_FACE('',(#538),#8279,.T.);
#8697=ADVANCED_FACE('',(#539),#8280,.T.);
#8698=ADVANCED_FACE('',(#540),#8281,.T.);
#8699=ADVANCED_FACE('',(#541),#8282,.T.);
#8700=ADVANCED_FACE('',(#542),#8283,.T.);
#8701=ADVANCED_FACE('',(#543),#8284,.T.);
#8702=ADVANCED_FACE('',(#544),#8285,.T.);
#8703=ADVANCED_FACE('',(#545),#8286,.T.);
#8704=ADVANCED_FACE('',(#546),#8287,.T.);
#8705=ADVANCED_FACE('',(#547),#8288,.T.);
#8706=ADVANCED_FACE('',(#548),#8289,.T.);
#8707=ADVANCED_FACE('',(#549),#8290,.T.);
#8708=ADVANCED_FACE('',(#550),#8291,.T.);
#8709=ADVANCED_FACE('',(#551),#8292,.T.);
#8710=ADVANCED_FACE('',(#552),#8293,.T.);
#8711=ADVANCED_FACE('',(#553),#320,.T.);
#8712=ADVANCED_FACE('',(#554),#8294,.T.);
#8713=ADVANCED_FACE('',(#555),#8295,.T.);
#8714=ADVANCED_FACE('',(#556),#8296,.T.);
#8715=ADVANCED_FACE('',(#557),#8297,.T.);
#8716=ADVANCED_FACE('',(#558),#8298,.T.);
#8717=ADVANCED_FACE('',(#559),#107,.T.);
#8718=ADVANCED_FACE('',(#560),#108,.T.);
#8719=ADVANCED_FACE('',(#561),#109,.T.);
#8720=ADVANCED_FACE('',(#562),#110,.T.);
#8721=ADVANCED_FACE('',(#563),#111,.T.);
#8722=ADVANCED_FACE('',(#564),#112,.T.);
#8723=ADVANCED_FACE('',(#565),#113,.T.);
#8724=ADVANCED_FACE('',(#566),#114,.T.);
#8725=ADVANCED_FACE('',(#567),#115,.T.);
#8726=ADVANCED_FACE('',(#568),#116,.T.);
#8727=ADVANCED_FACE('',(#569),#117,.T.);
#8728=ADVANCED_FACE('',(#570),#118,.T.);
#8729=ADVANCED_FACE('',(#571),#119,.T.);
#8730=ADVANCED_FACE('',(#572),#120,.T.);
#8731=ADVANCED_FACE('',(#573),#121,.T.);
#8732=ADVANCED_FACE('',(#574),#122,.T.);
#8733=ADVANCED_FACE('',(#575),#123,.T.);
#8734=ADVANCED_FACE('',(#576),#124,.T.);
#8735=ADVANCED_FACE('',(#577),#125,.T.);
#8736=ADVANCED_FACE('',(#578),#126,.T.);
#8737=ADVANCED_FACE('',(#579),#127,.T.);
#8738=ADVANCED_FACE('',(#580),#128,.T.);
#8739=ADVANCED_FACE('',(#581),#129,.T.);
#8740=ADVANCED_FACE('',(#582),#130,.T.);
#8741=ADVANCED_FACE('',(#583),#131,.T.);
#8742=ADVANCED_FACE('',(#584),#132,.T.);
#8743=ADVANCED_FACE('',(#585),#133,.T.);
#8744=ADVANCED_FACE('',(#586),#134,.T.);
#8745=ADVANCED_FACE('',(#587),#135,.T.);
#8746=ADVANCED_FACE('',(#588),#8299,.F.);
#8747=ADVANCED_FACE('',(#589),#136,.T.);
#8748=ADVANCED_FACE('',(#590,#41,#42),#137,.F.);
#8749=ADVANCED_FACE('',(#591),#8300,.T.);
#8750=ADVANCED_FACE('',(#592),#8301,.T.);
#8751=ADVANCED_FACE('',(#593),#8302,.T.);
#8752=ADVANCED_FACE('',(#594),#8303,.T.);
#8753=ADVANCED_FACE('',(#595),#8304,.T.);
#8754=ADVANCED_FACE('',(#596),#8305,.T.);
#8755=ADVANCED_FACE('',(#597),#8306,.T.);
#8756=ADVANCED_FACE('',(#598),#8307,.T.);
#8757=ADVANCED_FACE('',(#599),#8308,.T.);
#8758=ADVANCED_FACE('',(#600),#8309,.T.);
#8759=ADVANCED_FACE('',(#601),#8310,.T.);
#8760=ADVANCED_FACE('',(#602),#8311,.T.);
#8761=ADVANCED_FACE('',(#603),#8312,.T.);
#8762=ADVANCED_FACE('',(#604),#8313,.T.);
#8763=ADVANCED_FACE('',(#605),#8314,.T.);
#8764=ADVANCED_FACE('',(#606),#8315,.T.);
#8765=ADVANCED_FACE('',(#607),#8316,.T.);
#8766=ADVANCED_FACE('',(#608),#8317,.T.);
#8767=ADVANCED_FACE('',(#609),#8318,.T.);
#8768=ADVANCED_FACE('',(#610),#321,.T.);
#8769=ADVANCED_FACE('',(#611),#8319,.T.);
#8770=ADVANCED_FACE('',(#612),#8320,.T.);
#8771=ADVANCED_FACE('',(#613),#8321,.T.);
#8772=ADVANCED_FACE('',(#614),#8322,.T.);
#8773=ADVANCED_FACE('',(#615),#8323,.T.);
#8774=ADVANCED_FACE('',(#616),#8324,.T.);
#8775=ADVANCED_FACE('',(#617),#8325,.T.);
#8776=ADVANCED_FACE('',(#618),#8326,.T.);
#8777=ADVANCED_FACE('',(#619),#8327,.T.);
#8778=ADVANCED_FACE('',(#620),#8328,.T.);
#8779=ADVANCED_FACE('',(#621),#8329,.T.);
#8780=ADVANCED_FACE('',(#622),#8330,.T.);
#8781=ADVANCED_FACE('',(#623),#8331,.T.);
#8782=ADVANCED_FACE('',(#624),#8332,.T.);
#8783=ADVANCED_FACE('',(#625),#8333,.T.);
#8784=ADVANCED_FACE('',(#626),#8334,.T.);
#8785=ADVANCED_FACE('',(#627),#8335,.T.);
#8786=ADVANCED_FACE('',(#628),#8336,.T.);
#8787=ADVANCED_FACE('',(#629),#8337,.T.);
#8788=ADVANCED_FACE('',(#630),#8338,.T.);
#8789=ADVANCED_FACE('',(#631),#8339,.T.);
#8790=ADVANCED_FACE('',(#632),#8340,.T.);
#8791=ADVANCED_FACE('',(#633),#8341,.T.);
#8792=ADVANCED_FACE('',(#634),#8342,.T.);
#8793=ADVANCED_FACE('',(#635),#8343,.T.);
#8794=ADVANCED_FACE('',(#636),#8344,.T.);
#8795=ADVANCED_FACE('',(#637),#8345,.T.);
#8796=ADVANCED_FACE('',(#638),#8346,.T.);
#8797=ADVANCED_FACE('',(#639),#8347,.T.);
#8798=ADVANCED_FACE('',(#640),#8348,.T.);
#8799=ADVANCED_FACE('',(#641),#322,.T.);
#8800=ADVANCED_FACE('',(#642),#8349,.T.);
#8801=ADVANCED_FACE('',(#643),#8350,.T.);
#8802=ADVANCED_FACE('',(#644),#8351,.T.);
#8803=ADVANCED_FACE('',(#645),#8352,.T.);
#8804=ADVANCED_FACE('',(#646),#8353,.T.);
#8805=ADVANCED_FACE('',(#647),#8354,.T.);
#8806=ADVANCED_FACE('',(#648),#8355,.T.);
#8807=ADVANCED_FACE('',(#649),#8356,.T.);
#8808=ADVANCED_FACE('',(#650),#8357,.T.);
#8809=ADVANCED_FACE('',(#651),#8358,.T.);
#8810=ADVANCED_FACE('',(#652),#8359,.T.);
#8811=ADVANCED_FACE('',(#653),#138,.T.);
#8812=ADVANCED_FACE('',(#654),#139,.T.);
#8813=ADVANCED_FACE('',(#655),#140,.T.);
#8814=ADVANCED_FACE('',(#656),#141,.T.);
#8815=ADVANCED_FACE('',(#657),#142,.T.);
#8816=ADVANCED_FACE('',(#658),#143,.T.);
#8817=ADVANCED_FACE('',(#659),#144,.T.);
#8818=ADVANCED_FACE('',(#660),#145,.T.);
#8819=ADVANCED_FACE('',(#661),#146,.T.);
#8820=ADVANCED_FACE('',(#662),#147,.T.);
#8821=ADVANCED_FACE('',(#663),#148,.T.);
#8822=ADVANCED_FACE('',(#664),#149,.T.);
#8823=ADVANCED_FACE('',(#665),#150,.T.);
#8824=ADVANCED_FACE('',(#666),#151,.T.);
#8825=ADVANCED_FACE('',(#667),#152,.T.);
#8826=ADVANCED_FACE('',(#668),#153,.T.);
#8827=ADVANCED_FACE('',(#669),#154,.T.);
#8828=ADVANCED_FACE('',(#670),#155,.T.);
#8829=ADVANCED_FACE('',(#671),#156,.T.);
#8830=ADVANCED_FACE('',(#672),#157,.T.);
#8831=ADVANCED_FACE('',(#673),#158,.T.);
#8832=ADVANCED_FACE('',(#674),#159,.T.);
#8833=ADVANCED_FACE('',(#675),#160,.T.);
#8834=ADVANCED_FACE('',(#676),#161,.T.);
#8835=ADVANCED_FACE('',(#677),#162,.T.);
#8836=ADVANCED_FACE('',(#678),#163,.T.);
#8837=ADVANCED_FACE('',(#679),#164,.T.);
#8838=ADVANCED_FACE('',(#680),#165,.T.);
#8839=ADVANCED_FACE('',(#681),#166,.T.);
#8840=ADVANCED_FACE('',(#682),#167,.T.);
#8841=ADVANCED_FACE('',(#683),#8360,.F.);
#8842=ADVANCED_FACE('',(#684),#8361,.T.);
#8843=ADVANCED_FACE('',(#685),#8362,.T.);
#8844=ADVANCED_FACE('',(#686),#8363,.T.);
#8845=ADVANCED_FACE('',(#687),#8364,.T.);
#8846=ADVANCED_FACE('',(#688),#323,.T.);
#8847=ADVANCED_FACE('',(#689),#8365,.T.);
#8848=ADVANCED_FACE('',(#690),#8366,.T.);
#8849=ADVANCED_FACE('',(#691),#8367,.T.);
#8850=ADVANCED_FACE('',(#692),#8368,.T.);
#8851=ADVANCED_FACE('',(#693),#8369,.T.);
#8852=ADVANCED_FACE('',(#694),#8370,.T.);
#8853=ADVANCED_FACE('',(#695),#8371,.T.);
#8854=ADVANCED_FACE('',(#696),#8372,.T.);
#8855=ADVANCED_FACE('',(#697),#8373,.T.);
#8856=ADVANCED_FACE('',(#698),#8374,.T.);
#8857=ADVANCED_FACE('',(#699),#8375,.T.);
#8858=ADVANCED_FACE('',(#700),#8376,.T.);
#8859=ADVANCED_FACE('',(#701),#8377,.T.);
#8860=ADVANCED_FACE('',(#702),#8378,.T.);
#8861=ADVANCED_FACE('',(#703),#8379,.T.);
#8862=ADVANCED_FACE('',(#704),#8380,.T.);
#8863=ADVANCED_FACE('',(#705),#8381,.T.);
#8864=ADVANCED_FACE('',(#706),#8382,.T.);
#8865=ADVANCED_FACE('',(#707),#8383,.T.);
#8866=ADVANCED_FACE('',(#708),#8384,.T.);
#8867=ADVANCED_FACE('',(#709),#8385,.T.);
#8868=ADVANCED_FACE('',(#710),#8386,.T.);
#8869=ADVANCED_FACE('',(#711),#8387,.T.);
#8870=ADVANCED_FACE('',(#712),#8388,.T.);
#8871=ADVANCED_FACE('',(#713),#8389,.T.);
#8872=ADVANCED_FACE('',(#714),#8390,.T.);
#8873=ADVANCED_FACE('',(#715),#8391,.T.);
#8874=ADVANCED_FACE('',(#716),#8392,.T.);
#8875=ADVANCED_FACE('',(#717),#8393,.T.);
#8876=ADVANCED_FACE('',(#718),#8394,.T.);
#8877=ADVANCED_FACE('',(#719),#8395,.T.);
#8878=ADVANCED_FACE('',(#720),#8396,.T.);
#8879=ADVANCED_FACE('',(#721),#8397,.T.);
#8880=ADVANCED_FACE('',(#722),#8398,.T.);
#8881=ADVANCED_FACE('',(#723),#8399,.T.);
#8882=ADVANCED_FACE('',(#724),#8400,.T.);
#8883=ADVANCED_FACE('',(#725),#8401,.T.);
#8884=ADVANCED_FACE('',(#726),#8402,.T.);
#8885=ADVANCED_FACE('',(#727),#324,.T.);
#8886=ADVANCED_FACE('',(#728),#8403,.T.);
#8887=ADVANCED_FACE('',(#729),#8404,.T.);
#8888=ADVANCED_FACE('',(#730),#8405,.T.);
#8889=ADVANCED_FACE('',(#731),#8406,.T.);
#8890=ADVANCED_FACE('',(#732),#8407,.T.);
#8891=ADVANCED_FACE('',(#733),#8408,.T.);
#8892=ADVANCED_FACE('',(#734),#8409,.T.);
#8893=ADVANCED_FACE('',(#735),#8410,.T.);
#8894=ADVANCED_FACE('',(#736),#8411,.T.);
#8895=ADVANCED_FACE('',(#737),#8412,.T.);
#8896=ADVANCED_FACE('',(#738),#8413,.T.);
#8897=ADVANCED_FACE('',(#739),#8414,.T.);
#8898=ADVANCED_FACE('',(#740),#8415,.T.);
#8899=ADVANCED_FACE('',(#741),#8416,.T.);
#8900=ADVANCED_FACE('',(#742),#8417,.T.);
#8901=ADVANCED_FACE('',(#743),#8418,.T.);
#8902=ADVANCED_FACE('',(#744),#8419,.T.);
#8903=ADVANCED_FACE('',(#745),#8420,.T.);
#8904=ADVANCED_FACE('',(#746),#8421,.F.);
#8905=ADVANCED_FACE('',(#747),#168,.T.);
#8906=ADVANCED_FACE('',(#748),#169,.T.);
#8907=ADVANCED_FACE('',(#749),#170,.T.);
#8908=ADVANCED_FACE('',(#750,#43,#44),#171,.T.);
#8909=ADVANCED_FACE('',(#751),#8422,.T.);
#8910=ADVANCED_FACE('',(#752),#8423,.T.);
#8911=ADVANCED_FACE('',(#753),#8424,.T.);
#8912=ADVANCED_FACE('',(#754),#8425,.T.);
#8913=ADVANCED_FACE('',(#755),#8426,.T.);
#8914=ADVANCED_FACE('',(#756),#8427,.T.);
#8915=ADVANCED_FACE('',(#757),#8428,.T.);
#8916=ADVANCED_FACE('',(#758),#8429,.T.);
#8917=ADVANCED_FACE('',(#759),#8430,.T.);
#8918=ADVANCED_FACE('',(#760),#8431,.T.);
#8919=ADVANCED_FACE('',(#761),#8432,.T.);
#8920=ADVANCED_FACE('',(#762),#8433,.T.);
#8921=ADVANCED_FACE('',(#763),#8434,.T.);
#8922=ADVANCED_FACE('',(#764),#8435,.T.);
#8923=ADVANCED_FACE('',(#765),#8436,.T.);
#8924=ADVANCED_FACE('',(#766),#8437,.T.);
#8925=ADVANCED_FACE('',(#767),#8438,.T.);
#8926=ADVANCED_FACE('',(#768),#8439,.T.);
#8927=ADVANCED_FACE('',(#769),#8440,.T.);
#8928=ADVANCED_FACE('',(#770),#8441,.T.);
#8929=ADVANCED_FACE('',(#771),#8442,.T.);
#8930=ADVANCED_FACE('',(#772),#8443,.T.);
#8931=ADVANCED_FACE('',(#773),#8444,.T.);
#8932=ADVANCED_FACE('',(#774),#325,.T.);
#8933=ADVANCED_FACE('',(#775),#8445,.T.);
#8934=ADVANCED_FACE('',(#776),#8446,.T.);
#8935=ADVANCED_FACE('',(#777),#8447,.T.);
#8936=ADVANCED_FACE('',(#778),#8448,.T.);
#8937=ADVANCED_FACE('',(#779),#8449,.T.);
#8938=ADVANCED_FACE('',(#780),#8450,.T.);
#8939=ADVANCED_FACE('',(#781),#8451,.T.);
#8940=ADVANCED_FACE('',(#782),#8452,.T.);
#8941=ADVANCED_FACE('',(#783),#8453,.T.);
#8942=ADVANCED_FACE('',(#784),#8454,.T.);
#8943=ADVANCED_FACE('',(#785),#8455,.T.);
#8944=ADVANCED_FACE('',(#786),#8456,.T.);
#8945=ADVANCED_FACE('',(#787),#8457,.T.);
#8946=ADVANCED_FACE('',(#788),#8458,.T.);
#8947=ADVANCED_FACE('',(#789),#8459,.T.);
#8948=ADVANCED_FACE('',(#790),#8460,.T.);
#8949=ADVANCED_FACE('',(#791),#8461,.T.);
#8950=ADVANCED_FACE('',(#792),#8462,.T.);
#8951=ADVANCED_FACE('',(#793),#8463,.T.);
#8952=ADVANCED_FACE('',(#794),#8464,.T.);
#8953=ADVANCED_FACE('',(#795),#8465,.T.);
#8954=ADVANCED_FACE('',(#796),#8466,.T.);
#8955=ADVANCED_FACE('',(#797),#8467,.T.);
#8956=ADVANCED_FACE('',(#798),#8468,.T.);
#8957=ADVANCED_FACE('',(#799),#8469,.T.);
#8958=ADVANCED_FACE('',(#800),#8470,.T.);
#8959=ADVANCED_FACE('',(#801),#8471,.T.);
#8960=ADVANCED_FACE('',(#802),#8472,.T.);
#8961=ADVANCED_FACE('',(#803),#8473,.T.);
#8962=ADVANCED_FACE('',(#804),#8474,.T.);
#8963=ADVANCED_FACE('',(#805),#326,.T.);
#8964=ADVANCED_FACE('',(#806),#8475,.T.);
#8965=ADVANCED_FACE('',(#807),#8476,.T.);
#8966=ADVANCED_FACE('',(#808),#8477,.T.);
#8967=ADVANCED_FACE('',(#809),#8478,.T.);
#8968=ADVANCED_FACE('',(#810),#8479,.T.);
#8969=ADVANCED_FACE('',(#811),#8480,.T.);
#8970=ADVANCED_FACE('',(#812),#8481,.T.);
#8971=ADVANCED_FACE('',(#813),#172,.T.);
#8972=ADVANCED_FACE('',(#814),#173,.T.);
#8973=ADVANCED_FACE('',(#815),#174,.T.);
#8974=ADVANCED_FACE('',(#816),#175,.T.);
#8975=ADVANCED_FACE('',(#817),#176,.T.);
#8976=ADVANCED_FACE('',(#818),#177,.T.);
#8977=ADVANCED_FACE('',(#819),#178,.T.);
#8978=ADVANCED_FACE('',(#820),#179,.T.);
#8979=ADVANCED_FACE('',(#821),#180,.T.);
#8980=ADVANCED_FACE('',(#822),#181,.T.);
#8981=ADVANCED_FACE('',(#823),#182,.T.);
#8982=ADVANCED_FACE('',(#824),#183,.T.);
#8983=ADVANCED_FACE('',(#825),#184,.T.);
#8984=ADVANCED_FACE('',(#826),#185,.T.);
#8985=ADVANCED_FACE('',(#827),#186,.T.);
#8986=ADVANCED_FACE('',(#828),#187,.T.);
#8987=ADVANCED_FACE('',(#829),#188,.T.);
#8988=ADVANCED_FACE('',(#830),#189,.T.);
#8989=ADVANCED_FACE('',(#831),#190,.T.);
#8990=ADVANCED_FACE('',(#832),#191,.T.);
#8991=ADVANCED_FACE('',(#833),#192,.T.);
#8992=ADVANCED_FACE('',(#834),#193,.T.);
#8993=ADVANCED_FACE('',(#835),#194,.T.);
#8994=ADVANCED_FACE('',(#836),#195,.T.);
#8995=ADVANCED_FACE('',(#837),#196,.T.);
#8996=ADVANCED_FACE('',(#838),#197,.T.);
#8997=ADVANCED_FACE('',(#839),#198,.T.);
#8998=ADVANCED_FACE('',(#840),#199,.T.);
#8999=ADVANCED_FACE('',(#841),#200,.T.);
#9000=ADVANCED_FACE('',(#842),#201,.T.);
#9001=ADVANCED_FACE('',(#843),#202,.T.);
#9002=ADVANCED_FACE('',(#844),#203,.T.);
#9003=ADVANCED_FACE('',(#845),#204,.T.);
#9004=ADVANCED_FACE('',(#846),#205,.T.);
#9005=ADVANCED_FACE('',(#847),#206,.T.);
#9006=ADVANCED_FACE('',(#848),#207,.T.);
#9007=ADVANCED_FACE('',(#849),#208,.T.);
#9008=ADVANCED_FACE('',(#850),#209,.T.);
#9009=ADVANCED_FACE('',(#851),#210,.T.);
#9010=ADVANCED_FACE('',(#852),#211,.T.);
#9011=ADVANCED_FACE('',(#853),#212,.T.);
#9012=ADVANCED_FACE('',(#854),#213,.T.);
#9013=ADVANCED_FACE('',(#855),#214,.T.);
#9014=ADVANCED_FACE('',(#856),#215,.T.);
#9015=ADVANCED_FACE('',(#857),#216,.T.);
#9016=ADVANCED_FACE('',(#858),#217,.T.);
#9017=ADVANCED_FACE('',(#859),#218,.T.);
#9018=ADVANCED_FACE('',(#860),#219,.T.);
#9019=ADVANCED_FACE('',(#861),#220,.T.);
#9020=ADVANCED_FACE('',(#862),#221,.T.);
#9021=ADVANCED_FACE('',(#863),#222,.T.);
#9022=ADVANCED_FACE('',(#864),#223,.T.);
#9023=ADVANCED_FACE('',(#865),#224,.T.);
#9024=ADVANCED_FACE('',(#866),#225,.T.);
#9025=ADVANCED_FACE('',(#867),#226,.T.);
#9026=ADVANCED_FACE('',(#868),#227,.T.);
#9027=ADVANCED_FACE('',(#869),#228,.T.);
#9028=ADVANCED_FACE('',(#870),#8482,.F.);
#9029=ADVANCED_FACE('',(#871),#229,.T.);
#9030=ADVANCED_FACE('',(#872),#33,.T.);
#9031=ADVANCED_FACE('',(#873),#230,.T.);
#9032=ADVANCED_FACE('',(#874),#34,.T.);
#9033=ADVANCED_FACE('',(#875),#8483,.T.);
#9034=ADVANCED_FACE('',(#876),#231,.T.);
#9035=ADVANCED_FACE('',(#877),#35,.T.);
#9036=ADVANCED_FACE('',(#878),#232,.T.);
#9037=ADVANCED_FACE('',(#879),#36,.T.);
#9038=ADVANCED_FACE('',(#880),#233,.T.);
#9039=ADVANCED_FACE('',(#881),#8484,.T.);
#9040=ADVANCED_FACE('',(#882),#234,.T.);
#9041=CLOSED_SHELL('',(#8485,#8486,#8487,#8488,#8489,#8490,#8491,#8492,
#8493,#8494,#8495,#8496,#8497,#8498,#8499,#8500,#8501,#8502,#8503,#8504,
#8505,#8506,#8507,#8508,#8509,#8510,#8511,#8512,#8513,#8514,#8515,#8516,
#8517,#8518,#8519,#8520,#8521,#8522,#8523,#8524,#8525,#8526,#8527,#8528,
#8529,#8530,#8531,#8532,#8533,#8534,#8535,#8536,#8537,#8538,#8539,#8540,
#8541,#8542,#8543,#8544,#8545,#8546,#8547,#8548,#8549,#8550,#8551,#8552,
#8553,#8554,#8555,#8556,#8557,#8558,#8559,#8560,#8561,#8562,#8563,#8564,
#8565,#8566,#8567,#8568,#8569,#8570,#8571,#8572,#8573,#8574,#8575,#8576,
#8577,#8578,#8579,#8580,#8581,#8582,#8583,#8584,#8585,#8586,#8587,#8588,
#8589,#8590,#8591,#8592,#8593,#8594,#8595,#8596,#8597,#8598,#8599,#8600,
#8601,#8602,#8603,#8604,#8605,#8606,#8607,#8608,#8609,#8610,#8611,#8612,
#8613,#8614,#8615,#8616,#8617,#8618,#8619,#8620,#8621,#8622,#8623,#8624,
#8625,#8626,#8627,#8628,#8629,#8630,#8631,#8632,#8633,#8634,#8635,#8636,
#8637,#8638,#8639,#8640,#8641,#8642,#8643,#8644,#8645,#8646,#8647,#8648,
#8649,#8650,#8651,#8652,#8653,#8654));
#9042=CLOSED_SHELL('',(#8655,#8656,#8657,#8658,#8659,#8660,#8661,#8662,
#8663,#8664,#8665,#8666,#8667,#8668,#8669,#8670,#8671,#8672,#8673,#8674,
#8675,#8676,#8677,#8678,#8679,#8680,#8681,#8682,#8683,#8684,#8685,#8686,
#8687,#8688,#8689,#8690,#8691,#8692,#8693,#8694,#8695,#8696,#8697,#8698,
#8699,#8700,#8701,#8702,#8703,#8704,#8705,#8706,#8707,#8708,#8709,#8710,
#8711,#8712,#8713,#8714,#8715,#8716,#8717,#8718,#8719,#8720,#8721,#8722,
#8723,#8724,#8725,#8726,#8727,#8728,#8729,#8730,#8731,#8732,#8733,#8734,
#8735,#8736,#8737,#8738,#8739,#8740,#8741,#8742,#8743,#8744,#8745,#8746,
#8747,#8748,#8749,#8750,#8751,#8752,#8753,#8754,#8755,#8756,#8757,#8758,
#8759,#8760,#8761,#8762,#8763,#8764,#8765,#8766,#8767,#8768,#8769,#8770,
#8771,#8772,#8773,#8774,#8775,#8776,#8777,#8778,#8779,#8780,#8781,#8782,
#8783,#8784,#8785,#8786,#8787,#8788,#8789,#8790,#8791,#8792,#8793,#8794,
#8795,#8796,#8797,#8798,#8799,#8800,#8801,#8802,#8803,#8804,#8805,#8806,
#8807,#8808,#8809,#8810,#8811,#8812,#8813,#8814,#8815,#8816,#8817,#8818,
#8819,#8820,#8821,#8822,#8823,#8824,#8825,#8826,#8827,#8828,#8829,#8830,
#8831,#8832,#8833,#8834,#8835,#8836,#8837,#8838,#8839,#8840,#8841,#8842,
#8843,#8844,#8845,#8846,#8847,#8848,#8849,#8850,#8851,#8852,#8853,#8854,
#8855,#8856,#8857,#8858,#8859,#8860,#8861,#8862,#8863,#8864,#8865,#8866,
#8867,#8868,#8869,#8870,#8871,#8872,#8873,#8874,#8875,#8876,#8877,#8878,
#8879,#8880,#8881,#8882,#8883,#8884,#8885,#8886,#8887,#8888,#8889,#8890,
#8891,#8892,#8893,#8894,#8895,#8896,#8897,#8898,#8899,#8900,#8901,#8902,
#8903,#8904,#8905,#8906,#8907,#8908,#8909,#8910,#8911,#8912,#8913,#8914,
#8915,#8916,#8917,#8918,#8919,#8920,#8921,#8922,#8923,#8924,#8925,#8926,
#8927,#8928,#8929,#8930,#8931,#8932,#8933,#8934,#8935,#8936,#8937,#8938,
#8939,#8940,#8941,#8942,#8943,#8944,#8945,#8946,#8947,#8948,#8949,#8950,
#8951,#8952,#8953,#8954,#8955,#8956,#8957,#8958,#8959,#8960,#8961,#8962,
#8963,#8964,#8965,#8966,#8967,#8968,#8969,#8970,#8971,#8972,#8973,#8974,
#8975,#8976,#8977,#8978,#8979,#8980,#8981,#8982,#8983,#8984,#8985,#8986,
#8987,#8988,#8989,#8990,#8991,#8992,#8993,#8994,#8995,#8996,#8997,#8998,
#8999,#9000,#9001,#9002,#9003,#9004,#9005,#9006,#9007,#9008,#9009,#9010,
#9011,#9012,#9013,#9014,#9015,#9016,#9017,#9018,#9019,#9020,#9021,#9022,
#9023,#9024,#9025,#9026,#9027,#9028,#9029,#9030,#9031,#9032,#9033,#9034,
#9035,#9036,#9037,#9038,#9039,#9040));
#9043=DERIVED_UNIT_ELEMENT(#9045,1.);
#9044=DERIVED_UNIT_ELEMENT(#15882,-3.);
#9045=(
MASS_UNIT()
NAMED_UNIT(*)
SI_UNIT(.KILO.,.GRAM.)
);
#9046=DERIVED_UNIT((#9043,#9044));
#9047=MEASURE_REPRESENTATION_ITEM('density measure',
POSITIVE_RATIO_MEASURE(7850.),#9046);
#9048=PROPERTY_DEFINITION_REPRESENTATION(#9053,#9050);
#9049=PROPERTY_DEFINITION_REPRESENTATION(#9054,#9051);
#9050=REPRESENTATION('material name',(#9052),#15879);
#9051=REPRESENTATION('density',(#9047),#15879);
#9052=DESCRIPTIVE_REPRESENTATION_ITEM('Steel','Steel');
#9053=PROPERTY_DEFINITION('material property','material name',#15889);
#9054=PROPERTY_DEFINITION('material property','density of part',#15889);
#9055=AXIS2_PLACEMENT_3D('',#12678,#9964,#9965);
#9056=AXIS2_PLACEMENT_3D('',#12679,#9966,#9967);
#9057=AXIS2_PLACEMENT_3D('',#12684,#9969,#9970);
#9058=AXIS2_PLACEMENT_3D('',#12687,#9972,#9973);
#9059=AXIS2_PLACEMENT_3D('',#12688,#9974,#9975);
#9060=AXIS2_PLACEMENT_3D('',#12691,#9976,#9977);
#9061=AXIS2_PLACEMENT_3D('',#12693,#9978,#9979);
#9062=AXIS2_PLACEMENT_3D('',#12695,#9980,#9981);
#9063=AXIS2_PLACEMENT_3D('',#12712,#9982,#9983);
#9064=AXIS2_PLACEMENT_3D('',#12717,#9985,#9986);
#9065=AXIS2_PLACEMENT_3D('',#12720,#9988,#9989);
#9066=AXIS2_PLACEMENT_3D('',#12721,#9990,#9991);
#9067=AXIS2_PLACEMENT_3D('',#12726,#9993,#9994);
#9068=AXIS2_PLACEMENT_3D('',#12729,#9996,#9997);
#9069=AXIS2_PLACEMENT_3D('',#12730,#9998,#9999);
#9070=AXIS2_PLACEMENT_3D('',#12734,#10001,#10002);
#9071=AXIS2_PLACEMENT_3D('',#12736,#10004,#10005);
#9072=AXIS2_PLACEMENT_3D('',#12741,#10007,#10008);
#9073=AXIS2_PLACEMENT_3D('',#12744,#10010,#10011);
#9074=AXIS2_PLACEMENT_3D('',#12745,#10012,#10013);
#9075=AXIS2_PLACEMENT_3D('',#12750,#10015,#10016);
#9076=AXIS2_PLACEMENT_3D('',#12753,#10018,#10019);
#9077=AXIS2_PLACEMENT_3D('',#12754,#10020,#10021);
#9078=AXIS2_PLACEMENT_3D('',#12758,#10023,#10024);
#9079=AXIS2_PLACEMENT_3D('',#12760,#10026,#10027);
#9080=AXIS2_PLACEMENT_3D('',#12765,#10029,#10030);
#9081=AXIS2_PLACEMENT_3D('',#12768,#10032,#10033);
#9082=AXIS2_PLACEMENT_3D('',#12769,#10034,#10035);
#9083=AXIS2_PLACEMENT_3D('',#12774,#10037,#10038);
#9084=AXIS2_PLACEMENT_3D('',#12777,#10040,#10041);
#9085=AXIS2_PLACEMENT_3D('',#12778,#10042,#10043);
#9086=AXIS2_PLACEMENT_3D('',#12782,#10045,#10046);
#9087=AXIS2_PLACEMENT_3D('',#12784,#10048,#10049);
#9088=AXIS2_PLACEMENT_3D('',#12789,#10051,#10052);
#9089=AXIS2_PLACEMENT_3D('',#12792,#10054,#10055);
#9090=AXIS2_PLACEMENT_3D('',#12793,#10056,#10057);
#9091=AXIS2_PLACEMENT_3D('',#12798,#10059,#10060);
#9092=AXIS2_PLACEMENT_3D('',#12801,#10062,#10063);
#9093=AXIS2_PLACEMENT_3D('',#12802,#10064,#10065);
#9094=AXIS2_PLACEMENT_3D('',#12806,#10067,#10068);
#9095=AXIS2_PLACEMENT_3D('',#12808,#10070,#10071);
#9096=AXIS2_PLACEMENT_3D('',#12813,#10073,#10074);
#9097=AXIS2_PLACEMENT_3D('',#12816,#10076,#10077);
#9098=AXIS2_PLACEMENT_3D('',#12817,#10078,#10079);
#9099=AXIS2_PLACEMENT_3D('',#12822,#10081,#10082);
#9100=AXIS2_PLACEMENT_3D('',#12825,#10084,#10085);
#9101=AXIS2_PLACEMENT_3D('',#12826,#10086,#10087);
#9102=AXIS2_PLACEMENT_3D('',#12830,#10089,#10090);
#9103=AXIS2_PLACEMENT_3D('',#12832,#10092,#10093);
#9104=AXIS2_PLACEMENT_3D('',#12837,#10095,#10096);
#9105=AXIS2_PLACEMENT_3D('',#12840,#10098,#10099);
#9106=AXIS2_PLACEMENT_3D('',#12841,#10100,#10101);
#9107=AXIS2_PLACEMENT_3D('',#12845,#10103,#10104);
#9108=AXIS2_PLACEMENT_3D('',#12847,#10106,#10107);
#9109=AXIS2_PLACEMENT_3D('',#12852,#10109,#10110);
#9110=AXIS2_PLACEMENT_3D('',#12855,#10112,#10113);
#9111=AXIS2_PLACEMENT_3D('',#12856,#10114,#10115);
#9112=AXIS2_PLACEMENT_3D('',#12859,#10118,#10119);
#9113=AXIS2_PLACEMENT_3D('',#12862,#10120,#10121);
#9114=AXIS2_PLACEMENT_3D('',#12864,#10122,#10123);
#9115=AXIS2_PLACEMENT_3D('',#12866,#10124,#10125);
#9116=AXIS2_PLACEMENT_3D('',#12883,#10126,#10127);
#9117=AXIS2_PLACEMENT_3D('',#12886,#10130,#10131);
#9118=AXIS2_PLACEMENT_3D('',#12891,#10134,#10135);
#9119=AXIS2_PLACEMENT_3D('',#12892,#10136,#10137);
#9120=AXIS2_PLACEMENT_3D('',#12895,#10140,#10141);
#9121=AXIS2_PLACEMENT_3D('',#12900,#10144,#10145);
#9122=AXIS2_PLACEMENT_3D('',#12901,#10146,#10147);
#9123=AXIS2_PLACEMENT_3D('',#12906,#10150,#10151);
#9124=AXIS2_PLACEMENT_3D('',#12907,#10152,#10153);
#9125=AXIS2_PLACEMENT_3D('',#12910,#10156,#10157);
#9126=AXIS2_PLACEMENT_3D('',#12913,#10160,#10161);
#9127=AXIS2_PLACEMENT_3D('',#12918,#10164,#10165);
#9128=AXIS2_PLACEMENT_3D('',#12919,#10166,#10167);
#9129=AXIS2_PLACEMENT_3D('',#12922,#10170,#10171);
#9130=AXIS2_PLACEMENT_3D('',#12925,#10174,#10175);
#9131=AXIS2_PLACEMENT_3D('',#12930,#10178,#10179);
#9132=AXIS2_PLACEMENT_3D('',#12931,#10180,#10181);
#9133=AXIS2_PLACEMENT_3D('',#12934,#10184,#10185);
#9134=AXIS2_PLACEMENT_3D('',#12937,#10188,#10189);
#9135=AXIS2_PLACEMENT_3D('',#12942,#10192,#10193);
#9136=AXIS2_PLACEMENT_3D('',#12943,#10194,#10195);
#9137=AXIS2_PLACEMENT_3D('',#12946,#10198,#10199);
#9138=AXIS2_PLACEMENT_3D('',#12949,#10202,#10203);
#9139=AXIS2_PLACEMENT_3D('',#12954,#10206,#10207);
#9140=AXIS2_PLACEMENT_3D('',#12955,#10208,#10209);
#9141=AXIS2_PLACEMENT_3D('',#12958,#10212,#10213);
#9142=AXIS2_PLACEMENT_3D('',#12961,#10216,#10217);
#9143=AXIS2_PLACEMENT_3D('',#12964,#10220,#10221);
#9144=AXIS2_PLACEMENT_3D('',#12969,#10224,#10225);
#9145=AXIS2_PLACEMENT_3D('',#12970,#10226,#10227);
#9146=AXIS2_PLACEMENT_3D('',#12973,#10230,#10231);
#9147=AXIS2_PLACEMENT_3D('',#12979,#10235,#10236);
#9148=AXIS2_PLACEMENT_3D('',#12983,#10239,#10240);
#9149=AXIS2_PLACEMENT_3D('',#12987,#10243,#10244);
#9150=AXIS2_PLACEMENT_3D('',#12991,#10247,#10248);
#9151=AXIS2_PLACEMENT_3D('',#12995,#10251,#10252);
#9152=AXIS2_PLACEMENT_3D('',#12999,#10255,#10256);
#9153=AXIS2_PLACEMENT_3D('',#13003,#10259,#10260);
#9154=AXIS2_PLACEMENT_3D('',#13007,#10263,#10264);
#9155=AXIS2_PLACEMENT_3D('',#13011,#10267,#10268);
#9156=AXIS2_PLACEMENT_3D('',#13015,#10271,#10272);
#9157=AXIS2_PLACEMENT_3D('',#13019,#10275,#10276);
#9158=AXIS2_PLACEMENT_3D('',#13023,#10279,#10280);
#9159=AXIS2_PLACEMENT_3D('',#13027,#10283,#10284);
#9160=AXIS2_PLACEMENT_3D('',#13031,#10287,#10288);
#9161=AXIS2_PLACEMENT_3D('',#13035,#10291,#10292);
#9162=AXIS2_PLACEMENT_3D('',#13039,#10295,#10296);
#9163=AXIS2_PLACEMENT_3D('',#13043,#10299,#10300);
#9164=AXIS2_PLACEMENT_3D('',#13047,#10303,#10304);
#9165=AXIS2_PLACEMENT_3D('',#13051,#10307,#10308);
#9166=AXIS2_PLACEMENT_3D('',#13055,#10311,#10312);
#9167=AXIS2_PLACEMENT_3D('',#13059,#10315,#10316);
#9168=AXIS2_PLACEMENT_3D('',#13062,#10318,#10319);
#9169=AXIS2_PLACEMENT_3D('',#13063,#10320,#10321);
#9170=AXIS2_PLACEMENT_3D('',#13087,#10324,#10325);
#9171=AXIS2_PLACEMENT_3D('',#13093,#10328,#10329);
#9172=AXIS2_PLACEMENT_3D('',#13120,#10332,#10333);
#9173=AXIS2_PLACEMENT_3D('',#13125,#10335,#10336);
#9174=AXIS2_PLACEMENT_3D('',#13128,#10338,#10339);
#9175=AXIS2_PLACEMENT_3D('',#13129,#10340,#10341);
#9176=AXIS2_PLACEMENT_3D('',#13133,#10343,#10344);
#9177=AXIS2_PLACEMENT_3D('',#13135,#10346,#10347);
#9178=AXIS2_PLACEMENT_3D('',#13140,#10349,#10350);
#9179=AXIS2_PLACEMENT_3D('',#13143,#10352,#10353);
#9180=AXIS2_PLACEMENT_3D('',#13144,#10354,#10355);
#9181=AXIS2_PLACEMENT_3D('',#13149,#10357,#10358);
#9182=AXIS2_PLACEMENT_3D('',#13152,#10360,#10361);
#9183=AXIS2_PLACEMENT_3D('',#13153,#10362,#10363);
#9184=AXIS2_PLACEMENT_3D('',#13157,#10365,#10366);
#9185=AXIS2_PLACEMENT_3D('',#13159,#10368,#10369);
#9186=AXIS2_PLACEMENT_3D('',#13162,#10370,#10371);
#9187=AXIS2_PLACEMENT_3D('',#13164,#10372,#10373);
#9188=AXIS2_PLACEMENT_3D('',#13165,#10374,#10375);
#9189=AXIS2_PLACEMENT_3D('',#13180,#10376,#10377);
#9190=AXIS2_PLACEMENT_3D('',#13185,#10379,#10380);
#9191=AXIS2_PLACEMENT_3D('',#13188,#10382,#10383);
#9192=AXIS2_PLACEMENT_3D('',#13189,#10384,#10385);
#9193=AXIS2_PLACEMENT_3D('',#13193,#10387,#10388);
#9194=AXIS2_PLACEMENT_3D('',#13195,#10390,#10391);
#9195=AXIS2_PLACEMENT_3D('',#13197,#10392,#10393);
#9196=AXIS2_PLACEMENT_3D('',#13200,#10395,#10396);
#9197=AXIS2_PLACEMENT_3D('',#13201,#10397,#10398);
#9198=AXIS2_PLACEMENT_3D('',#13206,#10400,#10401);
#9199=AXIS2_PLACEMENT_3D('',#13209,#10403,#10404);
#9200=AXIS2_PLACEMENT_3D('',#13210,#10405,#10406);
#9201=AXIS2_PLACEMENT_3D('',#13214,#10408,#10409);
#9202=AXIS2_PLACEMENT_3D('',#13216,#10411,#10412);
#9203=AXIS2_PLACEMENT_3D('',#13218,#10413,#10414);
#9204=AXIS2_PLACEMENT_3D('',#13221,#10416,#10417);
#9205=AXIS2_PLACEMENT_3D('',#13222,#10418,#10419);
#9206=AXIS2_PLACEMENT_3D('',#13227,#10421,#10422);
#9207=AXIS2_PLACEMENT_3D('',#13230,#10424,#10425);
#9208=AXIS2_PLACEMENT_3D('',#13231,#10426,#10427);
#9209=AXIS2_PLACEMENT_3D('',#13235,#10429,#10430);
#9210=AXIS2_PLACEMENT_3D('',#13237,#10432,#10433);
#9211=AXIS2_PLACEMENT_3D('',#13257,#10436,#10437);
#9212=AXIS2_PLACEMENT_3D('',#13259,#10438,#10439);
#9213=AXIS2_PLACEMENT_3D('',#13262,#10441,#10442);
#9214=AXIS2_PLACEMENT_3D('',#13263,#10443,#10444);
#9215=AXIS2_PLACEMENT_3D('',#13265,#10445,#10446);
#9216=AXIS2_PLACEMENT_3D('',#13266,#10447,#10448);
#9217=AXIS2_PLACEMENT_3D('',#13267,#10449,#10450);
#9218=AXIS2_PLACEMENT_3D('',#13270,#10452,#10453);
#9219=AXIS2_PLACEMENT_3D('',#13271,#10454,#10455);
#9220=AXIS2_PLACEMENT_3D('',#13274,#10457,#10458);
#9221=AXIS2_PLACEMENT_3D('',#13275,#10459,#10460);
#9222=AXIS2_PLACEMENT_3D('',#13277,#10461,#10462);
#9223=AXIS2_PLACEMENT_3D('',#13280,#10464,#10465);
#9224=AXIS2_PLACEMENT_3D('',#13281,#10466,#10467);
#9225=AXIS2_PLACEMENT_3D('',#13285,#10469,#10470);
#9226=AXIS2_PLACEMENT_3D('',#13286,#10471,#10472);
#9227=AXIS2_PLACEMENT_3D('',#13287,#10473,#10474);
#9228=AXIS2_PLACEMENT_3D('',#13290,#10476,#10477);
#9229=AXIS2_PLACEMENT_3D('',#13291,#10478,#10479);
#9230=AXIS2_PLACEMENT_3D('',#13293,#10480,#10481);
#9231=AXIS2_PLACEMENT_3D('',#13296,#10483,#10484);
#9232=AXIS2_PLACEMENT_3D('',#13297,#10485,#10486);
#9233=AXIS2_PLACEMENT_3D('',#13299,#10488,#10489);
#9234=AXIS2_PLACEMENT_3D('',#13302,#10491,#10492);
#9235=AXIS2_PLACEMENT_3D('',#13303,#10493,#10494);
#9236=AXIS2_PLACEMENT_3D('',#13305,#10496,#10497);
#9237=AXIS2_PLACEMENT_3D('',#13307,#10499,#10500);
#9238=AXIS2_PLACEMENT_3D('',#13310,#10502,#10503);
#9239=AXIS2_PLACEMENT_3D('',#13311,#10504,#10505);
#9240=AXIS2_PLACEMENT_3D('',#13313,#10507,#10508);
#9241=AXIS2_PLACEMENT_3D('',#13316,#10510,#10511);
#9242=AXIS2_PLACEMENT_3D('',#13317,#10512,#10513);
#9243=AXIS2_PLACEMENT_3D('',#13319,#10515,#10516);
#9244=AXIS2_PLACEMENT_3D('',#13322,#10519,#10520);
#9245=AXIS2_PLACEMENT_3D('',#13325,#10522,#10523);
#9246=AXIS2_PLACEMENT_3D('',#13326,#10524,#10525);
#9247=AXIS2_PLACEMENT_3D('',#13328,#10527,#10528);
#9248=AXIS2_PLACEMENT_3D('',#13331,#10531,#10532);
#9249=AXIS2_PLACEMENT_3D('',#13334,#10534,#10535);
#9250=AXIS2_PLACEMENT_3D('',#13335,#10536,#10537);
#9251=AXIS2_PLACEMENT_3D('',#13337,#10539,#10540);
#9252=AXIS2_PLACEMENT_3D('',#13342,#10543,#10544);
#9253=AXIS2_PLACEMENT_3D('',#13343,#10545,#10546);
#9254=AXIS2_PLACEMENT_3D('',#13346,#10549,#10550);
#9255=AXIS2_PLACEMENT_3D('',#13351,#10553,#10554);
#9256=AXIS2_PLACEMENT_3D('',#13352,#10555,#10556);
#9257=AXIS2_PLACEMENT_3D('',#13355,#10559,#10560);
#9258=AXIS2_PLACEMENT_3D('',#13358,#10563,#10564);
#9259=AXIS2_PLACEMENT_3D('',#13363,#10567,#10568);
#9260=AXIS2_PLACEMENT_3D('',#13364,#10569,#10570);
#9261=AXIS2_PLACEMENT_3D('',#13367,#10573,#10574);
#9262=AXIS2_PLACEMENT_3D('',#13370,#10577,#10578);
#9263=AXIS2_PLACEMENT_3D('',#13372,#10580,#10581);
#9264=AXIS2_PLACEMENT_3D('',#13374,#10583,#10584);
#9265=AXIS2_PLACEMENT_3D('',#13376,#10586,#10587);
#9266=AXIS2_PLACEMENT_3D('',#13378,#10589,#10590);
#9267=AXIS2_PLACEMENT_3D('',#13380,#10592,#10593);
#9268=AXIS2_PLACEMENT_3D('',#13382,#10595,#10596);
#9269=AXIS2_PLACEMENT_3D('',#13384,#10598,#10599);
#9270=AXIS2_PLACEMENT_3D('',#13386,#10601,#10602);
#9271=AXIS2_PLACEMENT_3D('',#13388,#10604,#10605);
#9272=AXIS2_PLACEMENT_3D('',#13390,#10607,#10608);
#9273=AXIS2_PLACEMENT_3D('',#13392,#10610,#10611);
#9274=AXIS2_PLACEMENT_3D('',#13394,#10613,#10614);
#9275=AXIS2_PLACEMENT_3D('',#13395,#10615,#10616);
#9276=AXIS2_PLACEMENT_3D('',#13409,#10618,#10619);
#9277=AXIS2_PLACEMENT_3D('',#13447,#10625,#10626);
#9278=AXIS2_PLACEMENT_3D('',#13448,#10627,#10628);
#9279=AXIS2_PLACEMENT_3D('',#13451,#10631,#10632);
#9280=AXIS2_PLACEMENT_3D('',#13453,#10634,#10635);
#9281=AXIS2_PLACEMENT_3D('',#13454,#10636,#10637);
#9282=AXIS2_PLACEMENT_3D('',#13456,#10639,#10640);
#9283=AXIS2_PLACEMENT_3D('',#13459,#10643,#10644);
#9284=AXIS2_PLACEMENT_3D('',#13460,#10645,#10646);
#9285=AXIS2_PLACEMENT_3D('',#13462,#10648,#10649);
#9286=AXIS2_PLACEMENT_3D('',#13463,#10650,#10651);
#9287=AXIS2_PLACEMENT_3D('',#13469,#10655,#10656);
#9288=AXIS2_PLACEMENT_3D('',#13472,#10658,#10659);
#9289=AXIS2_PLACEMENT_3D('',#13473,#10660,#10661);
#9290=AXIS2_PLACEMENT_3D('',#13544,#10665,#10666);
#9291=AXIS2_PLACEMENT_3D('',#13588,#10669,#10670);
#9292=AXIS2_PLACEMENT_3D('',#13594,#10674,#10675);
#9293=AXIS2_PLACEMENT_3D('',#13597,#10677,#10678);
#9294=AXIS2_PLACEMENT_3D('',#13598,#10679,#10680);
#9295=AXIS2_PLACEMENT_3D('',#13602,#10683,#10684);
#9296=AXIS2_PLACEMENT_3D('',#13647,#10688,#10689);
#9297=AXIS2_PLACEMENT_3D('',#13697,#10693,#10694);
#9298=AXIS2_PLACEMENT_3D('',#13699,#10696,#10697);
#9299=AXIS2_PLACEMENT_3D('',#13700,#10698,#10699);
#9300=AXIS2_PLACEMENT_3D('',#13743,#10702,#10703);
#9301=AXIS2_PLACEMENT_3D('',#13791,#10708,#10709);
#9302=AXIS2_PLACEMENT_3D('',#13832,#10713,#10714);
#9303=AXIS2_PLACEMENT_3D('',#13836,#10717,#10718);
#9304=AXIS2_PLACEMENT_3D('',#13837,#10719,#10720);
#9305=AXIS2_PLACEMENT_3D('',#13838,#10721,#10722);
#9306=AXIS2_PLACEMENT_3D('',#13844,#10726,#10727);
#9307=AXIS2_PLACEMENT_3D('',#13847,#10729,#10730);
#9308=AXIS2_PLACEMENT_3D('',#13848,#10731,#10732);
#9309=AXIS2_PLACEMENT_3D('',#13852,#10735,#10736);
#9310=AXIS2_PLACEMENT_3D('',#13897,#10740,#10741);
#9311=AXIS2_PLACEMENT_3D('',#13937,#10745,#10746);
#9312=AXIS2_PLACEMENT_3D('',#13939,#10748,#10749);
#9313=AXIS2_PLACEMENT_3D('',#13940,#10750,#10751);
#9314=AXIS2_PLACEMENT_3D('',#13983,#10754,#10755);
#9315=AXIS2_PLACEMENT_3D('',#13988,#10757,#10758);
#9316=AXIS2_PLACEMENT_3D('',#13991,#10760,#10761);
#9317=AXIS2_PLACEMENT_3D('',#13992,#10762,#10763);
#9318=AXIS2_PLACEMENT_3D('',#13996,#10765,#10766);
#9319=AXIS2_PLACEMENT_3D('',#13998,#10768,#10769);
#9320=AXIS2_PLACEMENT_3D('',#14002,#10771,#10772);
#9321=AXIS2_PLACEMENT_3D('',#14004,#10774,#10775);
#9322=AXIS2_PLACEMENT_3D('',#14008,#10777,#10778);
#9323=AXIS2_PLACEMENT_3D('',#14010,#10780,#10781);
#9324=AXIS2_PLACEMENT_3D('',#14015,#10783,#10784);
#9325=AXIS2_PLACEMENT_3D('',#14018,#10786,#10787);
#9326=AXIS2_PLACEMENT_3D('',#14019,#10788,#10789);
#9327=AXIS2_PLACEMENT_3D('',#14023,#10791,#10792);
#9328=AXIS2_PLACEMENT_3D('',#14025,#10794,#10795);
#9329=AXIS2_PLACEMENT_3D('',#14029,#10797,#10798);
#9330=AXIS2_PLACEMENT_3D('',#14031,#10800,#10801);
#9331=AXIS2_PLACEMENT_3D('',#14035,#10803,#10804);
#9332=AXIS2_PLACEMENT_3D('',#14037,#10806,#10807);
#9333=AXIS2_PLACEMENT_3D('',#14041,#10809,#10810);
#9334=AXIS2_PLACEMENT_3D('',#14043,#10812,#10813);
#9335=AXIS2_PLACEMENT_3D('',#14047,#10815,#10816);
#9336=AXIS2_PLACEMENT_3D('',#14049,#10818,#10819);
#9337=AXIS2_PLACEMENT_3D('',#14053,#10821,#10822);
#9338=AXIS2_PLACEMENT_3D('',#14055,#10824,#10825);
#9339=AXIS2_PLACEMENT_3D('',#14059,#10827,#10828);
#9340=AXIS2_PLACEMENT_3D('',#14061,#10830,#10831);
#9341=AXIS2_PLACEMENT_3D('',#14065,#10833,#10834);
#9342=AXIS2_PLACEMENT_3D('',#14067,#10836,#10837);
#9343=AXIS2_PLACEMENT_3D('',#14071,#10839,#10840);
#9344=AXIS2_PLACEMENT_3D('',#14073,#10842,#10843);
#9345=AXIS2_PLACEMENT_3D('',#14077,#10845,#10846);
#9346=AXIS2_PLACEMENT_3D('',#14079,#10848,#10849);
#9347=AXIS2_PLACEMENT_3D('',#14083,#10851,#10852);
#9348=AXIS2_PLACEMENT_3D('',#14085,#10854,#10855);
#9349=AXIS2_PLACEMENT_3D('',#14089,#10857,#10858);
#9350=AXIS2_PLACEMENT_3D('',#14091,#10860,#10861);
#9351=AXIS2_PLACEMENT_3D('',#14095,#10863,#10864);
#9352=AXIS2_PLACEMENT_3D('',#14097,#10866,#10867);
#9353=AXIS2_PLACEMENT_3D('',#14101,#10869,#10870);
#9354=AXIS2_PLACEMENT_3D('',#14103,#10872,#10873);
#9355=AXIS2_PLACEMENT_3D('',#14107,#10875,#10876);
#9356=AXIS2_PLACEMENT_3D('',#14109,#10878,#10879);
#9357=AXIS2_PLACEMENT_3D('',#14113,#10881,#10882);
#9358=AXIS2_PLACEMENT_3D('',#14115,#10884,#10885);
#9359=AXIS2_PLACEMENT_3D('',#14119,#10887,#10888);
#9360=AXIS2_PLACEMENT_3D('',#14121,#10890,#10891);
#9361=AXIS2_PLACEMENT_3D('',#14125,#10893,#10894);
#9362=AXIS2_PLACEMENT_3D('',#14127,#10896,#10897);
#9363=AXIS2_PLACEMENT_3D('',#14131,#10899,#10900);
#9364=AXIS2_PLACEMENT_3D('',#14133,#10902,#10903);
#9365=AXIS2_PLACEMENT_3D('',#14137,#10905,#10906);
#9366=AXIS2_PLACEMENT_3D('',#14139,#10908,#10909);
#9367=AXIS2_PLACEMENT_3D('',#14143,#10911,#10912);
#9368=AXIS2_PLACEMENT_3D('',#14145,#10914,#10915);
#9369=AXIS2_PLACEMENT_3D('',#14149,#10917,#10918);
#9370=AXIS2_PLACEMENT_3D('',#14151,#10920,#10921);
#9371=AXIS2_PLACEMENT_3D('',#14155,#10923,#10924);
#9372=AXIS2_PLACEMENT_3D('',#14157,#10926,#10927);
#9373=AXIS2_PLACEMENT_3D('',#14161,#10929,#10930);
#9374=AXIS2_PLACEMENT_3D('',#14163,#10932,#10933);
#9375=AXIS2_PLACEMENT_3D('',#14167,#10935,#10936);
#9376=AXIS2_PLACEMENT_3D('',#14169,#10938,#10939);
#9377=AXIS2_PLACEMENT_3D('',#14174,#10942,#10943);
#9378=AXIS2_PLACEMENT_3D('',#14175,#10944,#10945);
#9379=AXIS2_PLACEMENT_3D('',#14180,#10948,#10949);
#9380=AXIS2_PLACEMENT_3D('',#14181,#10950,#10951);
#9381=AXIS2_PLACEMENT_3D('',#14186,#10954,#10955);
#9382=AXIS2_PLACEMENT_3D('',#14187,#10956,#10957);
#9383=AXIS2_PLACEMENT_3D('',#14204,#10960,#10961);
#9384=AXIS2_PLACEMENT_3D('',#14209,#10963,#10964);
#9385=AXIS2_PLACEMENT_3D('',#14212,#10966,#10967);
#9386=AXIS2_PLACEMENT_3D('',#14213,#10968,#10969);
#9387=AXIS2_PLACEMENT_3D('',#14214,#10970,#10971);
#9388=AXIS2_PLACEMENT_3D('',#14215,#10972,#10973);
#9389=AXIS2_PLACEMENT_3D('',#14216,#10974,#10975);
#9390=AXIS2_PLACEMENT_3D('',#14221,#10978,#10979);
#9391=AXIS2_PLACEMENT_3D('',#14222,#10980,#10981);
#9392=AXIS2_PLACEMENT_3D('',#14227,#10984,#10985);
#9393=AXIS2_PLACEMENT_3D('',#14228,#10986,#10987);
#9394=AXIS2_PLACEMENT_3D('',#14233,#10990,#10991);
#9395=AXIS2_PLACEMENT_3D('',#14234,#10992,#10993);
#9396=AXIS2_PLACEMENT_3D('',#14239,#10996,#10997);
#9397=AXIS2_PLACEMENT_3D('',#14240,#10998,#10999);
#9398=AXIS2_PLACEMENT_3D('',#14245,#11002,#11003);
#9399=AXIS2_PLACEMENT_3D('',#14246,#11004,#11005);
#9400=AXIS2_PLACEMENT_3D('',#14251,#11008,#11009);
#9401=AXIS2_PLACEMENT_3D('',#14252,#11010,#11011);
#9402=AXIS2_PLACEMENT_3D('',#14257,#11014,#11015);
#9403=AXIS2_PLACEMENT_3D('',#14258,#11016,#11017);
#9404=AXIS2_PLACEMENT_3D('',#14263,#11020,#11021);
#9405=AXIS2_PLACEMENT_3D('',#14264,#11022,#11023);
#9406=AXIS2_PLACEMENT_3D('',#14269,#11026,#11027);
#9407=AXIS2_PLACEMENT_3D('',#14270,#11028,#11029);
#9408=AXIS2_PLACEMENT_3D('',#14275,#11032,#11033);
#9409=AXIS2_PLACEMENT_3D('',#14276,#11034,#11035);
#9410=AXIS2_PLACEMENT_3D('',#14281,#11038,#11039);
#9411=AXIS2_PLACEMENT_3D('',#14282,#11040,#11041);
#9412=AXIS2_PLACEMENT_3D('',#14287,#11044,#11045);
#9413=AXIS2_PLACEMENT_3D('',#14288,#11046,#11047);
#9414=AXIS2_PLACEMENT_3D('',#14293,#11050,#11051);
#9415=AXIS2_PLACEMENT_3D('',#14294,#11052,#11053);
#9416=AXIS2_PLACEMENT_3D('',#14299,#11056,#11057);
#9417=AXIS2_PLACEMENT_3D('',#14300,#11058,#11059);
#9418=AXIS2_PLACEMENT_3D('',#14305,#11062,#11063);
#9419=AXIS2_PLACEMENT_3D('',#14306,#11064,#11065);
#9420=AXIS2_PLACEMENT_3D('',#14311,#11068,#11069);
#9421=AXIS2_PLACEMENT_3D('',#14312,#11070,#11071);
#9422=AXIS2_PLACEMENT_3D('',#14317,#11074,#11075);
#9423=AXIS2_PLACEMENT_3D('',#14318,#11076,#11077);
#9424=AXIS2_PLACEMENT_3D('',#14323,#11080,#11081);
#9425=AXIS2_PLACEMENT_3D('',#14324,#11082,#11083);
#9426=AXIS2_PLACEMENT_3D('',#14329,#11086,#11087);
#9427=AXIS2_PLACEMENT_3D('',#14330,#11088,#11089);
#9428=AXIS2_PLACEMENT_3D('',#14335,#11092,#11093);
#9429=AXIS2_PLACEMENT_3D('',#14336,#11094,#11095);
#9430=AXIS2_PLACEMENT_3D('',#14338,#11096,#11097);
#9431=AXIS2_PLACEMENT_3D('',#14340,#11098,#11099);
#9432=AXIS2_PLACEMENT_3D('',#14355,#11100,#11101);
#9433=AXIS2_PLACEMENT_3D('',#14360,#11104,#11105);
#9434=AXIS2_PLACEMENT_3D('',#14361,#11106,#11107);
#9435=AXIS2_PLACEMENT_3D('',#14364,#11110,#11111);
#9436=AXIS2_PLACEMENT_3D('',#14369,#11114,#11115);
#9437=AXIS2_PLACEMENT_3D('',#14370,#11116,#11117);
#9438=AXIS2_PLACEMENT_3D('',#14375,#11120,#11121);
#9439=AXIS2_PLACEMENT_3D('',#14376,#11122,#11123);
#9440=AXIS2_PLACEMENT_3D('',#14379,#11126,#11127);
#9441=AXIS2_PLACEMENT_3D('',#14385,#11131,#11132);
#9442=AXIS2_PLACEMENT_3D('',#14389,#11135,#11136);
#9443=AXIS2_PLACEMENT_3D('',#14393,#11139,#11140);
#9444=AXIS2_PLACEMENT_3D('',#14397,#11143,#11144);
#9445=AXIS2_PLACEMENT_3D('',#14401,#11147,#11148);
#9446=AXIS2_PLACEMENT_3D('',#14405,#11151,#11152);
#9447=AXIS2_PLACEMENT_3D('',#14409,#11155,#11156);
#9448=AXIS2_PLACEMENT_3D('',#14413,#11159,#11160);
#9449=AXIS2_PLACEMENT_3D('',#14417,#11163,#11164);
#9450=AXIS2_PLACEMENT_3D('',#14421,#11167,#11168);
#9451=AXIS2_PLACEMENT_3D('',#14425,#11171,#11172);
#9452=AXIS2_PLACEMENT_3D('',#14429,#11175,#11176);
#9453=AXIS2_PLACEMENT_3D('',#14433,#11179,#11180);
#9454=AXIS2_PLACEMENT_3D('',#14437,#11183,#11184);
#9455=AXIS2_PLACEMENT_3D('',#14441,#11187,#11188);
#9456=AXIS2_PLACEMENT_3D('',#14445,#11191,#11192);
#9457=AXIS2_PLACEMENT_3D('',#14449,#11195,#11196);
#9458=AXIS2_PLACEMENT_3D('',#14453,#11199,#11200);
#9459=AXIS2_PLACEMENT_3D('',#14457,#11203,#11204);
#9460=AXIS2_PLACEMENT_3D('',#14461,#11207,#11208);
#9461=AXIS2_PLACEMENT_3D('',#14465,#11211,#11212);
#9462=AXIS2_PLACEMENT_3D('',#14469,#11215,#11216);
#9463=AXIS2_PLACEMENT_3D('',#14473,#11219,#11220);
#9464=AXIS2_PLACEMENT_3D('',#14477,#11223,#11224);
#9465=AXIS2_PLACEMENT_3D('',#14481,#11227,#11228);
#9466=AXIS2_PLACEMENT_3D('',#14485,#11231,#11232);
#9467=AXIS2_PLACEMENT_3D('',#14489,#11235,#11236);
#9468=AXIS2_PLACEMENT_3D('',#14493,#11239,#11240);
#9469=AXIS2_PLACEMENT_3D('',#14497,#11243,#11244);
#9470=AXIS2_PLACEMENT_3D('',#14500,#11246,#11247);
#9471=AXIS2_PLACEMENT_3D('',#14501,#11248,#11249);
#9472=AXIS2_PLACEMENT_3D('',#14505,#11252,#11253);
#9473=AXIS2_PLACEMENT_3D('',#14508,#11254,#11255);
#9474=AXIS2_PLACEMENT_3D('',#14512,#11257,#11258);
#9475=AXIS2_PLACEMENT_3D('',#14516,#11260,#11261);
#9476=AXIS2_PLACEMENT_3D('',#14578,#11292,#11293);
#9477=AXIS2_PLACEMENT_3D('',#14638,#11324,#11325);
#9478=AXIS2_PLACEMENT_3D('',#14640,#11326,#11327);
#9479=AXIS2_PLACEMENT_3D('',#14643,#11329,#11330);
#9480=AXIS2_PLACEMENT_3D('',#14644,#11331,#11332);
#9481=AXIS2_PLACEMENT_3D('',#14646,#11333,#11334);
#9482=AXIS2_PLACEMENT_3D('',#14648,#11336,#11337);
#9483=AXIS2_PLACEMENT_3D('',#14650,#11338,#11339);
#9484=AXIS2_PLACEMENT_3D('',#14652,#11341,#11342);
#9485=AXIS2_PLACEMENT_3D('',#14654,#11343,#11344);
#9486=AXIS2_PLACEMENT_3D('',#14656,#11346,#11347);
#9487=AXIS2_PLACEMENT_3D('',#14658,#11348,#11349);
#9488=AXIS2_PLACEMENT_3D('',#14660,#11351,#11352);
#9489=AXIS2_PLACEMENT_3D('',#14662,#11353,#11354);
#9490=AXIS2_PLACEMENT_3D('',#14664,#11356,#11357);
#9491=AXIS2_PLACEMENT_3D('',#14666,#11358,#11359);
#9492=AXIS2_PLACEMENT_3D('',#14668,#11361,#11362);
#9493=AXIS2_PLACEMENT_3D('',#14670,#11363,#11364);
#9494=AXIS2_PLACEMENT_3D('',#14672,#11366,#11367);
#9495=AXIS2_PLACEMENT_3D('',#14674,#11368,#11369);
#9496=AXIS2_PLACEMENT_3D('',#14676,#11371,#11372);
#9497=AXIS2_PLACEMENT_3D('',#14678,#11373,#11374);
#9498=AXIS2_PLACEMENT_3D('',#14680,#11376,#11377);
#9499=AXIS2_PLACEMENT_3D('',#14682,#11378,#11379);
#9500=AXIS2_PLACEMENT_3D('',#14684,#11381,#11382);
#9501=AXIS2_PLACEMENT_3D('',#14686,#11383,#11384);
#9502=AXIS2_PLACEMENT_3D('',#14688,#11386,#11387);
#9503=AXIS2_PLACEMENT_3D('',#14690,#11388,#11389);
#9504=AXIS2_PLACEMENT_3D('',#14692,#11391,#11392);
#9505=AXIS2_PLACEMENT_3D('',#14694,#11393,#11394);
#9506=AXIS2_PLACEMENT_3D('',#14696,#11396,#11397);
#9507=AXIS2_PLACEMENT_3D('',#14698,#11398,#11399);
#9508=AXIS2_PLACEMENT_3D('',#14700,#11401,#11402);
#9509=AXIS2_PLACEMENT_3D('',#14702,#11403,#11404);
#9510=AXIS2_PLACEMENT_3D('',#14704,#11406,#11407);
#9511=AXIS2_PLACEMENT_3D('',#14706,#11408,#11409);
#9512=AXIS2_PLACEMENT_3D('',#14708,#11411,#11412);
#9513=AXIS2_PLACEMENT_3D('',#14710,#11413,#11414);
#9514=AXIS2_PLACEMENT_3D('',#14712,#11416,#11417);
#9515=AXIS2_PLACEMENT_3D('',#14714,#11418,#11419);
#9516=AXIS2_PLACEMENT_3D('',#14716,#11421,#11422);
#9517=AXIS2_PLACEMENT_3D('',#14719,#11423,#11424);
#9518=AXIS2_PLACEMENT_3D('',#14720,#11425,#11426);
#9519=AXIS2_PLACEMENT_3D('',#14737,#11427,#11428);
#9520=AXIS2_PLACEMENT_3D('',#14739,#11429,#11430);
#9521=AXIS2_PLACEMENT_3D('',#14741,#11432,#11433);
#9522=AXIS2_PLACEMENT_3D('',#14743,#11434,#11435);
#9523=AXIS2_PLACEMENT_3D('',#14745,#11437,#11438);
#9524=AXIS2_PLACEMENT_3D('',#14747,#11439,#11440);
#9525=AXIS2_PLACEMENT_3D('',#14749,#11442,#11443);
#9526=AXIS2_PLACEMENT_3D('',#14751,#11444,#11445);
#9527=AXIS2_PLACEMENT_3D('',#14753,#11447,#11448);
#9528=AXIS2_PLACEMENT_3D('',#14755,#11449,#11450);
#9529=AXIS2_PLACEMENT_3D('',#14757,#11452,#11453);
#9530=AXIS2_PLACEMENT_3D('',#14759,#11454,#11455);
#9531=AXIS2_PLACEMENT_3D('',#14761,#11457,#11458);
#9532=AXIS2_PLACEMENT_3D('',#14763,#11459,#11460);
#9533=AXIS2_PLACEMENT_3D('',#14765,#11462,#11463);
#9534=AXIS2_PLACEMENT_3D('',#14767,#11464,#11465);
#9535=AXIS2_PLACEMENT_3D('',#14769,#11467,#11468);
#9536=AXIS2_PLACEMENT_3D('',#14771,#11469,#11470);
#9537=AXIS2_PLACEMENT_3D('',#14773,#11472,#11473);
#9538=AXIS2_PLACEMENT_3D('',#14775,#11474,#11475);
#9539=AXIS2_PLACEMENT_3D('',#14777,#11477,#11478);
#9540=AXIS2_PLACEMENT_3D('',#14779,#11479,#11480);
#9541=AXIS2_PLACEMENT_3D('',#14781,#11482,#11483);
#9542=AXIS2_PLACEMENT_3D('',#14784,#11485,#11486);
#9543=AXIS2_PLACEMENT_3D('',#14785,#11487,#11488);
#9544=AXIS2_PLACEMENT_3D('',#14788,#11490,#11491);
#9545=AXIS2_PLACEMENT_3D('',#14789,#11492,#11493);
#9546=AXIS2_PLACEMENT_3D('',#14792,#11495,#11496);
#9547=AXIS2_PLACEMENT_3D('',#14793,#11497,#11498);
#9548=AXIS2_PLACEMENT_3D('',#14796,#11500,#11501);
#9549=AXIS2_PLACEMENT_3D('',#14797,#11502,#11503);
#9550=AXIS2_PLACEMENT_3D('',#14800,#11505,#11506);
#9551=AXIS2_PLACEMENT_3D('',#14801,#11507,#11508);
#9552=AXIS2_PLACEMENT_3D('',#14804,#11510,#11511);
#9553=AXIS2_PLACEMENT_3D('',#14805,#11512,#11513);
#9554=AXIS2_PLACEMENT_3D('',#14808,#11515,#11516);
#9555=AXIS2_PLACEMENT_3D('',#14809,#11517,#11518);
#9556=AXIS2_PLACEMENT_3D('',#14812,#11520,#11521);
#9557=AXIS2_PLACEMENT_3D('',#14813,#11522,#11523);
#9558=AXIS2_PLACEMENT_3D('',#14816,#11525,#11526);
#9559=AXIS2_PLACEMENT_3D('',#14817,#11527,#11528);
#9560=AXIS2_PLACEMENT_3D('',#14820,#11530,#11531);
#9561=AXIS2_PLACEMENT_3D('',#14821,#11532,#11533);
#9562=AXIS2_PLACEMENT_3D('',#14824,#11535,#11536);
#9563=AXIS2_PLACEMENT_3D('',#14825,#11537,#11538);
#9564=AXIS2_PLACEMENT_3D('',#14827,#11540,#11541);
#9565=AXIS2_PLACEMENT_3D('',#14830,#11543,#11544);
#9566=AXIS2_PLACEMENT_3D('',#14831,#11545,#11546);
#9567=AXIS2_PLACEMENT_3D('',#14834,#11548,#11549);
#9568=AXIS2_PLACEMENT_3D('',#14835,#11550,#11551);
#9569=AXIS2_PLACEMENT_3D('',#14838,#11553,#11554);
#9570=AXIS2_PLACEMENT_3D('',#14839,#11555,#11556);
#9571=AXIS2_PLACEMENT_3D('',#14842,#11558,#11559);
#9572=AXIS2_PLACEMENT_3D('',#14843,#11560,#11561);
#9573=AXIS2_PLACEMENT_3D('',#14846,#11563,#11564);
#9574=AXIS2_PLACEMENT_3D('',#14847,#11565,#11566);
#9575=AXIS2_PLACEMENT_3D('',#14850,#11568,#11569);
#9576=AXIS2_PLACEMENT_3D('',#14851,#11570,#11571);
#9577=AXIS2_PLACEMENT_3D('',#14854,#11573,#11574);
#9578=AXIS2_PLACEMENT_3D('',#14855,#11575,#11576);
#9579=AXIS2_PLACEMENT_3D('',#14858,#11577,#11578);
#9580=AXIS2_PLACEMENT_3D('',#14859,#11579,#11580);
#9581=AXIS2_PLACEMENT_3D('',#14876,#11581,#11582);
#9582=AXIS2_PLACEMENT_3D('',#14878,#11584,#11585);
#9583=AXIS2_PLACEMENT_3D('',#14881,#11587,#11588);
#9584=AXIS2_PLACEMENT_3D('',#14882,#11589,#11590);
#9585=AXIS2_PLACEMENT_3D('',#14885,#11592,#11593);
#9586=AXIS2_PLACEMENT_3D('',#14886,#11594,#11595);
#9587=AXIS2_PLACEMENT_3D('',#14889,#11597,#11598);
#9588=AXIS2_PLACEMENT_3D('',#14890,#11599,#11600);
#9589=AXIS2_PLACEMENT_3D('',#14893,#11602,#11603);
#9590=AXIS2_PLACEMENT_3D('',#14894,#11604,#11605);
#9591=AXIS2_PLACEMENT_3D('',#14897,#11607,#11608);
#9592=AXIS2_PLACEMENT_3D('',#14898,#11609,#11610);
#9593=AXIS2_PLACEMENT_3D('',#14901,#11612,#11613);
#9594=AXIS2_PLACEMENT_3D('',#14902,#11614,#11615);
#9595=AXIS2_PLACEMENT_3D('',#14905,#11617,#11618);
#9596=AXIS2_PLACEMENT_3D('',#14906,#11619,#11620);
#9597=AXIS2_PLACEMENT_3D('',#14909,#11622,#11623);
#9598=AXIS2_PLACEMENT_3D('',#14910,#11624,#11625);
#9599=AXIS2_PLACEMENT_3D('',#14913,#11627,#11628);
#9600=AXIS2_PLACEMENT_3D('',#14914,#11629,#11630);
#9601=AXIS2_PLACEMENT_3D('',#14916,#11632,#11633);
#9602=AXIS2_PLACEMENT_3D('',#14922,#11637,#11638);
#9603=AXIS2_PLACEMENT_3D('',#14926,#11641,#11642);
#9604=AXIS2_PLACEMENT_3D('',#14930,#11645,#11646);
#9605=AXIS2_PLACEMENT_3D('',#14934,#11649,#11650);
#9606=AXIS2_PLACEMENT_3D('',#14938,#11653,#11654);
#9607=AXIS2_PLACEMENT_3D('',#14942,#11657,#11658);
#9608=AXIS2_PLACEMENT_3D('',#14946,#11661,#11662);
#9609=AXIS2_PLACEMENT_3D('',#14950,#11665,#11666);
#9610=AXIS2_PLACEMENT_3D('',#14954,#11669,#11670);
#9611=AXIS2_PLACEMENT_3D('',#14958,#11673,#11674);
#9612=AXIS2_PLACEMENT_3D('',#14962,#11677,#11678);
#9613=AXIS2_PLACEMENT_3D('',#14966,#11681,#11682);
#9614=AXIS2_PLACEMENT_3D('',#14970,#11685,#11686);
#9615=AXIS2_PLACEMENT_3D('',#14974,#11689,#11690);
#9616=AXIS2_PLACEMENT_3D('',#14978,#11693,#11694);
#9617=AXIS2_PLACEMENT_3D('',#14982,#11697,#11698);
#9618=AXIS2_PLACEMENT_3D('',#14986,#11701,#11702);
#9619=AXIS2_PLACEMENT_3D('',#14990,#11705,#11706);
#9620=AXIS2_PLACEMENT_3D('',#14994,#11709,#11710);
#9621=AXIS2_PLACEMENT_3D('',#14998,#11713,#11714);
#9622=AXIS2_PLACEMENT_3D('',#15002,#11717,#11718);
#9623=AXIS2_PLACEMENT_3D('',#15006,#11721,#11722);
#9624=AXIS2_PLACEMENT_3D('',#15010,#11725,#11726);
#9625=AXIS2_PLACEMENT_3D('',#15014,#11729,#11730);
#9626=AXIS2_PLACEMENT_3D('',#15018,#11733,#11734);
#9627=AXIS2_PLACEMENT_3D('',#15022,#11737,#11738);
#9628=AXIS2_PLACEMENT_3D('',#15026,#11741,#11742);
#9629=AXIS2_PLACEMENT_3D('',#15030,#11745,#11746);
#9630=AXIS2_PLACEMENT_3D('',#15034,#11749,#11750);
#9631=AXIS2_PLACEMENT_3D('',#15038,#11753,#11754);
#9632=AXIS2_PLACEMENT_3D('',#15041,#11756,#11757);
#9633=AXIS2_PLACEMENT_3D('',#15042,#11758,#11759);
#9634=AXIS2_PLACEMENT_3D('',#15046,#11761,#11762);
#9635=AXIS2_PLACEMENT_3D('',#15047,#11763,#11764);
#9636=AXIS2_PLACEMENT_3D('',#15048,#11765,#11766);
#9637=AXIS2_PLACEMENT_3D('',#15051,#11768,#11769);
#9638=AXIS2_PLACEMENT_3D('',#15052,#11770,#11771);
#9639=AXIS2_PLACEMENT_3D('',#15055,#11773,#11774);
#9640=AXIS2_PLACEMENT_3D('',#15056,#11775,#11776);
#9641=AXIS2_PLACEMENT_3D('',#15059,#11778,#11779);
#9642=AXIS2_PLACEMENT_3D('',#15060,#11780,#11781);
#9643=AXIS2_PLACEMENT_3D('',#15063,#11782,#11783);
#9644=AXIS2_PLACEMENT_3D('',#15064,#11784,#11785);
#9645=AXIS2_PLACEMENT_3D('',#15079,#11786,#11787);
#9646=AXIS2_PLACEMENT_3D('',#15082,#11789,#11790);
#9647=AXIS2_PLACEMENT_3D('',#15083,#11791,#11792);
#9648=AXIS2_PLACEMENT_3D('',#15087,#11794,#11795);
#9649=AXIS2_PLACEMENT_3D('',#15089,#11797,#11798);
#9650=AXIS2_PLACEMENT_3D('',#15092,#11800,#11801);
#9651=AXIS2_PLACEMENT_3D('',#15093,#11802,#11803);
#9652=AXIS2_PLACEMENT_3D('',#15096,#11805,#11806);
#9653=AXIS2_PLACEMENT_3D('',#15097,#11807,#11808);
#9654=AXIS2_PLACEMENT_3D('',#15100,#11810,#11811);
#9655=AXIS2_PLACEMENT_3D('',#15101,#11812,#11813);
#9656=AXIS2_PLACEMENT_3D('',#15106,#11815,#11816);
#9657=AXIS2_PLACEMENT_3D('',#15109,#11818,#11819);
#9658=AXIS2_PLACEMENT_3D('',#15110,#11820,#11821);
#9659=AXIS2_PLACEMENT_3D('',#15113,#11823,#11824);
#9660=AXIS2_PLACEMENT_3D('',#15114,#11825,#11826);
#9661=AXIS2_PLACEMENT_3D('',#15117,#11828,#11829);
#9662=AXIS2_PLACEMENT_3D('',#15118,#11830,#11831);
#9663=AXIS2_PLACEMENT_3D('',#15121,#11833,#11834);
#9664=AXIS2_PLACEMENT_3D('',#15122,#11835,#11836);
#9665=AXIS2_PLACEMENT_3D('',#15127,#11838,#11839);
#9666=AXIS2_PLACEMENT_3D('',#15130,#11841,#11842);
#9667=AXIS2_PLACEMENT_3D('',#15131,#11843,#11844);
#9668=AXIS2_PLACEMENT_3D('',#15134,#11846,#11847);
#9669=AXIS2_PLACEMENT_3D('',#15135,#11848,#11849);
#9670=AXIS2_PLACEMENT_3D('',#15138,#11851,#11852);
#9671=AXIS2_PLACEMENT_3D('',#15139,#11853,#11854);
#9672=AXIS2_PLACEMENT_3D('',#15142,#11856,#11857);
#9673=AXIS2_PLACEMENT_3D('',#15143,#11858,#11859);
#9674=AXIS2_PLACEMENT_3D('',#15148,#11861,#11862);
#9675=AXIS2_PLACEMENT_3D('',#15151,#11864,#11865);
#9676=AXIS2_PLACEMENT_3D('',#15152,#11866,#11867);
#9677=AXIS2_PLACEMENT_3D('',#15155,#11869,#11870);
#9678=AXIS2_PLACEMENT_3D('',#15156,#11871,#11872);
#9679=AXIS2_PLACEMENT_3D('',#15159,#11874,#11875);
#9680=AXIS2_PLACEMENT_3D('',#15160,#11876,#11877);
#9681=AXIS2_PLACEMENT_3D('',#15163,#11879,#11880);
#9682=AXIS2_PLACEMENT_3D('',#15164,#11881,#11882);
#9683=AXIS2_PLACEMENT_3D('',#15169,#11884,#11885);
#9684=AXIS2_PLACEMENT_3D('',#15172,#11887,#11888);
#9685=AXIS2_PLACEMENT_3D('',#15173,#11889,#11890);
#9686=AXIS2_PLACEMENT_3D('',#15176,#11892,#11893);
#9687=AXIS2_PLACEMENT_3D('',#15177,#11894,#11895);
#9688=AXIS2_PLACEMENT_3D('',#15180,#11897,#11898);
#9689=AXIS2_PLACEMENT_3D('',#15181,#11899,#11900);
#9690=AXIS2_PLACEMENT_3D('',#15184,#11902,#11903);
#9691=AXIS2_PLACEMENT_3D('',#15185,#11904,#11905);
#9692=AXIS2_PLACEMENT_3D('',#15190,#11907,#11908);
#9693=AXIS2_PLACEMENT_3D('',#15193,#11910,#11911);
#9694=AXIS2_PLACEMENT_3D('',#15194,#11912,#11913);
#9695=AXIS2_PLACEMENT_3D('',#15197,#11915,#11916);
#9696=AXIS2_PLACEMENT_3D('',#15198,#11917,#11918);
#9697=AXIS2_PLACEMENT_3D('',#15201,#11920,#11921);
#9698=AXIS2_PLACEMENT_3D('',#15202,#11922,#11923);
#9699=AXIS2_PLACEMENT_3D('',#15205,#11925,#11926);
#9700=AXIS2_PLACEMENT_3D('',#15206,#11927,#11928);
#9701=AXIS2_PLACEMENT_3D('',#15211,#11930,#11931);
#9702=AXIS2_PLACEMENT_3D('',#15214,#11933,#11934);
#9703=AXIS2_PLACEMENT_3D('',#15215,#11935,#11936);
#9704=AXIS2_PLACEMENT_3D('',#15218,#11938,#11939);
#9705=AXIS2_PLACEMENT_3D('',#15219,#11940,#11941);
#9706=AXIS2_PLACEMENT_3D('',#15222,#11943,#11944);
#9707=AXIS2_PLACEMENT_3D('',#15223,#11945,#11946);
#9708=AXIS2_PLACEMENT_3D('',#15226,#11948,#11949);
#9709=AXIS2_PLACEMENT_3D('',#15227,#11950,#11951);
#9710=AXIS2_PLACEMENT_3D('',#15232,#11953,#11954);
#9711=AXIS2_PLACEMENT_3D('',#15235,#11956,#11957);
#9712=AXIS2_PLACEMENT_3D('',#15236,#11958,#11959);
#9713=AXIS2_PLACEMENT_3D('',#15251,#11961,#11962);
#9714=AXIS2_PLACEMENT_3D('',#15256,#11964,#11965);
#9715=AXIS2_PLACEMENT_3D('',#15259,#11967,#11968);
#9716=AXIS2_PLACEMENT_3D('',#15260,#11969,#11970);
#9717=AXIS2_PLACEMENT_3D('',#15265,#11972,#11973);
#9718=AXIS2_PLACEMENT_3D('',#15268,#11975,#11976);
#9719=AXIS2_PLACEMENT_3D('',#15269,#11977,#11978);
#9720=AXIS2_PLACEMENT_3D('',#15274,#11980,#11981);
#9721=AXIS2_PLACEMENT_3D('',#15277,#11983,#11984);
#9722=AXIS2_PLACEMENT_3D('',#15278,#11985,#11986);
#9723=AXIS2_PLACEMENT_3D('',#15282,#11988,#11989);
#9724=AXIS2_PLACEMENT_3D('',#15284,#11991,#11992);
#9725=AXIS2_PLACEMENT_3D('',#15287,#11995,#11996);
#9726=AXIS2_PLACEMENT_3D('',#15290,#11999,#12000);
#9727=AXIS2_PLACEMENT_3D('',#15295,#12003,#12004);
#9728=AXIS2_PLACEMENT_3D('',#15296,#12005,#12006);
#9729=AXIS2_PLACEMENT_3D('',#15297,#12007,#12008);
#9730=AXIS2_PLACEMENT_3D('',#15298,#12009,#12010);
#9731=AXIS2_PLACEMENT_3D('',#15299,#12011,#12012);
#9732=AXIS2_PLACEMENT_3D('',#15302,#12015,#12016);
#9733=AXIS2_PLACEMENT_3D('',#15307,#12019,#12020);
#9734=AXIS2_PLACEMENT_3D('',#15308,#12021,#12022);
#9735=AXIS2_PLACEMENT_3D('',#15311,#12025,#12026);
#9736=AXIS2_PLACEMENT_3D('',#15316,#12029,#12030);
#9737=AXIS2_PLACEMENT_3D('',#15317,#12031,#12032);
#9738=AXIS2_PLACEMENT_3D('',#15320,#12035,#12036);
#9739=AXIS2_PLACEMENT_3D('',#15325,#12039,#12040);
#9740=AXIS2_PLACEMENT_3D('',#15326,#12041,#12042);
#9741=AXIS2_PLACEMENT_3D('',#15329,#12045,#12046);
#9742=AXIS2_PLACEMENT_3D('',#15334,#12049,#12050);
#9743=AXIS2_PLACEMENT_3D('',#15335,#12051,#12052);
#9744=AXIS2_PLACEMENT_3D('',#15338,#12055,#12056);
#9745=AXIS2_PLACEMENT_3D('',#15343,#12059,#12060);
#9746=AXIS2_PLACEMENT_3D('',#15344,#12061,#12062);
#9747=AXIS2_PLACEMENT_3D('',#15347,#12065,#12066);
#9748=AXIS2_PLACEMENT_3D('',#15352,#12069,#12070);
#9749=AXIS2_PLACEMENT_3D('',#15353,#12071,#12072);
#9750=AXIS2_PLACEMENT_3D('',#15356,#12075,#12076);
#9751=AXIS2_PLACEMENT_3D('',#15361,#12079,#12080);
#9752=AXIS2_PLACEMENT_3D('',#15362,#12081,#12082);
#9753=AXIS2_PLACEMENT_3D('',#15365,#12085,#12086);
#9754=AXIS2_PLACEMENT_3D('',#15368,#12088,#12089);
#9755=AXIS2_PLACEMENT_3D('',#15369,#12090,#12091);
#9756=AXIS2_PLACEMENT_3D('',#15372,#12093,#12094);
#9757=AXIS2_PLACEMENT_3D('',#15373,#12095,#12096);
#9758=AXIS2_PLACEMENT_3D('',#15375,#12098,#12099);
#9759=AXIS2_PLACEMENT_3D('',#15377,#12101,#12102);
#9760=AXIS2_PLACEMENT_3D('',#15379,#12104,#12105);
#9761=AXIS2_PLACEMENT_3D('',#15381,#12107,#12108);
#9762=AXIS2_PLACEMENT_3D('',#15383,#12110,#12111);
#9763=AXIS2_PLACEMENT_3D('',#15386,#12112,#12113);
#9764=AXIS2_PLACEMENT_3D('',#15390,#12115,#12116);
#9765=AXIS2_PLACEMENT_3D('',#15394,#12118,#12119);
#9766=AXIS2_PLACEMENT_3D('',#15456,#12150,#12151);
#9767=AXIS2_PLACEMENT_3D('',#15516,#12182,#12183);
#9768=AXIS2_PLACEMENT_3D('',#15517,#12184,#12185);
#9769=AXIS2_PLACEMENT_3D('',#15518,#12186,#12187);
#9770=AXIS2_PLACEMENT_3D('',#15519,#12188,#12189);
#9771=AXIS2_PLACEMENT_3D('',#15520,#12190,#12191);
#9772=AXIS2_PLACEMENT_3D('',#15521,#12192,#12193);
#9773=AXIS2_PLACEMENT_3D('',#15522,#12194,#12195);
#9774=AXIS2_PLACEMENT_3D('',#15523,#12196,#12197);
#9775=AXIS2_PLACEMENT_3D('',#15524,#12198,#12199);
#9776=AXIS2_PLACEMENT_3D('',#15525,#12200,#12201);
#9777=AXIS2_PLACEMENT_3D('',#15526,#12202,#12203);
#9778=AXIS2_PLACEMENT_3D('',#15527,#12204,#12205);
#9779=AXIS2_PLACEMENT_3D('',#15528,#12206,#12207);
#9780=AXIS2_PLACEMENT_3D('',#15529,#12208,#12209);
#9781=AXIS2_PLACEMENT_3D('',#15530,#12210,#12211);
#9782=AXIS2_PLACEMENT_3D('',#15531,#12212,#12213);
#9783=AXIS2_PLACEMENT_3D('',#15534,#12215,#12216);
#9784=AXIS2_PLACEMENT_3D('',#15535,#12217,#12218);
#9785=AXIS2_PLACEMENT_3D('',#15536,#12219,#12220);
#9786=AXIS2_PLACEMENT_3D('',#15537,#12221,#12222);
#9787=AXIS2_PLACEMENT_3D('',#15538,#12223,#12224);
#9788=AXIS2_PLACEMENT_3D('',#15539,#12225,#12226);
#9789=AXIS2_PLACEMENT_3D('',#15540,#12227,#12228);
#9790=AXIS2_PLACEMENT_3D('',#15541,#12229,#12230);
#9791=AXIS2_PLACEMENT_3D('',#15545,#12232,#12233);
#9792=AXIS2_PLACEMENT_3D('',#15546,#12234,#12235);
#9793=AXIS2_PLACEMENT_3D('',#15547,#12236,#12237);
#9794=AXIS2_PLACEMENT_3D('',#15548,#12238,#12239);
#9795=AXIS2_PLACEMENT_3D('',#15549,#12240,#12241);
#9796=AXIS2_PLACEMENT_3D('',#15550,#12242,#12243);
#9797=AXIS2_PLACEMENT_3D('',#15551,#12244,#12245);
#9798=AXIS2_PLACEMENT_3D('',#15552,#12246,#12247);
#9799=AXIS2_PLACEMENT_3D('',#15556,#12249,#12250);
#9800=AXIS2_PLACEMENT_3D('',#15557,#12251,#12252);
#9801=AXIS2_PLACEMENT_3D('',#15558,#12253,#12254);
#9802=AXIS2_PLACEMENT_3D('',#15559,#12255,#12256);
#9803=AXIS2_PLACEMENT_3D('',#15560,#12257,#12258);
#9804=AXIS2_PLACEMENT_3D('',#15561,#12259,#12260);
#9805=AXIS2_PLACEMENT_3D('',#15562,#12261,#12262);
#9806=AXIS2_PLACEMENT_3D('',#15563,#12263,#12264);
#9807=AXIS2_PLACEMENT_3D('',#15567,#12266,#12267);
#9808=AXIS2_PLACEMENT_3D('',#15568,#12268,#12269);
#9809=AXIS2_PLACEMENT_3D('',#15569,#12270,#12271);
#9810=AXIS2_PLACEMENT_3D('',#15570,#12272,#12273);
#9811=AXIS2_PLACEMENT_3D('',#15571,#12274,#12275);
#9812=AXIS2_PLACEMENT_3D('',#15572,#12276,#12277);
#9813=AXIS2_PLACEMENT_3D('',#15573,#12278,#12279);
#9814=AXIS2_PLACEMENT_3D('',#15574,#12280,#12281);
#9815=AXIS2_PLACEMENT_3D('',#15578,#12283,#12284);
#9816=AXIS2_PLACEMENT_3D('',#15579,#12285,#12286);
#9817=AXIS2_PLACEMENT_3D('',#15580,#12287,#12288);
#9818=AXIS2_PLACEMENT_3D('',#15581,#12289,#12290);
#9819=AXIS2_PLACEMENT_3D('',#15582,#12291,#12292);
#9820=AXIS2_PLACEMENT_3D('',#15583,#12293,#12294);
#9821=AXIS2_PLACEMENT_3D('',#15584,#12295,#12296);
#9822=AXIS2_PLACEMENT_3D('',#15585,#12297,#12298);
#9823=AXIS2_PLACEMENT_3D('',#15589,#12300,#12301);
#9824=AXIS2_PLACEMENT_3D('',#15590,#12302,#12303);
#9825=AXIS2_PLACEMENT_3D('',#15591,#12304,#12305);
#9826=AXIS2_PLACEMENT_3D('',#15592,#12306,#12307);
#9827=AXIS2_PLACEMENT_3D('',#15593,#12308,#12309);
#9828=AXIS2_PLACEMENT_3D('',#15594,#12310,#12311);
#9829=AXIS2_PLACEMENT_3D('',#15597,#12312,#12313);
#9830=AXIS2_PLACEMENT_3D('',#15598,#12314,#12315);
#9831=AXIS2_PLACEMENT_3D('',#15611,#12316,#12317);
#9832=AXIS2_PLACEMENT_3D('',#15615,#12319,#12320);
#9833=AXIS2_PLACEMENT_3D('',#15616,#12321,#12322);
#9834=AXIS2_PLACEMENT_3D('',#15617,#12323,#12324);
#9835=AXIS2_PLACEMENT_3D('',#15619,#12325,#12326);
#9836=AXIS2_PLACEMENT_3D('',#15622,#12328,#12329);
#9837=AXIS2_PLACEMENT_3D('',#15623,#12330,#12331);
#9838=AXIS2_PLACEMENT_3D('',#15625,#12332,#12333);
#9839=AXIS2_PLACEMENT_3D('',#15627,#12335,#12336);
#9840=AXIS2_PLACEMENT_3D('',#15631,#12338,#12339);
#9841=AXIS2_PLACEMENT_3D('',#15632,#12340,#12341);
#9842=AXIS2_PLACEMENT_3D('',#15633,#12342,#12343);
#9843=AXIS2_PLACEMENT_3D('',#15635,#12344,#12345);
#9844=AXIS2_PLACEMENT_3D('',#15638,#12347,#12348);
#9845=AXIS2_PLACEMENT_3D('',#15639,#12349,#12350);
#9846=AXIS2_PLACEMENT_3D('',#15641,#12351,#12352);
#9847=AXIS2_PLACEMENT_3D('',#15643,#12354,#12355);
#9848=AXIS2_PLACEMENT_3D('',#15645,#12357,#12358);
#9849=AXIS2_PLACEMENT_3D('',#15647,#12360,#12361);
#9850=AXIS2_PLACEMENT_3D('',#15650,#12363,#12364);
#9851=AXIS2_PLACEMENT_3D('',#15651,#12365,#12366);
#9852=AXIS2_PLACEMENT_3D('',#15653,#12368,#12369);
#9853=AXIS2_PLACEMENT_3D('',#15655,#12371,#12372);
#9854=AXIS2_PLACEMENT_3D('',#15658,#12374,#12375);
#9855=AXIS2_PLACEMENT_3D('',#15659,#12376,#12377);
#9856=AXIS2_PLACEMENT_3D('',#15661,#12379,#12380);
#9857=AXIS2_PLACEMENT_3D('',#15663,#12382,#12383);
#9858=AXIS2_PLACEMENT_3D('',#15664,#12384,#12385);
#9859=AXIS2_PLACEMENT_3D('',#15667,#12387,#12388);
#9860=AXIS2_PLACEMENT_3D('',#15668,#12389,#12390);
#9861=AXIS2_PLACEMENT_3D('',#15670,#12392,#12393);
#9862=AXIS2_PLACEMENT_3D('',#15671,#12394,#12395);
#9863=AXIS2_PLACEMENT_3D('',#15674,#12397,#12398);
#9864=AXIS2_PLACEMENT_3D('',#15675,#12399,#12400);
#9865=AXIS2_PLACEMENT_3D('',#15677,#12402,#12403);
#9866=AXIS2_PLACEMENT_3D('',#15678,#12404,#12405);
#9867=AXIS2_PLACEMENT_3D('',#15681,#12407,#12408);
#9868=AXIS2_PLACEMENT_3D('',#15682,#12409,#12410);
#9869=AXIS2_PLACEMENT_3D('',#15684,#12412,#12413);
#9870=AXIS2_PLACEMENT_3D('',#15685,#12414,#12415);
#9871=AXIS2_PLACEMENT_3D('',#15688,#12417,#12418);
#9872=AXIS2_PLACEMENT_3D('',#15689,#12419,#12420);
#9873=AXIS2_PLACEMENT_3D('',#15691,#12422,#12423);
#9874=AXIS2_PLACEMENT_3D('',#15692,#12424,#12425);
#9875=AXIS2_PLACEMENT_3D('',#15695,#12427,#12428);
#9876=AXIS2_PLACEMENT_3D('',#15696,#12429,#12430);
#9877=AXIS2_PLACEMENT_3D('',#15698,#12432,#12433);
#9878=AXIS2_PLACEMENT_3D('',#15699,#12434,#12435);
#9879=AXIS2_PLACEMENT_3D('',#15700,#12436,#12437);
#9880=AXIS2_PLACEMENT_3D('',#15713,#12438,#12439);
#9881=AXIS2_PLACEMENT_3D('',#15714,#12440,#12441);
#9882=AXIS2_PLACEMENT_3D('',#15715,#12442,#12443);
#9883=AXIS2_PLACEMENT_3D('',#15716,#12444,#12445);
#9884=AXIS2_PLACEMENT_3D('',#15717,#12446,#12447);
#9885=AXIS2_PLACEMENT_3D('',#15718,#12448,#12449);
#9886=AXIS2_PLACEMENT_3D('',#15719,#12450,#12451);
#9887=AXIS2_PLACEMENT_3D('',#15720,#12452,#12453);
#9888=AXIS2_PLACEMENT_3D('',#15721,#12454,#12455);
#9889=AXIS2_PLACEMENT_3D('',#15722,#12456,#12457);
#9890=AXIS2_PLACEMENT_3D('',#15723,#12458,#12459);
#9891=AXIS2_PLACEMENT_3D('',#15726,#12462,#12463);
#9892=AXIS2_PLACEMENT_3D('',#15728,#12465,#12466);
#9893=AXIS2_PLACEMENT_3D('',#15730,#12468,#12469);
#9894=AXIS2_PLACEMENT_3D('',#15732,#12471,#12472);
#9895=AXIS2_PLACEMENT_3D('',#15734,#12474,#12475);
#9896=AXIS2_PLACEMENT_3D('',#15736,#12477,#12478);
#9897=AXIS2_PLACEMENT_3D('',#15738,#12480,#12481);
#9898=AXIS2_PLACEMENT_3D('',#15740,#12483,#12484);
#9899=AXIS2_PLACEMENT_3D('',#15742,#12486,#12487);
#9900=AXIS2_PLACEMENT_3D('',#15744,#12489,#12490);
#9901=AXIS2_PLACEMENT_3D('',#15746,#12492,#12493);
#9902=AXIS2_PLACEMENT_3D('',#15748,#12495,#12496);
#9903=AXIS2_PLACEMENT_3D('',#15750,#12498,#12499);
#9904=AXIS2_PLACEMENT_3D('',#15752,#12501,#12502);
#9905=AXIS2_PLACEMENT_3D('',#15754,#12504,#12505);
#9906=AXIS2_PLACEMENT_3D('',#15756,#12507,#12508);
#9907=AXIS2_PLACEMENT_3D('',#15758,#12510,#12511);
#9908=AXIS2_PLACEMENT_3D('',#15760,#12513,#12514);
#9909=AXIS2_PLACEMENT_3D('',#15762,#12516,#12517);
#9910=AXIS2_PLACEMENT_3D('',#15764,#12519,#12520);
#9911=AXIS2_PLACEMENT_3D('',#15766,#12522,#12523);
#9912=AXIS2_PLACEMENT_3D('',#15768,#12525,#12526);
#9913=AXIS2_PLACEMENT_3D('',#15770,#12528,#12529);
#9914=AXIS2_PLACEMENT_3D('',#15772,#12531,#12532);
#9915=AXIS2_PLACEMENT_3D('',#15774,#12534,#12535);
#9916=AXIS2_PLACEMENT_3D('',#15776,#12537,#12538);
#9917=AXIS2_PLACEMENT_3D('',#15778,#12540,#12541);
#9918=AXIS2_PLACEMENT_3D('',#15780,#12543,#12544);
#9919=AXIS2_PLACEMENT_3D('',#15781,#12545,#12546);
#9920=AXIS2_PLACEMENT_3D('',#15784,#12549,#12550);
#9921=AXIS2_PLACEMENT_3D('',#15786,#12552,#12553);
#9922=AXIS2_PLACEMENT_3D('',#15788,#12555,#12556);
#9923=AXIS2_PLACEMENT_3D('',#15790,#12558,#12559);
#9924=AXIS2_PLACEMENT_3D('',#15792,#12561,#12562);
#9925=AXIS2_PLACEMENT_3D('',#15795,#12565,#12566);
#9926=AXIS2_PLACEMENT_3D('',#15797,#12568,#12569);
#9927=AXIS2_PLACEMENT_3D('',#15799,#12571,#12572);
#9928=AXIS2_PLACEMENT_3D('',#15801,#12574,#12575);
#9929=AXIS2_PLACEMENT_3D('',#15803,#12577,#12578);
#9930=AXIS2_PLACEMENT_3D('',#15804,#12579,#12580);
#9931=AXIS2_PLACEMENT_3D('',#15807,#12583,#12584);
#9932=AXIS2_PLACEMENT_3D('',#15808,#12585,#12586);
#9933=AXIS2_PLACEMENT_3D('',#15810,#12588,#12589);
#9934=AXIS2_PLACEMENT_3D('',#15813,#12592,#12593);
#9935=AXIS2_PLACEMENT_3D('',#15814,#12594,#12595);
#9936=AXIS2_PLACEMENT_3D('',#15816,#12597,#12598);
#9937=AXIS2_PLACEMENT_3D('',#15818,#12600,#12601);
#9938=AXIS2_PLACEMENT_3D('',#15820,#12603,#12604);
#9939=AXIS2_PLACEMENT_3D('',#15822,#12606,#12607);
#9940=AXIS2_PLACEMENT_3D('',#15824,#12609,#12610);
#9941=AXIS2_PLACEMENT_3D('',#15826,#12612,#12613);
#9942=AXIS2_PLACEMENT_3D('',#15827,#12614,#12615);
#9943=AXIS2_PLACEMENT_3D('',#15830,#12618,#12619);
#9944=AXIS2_PLACEMENT_3D('',#15831,#12620,#12621);
#9945=AXIS2_PLACEMENT_3D('',#15833,#12623,#12624);
#9946=AXIS2_PLACEMENT_3D('',#15835,#12626,#12627);
#9947=AXIS2_PLACEMENT_3D('',#15836,#12628,#12629);
#9948=AXIS2_PLACEMENT_3D('',#15837,#12630,#12631);
#9949=AXIS2_PLACEMENT_3D('',#15843,#12635,#12636);
#9950=AXIS2_PLACEMENT_3D('',#15846,#12638,#12639);
#9951=AXIS2_PLACEMENT_3D('',#15847,#12640,#12641);
#9952=AXIS2_PLACEMENT_3D('',#15851,#12644,#12645);
#9953=AXIS2_PLACEMENT_3D('',#15852,#12646,#12647);
#9954=AXIS2_PLACEMENT_3D('',#15853,#12648,#12649);
#9955=AXIS2_PLACEMENT_3D('',#15857,#12651,#12652);
#9956=AXIS2_PLACEMENT_3D('',#15859,#12654,#12655);
#9957=AXIS2_PLACEMENT_3D('',#15863,#12658,#12659);
#9958=AXIS2_PLACEMENT_3D('',#15866,#12662,#12663);
#9959=AXIS2_PLACEMENT_3D('',#15868,#12665,#12666);
#9960=AXIS2_PLACEMENT_3D('',#15871,#12668,#12669);
#9961=AXIS2_PLACEMENT_3D('',#15872,#12670,#12671);
#9962=AXIS2_PLACEMENT_3D('',#15874,#12673,#12674);
#9963=AXIS2_PLACEMENT_3D('',#15876,#12676,#12677);
#9964=DIRECTION('axis',(0.,0.,1.));
#9965=DIRECTION('refdir',(1.,0.,0.));
#9966=DIRECTION('center_axis',(0.707106670551103,-0.707106891821974,0.));
#9967=DIRECTION('ref_axis',(0.500000078231061,0.499999921768928,0.707106781186547));
#9968=DIRECTION('',(0.707106670551103,-0.707106891821974,0.));
#9969=DIRECTION('center_axis',(-0.923879502573548,0.382683504641176,0.));
#9970=DIRECTION('ref_axis',(0.382683504641176,0.923879502573548,0.));
#9971=DIRECTION('',(-0.707106670551103,0.707106891821974,0.));
#9972=DIRECTION('center_axis',(0.999999999999988,-1.56462131450224E-7,0.));
#9973=DIRECTION('ref_axis',(1.56462131450224E-7,0.999999999999988,0.));
#9974=DIRECTION('center_axis',(0.,0.,-1.));
#9975=DIRECTION('ref_axis',(0.998493500150205,0.0548701208108007,0.));
#9976=DIRECTION('center_axis',(0.,0.,-1.));
#9977=DIRECTION('ref_axis',(1.,0.,0.));
#9978=DIRECTION('center_axis',(1.,0.,0.));
#9979=DIRECTION('ref_axis',(0.,1.,0.));
#9980=DIRECTION('center_axis',(0.,0.,1.));
#9981=DIRECTION('ref_axis',(1.,0.,0.));
#9982=DIRECTION('center_axis',(0.707106670551103,-0.707106891821974,0.));
#9983=DIRECTION('ref_axis',(0.500000078231059,0.499999921768927,0.707106781186549));
#9984=DIRECTION('',(-0.707106670551103,0.707106891821974,0.));
#9985=DIRECTION('center_axis',(0.999999999999988,-1.56462131450224E-7,2.22044604925029E-15));
#9986=DIRECTION('ref_axis',(1.56462131450224E-7,0.999999999999988,2.22044604925028E-15));
#9987=DIRECTION('',(0.707106670551103,-0.707106891821974,0.));
#9988=DIRECTION('center_axis',(-0.923879502573552,0.382683504641167,0.));
#9989=DIRECTION('ref_axis',(0.382683504641167,0.923879502573552,0.));
#9990=DIRECTION('center_axis',(0.707106781186548,-0.707106781186548,0.));
#9991=DIRECTION('ref_axis',(-0.5,-0.5,0.707106781186548));
#9992=DIRECTION('',(-0.707106781186548,0.707106781186548,0.));
#9993=DIRECTION('center_axis',(0.923879532511289,-0.382683432365083,0.));
#9994=DIRECTION('ref_axis',(0.382683432365083,0.923879532511289,0.));
#9995=DIRECTION('',(0.707106781186548,-0.707106781186548,0.));
#9996=DIRECTION('center_axis',(-1.,0.,0.));
#9997=DIRECTION('ref_axis',(0.,1.,0.));
#9998=DIRECTION('center_axis',(1.,0.,0.));
#9999=DIRECTION('ref_axis',(0.,-0.707106781186547,0.707106781186548));
#10000=DIRECTION('',(-1.,0.,0.));
#10001=DIRECTION('center_axis',(0.923879532511285,0.382683432365095,4.95257723140444E-15));
#10002=DIRECTION('ref_axis',(-0.382683432365095,0.923879532511285,1.19565791207566E-14));
#10003=DIRECTION('',(1.,0.,0.));
#10004=DIRECTION('center_axis',(0.707106670551103,-0.707106891821974,0.));
#10005=DIRECTION('ref_axis',(0.50000007823106,0.499999921768927,0.707106781186548));
#10006=DIRECTION('',(-0.707106670551103,0.707106891821974,0.));
#10007=DIRECTION('center_axis',(0.999999999999988,-1.56462133020317E-7,
1.11022302462514E-15));
#10008=DIRECTION('ref_axis',(1.56462133020317E-7,0.999999999999988,1.11022302462514E-15));
#10009=DIRECTION('',(0.707106670551103,-0.707106891821974,0.));
#10010=DIRECTION('center_axis',(-0.923879502573551,0.382683504641169,0.));
#10011=DIRECTION('ref_axis',(0.382683504641169,0.923879502573551,0.));
#10012=DIRECTION('center_axis',(0.707106781186548,-0.707106781186548,0.));
#10013=DIRECTION('ref_axis',(-0.500000000000001,-0.500000000000001,0.707106781186546));
#10014=DIRECTION('',(-0.707106781186548,0.707106781186548,0.));
#10015=DIRECTION('center_axis',(0.923879532511287,-0.382683432365089,4.52771327365013E-15));
#10016=DIRECTION('ref_axis',(0.382683432365089,0.923879532511287,1.09308667917828E-14));
#10017=DIRECTION('',(0.707106781186548,-0.707106781186548,0.));
#10018=DIRECTION('center_axis',(-1.,3.14018491736756E-15,-2.22044604925032E-15));
#10019=DIRECTION('ref_axis',(3.14018491736755E-15,1.,2.22044604925033E-15));
#10020=DIRECTION('center_axis',(1.,0.,0.));
#10021=DIRECTION('ref_axis',(0.,-0.707106781186547,0.707106781186548));
#10022=DIRECTION('',(-1.,0.,0.));
#10023=DIRECTION('center_axis',(0.923879532511286,0.382683432365091,0.));
#10024=DIRECTION('ref_axis',(-0.382683432365091,0.923879532511286,0.));
#10025=DIRECTION('',(1.,0.,0.));
#10026=DIRECTION('center_axis',(0.707106670551103,-0.707106891821974,0.));
#10027=DIRECTION('ref_axis',(0.50000007823106,0.499999921768927,0.707106781186548));
#10028=DIRECTION('',(-0.707106670551103,0.707106891821974,0.));
#10029=DIRECTION('center_axis',(0.999999999999988,-1.56462132235271E-7,
2.22044604925029E-15));
#10030=DIRECTION('ref_axis',(1.56462132235271E-7,0.999999999999988,2.22044604925028E-15));
#10031=DIRECTION('',(0.707106670551103,-0.707106891821974,0.));
#10032=DIRECTION('center_axis',(-0.923879502573551,0.38268350464117,-1.02571229573639E-15));
#10033=DIRECTION('ref_axis',(0.38268350464117,0.923879502573551,2.47628798752922E-15));
#10034=DIRECTION('center_axis',(0.707106781186548,-0.707106781186548,0.));
#10035=DIRECTION('ref_axis',(-0.5,-0.5,0.707106781186548));
#10036=DIRECTION('',(-0.707106781186548,0.707106781186548,0.));
#10037=DIRECTION('center_axis',(0.923879532511286,-0.382683432365092,-1.02571232897396E-15));
#10038=DIRECTION('ref_axis',(0.382683432365092,0.923879532511286,-2.47628861570224E-15));
#10039=DIRECTION('',(0.707106781186548,-0.707106781186548,0.));
#10040=DIRECTION('center_axis',(-1.,3.14018491736756E-15,-2.22044604925032E-15));
#10041=DIRECTION('ref_axis',(3.14018491736755E-15,1.,2.22044604925033E-15));
#10042=DIRECTION('center_axis',(1.,0.,0.));
#10043=DIRECTION('ref_axis',(0.,-0.707106781186547,0.707106781186548));
#10044=DIRECTION('',(-1.,0.,0.));
#10045=DIRECTION('center_axis',(0.923879532511285,0.382683432365093,2.90115257345653E-15));
#10046=DIRECTION('ref_axis',(-0.382683432365093,0.923879532511285,7.00400188935229E-15));
#10047=DIRECTION('',(1.,0.,0.));
#10048=DIRECTION('center_axis',(0.707106670551103,-0.707106891821974,0.));
#10049=DIRECTION('ref_axis',(0.500000078231062,0.499999921768927,0.707106781186547));
#10050=DIRECTION('',(-0.707106670551103,0.707106891821974,0.));
#10051=DIRECTION('center_axis',(0.999999999999988,-1.56462132235271E-7,
-3.47415723379087E-22));
#10052=DIRECTION('ref_axis',(1.56462132235271E-7,0.999999999999988,-3.47415723379087E-22));
#10053=DIRECTION('',(0.707106670551103,-0.707106891821974,0.));
#10054=DIRECTION('center_axis',(-0.923879502573552,0.382683504641167,-2.05142459147279E-15));
#10055=DIRECTION('ref_axis',(0.382683504641167,0.923879502573552,4.95257597505841E-15));
#10056=DIRECTION('center_axis',(0.707106781186548,-0.707106781186548,0.));
#10057=DIRECTION('ref_axis',(-0.5,-0.5,0.707106781186547));
#10058=DIRECTION('',(-0.707106781186547,0.707106781186547,0.));
#10059=DIRECTION('center_axis',(0.923879532511286,-0.382683432365092,-1.02571232897396E-15));
#10060=DIRECTION('ref_axis',(0.382683432365092,0.923879532511286,-2.47628861570224E-15));
#10061=DIRECTION('',(0.707106781186548,-0.707106781186548,0.));
#10062=DIRECTION('center_axis',(-1.,7.85046229341888E-16,8.71576399210525E-31));
#10063=DIRECTION('ref_axis',(7.85046229341888E-16,1.,-8.71576399210526E-31));
#10064=DIRECTION('center_axis',(1.,0.,0.));
#10065=DIRECTION('ref_axis',(0.,-0.707106781186547,0.707106781186548));
#10066=DIRECTION('',(-1.,0.,0.));
#10067=DIRECTION('center_axis',(0.923879532511287,0.382683432365088,1.02571232897396E-15));
#10068=DIRECTION('ref_axis',(-0.382683432365088,0.923879532511288,2.47628861570223E-15));
#10069=DIRECTION('',(1.,0.,0.));
#10070=DIRECTION('center_axis',(0.707106670551103,-0.707106891821974,0.));
#10071=DIRECTION('ref_axis',(0.500000078231062,0.499999921768927,0.707106781186547));
#10072=DIRECTION('',(-0.707106670551103,0.707106891821974,0.));
#10073=DIRECTION('center_axis',(0.999999999999988,-1.56462133020317E-7,
0.));
#10074=DIRECTION('ref_axis',(1.56462133020317E-7,0.999999999999988,0.));
#10075=DIRECTION('',(0.707106670551103,-0.707106891821974,0.));
#10076=DIRECTION('center_axis',(-0.923879502573548,0.382683504641176,0.));
#10077=DIRECTION('ref_axis',(0.382683504641176,0.923879502573548,0.));
#10078=DIRECTION('center_axis',(0.707106781186548,-0.707106781186548,0.));
#10079=DIRECTION('ref_axis',(-0.499999999999999,-0.5,0.707106781186548));
#10080=DIRECTION('',(-0.707106781186548,0.707106781186548,0.));
#10081=DIRECTION('center_axis',(0.923879532511285,-0.382683432365094,0.));
#10082=DIRECTION('ref_axis',(0.382683432365094,0.923879532511285,0.));
#10083=DIRECTION('',(0.707106781186548,-0.707106781186548,0.));
#10084=DIRECTION('center_axis',(-1.,0.,0.));
#10085=DIRECTION('ref_axis',(0.,1.,0.));
#10086=DIRECTION('center_axis',(1.,0.,0.));
#10087=DIRECTION('ref_axis',(0.,-0.707106781186547,0.707106781186548));
#10088=DIRECTION('',(-1.,0.,0.));
#10089=DIRECTION('center_axis',(0.923879532511285,0.382683432365094,8.49727915508623E-16));
#10090=DIRECTION('ref_axis',(-0.382683432365094,0.923879532511285,2.05142465794791E-15));
#10091=DIRECTION('',(1.,0.,0.));
#10092=DIRECTION('center_axis',(0.707106781186548,-0.707106781186548,0.));
#10093=DIRECTION('ref_axis',(-0.499999999999999,-0.500000000000001,0.707106781186548));
#10094=DIRECTION('',(-0.707106781186548,0.707106781186548,0.));
#10095=DIRECTION('center_axis',(0.923879532511287,-0.382683432365089,0.));
#10096=DIRECTION('ref_axis',(0.382683432365089,0.923879532511287,0.));
#10097=DIRECTION('',(0.707106781186548,-0.707106781186548,0.));
#10098=DIRECTION('center_axis',(-1.,0.,0.));
#10099=DIRECTION('ref_axis',(0.,1.,0.));
#10100=DIRECTION('center_axis',(1.,0.,0.));
#10101=DIRECTION('ref_axis',(0.,-0.707106781186547,0.707106781186548));
#10102=DIRECTION('',(-1.,0.,0.));
#10103=DIRECTION('center_axis',(0.923879532511286,0.382683432365091,0.));
#10104=DIRECTION('ref_axis',(-0.382683432365091,0.923879532511286,0.));
#10105=DIRECTION('',(1.,0.,0.));
#10106=DIRECTION('center_axis',(0.707106781186548,-0.707106781186548,0.));
#10107=DIRECTION('ref_axis',(-0.5,-0.5,0.707106781186548));
#10108=DIRECTION('',(0.707106781186548,-0.707106781186548,0.));
#10109=DIRECTION('center_axis',(-1.,0.,0.));
#10110=DIRECTION('ref_axis',(0.,1.,0.));
#10111=DIRECTION('',(-0.707106781186547,0.707106781186547,0.));
#10112=DIRECTION('center_axis',(0.923879532511288,-0.382683432365087,0.));
#10113=DIRECTION('ref_axis',(0.382683432365087,0.923879532511288,0.));
#10114=DIRECTION('center_axis',(0.707106781186548,0.707106781186547,0.));
#10115=DIRECTION('ref_axis',(0.499999999999999,-0.5,0.707106781186548));
#10116=DIRECTION('',(-0.707106781186548,-0.707106781186547,0.));
#10117=DIRECTION('',(0.707106781186548,0.707106781186547,0.));
#10118=DIRECTION('center_axis',(0.,0.,1.));
#10119=DIRECTION('ref_axis',(-0.998493502882665,-0.0548700710871181,0.));
#10120=DIRECTION('center_axis',(0.,0.,-1.));
#10121=DIRECTION('ref_axis',(-1.,0.,0.));
#10122=DIRECTION('center_axis',(-1.,0.,0.));
#10123=DIRECTION('ref_axis',(0.,-1.,0.));
#10124=DIRECTION('center_axis',(0.,0.,1.));
#10125=DIRECTION('ref_axis',(-1.,0.,0.));
#10126=DIRECTION('center_axis',(1.,0.,0.));
#10127=DIRECTION('ref_axis',(0.,-0.707106781186547,0.707106781186548));
#10128=DIRECTION('',(-1.,0.,0.));
#10129=DIRECTION('',(1.,0.,0.));
#10130=DIRECTION('center_axis',(0.707106891821974,0.707106670551104,0.));
#10131=DIRECTION('ref_axis',(-0.499999921768927,0.500000078231061,0.707106781186548));
#10132=DIRECTION('',(-0.707106891821974,-0.707106670551104,0.));
#10133=DIRECTION('',(0.707106891821974,0.707106670551104,0.));
#10134=DIRECTION('center_axis',(-0.999999999999988,1.56462134590409E-7,
-3.47415728608545E-22));
#10135=DIRECTION('ref_axis',(-1.56462134590409E-7,-0.999999999999988,3.47415728608544E-22));
#10136=DIRECTION('center_axis',(0.707106781186548,0.707106781186547,0.));
#10137=DIRECTION('ref_axis',(0.5,-0.5,0.707106781186547));
#10138=DIRECTION('',(-0.707106781186548,-0.707106781186547,0.));
#10139=DIRECTION('',(0.707106781186548,0.707106781186547,0.));
#10140=DIRECTION('center_axis',(0.707106670551103,-0.707106891821974,0.));
#10141=DIRECTION('ref_axis',(0.500000078231062,0.499999921768927,0.707106781186547));
#10142=DIRECTION('',(-0.707106670551103,0.707106891821974,0.));
#10143=DIRECTION('',(0.707106670551103,-0.707106891821974,0.));
#10144=DIRECTION('center_axis',(-0.923879502573552,0.382683504641168,0.));
#10145=DIRECTION('ref_axis',(0.382683504641168,0.923879502573552,0.));
#10146=DIRECTION('center_axis',(-1.,0.,0.));
#10147=DIRECTION('ref_axis',(0.,0.707106781186546,0.707106781186549));
#10148=DIRECTION('',(-1.,0.,0.));
#10149=DIRECTION('',(1.,0.,0.));
#10150=DIRECTION('center_axis',(-0.923879562449015,-0.382683360089013,-8.49727755023484E-16));
#10151=DIRECTION('ref_axis',(0.382683360089013,-0.923879562449015,-2.05142472442302E-15));
#10152=DIRECTION('center_axis',(0.707106891821974,0.707106670551104,0.));
#10153=DIRECTION('ref_axis',(-0.499999921768927,0.500000078231061,0.707106781186547));
#10154=DIRECTION('',(-0.707106891821974,-0.707106670551104,0.));
#10155=DIRECTION('',(0.707106891821974,0.707106670551104,0.));
#10156=DIRECTION('center_axis',(0.707106781186548,0.707106781186547,0.));
#10157=DIRECTION('ref_axis',(0.5,-0.500000000000001,0.707106781186547));
#10158=DIRECTION('',(-0.707106781186548,-0.707106781186547,0.));
#10159=DIRECTION('',(0.707106781186548,0.707106781186547,0.));
#10160=DIRECTION('center_axis',(-1.,0.,0.));
#10161=DIRECTION('ref_axis',(0.,0.707106781186546,0.707106781186549));
#10162=DIRECTION('',(-1.,0.,0.));
#10163=DIRECTION('',(1.,0.,0.));
#10164=DIRECTION('center_axis',(-0.923879562449013,-0.382683360089016,-2.05142472442302E-15));
#10165=DIRECTION('ref_axis',(0.382683360089016,-0.923879562449013,-4.95257848775073E-15));
#10166=DIRECTION('center_axis',(0.707106891821974,0.707106670551104,0.));
#10167=DIRECTION('ref_axis',(-0.499999921768928,0.500000078231061,0.707106781186547));
#10168=DIRECTION('',(-0.707106891821974,-0.707106670551104,0.));
#10169=DIRECTION('',(0.707106891821974,0.707106670551104,0.));
#10170=DIRECTION('center_axis',(0.707106781186548,0.707106781186547,0.));
#10171=DIRECTION('ref_axis',(0.499999999999999,-0.5,0.707106781186548));
#10172=DIRECTION('',(-0.707106781186548,-0.707106781186547,0.));
#10173=DIRECTION('',(0.707106781186548,0.707106781186547,0.));
#10174=DIRECTION('center_axis',(-1.,0.,0.));
#10175=DIRECTION('ref_axis',(0.,0.707106781186546,0.707106781186549));
#10176=DIRECTION('',(-1.,0.,0.));
#10177=DIRECTION('',(1.,0.,0.));
#10178=DIRECTION('center_axis',(-0.923879562449016,-0.382683360089009,-1.02571236221151E-15));
#10179=DIRECTION('ref_axis',(0.382683360089009,-0.923879562449016,-2.47628924387542E-15));
#10180=DIRECTION('center_axis',(0.707106891821974,0.707106670551104,0.));
#10181=DIRECTION('ref_axis',(-0.499999921768927,0.500000078231062,0.707106781186547));
#10182=DIRECTION('',(-0.707106891821974,-0.707106670551104,0.));
#10183=DIRECTION('',(0.707106891821974,0.707106670551104,0.));
#10184=DIRECTION('center_axis',(0.707106781186548,0.707106781186547,0.));
#10185=DIRECTION('ref_axis',(0.499999999999999,-0.5,0.707106781186548));
#10186=DIRECTION('',(-0.707106781186548,-0.707106781186547,0.));
#10187=DIRECTION('',(0.707106781186548,0.707106781186547,0.));
#10188=DIRECTION('center_axis',(-1.,0.,0.));
#10189=DIRECTION('ref_axis',(0.,0.707106781186546,0.707106781186549));
#10190=DIRECTION('',(-1.,0.,0.));
#10191=DIRECTION('',(1.,0.,0.));
#10192=DIRECTION('center_axis',(-0.923879562449015,-0.382683360089011,-2.05142472442302E-15));
#10193=DIRECTION('ref_axis',(0.382683360089011,-0.923879562449015,-4.95257848775082E-15));
#10194=DIRECTION('center_axis',(0.707106891821974,0.707106670551104,0.));
#10195=DIRECTION('ref_axis',(-0.499999921768927,0.500000078231062,0.707106781186547));
#10196=DIRECTION('',(-0.707106891821974,-0.707106670551104,0.));
#10197=DIRECTION('',(0.707106891821974,0.707106670551104,0.));
#10198=DIRECTION('center_axis',(0.707106781186548,0.707106781186547,0.));
#10199=DIRECTION('ref_axis',(0.5,-0.5,0.707106781186548));
#10200=DIRECTION('',(-0.707106781186548,-0.707106781186547,0.));
#10201=DIRECTION('',(0.707106781186548,0.707106781186547,0.));
#10202=DIRECTION('center_axis',(-1.,0.,0.));
#10203=DIRECTION('ref_axis',(0.,0.707106781186546,0.707106781186549));
#10204=DIRECTION('',(-1.,0.,0.));
#10205=DIRECTION('',(1.,0.,0.));
#10206=DIRECTION('center_axis',(-0.923879562449016,-0.382683360089009,-8.49727755023476E-16));
#10207=DIRECTION('ref_axis',(0.382683360089009,-0.923879562449016,-2.05142472442303E-15));
#10208=DIRECTION('center_axis',(0.707106891821974,0.707106670551104,0.));
#10209=DIRECTION('ref_axis',(-0.499999921768927,0.500000078231062,0.707106781186547));
#10210=DIRECTION('',(-0.707106891821974,-0.707106670551104,0.));
#10211=DIRECTION('',(0.707106891821974,0.707106670551104,0.));
#10212=DIRECTION('center_axis',(0.707106781186548,0.707106781186547,0.));
#10213=DIRECTION('ref_axis',(0.5,-0.5,0.707106781186548));
#10214=DIRECTION('',(-0.707106781186548,-0.707106781186547,0.));
#10215=DIRECTION('',(0.707106781186548,0.707106781186547,0.));
#10216=DIRECTION('center_axis',(-1.,0.,0.));
#10217=DIRECTION('ref_axis',(0.,0.707106781186546,0.707106781186549));
#10218=DIRECTION('',(1.,0.,0.));
#10219=DIRECTION('',(-1.,0.,0.));
#10220=DIRECTION('center_axis',(-1.,0.,0.));
#10221=DIRECTION('ref_axis',(0.,0.707106781186546,0.707106781186549));
#10222=DIRECTION('',(-1.,0.,0.));
#10223=DIRECTION('',(1.,0.,0.));
#10224=DIRECTION('center_axis',(-0.923879562449015,-0.382683360089013,0.));
#10225=DIRECTION('ref_axis',(0.382683360089013,-0.923879562449015,0.));
#10226=DIRECTION('center_axis',(0.707106891821974,0.707106670551104,0.));
#10227=DIRECTION('ref_axis',(-0.499999921768929,0.500000078231063,0.707106781186545));
#10228=DIRECTION('',(-0.707106891821974,-0.707106670551104,0.));
#10229=DIRECTION('',(0.707106891821974,0.707106670551104,0.));
#10230=DIRECTION('center_axis',(0.707106781186547,-0.707106781186548,0.));
#10231=DIRECTION('ref_axis',(-0.707106781186548,-0.707106781186547,0.));
#10232=DIRECTION('',(0.,0.,-1.));
#10233=DIRECTION('',(-0.707106781186548,-0.707106781186547,0.));
#10234=DIRECTION('',(0.,0.,1.));
#10235=DIRECTION('center_axis',(-0.707106781186548,-0.707106781186548,0.));
#10236=DIRECTION('ref_axis',(-0.707106781186548,0.707106781186548,0.));
#10237=DIRECTION('',(0.,0.,1.));
#10238=DIRECTION('',(-0.707106781186548,0.707106781186548,0.));
#10239=DIRECTION('center_axis',(0.,-1.,0.));
#10240=DIRECTION('ref_axis',(1.,0.,0.));
#10241=DIRECTION('',(0.,0.,-1.));
#10242=DIRECTION('',(-1.,0.,0.));
#10243=DIRECTION('center_axis',(0.707106781186547,-0.707106781186548,0.));
#10244=DIRECTION('ref_axis',(-0.707106781186548,-0.707106781186547,0.));
#10245=DIRECTION('',(0.,0.,-1.));
#10246=DIRECTION('',(-0.707106781186548,-0.707106781186547,0.));
#10247=DIRECTION('center_axis',(-0.707106781186548,-0.707106781186548,0.));
#10248=DIRECTION('ref_axis',(-0.707106781186548,0.707106781186548,0.));
#10249=DIRECTION('',(0.,0.,1.));
#10250=DIRECTION('',(-0.707106781186548,0.707106781186548,0.));
#10251=DIRECTION('center_axis',(0.,-1.,0.));
#10252=DIRECTION('ref_axis',(1.,0.,0.));
#10253=DIRECTION('',(0.,0.,-1.));
#10254=DIRECTION('',(-1.,0.,0.));
#10255=DIRECTION('center_axis',(0.707106781186547,-0.707106781186548,0.));
#10256=DIRECTION('ref_axis',(-0.707106781186548,-0.707106781186547,0.));
#10257=DIRECTION('',(0.,0.,-1.));
#10258=DIRECTION('',(-0.707106781186548,-0.707106781186547,0.));
#10259=DIRECTION('center_axis',(-0.707106781186548,-0.707106781186548,0.));
#10260=DIRECTION('ref_axis',(-0.707106781186548,0.707106781186548,0.));
#10261=DIRECTION('',(0.,0.,1.));
#10262=DIRECTION('',(-0.707106781186548,0.707106781186548,0.));
#10263=DIRECTION('center_axis',(0.,-1.,0.));
#10264=DIRECTION('ref_axis',(1.,0.,0.));
#10265=DIRECTION('',(0.,0.,-1.));
#10266=DIRECTION('',(-1.,0.,0.));
#10267=DIRECTION('center_axis',(0.707106781186547,-0.707106781186548,0.));
#10268=DIRECTION('ref_axis',(-0.707106781186548,-0.707106781186547,0.));
#10269=DIRECTION('',(0.,0.,-1.));
#10270=DIRECTION('',(-0.707106781186548,-0.707106781186547,0.));
#10271=DIRECTION('center_axis',(-0.707106781186548,-0.707106781186548,0.));
#10272=DIRECTION('ref_axis',(-0.707106781186548,0.707106781186548,0.));
#10273=DIRECTION('',(0.,0.,1.));
#10274=DIRECTION('',(-0.707106781186548,0.707106781186548,0.));
#10275=DIRECTION('center_axis',(0.,-1.,0.));
#10276=DIRECTION('ref_axis',(1.,0.,0.));
#10277=DIRECTION('',(0.,0.,-1.));
#10278=DIRECTION('',(-1.,0.,0.));
#10279=DIRECTION('center_axis',(0.707106781186547,-0.707106781186548,0.));
#10280=DIRECTION('ref_axis',(-0.707106781186548,-0.707106781186547,0.));
#10281=DIRECTION('',(0.,0.,-1.));
#10282=DIRECTION('',(-0.707106781186548,-0.707106781186547,0.));
#10283=DIRECTION('center_axis',(-0.707106781186548,-0.707106781186548,0.));
#10284=DIRECTION('ref_axis',(-0.707106781186548,0.707106781186548,0.));
#10285=DIRECTION('',(0.,0.,1.));
#10286=DIRECTION('',(-0.707106781186548,0.707106781186548,0.));
#10287=DIRECTION('center_axis',(0.,-1.,0.));
#10288=DIRECTION('ref_axis',(1.,0.,0.));
#10289=DIRECTION('',(0.,0.,-1.));
#10290=DIRECTION('',(-1.,0.,0.));
#10291=DIRECTION('center_axis',(0.707106781186547,-0.707106781186548,0.));
#10292=DIRECTION('ref_axis',(-0.707106781186548,-0.707106781186547,0.));
#10293=DIRECTION('',(0.,0.,-1.));
#10294=DIRECTION('',(-0.707106781186548,-0.707106781186547,0.));
#10295=DIRECTION('center_axis',(-0.707106781186548,-0.707106781186548,0.));
#10296=DIRECTION('ref_axis',(-0.707106781186548,0.707106781186548,0.));
#10297=DIRECTION('',(0.,0.,1.));
#10298=DIRECTION('',(-0.707106781186548,0.707106781186548,0.));
#10299=DIRECTION('center_axis',(0.,-1.,0.));
#10300=DIRECTION('ref_axis',(1.,0.,0.));
#10301=DIRECTION('',(0.,0.,-1.));
#10302=DIRECTION('',(-1.,0.,0.));
#10303=DIRECTION('center_axis',(0.707106781186547,-0.707106781186548,0.));
#10304=DIRECTION('ref_axis',(-0.707106781186548,-0.707106781186547,0.));
#10305=DIRECTION('',(0.,0.,-1.));
#10306=DIRECTION('',(-0.707106781186548,-0.707106781186547,0.));
#10307=DIRECTION('center_axis',(-0.707106781186548,-0.707106781186548,0.));
#10308=DIRECTION('ref_axis',(-0.707106781186548,0.707106781186548,0.));
#10309=DIRECTION('',(0.,0.,1.));
#10310=DIRECTION('',(-0.707106781186548,0.707106781186548,0.));
#10311=DIRECTION('center_axis',(0.,-1.,0.));
#10312=DIRECTION('ref_axis',(1.,0.,0.));
#10313=DIRECTION('',(0.,0.,1.));
#10314=DIRECTION('',(-1.,0.,0.));
#10315=DIRECTION('center_axis',(0.,0.,1.));
#10316=DIRECTION('ref_axis',(0.,1.,0.));
#10317=DIRECTION('',(0.,0.,1.));
#10318=DIRECTION('center_axis',(0.,0.,1.));
#10319=DIRECTION('ref_axis',(-1.,0.,0.));
#10320=DIRECTION('center_axis',(0.,0.,1.));
#10321=DIRECTION('ref_axis',(1.,0.,0.));
#10322=DIRECTION('',(-1.,0.,0.));
#10323=DIRECTION('',(0.630222218844863,-0.776414808510411,0.));
#10324=DIRECTION('center_axis',(0.,0.,-1.));
#10325=DIRECTION('ref_axis',(0.776414808510411,0.630222218844863,0.));
#10326=DIRECTION('',(0.630222218844863,0.776414808510411,0.));
#10327=DIRECTION('',(-0.630222218844863,-0.776414808510411,0.));
#10328=DIRECTION('center_axis',(0.,0.,1.));
#10329=DIRECTION('ref_axis',(0.776414808510411,0.630222218844863,0.));
#10330=DIRECTION('',(-0.630222218844863,0.776414808510411,0.));
#10331=DIRECTION('',(1.,-4.62592920033977E-18,0.));
#10332=DIRECTION('center_axis',(-1.,0.,0.));
#10333=DIRECTION('ref_axis',(0.,0.707106781186546,-0.707106781186549));
#10334=DIRECTION('',(1.,0.,0.));
#10335=DIRECTION('center_axis',(-0.923879562449016,-0.382683360089009,8.49727755023476E-16));
#10336=DIRECTION('ref_axis',(0.382683360089009,-0.923879562449016,2.05142472442303E-15));
#10337=DIRECTION('',(-1.,0.,0.));
#10338=DIRECTION('center_axis',(0.923879502573552,-0.382683504641168,-1.02571229573639E-15));
#10339=DIRECTION('ref_axis',(0.382683504641168,0.923879502573552,2.47628798752924E-15));
#10340=DIRECTION('center_axis',(0.707106670551103,-0.707106891821974,0.));
#10341=DIRECTION('ref_axis',(0.50000007823106,0.499999921768927,-0.707106781186548));
#10342=DIRECTION('',(-0.707106670551103,0.707106891821974,0.));
#10343=DIRECTION('center_axis',(0.999999999999988,-1.56462133020317E-7,
-1.11022302462514E-15));
#10344=DIRECTION('ref_axis',(1.56462133020317E-7,0.999999999999988,-1.11022302462514E-15));
#10345=DIRECTION('',(0.707106670551103,-0.707106891821974,0.));
#10346=DIRECTION('center_axis',(-1.,0.,0.));
#10347=DIRECTION('ref_axis',(0.,0.707106781186546,-0.707106781186549));
#10348=DIRECTION('',(1.,0.,0.));
#10349=DIRECTION('center_axis',(-0.923879562449015,-0.382683360089013,0.));
#10350=DIRECTION('ref_axis',(0.382683360089013,-0.923879562449015,0.));
#10351=DIRECTION('',(-1.,0.,0.));
#10352=DIRECTION('center_axis',(0.923879502573552,-0.382683504641167,0.));
#10353=DIRECTION('ref_axis',(0.382683504641167,0.923879502573552,0.));
#10354=DIRECTION('center_axis',(-1.,0.,0.));
#10355=DIRECTION('ref_axis',(0.,0.707106781186546,-0.707106781186549));
#10356=DIRECTION('',(-1.,0.,0.));
#10357=DIRECTION('center_axis',(0.923879502573552,-0.382683504641167,-1.75984219742651E-16));
#10358=DIRECTION('ref_axis',(0.382683504641167,0.923879502573552,4.24863396056461E-16));
#10359=DIRECTION('',(1.,0.,0.));
#10360=DIRECTION('center_axis',(-0.923879562449015,-0.382683360089011,2.05142472442302E-15));
#10361=DIRECTION('ref_axis',(0.382683360089011,-0.923879562449015,4.95257848775082E-15));
#10362=DIRECTION('center_axis',(0.707106670551103,-0.707106891821974,0.));
#10363=DIRECTION('ref_axis',(0.50000007823106,0.499999921768927,-0.707106781186548));
#10364=DIRECTION('',(-0.707106670551103,0.707106891821974,0.));
#10365=DIRECTION('center_axis',(0.999999999999988,-1.56462132235271E-7,
-2.22044604925029E-15));
#10366=DIRECTION('ref_axis',(1.56462132235271E-7,0.999999999999988,-2.22044604925028E-15));
#10367=DIRECTION('',(0.707106670551103,-0.707106891821974,0.));
#10368=DIRECTION('center_axis',(0.,0.,-1.));
#10369=DIRECTION('ref_axis',(0.998493500150205,0.0548701208108007,0.));
#10370=DIRECTION('center_axis',(0.,0.,-1.));
#10371=DIRECTION('ref_axis',(1.,0.,0.));
#10372=DIRECTION('center_axis',(1.,0.,0.));
#10373=DIRECTION('ref_axis',(0.,0.,-1.));
#10374=DIRECTION('center_axis',(0.,0.,1.));
#10375=DIRECTION('ref_axis',(1.,0.,0.));
#10376=DIRECTION('center_axis',(-1.,0.,0.));
#10377=DIRECTION('ref_axis',(0.,0.707106781186546,-0.707106781186549));
#10378=DIRECTION('',(-1.,0.,0.));
#10379=DIRECTION('center_axis',(0.923879502573551,-0.382683504641169,0.));
#10380=DIRECTION('ref_axis',(0.382683504641169,0.923879502573551,0.));
#10381=DIRECTION('',(1.,0.,0.));
#10382=DIRECTION('center_axis',(-0.923879562449016,-0.382683360089009,1.02571236221151E-15));
#10383=DIRECTION('ref_axis',(0.382683360089009,-0.923879562449016,2.47628924387542E-15));
#10384=DIRECTION('center_axis',(0.707106670551103,-0.707106891821974,0.));
#10385=DIRECTION('ref_axis',(0.500000078231062,0.499999921768927,-0.707106781186547));
#10386=DIRECTION('',(-0.707106670551103,0.707106891821974,0.));
#10387=DIRECTION('center_axis',(0.999999999999988,-1.56462132235271E-7,
3.47415723379087E-22));
#10388=DIRECTION('ref_axis',(1.56462132235271E-7,0.999999999999988,3.47415723379087E-22));
#10389=DIRECTION('',(0.707106670551103,-0.707106891821974,0.));
#10390=DIRECTION('center_axis',(1.,0.,0.));
#10391=DIRECTION('ref_axis',(0.,-0.707106781186547,-0.707106781186548));
#10392=DIRECTION('center_axis',(0.923879532511285,0.382683432365095,-4.95257723140444E-15));
#10393=DIRECTION('ref_axis',(-0.382683432365095,0.923879532511285,-1.19565791207566E-14));
#10394=DIRECTION('',(1.,0.,0.));
#10395=DIRECTION('center_axis',(-0.923879532511289,0.382683432365083,8.49727915508599E-16));
#10396=DIRECTION('ref_axis',(-0.382683432365083,-0.923879532511289,-2.05142465794792E-15));
#10397=DIRECTION('center_axis',(-1.,0.,0.));
#10398=DIRECTION('ref_axis',(0.,0.707106781186546,-0.707106781186549));
#10399=DIRECTION('',(-1.,0.,0.));
#10400=DIRECTION('center_axis',(0.923879502573548,-0.382683504641176,-2.90115266746654E-15));
#10401=DIRECTION('ref_axis',(0.382683504641176,0.923879502573548,7.00400056653113E-15));
#10402=DIRECTION('',(1.,0.,0.));
#10403=DIRECTION('center_axis',(-0.923879562449013,-0.382683360089016,2.05142472442302E-15));
#10404=DIRECTION('ref_axis',(0.382683360089016,-0.923879562449013,4.95257848775073E-15));
#10405=DIRECTION('center_axis',(0.707106670551103,-0.707106891821974,0.));
#10406=DIRECTION('ref_axis',(0.500000078231062,0.499999921768927,-0.707106781186547));
#10407=DIRECTION('',(-0.707106670551103,0.707106891821974,0.));
#10408=DIRECTION('center_axis',(0.999999999999988,-1.56462133020317E-7,
0.));
#10409=DIRECTION('ref_axis',(1.56462133020317E-7,0.999999999999988,0.));
#10410=DIRECTION('',(0.707106670551103,-0.707106891821974,0.));
#10411=DIRECTION('center_axis',(1.,0.,0.));
#10412=DIRECTION('ref_axis',(0.,-0.707106781186547,-0.707106781186548));
#10413=DIRECTION('center_axis',(0.923879532511286,0.382683432365091,0.));
#10414=DIRECTION('ref_axis',(-0.382683432365091,0.923879532511286,0.));
#10415=DIRECTION('',(1.,0.,0.));
#10416=DIRECTION('center_axis',(-0.923879532511287,0.382683432365089,4.95257723140444E-15));
#10417=DIRECTION('ref_axis',(-0.382683432365089,-0.923879532511287,-1.19565791207568E-14));
#10418=DIRECTION('center_axis',(-1.,0.,0.));
#10419=DIRECTION('ref_axis',(0.,0.707106781186546,-0.707106781186549));
#10420=DIRECTION('',(-1.,0.,0.));
#10421=DIRECTION('center_axis',(0.923879502573552,-0.382683504641168,0.));
#10422=DIRECTION('ref_axis',(0.382683504641168,0.923879502573552,0.));
#10423=DIRECTION('',(1.,0.,0.));
#10424=DIRECTION('center_axis',(-0.923879562449015,-0.382683360089013,8.49727755023483E-16));
#10425=DIRECTION('ref_axis',(0.382683360089013,-0.923879562449015,2.05142472442302E-15));
#10426=DIRECTION('center_axis',(0.707106670551103,-0.707106891821974,0.));
#10427=DIRECTION('ref_axis',(0.500000078231062,0.499999921768927,-0.707106781186547));
#10428=DIRECTION('',(-0.707106670551103,0.707106891821974,0.));
#10429=DIRECTION('center_axis',(0.999999999999988,-1.56462134590409E-7,
3.47415728608545E-22));
#10430=DIRECTION('ref_axis',(1.56462134590409E-7,0.999999999999988,3.47415728608546E-22));
#10431=DIRECTION('',(0.707106670551103,-0.707106891821974,0.));
#10432=DIRECTION('center_axis',(0.707106891821974,0.707106670551104,0.));
#10433=DIRECTION('ref_axis',(-0.499999921768927,0.500000078231061,-0.707106781186548));
#10434=DIRECTION('',(-0.707106891821974,-0.707106670551104,0.));
#10435=DIRECTION('',(0.707106891821974,0.707106670551104,0.));
#10436=DIRECTION('center_axis',(1.,0.,0.));
#10437=DIRECTION('ref_axis',(0.,-0.707106781186547,-0.707106781186548));
#10438=DIRECTION('center_axis',(0.923879532511285,0.382683432365093,-2.90115257345653E-15));
#10439=DIRECTION('ref_axis',(-0.382683432365093,0.923879532511285,-7.00400188935228E-15));
#10440=DIRECTION('',(1.,0.,0.));
#10441=DIRECTION('center_axis',(-0.923879532511286,0.382683432365093,1.02571232897396E-15));
#10442=DIRECTION('ref_axis',(-0.382683432365093,-0.923879532511285,-2.47628861570219E-15));
#10443=DIRECTION('center_axis',(0.,0.,1.));
#10444=DIRECTION('ref_axis',(-0.998493502882665,-0.0548700710871166,0.));
#10445=DIRECTION('center_axis',(0.,0.,-1.));
#10446=DIRECTION('ref_axis',(-1.,0.,0.));
#10447=DIRECTION('center_axis',(-1.,0.,0.));
#10448=DIRECTION('ref_axis',(0.,0.,-1.));
#10449=DIRECTION('center_axis',(1.,0.,0.));
#10450=DIRECTION('ref_axis',(0.,-0.707106781186547,-0.707106781186548));
#10451=DIRECTION('',(1.,0.,0.));
#10452=DIRECTION('center_axis',(-0.923879532511288,0.382683432365087,4.24863957754304E-16));
#10453=DIRECTION('ref_axis',(-0.382683432365087,-0.923879532511288,-1.02571232897396E-15));
#10454=DIRECTION('center_axis',(-0.707106781186548,0.707106781186548,0.));
#10455=DIRECTION('ref_axis',(-0.5,-0.5,-0.707106781186548));
#10456=DIRECTION('',(0.707106781186548,-0.707106781186548,0.));
#10457=DIRECTION('center_axis',(-1.,0.,0.));
#10458=DIRECTION('ref_axis',(0.,-1.,0.));
#10459=DIRECTION('center_axis',(1.,0.,0.));
#10460=DIRECTION('ref_axis',(0.,-0.707106781186547,-0.707106781186548));
#10461=DIRECTION('center_axis',(0.923879532511287,0.382683432365088,-1.02571232897396E-15));
#10462=DIRECTION('ref_axis',(-0.382683432365088,0.923879532511288,-2.47628861570223E-15));
#10463=DIRECTION('',(1.,0.,0.));
#10464=DIRECTION('center_axis',(-0.923879532511286,0.382683432365091,-8.79922067326699E-17));
#10465=DIRECTION('ref_axis',(-0.382683432365091,-0.923879532511286,2.12431978877148E-16));
#10466=DIRECTION('center_axis',(1.,0.,0.));
#10467=DIRECTION('ref_axis',(0.,-0.707106781186547,-0.707106781186548));
#10468=DIRECTION('',(1.,0.,0.));
#10469=DIRECTION('center_axis',(-0.923879532511287,0.382683432365089,0.));
#10470=DIRECTION('ref_axis',(-0.382683432365089,-0.923879532511287,0.));
#10471=DIRECTION('center_axis',(0.923879532511286,0.382683432365091,0.));
#10472=DIRECTION('ref_axis',(-0.382683432365091,0.923879532511286,0.));
#10473=DIRECTION('center_axis',(-0.707106781186548,0.707106781186548,0.));
#10474=DIRECTION('ref_axis',(-0.499999999999999,-0.500000000000001,-0.707106781186548));
#10475=DIRECTION('',(0.707106781186548,-0.707106781186548,0.));
#10476=DIRECTION('center_axis',(-1.,0.,0.));
#10477=DIRECTION('ref_axis',(0.,-1.,0.));
#10478=DIRECTION('center_axis',(1.,0.,0.));
#10479=DIRECTION('ref_axis',(0.,-0.707106781186547,-0.707106781186548));
#10480=DIRECTION('center_axis',(0.923879532511285,0.382683432365094,-8.49727915508623E-16));
#10481=DIRECTION('ref_axis',(-0.382683432365094,0.923879532511285,-2.05142465794791E-15));
#10482=DIRECTION('',(1.,0.,0.));
#10483=DIRECTION('center_axis',(-0.923879532511285,0.382683432365095,0.));
#10484=DIRECTION('ref_axis',(-0.382683432365095,-0.923879532511285,0.));
#10485=DIRECTION('center_axis',(-0.707106781186548,-0.707106781186547,0.));
#10486=DIRECTION('ref_axis',(0.5,-0.5,-0.707106781186547));
#10487=DIRECTION('',(0.707106781186548,0.707106781186547,0.));
#10488=DIRECTION('center_axis',(-0.707106781186548,0.707106781186548,0.));
#10489=DIRECTION('ref_axis',(-0.499999999999999,-0.5,-0.707106781186548));
#10490=DIRECTION('',(0.707106781186547,-0.707106781186547,0.));
#10491=DIRECTION('center_axis',(-1.,0.,0.));
#10492=DIRECTION('ref_axis',(0.,-1.,0.));
#10493=DIRECTION('center_axis',(-0.707106781186548,-0.707106781186547,0.));
#10494=DIRECTION('ref_axis',(0.5,-0.500000000000001,-0.707106781186547));
#10495=DIRECTION('',(0.707106781186548,0.707106781186547,0.));
#10496=DIRECTION('center_axis',(-0.707106781186548,-0.707106781186547,0.));
#10497=DIRECTION('ref_axis',(0.499999999999999,-0.5,-0.707106781186548));
#10498=DIRECTION('',(0.707106781186548,0.707106781186547,0.));
#10499=DIRECTION('center_axis',(-0.707106781186548,0.707106781186548,0.));
#10500=DIRECTION('ref_axis',(-0.5,-0.5,-0.707106781186547));
#10501=DIRECTION('',(0.707106781186548,-0.707106781186548,0.));
#10502=DIRECTION('center_axis',(-1.,7.85046229341888E-16,-8.71576399210525E-31));
#10503=DIRECTION('ref_axis',(-7.85046229341888E-16,-1.,-8.71576399210526E-31));
#10504=DIRECTION('center_axis',(-0.707106781186548,-0.707106781186547,0.));
#10505=DIRECTION('ref_axis',(0.499999999999999,-0.5,-0.707106781186548));
#10506=DIRECTION('',(0.707106781186548,0.707106781186547,0.));
#10507=DIRECTION('center_axis',(-0.707106781186548,0.707106781186548,0.));
#10508=DIRECTION('ref_axis',(-0.5,-0.5,-0.707106781186548));
#10509=DIRECTION('',(0.707106781186548,-0.707106781186548,0.));
#10510=DIRECTION('center_axis',(-1.,3.14018491736756E-15,2.22044604925032E-15));
#10511=DIRECTION('ref_axis',(-3.14018491736755E-15,-1.,2.22044604925033E-15));
#10512=DIRECTION('center_axis',(-0.707106781186548,-0.707106781186547,0.));
#10513=DIRECTION('ref_axis',(0.499999999999999,-0.5,-0.707106781186548));
#10514=DIRECTION('',(0.707106781186548,0.707106781186547,0.));
#10515=DIRECTION('center_axis',(0.707106891821974,0.707106670551104,0.));
#10516=DIRECTION('ref_axis',(-0.499999921768927,0.500000078231061,-0.707106781186547));
#10517=DIRECTION('',(-0.707106891821974,-0.707106670551104,0.));
#10518=DIRECTION('',(0.707106891821974,0.707106670551104,0.));
#10519=DIRECTION('center_axis',(-0.707106781186548,0.707106781186548,0.));
#10520=DIRECTION('ref_axis',(-0.500000000000001,-0.500000000000001,-0.707106781186546));
#10521=DIRECTION('',(0.707106781186548,-0.707106781186548,0.));
#10522=DIRECTION('center_axis',(-1.,3.14018491736756E-15,2.22044604925032E-15));
#10523=DIRECTION('ref_axis',(-3.14018491736755E-15,-1.,2.22044604925033E-15));
#10524=DIRECTION('center_axis',(-0.707106781186548,-0.707106781186547,0.));
#10525=DIRECTION('ref_axis',(0.5,-0.5,-0.707106781186548));
#10526=DIRECTION('',(0.707106781186548,0.707106781186547,0.));
#10527=DIRECTION('center_axis',(0.707106891821974,0.707106670551104,0.));
#10528=DIRECTION('ref_axis',(-0.499999921768928,0.500000078231061,-0.707106781186547));
#10529=DIRECTION('',(-0.707106891821974,-0.707106670551104,0.));
#10530=DIRECTION('',(0.707106891821974,0.707106670551104,0.));
#10531=DIRECTION('center_axis',(-0.707106781186548,0.707106781186548,0.));
#10532=DIRECTION('ref_axis',(-0.5,-0.5,-0.707106781186548));
#10533=DIRECTION('',(0.707106781186548,-0.707106781186548,0.));
#10534=DIRECTION('center_axis',(-1.,0.,0.));
#10535=DIRECTION('ref_axis',(0.,-1.,0.));
#10536=DIRECTION('center_axis',(-0.707106781186548,-0.707106781186547,0.));
#10537=DIRECTION('ref_axis',(0.5,-0.5,-0.707106781186548));
#10538=DIRECTION('',(0.707106781186548,0.707106781186547,0.));
#10539=DIRECTION('center_axis',(-1.,0.,0.));
#10540=DIRECTION('ref_axis',(0.,0.707106781186546,-0.707106781186549));
#10541=DIRECTION('',(1.,0.,0.));
#10542=DIRECTION('',(-1.,0.,0.));
#10543=DIRECTION('center_axis',(0.923879502573548,-0.382683504641176,0.));
#10544=DIRECTION('ref_axis',(0.382683504641176,0.923879502573548,0.));
#10545=DIRECTION('center_axis',(0.707106891821974,0.707106670551104,0.));
#10546=DIRECTION('ref_axis',(-0.499999921768927,0.500000078231062,-0.707106781186547));
#10547=DIRECTION('',(-0.707106891821974,-0.707106670551104,0.));
#10548=DIRECTION('',(0.707106891821974,0.707106670551104,0.));
#10549=DIRECTION('center_axis',(0.707106670551103,-0.707106891821974,0.));
#10550=DIRECTION('ref_axis',(0.500000078231061,0.499999921768928,-0.707106781186547));
#10551=DIRECTION('',(0.707106670551103,-0.707106891821974,0.));
#10552=DIRECTION('',(-0.707106670551103,0.707106891821974,0.));
#10553=DIRECTION('center_axis',(0.999999999999988,-1.56462131450224E-7,
0.));
#10554=DIRECTION('ref_axis',(1.56462131450224E-7,0.999999999999988,0.));
#10555=DIRECTION('center_axis',(0.707106891821974,0.707106670551104,0.));
#10556=DIRECTION('ref_axis',(-0.499999921768929,0.500000078231063,-0.707106781186545));
#10557=DIRECTION('',(0.707106891821974,0.707106670551104,0.));
#10558=DIRECTION('',(-0.707106891821974,-0.707106670551104,0.));
#10559=DIRECTION('center_axis',(0.707106891821974,0.707106670551104,0.));
#10560=DIRECTION('ref_axis',(-0.499999921768927,0.500000078231062,-0.707106781186547));
#10561=DIRECTION('',(-0.707106891821974,-0.707106670551104,0.));
#10562=DIRECTION('',(0.707106891821974,0.707106670551104,0.));
#10563=DIRECTION('center_axis',(0.707106670551103,-0.707106891821974,0.));
#10564=DIRECTION('ref_axis',(0.500000078231059,0.499999921768927,-0.707106781186549));
#10565=DIRECTION('',(0.707106670551103,-0.707106891821974,0.));
#10566=DIRECTION('',(-0.707106670551103,0.707106891821974,0.));
#10567=DIRECTION('center_axis',(0.999999999999988,-1.56462131450224E-7,
-2.22044604925029E-15));
#10568=DIRECTION('ref_axis',(1.56462131450224E-7,0.999999999999988,-2.22044604925028E-15));
#10569=DIRECTION('center_axis',(0.707106891821974,0.707106670551104,0.));
#10570=DIRECTION('ref_axis',(-0.499999921768927,0.500000078231062,-0.707106781186547));
#10571=DIRECTION('',(0.707106891821974,0.707106670551104,0.));
#10572=DIRECTION('',(-0.707106891821974,-0.707106670551104,0.));
#10573=DIRECTION('center_axis',(0.707106891821974,0.707106670551103,0.));
#10574=DIRECTION('ref_axis',(0.707106670551103,-0.707106891821974,0.));
#10575=DIRECTION('',(0.,0.,1.));
#10576=DIRECTION('',(0.,0.,-1.));
#10577=DIRECTION('center_axis',(-0.707106670551104,0.707106891821974,0.));
#10578=DIRECTION('ref_axis',(0.707106891821974,0.707106670551104,0.));
#10579=DIRECTION('',(0.,0.,-1.));
#10580=DIRECTION('center_axis',(0.,1.,0.));
#10581=DIRECTION('ref_axis',(-1.,0.,0.));
#10582=DIRECTION('',(0.,0.,1.));
#10583=DIRECTION('center_axis',(0.707106891821974,0.707106670551103,0.));
#10584=DIRECTION('ref_axis',(0.707106670551103,-0.707106891821974,0.));
#10585=DIRECTION('',(0.,0.,-1.));
#10586=DIRECTION('center_axis',(-0.707106670551104,0.707106891821974,0.));
#10587=DIRECTION('ref_axis',(0.707106891821974,0.707106670551104,0.));
#10588=DIRECTION('',(0.,0.,-1.));
#10589=DIRECTION('center_axis',(0.,1.,0.));
#10590=DIRECTION('ref_axis',(-1.,0.,0.));
#10591=DIRECTION('',(0.,0.,1.));
#10592=DIRECTION('center_axis',(0.707106891821974,0.707106670551103,0.));
#10593=DIRECTION('ref_axis',(0.707106670551103,-0.707106891821974,0.));
#10594=DIRECTION('',(0.,0.,-1.));
#10595=DIRECTION('center_axis',(-0.707106670551104,0.707106891821974,0.));
#10596=DIRECTION('ref_axis',(0.707106891821974,0.707106670551104,0.));
#10597=DIRECTION('',(0.,0.,-1.));
#10598=DIRECTION('center_axis',(0.,1.,0.));
#10599=DIRECTION('ref_axis',(-1.,0.,0.));
#10600=DIRECTION('',(0.,0.,1.));
#10601=DIRECTION('center_axis',(0.707106891821974,0.707106670551103,0.));
#10602=DIRECTION('ref_axis',(0.707106670551103,-0.707106891821974,0.));
#10603=DIRECTION('',(0.,0.,-1.));
#10604=DIRECTION('center_axis',(-0.707106670551104,0.707106891821974,0.));
#10605=DIRECTION('ref_axis',(0.707106891821974,0.707106670551104,0.));
#10606=DIRECTION('',(0.,0.,-1.));
#10607=DIRECTION('center_axis',(0.,1.,0.));
#10608=DIRECTION('ref_axis',(-1.,0.,0.));
#10609=DIRECTION('',(0.,0.,1.));
#10610=DIRECTION('center_axis',(0.707106891821974,0.707106670551103,0.));
#10611=DIRECTION('ref_axis',(0.707106670551103,-0.707106891821974,0.));
#10612=DIRECTION('',(0.,0.,-1.));
#10613=DIRECTION('center_axis',(-0.707106670551104,0.707106891821974,0.));
#10614=DIRECTION('ref_axis',(0.707106891821974,0.707106670551104,0.));
#10615=DIRECTION('center_axis',(0.,0.,1.));
#10616=DIRECTION('ref_axis',(1.,0.,0.));
#10617=DIRECTION('',(-0.630222218844863,-0.776414808510411,0.));
#10618=DIRECTION('center_axis',(0.,0.,1.));
#10619=DIRECTION('ref_axis',(0.776414808510411,0.630222218844863,0.));
#10620=DIRECTION('',(-0.630222218844863,0.776414808510411,0.));
#10621=DIRECTION('',(1.,0.,0.));
#10622=DIRECTION('',(0.630222218844863,0.776414808510411,0.));
#10623=DIRECTION('',(-1.,4.62592920033977E-18,0.));
#10624=DIRECTION('',(0.630222218844863,-0.776414808510411,0.));
#10625=DIRECTION('center_axis',(0.,0.,-1.));
#10626=DIRECTION('ref_axis',(0.776414808510411,0.630222218844863,0.));
#10627=DIRECTION('center_axis',(0.707106891821974,0.707106670551103,0.));
#10628=DIRECTION('ref_axis',(0.707106670551103,-0.707106891821974,0.));
#10629=DIRECTION('',(0.,0.,1.));
#10630=DIRECTION('',(0.,0.,-1.));
#10631=DIRECTION('center_axis',(-0.707106670551104,0.707106891821974,0.));
#10632=DIRECTION('ref_axis',(0.707106891821974,0.707106670551104,0.));
#10633=DIRECTION('',(0.,0.,-1.));
#10634=DIRECTION('center_axis',(0.,1.,0.));
#10635=DIRECTION('ref_axis',(-1.,0.,0.));
#10636=DIRECTION('center_axis',(0.,1.,0.));
#10637=DIRECTION('ref_axis',(-1.,0.,0.));
#10638=DIRECTION('',(0.,0.,-1.));
#10639=DIRECTION('center_axis',(0.707106891821974,0.707106670551103,0.));
#10640=DIRECTION('ref_axis',(0.707106670551103,-0.707106891821974,0.));
#10641=DIRECTION('',(0.,0.,1.));
#10642=DIRECTION('',(0.,0.,-1.));
#10643=DIRECTION('center_axis',(-0.707106670551104,0.707106891821974,0.));
#10644=DIRECTION('ref_axis',(0.707106891821974,0.707106670551104,0.));
#10645=DIRECTION('center_axis',(0.,1.,0.));
#10646=DIRECTION('ref_axis',(-1.,0.,0.));
#10647=DIRECTION('',(0.,0.,1.));
#10648=DIRECTION('center_axis',(0.,0.,1.));
#10649=DIRECTION('ref_axis',(0.,-1.,0.));
#10650=DIRECTION('center_axis',(0.549008176111365,-0.445634404599634,0.707106781186549));
#10651=DIRECTION('ref_axis',(0.789873656449751,0.,-0.613269603719849));
#10652=DIRECTION('',(-0.549008176111367,0.445634404599635,0.707106781186546));
#10653=DIRECTION('',(0.549008176111369,-0.445634404599632,-0.707106781186547));
#10654=DIRECTION('',(0.630222218844863,0.776414808510411,0.));
#10655=DIRECTION('center_axis',(0.,0.,1.));
#10656=DIRECTION('ref_axis',(0.776414808510411,0.630222218844863,0.));
#10657=DIRECTION('',(0.549008176111365,0.445634404599634,0.707106781186549));
#10658=DIRECTION('center_axis',(0.,0.,-1.));
#10659=DIRECTION('ref_axis',(0.776414808510411,0.630222218844863,0.));
#10660=DIRECTION('center_axis',(-0.549008176111366,-0.445634404599635,0.707106781186548));
#10661=DIRECTION('ref_axis',(0.78987365644975,0.,0.613269603719851));
#10662=DIRECTION('',(0.549008176111368,0.445634404599634,0.707106781186546));
#10663=DIRECTION('',(0.630222218844863,-0.776414808510411,0.));
#10664=DIRECTION('',(3.14018491736755E-15,-0.707106781186547,0.707106781186548));
#10665=DIRECTION('center_axis',(3.27102590684911E-18,0.707106781186547,
0.707106781186548));
#10666=DIRECTION('ref_axis',(1.,0.,-4.62592920033977E-18));
#10667=DIRECTION('',(0.,-0.707106781186548,0.707106781186547));
#10668=DIRECTION('',(-1.,4.62592920033977E-18,0.));
#10669=DIRECTION('center_axis',(-0.776414808510411,-0.630222218844863,0.));
#10670=DIRECTION('ref_axis',(-0.630222218844863,0.776414808510411,0.));
#10671=DIRECTION('',(0.,0.,-1.));
#10672=DIRECTION('',(-0.630222218844863,0.776414808510411,0.));
#10673=DIRECTION('',(0.,0.,-1.));
#10674=DIRECTION('center_axis',(0.,0.,-1.));
#10675=DIRECTION('ref_axis',(0.776414808510411,0.630222218844863,0.));
#10676=DIRECTION('',(0.,0.,-1.));
#10677=DIRECTION('center_axis',(0.,0.,1.));
#10678=DIRECTION('ref_axis',(0.776414808510411,0.630222218844863,0.));
#10679=DIRECTION('center_axis',(0.776414808510411,-0.630222218844863,0.));
#10680=DIRECTION('ref_axis',(-0.630222218844863,-0.776414808510411,0.));
#10681=DIRECTION('',(0.,0.,-1.));
#10682=DIRECTION('',(-0.630222218844863,-0.776414808510411,0.));
#10683=DIRECTION('center_axis',(0.549008176111365,-0.445634404599634,-0.707106781186549));
#10684=DIRECTION('ref_axis',(-0.789873656449751,0.,-0.613269603719849));
#10685=DIRECTION('',(-0.549008176111369,0.445634404599632,-0.707106781186547));
#10686=DIRECTION('',(0.549008176111367,-0.445634404599635,0.707106781186546));
#10687=DIRECTION('',(3.14018491736755E-15,-0.707106781186547,-0.707106781186548));
#10688=DIRECTION('center_axis',(3.27102590684911E-18,0.707106781186547,
-0.707106781186548));
#10689=DIRECTION('ref_axis',(-1.,0.,-4.62592920033977E-18));
#10690=DIRECTION('',(0.,-0.707106781186547,-0.707106781186547));
#10691=DIRECTION('',(1.,-4.62592920033977E-18,0.));
#10692=DIRECTION('',(0.549008176111393,0.445634404599604,-0.707106781186546));
#10693=DIRECTION('center_axis',(-0.549008176111366,-0.445634404599635,-0.707106781186548));
#10694=DIRECTION('ref_axis',(-0.78987365644975,0.,0.613269603719851));
#10695=DIRECTION('',(0.549008176111365,0.445634404599636,-0.707106781186548));
#10696=DIRECTION('center_axis',(0.,0.,-1.));
#10697=DIRECTION('ref_axis',(0.776414808510411,0.630222218844863,0.));
#10698=DIRECTION('center_axis',(4.62592920033977E-18,1.,0.));
#10699=DIRECTION('ref_axis',(1.,-4.62592920033977E-18,0.));
#10700=DIRECTION('',(0.,0.,-1.));
#10701=DIRECTION('',(0.,0.,-1.));
#10702=DIRECTION('center_axis',(-0.549008176111367,0.445634404599636,-0.707106781186546));
#10703=DIRECTION('ref_axis',(-0.789873656449749,0.,0.613269603719852));
#10704=DIRECTION('',(-0.549008176111361,0.445634404599638,0.70710678118655));
#10705=DIRECTION('',(0.630222218844863,0.776414808510411,0.));
#10706=DIRECTION('',(0.549008176111367,-0.445634404599633,-0.707106781186548));
#10707=DIRECTION('',(0.,-0.707106781186546,0.707106781186549));
#10708=DIRECTION('center_axis',(0.,-0.707106781186547,-0.707106781186548));
#10709=DIRECTION('ref_axis',(-1.,0.,0.));
#10710=DIRECTION('',(0.,-0.707106781186548,0.707106781186547));
#10711=DIRECTION('',(-1.,0.,0.));
#10712=DIRECTION('',(0.549008176111368,0.445634404599636,0.707106781186545));
#10713=DIRECTION('center_axis',(0.549008176111367,0.445634404599635,-0.707106781186547));
#10714=DIRECTION('ref_axis',(-0.789873656449749,0.,-0.613269603719851));
#10715=DIRECTION('',(0.549008176111367,0.445634404599633,0.707106781186548));
#10716=DIRECTION('',(0.630222218844863,-0.776414808510411,0.));
#10717=DIRECTION('center_axis',(0.,0.,1.));
#10718=DIRECTION('ref_axis',(0.776414808510411,0.630222218844863,0.));
#10719=DIRECTION('center_axis',(0.,0.,-1.));
#10720=DIRECTION('ref_axis',(0.776414808510411,0.630222218844863,0.));
#10721=DIRECTION('center_axis',(0.776414808510411,0.630222218844863,0.));
#10722=DIRECTION('ref_axis',(-0.630222218844863,0.776414808510411,0.));
#10723=DIRECTION('',(0.,0.,1.));
#10724=DIRECTION('',(-0.630222218844863,0.776414808510411,0.));
#10725=DIRECTION('',(0.,0.,1.));
#10726=DIRECTION('center_axis',(0.,0.,1.));
#10727=DIRECTION('ref_axis',(0.776414808510411,0.630222218844863,0.));
#10728=DIRECTION('',(0.,0.,1.));
#10729=DIRECTION('center_axis',(0.,0.,1.));
#10730=DIRECTION('ref_axis',(0.776414808510411,0.630222218844863,0.));
#10731=DIRECTION('center_axis',(-0.776414808510411,0.630222218844863,0.));
#10732=DIRECTION('ref_axis',(-0.630222218844863,-0.776414808510411,0.));
#10733=DIRECTION('',(0.,0.,1.));
#10734=DIRECTION('',(-0.630222218844863,-0.776414808510411,0.));
#10735=DIRECTION('center_axis',(-0.549008176111366,0.445634404599635,0.707106781186548));
#10736=DIRECTION('ref_axis',(0.78987365644975,0.,0.61326960371985));
#10737=DIRECTION('',(0.549008176111361,-0.44563440459964,0.707106781186548));
#10738=DIRECTION('',(-0.549008176111367,0.445634404599634,-0.707106781186548));
#10739=DIRECTION('',(0.,0.707106781186546,0.707106781186549));
#10740=DIRECTION('center_axis',(0.,-0.707106781186547,0.707106781186548));
#10741=DIRECTION('ref_axis',(1.,0.,0.));
#10742=DIRECTION('',(0.,0.707106781186548,0.707106781186547));
#10743=DIRECTION('',(1.,0.,0.));
#10744=DIRECTION('',(-0.549008176111366,-0.445634404599637,0.707106781186547));
#10745=DIRECTION('center_axis',(0.549008176111367,0.445634404599635,0.707106781186547));
#10746=DIRECTION('ref_axis',(0.789873656449749,0.,-0.613269603719851));
#10747=DIRECTION('',(-0.549008176111367,-0.445634404599634,0.707106781186548));
#10748=DIRECTION('center_axis',(0.,0.,-1.));
#10749=DIRECTION('ref_axis',(0.776414808510411,0.630222218844863,0.));
#10750=DIRECTION('center_axis',(0.,-1.,0.));
#10751=DIRECTION('ref_axis',(1.,0.,0.));
#10752=DIRECTION('',(0.,0.,1.));
#10753=DIRECTION('',(0.,0.,1.));
#10754=DIRECTION('center_axis',(-0.707106741673916,0.707106820699177,0.));
#10755=DIRECTION('ref_axis',(-0.500000027939649,-0.499999972060351,-0.707106781186547));
#10756=DIRECTION('',(0.707106741673916,-0.707106820699177,0.));
#10757=DIRECTION('center_axis',(-0.999999999999998,5.58792985673581E-8,
0.));
#10758=DIRECTION('ref_axis',(-5.58792985673581E-8,-0.999999999999998,0.));
#10759=DIRECTION('',(-0.707106741673916,0.707106820699177,0.));
#10760=DIRECTION('center_axis',(-0.923879521819245,0.38268345817796,0.));
#10761=DIRECTION('ref_axis',(0.38268345817796,0.923879521819245,0.));
#10762=DIRECTION('center_axis',(-0.707106820699177,-0.707106741673916,0.));
#10763=DIRECTION('ref_axis',(0.49999997206035,-0.500000027939645,-0.70710678118655));
#10764=DIRECTION('',(0.707106820699177,0.707106741673916,0.));
#10765=DIRECTION('center_axis',(-0.923879543203326,-0.382683406552222,0.));
#10766=DIRECTION('ref_axis',(-0.382683406552222,0.923879543203326,0.));
#10767=DIRECTION('',(-0.707106820699177,-0.707106741673916,0.));
#10768=DIRECTION('center_axis',(-1.,0.,0.));
#10769=DIRECTION('ref_axis',(0.,-0.707106781186549,-0.707106781186546));
#10770=DIRECTION('',(1.,0.,0.));
#10771=DIRECTION('center_axis',(-0.923879521819247,0.382683458177957,0.));
#10772=DIRECTION('ref_axis',(0.382683458177957,0.923879521819247,0.));
#10773=DIRECTION('',(-1.,0.,0.));
#10774=DIRECTION('center_axis',(-0.707106741673916,0.707106820699177,0.));
#10775=DIRECTION('ref_axis',(-0.500000027939649,-0.499999972060351,-0.707106781186547));
#10776=DIRECTION('',(0.707106741673916,-0.707106820699177,0.));
#10777=DIRECTION('center_axis',(-0.999999999999998,5.58793017075432E-8,
2.48153949422761E-22));
#10778=DIRECTION('ref_axis',(-5.58793017075432E-8,-0.999999999999998,2.48153949422763E-22));
#10779=DIRECTION('',(-0.707106741673916,0.707106820699177,0.));
#10780=DIRECTION('center_axis',(1.,0.,0.));
#10781=DIRECTION('ref_axis',(0.,0.707106781186549,-0.707106781186546));
#10782=DIRECTION('',(1.,0.,0.));
#10783=DIRECTION('center_axis',(-1.,0.,0.));
#10784=DIRECTION('ref_axis',(0.,1.,0.));
#10785=DIRECTION('',(-1.,0.,0.));
#10786=DIRECTION('center_axis',(0.923879521819248,-0.382683458177953,0.));
#10787=DIRECTION('ref_axis',(-0.382683458177954,-0.923879521819248,0.));
#10788=DIRECTION('center_axis',(0.707106741673917,-0.707106820699176,0.));
#10789=DIRECTION('ref_axis',(0.500000027939644,0.499999972060355,-0.707106781186548));
#10790=DIRECTION('',(-0.707106741673917,0.707106820699176,0.));
#10791=DIRECTION('center_axis',(0.999999999999998,-5.58792954271733E-8,
0.));
#10792=DIRECTION('ref_axis',(5.58792954271733E-8,0.999999999999998,0.));
#10793=DIRECTION('',(0.707106741673917,-0.707106820699176,0.));
#10794=DIRECTION('center_axis',(0.707106820699176,0.707106741673917,0.));
#10795=DIRECTION('ref_axis',(-0.49999997206035,0.500000027939645,-0.70710678118655));
#10796=DIRECTION('',(-0.707106820699176,-0.707106741673917,0.));
#10797=DIRECTION('center_axis',(0.923879543203328,0.382683406552219,0.));
#10798=DIRECTION('ref_axis',(0.382683406552219,-0.923879543203328,0.));
#10799=DIRECTION('',(0.707106820699176,0.707106741673917,0.));
#10800=DIRECTION('center_axis',(1.,0.,0.));
#10801=DIRECTION('ref_axis',(0.,0.707106781186549,-0.707106781186546));
#10802=DIRECTION('',(-1.,0.,0.));
#10803=DIRECTION('center_axis',(0.923879521819248,-0.382683458177953,-4.10284926841364E-15));
#10804=DIRECTION('ref_axis',(-0.382683458177954,-0.923879521819248,-9.90515356541956E-15));
#10805=DIRECTION('',(1.,0.,0.));
#10806=DIRECTION('center_axis',(0.707106741673917,-0.707106820699176,0.));
#10807=DIRECTION('ref_axis',(0.500000027939646,0.499999972060354,-0.707106781186547));
#10808=DIRECTION('',(-0.707106741673917,0.707106820699176,0.));
#10809=DIRECTION('center_axis',(0.999999999999998,-5.58792954271733E-8,
0.));
#10810=DIRECTION('ref_axis',(5.58792954271733E-8,0.999999999999998,0.));
#10811=DIRECTION('',(0.707106741673917,-0.707106820699176,0.));
#10812=DIRECTION('center_axis',(0.707106820699176,0.707106741673917,0.));
#10813=DIRECTION('ref_axis',(-0.499999972060352,0.500000027939645,-0.707106781186549));
#10814=DIRECTION('',(-0.707106820699176,-0.707106741673917,0.));
#10815=DIRECTION('center_axis',(0.923879543203328,0.382683406552219,0.));
#10816=DIRECTION('ref_axis',(0.382683406552219,-0.923879543203328,0.));
#10817=DIRECTION('',(0.707106820699176,0.707106741673917,0.));
#10818=DIRECTION('center_axis',(1.,0.,0.));
#10819=DIRECTION('ref_axis',(0.,0.707106781186549,-0.707106781186546));
#10820=DIRECTION('',(-1.,0.,0.));
#10821=DIRECTION('center_axis',(0.923879521819249,-0.382683458177952,-2.05142463420682E-15));
#10822=DIRECTION('ref_axis',(-0.382683458177952,-0.923879521819249,-4.95257678270981E-15));
#10823=DIRECTION('',(1.,0.,0.));
#10824=DIRECTION('center_axis',(0.707106741673917,-0.707106820699176,0.));
#10825=DIRECTION('ref_axis',(0.500000027939648,0.499999972060349,-0.707106781186549));
#10826=DIRECTION('',(-0.707106741673917,0.707106820699176,0.));
#10827=DIRECTION('center_axis',(0.999999999999998,-5.58792954271733E-8,
0.));
#10828=DIRECTION('ref_axis',(5.58792954271733E-8,0.999999999999998,0.));
#10829=DIRECTION('',(0.707106741673917,-0.707106820699176,0.));
#10830=DIRECTION('center_axis',(0.707106820699176,0.707106741673917,0.));
#10831=DIRECTION('ref_axis',(-0.499999972060351,0.500000027939649,-0.707106781186547));
#10832=DIRECTION('',(-0.707106820699176,-0.707106741673917,0.));
#10833=DIRECTION('center_axis',(0.923879543203326,0.382683406552222,-2.05142468168901E-15));
#10834=DIRECTION('ref_axis',(0.382683406552222,-0.923879543203326,-4.95257768009927E-15));
#10835=DIRECTION('',(0.707106820699176,0.707106741673917,0.));
#10836=DIRECTION('center_axis',(1.,0.,0.));
#10837=DIRECTION('ref_axis',(0.,0.707106781186549,-0.707106781186546));
#10838=DIRECTION('',(-1.,0.,0.));
#10839=DIRECTION('center_axis',(0.923879521819246,-0.382683458177959,-3.75088057985621E-15));
#10840=DIRECTION('ref_axis',(-0.382683458177959,-0.923879521819246,-9.05542605112332E-15));
#10841=DIRECTION('',(1.,0.,0.));
#10842=DIRECTION('center_axis',(0.707106741673917,-0.707106820699176,0.));
#10843=DIRECTION('ref_axis',(0.500000027939647,0.499999972060353,-0.707106781186546));
#10844=DIRECTION('',(-0.707106741673917,0.707106820699176,0.));
#10845=DIRECTION('center_axis',(0.999999999999998,-5.5879297782312E-8,0.));
#10846=DIRECTION('ref_axis',(5.5879297782312E-8,0.999999999999998,0.));
#10847=DIRECTION('',(0.707106741673917,-0.707106820699176,0.));
#10848=DIRECTION('center_axis',(0.707106820699176,0.707106741673917,0.));
#10849=DIRECTION('ref_axis',(-0.499999972060352,0.500000027939645,-0.707106781186549));
#10850=DIRECTION('',(-0.707106820699176,-0.707106741673917,0.));
#10851=DIRECTION('center_axis',(0.923879543203328,0.382683406552217,1.02571234084451E-15));
#10852=DIRECTION('ref_axis',(0.382683406552217,-0.923879543203328,2.4762888400496E-15));
#10853=DIRECTION('',(0.707106820699176,0.707106741673917,0.));
#10854=DIRECTION('center_axis',(1.,0.,0.));
#10855=DIRECTION('ref_axis',(0.,0.707106781186549,-0.707106781186546));
#10856=DIRECTION('',(-1.,0.,0.));
#10857=DIRECTION('center_axis',(0.923879521819246,-0.382683458177959,5.12856158551703E-16));
#10858=DIRECTION('ref_axis',(-0.382683458177959,-0.923879521819246,1.23814419567742E-15));
#10859=DIRECTION('',(1.,0.,0.));
#10860=DIRECTION('center_axis',(0.707106741673917,-0.707106820699176,0.));
#10861=DIRECTION('ref_axis',(0.500000027939647,0.499999972060354,-0.707106781186546));
#10862=DIRECTION('',(-0.707106741673917,0.707106820699176,0.));
#10863=DIRECTION('center_axis',(0.999999999999998,-5.5879297782312E-8,0.));
#10864=DIRECTION('ref_axis',(5.5879297782312E-8,0.999999999999998,0.));
#10865=DIRECTION('',(0.707106741673917,-0.707106820699176,0.));
#10866=DIRECTION('center_axis',(0.707106820699176,0.707106741673917,0.));
#10867=DIRECTION('ref_axis',(-0.499999972060351,0.500000027939645,-0.707106781186549));
#10868=DIRECTION('',(-0.707106820699176,-0.707106741673917,0.));
#10869=DIRECTION('center_axis',(0.923879543203328,0.382683406552218,-5.12856170422253E-16));
#10870=DIRECTION('ref_axis',(0.382683406552218,-0.923879543203328,-1.23814442002481E-15));
#10871=DIRECTION('',(0.707106820699176,0.707106741673917,0.));
#10872=DIRECTION('center_axis',(1.,0.,0.));
#10873=DIRECTION('ref_axis',(0.,0.707106781186549,-0.707106781186546));
#10874=DIRECTION('',(-1.,0.,0.));
#10875=DIRECTION('center_axis',(0.923879521819246,-0.38268345817796,5.12856158551703E-16));
#10876=DIRECTION('ref_axis',(-0.382683458177959,-0.923879521819246,1.23814419567742E-15));
#10877=DIRECTION('',(1.,0.,0.));
#10878=DIRECTION('center_axis',(0.707106741673917,-0.707106820699176,0.));
#10879=DIRECTION('ref_axis',(0.500000027939647,0.499999972060354,-0.707106781186546));
#10880=DIRECTION('',(-0.707106741673917,0.707106820699176,0.));
#10881=DIRECTION('center_axis',(0.999999999999998,-5.5879297782312E-8,0.));
#10882=DIRECTION('ref_axis',(5.5879297782312E-8,0.999999999999998,0.));
#10883=DIRECTION('',(0.707106741673917,-0.707106820699176,0.));
#10884=DIRECTION('center_axis',(0.707106820699176,0.707106741673917,0.));
#10885=DIRECTION('ref_axis',(-0.499999972060352,0.500000027939645,-0.707106781186549));
#10886=DIRECTION('',(-0.707106820699176,-0.707106741673917,0.));
#10887=DIRECTION('center_axis',(0.923879543203328,0.382683406552218,-5.12856170422254E-16));
#10888=DIRECTION('ref_axis',(0.382683406552218,-0.923879543203328,-1.2381444200248E-15));
#10889=DIRECTION('',(0.707106820699176,0.707106741673917,0.));
#10890=DIRECTION('center_axis',(1.,0.,0.));
#10891=DIRECTION('ref_axis',(0.,0.707106781186549,-0.707106781186546));
#10892=DIRECTION('',(-1.,0.,0.));
#10893=DIRECTION('center_axis',(0.923879521819247,-0.382683458177957,0.));
#10894=DIRECTION('ref_axis',(-0.382683458177957,-0.923879521819247,0.));
#10895=DIRECTION('',(1.,0.,0.));
#10896=DIRECTION('center_axis',(0.707106741673917,-0.707106820699176,0.));
#10897=DIRECTION('ref_axis',(0.500000027939646,0.499999972060354,-0.707106781186547));
#10898=DIRECTION('',(-0.707106741673917,0.707106820699176,0.));
#10899=DIRECTION('center_axis',(0.999999999999998,-5.58792969972658E-8,
0.));
#10900=DIRECTION('ref_axis',(5.58792969972658E-8,0.999999999999998,0.));
#10901=DIRECTION('',(0.707106741673917,-0.707106820699176,0.));
#10902=DIRECTION('center_axis',(0.707106820699176,0.707106741673917,0.));
#10903=DIRECTION('ref_axis',(-0.499999972060352,0.500000027939645,-0.707106781186549));
#10904=DIRECTION('',(-0.707106820699176,-0.707106741673917,0.));
#10905=DIRECTION('center_axis',(0.92387954320333,0.382683406552214,0.));
#10906=DIRECTION('ref_axis',(0.382683406552214,-0.92387954320333,0.));
#10907=DIRECTION('',(0.707106820699176,0.707106741673917,0.));
#10908=DIRECTION('center_axis',(1.,0.,0.));
#10909=DIRECTION('ref_axis',(0.,0.707106781186549,-0.707106781186546));
#10910=DIRECTION('',(-1.,0.,0.));
#10911=DIRECTION('center_axis',(0.923879521819247,-0.382683458177957,0.));
#10912=DIRECTION('ref_axis',(-0.382683458177957,-0.923879521819247,0.));
#10913=DIRECTION('',(1.,0.,0.));
#10914=DIRECTION('center_axis',(0.707106741673917,-0.707106820699176,0.));
#10915=DIRECTION('ref_axis',(0.500000027939646,0.499999972060354,-0.707106781186547));
#10916=DIRECTION('',(-0.707106741673917,0.707106820699176,0.));
#10917=DIRECTION('center_axis',(0.999999999999998,-5.58792969972658E-8,
0.));
#10918=DIRECTION('ref_axis',(5.58792969972658E-8,0.999999999999998,0.));
#10919=DIRECTION('',(0.707106741673917,-0.707106820699176,0.));
#10920=DIRECTION('center_axis',(0.707106820699176,0.707106741673917,0.));
#10921=DIRECTION('ref_axis',(-0.49999997206035,0.500000027939645,-0.70710678118655));
#10922=DIRECTION('',(-0.707106820699176,-0.707106741673917,0.));
#10923=DIRECTION('center_axis',(0.923879543203328,0.382683406552219,0.));
#10924=DIRECTION('ref_axis',(0.382683406552219,-0.923879543203328,0.));
#10925=DIRECTION('',(0.707106820699176,0.707106741673917,0.));
#10926=DIRECTION('center_axis',(1.,0.,0.));
#10927=DIRECTION('ref_axis',(0.,0.707106781186549,-0.707106781186546));
#10928=DIRECTION('',(-1.,0.,0.));
#10929=DIRECTION('center_axis',(0.923879521819247,-0.382683458177957,0.));
#10930=DIRECTION('ref_axis',(-0.382683458177957,-0.923879521819247,0.));
#10931=DIRECTION('',(1.,0.,0.));
#10932=DIRECTION('center_axis',(0.707106741673917,-0.707106820699176,0.));
#10933=DIRECTION('ref_axis',(0.500000027939648,0.499999972060353,-0.707106781186545));
#10934=DIRECTION('',(-0.707106741673917,0.707106820699176,0.));
#10935=DIRECTION('center_axis',(0.999999999999998,-5.58792985673583E-8,
0.));
#10936=DIRECTION('ref_axis',(5.58792985673583E-8,0.999999999999998,0.));
#10937=DIRECTION('',(0.707106741673917,-0.707106820699176,0.));
#10938=DIRECTION('center_axis',(0.707106820699176,0.707106741673917,0.));
#10939=DIRECTION('ref_axis',(-0.499999972060352,0.500000027939645,-0.707106781186549));
#10940=DIRECTION('',(0.707106820699176,0.707106741673917,0.));
#10941=DIRECTION('',(-0.707106820699176,-0.707106741673917,0.));
#10942=DIRECTION('center_axis',(0.923879543203328,0.382683406552219,0.));
#10943=DIRECTION('ref_axis',(0.382683406552219,-0.923879543203328,0.));
#10944=DIRECTION('center_axis',(1.,0.,0.));
#10945=DIRECTION('ref_axis',(0.,0.707106781186549,-0.707106781186546));
#10946=DIRECTION('',(1.,0.,0.));
#10947=DIRECTION('',(-1.,0.,0.));
#10948=DIRECTION('center_axis',(0.923879521819245,-0.38268345817796,0.));
#10949=DIRECTION('ref_axis',(-0.38268345817796,-0.923879521819245,0.));
#10950=DIRECTION('center_axis',(0.707106741673917,-0.707106820699176,0.));
#10951=DIRECTION('ref_axis',(0.500000027939648,0.499999972060353,-0.707106781186545));
#10952=DIRECTION('',(0.707106741673917,-0.707106820699176,0.));
#10953=DIRECTION('',(-0.707106741673917,0.707106820699176,0.));
#10954=DIRECTION('center_axis',(0.999999999999998,-5.58792954271733E-8,
0.));
#10955=DIRECTION('ref_axis',(5.58792954271733E-8,0.999999999999998,0.));
#10956=DIRECTION('center_axis',(0.707106820699176,0.707106741673917,0.));
#10957=DIRECTION('ref_axis',(-0.49999997206035,0.500000027939645,-0.70710678118655));
#10958=DIRECTION('',(0.707106820699176,0.707106741673917,0.));
#10959=DIRECTION('',(-0.707106820699176,-0.707106741673917,0.));
#10960=DIRECTION('center_axis',(-1.,0.,0.));
#10961=DIRECTION('ref_axis',(0.,-0.707106781186549,-0.707106781186546));
#10962=DIRECTION('',(-1.,0.,0.));
#10963=DIRECTION('center_axis',(1.,0.,0.));
#10964=DIRECTION('ref_axis',(0.,-1.,0.));
#10965=DIRECTION('',(1.,0.,0.));
#10966=DIRECTION('center_axis',(-0.923879521819244,0.382683458177964,9.90515448247665E-15));
#10967=DIRECTION('ref_axis',(0.382683458177964,0.923879521819244,2.3913156399252E-14));
#10968=DIRECTION('center_axis',(0.,0.,1.));
#10969=DIRECTION('ref_axis',(-0.997194975403536,-0.0748477189361235,0.));
#10970=DIRECTION('center_axis',(0.,0.,-1.));
#10971=DIRECTION('ref_axis',(-1.,0.,0.));
#10972=DIRECTION('center_axis',(0.,0.,1.));
#10973=DIRECTION('ref_axis',(-1.,0.,0.));
#10974=DIRECTION('center_axis',(-0.707106741673916,0.707106820699177,0.));
#10975=DIRECTION('ref_axis',(-0.50000002793965,-0.499999972060348,-0.707106781186548));
#10976=DIRECTION('',(-0.707106741673916,0.707106820699177,0.));
#10977=DIRECTION('',(0.707106741673916,-0.707106820699177,0.));
#10978=DIRECTION('center_axis',(-0.999999999999998,5.58792985673581E-8,
0.));
#10979=DIRECTION('ref_axis',(-5.58792985673581E-8,-0.999999999999998,0.));
#10980=DIRECTION('center_axis',(-0.707106820699177,-0.707106741673916,0.));
#10981=DIRECTION('ref_axis',(0.499999972060353,-0.500000027939648,-0.707106781186545));
#10982=DIRECTION('',(-0.707106820699177,-0.707106741673916,0.));
#10983=DIRECTION('',(0.707106820699177,0.707106741673916,0.));
#10984=DIRECTION('center_axis',(-0.923879543203329,-0.382683406552215,-4.10284936337803E-15));
#10985=DIRECTION('ref_axis',(-0.382683406552215,0.923879543203329,-9.90515536019841E-15));
#10986=DIRECTION('center_axis',(-1.,0.,0.));
#10987=DIRECTION('ref_axis',(0.,-0.707106781186549,-0.707106781186546));
#10988=DIRECTION('',(-1.,0.,0.));
#10989=DIRECTION('',(1.,0.,0.));
#10990=DIRECTION('center_axis',(-0.923879521819244,0.382683458177964,2.4033933227642E-15));
#10991=DIRECTION('ref_axis',(0.382683458177964,0.923879521819244,5.80230429700558E-15));
#10992=DIRECTION('center_axis',(-0.707106741673916,0.707106820699177,0.));
#10993=DIRECTION('ref_axis',(-0.50000002793965,-0.499999972060348,-0.707106781186548));
#10994=DIRECTION('',(-0.707106741673916,0.707106820699177,0.));
#10995=DIRECTION('',(0.707106741673916,-0.707106820699177,0.));
#10996=DIRECTION('center_axis',(-0.999999999999998,5.58792985673581E-8,
0.));
#10997=DIRECTION('ref_axis',(-5.58792985673581E-8,-0.999999999999998,0.));
#10998=DIRECTION('center_axis',(-0.707106820699177,-0.707106741673916,0.));
#10999=DIRECTION('ref_axis',(0.499999972060349,-0.500000027939648,-0.707106781186549));
#11000=DIRECTION('',(-0.707106820699177,-0.707106741673916,0.));
#11001=DIRECTION('',(0.707106820699177,0.707106741673916,0.));
#11002=DIRECTION('center_axis',(-0.923879543203329,-0.382683406552215,0.));
#11003=DIRECTION('ref_axis',(-0.382683406552215,0.923879543203329,0.));
#11004=DIRECTION('center_axis',(-1.,0.,0.));
#11005=DIRECTION('ref_axis',(0.,-0.707106781186549,-0.707106781186546));
#11006=DIRECTION('',(-1.,0.,0.));
#11007=DIRECTION('',(1.,0.,0.));
#11008=DIRECTION('center_axis',(-0.923879521819244,0.382683458177964,1.69945594564942E-15));
#11009=DIRECTION('ref_axis',(0.382683458177964,0.923879521819244,4.10284926841362E-15));
#11010=DIRECTION('center_axis',(-0.707106741673916,0.707106820699177,0.));
#11011=DIRECTION('ref_axis',(-0.50000002793965,-0.499999972060348,-0.707106781186548));
#11012=DIRECTION('',(-0.707106741673916,0.707106820699177,0.));
#11013=DIRECTION('',(0.707106741673916,-0.707106820699177,0.));
#11014=DIRECTION('center_axis',(-0.999999999999998,5.58792985673581E-8,
0.));
#11015=DIRECTION('ref_axis',(-5.58792985673581E-8,-0.999999999999998,0.));
#11016=DIRECTION('center_axis',(-0.707106820699177,-0.707106741673916,0.));
#11017=DIRECTION('ref_axis',(0.49999997206035,-0.500000027939645,-0.70710678118655));
#11018=DIRECTION('',(-0.707106820699177,-0.707106741673916,0.));
#11019=DIRECTION('',(0.707106820699177,0.707106741673916,0.));
#11020=DIRECTION('center_axis',(-0.92387954320333,-0.382683406552214,0.));
#11021=DIRECTION('ref_axis',(-0.382683406552214,0.92387954320333,0.));
#11022=DIRECTION('center_axis',(-1.,0.,0.));
#11023=DIRECTION('ref_axis',(0.,-0.707106781186549,-0.707106781186546));
#11024=DIRECTION('',(-1.,0.,0.));
#11025=DIRECTION('',(1.,0.,0.));
#11026=DIRECTION('center_axis',(-0.923879521819245,0.382683458177962,3.07713695131022E-15));
#11027=DIRECTION('ref_axis',(0.382683458177962,0.923879521819245,7.42886517406444E-15));
#11028=DIRECTION('center_axis',(-0.707106741673916,0.707106820699177,0.));
#11029=DIRECTION('ref_axis',(-0.50000002793965,-0.499999972060348,-0.707106781186548));
#11030=DIRECTION('',(-0.707106741673916,0.707106820699177,0.));
#11031=DIRECTION('',(0.707106741673916,-0.707106820699177,0.));
#11032=DIRECTION('center_axis',(-0.999999999999998,5.58792985673581E-8,
-1.11022302462515E-15));
#11033=DIRECTION('ref_axis',(-5.58792985673581E-8,-0.999999999999998,-1.11022302462516E-15));
#11034=DIRECTION('center_axis',(-0.707106820699177,-0.707106741673916,0.));
#11035=DIRECTION('ref_axis',(0.499999972060351,-0.500000027939645,-0.707106781186549));
#11036=DIRECTION('',(-0.707106820699177,-0.707106741673916,0.));
#11037=DIRECTION('',(0.707106820699177,0.707106741673916,0.));
#11038=DIRECTION('center_axis',(-0.923879543203329,-0.382683406552216,0.));
#11039=DIRECTION('ref_axis',(-0.382683406552216,0.923879543203329,0.));
#11040=DIRECTION('center_axis',(-1.,0.,0.));
#11041=DIRECTION('ref_axis',(0.,-0.707106781186549,-0.707106781186546));
#11042=DIRECTION('',(-1.,0.,0.));
#11043=DIRECTION('',(1.,0.,0.));
#11044=DIRECTION('center_axis',(-0.923879521819244,0.382683458177963,1.0257123171034E-15));
#11045=DIRECTION('ref_axis',(0.382683458177963,0.923879521819244,2.47628839135481E-15));
#11046=DIRECTION('center_axis',(-0.707106741673916,0.707106820699177,0.));
#11047=DIRECTION('ref_axis',(-0.50000002793965,-0.499999972060348,-0.707106781186548));
#11048=DIRECTION('',(-0.707106741673916,0.707106820699177,0.));
#11049=DIRECTION('',(0.707106741673916,-0.707106820699177,0.));
#11050=DIRECTION('center_axis',(-0.999999999999998,5.58792993524043E-8,
-1.11022302462515E-15));
#11051=DIRECTION('ref_axis',(-5.58792993524043E-8,-0.999999999999998,-1.11022302462516E-15));
#11052=DIRECTION('center_axis',(-0.707106820699177,-0.707106741673916,0.));
#11053=DIRECTION('ref_axis',(0.499999972060351,-0.500000027939645,-0.707106781186549));
#11054=DIRECTION('',(-0.707106820699177,-0.707106741673916,0.));
#11055=DIRECTION('',(0.707106820699177,0.707106741673916,0.));
#11056=DIRECTION('center_axis',(-0.923879543203328,-0.382683406552219,2.56428085211127E-16));
#11057=DIRECTION('ref_axis',(-0.382683406552219,0.923879543203328,6.19072210012405E-16));
#11058=DIRECTION('center_axis',(-1.,0.,0.));
#11059=DIRECTION('ref_axis',(0.,-0.707106781186549,-0.707106781186546));
#11060=DIRECTION('',(-1.,0.,0.));
#11061=DIRECTION('',(1.,0.,0.));
#11062=DIRECTION('center_axis',(-0.923879521819245,0.382683458177962,0.));
#11063=DIRECTION('ref_axis',(0.382683458177962,0.923879521819245,0.));
#11064=DIRECTION('center_axis',(-0.707106741673916,0.707106820699177,0.));
#11065=DIRECTION('ref_axis',(-0.50000002793965,-0.499999972060348,-0.707106781186548));
#11066=DIRECTION('',(-0.707106741673916,0.707106820699177,0.));
#11067=DIRECTION('',(0.707106741673916,-0.707106820699177,0.));
#11068=DIRECTION('center_axis',(-0.999999999999998,5.58792989598812E-8,
-1.11022302462515E-15));
#11069=DIRECTION('ref_axis',(-5.58792989598812E-8,-0.999999999999998,-1.11022302462516E-15));
#11070=DIRECTION('center_axis',(-0.707106820699177,-0.707106741673916,0.));
#11071=DIRECTION('ref_axis',(0.499999972060351,-0.500000027939645,-0.707106781186549));
#11072=DIRECTION('',(-0.707106820699177,-0.707106741673916,0.));
#11073=DIRECTION('',(0.707106820699177,0.707106741673916,0.));
#11074=DIRECTION('center_axis',(-0.923879543203328,-0.382683406552217,0.));
#11075=DIRECTION('ref_axis',(-0.382683406552217,0.923879543203328,0.));
#11076=DIRECTION('center_axis',(-1.,0.,0.));
#11077=DIRECTION('ref_axis',(0.,-0.707106781186549,-0.707106781186546));
#11078=DIRECTION('',(-1.,0.,0.));
#11079=DIRECTION('',(1.,0.,0.));
#11080=DIRECTION('center_axis',(-0.923879521819246,0.38268345817796,0.));
#11081=DIRECTION('ref_axis',(0.382683458177959,0.923879521819246,0.));
#11082=DIRECTION('center_axis',(-0.707106741673916,0.707106820699177,0.));
#11083=DIRECTION('ref_axis',(-0.50000002793965,-0.499999972060348,-0.707106781186548));
#11084=DIRECTION('',(-0.707106741673916,0.707106820699177,0.));
#11085=DIRECTION('',(0.707106741673916,-0.707106820699177,0.));
#11086=DIRECTION('center_axis',(-0.999999999999998,5.58792985673583E-8,
0.));
#11087=DIRECTION('ref_axis',(-5.58792985673583E-8,-0.999999999999998,0.));
#11088=DIRECTION('center_axis',(-0.707106820699177,-0.707106741673916,0.));
#11089=DIRECTION('ref_axis',(0.499999972060351,-0.500000027939645,-0.707106781186549));
#11090=DIRECTION('',(-0.707106820699177,-0.707106741673916,0.));
#11091=DIRECTION('',(0.707106820699177,0.707106741673916,0.));
#11092=DIRECTION('center_axis',(-0.923879543203329,-0.382683406552215,0.));
#11093=DIRECTION('ref_axis',(-0.382683406552215,0.923879543203329,0.));
#11094=DIRECTION('center_axis',(0.,0.,-1.));
#11095=DIRECTION('ref_axis',(0.997194994888431,0.07484745933872,0.));
#11096=DIRECTION('center_axis',(0.,0.,-1.));
#11097=DIRECTION('ref_axis',(1.,0.,0.));
#11098=DIRECTION('center_axis',(0.,0.,1.));
#11099=DIRECTION('ref_axis',(1.,0.,0.));
#11100=DIRECTION('center_axis',(-1.,0.,0.));
#11101=DIRECTION('ref_axis',(0.,-0.707106781186549,-0.707106781186546));
#11102=DIRECTION('',(-1.,0.,0.));
#11103=DIRECTION('',(1.,0.,0.));
#11104=DIRECTION('center_axis',(-0.923879521819247,0.382683458177955,0.));
#11105=DIRECTION('ref_axis',(0.382683458177955,0.923879521819247,0.));
#11106=DIRECTION('center_axis',(-0.707106820699177,-0.707106741673916,0.));
#11107=DIRECTION('ref_axis',(0.49999997206035,-0.500000027939645,-0.70710678118655));
#11108=DIRECTION('',(0.707106820699177,0.707106741673916,0.));
#11109=DIRECTION('',(-0.707106820699177,-0.707106741673916,0.));
#11110=DIRECTION('center_axis',(-0.707106741673916,0.707106820699177,0.));
#11111=DIRECTION('ref_axis',(-0.50000002793965,-0.499999972060348,-0.707106781186548));
#11112=DIRECTION('',(-0.707106741673916,0.707106820699177,0.));
#11113=DIRECTION('',(0.707106741673916,-0.707106820699177,0.));
#11114=DIRECTION('center_axis',(-0.999999999999998,5.58793001374507E-8,
-2.22044604925031E-15));
#11115=DIRECTION('ref_axis',(-5.58793001374507E-8,-0.999999999999998,-2.22044604925032E-15));
#11116=DIRECTION('center_axis',(-0.707106820699177,-0.707106741673916,0.));
#11117=DIRECTION('ref_axis',(0.499999972060351,-0.500000027939649,-0.707106781186547));
#11118=DIRECTION('',(-0.707106820699177,-0.707106741673916,0.));
#11119=DIRECTION('',(0.707106820699177,0.707106741673916,0.));
#11120=DIRECTION('center_axis',(-0.923879543203329,-0.382683406552215,0.));
#11121=DIRECTION('ref_axis',(-0.382683406552215,0.923879543203329,0.));
#11122=DIRECTION('center_axis',(-1.,0.,0.));
#11123=DIRECTION('ref_axis',(0.,-0.707106781186549,-0.707106781186546));
#11124=DIRECTION('',(-1.,0.,0.));
#11125=DIRECTION('',(1.,0.,0.));
#11126=DIRECTION('center_axis',(0.707106820699176,0.707106741673917,0.));
#11127=DIRECTION('ref_axis',(0.707106741673917,-0.707106820699176,0.));
#11128=DIRECTION('',(0.,0.,-1.));
#11129=DIRECTION('',(-0.707106741673917,0.707106820699176,0.));
#11130=DIRECTION('',(0.,0.,1.));
#11131=DIRECTION('center_axis',(-0.707106741673917,0.707106820699176,0.));
#11132=DIRECTION('ref_axis',(0.707106820699176,0.707106741673917,0.));
#11133=DIRECTION('',(0.,0.,-1.));
#11134=DIRECTION('',(-0.707106820699176,-0.707106741673917,0.));
#11135=DIRECTION('center_axis',(0.,1.,0.));
#11136=DIRECTION('ref_axis',(1.,0.,0.));
#11137=DIRECTION('',(0.,0.,1.));
#11138=DIRECTION('',(-1.,0.,0.));
#11139=DIRECTION('center_axis',(0.707106820699176,0.707106741673917,0.));
#11140=DIRECTION('ref_axis',(0.707106741673917,-0.707106820699176,0.));
#11141=DIRECTION('',(0.,0.,-1.));
#11142=DIRECTION('',(-0.707106741673917,0.707106820699176,0.));
#11143=DIRECTION('center_axis',(-0.707106741673917,0.707106820699176,0.));
#11144=DIRECTION('ref_axis',(0.707106820699176,0.707106741673917,0.));
#11145=DIRECTION('',(0.,0.,-1.));
#11146=DIRECTION('',(-0.707106820699176,-0.707106741673917,0.));
#11147=DIRECTION('center_axis',(0.,1.,0.));
#11148=DIRECTION('ref_axis',(1.,0.,0.));
#11149=DIRECTION('',(0.,0.,1.));
#11150=DIRECTION('',(-1.,0.,0.));
#11151=DIRECTION('center_axis',(0.707106820699176,0.707106741673917,0.));
#11152=DIRECTION('ref_axis',(0.707106741673917,-0.707106820699176,0.));
#11153=DIRECTION('',(0.,0.,-1.));
#11154=DIRECTION('',(-0.707106741673917,0.707106820699176,0.));
#11155=DIRECTION('center_axis',(-0.707106741673917,0.707106820699176,0.));
#11156=DIRECTION('ref_axis',(0.707106820699176,0.707106741673917,0.));
#11157=DIRECTION('',(0.,0.,-1.));
#11158=DIRECTION('',(-0.707106820699176,-0.707106741673917,0.));
#11159=DIRECTION('center_axis',(0.,1.,0.));
#11160=DIRECTION('ref_axis',(1.,0.,0.));
#11161=DIRECTION('',(0.,0.,1.));
#11162=DIRECTION('',(-1.,0.,0.));
#11163=DIRECTION('center_axis',(0.707106820699176,0.707106741673917,0.));
#11164=DIRECTION('ref_axis',(0.707106741673917,-0.707106820699176,0.));
#11165=DIRECTION('',(0.,0.,-1.));
#11166=DIRECTION('',(-0.707106741673917,0.707106820699176,0.));
#11167=DIRECTION('center_axis',(-0.707106741673917,0.707106820699176,0.));
#11168=DIRECTION('ref_axis',(0.707106820699176,0.707106741673917,0.));
#11169=DIRECTION('',(0.,0.,-1.));
#11170=DIRECTION('',(-0.707106820699176,-0.707106741673917,0.));
#11171=DIRECTION('center_axis',(0.,1.,0.));
#11172=DIRECTION('ref_axis',(1.,0.,0.));
#11173=DIRECTION('',(0.,0.,1.));
#11174=DIRECTION('',(-1.,0.,0.));
#11175=DIRECTION('center_axis',(0.707106820699176,0.707106741673917,0.));
#11176=DIRECTION('ref_axis',(0.707106741673917,-0.707106820699176,0.));
#11177=DIRECTION('',(0.,0.,-1.));
#11178=DIRECTION('',(-0.707106741673917,0.707106820699176,0.));
#11179=DIRECTION('center_axis',(-0.707106741673917,0.707106820699176,0.));
#11180=DIRECTION('ref_axis',(0.707106820699176,0.707106741673917,0.));
#11181=DIRECTION('',(0.,0.,-1.));
#11182=DIRECTION('',(-0.707106820699176,-0.707106741673917,0.));
#11183=DIRECTION('center_axis',(0.,1.,0.));
#11184=DIRECTION('ref_axis',(1.,0.,0.));
#11185=DIRECTION('',(0.,0.,1.));
#11186=DIRECTION('',(-1.,0.,0.));
#11187=DIRECTION('center_axis',(0.707106820699176,0.707106741673917,0.));
#11188=DIRECTION('ref_axis',(0.707106741673917,-0.707106820699176,0.));
#11189=DIRECTION('',(0.,0.,-1.));
#11190=DIRECTION('',(-0.707106741673917,0.707106820699176,0.));
#11191=DIRECTION('center_axis',(-0.707106741673917,0.707106820699176,0.));
#11192=DIRECTION('ref_axis',(0.707106820699176,0.707106741673917,0.));
#11193=DIRECTION('',(0.,0.,-1.));
#11194=DIRECTION('',(-0.707106820699176,-0.707106741673917,0.));
#11195=DIRECTION('center_axis',(0.,1.,0.));
#11196=DIRECTION('ref_axis',(1.,0.,0.));
#11197=DIRECTION('',(0.,0.,1.));
#11198=DIRECTION('',(-1.,0.,0.));
#11199=DIRECTION('center_axis',(0.707106820699176,0.707106741673917,0.));
#11200=DIRECTION('ref_axis',(0.707106741673917,-0.707106820699176,0.));
#11201=DIRECTION('',(0.,0.,-1.));
#11202=DIRECTION('',(-0.707106741673917,0.707106820699176,0.));
#11203=DIRECTION('center_axis',(-0.707106741673917,0.707106820699176,0.));
#11204=DIRECTION('ref_axis',(0.707106820699176,0.707106741673917,0.));
#11205=DIRECTION('',(0.,0.,-1.));
#11206=DIRECTION('',(-0.707106820699176,-0.707106741673917,0.));
#11207=DIRECTION('center_axis',(0.,1.,0.));
#11208=DIRECTION('ref_axis',(1.,0.,0.));
#11209=DIRECTION('',(0.,0.,1.));
#11210=DIRECTION('',(-1.,0.,0.));
#11211=DIRECTION('center_axis',(0.707106820699176,0.707106741673917,0.));
#11212=DIRECTION('ref_axis',(0.707106741673917,-0.707106820699176,0.));
#11213=DIRECTION('',(0.,0.,-1.));
#11214=DIRECTION('',(-0.707106741673917,0.707106820699176,0.));
#11215=DIRECTION('center_axis',(-0.707106741673917,0.707106820699176,0.));
#11216=DIRECTION('ref_axis',(0.707106820699176,0.707106741673917,0.));
#11217=DIRECTION('',(0.,0.,-1.));
#11218=DIRECTION('',(-0.707106820699176,-0.707106741673917,0.));
#11219=DIRECTION('center_axis',(0.,1.,0.));
#11220=DIRECTION('ref_axis',(1.,0.,0.));
#11221=DIRECTION('',(0.,0.,1.));
#11222=DIRECTION('',(-1.,0.,0.));
#11223=DIRECTION('center_axis',(0.707106820699176,0.707106741673917,0.));
#11224=DIRECTION('ref_axis',(0.707106741673917,-0.707106820699176,0.));
#11225=DIRECTION('',(0.,0.,-1.));
#11226=DIRECTION('',(-0.707106741673917,0.707106820699176,0.));
#11227=DIRECTION('center_axis',(-0.707106741673917,0.707106820699176,0.));
#11228=DIRECTION('ref_axis',(0.707106820699176,0.707106741673917,0.));
#11229=DIRECTION('',(0.,0.,-1.));
#11230=DIRECTION('',(-0.707106820699176,-0.707106741673917,0.));
#11231=DIRECTION('center_axis',(0.,1.,0.));
#11232=DIRECTION('ref_axis',(1.,0.,0.));
#11233=DIRECTION('',(0.,0.,1.));
#11234=DIRECTION('',(-1.,0.,0.));
#11235=DIRECTION('center_axis',(0.707106820699176,0.707106741673917,0.));
#11236=DIRECTION('ref_axis',(0.707106741673917,-0.707106820699176,0.));
#11237=DIRECTION('',(0.,0.,-1.));
#11238=DIRECTION('',(-0.707106741673917,0.707106820699176,0.));
#11239=DIRECTION('center_axis',(-0.707106741673917,0.707106820699176,0.));
#11240=DIRECTION('ref_axis',(0.707106820699176,0.707106741673917,0.));
#11241=DIRECTION('',(0.,0.,-1.));
#11242=DIRECTION('',(-0.707106820699176,-0.707106741673917,0.));
#11243=DIRECTION('center_axis',(0.,0.,-1.));
#11244=DIRECTION('ref_axis',(0.,1.,0.));
#11245=DIRECTION('',(0.,0.,-1.));
#11246=DIRECTION('center_axis',(0.,0.,-1.));
#11247=DIRECTION('ref_axis',(-1.,0.,0.));
#11248=DIRECTION('center_axis',(0.,-1.,0.));
#11249=DIRECTION('ref_axis',(-1.,0.,0.));
#11250=DIRECTION('',(0.,0.,1.));
#11251=DIRECTION('',(1.,0.,0.));
#11252=DIRECTION('center_axis',(0.,0.,1.));
#11253=DIRECTION('ref_axis',(1.,0.,0.));
#11254=DIRECTION('center_axis',(0.,0.,1.));
#11255=DIRECTION('ref_axis',(0.,-1.,0.));
#11256=DIRECTION('',(1.,0.,0.));
#11257=DIRECTION('center_axis',(0.,0.,1.));
#11258=DIRECTION('ref_axis',(0.,1.,0.));
#11259=DIRECTION('',(-1.,0.,0.));
#11260=DIRECTION('center_axis',(0.,0.,-1.));
#11261=DIRECTION('ref_axis',(-1.,0.,0.));
#11262=DIRECTION('',(-1.,0.,0.));
#11263=DIRECTION('',(-0.707105977761756,-0.707107584610427,0.));
#11264=DIRECTION('',(-0.707107584610427,0.707105977761756,0.));
#11265=DIRECTION('',(-1.,0.,0.));
#11266=DIRECTION('',(-0.707105977761756,-0.707107584610427,0.));
#11267=DIRECTION('',(-0.707107584610427,0.707105977761756,0.));
#11268=DIRECTION('',(-1.,0.,0.));
#11269=DIRECTION('',(-0.707105977761756,-0.707107584610427,0.));
#11270=DIRECTION('',(-0.707107584610427,0.707105977761756,0.));
#11271=DIRECTION('',(-1.,0.,0.));
#11272=DIRECTION('',(-0.707105977761756,-0.707107584610427,0.));
#11273=DIRECTION('',(-0.707107584610427,0.707105977761756,0.));
#11274=DIRECTION('',(-1.,0.,0.));
#11275=DIRECTION('',(-0.707105977761756,-0.707107584610427,0.));
#11276=DIRECTION('',(-0.707107584610427,0.707105977761756,0.));
#11277=DIRECTION('',(-1.,0.,0.));
#11278=DIRECTION('',(-0.707105977761756,-0.707107584610427,0.));
#11279=DIRECTION('',(-0.707107584610427,0.707105977761756,0.));
#11280=DIRECTION('',(-1.,0.,0.));
#11281=DIRECTION('',(-0.707105977761756,-0.707107584610427,0.));
#11282=DIRECTION('',(-0.707107584610427,0.707105977761756,0.));
#11283=DIRECTION('',(-1.,0.,0.));
#11284=DIRECTION('',(-0.707105977761756,-0.707107584610427,0.));
#11285=DIRECTION('',(-0.707107584610427,0.707105977761756,0.));
#11286=DIRECTION('',(-1.,0.,0.));
#11287=DIRECTION('',(-0.707105977761756,-0.707107584610427,0.));
#11288=DIRECTION('',(-0.707107584610427,0.707105977761756,0.));
#11289=DIRECTION('',(-1.,0.,0.));
#11290=DIRECTION('',(-0.707105977761756,-0.707107584610427,0.));
#11291=DIRECTION('',(-0.707107584610427,0.707105977761756,0.));
#11292=DIRECTION('center_axis',(0.,0.,-1.));
#11293=DIRECTION('ref_axis',(1.,0.,0.));
#11294=DIRECTION('',(1.,0.,0.));
#11295=DIRECTION('',(0.707105977761757,0.707107584610425,0.));
#11296=DIRECTION('',(0.707107584610424,-0.707105977761758,0.));
#11297=DIRECTION('',(1.,0.,0.));
#11298=DIRECTION('',(0.707105977761757,0.707107584610425,0.));
#11299=DIRECTION('',(0.707107584610424,-0.707105977761758,0.));
#11300=DIRECTION('',(1.,0.,0.));
#11301=DIRECTION('',(0.707105977761757,0.707107584610425,0.));
#11302=DIRECTION('',(0.707107584610424,-0.707105977761758,0.));
#11303=DIRECTION('',(1.,0.,0.));
#11304=DIRECTION('',(0.707105977761757,0.707107584610425,0.));
#11305=DIRECTION('',(0.707107584610424,-0.707105977761758,0.));
#11306=DIRECTION('',(1.,0.,0.));
#11307=DIRECTION('',(0.707105977761757,0.707107584610425,0.));
#11308=DIRECTION('',(0.707107584610424,-0.707105977761758,0.));
#11309=DIRECTION('',(1.,0.,0.));
#11310=DIRECTION('',(0.707105977761757,0.707107584610425,0.));
#11311=DIRECTION('',(0.707107584610424,-0.707105977761758,0.));
#11312=DIRECTION('',(1.,0.,0.));
#11313=DIRECTION('',(0.707105977761757,0.707107584610425,0.));
#11314=DIRECTION('',(0.707107584610424,-0.707105977761758,0.));
#11315=DIRECTION('',(1.,0.,0.));
#11316=DIRECTION('',(0.707105977761757,0.707107584610425,0.));
#11317=DIRECTION('',(0.707107584610424,-0.707105977761758,0.));
#11318=DIRECTION('',(1.,0.,0.));
#11319=DIRECTION('',(0.707105977761757,0.707107584610425,0.));
#11320=DIRECTION('',(0.707107584610424,-0.707105977761758,0.));
#11321=DIRECTION('',(1.,0.,0.));
#11322=DIRECTION('',(0.707105977761757,0.707107584610425,0.));
#11323=DIRECTION('',(0.707107584610424,-0.707105977761758,0.));
#11324=DIRECTION('center_axis',(-0.707105977761757,-0.707107584610425,0.));
#11325=DIRECTION('ref_axis',(0.500000568106473,-0.49999943189288,-0.707106781186549));
#11326=DIRECTION('center_axis',(-0.92387931510608,-0.382683957227267,-2.05142417521138E-15));
#11327=DIRECTION('ref_axis',(-0.382683957227267,0.92387931510608,-4.952568107946E-15));
#11328=DIRECTION('',(-0.707105977761757,-0.707107584610425,0.));
#11329=DIRECTION('center_axis',(-0.999999999999355,-1.13621358909939E-6,
0.));
#11330=DIRECTION('ref_axis',(1.13621358909939E-6,-0.999999999999355,0.));
#11331=DIRECTION('center_axis',(-1.,0.,0.));
#11332=DIRECTION('ref_axis',(0.,-0.707106781186549,-0.707106781186546));
#11333=DIRECTION('center_axis',(-0.923879749916196,0.382682907502788,-5.12856285170946E-16));
#11334=DIRECTION('ref_axis',(0.382682907502788,0.923879749916196,-1.23814658872171E-15));
#11335=DIRECTION('',(-1.,0.,0.));
#11336=DIRECTION('center_axis',(-0.707107584610424,0.707105977761759,0.));
#11337=DIRECTION('ref_axis',(-0.499999431892884,-0.500000568106471,-0.707106781186547));
#11338=DIRECTION('center_axis',(-0.999999999999355,-1.1362135875293E-6,
1.11022302462444E-15));
#11339=DIRECTION('ref_axis',(1.1362135875293E-6,-0.999999999999355,1.11022302462444E-15));
#11340=DIRECTION('',(-0.707107584610424,0.707105977761758,0.));
#11341=DIRECTION('center_axis',(-0.707105977761757,-0.707107584610425,0.));
#11342=DIRECTION('ref_axis',(0.500000568106473,-0.49999943189288,-0.707106781186549));
#11343=DIRECTION('center_axis',(-0.92387931510608,-0.382683957227266,-1.02571208760569E-15));
#11344=DIRECTION('ref_axis',(-0.382683957227266,0.92387931510608,-2.47628405397299E-15));
#11345=DIRECTION('',(-0.707105977761757,-0.707107584610425,0.));
#11346=DIRECTION('center_axis',(-1.,0.,0.));
#11347=DIRECTION('ref_axis',(0.,-0.707106781186549,-0.707106781186546));
#11348=DIRECTION('center_axis',(-0.923879749916194,0.382682907502793,0.));
#11349=DIRECTION('ref_axis',(0.382682907502793,0.923879749916194,0.));
#11350=DIRECTION('',(-1.,0.,0.));
#11351=DIRECTION('center_axis',(-0.707107584610424,0.707105977761759,0.));
#11352=DIRECTION('ref_axis',(-0.499999431892884,-0.500000568106471,-0.707106781186547));
#11353=DIRECTION('center_axis',(-0.999999999999355,-1.13621358831434E-6,
-5.5511151231222E-16));
#11354=DIRECTION('ref_axis',(1.13621358831434E-6,-0.999999999999354,-5.55111512312219E-16));
#11355=DIRECTION('',(-0.707107584610424,0.707105977761758,0.));
#11356=DIRECTION('center_axis',(-0.707105977761757,-0.707107584610425,0.));
#11357=DIRECTION('ref_axis',(0.500000568106472,-0.499999431892885,-0.707106781186546));
#11358=DIRECTION('center_axis',(-0.92387931510608,-0.382683957227268,0.));
#11359=DIRECTION('ref_axis',(-0.382683957227268,0.92387931510608,0.));
#11360=DIRECTION('',(-0.707105977761757,-0.707107584610425,0.));
#11361=DIRECTION('center_axis',(-1.,0.,0.));
#11362=DIRECTION('ref_axis',(0.,-0.707106781186549,-0.707106781186546));
#11363=DIRECTION('center_axis',(-0.923879749916196,0.382682907502788,0.));
#11364=DIRECTION('ref_axis',(0.382682907502788,0.923879749916196,0.));
#11365=DIRECTION('',(-1.,0.,0.));
#11366=DIRECTION('center_axis',(-0.707107584610424,0.707105977761759,0.));
#11367=DIRECTION('ref_axis',(-0.499999431892883,-0.500000568106472,-0.707106781186548));
#11368=DIRECTION('center_axis',(-0.999999999999355,-1.13621358831435E-6,
1.11022302462444E-15));
#11369=DIRECTION('ref_axis',(1.13621358831435E-6,-0.999999999999354,1.11022302462444E-15));
#11370=DIRECTION('',(-0.707107584610424,0.707105977761758,0.));
#11371=DIRECTION('center_axis',(-0.707105977761757,-0.707107584610425,0.));
#11372=DIRECTION('ref_axis',(0.500000568106471,-0.499999431892885,-0.707106781186546));
#11373=DIRECTION('center_axis',(-0.92387931510608,-0.382683957227266,0.));
#11374=DIRECTION('ref_axis',(-0.382683957227266,0.92387931510608,0.));
#11375=DIRECTION('',(-0.707105977761757,-0.707107584610425,0.));
#11376=DIRECTION('center_axis',(-1.,0.,0.));
#11377=DIRECTION('ref_axis',(0.,-0.707106781186549,-0.707106781186546));
#11378=DIRECTION('center_axis',(-0.923879749916194,0.382682907502792,0.));
#11379=DIRECTION('ref_axis',(0.382682907502792,0.923879749916194,0.));
#11380=DIRECTION('',(-1.,0.,0.));
#11381=DIRECTION('center_axis',(-0.707107584610424,0.707105977761759,0.));
#11382=DIRECTION('ref_axis',(-0.499999431892885,-0.500000568106471,-0.707106781186546));
#11383=DIRECTION('center_axis',(-0.999999999999355,-1.1362135875293E-6,
2.22044604924888E-15));
#11384=DIRECTION('ref_axis',(1.1362135875293E-6,-0.999999999999355,2.22044604924888E-15));
#11385=DIRECTION('',(-0.707107584610424,0.707105977761758,0.));
#11386=DIRECTION('center_axis',(-0.707105977761757,-0.707107584610425,0.));
#11387=DIRECTION('ref_axis',(0.500000568106471,-0.499999431892885,-0.707106781186546));
#11388=DIRECTION('center_axis',(-0.92387931510608,-0.382683957227267,0.));
#11389=DIRECTION('ref_axis',(-0.382683957227267,0.92387931510608,0.));
#11390=DIRECTION('',(-0.707105977761757,-0.707107584610425,0.));
#11391=DIRECTION('center_axis',(-1.,0.,0.));
#11392=DIRECTION('ref_axis',(0.,-0.707106781186549,-0.707106781186546));
#11393=DIRECTION('center_axis',(-0.923879749916195,0.38268290750279,0.));
#11394=DIRECTION('ref_axis',(0.38268290750279,0.923879749916195,0.));
#11395=DIRECTION('',(-1.,0.,0.));
#11396=DIRECTION('center_axis',(-0.707107584610424,0.707105977761759,0.));
#11397=DIRECTION('ref_axis',(-0.499999431892883,-0.500000568106472,-0.707106781186548));
#11398=DIRECTION('center_axis',(-0.999999999999355,-1.13621358909939E-6,
0.));
#11399=DIRECTION('ref_axis',(1.13621358909939E-6,-0.999999999999355,0.));
#11400=DIRECTION('',(-0.707107584610424,0.707105977761758,0.));
#11401=DIRECTION('center_axis',(-0.707105977761757,-0.707107584610425,0.));
#11402=DIRECTION('ref_axis',(0.500000568106473,-0.49999943189288,-0.707106781186549));
#11403=DIRECTION('center_axis',(-0.923879315106081,-0.382683957227265,0.));
#11404=DIRECTION('ref_axis',(-0.382683957227265,0.923879315106081,0.));
#11405=DIRECTION('',(-0.707105977761757,-0.707107584610425,0.));
#11406=DIRECTION('center_axis',(-1.,0.,0.));
#11407=DIRECTION('ref_axis',(0.,-0.707106781186549,-0.707106781186546));
#11408=DIRECTION('center_axis',(-0.923879749916196,0.382682907502786,1.69945350016037E-15));
#11409=DIRECTION('ref_axis',(0.382682907502786,0.923879749916196,4.10285028136757E-15));
#11410=DIRECTION('',(-1.,0.,0.));
#11411=DIRECTION('center_axis',(-0.707107584610424,0.707105977761759,0.));
#11412=DIRECTION('ref_axis',(-0.49999943189288,-0.500000568106473,-0.707106781186549));
#11413=DIRECTION('center_axis',(-0.999999999999355,-1.13621358595921E-6,
-5.04580193609531E-21));
#11414=DIRECTION('ref_axis',(1.13621358595921E-6,-0.999999999999355,-5.04580193609533E-21));
#11415=DIRECTION('',(-0.707107584610424,0.707105977761758,0.));
#11416=DIRECTION('center_axis',(-0.707105977761757,-0.707107584610425,0.));
#11417=DIRECTION('ref_axis',(0.500000568106473,-0.49999943189288,-0.707106781186549));
#11418=DIRECTION('center_axis',(-0.923879315106081,-0.382683957227265,0.));
#11419=DIRECTION('ref_axis',(-0.382683957227265,0.923879315106081,0.));
#11420=DIRECTION('',(-0.707105977761757,-0.707107584610425,0.));
#11421=DIRECTION('center_axis',(0.,0.,-1.));
#11422=DIRECTION('ref_axis',(0.997194971107138,-0.0748477761769532,0.));
#11423=DIRECTION('center_axis',(0.,0.,1.));
#11424=DIRECTION('ref_axis',(1.,0.,0.));
#11425=DIRECTION('center_axis',(1.,0.,0.));
#11426=DIRECTION('ref_axis',(0.,-1.,0.));
#11427=DIRECTION('center_axis',(0.707107584610427,-0.707105977761756,0.));
#11428=DIRECTION('ref_axis',(0.499999431892881,0.500000568106477,-0.707106781186545));
#11429=DIRECTION('center_axis',(0.999999999999355,1.13621358909939E-6,0.));
#11430=DIRECTION('ref_axis',(-1.13621358909939E-6,0.999999999999355,0.));
#11431=DIRECTION('',(0.707107584610427,-0.707105977761756,0.));
#11432=DIRECTION('center_axis',(0.707105977761756,0.707107584610427,0.));
#11433=DIRECTION('ref_axis',(-0.500000568106473,0.49999943189288,-0.707106781186549));
#11434=DIRECTION('center_axis',(0.923879315106085,0.382683957227254,0.));
#11435=DIRECTION('ref_axis',(0.382683957227254,-0.923879315106085,0.));
#11436=DIRECTION('',(0.707105977761756,0.707107584610427,0.));
#11437=DIRECTION('center_axis',(1.,0.,0.));
#11438=DIRECTION('ref_axis',(0.,0.707106781186549,-0.707106781186546));
#11439=DIRECTION('center_axis',(0.923879749916196,-0.382682907502786,-4.10285028136757E-15));
#11440=DIRECTION('ref_axis',(-0.382682907502786,-0.923879749916196,-9.90517270977374E-15));
#11441=DIRECTION('',(1.,0.,0.));
#11442=DIRECTION('center_axis',(0.707107584610427,-0.707105977761756,0.));
#11443=DIRECTION('ref_axis',(0.499999431892883,0.500000568106472,-0.707106781186548));
#11444=DIRECTION('center_axis',(0.999999999999355,1.13621359223958E-6,0.));
#11445=DIRECTION('ref_axis',(-1.13621359223958E-6,0.999999999999355,0.));
#11446=DIRECTION('',(0.707107584610427,-0.707105977761756,0.));
#11447=DIRECTION('center_axis',(0.707105977761756,0.707107584610427,0.));
#11448=DIRECTION('ref_axis',(-0.500000568106473,0.49999943189288,-0.707106781186549));
#11449=DIRECTION('center_axis',(0.923879315106081,0.382683957227265,0.));
#11450=DIRECTION('ref_axis',(0.382683957227265,-0.923879315106081,0.));
#11451=DIRECTION('',(0.707105977761756,0.707107584610427,0.));
#11452=DIRECTION('center_axis',(1.,0.,0.));
#11453=DIRECTION('ref_axis',(0.,0.707106781186549,-0.707106781186546));
#11454=DIRECTION('center_axis',(0.923879749916198,-0.382682907502783,0.));
#11455=DIRECTION('ref_axis',(-0.382682907502783,-0.923879749916198,0.));
#11456=DIRECTION('',(1.,0.,0.));
#11457=DIRECTION('center_axis',(0.707107584610427,-0.707105977761756,0.));
#11458=DIRECTION('ref_axis',(0.499999431892883,0.500000568106472,-0.707106781186548));
#11459=DIRECTION('center_axis',(0.999999999999355,1.13621359380967E-6,2.22044604924888E-15));
#11460=DIRECTION('ref_axis',(-1.13621359380967E-6,0.999999999999355,2.22044604924887E-15));
#11461=DIRECTION('',(0.707107584610427,-0.707105977761756,0.));
#11462=DIRECTION('center_axis',(0.707105977761756,0.707107584610427,0.));
#11463=DIRECTION('ref_axis',(-0.500000568106473,0.499999431892884,-0.707106781186545));
#11464=DIRECTION('center_axis',(0.923879315106081,0.382683957227265,2.05142417521138E-15));
#11465=DIRECTION('ref_axis',(0.382683957227265,-0.923879315106081,4.95256810794594E-15));
#11466=DIRECTION('',(0.707105977761756,0.707107584610427,0.));
#11467=DIRECTION('center_axis',(1.,0.,0.));
#11468=DIRECTION('ref_axis',(0.,0.707106781186549,-0.707106781186546));
#11469=DIRECTION('center_axis',(0.923879749916199,-0.382682907502781,-4.10285028136758E-15));
#11470=DIRECTION('ref_axis',(-0.382682907502781,-0.923879749916199,-9.90517270977393E-15));
#11471=DIRECTION('',(1.,0.,0.));
#11472=DIRECTION('center_axis',(0.707107584610427,-0.707105977761756,0.));
#11473=DIRECTION('ref_axis',(0.49999943189288,0.500000568106473,-0.707106781186549));
#11474=DIRECTION('center_axis',(0.999999999999355,1.13621359302462E-6,-1.11022302462444E-15));
#11475=DIRECTION('ref_axis',(-1.13621359302462E-6,0.999999999999355,-1.11022302462444E-15));
#11476=DIRECTION('',(0.707107584610427,-0.707105977761756,0.));
#11477=DIRECTION('center_axis',(0.707105977761756,0.707107584610427,0.));
#11478=DIRECTION('ref_axis',(-0.500000568106472,0.499999431892885,-0.707106781186546));
#11479=DIRECTION('center_axis',(0.92387931510608,0.382683957227266,-1.02571208760569E-15));
#11480=DIRECTION('ref_axis',(0.382683957227266,-0.92387931510608,-2.47628405397298E-15));
#11481=DIRECTION('',(0.707105977761756,0.707107584610427,0.));
#11482=DIRECTION('center_axis',(1.,0.,0.));
#11483=DIRECTION('ref_axis',(0.,0.707106781186549,-0.707106781186546));
#11484=DIRECTION('',(1.,0.,0.));
#11485=DIRECTION('center_axis',(0.923879749916195,-0.382682907502789,-1.69945350016038E-15));
#11486=DIRECTION('ref_axis',(-0.382682907502789,-0.923879749916196,-4.10285028136757E-15));
#11487=DIRECTION('center_axis',(0.707107584610427,-0.707105977761756,0.));
#11488=DIRECTION('ref_axis',(0.499999431892881,0.500000568106472,-0.707106781186548));
#11489=DIRECTION('',(0.707107584610427,-0.707105977761756,0.));
#11490=DIRECTION('center_axis',(0.999999999999355,1.13621359223958E-6,-5.5511151231222E-16));
#11491=DIRECTION('ref_axis',(-1.13621359223958E-6,0.999999999999354,-5.55111512312219E-16));
#11492=DIRECTION('center_axis',(0.707105977761756,0.707107584610427,0.));
#11493=DIRECTION('ref_axis',(-0.500000568106473,0.499999431892885,-0.707106781186546));
#11494=DIRECTION('',(0.707105977761756,0.707107584610427,0.));
#11495=DIRECTION('center_axis',(0.92387931510608,0.382683957227267,0.));
#11496=DIRECTION('ref_axis',(0.382683957227267,-0.92387931510608,0.));
#11497=DIRECTION('center_axis',(1.,0.,0.));
#11498=DIRECTION('ref_axis',(0.,0.707106781186549,-0.707106781186546));
#11499=DIRECTION('',(1.,0.,0.));
#11500=DIRECTION('center_axis',(0.923879749916196,-0.382682907502788,5.12856285170946E-16));
#11501=DIRECTION('ref_axis',(-0.382682907502788,-0.923879749916196,1.23814658872171E-15));
#11502=DIRECTION('center_axis',(0.707107584610427,-0.707105977761756,0.));
#11503=DIRECTION('ref_axis',(0.499999431892881,0.500000568106472,-0.707106781186548));
#11504=DIRECTION('',(0.707107584610427,-0.707105977761756,0.));
#11505=DIRECTION('center_axis',(0.999999999999355,1.1362135926321E-6,5.5511151231222E-16));
#11506=DIRECTION('ref_axis',(-1.1362135926321E-6,0.999999999999355,5.55111512312219E-16));
#11507=DIRECTION('center_axis',(0.707105977761756,0.707107584610427,0.));
#11508=DIRECTION('ref_axis',(-0.500000568106475,0.49999943189288,-0.707106781186548));
#11509=DIRECTION('',(0.707105977761756,0.707107584610427,0.));
#11510=DIRECTION('center_axis',(0.923879315106079,0.382683957227269,-1.02571208760569E-15));
#11511=DIRECTION('ref_axis',(0.382683957227269,-0.923879315106079,-2.476284053973E-15));
#11512=DIRECTION('center_axis',(1.,0.,0.));
#11513=DIRECTION('ref_axis',(0.,0.707106781186549,-0.707106781186546));
#11514=DIRECTION('',(1.,0.,0.));
#11515=DIRECTION('center_axis',(0.923879749916198,-0.382682907502783,0.));
#11516=DIRECTION('ref_axis',(-0.382682907502783,-0.923879749916198,0.));
#11517=DIRECTION('center_axis',(0.707107584610427,-0.707105977761756,0.));
#11518=DIRECTION('ref_axis',(0.49999943189288,0.500000568106473,-0.707106781186549));
#11519=DIRECTION('',(0.707107584610427,-0.707105977761756,0.));
#11520=DIRECTION('center_axis',(0.999999999999355,1.13621359302462E-6,1.11022302462444E-15));
#11521=DIRECTION('ref_axis',(-1.13621359302462E-6,0.999999999999355,1.11022302462444E-15));
#11522=DIRECTION('center_axis',(0.707105977761756,0.707107584610427,0.));
#11523=DIRECTION('ref_axis',(-0.500000568106475,0.49999943189288,-0.707106781186548));
#11524=DIRECTION('',(0.707105977761756,0.707107584610427,0.));
#11525=DIRECTION('center_axis',(0.92387931510608,0.382683957227267,0.));
#11526=DIRECTION('ref_axis',(0.382683957227267,-0.92387931510608,0.));
#11527=DIRECTION('center_axis',(1.,0.,0.));
#11528=DIRECTION('ref_axis',(0.,0.707106781186549,-0.707106781186546));
#11529=DIRECTION('',(1.,0.,0.));
#11530=DIRECTION('center_axis',(0.923879749916196,-0.382682907502786,0.));
#11531=DIRECTION('ref_axis',(-0.382682907502786,-0.923879749916196,0.));
#11532=DIRECTION('center_axis',(0.707107584610427,-0.707105977761756,0.));
#11533=DIRECTION('ref_axis',(0.499999431892883,0.500000568106472,-0.707106781186548));
#11534=DIRECTION('',(0.707107584610427,-0.707105977761756,0.));
#11535=DIRECTION('center_axis',(0.999999999999355,1.13621359380967E-6,2.22044604924888E-15));
#11536=DIRECTION('ref_axis',(-1.13621359380967E-6,0.999999999999355,2.22044604924887E-15));
#11537=DIRECTION('center_axis',(-1.,0.,0.));
#11538=DIRECTION('ref_axis',(0.,-0.707106781186549,-0.707106781186546));
#11539=DIRECTION('',(-1.,0.,0.));
#11540=DIRECTION('center_axis',(0.707105977761756,0.707107584610427,0.));
#11541=DIRECTION('ref_axis',(-0.500000568106473,0.499999431892884,-0.707106781186545));
#11542=DIRECTION('',(0.707105977761756,0.707107584610427,0.));
#11543=DIRECTION('center_axis',(0.923879315106079,0.38268395722727,0.));
#11544=DIRECTION('ref_axis',(0.38268395722727,-0.923879315106079,0.));
#11545=DIRECTION('center_axis',(1.,0.,0.));
#11546=DIRECTION('ref_axis',(0.,0.707106781186549,-0.707106781186546));
#11547=DIRECTION('',(1.,0.,0.));
#11548=DIRECTION('center_axis',(0.923879749916195,-0.38268290750279,0.));
#11549=DIRECTION('ref_axis',(-0.38268290750279,-0.923879749916195,0.));
#11550=DIRECTION('center_axis',(0.707107584610427,-0.707105977761756,0.));
#11551=DIRECTION('ref_axis',(0.499999431892883,0.500000568106472,-0.707106781186548));
#11552=DIRECTION('',(0.707107584610427,-0.707105977761756,0.));
#11553=DIRECTION('center_axis',(0.999999999999355,1.13621359223957E-6,0.));
#11554=DIRECTION('ref_axis',(-1.13621359223957E-6,0.999999999999355,0.));
#11555=DIRECTION('center_axis',(0.707105977761756,0.707107584610427,0.));
#11556=DIRECTION('ref_axis',(-0.500000568106473,0.499999431892884,-0.707106781186545));
#11557=DIRECTION('',(0.707105977761756,0.707107584610427,0.));
#11558=DIRECTION('center_axis',(0.923879315106078,0.382683957227272,-4.10284835042275E-15));
#11559=DIRECTION('ref_axis',(0.382683957227272,-0.923879315106078,-9.90513621589207E-15));
#11560=DIRECTION('center_axis',(1.,0.,0.));
#11561=DIRECTION('ref_axis',(0.,0.707106781186549,-0.707106781186546));
#11562=DIRECTION('',(1.,0.,0.));
#11563=DIRECTION('center_axis',(0.923879749916201,-0.382682907502776,0.));
#11564=DIRECTION('ref_axis',(-0.382682907502776,-0.923879749916201,0.));
#11565=DIRECTION('center_axis',(0.707107584610427,-0.707105977761756,0.));
#11566=DIRECTION('ref_axis',(0.499999431892879,0.500000568106477,-0.707106781186546));
#11567=DIRECTION('',(0.707107584610427,-0.707105977761756,0.));
#11568=DIRECTION('center_axis',(0.999999999999355,1.13621359223958E-6,-5.04580196398577E-21));
#11569=DIRECTION('ref_axis',(-1.13621359223958E-6,0.999999999999354,-5.04580196398577E-21));
#11570=DIRECTION('center_axis',(0.707105977761756,0.707107584610427,0.));
#11571=DIRECTION('ref_axis',(-0.500000568106471,0.499999431892885,-0.707106781186546));
#11572=DIRECTION('',(0.707105977761756,0.707107584610427,0.));
#11573=DIRECTION('center_axis',(0.923879315106079,0.382683957227268,0.));
#11574=DIRECTION('ref_axis',(0.382683957227268,-0.923879315106079,0.));
#11575=DIRECTION('center_axis',(0.,0.,1.));
#11576=DIRECTION('ref_axis',(-0.997194983727941,0.0748476080301217,0.));
#11577=DIRECTION('center_axis',(0.,0.,1.));
#11578=DIRECTION('ref_axis',(-1.,0.,0.));
#11579=DIRECTION('center_axis',(-1.,0.,0.));
#11580=DIRECTION('ref_axis',(0.,1.,0.));
#11581=DIRECTION('center_axis',(1.,0.,0.));
#11582=DIRECTION('ref_axis',(0.,0.707106781186549,-0.707106781186546));
#11583=DIRECTION('',(1.,0.,0.));
#11584=DIRECTION('center_axis',(-0.707107584610424,0.707105977761759,0.));
#11585=DIRECTION('ref_axis',(-0.49999943189288,-0.500000568106473,-0.707106781186549));
#11586=DIRECTION('',(-0.707107584610424,0.707105977761758,0.));
#11587=DIRECTION('center_axis',(-0.999999999999355,-1.13621358909939E-6,
0.));
#11588=DIRECTION('ref_axis',(1.13621358909939E-6,-0.999999999999355,0.));
#11589=DIRECTION('center_axis',(-0.707105977761757,-0.707107584610425,0.));
#11590=DIRECTION('ref_axis',(0.500000568106471,-0.499999431892885,-0.707106781186546));
#11591=DIRECTION('',(-0.707105977761757,-0.707107584610425,0.));
#11592=DIRECTION('center_axis',(-0.923879315106079,-0.382683957227268,-8.20569670084552E-15));
#11593=DIRECTION('ref_axis',(-0.382683957227268,0.923879315106079,-1.98102724317841E-14));
#11594=DIRECTION('center_axis',(-1.,0.,0.));
#11595=DIRECTION('ref_axis',(0.,-0.707106781186549,-0.707106781186546));
#11596=DIRECTION('',(-1.,0.,0.));
#11597=DIRECTION('center_axis',(-0.923879749916194,0.382682907502793,0.));
#11598=DIRECTION('ref_axis',(0.382682907502793,0.923879749916194,0.));
#11599=DIRECTION('center_axis',(-0.707107584610424,0.707105977761759,0.));
#11600=DIRECTION('ref_axis',(-0.499999431892885,-0.500000568106471,-0.707106781186546));
#11601=DIRECTION('',(-0.707107584610424,0.707105977761758,0.));
#11602=DIRECTION('center_axis',(-0.999999999999355,-1.13621358909939E-6,
0.));
#11603=DIRECTION('ref_axis',(1.13621358909939E-6,-0.999999999999355,0.));
#11604=DIRECTION('center_axis',(-0.707105977761757,-0.707107584610425,0.));
#11605=DIRECTION('ref_axis',(0.500000568106475,-0.49999943189288,-0.707106781186548));
#11606=DIRECTION('',(-0.707105977761757,-0.707107584610425,0.));
#11607=DIRECTION('center_axis',(-0.923879315106076,-0.382683957227275,0.));
#11608=DIRECTION('ref_axis',(-0.382683957227275,0.923879315106076,0.));
#11609=DIRECTION('center_axis',(-1.,0.,0.));
#11610=DIRECTION('ref_axis',(0.,-0.707106781186549,-0.707106781186546));
#11611=DIRECTION('',(-1.,0.,0.));
#11612=DIRECTION('center_axis',(-0.923879749916194,0.382682907502793,0.));
#11613=DIRECTION('ref_axis',(0.382682907502793,0.923879749916194,0.));
#11614=DIRECTION('center_axis',(-0.707107584610424,0.707105977761759,0.));
#11615=DIRECTION('ref_axis',(-0.499999431892883,-0.500000568106472,-0.707106781186548));
#11616=DIRECTION('',(-0.707107584610424,0.707105977761758,0.));
#11617=DIRECTION('center_axis',(-0.999999999999355,-1.1362135875293E-6,
0.));
#11618=DIRECTION('ref_axis',(1.1362135875293E-6,-0.999999999999355,0.));
#11619=DIRECTION('center_axis',(-0.707105977761757,-0.707107584610425,0.));
#11620=DIRECTION('ref_axis',(0.500000568106473,-0.49999943189288,-0.707106781186549));
#11621=DIRECTION('',(-0.707105977761757,-0.707107584610425,0.));
#11622=DIRECTION('center_axis',(-0.923879315106079,-0.382683957227268,0.));
#11623=DIRECTION('ref_axis',(-0.382683957227268,0.923879315106079,0.));
#11624=DIRECTION('center_axis',(-1.,0.,0.));
#11625=DIRECTION('ref_axis',(0.,-0.707106781186549,-0.707106781186546));
#11626=DIRECTION('',(-1.,0.,0.));
#11627=DIRECTION('center_axis',(-0.923879749916194,0.382682907502792,0.));
#11628=DIRECTION('ref_axis',(0.382682907502792,0.923879749916194,0.));
#11629=DIRECTION('center_axis',(-0.707107584610424,0.707105977761759,0.));
#11630=DIRECTION('ref_axis',(-0.499999431892883,-0.500000568106472,-0.707106781186548));
#11631=DIRECTION('',(-0.707107584610424,0.707105977761758,0.));
#11632=DIRECTION('center_axis',(0.707105977761756,0.707107584610427,0.));
#11633=DIRECTION('ref_axis',(0.707107584610427,-0.707105977761756,0.));
#11634=DIRECTION('',(0.,0.,-1.));
#11635=DIRECTION('',(-0.707107584610427,0.707105977761756,0.));
#11636=DIRECTION('',(0.,0.,-1.));
#11637=DIRECTION('center_axis',(-0.707107584610427,0.707105977761756,0.));
#11638=DIRECTION('ref_axis',(0.707105977761756,0.707107584610427,0.));
#11639=DIRECTION('',(0.,0.,-1.));
#11640=DIRECTION('',(-0.707105977761756,-0.707107584610427,0.));
#11641=DIRECTION('center_axis',(0.,1.,0.));
#11642=DIRECTION('ref_axis',(1.,0.,0.));
#11643=DIRECTION('',(0.,0.,1.));
#11644=DIRECTION('',(-1.,0.,0.));
#11645=DIRECTION('center_axis',(0.707105977761756,0.707107584610427,0.));
#11646=DIRECTION('ref_axis',(0.707107584610427,-0.707105977761756,0.));
#11647=DIRECTION('',(0.,0.,-1.));
#11648=DIRECTION('',(-0.707107584610427,0.707105977761756,0.));
#11649=DIRECTION('center_axis',(-0.707107584610427,0.707105977761756,0.));
#11650=DIRECTION('ref_axis',(0.707105977761756,0.707107584610427,0.));
#11651=DIRECTION('',(0.,0.,-1.));
#11652=DIRECTION('',(-0.707105977761756,-0.707107584610427,0.));
#11653=DIRECTION('center_axis',(0.,1.,0.));
#11654=DIRECTION('ref_axis',(1.,0.,0.));
#11655=DIRECTION('',(0.,0.,1.));
#11656=DIRECTION('',(-1.,0.,0.));
#11657=DIRECTION('center_axis',(0.707105977761756,0.707107584610427,0.));
#11658=DIRECTION('ref_axis',(0.707107584610427,-0.707105977761756,0.));
#11659=DIRECTION('',(0.,0.,-1.));
#11660=DIRECTION('',(-0.707107584610427,0.707105977761756,0.));
#11661=DIRECTION('center_axis',(-0.707107584610427,0.707105977761756,0.));
#11662=DIRECTION('ref_axis',(0.707105977761756,0.707107584610427,0.));
#11663=DIRECTION('',(0.,0.,-1.));
#11664=DIRECTION('',(-0.707105977761756,-0.707107584610427,0.));
#11665=DIRECTION('center_axis',(0.,1.,0.));
#11666=DIRECTION('ref_axis',(1.,0.,0.));
#11667=DIRECTION('',(0.,0.,1.));
#11668=DIRECTION('',(-1.,0.,0.));
#11669=DIRECTION('center_axis',(0.707105977761756,0.707107584610427,0.));
#11670=DIRECTION('ref_axis',(0.707107584610427,-0.707105977761756,0.));
#11671=DIRECTION('',(0.,0.,-1.));
#11672=DIRECTION('',(-0.707107584610427,0.707105977761756,0.));
#11673=DIRECTION('center_axis',(-0.707107584610427,0.707105977761756,0.));
#11674=DIRECTION('ref_axis',(0.707105977761756,0.707107584610427,0.));
#11675=DIRECTION('',(0.,0.,-1.));
#11676=DIRECTION('',(-0.707105977761756,-0.707107584610427,0.));
#11677=DIRECTION('center_axis',(0.,1.,0.));
#11678=DIRECTION('ref_axis',(1.,0.,0.));
#11679=DIRECTION('',(0.,0.,1.));
#11680=DIRECTION('',(-1.,0.,0.));
#11681=DIRECTION('center_axis',(0.707105977761756,0.707107584610427,0.));
#11682=DIRECTION('ref_axis',(0.707107584610427,-0.707105977761756,0.));
#11683=DIRECTION('',(0.,0.,-1.));
#11684=DIRECTION('',(-0.707107584610427,0.707105977761756,0.));
#11685=DIRECTION('center_axis',(-0.707107584610427,0.707105977761756,0.));
#11686=DIRECTION('ref_axis',(0.707105977761756,0.707107584610427,0.));
#11687=DIRECTION('',(0.,0.,-1.));
#11688=DIRECTION('',(-0.707105977761756,-0.707107584610427,0.));
#11689=DIRECTION('center_axis',(0.,1.,0.));
#11690=DIRECTION('ref_axis',(1.,0.,0.));
#11691=DIRECTION('',(0.,0.,1.));
#11692=DIRECTION('',(-1.,0.,0.));
#11693=DIRECTION('center_axis',(0.707105977761756,0.707107584610427,0.));
#11694=DIRECTION('ref_axis',(0.707107584610427,-0.707105977761756,0.));
#11695=DIRECTION('',(0.,0.,-1.));
#11696=DIRECTION('',(-0.707107584610427,0.707105977761756,0.));
#11697=DIRECTION('center_axis',(-0.707107584610427,0.707105977761756,0.));
#11698=DIRECTION('ref_axis',(0.707105977761756,0.707107584610427,0.));
#11699=DIRECTION('',(0.,0.,-1.));
#11700=DIRECTION('',(-0.707105977761756,-0.707107584610427,0.));
#11701=DIRECTION('center_axis',(0.,1.,0.));
#11702=DIRECTION('ref_axis',(1.,0.,0.));
#11703=DIRECTION('',(0.,0.,1.));
#11704=DIRECTION('',(-1.,0.,0.));
#11705=DIRECTION('center_axis',(0.707105977761756,0.707107584610427,0.));
#11706=DIRECTION('ref_axis',(0.707107584610427,-0.707105977761756,0.));
#11707=DIRECTION('',(0.,0.,-1.));
#11708=DIRECTION('',(-0.707107584610427,0.707105977761756,0.));
#11709=DIRECTION('center_axis',(-0.707107584610427,0.707105977761756,0.));
#11710=DIRECTION('ref_axis',(0.707105977761756,0.707107584610427,0.));
#11711=DIRECTION('',(0.,0.,-1.));
#11712=DIRECTION('',(-0.707105977761756,-0.707107584610427,0.));
#11713=DIRECTION('center_axis',(0.,1.,0.));
#11714=DIRECTION('ref_axis',(1.,0.,0.));
#11715=DIRECTION('',(0.,0.,1.));
#11716=DIRECTION('',(-1.,0.,0.));
#11717=DIRECTION('center_axis',(0.707105977761756,0.707107584610427,0.));
#11718=DIRECTION('ref_axis',(0.707107584610427,-0.707105977761756,0.));
#11719=DIRECTION('',(0.,0.,-1.));
#11720=DIRECTION('',(-0.707107584610427,0.707105977761756,0.));
#11721=DIRECTION('center_axis',(-0.707107584610427,0.707105977761756,0.));
#11722=DIRECTION('ref_axis',(0.707105977761756,0.707107584610427,0.));
#11723=DIRECTION('',(0.,0.,-1.));
#11724=DIRECTION('',(-0.707105977761756,-0.707107584610427,0.));
#11725=DIRECTION('center_axis',(0.,1.,0.));
#11726=DIRECTION('ref_axis',(1.,0.,0.));
#11727=DIRECTION('',(0.,0.,1.));
#11728=DIRECTION('',(-1.,0.,0.));
#11729=DIRECTION('center_axis',(0.707105977761756,0.707107584610427,0.));
#11730=DIRECTION('ref_axis',(0.707107584610427,-0.707105977761756,0.));
#11731=DIRECTION('',(0.,0.,-1.));
#11732=DIRECTION('',(-0.707107584610427,0.707105977761756,0.));
#11733=DIRECTION('center_axis',(-0.707107584610427,0.707105977761756,0.));
#11734=DIRECTION('ref_axis',(0.707105977761756,0.707107584610427,0.));
#11735=DIRECTION('',(0.,0.,-1.));
#11736=DIRECTION('',(-0.707105977761756,-0.707107584610427,0.));
#11737=DIRECTION('center_axis',(0.,1.,0.));
#11738=DIRECTION('ref_axis',(1.,0.,0.));
#11739=DIRECTION('',(0.,0.,1.));
#11740=DIRECTION('',(-1.,0.,0.));
#11741=DIRECTION('center_axis',(0.707105977761756,0.707107584610427,0.));
#11742=DIRECTION('ref_axis',(0.707107584610427,-0.707105977761756,0.));
#11743=DIRECTION('',(0.,0.,-1.));
#11744=DIRECTION('',(-0.707107584610427,0.707105977761756,0.));
#11745=DIRECTION('center_axis',(-0.707107584610427,0.707105977761756,0.));
#11746=DIRECTION('ref_axis',(0.707105977761756,0.707107584610427,0.));
#11747=DIRECTION('',(0.,0.,-1.));
#11748=DIRECTION('',(-0.707105977761756,-0.707107584610427,0.));
#11749=DIRECTION('center_axis',(0.,1.,0.));
#11750=DIRECTION('ref_axis',(1.,0.,0.));
#11751=DIRECTION('',(0.,0.,-1.));
#11752=DIRECTION('',(-1.,0.,0.));
#11753=DIRECTION('center_axis',(0.,0.,-1.));
#11754=DIRECTION('ref_axis',(0.,1.,0.));
#11755=DIRECTION('',(0.,0.,-1.));
#11756=DIRECTION('center_axis',(0.,0.,-1.));
#11757=DIRECTION('ref_axis',(-1.,0.,0.));
#11758=DIRECTION('center_axis',(-1.,0.,0.));
#11759=DIRECTION('ref_axis',(0.,0.707106781186549,0.707106781186546));
#11760=DIRECTION('',(1.,0.,0.));
#11761=DIRECTION('center_axis',(-0.923879315106081,-0.382683957227265,-4.10284835042277E-15));
#11762=DIRECTION('ref_axis',(0.382683957227265,-0.923879315106081,-9.90513621589213E-15));
#11763=DIRECTION('center_axis',(-0.923879749916198,0.382682907502783,0.));
#11764=DIRECTION('ref_axis',(0.382682907502783,0.923879749916198,0.));
#11765=DIRECTION('center_axis',(0.707105977761756,0.707107584610427,0.));
#11766=DIRECTION('ref_axis',(-0.500000568106473,0.49999943189288,0.707106781186549));
#11767=DIRECTION('',(0.707105977761756,0.707107584610427,0.));
#11768=DIRECTION('center_axis',(-0.999999999999355,-1.13621358909939E-6,
0.));
#11769=DIRECTION('ref_axis',(1.13621358909939E-6,-0.999999999999355,0.));
#11770=DIRECTION('center_axis',(0.707107584610427,-0.707105977761756,0.));
#11771=DIRECTION('ref_axis',(0.499999431892883,0.500000568106472,0.707106781186548));
#11772=DIRECTION('',(0.707107584610427,-0.707105977761756,0.));
#11773=DIRECTION('center_axis',(-0.923879749916195,0.38268290750279,0.));
#11774=DIRECTION('ref_axis',(0.38268290750279,0.923879749916195,0.));
#11775=DIRECTION('center_axis',(-1.,0.,0.));
#11776=DIRECTION('ref_axis',(0.,0.707106781186549,0.707106781186546));
#11777=DIRECTION('',(1.,0.,0.));
#11778=DIRECTION('center_axis',(-0.923879315106081,-0.382683957227265,0.));
#11779=DIRECTION('ref_axis',(0.382683957227265,-0.923879315106081,0.));
#11780=DIRECTION('center_axis',(0.,0.,1.));
#11781=DIRECTION('ref_axis',(-0.997194983727941,0.0748476080301208,0.));
#11782=DIRECTION('center_axis',(0.,0.,1.));
#11783=DIRECTION('ref_axis',(-1.,0.,0.));
#11784=DIRECTION('center_axis',(-1.,0.,0.));
#11785=DIRECTION('ref_axis',(0.,0.,1.));
#11786=DIRECTION('center_axis',(0.707105977761756,0.707107584610427,0.));
#11787=DIRECTION('ref_axis',(-0.500000568106473,0.49999943189288,0.707106781186549));
#11788=DIRECTION('',(0.707105977761756,0.707107584610427,0.));
#11789=DIRECTION('center_axis',(-0.999999999999355,-1.13621359223958E-6,
5.04580196398576E-21));
#11790=DIRECTION('ref_axis',(1.13621359223958E-6,-0.999999999999355,-5.04580196398576E-21));
#11791=DIRECTION('center_axis',(0.707107584610424,-0.707105977761759,0.));
#11792=DIRECTION('ref_axis',(-0.49999943189288,-0.500000568106473,0.707106781186549));
#11793=DIRECTION('',(0.707107584610424,-0.707105977761758,0.));
#11794=DIRECTION('center_axis',(-0.999999999999355,-1.13621358909939E-6,
0.));
#11795=DIRECTION('ref_axis',(-1.13621358909939E-6,0.999999999999355,0.));
#11796=DIRECTION('',(-0.707107584610424,0.707105977761758,0.));
#11797=DIRECTION('center_axis',(0.707107584610427,-0.707105977761756,0.));
#11798=DIRECTION('ref_axis',(0.49999943189288,0.500000568106473,0.707106781186549));
#11799=DIRECTION('',(0.707107584610427,-0.707105977761756,0.));
#11800=DIRECTION('center_axis',(-0.923879749916197,0.382682907502785,0.));
#11801=DIRECTION('ref_axis',(0.382682907502785,0.923879749916197,0.));
#11802=DIRECTION('center_axis',(-1.,0.,0.));
#11803=DIRECTION('ref_axis',(0.,0.707106781186549,0.707106781186546));
#11804=DIRECTION('',(1.,0.,0.));
#11805=DIRECTION('center_axis',(-0.923879315106081,-0.382683957227264,1.02571208760569E-15));
#11806=DIRECTION('ref_axis',(0.382683957227264,-0.923879315106081,2.47628405397304E-15));
#11807=DIRECTION('center_axis',(0.707105977761756,0.707107584610427,0.));
#11808=DIRECTION('ref_axis',(-0.500000568106475,0.49999943189288,0.707106781186548));
#11809=DIRECTION('',(0.707105977761756,0.707107584610427,0.));
#11810=DIRECTION('center_axis',(-0.999999999999355,-1.13621359223958E-6,
1.11022302462444E-15));
#11811=DIRECTION('ref_axis',(1.13621359223958E-6,-0.999999999999355,-1.11022302462444E-15));
#11812=DIRECTION('center_axis',(0.707107584610424,-0.707105977761759,0.));
#11813=DIRECTION('ref_axis',(-0.499999431892885,-0.500000568106471,0.707106781186546));
#11814=DIRECTION('',(0.707107584610424,-0.707105977761758,0.));
#11815=DIRECTION('center_axis',(-0.999999999999355,-1.13621358909939E-6,
0.));
#11816=DIRECTION('ref_axis',(-1.13621358909939E-6,0.999999999999355,0.));
#11817=DIRECTION('',(-0.707107584610424,0.707105977761758,0.));
#11818=DIRECTION('center_axis',(0.923879749916194,-0.382682907502793,0.));
#11819=DIRECTION('ref_axis',(0.382682907502793,0.923879749916194,0.));
#11820=DIRECTION('center_axis',(0.707107584610427,-0.707105977761756,0.));
#11821=DIRECTION('ref_axis',(0.49999943189288,0.500000568106473,0.707106781186549));
#11822=DIRECTION('',(0.707107584610427,-0.707105977761756,0.));
#11823=DIRECTION('center_axis',(-0.923879749916198,0.382682907502783,0.));
#11824=DIRECTION('ref_axis',(0.382682907502783,0.923879749916198,0.));
#11825=DIRECTION('center_axis',(-1.,0.,0.));
#11826=DIRECTION('ref_axis',(0.,0.707106781186549,0.707106781186546));
#11827=DIRECTION('',(1.,0.,0.));
#11828=DIRECTION('center_axis',(-0.923879315106079,-0.382683957227268,0.));
#11829=DIRECTION('ref_axis',(0.382683957227268,-0.923879315106079,0.));
#11830=DIRECTION('center_axis',(0.707105977761756,0.707107584610427,0.));
#11831=DIRECTION('ref_axis',(-0.500000568106474,0.49999943189288,0.707106781186548));
#11832=DIRECTION('',(0.707105977761756,0.707107584610427,0.));
#11833=DIRECTION('center_axis',(-0.999999999999355,-1.13621359223958E-6,
0.));
#11834=DIRECTION('ref_axis',(1.13621359223958E-6,-0.999999999999355,0.));
#11835=DIRECTION('center_axis',(0.707107584610424,-0.707105977761759,0.));
#11836=DIRECTION('ref_axis',(-0.499999431892883,-0.500000568106472,0.707106781186548));
#11837=DIRECTION('',(0.707107584610424,-0.707105977761758,0.));
#11838=DIRECTION('center_axis',(-0.999999999999355,-1.1362135875293E-6,
0.));
#11839=DIRECTION('ref_axis',(-1.1362135875293E-6,0.999999999999355,0.));
#11840=DIRECTION('',(-0.707107584610424,0.707105977761758,0.));
#11841=DIRECTION('center_axis',(0.923879749916193,-0.382682907502795,-2.05142514068378E-15));
#11842=DIRECTION('ref_axis',(0.382682907502795,0.923879749916193,-4.95258635488691E-15));
#11843=DIRECTION('center_axis',(0.707107584610427,-0.707105977761756,0.));
#11844=DIRECTION('ref_axis',(0.499999431892882,0.500000568106472,0.707106781186548));
#11845=DIRECTION('',(0.707107584610427,-0.707105977761756,0.));
#11846=DIRECTION('center_axis',(-0.923879749916196,0.382682907502787,7.6928442775642E-16));
#11847=DIRECTION('ref_axis',(0.382682907502787,0.923879749916196,-1.85721988308257E-15));
#11848=DIRECTION('center_axis',(-1.,0.,0.));
#11849=DIRECTION('ref_axis',(0.,0.707106781186549,0.707106781186546));
#11850=DIRECTION('',(1.,0.,0.));
#11851=DIRECTION('center_axis',(-0.923879315106079,-0.382683957227268,1.18660211807068E-15));
#11852=DIRECTION('ref_axis',(0.382683957227268,-0.923879315106079,2.86470632343626E-15));
#11853=DIRECTION('center_axis',(0.707105977761756,0.707107584610427,0.));
#11854=DIRECTION('ref_axis',(-0.500000568106472,0.499999431892885,0.707106781186546));
#11855=DIRECTION('',(0.707105977761756,0.707107584610427,0.));
#11856=DIRECTION('center_axis',(-0.999999999999355,-1.13621359223958E-6,
1.11022302462444E-15));
#11857=DIRECTION('ref_axis',(1.13621359223958E-6,-0.999999999999355,-1.11022302462444E-15));
#11858=DIRECTION('center_axis',(0.707107584610424,-0.707105977761759,0.));
#11859=DIRECTION('ref_axis',(-0.499999431892883,-0.500000568106472,0.707106781186548));
#11860=DIRECTION('',(0.707107584610424,-0.707105977761758,0.));
#11861=DIRECTION('center_axis',(-0.999999999999355,-1.13621358909939E-6,
0.));
#11862=DIRECTION('ref_axis',(-1.13621358909939E-6,0.999999999999355,0.));
#11863=DIRECTION('',(-0.707107584610424,0.707105977761758,0.));
#11864=DIRECTION('center_axis',(0.923879749916195,-0.38268290750279,2.05142514068378E-15));
#11865=DIRECTION('ref_axis',(0.38268290750279,0.923879749916195,4.95258635488684E-15));
#11866=DIRECTION('center_axis',(0.707107584610427,-0.707105977761756,0.));
#11867=DIRECTION('ref_axis',(0.499999431892881,0.500000568106473,0.707106781186548));
#11868=DIRECTION('',(0.707107584610427,-0.707105977761756,0.));
#11869=DIRECTION('center_axis',(-0.923879749916196,0.382682907502786,1.02571257034189E-15));
#11870=DIRECTION('ref_axis',(0.382682907502786,0.923879749916196,-2.47629317744342E-15));
#11871=DIRECTION('center_axis',(-1.,0.,0.));
#11872=DIRECTION('ref_axis',(0.,0.707106781186549,0.707106781186546));
#11873=DIRECTION('',(1.,0.,0.));
#11874=DIRECTION('center_axis',(-0.923879315106079,-0.382683957227268,2.72517024947922E-15));
#11875=DIRECTION('ref_axis',(0.382683957227268,-0.923879315106079,6.57913240439576E-15));
#11876=DIRECTION('center_axis',(0.707105977761756,0.707107584610427,0.));
#11877=DIRECTION('ref_axis',(-0.500000568106473,0.499999431892884,0.707106781186545));
#11878=DIRECTION('',(0.707105977761756,0.707107584610427,0.));
#11879=DIRECTION('center_axis',(-0.999999999999355,-1.13621359380967E-6,
1.11022302462444E-15));
#11880=DIRECTION('ref_axis',(1.13621359380967E-6,-0.999999999999355,-1.11022302462444E-15));
#11881=DIRECTION('center_axis',(0.707107584610424,-0.707105977761759,0.));
#11882=DIRECTION('ref_axis',(-0.499999431892884,-0.500000568106471,0.707106781186547));
#11883=DIRECTION('',(0.707107584610424,-0.707105977761758,0.));
#11884=DIRECTION('center_axis',(-0.999999999999355,-1.1362135875293E-6,
-1.11022302462444E-15));
#11885=DIRECTION('ref_axis',(-1.1362135875293E-6,0.999999999999355,1.11022302462444E-15));
#11886=DIRECTION('',(-0.707107584610424,0.707105977761758,0.));
#11887=DIRECTION('center_axis',(0.923879749916195,-0.382682907502789,-1.02571257034189E-15));
#11888=DIRECTION('ref_axis',(0.382682907502789,0.923879749916195,-2.47629317744341E-15));
#11889=DIRECTION('center_axis',(0.707107584610427,-0.707105977761756,0.));
#11890=DIRECTION('ref_axis',(0.49999943189288,0.500000568106473,0.707106781186549));
#11891=DIRECTION('',(0.707107584610427,-0.707105977761756,0.));
#11892=DIRECTION('center_axis',(-0.923879749916197,0.382682907502785,0.));
#11893=DIRECTION('ref_axis',(0.382682907502785,0.923879749916197,0.));
#11894=DIRECTION('center_axis',(-1.,0.,0.));
#11895=DIRECTION('ref_axis',(0.,0.707106781186549,0.707106781186546));
#11896=DIRECTION('',(1.,0.,0.));
#11897=DIRECTION('center_axis',(-0.923879315106079,-0.38268395722727,-2.40339018854922E-15));
#11898=DIRECTION('ref_axis',(0.38268395722727,-0.923879315106079,-5.8022878654692E-15));
#11899=DIRECTION('center_axis',(0.707105977761756,0.707107584610427,0.));
#11900=DIRECTION('ref_axis',(-0.500000568106473,0.499999431892884,0.707106781186545));
#11901=DIRECTION('',(0.707105977761756,0.707107584610427,0.));
#11902=DIRECTION('center_axis',(-0.999999999999355,-1.13621359380967E-6,
2.22044100344691E-15));
#11903=DIRECTION('ref_axis',(1.13621359380967E-6,-0.999999999999355,-2.22044100344692E-15));
#11904=DIRECTION('center_axis',(0.707107584610424,-0.707105977761759,0.));
#11905=DIRECTION('ref_axis',(-0.499999431892884,-0.500000568106471,0.707106781186547));
#11906=DIRECTION('',(0.707107584610424,-0.707105977761758,0.));
#11907=DIRECTION('center_axis',(-0.999999999999355,-1.13621358831434E-6,
5.5511151231222E-16));
#11908=DIRECTION('ref_axis',(-1.13621358831434E-6,0.999999999999354,-5.55111512312219E-16));
#11909=DIRECTION('',(-0.707107584610424,0.707105977761758,0.));
#11910=DIRECTION('center_axis',(0.923879749916194,-0.382682907502794,2.56428142585472E-16));
#11911=DIRECTION('ref_axis',(0.382682907502794,0.923879749916193,6.19073294360861E-16));
#11912=DIRECTION('center_axis',(0.707107584610427,-0.707105977761756,0.));
#11913=DIRECTION('ref_axis',(0.49999943189288,0.500000568106473,0.707106781186549));
#11914=DIRECTION('',(0.707107584610427,-0.707105977761756,0.));
#11915=DIRECTION('center_axis',(-0.923879749916199,0.382682907502781,2.05142514068379E-15));
#11916=DIRECTION('ref_axis',(0.382682907502781,0.923879749916199,-4.95258635488678E-15));
#11917=DIRECTION('center_axis',(-1.,0.,0.));
#11918=DIRECTION('ref_axis',(0.,0.707106781186549,0.707106781186546));
#11919=DIRECTION('',(1.,0.,0.));
#11920=DIRECTION('center_axis',(-0.923879315106082,-0.382683957227261,4.10284835042277E-15));
#11921=DIRECTION('ref_axis',(0.382683957227261,-0.923879315106082,9.90513621589226E-15));
#11922=DIRECTION('center_axis',(0.707105977761756,0.707107584610427,0.));
#11923=DIRECTION('ref_axis',(-0.500000568106473,0.49999943189288,0.707106781186549));
#11924=DIRECTION('',(0.707105977761756,0.707107584610427,0.));
#11925=DIRECTION('center_axis',(-0.999999999999355,-1.13621359223958E-6,
0.));
#11926=DIRECTION('ref_axis',(1.13621359223958E-6,-0.999999999999355,0.));
#11927=DIRECTION('center_axis',(0.707107584610424,-0.707105977761759,0.));
#11928=DIRECTION('ref_axis',(-0.499999431892883,-0.500000568106472,0.707106781186548));
#11929=DIRECTION('',(0.707107584610424,-0.707105977761758,0.));
#11930=DIRECTION('center_axis',(-0.999999999999355,-1.13621358831435E-6,
-1.11022302462444E-15));
#11931=DIRECTION('ref_axis',(-1.13621358831435E-6,0.999999999999354,1.11022302462444E-15));
#11932=DIRECTION('',(-0.707107584610424,0.707105977761758,0.));
#11933=DIRECTION('center_axis',(0.923879749916196,-0.382682907502788,0.));
#11934=DIRECTION('ref_axis',(0.382682907502788,0.923879749916196,0.));
#11935=DIRECTION('center_axis',(0.707107584610427,-0.707105977761756,0.));
#11936=DIRECTION('ref_axis',(0.49999943189288,0.500000568106473,0.707106781186549));
#11937=DIRECTION('',(0.707107584610427,-0.707105977761756,0.));
#11938=DIRECTION('center_axis',(-0.923879749916196,0.382682907502786,0.));
#11939=DIRECTION('ref_axis',(0.382682907502786,0.923879749916196,0.));
#11940=DIRECTION('center_axis',(-1.,0.,0.));
#11941=DIRECTION('ref_axis',(0.,0.707106781186549,0.707106781186546));
#11942=DIRECTION('',(1.,0.,0.));
#11943=DIRECTION('center_axis',(-0.923879315106085,-0.382683957227254,8.20569670084557E-15));
#11944=DIRECTION('ref_axis',(0.382683957227254,-0.923879315106085,1.9810272431785E-14));
#11945=DIRECTION('center_axis',(0.707105977761756,0.707107584610427,0.));
#11946=DIRECTION('ref_axis',(-0.500000568106473,0.49999943189288,0.707106781186549));
#11947=DIRECTION('',(0.707105977761756,0.707107584610427,0.));
#11948=DIRECTION('center_axis',(-0.999999999999355,-1.13621359223958E-6,
0.));
#11949=DIRECTION('ref_axis',(1.13621359223958E-6,-0.999999999999355,0.));
#11950=DIRECTION('center_axis',(0.707107584610424,-0.707105977761759,0.));
#11951=DIRECTION('ref_axis',(-0.499999431892885,-0.500000568106471,0.707106781186546));
#11952=DIRECTION('',(0.707107584610424,-0.707105977761758,0.));
#11953=DIRECTION('center_axis',(-0.999999999999355,-1.1362135875293E-6,
-2.22044604924888E-15));
#11954=DIRECTION('ref_axis',(-1.1362135875293E-6,0.999999999999355,2.22044604924888E-15));
#11955=DIRECTION('',(-0.707107584610424,0.707105977761758,0.));
#11956=DIRECTION('center_axis',(0.923879749916194,-0.382682907502792,0.));
#11957=DIRECTION('ref_axis',(0.382682907502792,0.923879749916194,0.));
#11958=DIRECTION('center_axis',(0.707107584610427,-0.707105977761756,0.));
#11959=DIRECTION('ref_axis',(0.499999431892885,0.500000568106471,0.707106781186546));
#11960=DIRECTION('',(0.707107584610427,-0.707105977761756,0.));
#11961=DIRECTION('center_axis',(1.,0.,0.));
#11962=DIRECTION('ref_axis',(0.,-0.707106781186549,0.707106781186546));
#11963=DIRECTION('',(1.,0.,0.));
#11964=DIRECTION('center_axis',(-1.,0.,0.));
#11965=DIRECTION('ref_axis',(0.,-1.,0.));
#11966=DIRECTION('',(-1.,0.,0.));
#11967=DIRECTION('center_axis',(0.923879315106081,0.382683957227265,-5.80230651229628E-15));
#11968=DIRECTION('ref_axis',(-0.382683957227265,0.923879315106081,-1.40079845663149E-14));
#11969=DIRECTION('center_axis',(0.707107584610424,-0.707105977761759,0.));
#11970=DIRECTION('ref_axis',(-0.499999431892883,-0.500000568106472,0.707106781186548));
#11971=DIRECTION('',(0.707107584610424,-0.707105977761758,0.));
#11972=DIRECTION('center_axis',(-0.999999999999355,-1.13621358909939E-6,
0.));
#11973=DIRECTION('ref_axis',(-1.13621358909939E-6,0.999999999999355,0.));
#11974=DIRECTION('',(-0.707107584610424,0.707105977761758,0.));
#11975=DIRECTION('center_axis',(0.923879749916195,-0.38268290750279,0.));
#11976=DIRECTION('ref_axis',(0.38268290750279,0.923879749916195,0.));
#11977=DIRECTION('center_axis',(0.707107584610424,-0.707105977761759,0.));
#11978=DIRECTION('ref_axis',(-0.49999943189288,-0.500000568106473,0.707106781186549));
#11979=DIRECTION('',(-0.707107584610424,0.707105977761758,0.));
#11980=DIRECTION('center_axis',(0.923879749916195,-0.38268290750279,0.));
#11981=DIRECTION('ref_axis',(0.38268290750279,0.923879749916195,0.));
#11982=DIRECTION('',(0.707107584610424,-0.707105977761758,0.));
#11983=DIRECTION('center_axis',(-0.999999999999355,-1.13621358595921E-6,
5.04580193609531E-21));
#11984=DIRECTION('ref_axis',(-1.13621358595921E-6,0.999999999999355,-5.04580193609533E-21));
#11985=DIRECTION('center_axis',(1.,0.,0.));
#11986=DIRECTION('ref_axis',(0.,-0.707106781186549,0.707106781186546));
#11987=DIRECTION('',(-1.,0.,0.));
#11988=DIRECTION('center_axis',(0.923879315106081,0.382683957227265,0.));
#11989=DIRECTION('ref_axis',(-0.382683957227265,0.923879315106081,0.));
#11990=DIRECTION('',(1.,0.,0.));
#11991=DIRECTION('center_axis',(0.707105977761757,0.707107584610425,0.));
#11992=DIRECTION('ref_axis',(0.500000568106473,-0.49999943189288,0.707106781186549));
#11993=DIRECTION('',(0.707105977761757,0.707107584610425,0.));
#11994=DIRECTION('',(-0.707105977761757,-0.707107584610425,0.));
#11995=DIRECTION('center_axis',(0.707105977761757,0.707107584610425,0.));
#11996=DIRECTION('ref_axis',(0.500000568106473,-0.49999943189288,0.707106781186549));
#11997=DIRECTION('',(-0.707105977761757,-0.707107584610425,0.));
#11998=DIRECTION('',(0.707105977761757,0.707107584610425,0.));
#11999=DIRECTION('center_axis',(1.,0.,0.));
#12000=DIRECTION('ref_axis',(0.,-0.707106781186549,0.707106781186546));
#12001=DIRECTION('',(1.,0.,0.));
#12002=DIRECTION('',(-1.,0.,0.));
#12003=DIRECTION('center_axis',(0.92387931510608,0.382683957227267,0.));
#12004=DIRECTION('ref_axis',(-0.382683957227267,0.92387931510608,0.));
#12005=DIRECTION('center_axis',(0.,0.,-1.));
#12006=DIRECTION('ref_axis',(0.997194971107138,-0.0748477761769514,0.));
#12007=DIRECTION('center_axis',(0.,0.,1.));
#12008=DIRECTION('ref_axis',(1.,0.,0.));
#12009=DIRECTION('center_axis',(0.,0.,-1.));
#12010=DIRECTION('ref_axis',(1.,0.,0.));
#12011=DIRECTION('center_axis',(0.707105977761757,0.707107584610425,0.));
#12012=DIRECTION('ref_axis',(0.500000568106471,-0.499999431892885,0.707106781186546));
#12013=DIRECTION('',(0.707105977761757,0.707107584610425,0.));
#12014=DIRECTION('',(-0.707105977761757,-0.707107584610425,0.));
#12015=DIRECTION('center_axis',(1.,0.,0.));
#12016=DIRECTION('ref_axis',(0.,-0.707106781186549,0.707106781186546));
#12017=DIRECTION('',(1.,0.,0.));
#12018=DIRECTION('',(-1.,0.,0.));
#12019=DIRECTION('center_axis',(0.92387931510608,0.382683957227267,-1.02571208760569E-15));
#12020=DIRECTION('ref_axis',(-0.382683957227267,0.92387931510608,-2.47628405397302E-15));
#12021=DIRECTION('center_axis',(0.707105977761757,0.707107584610425,0.));
#12022=DIRECTION('ref_axis',(0.500000568106471,-0.499999431892885,0.707106781186546));
#12023=DIRECTION('',(0.707105977761757,0.707107584610425,0.));
#12024=DIRECTION('',(-0.707105977761757,-0.707107584610425,0.));
#12025=DIRECTION('center_axis',(1.,0.,0.));
#12026=DIRECTION('ref_axis',(0.,-0.707106781186549,0.707106781186546));
#12027=DIRECTION('',(1.,0.,0.));
#12028=DIRECTION('',(-1.,0.,0.));
#12029=DIRECTION('center_axis',(0.92387931510608,0.382683957227268,1.02571208760569E-15));
#12030=DIRECTION('ref_axis',(-0.382683957227268,0.92387931510608,2.47628405397301E-15));
#12031=DIRECTION('center_axis',(0.707105977761757,0.707107584610425,0.));
#12032=DIRECTION('ref_axis',(0.500000568106472,-0.499999431892885,0.707106781186546));
#12033=DIRECTION('',(0.707105977761757,0.707107584610425,0.));
#12034=DIRECTION('',(-0.707105977761757,-0.707107584610425,0.));
#12035=DIRECTION('center_axis',(1.,0.,0.));
#12036=DIRECTION('ref_axis',(0.,-0.707106781186549,0.707106781186546));
#12037=DIRECTION('',(1.,0.,0.));
#12038=DIRECTION('',(-1.,0.,0.));
#12039=DIRECTION('center_axis',(0.92387931510608,0.382683957227267,-5.12856043802845E-16));
#12040=DIRECTION('ref_axis',(-0.382683957227267,0.92387931510608,-1.23814202698651E-15));
#12041=DIRECTION('center_axis',(0.707105977761757,0.707107584610425,0.));
#12042=DIRECTION('ref_axis',(0.500000568106473,-0.49999943189288,0.707106781186549));
#12043=DIRECTION('',(0.707105977761757,0.707107584610425,0.));
#12044=DIRECTION('',(-0.707105977761757,-0.707107584610425,0.));
#12045=DIRECTION('center_axis',(1.,0.,0.));
#12046=DIRECTION('ref_axis',(0.,-0.707106781186549,0.707106781186546));
#12047=DIRECTION('',(1.,0.,0.));
#12048=DIRECTION('',(-1.,0.,0.));
#12049=DIRECTION('center_axis',(0.923879315106081,0.382683957227265,1.02571208760569E-15));
#12050=DIRECTION('ref_axis',(-0.382683957227265,0.923879315106081,2.47628405397303E-15));
#12051=DIRECTION('center_axis',(0.707105977761757,0.707107584610425,0.));
#12052=DIRECTION('ref_axis',(0.500000568106473,-0.49999943189288,0.707106781186549));
#12053=DIRECTION('',(0.707105977761757,0.707107584610425,0.));
#12054=DIRECTION('',(-0.707105977761757,-0.707107584610425,0.));
#12055=DIRECTION('center_axis',(1.,0.,0.));
#12056=DIRECTION('ref_axis',(0.,-0.707106781186549,0.707106781186546));
#12057=DIRECTION('',(1.,0.,0.));
#12058=DIRECTION('',(-1.,0.,0.));
#12059=DIRECTION('center_axis',(0.923879315106081,0.382683957227265,4.10284835042277E-15));
#12060=DIRECTION('ref_axis',(-0.382683957227265,0.923879315106081,9.90513621589213E-15));
#12061=DIRECTION('center_axis',(0.707105977761757,0.707107584610425,0.));
#12062=DIRECTION('ref_axis',(0.500000568106473,-0.49999943189288,0.707106781186549));
#12063=DIRECTION('',(0.707105977761757,0.707107584610425,0.));
#12064=DIRECTION('',(-0.707105977761757,-0.707107584610425,0.));
#12065=DIRECTION('center_axis',(1.,0.,0.));
#12066=DIRECTION('ref_axis',(0.,-0.707106781186549,0.707106781186546));
#12067=DIRECTION('',(1.,0.,0.));
#12068=DIRECTION('',(-1.,0.,0.));
#12069=DIRECTION('center_axis',(0.923879315106078,0.382683957227272,0.));
#12070=DIRECTION('ref_axis',(-0.382683957227272,0.923879315106078,0.));
#12071=DIRECTION('center_axis',(0.707105977761757,0.707107584610425,0.));
#12072=DIRECTION('ref_axis',(0.500000568106475,-0.49999943189288,0.707106781186548));
#12073=DIRECTION('',(0.707105977761757,0.707107584610425,0.));
#12074=DIRECTION('',(-0.707105977761757,-0.707107584610425,0.));
#12075=DIRECTION('center_axis',(1.,0.,0.));
#12076=DIRECTION('ref_axis',(0.,-0.707106781186549,0.707106781186546));
#12077=DIRECTION('',(1.,0.,0.));
#12078=DIRECTION('',(-1.,0.,0.));
#12079=DIRECTION('center_axis',(0.923879315106082,0.382683957227261,8.20569670084554E-15));
#12080=DIRECTION('ref_axis',(-0.382683957227261,0.923879315106082,1.98102724317845E-14));
#12081=DIRECTION('center_axis',(0.707105977761757,0.707107584610425,0.));
#12082=DIRECTION('ref_axis',(0.500000568106471,-0.499999431892885,0.707106781186546));
#12083=DIRECTION('',(0.707105977761757,0.707107584610425,0.));
#12084=DIRECTION('',(-0.707105977761757,-0.707107584610425,0.));
#12085=DIRECTION('center_axis',(-1.,0.,0.));
#12086=DIRECTION('ref_axis',(0.,0.707106781186549,0.707106781186546));
#12087=DIRECTION('',(1.,0.,0.));
#12088=DIRECTION('center_axis',(-0.923879315106081,-0.382683957227265,0.));
#12089=DIRECTION('ref_axis',(0.382683957227265,-0.923879315106081,0.));
#12090=DIRECTION('center_axis',(0.707105977761756,0.707107584610427,0.));
#12091=DIRECTION('ref_axis',(-0.500000568106473,0.49999943189288,0.707106781186549));
#12092=DIRECTION('',(0.707105977761756,0.707107584610427,0.));
#12093=DIRECTION('center_axis',(-0.999999999999355,-1.13621359223958E-6,
-5.04580196398577E-21));
#12094=DIRECTION('ref_axis',(1.13621359223958E-6,-0.999999999999355,5.04580196398578E-21));
#12095=DIRECTION('center_axis',(0.707107584610427,-0.707105977761756,0.));
#12096=DIRECTION('ref_axis',(0.499999431892879,0.500000568106477,0.707106781186546));
#12097=DIRECTION('',(0.707107584610427,-0.707105977761756,0.));
#12098=DIRECTION('center_axis',(0.,0.,-1.));
#12099=DIRECTION('ref_axis',(0.,-1.,0.));
#12100=DIRECTION('',(0.,0.,-1.));
#12101=DIRECTION('center_axis',(0.,-1.,0.));
#12102=DIRECTION('ref_axis',(-1.,0.,0.));
#12103=DIRECTION('',(0.,0.,-1.));
#12104=DIRECTION('center_axis',(0.707107584610425,-0.707105977761757,0.));
#12105=DIRECTION('ref_axis',(-0.707105977761757,-0.707107584610425,0.));
#12106=DIRECTION('',(0.,0.,-1.));
#12107=DIRECTION('center_axis',(-0.707105977761759,-0.707107584610424,0.));
#12108=DIRECTION('ref_axis',(-0.707107584610424,0.707105977761758,0.));
#12109=DIRECTION('',(0.,0.,1.));
#12110=DIRECTION('center_axis',(0.,0.,1.));
#12111=DIRECTION('ref_axis',(1.,0.,0.));
#12112=DIRECTION('center_axis',(0.,0.,-1.));
#12113=DIRECTION('ref_axis',(0.,1.,0.));
#12114=DIRECTION('',(-1.,0.,0.));
#12115=DIRECTION('center_axis',(0.,0.,-1.));
#12116=DIRECTION('ref_axis',(0.,-1.,0.));
#12117=DIRECTION('',(1.,0.,0.));
#12118=DIRECTION('center_axis',(0.,0.,1.));
#12119=DIRECTION('ref_axis',(-1.,0.,0.));
#12120=DIRECTION('',(-1.,0.,0.));
#12121=DIRECTION('',(-0.707106741673916,0.707106820699177,0.));
#12122=DIRECTION('',(-0.707106820699177,-0.707106741673916,0.));
#12123=DIRECTION('',(-1.,0.,0.));
#12124=DIRECTION('',(-0.707106741673916,0.707106820699177,0.));
#12125=DIRECTION('',(-0.707106820699177,-0.707106741673916,0.));
#12126=DIRECTION('',(-1.,0.,0.));
#12127=DIRECTION('',(-0.707106741673916,0.707106820699177,0.));
#12128=DIRECTION('',(-0.707106820699177,-0.707106741673916,0.));
#12129=DIRECTION('',(-1.,0.,0.));
#12130=DIRECTION('',(-0.707106741673916,0.707106820699177,0.));
#12131=DIRECTION('',(-0.707106820699177,-0.707106741673916,0.));
#12132=DIRECTION('',(-1.,0.,0.));
#12133=DIRECTION('',(-0.707106741673916,0.707106820699177,0.));
#12134=DIRECTION('',(-0.707106820699177,-0.707106741673916,0.));
#12135=DIRECTION('',(-1.,0.,0.));
#12136=DIRECTION('',(-0.707106741673916,0.707106820699177,0.));
#12137=DIRECTION('',(-0.707106820699177,-0.707106741673916,0.));
#12138=DIRECTION('',(-1.,0.,0.));
#12139=DIRECTION('',(-0.707106741673916,0.707106820699177,0.));
#12140=DIRECTION('',(-0.707106820699177,-0.707106741673916,0.));
#12141=DIRECTION('',(-1.,0.,0.));
#12142=DIRECTION('',(-0.707106741673916,0.707106820699177,0.));
#12143=DIRECTION('',(-0.707106820699177,-0.707106741673916,0.));
#12144=DIRECTION('',(-1.,0.,0.));
#12145=DIRECTION('',(-0.707106741673916,0.707106820699177,0.));
#12146=DIRECTION('',(-0.707106820699177,-0.707106741673916,0.));
#12147=DIRECTION('',(-1.,0.,0.));
#12148=DIRECTION('',(-0.707106741673916,0.707106820699177,0.));
#12149=DIRECTION('',(-0.707106820699177,-0.707106741673916,0.));
#12150=DIRECTION('center_axis',(0.,0.,1.));
#12151=DIRECTION('ref_axis',(1.,0.,0.));
#12152=DIRECTION('',(1.,0.,0.));
#12153=DIRECTION('',(0.707106741673917,-0.707106820699176,0.));
#12154=DIRECTION('',(0.707106820699176,0.707106741673917,0.));
#12155=DIRECTION('',(1.,0.,0.));
#12156=DIRECTION('',(0.707106741673917,-0.707106820699176,0.));
#12157=DIRECTION('',(0.707106820699176,0.707106741673917,0.));
#12158=DIRECTION('',(1.,0.,0.));
#12159=DIRECTION('',(0.707106741673917,-0.707106820699176,0.));
#12160=DIRECTION('',(0.707106820699176,0.707106741673917,0.));
#12161=DIRECTION('',(1.,0.,0.));
#12162=DIRECTION('',(0.707106741673917,-0.707106820699176,0.));
#12163=DIRECTION('',(0.707106820699176,0.707106741673917,0.));
#12164=DIRECTION('',(1.,0.,0.));
#12165=DIRECTION('',(0.707106741673917,-0.707106820699176,0.));
#12166=DIRECTION('',(0.707106820699176,0.707106741673917,0.));
#12167=DIRECTION('',(1.,0.,0.));
#12168=DIRECTION('',(0.707106741673917,-0.707106820699176,0.));
#12169=DIRECTION('',(0.707106820699176,0.707106741673917,0.));
#12170=DIRECTION('',(1.,0.,0.));
#12171=DIRECTION('',(0.707106741673917,-0.707106820699176,0.));
#12172=DIRECTION('',(0.707106820699176,0.707106741673917,0.));
#12173=DIRECTION('',(1.,0.,0.));
#12174=DIRECTION('',(0.707106741673917,-0.707106820699176,0.));
#12175=DIRECTION('',(0.707106820699176,0.707106741673917,0.));
#12176=DIRECTION('',(1.,0.,0.));
#12177=DIRECTION('',(0.707106741673917,-0.707106820699176,0.));
#12178=DIRECTION('',(0.707106820699176,0.707106741673917,0.));
#12179=DIRECTION('',(1.,0.,0.));
#12180=DIRECTION('',(0.707106741673917,-0.707106820699176,0.));
#12181=DIRECTION('',(0.707106820699176,0.707106741673917,0.));
#12182=DIRECTION('center_axis',(-1.,0.,0.));
#12183=DIRECTION('ref_axis',(0.,0.707106781186549,0.707106781186546));
#12184=DIRECTION('center_axis',(-0.923879543203328,-0.382683406552217,2.05142468168901E-15));
#12185=DIRECTION('ref_axis',(0.382683406552217,-0.923879543203328,4.95257768009931E-15));
#12186=DIRECTION('center_axis',(-0.923879521819247,0.382683458177957,0.));
#12187=DIRECTION('ref_axis',(0.382683458177957,0.923879521819247,0.));
#12188=DIRECTION('center_axis',(0.707106741673917,-0.707106820699176,0.));
#12189=DIRECTION('ref_axis',(0.500000027939648,0.499999972060353,0.707106781186545));
#12190=DIRECTION('center_axis',(0.999999999999998,-5.58792985673583E-8,
0.));
#12191=DIRECTION('ref_axis',(5.58792985673583E-8,0.999999999999998,0.));
#12192=DIRECTION('center_axis',(0.707106741673917,-0.707106820699176,0.));
#12193=DIRECTION('ref_axis',(0.500000027939648,0.499999972060353,0.707106781186545));
#12194=DIRECTION('center_axis',(-0.923879521819245,0.38268345817796,0.));
#12195=DIRECTION('ref_axis',(0.38268345817796,0.923879521819245,0.));
#12196=DIRECTION('center_axis',(0.999999999999998,-5.58792969972658E-8,
0.));
#12197=DIRECTION('ref_axis',(5.58792969972658E-8,0.999999999999998,0.));
#12198=DIRECTION('center_axis',(-1.,0.,0.));
#12199=DIRECTION('ref_axis',(0.,0.707106781186549,0.707106781186546));
#12200=DIRECTION('center_axis',(-0.923879543203329,-0.382683406552215,0.));
#12201=DIRECTION('ref_axis',(0.382683406552215,-0.923879543203329,0.));
#12202=DIRECTION('center_axis',(0.707106741673917,-0.707106820699176,0.));
#12203=DIRECTION('ref_axis',(0.500000027939647,0.499999972060353,0.707106781186546));
#12204=DIRECTION('center_axis',(-0.923879521819246,0.382683458177958,0.));
#12205=DIRECTION('ref_axis',(0.382683458177958,0.923879521819246,0.));
#12206=DIRECTION('center_axis',(0.999999999999998,-5.58792969972658E-8,
0.));
#12207=DIRECTION('ref_axis',(5.58792969972658E-8,0.999999999999998,0.));
#12208=DIRECTION('center_axis',(-1.,0.,0.));
#12209=DIRECTION('ref_axis',(0.,0.707106781186549,0.707106781186546));
#12210=DIRECTION('center_axis',(-0.923879543203328,-0.382683406552217,-5.12856170422254E-16));
#12211=DIRECTION('ref_axis',(0.382683406552217,-0.923879543203328,-1.23814442002483E-15));
#12212=DIRECTION('center_axis',(0.707106741673916,-0.707106820699177,0.));
#12213=DIRECTION('ref_axis',(-0.50000002793965,-0.499999972060348,0.707106781186548));
#12214=DIRECTION('',(0.707106741673916,-0.707106820699177,0.));
#12215=DIRECTION('center_axis',(-0.999999999999998,5.58792985673581E-8,
0.));
#12216=DIRECTION('ref_axis',(5.58792985673581E-8,0.999999999999998,0.));
#12217=DIRECTION('center_axis',(0.923879521819245,-0.38268345817796,-4.10284926841362E-15));
#12218=DIRECTION('ref_axis',(0.38268345817796,0.923879521819245,-9.90515356541937E-15));
#12219=DIRECTION('center_axis',(0.707106741673917,-0.707106820699176,0.));
#12220=DIRECTION('ref_axis',(0.500000027939647,0.499999972060354,0.707106781186546));
#12221=DIRECTION('center_axis',(-0.923879521819246,0.382683458177959,-5.12856158551703E-16));
#12222=DIRECTION('ref_axis',(0.382683458177959,0.923879521819246,1.23814419567742E-15));
#12223=DIRECTION('center_axis',(0.999999999999998,-5.58792985673583E-8,
0.));
#12224=DIRECTION('ref_axis',(5.58792985673583E-8,0.999999999999998,0.));
#12225=DIRECTION('center_axis',(-1.,0.,0.));
#12226=DIRECTION('ref_axis',(0.,0.707106781186549,0.707106781186546));
#12227=DIRECTION('center_axis',(-0.923879543203329,-0.382683406552216,5.12856170422254E-16));
#12228=DIRECTION('ref_axis',(0.382683406552216,-0.923879543203329,1.23814442002483E-15));
#12229=DIRECTION('center_axis',(0.707106741673916,-0.707106820699177,0.));
#12230=DIRECTION('ref_axis',(-0.50000002793965,-0.499999972060348,0.707106781186548));
#12231=DIRECTION('',(0.707106741673916,-0.707106820699177,0.));
#12232=DIRECTION('center_axis',(-0.999999999999998,5.58792985673581E-8,
0.));
#12233=DIRECTION('ref_axis',(5.58792985673581E-8,0.999999999999998,0.));
#12234=DIRECTION('center_axis',(0.923879521819245,-0.38268345817796,0.));
#12235=DIRECTION('ref_axis',(0.38268345817796,0.923879521819245,0.));
#12236=DIRECTION('center_axis',(0.707106741673917,-0.707106820699176,0.));
#12237=DIRECTION('ref_axis',(0.500000027939647,0.499999972060354,0.707106781186546));
#12238=DIRECTION('center_axis',(-0.923879521819246,0.382683458177958,-5.12856158551703E-16));
#12239=DIRECTION('ref_axis',(0.382683458177958,0.923879521819246,1.23814419567742E-15));
#12240=DIRECTION('center_axis',(0.999999999999998,-5.58792985673583E-8,
0.));
#12241=DIRECTION('ref_axis',(5.58792985673583E-8,0.999999999999998,0.));
#12242=DIRECTION('center_axis',(-1.,0.,0.));
#12243=DIRECTION('ref_axis',(0.,0.707106781186549,0.707106781186546));
#12244=DIRECTION('center_axis',(-0.923879543203329,-0.382683406552215,1.02571234084451E-15));
#12245=DIRECTION('ref_axis',(0.382683406552215,-0.923879543203329,2.47628884004968E-15));
#12246=DIRECTION('center_axis',(0.707106741673916,-0.707106820699177,0.));
#12247=DIRECTION('ref_axis',(-0.50000002793965,-0.499999972060348,0.707106781186548));
#12248=DIRECTION('',(0.707106741673916,-0.707106820699177,0.));
#12249=DIRECTION('center_axis',(-0.999999999999998,5.58792985673581E-8,
0.));
#12250=DIRECTION('ref_axis',(5.58792985673581E-8,0.999999999999998,0.));
#12251=DIRECTION('center_axis',(0.923879521819242,-0.382683458177967,0.));
#12252=DIRECTION('ref_axis',(0.382683458177967,0.923879521819242,0.));
#12253=DIRECTION('center_axis',(0.707106741673917,-0.707106820699176,0.));
#12254=DIRECTION('ref_axis',(0.500000027939646,0.499999972060354,0.707106781186547));
#12255=DIRECTION('center_axis',(-0.923879521819246,0.382683458177959,0.));
#12256=DIRECTION('ref_axis',(0.382683458177959,0.923879521819246,0.));
#12257=DIRECTION('center_axis',(0.999999999999998,-5.58792985673583E-8,
0.));
#12258=DIRECTION('ref_axis',(5.58792985673583E-8,0.999999999999998,0.));
#12259=DIRECTION('center_axis',(-1.,0.,0.));
#12260=DIRECTION('ref_axis',(0.,0.707106781186549,0.707106781186546));
#12261=DIRECTION('center_axis',(-0.923879543203328,-0.382683406552217,0.));
#12262=DIRECTION('ref_axis',(0.382683406552217,-0.923879543203328,0.));
#12263=DIRECTION('center_axis',(0.707106741673916,-0.707106820699177,0.));
#12264=DIRECTION('ref_axis',(-0.50000002793965,-0.499999972060348,0.707106781186548));
#12265=DIRECTION('',(0.707106741673916,-0.707106820699177,0.));
#12266=DIRECTION('center_axis',(-0.999999999999998,5.58792985673581E-8,
1.11022302462515E-15));
#12267=DIRECTION('ref_axis',(5.58792985673581E-8,0.999999999999998,-1.11022302462516E-15));
#12268=DIRECTION('center_axis',(0.923879521819245,-0.38268345817796,-2.05142463420681E-15));
#12269=DIRECTION('ref_axis',(0.38268345817796,0.923879521819245,-4.95257678270968E-15));
#12270=DIRECTION('center_axis',(0.707106741673917,-0.707106820699176,0.));
#12271=DIRECTION('ref_axis',(0.500000027939648,0.499999972060353,0.707106781186545));
#12272=DIRECTION('center_axis',(-0.923879521819247,0.382683458177955,0.));
#12273=DIRECTION('ref_axis',(0.382683458177955,0.923879521819247,0.));
#12274=DIRECTION('center_axis',(0.999999999999998,-5.58792985673583E-8,
0.));
#12275=DIRECTION('ref_axis',(5.58792985673583E-8,0.999999999999998,0.));
#12276=DIRECTION('center_axis',(-1.,0.,0.));
#12277=DIRECTION('ref_axis',(0.,0.707106781186549,0.707106781186546));
#12278=DIRECTION('center_axis',(-0.92387954320333,-0.382683406552212,4.10284936337804E-15));
#12279=DIRECTION('ref_axis',(0.382683406552212,-0.923879543203331,9.9051553601988E-15));
#12280=DIRECTION('center_axis',(0.707106741673916,-0.707106820699177,0.));
#12281=DIRECTION('ref_axis',(-0.50000002793965,-0.499999972060348,0.707106781186548));
#12282=DIRECTION('',(0.707106741673916,-0.707106820699177,0.));
#12283=DIRECTION('center_axis',(-0.999999999999998,5.58792993524043E-8,
1.11022302462515E-15));
#12284=DIRECTION('ref_axis',(5.58792993524043E-8,0.999999999999998,-1.11022302462516E-15));
#12285=DIRECTION('center_axis',(0.923879521819245,-0.382683458177962,-1.02571231710341E-15));
#12286=DIRECTION('ref_axis',(0.382683458177962,0.923879521819244,-2.47628839135485E-15));
#12287=DIRECTION('center_axis',(0.707106741673917,-0.707106820699176,0.));
#12288=DIRECTION('ref_axis',(0.500000027939648,0.499999972060353,0.707106781186545));
#12289=DIRECTION('center_axis',(-0.923879521819247,0.382683458177957,0.));
#12290=DIRECTION('ref_axis',(0.382683458177957,0.923879521819247,0.));
#12291=DIRECTION('center_axis',(0.999999999999998,-5.58793017075432E-8,
0.));
#12292=DIRECTION('ref_axis',(5.58793017075432E-8,0.999999999999998,0.));
#12293=DIRECTION('center_axis',(-1.,0.,0.));
#12294=DIRECTION('ref_axis',(0.,0.707106781186549,0.707106781186546));
#12295=DIRECTION('center_axis',(-0.923879543203328,-0.382683406552219,0.));
#12296=DIRECTION('ref_axis',(0.382683406552219,-0.923879543203328,0.));
#12297=DIRECTION('center_axis',(0.707106741673916,-0.707106820699177,0.));
#12298=DIRECTION('ref_axis',(-0.50000002793965,-0.499999972060348,0.707106781186548));
#12299=DIRECTION('',(0.707106741673916,-0.707106820699177,0.));
#12300=DIRECTION('center_axis',(-0.999999999999998,5.58792989598812E-8,
1.11022302462515E-15));
#12301=DIRECTION('ref_axis',(5.58792989598812E-8,0.999999999999998,-1.11022302462516E-15));
#12302=DIRECTION('center_axis',(0.923879521819244,-0.382683458177963,-1.53856847565511E-15));
#12303=DIRECTION('ref_axis',(0.382683458177963,0.923879521819244,-3.71443258703228E-15));
#12304=DIRECTION('center_axis',(0.707106741673917,-0.707106820699176,0.));
#12305=DIRECTION('ref_axis',(0.500000027939648,0.499999972060353,0.707106781186545));
#12306=DIRECTION('center_axis',(-0.923879521819247,0.382683458177957,4.10284926841363E-15));
#12307=DIRECTION('ref_axis',(0.382683458177957,0.923879521819247,-9.90515356541934E-15));
#12308=DIRECTION('center_axis',(0.999999999999998,-5.58792985673583E-8,
0.));
#12309=DIRECTION('ref_axis',(5.58792985673583E-8,0.999999999999998,0.));
#12310=DIRECTION('center_axis',(0.,0.,-1.));
#12311=DIRECTION('ref_axis',(0.997194994888431,0.0748474593387187,0.));
#12312=DIRECTION('center_axis',(0.,0.,-1.));
#12313=DIRECTION('ref_axis',(1.,0.,0.));
#12314=DIRECTION('center_axis',(1.,0.,0.));
#12315=DIRECTION('ref_axis',(0.,1.,0.));
#12316=DIRECTION('center_axis',(0.707106741673916,-0.707106820699177,0.));
#12317=DIRECTION('ref_axis',(-0.50000002793965,-0.499999972060348,0.707106781186548));
#12318=DIRECTION('',(0.707106741673916,-0.707106820699177,0.));
#12319=DIRECTION('center_axis',(-0.999999999999998,5.58792985673583E-8,
0.));
#12320=DIRECTION('ref_axis',(5.58792985673583E-8,0.999999999999998,0.));
#12321=DIRECTION('center_axis',(0.923879521819246,-0.38268345817796,0.));
#12322=DIRECTION('ref_axis',(0.382683458177959,0.923879521819245,0.));
#12323=DIRECTION('center_axis',(0.707106741673916,-0.707106820699177,0.));
#12324=DIRECTION('ref_axis',(-0.500000027939649,-0.499999972060351,0.707106781186547));
#12325=DIRECTION('center_axis',(0.923879521819245,-0.38268345817796,0.));
#12326=DIRECTION('ref_axis',(0.38268345817796,0.923879521819245,0.));
#12327=DIRECTION('',(0.707106741673916,-0.707106820699177,0.));
#12328=DIRECTION('center_axis',(-0.999999999999998,5.58793017075432E-8,
-2.48153949422761E-22));
#12329=DIRECTION('ref_axis',(5.58793017075432E-8,0.999999999999998,2.48153949422763E-22));
#12330=DIRECTION('center_axis',(1.,0.,0.));
#12331=DIRECTION('ref_axis',(0.,-0.707106781186549,0.707106781186546));
#12332=DIRECTION('center_axis',(0.923879543203326,0.382683406552222,0.));
#12333=DIRECTION('ref_axis',(-0.382683406552222,0.923879543203326,0.));
#12334=DIRECTION('',(1.,0.,0.));
#12335=DIRECTION('center_axis',(0.707106741673916,-0.707106820699177,0.));
#12336=DIRECTION('ref_axis',(-0.50000002793965,-0.499999972060348,0.707106781186548));
#12337=DIRECTION('',(0.707106741673916,-0.707106820699177,0.));
#12338=DIRECTION('center_axis',(-0.999999999999998,5.58793001374507E-8,
2.22044604925031E-15));
#12339=DIRECTION('ref_axis',(5.58793001374507E-8,0.999999999999998,-2.22044604925032E-15));
#12340=DIRECTION('center_axis',(0.923879521819247,-0.382683458177955,0.));
#12341=DIRECTION('ref_axis',(0.382683458177955,0.923879521819247,0.));
#12342=DIRECTION('center_axis',(0.707106741673916,-0.707106820699177,0.));
#12343=DIRECTION('ref_axis',(-0.500000027939649,-0.499999972060351,0.707106781186547));
#12344=DIRECTION('center_axis',(0.923879521819245,-0.38268345817796,0.));
#12345=DIRECTION('ref_axis',(0.38268345817796,0.923879521819245,0.));
#12346=DIRECTION('',(0.707106741673916,-0.707106820699177,0.));
#12347=DIRECTION('center_axis',(-0.999999999999998,5.58792985673581E-8,
0.));
#12348=DIRECTION('ref_axis',(5.58792985673581E-8,0.999999999999998,0.));
#12349=DIRECTION('center_axis',(1.,0.,0.));
#12350=DIRECTION('ref_axis',(0.,-0.707106781186549,0.707106781186546));
#12351=DIRECTION('center_axis',(0.923879543203329,0.382683406552215,0.));
#12352=DIRECTION('ref_axis',(-0.382683406552215,0.923879543203329,0.));
#12353=DIRECTION('',(1.,0.,0.));
#12354=DIRECTION('center_axis',(0.707106820699177,0.707106741673916,0.));
#12355=DIRECTION('ref_axis',(0.499999972060351,-0.500000027939649,0.707106781186547));
#12356=DIRECTION('',(0.707106820699177,0.707106741673916,0.));
#12357=DIRECTION('center_axis',(0.707106820699177,0.707106741673916,0.));
#12358=DIRECTION('ref_axis',(0.49999997206035,-0.500000027939645,0.70710678118655));
#12359=DIRECTION('',(0.707106820699177,0.707106741673916,0.));
#12360=DIRECTION('center_axis',(1.,0.,0.));
#12361=DIRECTION('ref_axis',(0.,-0.707106781186549,0.707106781186546));
#12362=DIRECTION('',(1.,0.,0.));
#12363=DIRECTION('center_axis',(0.92387954320333,0.382683406552214,0.));
#12364=DIRECTION('ref_axis',(-0.382683406552214,0.92387954320333,0.));
#12365=DIRECTION('center_axis',(0.707106820699177,0.707106741673916,0.));
#12366=DIRECTION('ref_axis',(0.499999972060351,-0.500000027939645,0.707106781186549));
#12367=DIRECTION('',(0.707106820699177,0.707106741673916,0.));
#12368=DIRECTION('center_axis',(0.707106820699177,0.707106741673916,0.));
#12369=DIRECTION('ref_axis',(0.49999997206035,-0.500000027939645,0.70710678118655));
#12370=DIRECTION('',(0.707106820699177,0.707106741673916,0.));
#12371=DIRECTION('center_axis',(1.,0.,0.));
#12372=DIRECTION('ref_axis',(0.,-0.707106781186549,0.707106781186546));
#12373=DIRECTION('',(1.,0.,0.));
#12374=DIRECTION('center_axis',(0.923879543203328,0.382683406552217,5.12856170422254E-16));
#12375=DIRECTION('ref_axis',(-0.382683406552217,0.923879543203328,1.23814442002483E-15));
#12376=DIRECTION('center_axis',(-1.,0.,0.));
#12377=DIRECTION('ref_axis',(0.,0.707106781186549,0.707106781186546));
#12378=DIRECTION('',(-1.,0.,0.));
#12379=DIRECTION('center_axis',(0.707106820699177,0.707106741673916,0.));
#12380=DIRECTION('ref_axis',(0.499999972060351,-0.500000027939645,0.707106781186549));
#12381=DIRECTION('',(0.707106820699177,0.707106741673916,0.));
#12382=DIRECTION('center_axis',(0.707106820699176,0.707106741673917,0.));
#12383=DIRECTION('ref_axis',(-0.49999997206035,0.500000027939645,0.70710678118655));
#12384=DIRECTION('center_axis',(1.,0.,0.));
#12385=DIRECTION('ref_axis',(0.,-0.707106781186549,0.707106781186546));
#12386=DIRECTION('',(1.,0.,0.));
#12387=DIRECTION('center_axis',(0.923879543203328,0.382683406552219,1.02571234084451E-15));
#12388=DIRECTION('ref_axis',(-0.382683406552219,0.923879543203328,2.47628884004964E-15));
#12389=DIRECTION('center_axis',(0.707106820699177,0.707106741673916,0.));
#12390=DIRECTION('ref_axis',(0.499999972060351,-0.500000027939645,0.707106781186549));
#12391=DIRECTION('',(0.707106820699177,0.707106741673916,0.));
#12392=DIRECTION('center_axis',(0.707106820699176,0.707106741673917,0.));
#12393=DIRECTION('ref_axis',(-0.49999997206035,0.500000027939645,0.70710678118655));
#12394=DIRECTION('center_axis',(1.,0.,0.));
#12395=DIRECTION('ref_axis',(0.,-0.707106781186549,0.707106781186546));
#12396=DIRECTION('',(1.,0.,0.));
#12397=DIRECTION('center_axis',(0.923879543203329,0.382683406552216,0.));
#12398=DIRECTION('ref_axis',(-0.382683406552216,0.923879543203329,0.));
#12399=DIRECTION('center_axis',(0.707106820699177,0.707106741673916,0.));
#12400=DIRECTION('ref_axis',(0.499999972060351,-0.500000027939645,0.707106781186549));
#12401=DIRECTION('',(0.707106820699177,0.707106741673916,0.));
#12402=DIRECTION('center_axis',(0.707106820699176,0.707106741673917,0.));
#12403=DIRECTION('ref_axis',(-0.49999997206035,0.500000027939645,0.70710678118655));
#12404=DIRECTION('center_axis',(1.,0.,0.));
#12405=DIRECTION('ref_axis',(0.,-0.707106781186549,0.707106781186546));
#12406=DIRECTION('',(1.,0.,0.));
#12407=DIRECTION('center_axis',(0.923879543203328,0.382683406552217,-3.5196896530397E-16));
#12408=DIRECTION('ref_axis',(-0.382683406552217,0.923879543203328,-8.49728316721279E-16));
#12409=DIRECTION('center_axis',(0.707106820699177,0.707106741673916,0.));
#12410=DIRECTION('ref_axis',(0.49999997206035,-0.500000027939645,0.70710678118655));
#12411=DIRECTION('',(0.707106820699177,0.707106741673916,0.));
#12412=DIRECTION('center_axis',(0.707106820699176,0.707106741673917,0.));
#12413=DIRECTION('ref_axis',(-0.499999972060351,0.500000027939645,0.707106781186549));
#12414=DIRECTION('center_axis',(1.,0.,0.));
#12415=DIRECTION('ref_axis',(0.,-0.707106781186549,0.707106781186546));
#12416=DIRECTION('',(1.,0.,0.));
#12417=DIRECTION('center_axis',(0.92387954320333,0.382683406552212,4.10284936337804E-15));
#12418=DIRECTION('ref_axis',(-0.382683406552212,0.923879543203331,9.9051553601988E-15));
#12419=DIRECTION('center_axis',(0.707106820699177,0.707106741673916,0.));
#12420=DIRECTION('ref_axis',(0.499999972060349,-0.500000027939648,0.707106781186549));
#12421=DIRECTION('',(0.707106820699177,0.707106741673916,0.));
#12422=DIRECTION('center_axis',(0.707106820699176,0.707106741673917,0.));
#12423=DIRECTION('ref_axis',(-0.499999972060351,0.500000027939645,0.707106781186549));
#12424=DIRECTION('center_axis',(1.,0.,0.));
#12425=DIRECTION('ref_axis',(0.,-0.707106781186549,0.707106781186546));
#12426=DIRECTION('',(1.,0.,0.));
#12427=DIRECTION('center_axis',(0.923879543203328,0.382683406552219,1.69945571638505E-15));
#12428=DIRECTION('ref_axis',(-0.382683406552219,0.923879543203328,4.10284936337803E-15));
#12429=DIRECTION('center_axis',(0.707106820699177,0.707106741673916,0.));
#12430=DIRECTION('ref_axis',(0.499999972060353,-0.500000027939648,0.707106781186545));
#12431=DIRECTION('',(0.707106820699177,0.707106741673916,0.));
#12432=DIRECTION('center_axis',(0.707106820699176,0.707106741673917,0.));
#12433=DIRECTION('ref_axis',(-0.499999972060351,0.500000027939645,0.707106781186549));
#12434=DIRECTION('center_axis',(0.,0.,1.));
#12435=DIRECTION('ref_axis',(-0.997194975403536,-0.0748477189361235,0.));
#12436=DIRECTION('center_axis',(-1.,0.,0.));
#12437=DIRECTION('ref_axis',(0.,-1.,0.));
#12438=DIRECTION('center_axis',(1.,0.,0.));
#12439=DIRECTION('ref_axis',(0.,-0.707106781186549,0.707106781186546));
#12440=DIRECTION('center_axis',(0.707106820699176,0.707106741673917,0.));
#12441=DIRECTION('ref_axis',(-0.49999997206035,0.500000027939645,0.70710678118655));
#12442=DIRECTION('center_axis',(-0.999999999999998,5.58792985673583E-8,
0.));
#12443=DIRECTION('ref_axis',(-5.58792985673583E-8,-0.999999999999998,0.));
#12444=DIRECTION('center_axis',(0.707106741673917,-0.707106820699176,0.));
#12445=DIRECTION('ref_axis',(0.500000027939648,0.499999972060353,0.707106781186545));
#12446=DIRECTION('center_axis',(-0.923879521819247,0.382683458177957,0.));
#12447=DIRECTION('ref_axis',(0.382683458177957,0.923879521819247,0.));
#12448=DIRECTION('center_axis',(0.707106820699176,0.707106741673917,0.));
#12449=DIRECTION('ref_axis',(-0.499999972060352,0.500000027939645,0.707106781186549));
#12450=DIRECTION('center_axis',(-1.,0.,0.));
#12451=DIRECTION('ref_axis',(0.,0.707106781186549,0.707106781186546));
#12452=DIRECTION('center_axis',(-0.923879543203328,-0.382683406552219,0.));
#12453=DIRECTION('ref_axis',(0.382683406552219,-0.923879543203328,0.));
#12454=DIRECTION('center_axis',(0.707106820699176,0.707106741673917,0.));
#12455=DIRECTION('ref_axis',(-0.499999972060352,0.500000027939645,0.707106781186549));
#12456=DIRECTION('center_axis',(0.707106820699176,0.707106741673917,0.));
#12457=DIRECTION('ref_axis',(-0.49999997206035,0.500000027939645,0.70710678118655));
#12458=DIRECTION('center_axis',(0.707106741673916,-0.707106820699177,0.));
#12459=DIRECTION('ref_axis',(-0.707106820699177,-0.707106741673916,0.));
#12460=DIRECTION('',(0.,0.,-1.));
#12461=DIRECTION('',(0.,0.,-1.));
#12462=DIRECTION('center_axis',(-0.707106820699177,-0.707106741673916,0.));
#12463=DIRECTION('ref_axis',(-0.707106741673916,0.707106820699177,0.));
#12464=DIRECTION('',(0.,0.,1.));
#12465=DIRECTION('center_axis',(0.,-1.,0.));
#12466=DIRECTION('ref_axis',(-1.,0.,0.));
#12467=DIRECTION('',(0.,0.,-1.));
#12468=DIRECTION('center_axis',(0.707106741673916,-0.707106820699177,0.));
#12469=DIRECTION('ref_axis',(-0.707106820699177,-0.707106741673916,0.));
#12470=DIRECTION('',(0.,0.,-1.));
#12471=DIRECTION('center_axis',(-0.707106820699177,-0.707106741673916,0.));
#12472=DIRECTION('ref_axis',(-0.707106741673916,0.707106820699177,0.));
#12473=DIRECTION('',(0.,0.,1.));
#12474=DIRECTION('center_axis',(0.,-1.,0.));
#12475=DIRECTION('ref_axis',(-1.,0.,0.));
#12476=DIRECTION('',(0.,0.,-1.));
#12477=DIRECTION('center_axis',(0.707106741673916,-0.707106820699177,0.));
#12478=DIRECTION('ref_axis',(-0.707106820699177,-0.707106741673916,0.));
#12479=DIRECTION('',(0.,0.,-1.));
#12480=DIRECTION('center_axis',(-0.707106820699177,-0.707106741673916,0.));
#12481=DIRECTION('ref_axis',(-0.707106741673916,0.707106820699177,0.));
#12482=DIRECTION('',(0.,0.,1.));
#12483=DIRECTION('center_axis',(0.,-1.,0.));
#12484=DIRECTION('ref_axis',(-1.,0.,0.));
#12485=DIRECTION('',(0.,0.,-1.));
#12486=DIRECTION('center_axis',(0.707106741673916,-0.707106820699177,0.));
#12487=DIRECTION('ref_axis',(-0.707106820699177,-0.707106741673916,0.));
#12488=DIRECTION('',(0.,0.,-1.));
#12489=DIRECTION('center_axis',(-0.707106820699177,-0.707106741673916,0.));
#12490=DIRECTION('ref_axis',(-0.707106741673916,0.707106820699177,0.));
#12491=DIRECTION('',(0.,0.,1.));
#12492=DIRECTION('center_axis',(0.,-1.,0.));
#12493=DIRECTION('ref_axis',(-1.,0.,0.));
#12494=DIRECTION('',(0.,0.,-1.));
#12495=DIRECTION('center_axis',(0.707106741673916,-0.707106820699177,0.));
#12496=DIRECTION('ref_axis',(-0.707106820699177,-0.707106741673916,0.));
#12497=DIRECTION('',(0.,0.,-1.));
#12498=DIRECTION('center_axis',(-0.707106820699177,-0.707106741673916,0.));
#12499=DIRECTION('ref_axis',(-0.707106741673916,0.707106820699177,0.));
#12500=DIRECTION('',(0.,0.,1.));
#12501=DIRECTION('center_axis',(0.,-1.,0.));
#12502=DIRECTION('ref_axis',(-1.,0.,0.));
#12503=DIRECTION('',(0.,0.,-1.));
#12504=DIRECTION('center_axis',(0.707106741673916,-0.707106820699177,0.));
#12505=DIRECTION('ref_axis',(-0.707106820699177,-0.707106741673916,0.));
#12506=DIRECTION('',(0.,0.,-1.));
#12507=DIRECTION('center_axis',(-0.707106820699177,-0.707106741673916,0.));
#12508=DIRECTION('ref_axis',(-0.707106741673916,0.707106820699177,0.));
#12509=DIRECTION('',(0.,0.,1.));
#12510=DIRECTION('center_axis',(0.,-1.,0.));
#12511=DIRECTION('ref_axis',(-1.,0.,0.));
#12512=DIRECTION('',(0.,0.,-1.));
#12513=DIRECTION('center_axis',(0.707106741673916,-0.707106820699177,0.));
#12514=DIRECTION('ref_axis',(-0.707106820699177,-0.707106741673916,0.));
#12515=DIRECTION('',(0.,0.,-1.));
#12516=DIRECTION('center_axis',(-0.707106820699177,-0.707106741673916,0.));
#12517=DIRECTION('ref_axis',(-0.707106741673916,0.707106820699177,0.));
#12518=DIRECTION('',(0.,0.,1.));
#12519=DIRECTION('center_axis',(0.,-1.,0.));
#12520=DIRECTION('ref_axis',(-1.,0.,0.));
#12521=DIRECTION('',(0.,0.,-1.));
#12522=DIRECTION('center_axis',(0.707106741673916,-0.707106820699177,0.));
#12523=DIRECTION('ref_axis',(-0.707106820699177,-0.707106741673916,0.));
#12524=DIRECTION('',(0.,0.,-1.));
#12525=DIRECTION('center_axis',(-0.707106820699177,-0.707106741673916,0.));
#12526=DIRECTION('ref_axis',(-0.707106741673916,0.707106820699177,0.));
#12527=DIRECTION('',(0.,0.,1.));
#12528=DIRECTION('center_axis',(0.,-1.,0.));
#12529=DIRECTION('ref_axis',(-1.,0.,0.));
#12530=DIRECTION('',(0.,0.,-1.));
#12531=DIRECTION('center_axis',(0.707106741673916,-0.707106820699177,0.));
#12532=DIRECTION('ref_axis',(-0.707106820699177,-0.707106741673916,0.));
#12533=DIRECTION('',(0.,0.,-1.));
#12534=DIRECTION('center_axis',(-0.707106820699177,-0.707106741673916,0.));
#12535=DIRECTION('ref_axis',(-0.707106741673916,0.707106820699177,0.));
#12536=DIRECTION('',(0.,0.,1.));
#12537=DIRECTION('center_axis',(0.,-1.,0.));
#12538=DIRECTION('ref_axis',(-1.,0.,0.));
#12539=DIRECTION('',(0.,0.,-1.));
#12540=DIRECTION('center_axis',(0.707106741673916,-0.707106820699177,0.));
#12541=DIRECTION('ref_axis',(-0.707106820699177,-0.707106741673916,0.));
#12542=DIRECTION('',(0.,0.,-1.));
#12543=DIRECTION('center_axis',(-0.707106820699177,-0.707106741673916,0.));
#12544=DIRECTION('ref_axis',(-0.707106741673916,0.707106820699177,0.));
#12545=DIRECTION('center_axis',(0.707107584610425,-0.707105977761757,0.));
#12546=DIRECTION('ref_axis',(-0.707105977761757,-0.707107584610425,0.));
#12547=DIRECTION('',(0.,0.,-1.));
#12548=DIRECTION('',(0.,0.,-1.));
#12549=DIRECTION('center_axis',(-0.707105977761759,-0.707107584610424,0.));
#12550=DIRECTION('ref_axis',(-0.707107584610424,0.707105977761758,0.));
#12551=DIRECTION('',(0.,0.,1.));
#12552=DIRECTION('center_axis',(0.,-1.,0.));
#12553=DIRECTION('ref_axis',(-1.,0.,0.));
#12554=DIRECTION('',(0.,0.,1.));
#12555=DIRECTION('center_axis',(0.,-1.,0.));
#12556=DIRECTION('ref_axis',(-1.,0.,0.));
#12557=DIRECTION('',(0.,0.,-1.));
#12558=DIRECTION('center_axis',(0.,-1.,0.));
#12559=DIRECTION('ref_axis',(-1.,0.,0.));
#12560=DIRECTION('',(0.,0.,-1.));
#12561=DIRECTION('center_axis',(0.707107584610425,-0.707105977761757,0.));
#12562=DIRECTION('ref_axis',(-0.707105977761757,-0.707107584610425,0.));
#12563=DIRECTION('',(0.,0.,-1.));
#12564=DIRECTION('',(0.,0.,-1.));
#12565=DIRECTION('center_axis',(-0.707105977761759,-0.707107584610424,0.));
#12566=DIRECTION('ref_axis',(-0.707107584610424,0.707105977761758,0.));
#12567=DIRECTION('',(0.,0.,1.));
#12568=DIRECTION('center_axis',(0.,-1.,0.));
#12569=DIRECTION('ref_axis',(-1.,0.,0.));
#12570=DIRECTION('',(0.,0.,1.));
#12571=DIRECTION('center_axis',(0.,-1.,0.));
#12572=DIRECTION('ref_axis',(-1.,0.,0.));
#12573=DIRECTION('',(0.,0.,-1.));
#12574=DIRECTION('center_axis',(0.707107584610425,-0.707105977761757,0.));
#12575=DIRECTION('ref_axis',(-0.707105977761757,-0.707107584610425,0.));
#12576=DIRECTION('',(0.,0.,-1.));
#12577=DIRECTION('center_axis',(-0.707105977761759,-0.707107584610424,0.));
#12578=DIRECTION('ref_axis',(-0.707107584610424,0.707105977761758,0.));
#12579=DIRECTION('center_axis',(0.707107584610425,-0.707105977761757,0.));
#12580=DIRECTION('ref_axis',(-0.707105977761757,-0.707107584610425,0.));
#12581=DIRECTION('',(0.,0.,-1.));
#12582=DIRECTION('',(0.,0.,-1.));
#12583=DIRECTION('center_axis',(-0.707105977761759,-0.707107584610424,0.));
#12584=DIRECTION('ref_axis',(-0.707107584610424,0.707105977761758,0.));
#12585=DIRECTION('center_axis',(0.,-1.,0.));
#12586=DIRECTION('ref_axis',(-1.,0.,0.));
#12587=DIRECTION('',(0.,0.,1.));
#12588=DIRECTION('center_axis',(0.707107584610425,-0.707105977761757,0.));
#12589=DIRECTION('ref_axis',(-0.707105977761757,-0.707107584610425,0.));
#12590=DIRECTION('',(0.,0.,-1.));
#12591=DIRECTION('',(0.,0.,-1.));
#12592=DIRECTION('center_axis',(-0.707105977761759,-0.707107584610424,0.));
#12593=DIRECTION('ref_axis',(-0.707107584610424,0.707105977761758,0.));
#12594=DIRECTION('center_axis',(0.,-1.,0.));
#12595=DIRECTION('ref_axis',(-1.,0.,0.));
#12596=DIRECTION('',(0.,0.,1.));
#12597=DIRECTION('center_axis',(0.707107584610425,-0.707105977761757,0.));
#12598=DIRECTION('ref_axis',(-0.707105977761757,-0.707107584610425,0.));
#12599=DIRECTION('',(0.,0.,-1.));
#12600=DIRECTION('center_axis',(-0.707105977761759,-0.707107584610424,0.));
#12601=DIRECTION('ref_axis',(-0.707107584610424,0.707105977761758,0.));
#12602=DIRECTION('',(0.,0.,1.));
#12603=DIRECTION('center_axis',(0.,-1.,0.));
#12604=DIRECTION('ref_axis',(-1.,0.,0.));
#12605=DIRECTION('',(0.,0.,-1.));
#12606=DIRECTION('center_axis',(0.,1.,0.));
#12607=DIRECTION('ref_axis',(1.,0.,0.));
#12608=DIRECTION('',(0.,0.,-1.));
#12609=DIRECTION('center_axis',(0.707107584610425,-0.707105977761757,0.));
#12610=DIRECTION('ref_axis',(-0.707105977761757,-0.707107584610425,0.));
#12611=DIRECTION('',(0.,0.,-1.));
#12612=DIRECTION('center_axis',(-0.707105977761759,-0.707107584610424,0.));
#12613=DIRECTION('ref_axis',(-0.707107584610424,0.707105977761758,0.));
#12614=DIRECTION('center_axis',(0.707107584610425,-0.707105977761757,0.));
#12615=DIRECTION('ref_axis',(-0.707105977761757,-0.707107584610425,0.));
#12616=DIRECTION('',(0.,0.,-1.));
#12617=DIRECTION('',(0.,0.,-1.));
#12618=DIRECTION('center_axis',(-0.707105977761759,-0.707107584610424,0.));
#12619=DIRECTION('ref_axis',(-0.707107584610424,0.707105977761758,0.));
#12620=DIRECTION('center_axis',(0.,-1.,0.));
#12621=DIRECTION('ref_axis',(-1.,0.,0.));
#12622=DIRECTION('',(0.,0.,1.));
#12623=DIRECTION('center_axis',(0.707107584610425,-0.707105977761757,0.));
#12624=DIRECTION('ref_axis',(-0.707105977761757,-0.707107584610425,0.));
#12625=DIRECTION('',(0.,0.,-1.));
#12626=DIRECTION('center_axis',(-0.707105977761759,-0.707107584610424,0.));
#12627=DIRECTION('ref_axis',(-0.707107584610424,0.707105977761758,0.));
#12628=DIRECTION('center_axis',(0.,0.,-1.));
#12629=DIRECTION('ref_axis',(0.,-1.,0.));
#12630=DIRECTION('center_axis',(0.,-0.707106781186547,-0.707106781186548));
#12631=DIRECTION('ref_axis',(-1.,0.,0.));
#12632=DIRECTION('',(0.,0.707106781186548,-0.707106781186547));
#12633=DIRECTION('',(0.,-0.707106781186548,0.707106781186547));
#12634=DIRECTION('',(-1.,0.,0.));
#12635=DIRECTION('center_axis',(0.,0.,1.));
#12636=DIRECTION('ref_axis',(0.,1.,0.));
#12637=DIRECTION('',(0.,-0.707106781186548,-0.707106781186547));
#12638=DIRECTION('center_axis',(0.,0.,-1.));
#12639=DIRECTION('ref_axis',(0.,1.,0.));
#12640=DIRECTION('center_axis',(0.,0.707106781186547,-0.707106781186548));
#12641=DIRECTION('ref_axis',(-1.,0.,0.));
#12642=DIRECTION('',(0.,-0.707106781186548,-0.707106781186547));
#12643=DIRECTION('',(1.,0.,0.));
#12644=DIRECTION('center_axis',(0.,0.,1.));
#12645=DIRECTION('ref_axis',(0.,-1.,0.));
#12646=DIRECTION('center_axis',(0.,0.,-1.));
#12647=DIRECTION('ref_axis',(0.,-1.,0.));
#12648=DIRECTION('center_axis',(0.,0.,-1.));
#12649=DIRECTION('ref_axis',(0.,1.,0.));
#12650=DIRECTION('',(0.,0.,-1.));
#12651=DIRECTION('center_axis',(0.,0.,1.));
#12652=DIRECTION('ref_axis',(0.,1.,0.));
#12653=DIRECTION('',(0.,0.,-1.));
#12654=DIRECTION('center_axis',(0.,-1.,0.));
#12655=DIRECTION('ref_axis',(-1.,0.,0.));
#12656=DIRECTION('',(0.,0.,-1.));
#12657=DIRECTION('',(1.,0.,0.));
#12658=DIRECTION('center_axis',(0.,0.,-1.));
#12659=DIRECTION('ref_axis',(0.,1.,0.));
#12660=DIRECTION('',(0.,0.707106781186548,0.707106781186547));
#12661=DIRECTION('',(0.,0.707106781186548,-0.707106781186547));
#12662=DIRECTION('center_axis',(0.,-0.707106781186547,0.707106781186548));
#12663=DIRECTION('ref_axis',(1.,0.,0.));
#12664=DIRECTION('',(0.,0.707106781186548,0.707106781186547));
#12665=DIRECTION('center_axis',(0.,0.,-1.));
#12666=DIRECTION('ref_axis',(0.,-1.,0.));
#12667=DIRECTION('',(0.,-0.707106781186548,0.707106781186547));
#12668=DIRECTION('center_axis',(0.,0.,1.));
#12669=DIRECTION('ref_axis',(0.,-1.,0.));
#12670=DIRECTION('center_axis',(0.,0.707106781186547,0.707106781186548));
#12671=DIRECTION('ref_axis',(1.,0.,0.));
#12672=DIRECTION('',(-1.,0.,0.));
#12673=DIRECTION('center_axis',(0.,0.,-1.));
#12674=DIRECTION('ref_axis',(0.,-1.,0.));
#12675=DIRECTION('',(0.,0.,-1.));
#12676=DIRECTION('center_axis',(0.,1.,0.));
#12677=DIRECTION('ref_axis',(1.,0.,0.));
#12678=CARTESIAN_POINT('',(0.,0.,0.));
#12679=CARTESIAN_POINT('Origin',(5.98318970800082,20.3097060429427,1.5));
#12680=CARTESIAN_POINT('',(13.000000202289,13.2928933529239,2.));
#12681=CARTESIAN_POINT('',(13.7928933965043,12.499999910593,2.));
#12682=CARTESIAN_POINT('',(5.98318970800082,20.3097060429427,2.));
#12683=CARTESIAN_POINT('',(14.0000002235175,12.999999910593,1.5));
#12684=CARTESIAN_POINT('Origin',(13.7928933965043,12.499999910593,1.5));
#12685=CARTESIAN_POINT('',(13.0000003129244,14.0000001341105,1.5));
#12686=CARTESIAN_POINT('',(6.33674315391181,20.6632593782182,1.5));
#12687=CARTESIAN_POINT('Origin',(13.000000202289,13.2928933529239,1.5));
#12688=CARTESIAN_POINT('Origin',(15.0000002235174,14.499999910593,1.5));
#12689=CARTESIAN_POINT('',(15.0000002235174,15.999999910593,1.5));
#12690=CARTESIAN_POINT('',(15.0000002235174,12.999999910593,1.5));
#12691=CARTESIAN_POINT('Origin',(15.0000002235174,14.499999910593,1.5));
#12692=CARTESIAN_POINT('',(15.0000002235174,12.499999910593,2.));
#12693=CARTESIAN_POINT('Origin',(15.0000002235174,12.499999910593,1.5));
#12694=CARTESIAN_POINT('',(14.7808503875893,16.4879569899619,2.));
#12695=CARTESIAN_POINT('Origin',(15.0000002235174,14.499999910593,2.));
#12696=CARTESIAN_POINT('Ctrl Pts',(14.7808503875893,16.4879569899619,2.));
#12697=CARTESIAN_POINT('Ctrl Pts',(14.781352104492,16.4869119521467,2.));
#12698=CARTESIAN_POINT('Ctrl Pts',(14.7818536700301,16.4858668437254,1.99999641132484));
#12699=CARTESIAN_POINT('Ctrl Pts',(14.7988861596192,16.4503632265599,1.99975263870125));
#12700=CARTESIAN_POINT('Ctrl Pts',(14.8152134016529,16.4159040619679,1.99561682234729));
#12701=CARTESIAN_POINT('Ctrl Pts',(14.8468511207827,16.348256719693,1.97972491909168));
#12702=CARTESIAN_POINT('Ctrl Pts',(14.8621132063806,16.3151735563094,1.96801110369502));
#12703=CARTESIAN_POINT('Ctrl Pts',(14.9024953338648,16.2264787346396,1.92519927251025));
#12704=CARTESIAN_POINT('Ctrl Pts',(14.9256120539048,16.1742636281156,1.88633966189066));
#12705=CARTESIAN_POINT('Ctrl Pts',(14.962332953325,16.0896969164757,1.79270153192428));
#12706=CARTESIAN_POINT('Ctrl Pts',(14.9762581291452,16.0567944450958,1.74000369230174));
#12707=CARTESIAN_POINT('Ctrl Pts',(14.9948424777449,16.0125106819768,1.62614854509934));
#12708=CARTESIAN_POINT('Ctrl Pts',(14.9996690531929,16.0007990905871,1.56672004089027));
#12709=CARTESIAN_POINT('Ctrl Pts',(14.9999946410244,16.0000130642522,1.50418884017986));
#12710=CARTESIAN_POINT('Ctrl Pts',(15.000000089407,15.999999910593,1.50209393367163));
#12711=CARTESIAN_POINT('Ctrl Pts',(15.000000089407,15.999999910593,1.49999999999653));
#12712=CARTESIAN_POINT('Origin',(2.60818935596102,19.1847060429427,1.5));
#12713=CARTESIAN_POINT('',(9.50000022351751,12.999999910593,1.5));
#12714=CARTESIAN_POINT('',(8.50000031292439,14.0000001341105,1.5));
#12715=CARTESIAN_POINT('',(2.96174280187201,19.5382593782183,1.5));
#12716=CARTESIAN_POINT('',(8.50000020228895,13.2928933529239,2.));
#12717=CARTESIAN_POINT('Origin',(8.50000020228895,13.2928933529239,1.5));
#12718=CARTESIAN_POINT('',(9.29289339650427,12.499999910593,2.));
#12719=CARTESIAN_POINT('',(2.60818935596102,19.1847060429427,2.));
#12720=CARTESIAN_POINT('Origin',(9.29289339650427,12.499999910593,1.5));
#12721=CARTESIAN_POINT('Origin',(7.69029550514928,22.0168116783686,1.5));
#12722=CARTESIAN_POINT('',(14.0000002905726,15.7071068929453,2.));
#12723=CARTESIAN_POINT('',(13.2071072729249,16.499999910593,2.));
#12724=CARTESIAN_POINT('',(7.69029550514928,22.0168116783686,2.));
#12725=CARTESIAN_POINT('',(13.0000004917383,15.999999910593,1.5));
#12726=CARTESIAN_POINT('Origin',(13.2071072729249,16.499999910593,1.5));
#12727=CARTESIAN_POINT('',(14.0000002905726,15.0000001117587,1.5));
#12728=CARTESIAN_POINT('',(7.33674211455601,21.6632582877753,1.5));
#12729=CARTESIAN_POINT('Origin',(14.0000002905726,15.7071068929453,1.5));
#12730=CARTESIAN_POINT('Origin',(-7.50000011175885,16.499999910593,1.5));
#12731=CARTESIAN_POINT('',(10.2928933082204,16.499999910593,2.));
#12732=CARTESIAN_POINT('',(-7.50000011175885,16.499999910593,2.));
#12733=CARTESIAN_POINT('',(10.500000089407,15.999999910593,1.5));
#12734=CARTESIAN_POINT('Origin',(10.2928933082204,16.499999910593,1.5));
#12735=CARTESIAN_POINT('',(-7.50000011175885,15.999999910593,1.5));
#12736=CARTESIAN_POINT('Origin',(-0.76681099607878,18.0597060429428,1.5));
#12737=CARTESIAN_POINT('',(5.00000022351751,12.999999910593,1.5));
#12738=CARTESIAN_POINT('',(4.00000031292439,14.0000001341105,1.5));
#12739=CARTESIAN_POINT('',(-0.413257550167793,18.4132593782183,1.5));
#12740=CARTESIAN_POINT('',(4.00000020228895,13.2928933529239,2.));
#12741=CARTESIAN_POINT('Origin',(4.00000020228895,13.2928933529239,1.5));
#12742=CARTESIAN_POINT('',(4.79289339650427,12.499999910593,2.));
#12743=CARTESIAN_POINT('',(-0.76681099607878,18.0597060429428,2.));
#12744=CARTESIAN_POINT('Origin',(4.79289339650427,12.499999910593,1.5));
#12745=CARTESIAN_POINT('Origin',(4.31529550514928,20.8918116783686,1.5));
#12746=CARTESIAN_POINT('',(9.50000029057265,15.7071068929453,2.));
#12747=CARTESIAN_POINT('',(8.70710727292487,16.499999910593,2.));
#12748=CARTESIAN_POINT('',(4.31529550514928,20.8918116783686,2.));
#12749=CARTESIAN_POINT('',(8.50000049173832,15.999999910593,1.5));
#12750=CARTESIAN_POINT('Origin',(8.70710727292487,16.499999910593,1.5));
#12751=CARTESIAN_POINT('',(9.50000029057264,15.0000001117587,1.5));
#12752=CARTESIAN_POINT('',(3.96174211455601,20.5382582877753,1.5));
#12753=CARTESIAN_POINT('Origin',(9.50000029057265,15.7071068929453,1.5));
#12754=CARTESIAN_POINT('Origin',(-7.50000011175885,16.499999910593,1.5));
#12755=CARTESIAN_POINT('',(5.79289330822042,16.499999910593,2.));
#12756=CARTESIAN_POINT('',(-7.50000011175885,16.499999910593,2.));
#12757=CARTESIAN_POINT('',(6.00000008940697,15.999999910593,1.5));
#12758=CARTESIAN_POINT('Origin',(5.79289330822042,16.499999910593,1.5));
#12759=CARTESIAN_POINT('',(-7.50000011175885,15.999999910593,1.5));
#12760=CARTESIAN_POINT('Origin',(-4.14181134811858,16.9347060429428,1.5));
#12761=CARTESIAN_POINT('',(0.500000223517515,12.999999910593,1.5));
#12762=CARTESIAN_POINT('',(-0.499999687075614,14.0000001341105,1.5));
#12763=CARTESIAN_POINT('',(-3.78825790220759,17.2882593782184,1.5));
#12764=CARTESIAN_POINT('',(-0.49999979771105,13.2928933529239,2.));
#12765=CARTESIAN_POINT('Origin',(-0.499999797711049,13.2928933529239,1.5));
#12766=CARTESIAN_POINT('',(0.292893396504268,12.499999910593,2.));
#12767=CARTESIAN_POINT('',(-4.14181134811858,16.9347060429428,2.));
#12768=CARTESIAN_POINT('Origin',(0.292893396504268,12.499999910593,1.5));
#12769=CARTESIAN_POINT('Origin',(0.940295505149282,19.7668116783686,1.5));
#12770=CARTESIAN_POINT('',(5.00000029057265,15.7071068929453,2.));
#12771=CARTESIAN_POINT('',(4.20710727292487,16.499999910593,2.));
#12772=CARTESIAN_POINT('',(0.940295505149282,19.7668116783686,2.));
#12773=CARTESIAN_POINT('',(4.00000049173832,15.999999910593,1.5));
#12774=CARTESIAN_POINT('Origin',(4.20710727292487,16.499999910593,1.5));
#12775=CARTESIAN_POINT('',(5.00000029057264,15.0000001117587,1.5));
#12776=CARTESIAN_POINT('',(0.586742114556008,19.4132582877753,1.5));
#12777=CARTESIAN_POINT('Origin',(5.00000029057265,15.7071068929453,1.5));
#12778=CARTESIAN_POINT('Origin',(-7.50000011175885,16.499999910593,1.5));
#12779=CARTESIAN_POINT('',(1.29289330822042,16.499999910593,2.));
#12780=CARTESIAN_POINT('',(-7.50000011175885,16.499999910593,2.));
#12781=CARTESIAN_POINT('',(1.50000008940697,15.999999910593,1.5));
#12782=CARTESIAN_POINT('Origin',(1.29289330822042,16.499999910593,1.5));
#12783=CARTESIAN_POINT('',(-7.50000011175885,15.999999910593,1.5));
#12784=CARTESIAN_POINT('Origin',(-7.51681170015838,15.8097060429429,1.5));
#12785=CARTESIAN_POINT('',(-3.99999977648249,12.999999910593,1.5));
#12786=CARTESIAN_POINT('',(-4.99999968707561,14.0000001341105,1.5));
#12787=CARTESIAN_POINT('',(-7.16325825424739,16.1632593782184,1.5));
#12788=CARTESIAN_POINT('',(-4.99999979771105,13.2928933529239,2.));
#12789=CARTESIAN_POINT('Origin',(-4.99999979771105,13.2928933529239,1.5));
#12790=CARTESIAN_POINT('',(-4.20710660349573,12.499999910593,2.));
#12791=CARTESIAN_POINT('',(-7.51681170015838,15.8097060429429,2.));
#12792=CARTESIAN_POINT('Origin',(-4.20710660349573,12.499999910593,1.5));
#12793=CARTESIAN_POINT('Origin',(-2.43470449485072,18.6418116783686,1.5));
#12794=CARTESIAN_POINT('',(0.500000290572645,15.7071068929453,2.));
#12795=CARTESIAN_POINT('',(-0.292892727075131,16.499999910593,2.));
#12796=CARTESIAN_POINT('',(-2.43470449485072,18.6418116783686,2.));
#12797=CARTESIAN_POINT('',(-0.49999950826168,15.999999910593,1.5));
#12798=CARTESIAN_POINT('Origin',(-0.292892727075132,16.499999910593,1.5));
#12799=CARTESIAN_POINT('',(0.500000290572644,15.0000001117587,1.5));
#12800=CARTESIAN_POINT('',(-2.78825788544399,18.2882582877753,1.5));
#12801=CARTESIAN_POINT('Origin',(0.500000290572645,15.7071068929453,1.5));
#12802=CARTESIAN_POINT('Origin',(-7.50000011175885,16.499999910593,1.5));
#12803=CARTESIAN_POINT('',(-3.20710669177958,16.499999910593,2.));
#12804=CARTESIAN_POINT('',(-7.50000011175885,16.499999910593,2.));
#12805=CARTESIAN_POINT('',(-2.99999991059303,15.999999910593,1.5));
#12806=CARTESIAN_POINT('Origin',(-3.20710669177958,16.499999910593,1.5));
#12807=CARTESIAN_POINT('',(-7.50000011175885,15.999999910593,1.5));
#12808=CARTESIAN_POINT('Origin',(-10.8918120521982,14.6847060429429,1.5));
#12809=CARTESIAN_POINT('',(-8.49999977648248,12.999999910593,1.5));
#12810=CARTESIAN_POINT('',(-9.49999968707561,14.0000001341105,1.5));
#12811=CARTESIAN_POINT('',(-10.5382586062872,15.0382593782185,1.5));
#12812=CARTESIAN_POINT('',(-9.49999979771105,13.2928933529239,2.));
#12813=CARTESIAN_POINT('Origin',(-9.49999979771105,13.2928933529239,1.5));
#12814=CARTESIAN_POINT('',(-8.70710660349573,12.499999910593,2.));
#12815=CARTESIAN_POINT('',(-10.8918120521982,14.6847060429429,2.));
#12816=CARTESIAN_POINT('Origin',(-8.70710660349573,12.499999910593,1.5));
#12817=CARTESIAN_POINT('Origin',(-5.80970449485072,17.5168116783686,1.5));
#12818=CARTESIAN_POINT('',(-3.99999970942736,15.7071068929453,2.));
#12819=CARTESIAN_POINT('',(-4.79289272707513,16.499999910593,2.));
#12820=CARTESIAN_POINT('',(-5.80970449485072,17.5168116783686,2.));
#12821=CARTESIAN_POINT('',(-4.99999950826168,15.999999910593,1.5));
#12822=CARTESIAN_POINT('Origin',(-4.79289272707513,16.499999910593,1.5));
#12823=CARTESIAN_POINT('',(-3.99999970942736,15.0000001117587,1.5));
#12824=CARTESIAN_POINT('',(-6.16325788544399,17.1632582877753,1.5));
#12825=CARTESIAN_POINT('Origin',(-3.99999970942736,15.7071068929453,1.5));
#12826=CARTESIAN_POINT('Origin',(-7.50000011175885,16.499999910593,1.5));
#12827=CARTESIAN_POINT('',(-7.70710669177958,16.499999910593,2.));
#12828=CARTESIAN_POINT('',(-7.50000011175885,16.499999910593,2.));
#12829=CARTESIAN_POINT('',(-7.49999991059303,15.999999910593,1.5));
#12830=CARTESIAN_POINT('Origin',(-7.70710669177958,16.499999910593,1.5));
#12831=CARTESIAN_POINT('',(-7.50000011175885,15.999999910593,1.5));
#12832=CARTESIAN_POINT('Origin',(-9.18470449485072,16.3918116783686,1.5));
#12833=CARTESIAN_POINT('',(-8.49999970942736,15.7071068929453,2.));
#12834=CARTESIAN_POINT('',(-9.29289272707513,16.499999910593,2.));
#12835=CARTESIAN_POINT('',(-9.18470449485072,16.3918116783686,2.));
#12836=CARTESIAN_POINT('',(-9.49999950826168,15.999999910593,1.5));
#12837=CARTESIAN_POINT('Origin',(-9.29289272707513,16.499999910593,1.5));
#12838=CARTESIAN_POINT('',(-8.49999970942736,15.0000001117587,1.5));
#12839=CARTESIAN_POINT('',(-9.53825788544399,16.0382582877753,1.5));
#12840=CARTESIAN_POINT('Origin',(-8.49999970942736,15.7071068929453,1.5));
#12841=CARTESIAN_POINT('Origin',(-7.50000011175885,16.499999910593,1.5));
#12842=CARTESIAN_POINT('',(-12.2071066917796,16.499999910593,2.));
#12843=CARTESIAN_POINT('',(-7.50000011175885,16.499999910593,2.));
#12844=CARTESIAN_POINT('',(-11.999999910593,15.999999910593,1.5));
#12845=CARTESIAN_POINT('Origin',(-12.2071066917796,16.499999910593,1.5));
#12846=CARTESIAN_POINT('',(-7.50000011175885,15.999999910593,1.5));
#12847=CARTESIAN_POINT('Origin',(-12.5597044948507,15.2668116783686,1.5));
#12848=CARTESIAN_POINT('',(-13.9999995082617,15.999999910593,1.5));
#12849=CARTESIAN_POINT('',(-12.9999997094274,15.0000001117587,1.5));
#12850=CARTESIAN_POINT('',(-12.913257885444,14.9132582877753,1.5));
#12851=CARTESIAN_POINT('',(-12.9999997094274,15.7071068929453,2.));
#12852=CARTESIAN_POINT('Origin',(-12.9999997094274,15.7071068929453,1.5));
#12853=CARTESIAN_POINT('',(-13.7928927270751,16.499999910593,2.));
#12854=CARTESIAN_POINT('',(-12.5597044948507,15.2668116783686,2.));
#12855=CARTESIAN_POINT('Origin',(-13.7928927270751,16.499999910593,1.5));
#12856=CARTESIAN_POINT('Origin',(-6.44029516987329,22.2668114324993,1.5));
#12857=CARTESIAN_POINT('',(-6.44029516987329,22.2668114324993,2.));
#12858=CARTESIAN_POINT('',(-6.08674177928002,21.913258041906,1.5));
#12859=CARTESIAN_POINT('Origin',(-15.0000002235174,14.499999910593,1.5));
#12860=CARTESIAN_POINT('',(-15.0000002235174,12.999999910593,1.5));
#12861=CARTESIAN_POINT('',(-15.0000002235174,15.999999910593,1.5));
#12862=CARTESIAN_POINT('Origin',(-15.0000002235174,14.499999910593,1.5));
#12863=CARTESIAN_POINT('',(-15.0000002235174,16.499999910593,2.));
#12864=CARTESIAN_POINT('Origin',(-15.0000002235174,16.499999910593,1.5));
#12865=CARTESIAN_POINT('',(-14.7808505855846,12.5120428093975,2.));
#12866=CARTESIAN_POINT('Origin',(-15.0000002235174,14.499999910593,2.));
#12867=CARTESIAN_POINT('Ctrl Pts',(-14.7808505855846,12.5120428093975,2.));
#12868=CARTESIAN_POINT('Ctrl Pts',(-14.7813523023534,12.5130878472765,2.));
#12869=CARTESIAN_POINT('Ctrl Pts',(-14.7818538677569,12.5141329557602,1.99999641132478));
#12870=CARTESIAN_POINT('Ctrl Pts',(-14.7988863523806,12.5496365742307,1.99975263870252));
#12871=CARTESIAN_POINT('Ctrl Pts',(-14.8152135896026,12.5840957400194,1.99561682247011));
#12872=CARTESIAN_POINT('Ctrl Pts',(-14.8468512993488,12.6517430846098,1.97972491968493));
#12873=CARTESIAN_POINT('Ctrl Pts',(-14.8621133803856,12.6848262490994,1.96801110463392));
#12874=CARTESIAN_POINT('Ctrl Pts',(-14.9024954961816,12.773521074697,1.92519927424791));
#12875=CARTESIAN_POINT('Ctrl Pts',(-14.9256122095158,12.8257361836938,1.88633966394921));
#12876=CARTESIAN_POINT('Ctrl Pts',(-14.9623330983933,12.9103028998177,1.79270153412434));
#12877=CARTESIAN_POINT('Ctrl Pts',(-14.9762582701903,12.9432053730175,1.74000369413432));
#12878=CARTESIAN_POINT('Ctrl Pts',(-14.9948426134348,12.9874891386779,1.62614854580139));
#12879=CARTESIAN_POINT('Ctrl Pts',(-14.9996691874538,12.9992007306841,1.56672004074694));
#12880=CARTESIAN_POINT('Ctrl Pts',(-14.9999947751381,12.9999867569372,1.50418883955858));
#12881=CARTESIAN_POINT('Ctrl Pts',(-15.0000002235174,12.999999910593,1.50209393336284));
#12882=CARTESIAN_POINT('Ctrl Pts',(-15.0000002235174,12.999999910593,1.49999999999989));
#12883=CARTESIAN_POINT('Origin',(-7.50000011175885,16.499999910593,1.5));
#12884=CARTESIAN_POINT('',(-7.50000011175885,16.499999910593,2.));
#12885=CARTESIAN_POINT('',(-7.50000011175885,15.999999910593,1.5));
#12886=CARTESIAN_POINT('Origin',(-7.23318750523192,20.0597035279036,1.5));
#12887=CARTESIAN_POINT('',(-13.9999996870756,14.0000001341105,1.5));
#12888=CARTESIAN_POINT('',(-7.58674084050747,20.4132569738146,1.5));
#12889=CARTESIAN_POINT('',(-13.9999997977111,13.2928933529239,2.));
#12890=CARTESIAN_POINT('',(-7.23318750523192,20.0597035279036,2.));
#12891=CARTESIAN_POINT('Origin',(-13.9999997977111,13.2928933529239,1.5));
#12892=CARTESIAN_POINT('Origin',(-3.06529516987329,21.1418114324993,1.5));
#12893=CARTESIAN_POINT('',(-3.06529516987329,21.1418114324993,2.));
#12894=CARTESIAN_POINT('',(-2.71174177928002,20.788258041906,1.5));
#12895=CARTESIAN_POINT('Origin',(-14.266812404238,13.559706042943,1.5));
#12896=CARTESIAN_POINT('',(-12.9999997764825,12.999999910593,1.5));
#12897=CARTESIAN_POINT('',(-13.913258958327,13.9132593782185,1.5));
#12898=CARTESIAN_POINT('',(-13.2071066034957,12.499999910593,2.));
#12899=CARTESIAN_POINT('',(-14.266812404238,13.559706042943,2.));
#12900=CARTESIAN_POINT('Origin',(-13.2071066034957,12.499999910593,1.5));
#12901=CARTESIAN_POINT('Origin',(7.50000011175857,12.499999910593,1.5));
#12902=CARTESIAN_POINT('',(-10.5000002235174,12.999999910593,1.5));
#12903=CARTESIAN_POINT('',(7.50000011175857,12.999999910593,1.5));
#12904=CARTESIAN_POINT('',(-10.2928934881576,12.499999910593,2.));
#12905=CARTESIAN_POINT('',(7.50000011175857,12.499999910593,2.));
#12906=CARTESIAN_POINT('Origin',(-10.2928934881576,12.499999910593,1.5));
#12907=CARTESIAN_POINT('Origin',(-3.85818785727172,18.9347035279037,1.5));
#12908=CARTESIAN_POINT('',(-4.21174119254727,19.2882569738146,1.5));
#12909=CARTESIAN_POINT('',(-3.85818785727172,18.9347035279037,2.));
#12910=CARTESIAN_POINT('Origin',(0.309704830126706,20.0168114324993,1.5));
#12911=CARTESIAN_POINT('',(0.309704830126706,20.0168114324993,2.));
#12912=CARTESIAN_POINT('',(0.66325822071998,19.663258041906,1.5));
#12913=CARTESIAN_POINT('Origin',(7.50000011175857,12.499999910593,1.5));
#12914=CARTESIAN_POINT('',(-6.00000022351742,12.999999910593,1.5));
#12915=CARTESIAN_POINT('',(7.50000011175857,12.999999910593,1.5));
#12916=CARTESIAN_POINT('',(-5.79289348815757,12.499999910593,2.));
#12917=CARTESIAN_POINT('',(7.50000011175857,12.499999910593,2.));
#12918=CARTESIAN_POINT('Origin',(-5.79289348815756,12.499999910593,1.5));
#12919=CARTESIAN_POINT('Origin',(-0.483188209311521,17.8097035279037,1.5));
#12920=CARTESIAN_POINT('',(-0.836741544587074,18.1632569738147,1.5));
#12921=CARTESIAN_POINT('',(-0.483188209311521,17.8097035279037,2.));
#12922=CARTESIAN_POINT('Origin',(3.68470483012671,18.8918114324993,1.5));
#12923=CARTESIAN_POINT('',(3.68470483012671,18.8918114324993,2.));
#12924=CARTESIAN_POINT('',(4.03825822071998,18.538258041906,1.5));
#12925=CARTESIAN_POINT('Origin',(7.50000011175857,12.499999910593,1.5));
#12926=CARTESIAN_POINT('',(-1.50000022351742,12.999999910593,1.5));
#12927=CARTESIAN_POINT('',(7.50000011175857,12.999999910593,1.5));
#12928=CARTESIAN_POINT('',(-1.29289348815757,12.499999910593,2.));
#12929=CARTESIAN_POINT('',(7.50000011175857,12.499999910593,2.));
#12930=CARTESIAN_POINT('Origin',(-1.29289348815756,12.499999910593,1.5));
#12931=CARTESIAN_POINT('Origin',(2.89181143864868,16.6847035279038,1.5));
#12932=CARTESIAN_POINT('',(2.53825810337313,17.0382569738148,1.5));
#12933=CARTESIAN_POINT('',(2.89181143864868,16.6847035279038,2.));
#12934=CARTESIAN_POINT('Origin',(7.05970483012671,17.7668114324993,1.5));
#12935=CARTESIAN_POINT('',(7.05970483012671,17.7668114324993,2.));
#12936=CARTESIAN_POINT('',(7.41325822071998,17.413258041906,1.5));
#12937=CARTESIAN_POINT('Origin',(7.50000011175857,12.499999910593,1.5));
#12938=CARTESIAN_POINT('',(2.99999977648258,12.999999910593,1.5));
#12939=CARTESIAN_POINT('',(7.50000011175857,12.999999910593,1.5));
#12940=CARTESIAN_POINT('',(3.20710651184243,12.499999910593,2.));
#12941=CARTESIAN_POINT('',(7.50000011175857,12.499999910593,2.));
#12942=CARTESIAN_POINT('Origin',(3.20710651184243,12.499999910593,1.5));
#12943=CARTESIAN_POINT('Origin',(6.26681108660888,15.5597035279038,1.5));
#12944=CARTESIAN_POINT('',(5.91325775133333,15.9132569738148,1.5));
#12945=CARTESIAN_POINT('',(6.26681108660888,15.5597035279038,2.));
#12946=CARTESIAN_POINT('Origin',(10.4347048301267,16.6418114324993,1.5));
#12947=CARTESIAN_POINT('',(10.4347048301267,16.6418114324993,2.));
#12948=CARTESIAN_POINT('',(10.78825822072,16.288258041906,1.5));
#12949=CARTESIAN_POINT('Origin',(7.50000011175857,12.499999910593,1.5));
#12950=CARTESIAN_POINT('',(7.49999977648258,12.999999910593,1.5));
#12951=CARTESIAN_POINT('',(7.50000011175857,12.999999910593,1.5));
#12952=CARTESIAN_POINT('',(7.70710651184243,12.499999910593,2.));
#12953=CARTESIAN_POINT('',(7.50000011175857,12.499999910593,2.));
#12954=CARTESIAN_POINT('Origin',(7.70710651184243,12.499999910593,1.5));
#12955=CARTESIAN_POINT('Origin',(9.64181073456908,14.4347035279039,1.5));
#12956=CARTESIAN_POINT('',(9.28825739929353,14.7882569738149,1.5));
#12957=CARTESIAN_POINT('',(9.64181073456908,14.4347035279039,2.));
#12958=CARTESIAN_POINT('Origin',(13.8097048301267,15.5168114324993,1.5));
#12959=CARTESIAN_POINT('',(13.8097048301267,15.5168114324993,2.));
#12960=CARTESIAN_POINT('',(14.16325822072,15.163258041906,1.5));
#12961=CARTESIAN_POINT('Origin',(7.50000011175857,12.499999910593,1.5));
#12962=CARTESIAN_POINT('',(7.50000011175857,12.499999910593,2.));
#12963=CARTESIAN_POINT('',(7.50000011175857,12.999999910593,1.5));
#12964=CARTESIAN_POINT('Origin',(7.50000011175857,12.499999910593,1.5));
#12965=CARTESIAN_POINT('',(11.9999997764826,12.999999910593,1.5));
#12966=CARTESIAN_POINT('',(7.50000011175857,12.999999910593,1.5));
#12967=CARTESIAN_POINT('',(12.2071065118424,12.499999910593,2.));
#12968=CARTESIAN_POINT('',(7.50000011175857,12.499999910593,2.));
#12969=CARTESIAN_POINT('Origin',(12.2071065118424,12.499999910593,1.5));
#12970=CARTESIAN_POINT('Origin',(13.0168103825293,13.3097035279039,1.5));
#12971=CARTESIAN_POINT('',(12.6632570472537,13.6632569738149,1.5));
#12972=CARTESIAN_POINT('',(13.0168103825293,13.3097035279039,2.));
#12973=CARTESIAN_POINT('Origin',(15.000000089407,15.999999910593,2.));
#12974=CARTESIAN_POINT('',(14.0000002905726,15.0000001117587,0.5));
#12975=CARTESIAN_POINT('',(14.0000002905726,15.0000001117587,2.));
#12976=CARTESIAN_POINT('',(15.0000002235174,15.999999910593,0.5));
#12977=CARTESIAN_POINT('',(14.16325822072,15.163258041906,0.5));
#12978=CARTESIAN_POINT('',(15.0000002235174,15.999999910593,0.));
#12979=CARTESIAN_POINT('Origin',(14.0000002905726,15.0000001117587,2.));
#12980=CARTESIAN_POINT('',(13.0000004917383,15.999999910593,0.5));
#12981=CARTESIAN_POINT('',(13.0000004917383,15.999999910593,1.));
#12982=CARTESIAN_POINT('',(7.33674211455601,21.6632582877753,0.5));
#12983=CARTESIAN_POINT('Origin',(-15.0000002235174,15.999999910593,0.));
#12984=CARTESIAN_POINT('',(10.500000089407,15.999999910593,0.5));
#12985=CARTESIAN_POINT('',(10.500000089407,15.999999910593,1.));
#12986=CARTESIAN_POINT('',(-7.50000011175885,15.999999910593,0.5));
#12987=CARTESIAN_POINT('Origin',(10.500000089407,15.999999910593,2.));
#12988=CARTESIAN_POINT('',(9.50000029057264,15.0000001117587,0.5));
#12989=CARTESIAN_POINT('',(9.50000029057264,15.0000001117587,2.));
#12990=CARTESIAN_POINT('',(10.78825822072,16.288258041906,0.5));
#12991=CARTESIAN_POINT('Origin',(9.50000029057264,15.0000001117587,2.));
#12992=CARTESIAN_POINT('',(8.50000049173832,15.999999910593,0.5));
#12993=CARTESIAN_POINT('',(8.50000049173832,15.999999910593,1.));
#12994=CARTESIAN_POINT('',(3.96174211455601,20.5382582877753,0.5));
#12995=CARTESIAN_POINT('Origin',(-15.0000002235174,15.999999910593,0.));
#12996=CARTESIAN_POINT('',(6.00000008940697,15.999999910593,0.5));
#12997=CARTESIAN_POINT('',(6.00000008940697,15.999999910593,1.));
#12998=CARTESIAN_POINT('',(-7.50000011175885,15.999999910593,0.5));
#12999=CARTESIAN_POINT('Origin',(6.00000008940697,15.999999910593,2.));
#13000=CARTESIAN_POINT('',(5.00000029057264,15.0000001117587,0.5));
#13001=CARTESIAN_POINT('',(5.00000029057264,15.0000001117587,2.));
#13002=CARTESIAN_POINT('',(7.41325822071998,17.413258041906,0.5));
#13003=CARTESIAN_POINT('Origin',(5.00000029057264,15.0000001117587,2.));
#13004=CARTESIAN_POINT('',(4.00000049173832,15.999999910593,0.5));
#13005=CARTESIAN_POINT('',(4.00000049173832,15.999999910593,1.));
#13006=CARTESIAN_POINT('',(0.586742114556008,19.4132582877753,0.5));
#13007=CARTESIAN_POINT('Origin',(-15.0000002235174,15.999999910593,0.));
#13008=CARTESIAN_POINT('',(1.50000008940697,15.999999910593,0.5));
#13009=CARTESIAN_POINT('',(1.50000008940697,15.999999910593,1.));
#13010=CARTESIAN_POINT('',(-7.50000011175885,15.999999910593,0.5));
#13011=CARTESIAN_POINT('Origin',(1.50000008940697,15.999999910593,2.));
#13012=CARTESIAN_POINT('',(0.500000290572644,15.0000001117587,0.5));
#13013=CARTESIAN_POINT('',(0.500000290572644,15.0000001117587,2.));
#13014=CARTESIAN_POINT('',(4.03825822071998,18.538258041906,0.5));
#13015=CARTESIAN_POINT('Origin',(0.500000290572644,15.0000001117587,2.));
#13016=CARTESIAN_POINT('',(-0.49999950826168,15.999999910593,0.5));
#13017=CARTESIAN_POINT('',(-0.49999950826168,15.999999910593,1.));
#13018=CARTESIAN_POINT('',(-2.78825788544399,18.2882582877753,0.5));
#13019=CARTESIAN_POINT('Origin',(-15.0000002235174,15.999999910593,0.));
#13020=CARTESIAN_POINT('',(-2.99999991059303,15.999999910593,0.5));
#13021=CARTESIAN_POINT('',(-2.99999991059303,15.999999910593,1.));
#13022=CARTESIAN_POINT('',(-7.50000011175885,15.999999910593,0.5));
#13023=CARTESIAN_POINT('Origin',(-2.99999991059303,15.999999910593,2.));
#13024=CARTESIAN_POINT('',(-3.99999970942736,15.0000001117587,0.5));
#13025=CARTESIAN_POINT('',(-3.99999970942736,15.0000001117587,2.));
#13026=CARTESIAN_POINT('',(0.66325822071998,19.663258041906,0.5));
#13027=CARTESIAN_POINT('Origin',(-3.99999970942736,15.0000001117587,2.));
#13028=CARTESIAN_POINT('',(-4.99999950826168,15.999999910593,0.5));
#13029=CARTESIAN_POINT('',(-4.99999950826168,15.999999910593,1.));
#13030=CARTESIAN_POINT('',(-6.16325788544399,17.1632582877753,0.5));
#13031=CARTESIAN_POINT('Origin',(-15.0000002235174,15.999999910593,0.));
#13032=CARTESIAN_POINT('',(-7.49999991059303,15.999999910593,0.5));
#13033=CARTESIAN_POINT('',(-7.49999991059303,15.999999910593,1.));
#13034=CARTESIAN_POINT('',(-7.50000011175885,15.999999910593,0.5));
#13035=CARTESIAN_POINT('Origin',(-7.49999991059303,15.999999910593,2.));
#13036=CARTESIAN_POINT('',(-8.49999970942736,15.0000001117587,0.5));
#13037=CARTESIAN_POINT('',(-8.49999970942736,15.0000001117587,2.));
#13038=CARTESIAN_POINT('',(-2.71174177928002,20.788258041906,0.5));
#13039=CARTESIAN_POINT('Origin',(-8.49999970942736,15.0000001117587,2.));
#13040=CARTESIAN_POINT('',(-9.49999950826168,15.999999910593,0.5));
#13041=CARTESIAN_POINT('',(-9.49999950826168,15.999999910593,1.));
#13042=CARTESIAN_POINT('',(-9.53825788544399,16.0382582877753,0.5));
#13043=CARTESIAN_POINT('Origin',(-15.0000002235174,15.999999910593,0.));
#13044=CARTESIAN_POINT('',(-11.999999910593,15.999999910593,0.5));
#13045=CARTESIAN_POINT('',(-11.999999910593,15.999999910593,1.));
#13046=CARTESIAN_POINT('',(-7.50000011175885,15.999999910593,0.5));
#13047=CARTESIAN_POINT('Origin',(-11.999999910593,15.999999910593,2.));
#13048=CARTESIAN_POINT('',(-12.9999997094274,15.0000001117587,0.5));
#13049=CARTESIAN_POINT('',(-12.9999997094274,15.0000001117587,2.));
#13050=CARTESIAN_POINT('',(-6.08674177928002,21.913258041906,0.5));
#13051=CARTESIAN_POINT('Origin',(-12.9999997094274,15.0000001117587,2.));
#13052=CARTESIAN_POINT('',(-13.9999995082617,15.999999910593,0.5));
#13053=CARTESIAN_POINT('',(-13.9999995082617,15.999999910593,1.));
#13054=CARTESIAN_POINT('',(-12.913257885444,14.9132582877753,0.5));
#13055=CARTESIAN_POINT('Origin',(-15.0000002235174,15.999999910593,0.));
#13056=CARTESIAN_POINT('',(-15.0000002235174,15.999999910593,0.5));
#13057=CARTESIAN_POINT('',(-15.0000002235174,15.999999910593,0.));
#13058=CARTESIAN_POINT('',(-7.50000011175885,15.999999910593,0.5));
#13059=CARTESIAN_POINT('Origin',(-15.0000002235174,14.499999910593,0.));
#13060=CARTESIAN_POINT('',(-15.0000002235174,12.999999910593,0.5));
#13061=CARTESIAN_POINT('',(-15.0000002235174,12.999999910593,0.));
#13062=CARTESIAN_POINT('Origin',(-15.0000002235174,14.499999910593,0.5));
#13063=CARTESIAN_POINT('Origin',(-2.8421709430404E-13,27.6530325252523,
2.));
#13064=CARTESIAN_POINT('',(-15.0000002235174,11.4999998658895,2.));
#13065=CARTESIAN_POINT('',(-19.2702817397416,24.4662222152895,2.));
#13066=CARTESIAN_POINT('Ctrl Pts',(-15.0000002235174,11.4999998658896,2.));
#13067=CARTESIAN_POINT('Ctrl Pts',(-16.2454987662184,11.4999998658896,2.));
#13068=CARTESIAN_POINT('Ctrl Pts',(-17.8548471790341,11.8958892259559,2.));
#13069=CARTESIAN_POINT('Ctrl Pts',(-20.1287015181286,13.6764157117374,2.));
#13070=CARTESIAN_POINT('Ctrl Pts',(-21.2874533354574,16.4784864980857,2.));
#13071=CARTESIAN_POINT('Ctrl Pts',(-21.3588817749715,20.6578717990794,2.));
#13072=CARTESIAN_POINT('Ctrl Pts',(-20.4292280661298,23.0384352170369,2.));
#13073=CARTESIAN_POINT('Ctrl Pts',(-19.2702817397416,24.4662222152895,2.));
#13074=CARTESIAN_POINT('',(15.0000002235174,11.4999998658895,2.));
#13075=CARTESIAN_POINT('',(-7.50000011175885,11.4999998658895,2.));
#13076=CARTESIAN_POINT('',(19.2702817397416,24.4662222152895,2.));
#13077=CARTESIAN_POINT('Ctrl Pts',(19.2702817397416,24.4662222152895,2.));
#13078=CARTESIAN_POINT('Ctrl Pts',(20.4292280661298,23.038435217037,2.));
#13079=CARTESIAN_POINT('Ctrl Pts',(21.6634377213153,19.8619315762256,2.));
#13080=CARTESIAN_POINT('Ctrl Pts',(21.0661867467617,15.6154980005859,2.));
#13081=CARTESIAN_POINT('Ctrl Pts',(19.0604122110812,12.4378917421416,2.));
#13082=CARTESIAN_POINT('Ctrl Pts',(16.992797891839,11.4999998658896,2.));
#13083=CARTESIAN_POINT('Ctrl Pts',(15.0000002235174,11.4999998658896,2.));
#13084=CARTESIAN_POINT('',(5.82311106382808,41.0327318259516,2.));
#13085=CARTESIAN_POINT('',(14.6637208219662,30.1413666419993,2.));
#13086=CARTESIAN_POINT('',(-5.82311106382808,41.0327318259516,2.));
#13087=CARTESIAN_POINT('Origin',(0.,36.3060651846151,2.));
#13088=CARTESIAN_POINT('',(-7.94013548400955,38.4246214473302,2.));
#13089=CARTESIAN_POINT('',(-2.98919701276508,38.7324207271678,2.));
#13090=CARTESIAN_POINT('',(-16.4363676886786,22.1659111165058,2.));
#13091=CARTESIAN_POINT('',(-5.10622143294655,36.1243103485465,2.));
#13092=CARTESIAN_POINT('',(2.98919701276508,38.7324207271678,2.));
#13093=CARTESIAN_POINT('Origin',(0.,36.3060651846151,2.));
#13094=CARTESIAN_POINT('',(16.4363676886786,22.1659111165058,2.));
#13095=CARTESIAN_POINT('',(11.8298067709032,27.8410555432156,2.));
#13096=CARTESIAN_POINT('',(15.0000002235174,18.65,2.));
#13097=CARTESIAN_POINT('Ctrl Pts',(15.0000002235174,18.65,2.));
#13098=CARTESIAN_POINT('Ctrl Pts',(15.1935307548351,18.65,2.));
#13099=CARTESIAN_POINT('Ctrl Pts',(15.4281208119241,18.6771422654533,2.));
#13100=CARTESIAN_POINT('Ctrl Pts',(15.8404098546359,18.7965839517652,2.));
#13101=CARTESIAN_POINT('Ctrl Pts',(16.2298780353262,19.0181564958185,2.));
#13102=CARTESIAN_POINT('Ctrl Pts',(16.504554914049,19.3365776858735,2.));
#13103=CARTESIAN_POINT('Ctrl Pts',(16.6352992718899,19.5500255676751,2.));
#13104=CARTESIAN_POINT('Ctrl Pts',(16.7095212513059,19.6813252246666,2.));
#13105=CARTESIAN_POINT('Ctrl Pts',(16.8262323212416,19.9357726430554,2.));
#13106=CARTESIAN_POINT('Ctrl Pts',(16.977827278945,20.4857581672665,2.));
#13107=CARTESIAN_POINT('Ctrl Pts',(16.9665936189273,21.2765757990652,2.));
#13108=CARTESIAN_POINT('Ctrl Pts',(16.6717057742696,21.8759816770229,2.));
#13109=CARTESIAN_POINT('Ctrl Pts',(16.4363676886786,22.1659111165058,2.));
#13110=CARTESIAN_POINT('',(-15.0000002235174,18.65,2.));
#13111=CARTESIAN_POINT('',(-7.50000011175885,18.65,2.));
#13112=CARTESIAN_POINT('Ctrl Pts',(-16.4363676886785,22.1659111165058,2.));
#13113=CARTESIAN_POINT('Ctrl Pts',(-16.6717057742696,21.8759816770229,2.));
#13114=CARTESIAN_POINT('Ctrl Pts',(-16.966281248595,21.2766262492749,2.));
#13115=CARTESIAN_POINT('Ctrl Pts',(-16.9803290457829,20.3277318007608,2.));
#13116=CARTESIAN_POINT('Ctrl Pts',(-16.643736002988,19.4440931603909,2.));
#13117=CARTESIAN_POINT('Ctrl Pts',(-16.0166078613333,18.8130357019111,2.));
#13118=CARTESIAN_POINT('Ctrl Pts',(-15.3870612861528,18.65,2.));
#13119=CARTESIAN_POINT('Ctrl Pts',(-15.0000002235174,18.65,2.));
#13120=CARTESIAN_POINT('Origin',(7.50000011175857,12.499999910593,0.5));
#13121=CARTESIAN_POINT('',(5.00000022351751,12.999999910593,0.5));
#13122=CARTESIAN_POINT('',(7.49999977648258,12.999999910593,0.5));
#13123=CARTESIAN_POINT('',(7.50000011175857,12.999999910593,0.5));
#13124=CARTESIAN_POINT('',(7.70710651184243,12.499999910593,0.));
#13125=CARTESIAN_POINT('Origin',(7.70710651184243,12.499999910593,0.5));
#13126=CARTESIAN_POINT('',(4.79289339650427,12.499999910593,0.));
#13127=CARTESIAN_POINT('',(7.50000011175857,12.499999910593,0.));
#13128=CARTESIAN_POINT('Origin',(4.79289339650427,12.499999910593,0.5));
#13129=CARTESIAN_POINT('Origin',(-0.76681099607878,18.0597060429428,0.5));
#13130=CARTESIAN_POINT('',(4.00000020228895,13.2928933529239,0.));
#13131=CARTESIAN_POINT('',(-0.76681099607878,18.0597060429428,0.));
#13132=CARTESIAN_POINT('',(4.00000031292439,14.0000001341105,0.5));
#13133=CARTESIAN_POINT('Origin',(4.00000020228895,13.2928933529239,0.5));
#13134=CARTESIAN_POINT('',(-0.413257550167793,18.4132593782183,0.5));
#13135=CARTESIAN_POINT('Origin',(7.50000011175857,12.499999910593,0.5));
#13136=CARTESIAN_POINT('',(9.50000022351751,12.999999910593,0.5));
#13137=CARTESIAN_POINT('',(11.9999997764826,12.999999910593,0.5));
#13138=CARTESIAN_POINT('',(7.50000011175857,12.999999910593,0.5));
#13139=CARTESIAN_POINT('',(12.2071065118424,12.499999910593,0.));
#13140=CARTESIAN_POINT('Origin',(12.2071065118424,12.499999910593,0.5));
#13141=CARTESIAN_POINT('',(9.29289339650427,12.499999910593,0.));
#13142=CARTESIAN_POINT('',(7.50000011175857,12.499999910593,0.));
#13143=CARTESIAN_POINT('Origin',(9.29289339650427,12.499999910593,0.5));
#13144=CARTESIAN_POINT('Origin',(7.50000011175857,12.499999910593,0.5));
#13145=CARTESIAN_POINT('',(3.20710651184243,12.499999910593,0.));
#13146=CARTESIAN_POINT('',(0.29289339650427,12.499999910593,0.));
#13147=CARTESIAN_POINT('',(7.50000011175857,12.499999910593,0.));
#13148=CARTESIAN_POINT('',(0.500000223517515,12.999999910593,0.5));
#13149=CARTESIAN_POINT('Origin',(0.29289339650427,12.499999910593,0.5));
#13150=CARTESIAN_POINT('',(2.99999977648258,12.999999910593,0.5));
#13151=CARTESIAN_POINT('',(7.50000011175857,12.999999910593,0.5));
#13152=CARTESIAN_POINT('Origin',(3.20710651184243,12.499999910593,0.5));
#13153=CARTESIAN_POINT('Origin',(-4.14181134811858,16.9347060429428,0.5));
#13154=CARTESIAN_POINT('',(-0.49999979771105,13.2928933529239,0.));
#13155=CARTESIAN_POINT('',(-4.14181134811858,16.9347060429428,0.));
#13156=CARTESIAN_POINT('',(-0.499999687075614,14.0000001341105,0.5));
#13157=CARTESIAN_POINT('Origin',(-0.499999797711049,13.2928933529239,0.5));
#13158=CARTESIAN_POINT('',(-3.78825790220759,17.2882593782184,0.5));
#13159=CARTESIAN_POINT('Origin',(15.0000002235174,14.499999910593,0.5));
#13160=CARTESIAN_POINT('',(14.7808503875893,16.4879569899619,0.));
#13161=CARTESIAN_POINT('',(15.0000002235174,12.499999910593,0.));
#13162=CARTESIAN_POINT('Origin',(15.0000002235174,14.499999910593,0.));
#13163=CARTESIAN_POINT('',(15.0000002235174,12.999999910593,0.5));
#13164=CARTESIAN_POINT('Origin',(15.0000002235174,12.499999910593,0.5));
#13165=CARTESIAN_POINT('Origin',(15.0000002235174,14.499999910593,0.5));
#13166=CARTESIAN_POINT('Ctrl Pts',(15.000000089407,15.999999910593,0.5));
#13167=CARTESIAN_POINT('Ctrl Pts',(15.000000089407,15.999999910593,0.439578478689038));
#13168=CARTESIAN_POINT('Ctrl Pts',(14.9954865230169,16.0109574441105,0.38000642961948));
#13169=CARTESIAN_POINT('Ctrl Pts',(14.977525488889,16.0537919405181,0.265684275379712));
#13170=CARTESIAN_POINT('Ctrl Pts',(14.9639227243541,16.0859739535398,0.212652729107826));
#13171=CARTESIAN_POINT('Ctrl Pts',(14.9278317022522,16.1692119803822,0.118054512070099));
#13172=CARTESIAN_POINT('Ctrl Pts',(14.9050198802346,16.2208295642815,0.0785607817888795));
#13173=CARTESIAN_POINT('Ctrl Pts',(14.8645435496147,16.309887361992,0.0340272249568037));
#13174=CARTESIAN_POINT('Ctrl Pts',(14.848855971764,16.3439389219896,0.0215651295680647));
#13175=CARTESIAN_POINT('Ctrl Pts',(14.8162681353505,16.4136771797575,0.00465474136544047));
#13176=CARTESIAN_POINT('Ctrl Pts',(14.7994207406653,16.4492489114315,0.000255012336697249));
#13177=CARTESIAN_POINT('Ctrl Pts',(14.7818536700299,16.4858668437257,3.58867515439947E-6));
#13178=CARTESIAN_POINT('Ctrl Pts',(14.7813521044922,16.4869119521464,6.61593294823558E-19));
#13179=CARTESIAN_POINT('Ctrl Pts',(14.7808503875893,16.4879569899619,0.));
#13180=CARTESIAN_POINT('Origin',(7.50000011175857,12.499999910593,0.5));
#13181=CARTESIAN_POINT('',(-1.29289348815756,12.499999910593,0.));
#13182=CARTESIAN_POINT('',(-4.20710660349573,12.499999910593,0.));
#13183=CARTESIAN_POINT('',(7.50000011175857,12.499999910593,0.));
#13184=CARTESIAN_POINT('',(-3.99999977648249,12.999999910593,0.5));
#13185=CARTESIAN_POINT('Origin',(-4.20710660349573,12.499999910593,0.5));
#13186=CARTESIAN_POINT('',(-1.50000022351742,12.999999910593,0.5));
#13187=CARTESIAN_POINT('',(7.50000011175857,12.999999910593,0.5));
#13188=CARTESIAN_POINT('Origin',(-1.29289348815756,12.499999910593,0.5));
#13189=CARTESIAN_POINT('Origin',(-7.51681170015838,15.8097060429429,0.5));
#13190=CARTESIAN_POINT('',(-4.99999979771105,13.2928933529239,0.));
#13191=CARTESIAN_POINT('',(-7.51681170015838,15.8097060429429,0.));
#13192=CARTESIAN_POINT('',(-4.99999968707561,14.0000001341105,0.5));
#13193=CARTESIAN_POINT('Origin',(-4.99999979771105,13.2928933529239,0.5));
#13194=CARTESIAN_POINT('',(-7.16325825424739,16.1632593782184,0.5));
#13195=CARTESIAN_POINT('Origin',(-7.50000011175885,16.499999910593,0.5));
#13196=CARTESIAN_POINT('',(10.2928933082204,16.499999910593,0.));
#13197=CARTESIAN_POINT('Origin',(10.2928933082204,16.499999910593,0.5));
#13198=CARTESIAN_POINT('',(13.2071072729249,16.499999910593,0.));
#13199=CARTESIAN_POINT('',(-7.50000011175885,16.499999910593,0.));
#13200=CARTESIAN_POINT('Origin',(13.2071072729249,16.499999910593,0.5));
#13201=CARTESIAN_POINT('Origin',(7.50000011175857,12.499999910593,0.5));
#13202=CARTESIAN_POINT('',(-5.79289348815756,12.499999910593,0.));
#13203=CARTESIAN_POINT('',(-8.70710660349573,12.499999910593,0.));
#13204=CARTESIAN_POINT('',(7.50000011175857,12.499999910593,0.));
#13205=CARTESIAN_POINT('',(-8.49999977648248,12.999999910593,0.5));
#13206=CARTESIAN_POINT('Origin',(-8.70710660349573,12.499999910593,0.5));
#13207=CARTESIAN_POINT('',(-6.00000022351742,12.999999910593,0.5));
#13208=CARTESIAN_POINT('',(7.50000011175857,12.999999910593,0.5));
#13209=CARTESIAN_POINT('Origin',(-5.79289348815756,12.499999910593,0.5));
#13210=CARTESIAN_POINT('Origin',(-10.8918120521982,14.6847060429429,0.5));
#13211=CARTESIAN_POINT('',(-9.49999979771105,13.2928933529239,0.));
#13212=CARTESIAN_POINT('',(-10.8918120521982,14.6847060429429,0.));
#13213=CARTESIAN_POINT('',(-9.49999968707561,14.0000001341105,0.5));
#13214=CARTESIAN_POINT('Origin',(-9.49999979771105,13.2928933529239,0.5));
#13215=CARTESIAN_POINT('',(-10.5382586062872,15.0382593782185,0.5));
#13216=CARTESIAN_POINT('Origin',(-7.50000011175885,16.499999910593,0.5));
#13217=CARTESIAN_POINT('',(5.79289330822042,16.499999910593,0.));
#13218=CARTESIAN_POINT('Origin',(5.79289330822042,16.499999910593,0.5));
#13219=CARTESIAN_POINT('',(8.70710727292487,16.499999910593,0.));
#13220=CARTESIAN_POINT('',(-7.50000011175885,16.499999910593,0.));
#13221=CARTESIAN_POINT('Origin',(8.70710727292487,16.499999910593,0.5));
#13222=CARTESIAN_POINT('Origin',(7.50000011175857,12.499999910593,0.5));
#13223=CARTESIAN_POINT('',(-10.2928934881576,12.499999910593,0.));
#13224=CARTESIAN_POINT('',(-13.2071066034957,12.499999910593,0.));
#13225=CARTESIAN_POINT('',(7.50000011175857,12.499999910593,0.));
#13226=CARTESIAN_POINT('',(-12.9999997764825,12.999999910593,0.5));
#13227=CARTESIAN_POINT('Origin',(-13.2071066034957,12.499999910593,0.5));
#13228=CARTESIAN_POINT('',(-10.5000002235174,12.999999910593,0.5));
#13229=CARTESIAN_POINT('',(7.50000011175857,12.999999910593,0.5));
#13230=CARTESIAN_POINT('Origin',(-10.2928934881576,12.499999910593,0.5));
#13231=CARTESIAN_POINT('Origin',(-14.266812404238,13.559706042943,0.5));
#13232=CARTESIAN_POINT('',(-13.9999997977111,13.2928933529239,0.));
#13233=CARTESIAN_POINT('',(-14.266812404238,13.559706042943,0.));
#13234=CARTESIAN_POINT('',(-13.9999996870756,14.0000001341105,0.5));
#13235=CARTESIAN_POINT('Origin',(-13.9999997977111,13.2928933529239,0.5));
#13236=CARTESIAN_POINT('',(-13.913258958327,13.9132593782185,0.5));
#13237=CARTESIAN_POINT('Origin',(-7.23318750523192,20.0597035279036,0.5));
#13238=CARTESIAN_POINT('',(-14.7808505855846,12.5120428093975,0.));
#13239=CARTESIAN_POINT('',(-7.23318750523192,20.0597035279036,0.));
#13240=CARTESIAN_POINT('Ctrl Pts',(-14.7808505855846,12.5120428093975,0.));
#13241=CARTESIAN_POINT('Ctrl Pts',(-14.7813523023534,12.5130878472763,2.3615768596449E-18));
#13242=CARTESIAN_POINT('Ctrl Pts',(-14.7818538677569,12.5141329557603,3.5886752203386E-6));
#13243=CARTESIAN_POINT('Ctrl Pts',(-14.7988863523844,12.5496365742383,0.000247361297531021));
#13244=CARTESIAN_POINT('Ctrl Pts',(-14.8152135896104,12.5840957400359,0.00438317753175275));
#13245=CARTESIAN_POINT('Ctrl Pts',(-14.8468512993646,12.6517430846437,0.0202750803250396));
#13246=CARTESIAN_POINT('Ctrl Pts',(-14.8621133804048,12.684826249141,0.0319888953818373));
#13247=CARTESIAN_POINT('Ctrl Pts',(-14.9024954962015,12.7735210747415,0.0748007257812784));
#13248=CARTESIAN_POINT('Ctrl Pts',(-14.9256122095333,12.8257361837336,0.113660336084999));
#13249=CARTESIAN_POINT('Ctrl Pts',(-14.9623330984059,12.9103028998472,0.207298465917472));
#13250=CARTESIAN_POINT('Ctrl Pts',(-14.9762582702003,12.9432053730413,0.259996305910138));
#13251=CARTESIAN_POINT('Ctrl Pts',(-14.99484261344,12.9874891386904,0.373851454246792));
#13252=CARTESIAN_POINT('Ctrl Pts',(-14.9996691874565,12.9992007306907,0.433279959302382));
#13253=CARTESIAN_POINT('Ctrl Pts',(-14.9999947751382,12.9999867569374,0.495811160474229));
#13254=CARTESIAN_POINT('Ctrl Pts',(-15.0000002235174,12.999999910593,0.497906066653553));
#13255=CARTESIAN_POINT('Ctrl Pts',(-15.0000002235174,12.999999910593,0.500000000000111));
#13256=CARTESIAN_POINT('',(-7.58674084050747,20.4132569738146,0.5));
#13257=CARTESIAN_POINT('Origin',(-7.50000011175885,16.499999910593,0.5));
#13258=CARTESIAN_POINT('',(1.29289330822042,16.499999910593,0.));
#13259=CARTESIAN_POINT('Origin',(1.29289330822042,16.499999910593,0.5));
#13260=CARTESIAN_POINT('',(4.20710727292487,16.499999910593,0.));
#13261=CARTESIAN_POINT('',(-7.50000011175885,16.499999910593,0.));
#13262=CARTESIAN_POINT('Origin',(4.20710727292487,16.499999910593,0.5));
#13263=CARTESIAN_POINT('Origin',(-15.0000002235174,14.499999910593,0.5));
#13264=CARTESIAN_POINT('',(-15.0000002235174,16.499999910593,0.));
#13265=CARTESIAN_POINT('Origin',(-15.0000002235174,14.499999910593,0.));
#13266=CARTESIAN_POINT('Origin',(-15.0000002235174,16.499999910593,0.5));
#13267=CARTESIAN_POINT('Origin',(-7.50000011175885,16.499999910593,0.5));
#13268=CARTESIAN_POINT('',(-13.7928927270751,16.499999910593,0.));
#13269=CARTESIAN_POINT('',(-7.50000011175885,16.499999910593,0.));
#13270=CARTESIAN_POINT('Origin',(-13.7928927270751,16.499999910593,0.5));
#13271=CARTESIAN_POINT('Origin',(-12.5597044948507,15.2668116783686,0.5));
#13272=CARTESIAN_POINT('',(-12.9999997094274,15.7071068929453,0.));
#13273=CARTESIAN_POINT('',(-12.5597044948507,15.2668116783686,0.));
#13274=CARTESIAN_POINT('Origin',(-12.9999997094274,15.7071068929453,0.5));
#13275=CARTESIAN_POINT('Origin',(-7.50000011175885,16.499999910593,0.5));
#13276=CARTESIAN_POINT('',(-3.20710669177958,16.499999910593,0.));
#13277=CARTESIAN_POINT('Origin',(-3.20710669177958,16.499999910593,0.5));
#13278=CARTESIAN_POINT('',(-0.292892727075132,16.499999910593,0.));
#13279=CARTESIAN_POINT('',(-7.50000011175885,16.499999910593,0.));
#13280=CARTESIAN_POINT('Origin',(-0.292892727075132,16.499999910593,0.5));
#13281=CARTESIAN_POINT('Origin',(-7.50000011175885,16.499999910593,0.5));
#13282=CARTESIAN_POINT('',(-12.2071066917796,16.499999910593,0.));
#13283=CARTESIAN_POINT('',(-9.29289272707513,16.499999910593,0.));
#13284=CARTESIAN_POINT('',(-7.50000011175885,16.499999910593,0.));
#13285=CARTESIAN_POINT('Origin',(-9.29289272707513,16.499999910593,0.5));
#13286=CARTESIAN_POINT('Origin',(-12.2071066917796,16.499999910593,0.5));
#13287=CARTESIAN_POINT('Origin',(-9.18470449485072,16.3918116783686,0.5));
#13288=CARTESIAN_POINT('',(-8.49999970942736,15.7071068929453,0.));
#13289=CARTESIAN_POINT('',(-9.18470449485072,16.3918116783686,0.));
#13290=CARTESIAN_POINT('Origin',(-8.49999970942736,15.7071068929453,0.5));
#13291=CARTESIAN_POINT('Origin',(-7.50000011175885,16.499999910593,0.5));
#13292=CARTESIAN_POINT('',(-7.70710669177958,16.499999910593,0.));
#13293=CARTESIAN_POINT('Origin',(-7.70710669177958,16.499999910593,0.5));
#13294=CARTESIAN_POINT('',(-4.79289272707513,16.499999910593,0.));
#13295=CARTESIAN_POINT('',(-7.50000011175885,16.499999910593,0.));
#13296=CARTESIAN_POINT('Origin',(-4.79289272707513,16.499999910593,0.5));
#13297=CARTESIAN_POINT('Origin',(-3.06529516987329,21.1418114324993,0.5));
#13298=CARTESIAN_POINT('',(-3.06529516987329,21.1418114324993,0.));
#13299=CARTESIAN_POINT('Origin',(-5.80970449485072,17.5168116783686,0.5));
#13300=CARTESIAN_POINT('',(-3.99999970942736,15.7071068929453,0.));
#13301=CARTESIAN_POINT('',(-5.80970449485072,17.5168116783686,0.));
#13302=CARTESIAN_POINT('Origin',(-3.99999970942736,15.7071068929453,0.5));
#13303=CARTESIAN_POINT('Origin',(0.309704830126706,20.0168114324993,0.5));
#13304=CARTESIAN_POINT('',(0.309704830126706,20.0168114324993,0.));
#13305=CARTESIAN_POINT('Origin',(-6.44029516987329,22.2668114324993,0.5));
#13306=CARTESIAN_POINT('',(-6.44029516987329,22.2668114324993,0.));
#13307=CARTESIAN_POINT('Origin',(-2.43470449485072,18.6418116783686,0.5));
#13308=CARTESIAN_POINT('',(0.500000290572644,15.7071068929453,0.));
#13309=CARTESIAN_POINT('',(-2.43470449485072,18.6418116783686,0.));
#13310=CARTESIAN_POINT('Origin',(0.500000290572645,15.7071068929453,0.5));
#13311=CARTESIAN_POINT('Origin',(3.68470483012671,18.8918114324993,0.5));
#13312=CARTESIAN_POINT('',(3.68470483012671,18.8918114324993,0.));
#13313=CARTESIAN_POINT('Origin',(0.940295505149282,19.7668116783686,0.5));
#13314=CARTESIAN_POINT('',(5.00000029057265,15.7071068929453,0.));
#13315=CARTESIAN_POINT('',(0.940295505149282,19.7668116783686,0.));
#13316=CARTESIAN_POINT('Origin',(5.00000029057265,15.7071068929453,0.5));
#13317=CARTESIAN_POINT('Origin',(7.05970483012671,17.7668114324993,0.5));
#13318=CARTESIAN_POINT('',(7.05970483012671,17.7668114324993,0.));
#13319=CARTESIAN_POINT('Origin',(-3.85818785727172,18.9347035279037,0.5));
#13320=CARTESIAN_POINT('',(-3.85818785727172,18.9347035279037,0.));
#13321=CARTESIAN_POINT('',(-4.21174119254727,19.2882569738146,0.5));
#13322=CARTESIAN_POINT('Origin',(4.31529550514928,20.8918116783686,0.5));
#13323=CARTESIAN_POINT('',(9.50000029057265,15.7071068929453,0.));
#13324=CARTESIAN_POINT('',(4.31529550514928,20.8918116783686,0.));
#13325=CARTESIAN_POINT('Origin',(9.50000029057265,15.7071068929453,0.5));
#13326=CARTESIAN_POINT('Origin',(10.4347048301267,16.6418114324993,0.5));
#13327=CARTESIAN_POINT('',(10.4347048301267,16.6418114324993,0.));
#13328=CARTESIAN_POINT('Origin',(-0.483188209311521,17.8097035279037,0.5));
#13329=CARTESIAN_POINT('',(-0.483188209311521,17.8097035279037,0.));
#13330=CARTESIAN_POINT('',(-0.836741544587074,18.1632569738147,0.5));
#13331=CARTESIAN_POINT('Origin',(7.69029550514928,22.0168116783686,0.5));
#13332=CARTESIAN_POINT('',(14.0000002905726,15.7071068929453,0.));
#13333=CARTESIAN_POINT('',(7.69029550514928,22.0168116783686,0.));
#13334=CARTESIAN_POINT('Origin',(14.0000002905726,15.7071068929453,0.5));
#13335=CARTESIAN_POINT('Origin',(13.8097048301267,15.5168114324993,0.5));
#13336=CARTESIAN_POINT('',(13.8097048301267,15.5168114324993,0.));
#13337=CARTESIAN_POINT('Origin',(7.50000011175857,12.499999910593,0.5));
#13338=CARTESIAN_POINT('',(14.0000002235175,12.999999910593,0.5));
#13339=CARTESIAN_POINT('',(7.50000011175857,12.999999910593,0.5));
#13340=CARTESIAN_POINT('',(13.7928933965043,12.499999910593,0.));
#13341=CARTESIAN_POINT('',(7.50000011175857,12.499999910593,0.));
#13342=CARTESIAN_POINT('Origin',(13.7928933965043,12.499999910593,0.5));
#13343=CARTESIAN_POINT('Origin',(2.89181143864868,16.6847035279038,0.5));
#13344=CARTESIAN_POINT('',(2.89181143864868,16.6847035279038,0.));
#13345=CARTESIAN_POINT('',(2.53825810337313,17.0382569738148,0.5));
#13346=CARTESIAN_POINT('Origin',(5.98318970800082,20.3097060429427,0.5));
#13347=CARTESIAN_POINT('',(13.0000003129244,14.0000001341105,0.5));
#13348=CARTESIAN_POINT('',(6.33674315391181,20.6632593782182,0.5));
#13349=CARTESIAN_POINT('',(13.000000202289,13.2928933529239,0.));
#13350=CARTESIAN_POINT('',(5.98318970800082,20.3097060429427,0.));
#13351=CARTESIAN_POINT('Origin',(13.000000202289,13.2928933529239,0.5));
#13352=CARTESIAN_POINT('Origin',(13.0168103825293,13.3097035279039,0.5));
#13353=CARTESIAN_POINT('',(12.6632570472537,13.6632569738149,0.5));
#13354=CARTESIAN_POINT('',(13.0168103825293,13.3097035279039,0.));
#13355=CARTESIAN_POINT('Origin',(6.26681108660888,15.5597035279038,0.5));
#13356=CARTESIAN_POINT('',(6.26681108660888,15.5597035279038,0.));
#13357=CARTESIAN_POINT('',(5.91325775133333,15.9132569738148,0.5));
#13358=CARTESIAN_POINT('Origin',(2.60818935596102,19.1847060429427,0.5));
#13359=CARTESIAN_POINT('',(8.50000031292439,14.0000001341105,0.5));
#13360=CARTESIAN_POINT('',(2.96174280187201,19.5382593782183,0.5));
#13361=CARTESIAN_POINT('',(8.50000020228895,13.2928933529239,0.));
#13362=CARTESIAN_POINT('',(2.60818935596102,19.1847060429427,0.));
#13363=CARTESIAN_POINT('Origin',(8.50000020228895,13.2928933529239,0.5));
#13364=CARTESIAN_POINT('Origin',(9.64181073456908,14.4347035279039,0.5));
#13365=CARTESIAN_POINT('',(9.28825739929353,14.7882569738149,0.5));
#13366=CARTESIAN_POINT('',(9.64181073456908,14.4347035279039,0.));
#13367=CARTESIAN_POINT('Origin',(4.00000031292439,14.0000001341105,2.));
#13368=CARTESIAN_POINT('',(5.00000022351751,12.999999910593,1.));
#13369=CARTESIAN_POINT('',(4.00000031292439,14.0000001341105,2.));
#13370=CARTESIAN_POINT('Origin',(2.99999977648258,12.999999910593,2.));
#13371=CARTESIAN_POINT('',(2.99999977648258,12.999999910593,1.));
#13372=CARTESIAN_POINT('Origin',(15.0000002235174,12.999999910593,0.));
#13373=CARTESIAN_POINT('',(0.500000223517515,12.999999910593,1.));
#13374=CARTESIAN_POINT('Origin',(-0.499999687075614,14.0000001341105,2.));
#13375=CARTESIAN_POINT('',(-0.499999687075614,14.0000001341105,2.));
#13376=CARTESIAN_POINT('Origin',(-1.50000022351742,12.999999910593,2.));
#13377=CARTESIAN_POINT('',(-1.50000022351742,12.999999910593,1.));
#13378=CARTESIAN_POINT('Origin',(15.0000002235174,12.999999910593,0.));
#13379=CARTESIAN_POINT('',(-3.99999977648249,12.999999910593,1.));
#13380=CARTESIAN_POINT('Origin',(-4.99999968707561,14.0000001341105,2.));
#13381=CARTESIAN_POINT('',(-4.99999968707561,14.0000001341105,2.));
#13382=CARTESIAN_POINT('Origin',(-6.00000022351742,12.999999910593,2.));
#13383=CARTESIAN_POINT('',(-6.00000022351742,12.999999910593,1.));
#13384=CARTESIAN_POINT('Origin',(15.0000002235174,12.999999910593,0.));
#13385=CARTESIAN_POINT('',(-8.49999977648248,12.999999910593,1.));
#13386=CARTESIAN_POINT('Origin',(-9.49999968707561,14.0000001341105,2.));
#13387=CARTESIAN_POINT('',(-9.49999968707561,14.0000001341105,2.));
#13388=CARTESIAN_POINT('Origin',(-10.5000002235174,12.999999910593,2.));
#13389=CARTESIAN_POINT('',(-10.5000002235174,12.999999910593,1.));
#13390=CARTESIAN_POINT('Origin',(15.0000002235174,12.999999910593,0.));
#13391=CARTESIAN_POINT('',(-12.9999997764825,12.999999910593,1.));
#13392=CARTESIAN_POINT('Origin',(-13.9999996870756,14.0000001341105,2.));
#13393=CARTESIAN_POINT('',(-13.9999996870756,14.0000001341105,2.));
#13394=CARTESIAN_POINT('Origin',(-15.0000002235174,12.999999910593,2.));
#13395=CARTESIAN_POINT('Origin',(-2.8421709430404E-13,27.6530325252523,
0.));
#13396=CARTESIAN_POINT('',(-19.2702817397416,24.4662222152895,0.));
#13397=CARTESIAN_POINT('',(-15.0000002235174,11.4999998658895,0.));
#13398=CARTESIAN_POINT('Ctrl Pts',(-19.2702817397416,24.4662222152895,0.));
#13399=CARTESIAN_POINT('Ctrl Pts',(-19.8497549029357,23.7523287161632,0.));
#13400=CARTESIAN_POINT('Ctrl Pts',(-21.179847000158,21.5225652556773,0.));
#13401=CARTESIAN_POINT('Ctrl Pts',(-21.5943240298309,17.2430803723949,0.));
#13402=CARTESIAN_POINT('Ctrl Pts',(-20.0520106506193,13.4845448526879,0.));
#13403=CARTESIAN_POINT('Ctrl Pts',(-17.6830044458259,11.8205514489625,0.));
#13404=CARTESIAN_POINT('Ctrl Pts',(-15.9963990576782,11.4999998658896,0.));
#13405=CARTESIAN_POINT('Ctrl Pts',(-15.0000002235174,11.4999998658896,0.));
#13406=CARTESIAN_POINT('',(-5.82311106382808,41.0327318259516,0.));
#13407=CARTESIAN_POINT('',(-7.94013548400955,38.4246214473302,0.));
#13408=CARTESIAN_POINT('',(5.82311106382808,41.0327318259516,0.));
#13409=CARTESIAN_POINT('Origin',(0.,36.3060651846151,0.));
#13410=CARTESIAN_POINT('',(19.2702817397416,24.4662222152895,0.));
#13411=CARTESIAN_POINT('',(14.6637208219662,30.1413666419993,0.));
#13412=CARTESIAN_POINT('',(15.0000002235174,11.4999998658895,0.));
#13413=CARTESIAN_POINT('Ctrl Pts',(15.0000002235174,11.4999998658896,0.));
#13414=CARTESIAN_POINT('Ctrl Pts',(16.992797891839,11.4999998658896,0.));
#13415=CARTESIAN_POINT('Ctrl Pts',(19.0604234771522,12.4379148108195,0.));
#13416=CARTESIAN_POINT('Ctrl Pts',(21.0661925906778,15.615517792396,0.));
#13417=CARTESIAN_POINT('Ctrl Pts',(21.6634446535927,19.8619748053204,0.));
#13418=CARTESIAN_POINT('Ctrl Pts',(20.4292280661298,23.0384352170369,0.));
#13419=CARTESIAN_POINT('Ctrl Pts',(19.2702817397416,24.4662222152895,0.));
#13420=CARTESIAN_POINT('',(-7.50000011175885,11.4999998658895,0.));
#13421=CARTESIAN_POINT('',(-16.4363676886786,22.1659111165058,0.));
#13422=CARTESIAN_POINT('',(-2.98919701276508,38.7324207271678,0.));
#13423=CARTESIAN_POINT('',(-5.10622143294655,36.1243103485465,0.));
#13424=CARTESIAN_POINT('',(-15.0000002235174,18.65,0.));
#13425=CARTESIAN_POINT('Ctrl Pts',(-15.0000002235174,18.65,0.));
#13426=CARTESIAN_POINT('Ctrl Pts',(-15.3870612861528,18.65,0.));
#13427=CARTESIAN_POINT('Ctrl Pts',(-16.0166110265173,18.8130353565884,0.));
#13428=CARTESIAN_POINT('Ctrl Pts',(-16.6437393697248,19.4440925109363,0.));
#13429=CARTESIAN_POINT('Ctrl Pts',(-16.9803325884445,20.3277314090525,0.));
#13430=CARTESIAN_POINT('Ctrl Pts',(-16.9662834649072,21.2766259851676,0.));
#13431=CARTESIAN_POINT('Ctrl Pts',(-16.6717057742696,21.8759816770229,0.));
#13432=CARTESIAN_POINT('Ctrl Pts',(-16.4363676886785,22.1659111165058,0.));
#13433=CARTESIAN_POINT('',(15.0000002235174,18.65,0.));
#13434=CARTESIAN_POINT('',(-7.50000011175885,18.65,0.));
#13435=CARTESIAN_POINT('',(16.4363676886786,22.1659111165057,0.));
#13436=CARTESIAN_POINT('Ctrl Pts',(16.4363676886786,22.1659111165058,0.));
#13437=CARTESIAN_POINT('Ctrl Pts',(16.6717057742696,21.8759816770229,0.));
#13438=CARTESIAN_POINT('Ctrl Pts',(16.9666207465718,21.2767211222543,0.));
#13439=CARTESIAN_POINT('Ctrl Pts',(16.979850712889,20.3275720634226,0.));
#13440=CARTESIAN_POINT('Ctrl Pts',(16.6823165855143,19.5426090320523,0.));
#13441=CARTESIAN_POINT('Ctrl Pts',(16.2295046323199,19.0182331481974,0.));
#13442=CARTESIAN_POINT('Ctrl Pts',(15.7106950415693,18.7226721913736,0.));
#13443=CARTESIAN_POINT('Ctrl Pts',(15.258040931941,18.65,0.));
#13444=CARTESIAN_POINT('Ctrl Pts',(15.0000002235174,18.65,0.));
#13445=CARTESIAN_POINT('',(2.98919701276508,38.7324207271678,0.));
#13446=CARTESIAN_POINT('',(11.8298067709032,27.8410555432156,0.));
#13447=CARTESIAN_POINT('Origin',(0.,36.3060651846151,0.));
#13448=CARTESIAN_POINT('Origin',(8.50000031292439,14.0000001341105,2.));
#13449=CARTESIAN_POINT('',(9.50000022351751,12.999999910593,1.));
#13450=CARTESIAN_POINT('',(8.50000031292439,14.0000001341105,2.));
#13451=CARTESIAN_POINT('Origin',(7.49999977648258,12.999999910593,2.));
#13452=CARTESIAN_POINT('',(7.49999977648258,12.999999910593,1.));
#13453=CARTESIAN_POINT('Origin',(15.0000002235174,12.999999910593,0.));
#13454=CARTESIAN_POINT('Origin',(15.0000002235174,12.999999910593,0.));
#13455=CARTESIAN_POINT('',(11.9999997764826,12.999999910593,1.));
#13456=CARTESIAN_POINT('Origin',(13.0000003129244,14.0000001341105,2.));
#13457=CARTESIAN_POINT('',(14.0000002235175,12.999999910593,1.));
#13458=CARTESIAN_POINT('',(13.0000003129244,14.0000001341105,2.));
#13459=CARTESIAN_POINT('Origin',(11.9999997764826,12.999999910593,2.));
#13460=CARTESIAN_POINT('Origin',(15.0000002235174,12.999999910593,0.));
#13461=CARTESIAN_POINT('',(15.0000002235174,12.999999910593,0.));
#13462=CARTESIAN_POINT('Origin',(15.0000002235174,14.499999910593,0.));
#13463=CARTESIAN_POINT('Origin',(-4.91211773081895,35.9667547938353,1.75));
#13464=CARTESIAN_POINT('',(-2.60098960850987,38.4173096177454,1.5));
#13465=CARTESIAN_POINT('',(-2.60098960850987,38.4173096177454,1.5));
#13466=CARTESIAN_POINT('',(-16.0481602844234,21.8508000070833,1.5));
#13467=CARTESIAN_POINT('',(-16.4363676886786,22.1659111165058,2.));
#13468=CARTESIAN_POINT('',(-4.71801402869134,35.8091992391241,1.5));
#13469=CARTESIAN_POINT('Origin',(0.,36.3060651846151,1.75));
#13470=CARTESIAN_POINT('',(2.60098960850987,38.4173096177454,1.5));
#13471=CARTESIAN_POINT('',(2.60098960850987,38.4173096177454,1.5));
#13472=CARTESIAN_POINT('Origin',(0.,36.3060651846151,1.5));
#13473=CARTESIAN_POINT('Origin',(11.6357030687756,27.6834999885044,1.75));
#13474=CARTESIAN_POINT('',(16.0481602844234,21.8508000070833,1.5));
#13475=CARTESIAN_POINT('',(16.0481602844234,21.8508000070833,1.5));
#13476=CARTESIAN_POINT('',(11.441599366648,27.5259444337932,1.5));
#13477=CARTESIAN_POINT('Ctrl Pts',(16.4363676886786,22.1659111165058,2.));
#13478=CARTESIAN_POINT('Ctrl Pts',(16.6717057742696,21.8759816770229,2.));
#13479=CARTESIAN_POINT('Ctrl Pts',(16.9665936189273,21.2765757990652,2.));
#13480=CARTESIAN_POINT('Ctrl Pts',(16.977827278945,20.4857581672665,2.));
#13481=CARTESIAN_POINT('Ctrl Pts',(16.8262323212416,19.9357726430554,2.));
#13482=CARTESIAN_POINT('Ctrl Pts',(16.7095212513059,19.6813252246666,2.));
#13483=CARTESIAN_POINT('Ctrl Pts',(16.6352992718899,19.5500255676751,2.));
#13484=CARTESIAN_POINT('Ctrl Pts',(16.504554914049,19.3365776858735,2.));
#13485=CARTESIAN_POINT('Ctrl Pts',(16.2298780353262,19.0181564958185,2.));
#13486=CARTESIAN_POINT('Ctrl Pts',(15.8404098546359,18.7965839517652,2.));
#13487=CARTESIAN_POINT('Ctrl Pts',(15.4281208119241,18.6771422654533,2.));
#13488=CARTESIAN_POINT('Ctrl Pts',(15.1935307548351,18.65,2.));
#13489=CARTESIAN_POINT('Ctrl Pts',(15.0000002235174,18.65,2.));
#13490=CARTESIAN_POINT('Ctrl Pts',(16.3069652205935,22.0608740800316,1.83333333333333));
#13491=CARTESIAN_POINT('Ctrl Pts',(16.5281074528108,21.7873899332087,1.83333333333333));
#13492=CARTESIAN_POINT('Ctrl Pts',(16.7986320428468,21.2374139422779,1.83333333333333));
#13493=CARTESIAN_POINT('Ctrl Pts',(16.8100396863684,20.5052712435674,1.83333333333333));
#13494=CARTESIAN_POINT('Ctrl Pts',(16.668525248421,19.9918061551796,1.83333333333333));
#13495=CARTESIAN_POINT('Ctrl Pts',(16.5601998628526,19.7559022949697,1.83333333333333));
#13496=CARTESIAN_POINT('Ctrl Pts',(16.4916293855492,19.6345871736385,1.83333333333333));
#13497=CARTESIAN_POINT('Ctrl Pts',(16.3711228098119,19.4376826514352,1.83333333333333));
#13498=CARTESIAN_POINT('Ctrl Pts',(16.120538929783,19.1486198077287,1.83333333333333));
#13499=CARTESIAN_POINT('Ctrl Pts',(15.7725788994116,18.9507403226468,1.83333333333333));
#13500=CARTESIAN_POINT('Ctrl Pts',(15.3986346047653,18.8420098630871,1.83333333333333));
#13501=CARTESIAN_POINT('Ctrl Pts',(15.1818739878328,18.8168672707324,1.83333333333333));
#13502=CARTESIAN_POINT('Ctrl Pts',(15.0000002235174,18.8166666666667,1.83333333333333));
#13503=CARTESIAN_POINT('Ctrl Pts',(16.1775627525084,21.9558370435575,1.66666666666667));
#13504=CARTESIAN_POINT('Ctrl Pts',(16.3858645135314,21.70025911385,1.66666666666667));
#13505=CARTESIAN_POINT('Ctrl Pts',(16.6302049946593,21.1977536097894,1.66666666666667));
#13506=CARTESIAN_POINT('Ctrl Pts',(16.6424747836674,20.5244996806001,1.66666666666667));
#13507=CARTESIAN_POINT('Ctrl Pts',(16.5109531364883,20.047945456022,1.66666666666667));
#13508=CARTESIAN_POINT('Ctrl Pts',(16.4109566359297,19.8302085082625,1.66666666666667));
#13509=CARTESIAN_POINT('Ctrl Pts',(16.3480740446624,19.718981422155,1.66666666666667));
#13510=CARTESIAN_POINT('Ctrl Pts',(16.2378198061492,19.5390250852141,1.66666666666667));
#13511=CARTESIAN_POINT('Ctrl Pts',(16.0112587972271,19.2790177311116,1.66666666666667));
#13512=CARTESIAN_POINT('Ctrl Pts',(15.7048356094566,19.1047146329586,1.66666666666667));
#13513=CARTESIAN_POINT('Ctrl Pts',(15.3689239255961,19.0070174919018,1.66666666666667));
#13514=CARTESIAN_POINT('Ctrl Pts',(15.170432981446,18.9831327292676,1.66666666666667));
#13515=CARTESIAN_POINT('Ctrl Pts',(15.0000002235174,18.9833333333333,1.66666666666667));
#13516=CARTESIAN_POINT('Ctrl Pts',(16.0481602844234,21.8508000070833,1.5));
#13517=CARTESIAN_POINT('Ctrl Pts',(16.2422661920727,21.6116673700359,1.5));
#13518=CARTESIAN_POINT('Ctrl Pts',(16.4622434185788,21.158591753002,1.5));
#13519=CARTESIAN_POINT('Ctrl Pts',(16.4746871910907,20.544012756901,1.5));
#13520=CARTESIAN_POINT('Ctrl Pts',(16.3532460636677,20.1039789681463,1.5));
#13521=CARTESIAN_POINT('Ctrl Pts',(16.2616352474764,19.9047855785656,1.5));
#13522=CARTESIAN_POINT('Ctrl Pts',(16.2044041583217,19.8035430281184,1.5));
#13523=CARTESIAN_POINT('Ctrl Pts',(16.1043877019121,19.6401300507757,1.5));
#13524=CARTESIAN_POINT('Ctrl Pts',(15.9019196916839,19.4094810430218,1.5));
#13525=CARTESIAN_POINT('Ctrl Pts',(15.6370046542323,19.2588710038402,1.5));
#13526=CARTESIAN_POINT('Ctrl Pts',(15.3394377184373,19.1718850895356,1.5));
#13527=CARTESIAN_POINT('Ctrl Pts',(15.1587762144437,19.15,1.5));
#13528=CARTESIAN_POINT('Ctrl Pts',(15.0000002235174,19.15,1.5));
#13529=CARTESIAN_POINT('',(15.0000002235174,19.15,1.5));
#13530=CARTESIAN_POINT('',(15.0000002235174,19.15,1.5));
#13531=CARTESIAN_POINT('Ctrl Pts',(16.0481602844234,21.8508000070833,1.5));
#13532=CARTESIAN_POINT('Ctrl Pts',(16.2422661920727,21.6116673700359,1.5));
#13533=CARTESIAN_POINT('Ctrl Pts',(16.4622434185788,21.158591753002,1.5));
#13534=CARTESIAN_POINT('Ctrl Pts',(16.4746871910907,20.544012756901,1.5));
#13535=CARTESIAN_POINT('Ctrl Pts',(16.3532460636677,20.1039789681463,1.5));
#13536=CARTESIAN_POINT('Ctrl Pts',(16.2616352474764,19.9047855785656,1.5));
#13537=CARTESIAN_POINT('Ctrl Pts',(16.2044041583217,19.8035430281184,1.5));
#13538=CARTESIAN_POINT('Ctrl Pts',(16.1043877019121,19.6401300507757,1.5));
#13539=CARTESIAN_POINT('Ctrl Pts',(15.9019196916839,19.4094810430218,1.5));
#13540=CARTESIAN_POINT('Ctrl Pts',(15.6370046542323,19.2588710038402,1.5));
#13541=CARTESIAN_POINT('Ctrl Pts',(15.3394377184373,19.1718850895356,1.5));
#13542=CARTESIAN_POINT('Ctrl Pts',(15.1587762144437,19.15,1.5));
#13543=CARTESIAN_POINT('Ctrl Pts',(15.0000002235174,19.15,1.5));
#13544=CARTESIAN_POINT('Origin',(-7.50000011175885,18.9,1.75));
#13545=CARTESIAN_POINT('',(-15.0000002235174,19.15,1.5));
#13546=CARTESIAN_POINT('',(-15.0000002235174,19.15,1.5));
#13547=CARTESIAN_POINT('',(-7.50000011175885,19.15,1.5));
#13548=CARTESIAN_POINT('Ctrl Pts',(-15.0000002235174,18.65,2.));
#13549=CARTESIAN_POINT('Ctrl Pts',(-15.3870612861528,18.65,2.));
#13550=CARTESIAN_POINT('Ctrl Pts',(-16.0166078613333,18.8130357019111,2.));
#13551=CARTESIAN_POINT('Ctrl Pts',(-16.643736002988,19.4440931603909,2.));
#13552=CARTESIAN_POINT('Ctrl Pts',(-16.9803290457829,20.3277318007608,2.));
#13553=CARTESIAN_POINT('Ctrl Pts',(-16.966281248595,21.2766262492749,2.));
#13554=CARTESIAN_POINT('Ctrl Pts',(-16.6717057742696,21.8759816770229,2.));
#13555=CARTESIAN_POINT('Ctrl Pts',(-16.4363676886785,22.1659111165058,2.));
#13556=CARTESIAN_POINT('Ctrl Pts',(-15.0000002235174,18.8166666666667,1.83333333333333));
#13557=CARTESIAN_POINT('Ctrl Pts',(-15.3649474119987,18.8178348180519,1.83333333333333));
#13558=CARTESIAN_POINT('Ctrl Pts',(-15.9286244302839,18.96538450748,1.83333333333333));
#13559=CARTESIAN_POINT('Ctrl Pts',(-16.4965661666667,19.5323369140813,1.83333333333333));
#13560=CARTESIAN_POINT('Ctrl Pts',(-16.8132477501869,20.358774489319,1.83333333333333));
#13561=CARTESIAN_POINT('Ctrl Pts',(-16.7978380638617,21.2375851542936,1.83333333333333));
#13562=CARTESIAN_POINT('Ctrl Pts',(-16.5283482470111,21.787334768015,1.83333333333333));
#13563=CARTESIAN_POINT('Ctrl Pts',(-16.3069652205935,22.0608740800317,1.83333333333333));
#13564=CARTESIAN_POINT('Ctrl Pts',(-15.0000002235174,18.9833333333333,1.66666666666667));
#13565=CARTESIAN_POINT('Ctrl Pts',(-15.3396660795242,18.9821651819482,1.66666666666667));
#13566=CARTESIAN_POINT('Ctrl Pts',(-15.8416380014883,19.1183727917158,1.66666666666667));
#13567=CARTESIAN_POINT('Ctrl Pts',(-16.3484125454606,19.6190543516387,1.66666666666667));
#13568=CARTESIAN_POINT('Ctrl Pts',(-16.6462724322705,20.3901816104193,1.66666666666667));
#13569=CARTESIAN_POINT('Ctrl Pts',(-16.6293408246861,21.1977533067083,1.66666666666667));
#13570=CARTESIAN_POINT('Ctrl Pts',(-16.3856237193311,21.7003142790439,1.66666666666667));
#13571=CARTESIAN_POINT('Ctrl Pts',(-16.1775627525084,21.9558370435575,1.66666666666667));
#13572=CARTESIAN_POINT('Ctrl Pts',(-15.0000002235174,19.15,1.5));
#13573=CARTESIAN_POINT('Ctrl Pts',(-15.31755220537,19.15,1.5));
#13574=CARTESIAN_POINT('Ctrl Pts',(-15.7536545704389,19.2707215972846,1.5));
#13575=CARTESIAN_POINT('Ctrl Pts',(-16.2012427091393,19.7072981053291,1.5));
#13576=CARTESIAN_POINT('Ctrl Pts',(-16.4791911366745,20.4212242989774,1.5));
#13577=CARTESIAN_POINT('Ctrl Pts',(-16.4608976399528,21.158712211727,1.5));
#13578=CARTESIAN_POINT('Ctrl Pts',(-16.2422661920726,21.6116673700359,1.5));
#13579=CARTESIAN_POINT('Ctrl Pts',(-16.0481602844233,21.8508000070834,1.5));
#13580=CARTESIAN_POINT('Ctrl Pts',(-15.0000002235174,19.15,1.5));
#13581=CARTESIAN_POINT('Ctrl Pts',(-15.31755220537,19.15,1.5));
#13582=CARTESIAN_POINT('Ctrl Pts',(-15.7536545704389,19.2707215972846,1.5));
#13583=CARTESIAN_POINT('Ctrl Pts',(-16.2012427091393,19.7072981053291,1.5));
#13584=CARTESIAN_POINT('Ctrl Pts',(-16.4791911366745,20.4212242989774,1.5));
#13585=CARTESIAN_POINT('Ctrl Pts',(-16.4608976399528,21.158712211727,1.5));
#13586=CARTESIAN_POINT('Ctrl Pts',(-16.2422661920726,21.6116673700359,1.5));
#13587=CARTESIAN_POINT('Ctrl Pts',(-16.0481602844233,21.8508000070834,1.5));
#13588=CARTESIAN_POINT('Origin',(16.0481602844234,21.8508000070833,2.));
#13589=CARTESIAN_POINT('',(2.60098960850987,38.4173096177454,0.5));
#13590=CARTESIAN_POINT('',(2.60098960850987,38.4173096177454,2.));
#13591=CARTESIAN_POINT('',(16.0481602844234,21.8508000070833,0.5));
#13592=CARTESIAN_POINT('',(11.441599366648,27.5259444337932,0.5));
#13593=CARTESIAN_POINT('',(16.0481602844234,21.8508000070833,2.));
#13594=CARTESIAN_POINT('Origin',(0.,36.3060651846151,2.));
#13595=CARTESIAN_POINT('',(-2.60098960850987,38.4173096177454,0.5));
#13596=CARTESIAN_POINT('',(-2.60098960850987,38.4173096177454,2.));
#13597=CARTESIAN_POINT('Origin',(0.,36.3060651846151,0.5));
#13598=CARTESIAN_POINT('Origin',(-2.60098960850987,38.4173096177454,2.));
#13599=CARTESIAN_POINT('',(-16.0481602844234,21.8508000070833,0.5));
#13600=CARTESIAN_POINT('',(-16.0481602844234,21.8508000070833,2.));
#13601=CARTESIAN_POINT('',(-4.71801402869134,35.8091992391241,0.5));
#13602=CARTESIAN_POINT('Origin',(-4.91211773081895,35.9667547938353,0.25));
#13603=CARTESIAN_POINT('',(-16.0481602844234,21.8508000070833,0.5));
#13604=CARTESIAN_POINT('',(-2.98919701276508,38.7324207271678,0.));
#13605=CARTESIAN_POINT('Ctrl Pts',(-16.4363676886785,22.1659111165058,0.));
#13606=CARTESIAN_POINT('Ctrl Pts',(-16.6717057742696,21.8759816770229,0.));
#13607=CARTESIAN_POINT('Ctrl Pts',(-16.9662834649072,21.2766259851676,0.));
#13608=CARTESIAN_POINT('Ctrl Pts',(-16.9803325884445,20.3277314090525,0.));
#13609=CARTESIAN_POINT('Ctrl Pts',(-16.6437393697248,19.4440925109363,0.));
#13610=CARTESIAN_POINT('Ctrl Pts',(-16.0166110265173,18.8130353565884,0.));
#13611=CARTESIAN_POINT('Ctrl Pts',(-15.3870612861528,18.65,0.));
#13612=CARTESIAN_POINT('Ctrl Pts',(-15.0000002235174,18.65,0.));
#13613=CARTESIAN_POINT('Ctrl Pts',(-16.3069652205935,22.0608740800317,0.166666666666667));
#13614=CARTESIAN_POINT('Ctrl Pts',(-16.5283482470111,21.787334768015,0.166666666666667));
#13615=CARTESIAN_POINT('Ctrl Pts',(-16.7978402801739,21.2375848901863,0.166666666666667));
#13616=CARTESIAN_POINT('Ctrl Pts',(-16.8132512928485,20.3587740976106,0.166666666666666));
#13617=CARTESIAN_POINT('Ctrl Pts',(-16.4965695334035,19.5323362646266,0.166666666666667));
#13618=CARTESIAN_POINT('Ctrl Pts',(-15.9286275954679,18.9653841621573,0.166666666666666));
#13619=CARTESIAN_POINT('Ctrl Pts',(-15.3649474119987,18.8178348180519,0.166666666666667));
#13620=CARTESIAN_POINT('Ctrl Pts',(-15.0000002235174,18.8166666666667,0.166666666666667));
#13621=CARTESIAN_POINT('Ctrl Pts',(-16.1775627525084,21.9558370435575,0.333333333333333));
#13622=CARTESIAN_POINT('Ctrl Pts',(-16.3856237193312,21.7003142790439,0.333333333333333));
#13623=CARTESIAN_POINT('Ctrl Pts',(-16.6293430102985,21.1977545306103,0.333333333333333));
#13624=CARTESIAN_POINT('Ctrl Pts',(-16.6462796943778,20.3901879162072,0.333333333333333));
#13625=CARTESIAN_POINT('Ctrl Pts',(-16.3484196741596,19.6190613459671,0.333333333333333));
#13626=CARTESIAN_POINT('Ctrl Pts',(-15.8416470738495,19.1183816365564,0.333333333333334));
#13627=CARTESIAN_POINT('Ctrl Pts',(-15.3396660795242,18.9821651819482,0.333333333333333));
#13628=CARTESIAN_POINT('Ctrl Pts',(-15.0000002235174,18.9833333333333,0.333333333333333));
#13629=CARTESIAN_POINT('Ctrl Pts',(-16.0481602844233,21.8508000070834,0.5));
#13630=CARTESIAN_POINT('Ctrl Pts',(-16.2422661920727,21.6116673700359,0.5));
#13631=CARTESIAN_POINT('Ctrl Pts',(-16.4608998255652,21.158713435629,0.5));
#13632=CARTESIAN_POINT('Ctrl Pts',(-16.4791983987818,20.4212306047653,0.5));
#13633=CARTESIAN_POINT('Ctrl Pts',(-16.2012498378383,19.7073050996575,0.5));
#13634=CARTESIAN_POINT('Ctrl Pts',(-15.7536636428001,19.2707304421252,0.5));
#13635=CARTESIAN_POINT('Ctrl Pts',(-15.31755220537,19.15,0.5));
#13636=CARTESIAN_POINT('Ctrl Pts',(-15.0000002235174,19.15,0.5));
#13637=CARTESIAN_POINT('',(-15.0000002235174,19.15,0.5));
#13638=CARTESIAN_POINT('',(-15.0000002235174,19.15,0.5));
#13639=CARTESIAN_POINT('Ctrl Pts',(-16.0481602844233,21.8508000070834,0.5));
#13640=CARTESIAN_POINT('Ctrl Pts',(-16.2422661920727,21.6116673700359,0.5));
#13641=CARTESIAN_POINT('Ctrl Pts',(-16.4608998255652,21.158713435629,0.5));
#13642=CARTESIAN_POINT('Ctrl Pts',(-16.4791983987818,20.4212306047653,0.5));
#13643=CARTESIAN_POINT('Ctrl Pts',(-16.2012498378383,19.7073050996575,0.5));
#13644=CARTESIAN_POINT('Ctrl Pts',(-15.7536636428001,19.2707304421252,0.5));
#13645=CARTESIAN_POINT('Ctrl Pts',(-15.31755220537,19.15,0.5));
#13646=CARTESIAN_POINT('Ctrl Pts',(-15.0000002235174,19.15,0.5));
#13647=CARTESIAN_POINT('Origin',(-7.50000011175885,18.9,0.25));
#13648=CARTESIAN_POINT('',(15.0000002235174,19.15,0.5));
#13649=CARTESIAN_POINT('',(15.0000002235174,19.15,0.5));
#13650=CARTESIAN_POINT('',(-7.50000011175885,19.15,0.5));
#13651=CARTESIAN_POINT('Ctrl Pts',(15.0000002235174,18.65,0.));
#13652=CARTESIAN_POINT('Ctrl Pts',(15.258040931941,18.65,0.));
#13653=CARTESIAN_POINT('Ctrl Pts',(15.7106950415693,18.7226721913736,0.));
#13654=CARTESIAN_POINT('Ctrl Pts',(16.2295046323199,19.0182331481974,0.));
#13655=CARTESIAN_POINT('Ctrl Pts',(16.6823165855143,19.5426090320523,0.));
#13656=CARTESIAN_POINT('Ctrl Pts',(16.979850712889,20.3275720634226,0.));
#13657=CARTESIAN_POINT('Ctrl Pts',(16.9666207465718,21.2767211222543,0.));
#13658=CARTESIAN_POINT('Ctrl Pts',(16.6717057742696,21.8759816770229,0.));
#13659=CARTESIAN_POINT('Ctrl Pts',(16.4363676886786,22.1659111165058,0.));
#13660=CARTESIAN_POINT('Ctrl Pts',(15.0000002235174,18.8166666666667,0.166666666666667));
#13661=CARTESIAN_POINT('Ctrl Pts',(15.2428818137336,18.8167314921292,0.166666666666667));
#13662=CARTESIAN_POINT('Ctrl Pts',(15.6569323911914,18.8846218925896,0.166666666666666));
#13663=CARTESIAN_POINT('Ctrl Pts',(16.1199670964207,19.1487623202433,0.166666666666667));
#13664=CARTESIAN_POINT('Ctrl Pts',(16.5336527861393,19.6247461643212,0.166666666666666));
#13665=CARTESIAN_POINT('Ctrl Pts',(16.8122959544406,20.3584440099301,0.166666666666667));
#13666=CARTESIAN_POINT('Ctrl Pts',(16.7985251560062,21.2378064997393,0.166666666666667));
#13667=CARTESIAN_POINT('Ctrl Pts',(16.5281728329082,21.7872707219609,0.166666666666667));
#13668=CARTESIAN_POINT('Ctrl Pts',(16.3069652205935,22.0608740800316,0.166666666666667));
#13669=CARTESIAN_POINT('Ctrl Pts',(15.0000002235174,18.9833333333333,0.333333333333333));
#13670=CARTESIAN_POINT('Ctrl Pts',(15.2268606629599,18.9832685078708,0.333333333333333));
#13671=CARTESIAN_POINT('Ctrl Pts',(15.6029934520493,19.0466241232977,0.333333333333334));
#13672=CARTESIAN_POINT('Ctrl Pts',(16.0099044222588,19.2792540633006,0.333333333333333));
#13673=CARTESIAN_POINT('Ctrl Pts',(16.3849642126962,19.7069104006698,0.333333333333334));
#13674=CARTESIAN_POINT('Ctrl Pts',(16.6449694186278,20.3898634056836,0.333333333333333));
#13675=CARTESIAN_POINT('Ctrl Pts',(16.6301790696453,21.1983179294815,0.333333333333333));
#13676=CARTESIAN_POINT('Ctrl Pts',(16.385799133434,21.7003783250979,0.333333333333333));
#13677=CARTESIAN_POINT('Ctrl Pts',(16.1775627525085,21.9558370435575,0.333333333333333));
#13678=CARTESIAN_POINT('Ctrl Pts',(15.0000002235174,19.15,0.5));
#13679=CARTESIAN_POINT('Ctrl Pts',(15.2117015447525,19.15,0.5));
#13680=CARTESIAN_POINT('Ctrl Pts',(15.5492308016714,19.2085738245138,0.5));
#13681=CARTESIAN_POINT('Ctrl Pts',(15.9003668863596,19.4097832353466,0.5));
#13682=CARTESIAN_POINT('Ctrl Pts',(16.2363004133213,19.7890475329387,0.5));
#13683=CARTESIAN_POINT('Ctrl Pts',(16.4774146601794,20.420735352191,0.5));
#13684=CARTESIAN_POINT('Ctrl Pts',(16.4620834790798,21.1594033069665,0.5));
#13685=CARTESIAN_POINT('Ctrl Pts',(16.2422661920726,21.6116673700359,0.5));
#13686=CARTESIAN_POINT('Ctrl Pts',(16.0481602844234,21.8508000070833,0.5));
#13687=CARTESIAN_POINT('',(16.0481602844234,21.8508000070833,0.5));
#13688=CARTESIAN_POINT('Ctrl Pts',(15.0000002235174,19.15,0.5));
#13689=CARTESIAN_POINT('Ctrl Pts',(15.2117015447525,19.15,0.5));
#13690=CARTESIAN_POINT('Ctrl Pts',(15.5492308016714,19.2085738245138,0.5));
#13691=CARTESIAN_POINT('Ctrl Pts',(15.9003668863596,19.4097832353466,0.5));
#13692=CARTESIAN_POINT('Ctrl Pts',(16.2363004133213,19.7890475329387,0.5));
#13693=CARTESIAN_POINT('Ctrl Pts',(16.4774146601794,20.420735352191,0.5));
#13694=CARTESIAN_POINT('Ctrl Pts',(16.4620834790798,21.1594033069665,0.5));
#13695=CARTESIAN_POINT('Ctrl Pts',(16.2422661920726,21.6116673700359,0.5));
#13696=CARTESIAN_POINT('Ctrl Pts',(16.0481602844234,21.8508000070833,0.5));
#13697=CARTESIAN_POINT('Origin',(11.6357030687756,27.6834999885044,0.25));
#13698=CARTESIAN_POINT('',(2.60098960850987,38.4173096177454,0.5));
#13699=CARTESIAN_POINT('Origin',(0.,36.3060651846151,0.25));
#13700=CARTESIAN_POINT('Origin',(-15.0000002235174,19.15,2.));
#13701=CARTESIAN_POINT('',(15.0000002235174,19.15,2.));
#13702=CARTESIAN_POINT('',(-15.0000002235174,19.15,2.));
#13703=CARTESIAN_POINT('Ctrl Pts',(-16.0481602844234,21.8508000070833,2.));
#13704=CARTESIAN_POINT('Ctrl Pts',(-16.0481602844234,21.8508000070833,0.));
#13705=CARTESIAN_POINT('Ctrl Pts',(-16.4113358789796,21.4033786035348,2.));
#13706=CARTESIAN_POINT('Ctrl Pts',(-16.4113358789796,21.4033786035348,0.));
#13707=CARTESIAN_POINT('Ctrl Pts',(-16.5003270622571,20.9749935552445,2.));
#13708=CARTESIAN_POINT('Ctrl Pts',(-16.5003270622571,20.9749935552445,0.));
#13709=CARTESIAN_POINT('Ctrl Pts',(-16.4436363872883,20.5188861310302,2.));
#13710=CARTESIAN_POINT('Ctrl Pts',(-16.4436363872883,20.5188861310302,0.));
#13711=CARTESIAN_POINT('Ctrl Pts',(-16.3815200275027,20.0191261109042,2.));
#13712=CARTESIAN_POINT('Ctrl Pts',(-16.3815200275027,20.0191261109042,0.));
#13713=CARTESIAN_POINT('Ctrl Pts',(-16.1230792365756,19.5606918034495,2.));
#13714=CARTESIAN_POINT('Ctrl Pts',(-16.1230792365756,19.5606918034495,0.));
#13715=CARTESIAN_POINT('Ctrl Pts',(-15.7628829831272,19.3389431572291,2.));
#13716=CARTESIAN_POINT('Ctrl Pts',(-15.7628829831272,19.3389431572291,0.));
#13717=CARTESIAN_POINT('Ctrl Pts',(-15.573323180931,19.2222439158783,2.));
#13718=CARTESIAN_POINT('Ctrl Pts',(-15.573323180931,19.2222439158783,0.));
#13719=CARTESIAN_POINT('Ctrl Pts',(-15.3426055848909,19.15,2.));
#13720=CARTESIAN_POINT('Ctrl Pts',(-15.3426055848909,19.15,0.));
#13721=CARTESIAN_POINT('Ctrl Pts',(-15.0000002235174,19.15,2.));
#13722=CARTESIAN_POINT('Ctrl Pts',(-15.0000002235174,19.15,0.));
#13723=CARTESIAN_POINT('Ctrl Pts',(15.0000002235174,19.15,2.));
#13724=CARTESIAN_POINT('Ctrl Pts',(15.0000002235174,19.15,0.));
#13725=CARTESIAN_POINT('Ctrl Pts',(15.5543158750219,19.15,2.));
#13726=CARTESIAN_POINT('Ctrl Pts',(15.5543158750219,19.15,0.));
#13727=CARTESIAN_POINT('Ctrl Pts',(15.8343715084725,19.319779189672,2.));
#13728=CARTESIAN_POINT('Ctrl Pts',(15.8343715084725,19.319779189672,0.));
#13729=CARTESIAN_POINT('Ctrl Pts',(16.0746642256792,19.6165444691175,2.));
#13730=CARTESIAN_POINT('Ctrl Pts',(16.0746642256792,19.6165444691175,0.));
#13731=CARTESIAN_POINT('Ctrl Pts',(16.3825411341389,19.9967772861415,2.));
#13732=CARTESIAN_POINT('Ctrl Pts',(16.3825411341389,19.9967772861415,0.));
#13733=CARTESIAN_POINT('Ctrl Pts',(16.5380216457873,20.609339491574,2.));
#13734=CARTESIAN_POINT('Ctrl Pts',(16.5380216457873,20.609339491574,0.));
#13735=CARTESIAN_POINT('Ctrl Pts',(16.4127576386638,21.1359304382772,2.));
#13736=CARTESIAN_POINT('Ctrl Pts',(16.4127576386638,21.1359304382772,0.));
#13737=CARTESIAN_POINT('Ctrl Pts',(16.3557497515423,21.3755829764502,2.));
#13738=CARTESIAN_POINT('Ctrl Pts',(16.3557497515423,21.3755829764502,0.));
#13739=CARTESIAN_POINT('Ctrl Pts',(16.2457326594203,21.6073967865791,2.));
#13740=CARTESIAN_POINT('Ctrl Pts',(16.2457326594203,21.6073967865791,0.));
#13741=CARTESIAN_POINT('Ctrl Pts',(16.0481602844234,21.8508000070833,2.));
#13742=CARTESIAN_POINT('Ctrl Pts',(16.0481602844234,21.8508000070833,0.));
#13743=CARTESIAN_POINT('Origin',(-8.13423918613715,38.5821770020414,0.25));
#13744=CARTESIAN_POINT('',(-19.6584891439968,24.781333324712,0.5));
#13745=CARTESIAN_POINT('',(-19.2702817397416,24.4662222152895,0.));
#13746=CARTESIAN_POINT('',(-6.21131846808329,41.347842935374,0.5));
#13747=CARTESIAN_POINT('',(-8.32834288826475,38.7397325567527,0.5));
#13748=CARTESIAN_POINT('',(-6.21131846808329,41.347842935374,0.5));
#13749=CARTESIAN_POINT('Ctrl Pts',(-19.6584891439968,24.7813333247119,0.5));
#13750=CARTESIAN_POINT('Ctrl Pts',(-20.2666607406021,24.0320842192372,0.5));
#13751=CARTESIAN_POINT('Ctrl Pts',(-21.676689596032,21.6624448521551,0.5));
#13752=CARTESIAN_POINT('Ctrl Pts',(-22.1057684546715,17.1784739761054,0.5));
#13753=CARTESIAN_POINT('Ctrl Pts',(-20.495094882774,13.192155534333,0.5));
#13754=CARTESIAN_POINT('Ctrl Pts',(-17.8746857474032,11.3346608508674,0.5));
#13755=CARTESIAN_POINT('Ctrl Pts',(-16.0485444834371,10.9999998658896,0.5));
#13756=CARTESIAN_POINT('Ctrl Pts',(-15.0000002235174,10.9999998658896,0.5));
#13757=CARTESIAN_POINT('Ctrl Pts',(-19.5290866759117,24.6762962882378,0.333333333333333));
#13758=CARTESIAN_POINT('Ctrl Pts',(-20.1276921280467,23.9388323848792,0.333333333333333));
#13759=CARTESIAN_POINT('Ctrl Pts',(-21.5110753974073,21.6158183199958,0.333333333333333));
#13760=CARTESIAN_POINT('Ctrl Pts',(-21.9352869797246,17.2000094415352,0.333333333333333));
#13761=CARTESIAN_POINT('Ctrl Pts',(-20.3474001387224,13.2896186404513,0.333333333333333));
#13762=CARTESIAN_POINT('Ctrl Pts',(-17.8107919802108,11.4966243835658,0.333333333333333));
#13763=CARTESIAN_POINT('Ctrl Pts',(-16.0311626748508,11.1666665325562,0.333333333333333));
#13764=CARTESIAN_POINT('Ctrl Pts',(-15.0000002235174,11.1666665325562,0.333333333333333));
#13765=CARTESIAN_POINT('Ctrl Pts',(-19.3996842078266,24.5712592517637,0.166666666666667));
#13766=CARTESIAN_POINT('Ctrl Pts',(-19.9887235154912,23.8455805505212,0.166666666666667));
#13767=CARTESIAN_POINT('Ctrl Pts',(-21.3454611987827,21.5691917878366,0.166666666666667));
#13768=CARTESIAN_POINT('Ctrl Pts',(-21.7648055047778,17.2215449069651,0.166666666666667));
#13769=CARTESIAN_POINT('Ctrl Pts',(-20.1997053946709,13.3870817465696,0.166666666666667));
#13770=CARTESIAN_POINT('Ctrl Pts',(-17.7468982130183,11.6585879162642,0.166666666666667));
#13771=CARTESIAN_POINT('Ctrl Pts',(-16.0137808662645,11.3333331992229,0.166666666666667));
#13772=CARTESIAN_POINT('Ctrl Pts',(-15.0000002235174,11.3333331992229,0.166666666666667));
#13773=CARTESIAN_POINT('Ctrl Pts',(-19.2702817397416,24.4662222152895,0.));
#13774=CARTESIAN_POINT('Ctrl Pts',(-19.8497549029357,23.7523287161632,0.));
#13775=CARTESIAN_POINT('Ctrl Pts',(-21.179847000158,21.5225652556773,0.));
#13776=CARTESIAN_POINT('Ctrl Pts',(-21.5943240298309,17.2430803723949,0.));
#13777=CARTESIAN_POINT('Ctrl Pts',(-20.0520106506193,13.4845448526879,0.));
#13778=CARTESIAN_POINT('Ctrl Pts',(-17.6830044458259,11.8205514489625,0.));
#13779=CARTESIAN_POINT('Ctrl Pts',(-15.9963990576782,11.4999998658896,0.));
#13780=CARTESIAN_POINT('Ctrl Pts',(-15.0000002235174,11.4999998658896,0.));
#13781=CARTESIAN_POINT('',(-15.0000002235174,10.9999998658895,0.5));
#13782=CARTESIAN_POINT('',(-15.0000002235174,11.4999998658895,0.));
#13783=CARTESIAN_POINT('Ctrl Pts',(-15.0000002235174,10.9999998658896,0.5));
#13784=CARTESIAN_POINT('Ctrl Pts',(-16.0485444834371,10.9999998658896,0.5));
#13785=CARTESIAN_POINT('Ctrl Pts',(-17.8746857474032,11.3346608508674,0.5));
#13786=CARTESIAN_POINT('Ctrl Pts',(-20.495094882774,13.192155534333,0.5));
#13787=CARTESIAN_POINT('Ctrl Pts',(-22.1057684546715,17.1784739761054,0.5));
#13788=CARTESIAN_POINT('Ctrl Pts',(-21.676689596032,21.6624448521551,0.5));
#13789=CARTESIAN_POINT('Ctrl Pts',(-20.2666607406021,24.0320842192372,0.5));
#13790=CARTESIAN_POINT('Ctrl Pts',(-19.6584891439968,24.7813333247119,0.5));
#13791=CARTESIAN_POINT('Origin',(-7.50000011175885,11.2499998658895,0.25));
#13792=CARTESIAN_POINT('',(15.0000002235174,10.9999998658895,0.5));
#13793=CARTESIAN_POINT('',(15.0000002235174,11.4999998658895,0.));
#13794=CARTESIAN_POINT('',(-7.50000011175885,10.9999998658895,0.5));
#13795=CARTESIAN_POINT('Ctrl Pts',(19.2702817397416,24.4662222152895,0.));
#13796=CARTESIAN_POINT('Ctrl Pts',(20.4292280661298,23.0384352170369,0.));
#13797=CARTESIAN_POINT('Ctrl Pts',(21.6634446535927,19.8619748053204,0.));
#13798=CARTESIAN_POINT('Ctrl Pts',(21.0661925906778,15.615517792396,0.));
#13799=CARTESIAN_POINT('Ctrl Pts',(19.0604234771522,12.4379148108195,0.));
#13800=CARTESIAN_POINT('Ctrl Pts',(16.992797891839,11.4999998658896,0.));
#13801=CARTESIAN_POINT('Ctrl Pts',(15.0000002235174,11.4999998658896,0.));
#13802=CARTESIAN_POINT('Ctrl Pts',(19.3996842078266,24.5712592517637,0.166666666666667));
#13803=CARTESIAN_POINT('Ctrl Pts',(20.5777628231557,23.1199018492788,0.166666666666667));
#13804=CARTESIAN_POINT('Ctrl Pts',(21.8361506412425,19.8764849014341,0.166666666666667));
#13805=CARTESIAN_POINT('Ctrl Pts',(21.2302192173754,15.5695578710614,0.166666666666667));
#13806=CARTESIAN_POINT('Ctrl Pts',(19.178805627751,12.3047577944146,0.166666666666667));
#13807=CARTESIAN_POINT('Ctrl Pts',(17.0275615090116,11.3333331992229,0.166666666666667));
#13808=CARTESIAN_POINT('Ctrl Pts',(15.0000002235174,11.3333331992229,0.166666666666667));
#13809=CARTESIAN_POINT('Ctrl Pts',(19.5290866759117,24.6762962882378,0.333333333333333));
#13810=CARTESIAN_POINT('Ctrl Pts',(20.7262975801816,23.2013684815206,0.333333333333333));
#13811=CARTESIAN_POINT('Ctrl Pts',(22.0088566288923,19.8909949975478,0.333333333333333));
#13812=CARTESIAN_POINT('Ctrl Pts',(21.394245844073,15.5235979497268,0.333333333333333));
#13813=CARTESIAN_POINT('Ctrl Pts',(19.2971877783497,12.1716007780097,0.333333333333333));
#13814=CARTESIAN_POINT('Ctrl Pts',(17.0623251261842,11.1666665325562,0.333333333333333));
#13815=CARTESIAN_POINT('Ctrl Pts',(15.0000002235174,11.1666665325562,0.333333333333333));
#13816=CARTESIAN_POINT('Ctrl Pts',(19.6584891439968,24.781333324712,0.5));
#13817=CARTESIAN_POINT('Ctrl Pts',(20.8748323372075,23.2828351137625,0.5));
#13818=CARTESIAN_POINT('Ctrl Pts',(22.1815626165421,19.9055050936615,0.5));
#13819=CARTESIAN_POINT('Ctrl Pts',(21.5582724707706,15.4776380283921,0.5));
#13820=CARTESIAN_POINT('Ctrl Pts',(19.4155699289485,12.0384437616048,0.5));
#13821=CARTESIAN_POINT('Ctrl Pts',(17.0970887433568,10.9999998658896,0.5));
#13822=CARTESIAN_POINT('Ctrl Pts',(15.0000002235174,10.9999998658896,0.5));
#13823=CARTESIAN_POINT('',(19.6584891439968,24.781333324712,0.5));
#13824=CARTESIAN_POINT('',(19.2702817397416,24.4662222152895,0.));
#13825=CARTESIAN_POINT('Ctrl Pts',(19.6584891439968,24.781333324712,0.5));
#13826=CARTESIAN_POINT('Ctrl Pts',(20.8748323372075,23.2828351137625,0.5));
#13827=CARTESIAN_POINT('Ctrl Pts',(22.1815626165421,19.9055050936615,0.5));
#13828=CARTESIAN_POINT('Ctrl Pts',(21.5582724707706,15.4776380283921,0.5));
#13829=CARTESIAN_POINT('Ctrl Pts',(19.4155699289485,12.0384437616048,0.5));
#13830=CARTESIAN_POINT('Ctrl Pts',(17.0970887433568,10.9999998658896,0.5));
#13831=CARTESIAN_POINT('Ctrl Pts',(15.0000002235174,10.9999998658896,0.5));
#13832=CARTESIAN_POINT('Origin',(14.8578245240938,30.2989221967106,0.25));
#13833=CARTESIAN_POINT('',(6.21131846808329,41.347842935374,0.5));
#13834=CARTESIAN_POINT('',(5.82311106382808,41.0327318259516,0.));
#13835=CARTESIAN_POINT('',(15.0519282262214,30.4564777514218,0.5));
#13836=CARTESIAN_POINT('Origin',(0.,36.3060651846151,0.25));
#13837=CARTESIAN_POINT('Origin',(0.,36.3060651846151,0.5));
#13838=CARTESIAN_POINT('Origin',(19.6584891439968,24.781333324712,0.));
#13839=CARTESIAN_POINT('',(6.21131846808329,41.347842935374,1.5));
#13840=CARTESIAN_POINT('',(6.21131846808329,41.347842935374,0.));
#13841=CARTESIAN_POINT('',(19.6584891439968,24.781333324712,1.5));
#13842=CARTESIAN_POINT('',(15.0519282262214,30.4564777514218,1.5));
#13843=CARTESIAN_POINT('',(19.6584891439968,24.781333324712,0.));
#13844=CARTESIAN_POINT('Origin',(0.,36.3060651846151,0.));
#13845=CARTESIAN_POINT('',(-6.21131846808329,41.347842935374,1.5));
#13846=CARTESIAN_POINT('',(-6.21131846808329,41.347842935374,0.));
#13847=CARTESIAN_POINT('Origin',(0.,36.3060651846151,1.5));
#13848=CARTESIAN_POINT('Origin',(-6.21131846808329,41.347842935374,0.));
#13849=CARTESIAN_POINT('',(-19.6584891439968,24.781333324712,1.5));
#13850=CARTESIAN_POINT('',(-19.6584891439968,24.781333324712,0.));
#13851=CARTESIAN_POINT('',(-8.32834288826476,38.7397325567527,1.5));
#13852=CARTESIAN_POINT('Origin',(-8.13423918613715,38.5821770020414,1.75));
#13853=CARTESIAN_POINT('',(-19.6584891439968,24.781333324712,1.5));
#13854=CARTESIAN_POINT('',(-5.82311106382808,41.0327318259516,2.));
#13855=CARTESIAN_POINT('Ctrl Pts',(-19.2702817397416,24.4662222152895,2.));
#13856=CARTESIAN_POINT('Ctrl Pts',(-20.4292280661298,23.0384352170369,2.));
#13857=CARTESIAN_POINT('Ctrl Pts',(-21.3588817749715,20.6578717990794,2.));
#13858=CARTESIAN_POINT('Ctrl Pts',(-21.2874533354574,16.4784864980857,2.));
#13859=CARTESIAN_POINT('Ctrl Pts',(-20.1287015181286,13.6764157117374,2.));
#13860=CARTESIAN_POINT('Ctrl Pts',(-17.8548471790341,11.8958892259559,2.));
#13861=CARTESIAN_POINT('Ctrl Pts',(-16.2454987662184,11.4999998658896,2.));
#13862=CARTESIAN_POINT('Ctrl Pts',(-15.0000002235174,11.4999998658896,2.));
#13863=CARTESIAN_POINT('Ctrl Pts',(-19.3996842078266,24.5712592517637,1.83333333333333));
#13864=CARTESIAN_POINT('Ctrl Pts',(-20.5777628231557,23.1199018492788,1.83333333333333));
#13865=CARTESIAN_POINT('Ctrl Pts',(-21.5275915546994,20.6886769055108,1.83333333333333));
#13866=CARTESIAN_POINT('Ctrl Pts',(-21.4528034694679,16.443372283392,1.83333333333333));
#13867=CARTESIAN_POINT('Ctrl Pts',(-20.2776161597549,13.582701004901,1.83333333333333));
#13868=CARTESIAN_POINT('Ctrl Pts',(-17.9255995201906,11.7375353266879,1.83333333333333));
#13869=CARTESIAN_POINT('Ctrl Pts',(-16.2672260269513,11.3333331992229,1.83333333333333));
#13870=CARTESIAN_POINT('Ctrl Pts',(-15.0000002235174,11.3333331992229,1.83333333333333));
#13871=CARTESIAN_POINT('Ctrl Pts',(-19.5290866759117,24.6762962882378,1.66666666666667));
#13872=CARTESIAN_POINT('Ctrl Pts',(-20.7262975801816,23.2013684815206,1.66666666666667));
#13873=CARTESIAN_POINT('Ctrl Pts',(-21.6963013344272,20.7194820119422,1.66666666666667));
#13874=CARTESIAN_POINT('Ctrl Pts',(-21.6181536034784,16.4082580686982,1.66666666666667));
#13875=CARTESIAN_POINT('Ctrl Pts',(-20.4265308013812,13.4889862980646,1.66666666666667));
#13876=CARTESIAN_POINT('Ctrl Pts',(-17.9963518613471,11.5791814274198,1.66666666666667));
#13877=CARTESIAN_POINT('Ctrl Pts',(-16.2889532876842,11.1666665325562,1.66666666666667));
#13878=CARTESIAN_POINT('Ctrl Pts',(-15.0000002235174,11.1666665325562,1.66666666666667));
#13879=CARTESIAN_POINT('Ctrl Pts',(-19.6584891439968,24.781333324712,1.5));
#13880=CARTESIAN_POINT('Ctrl Pts',(-20.8748323372075,23.2828351137625,1.5));
#13881=CARTESIAN_POINT('Ctrl Pts',(-21.865011114155,20.7502871183736,1.5));
#13882=CARTESIAN_POINT('Ctrl Pts',(-21.783503737489,16.3731438540044,1.5));
#13883=CARTESIAN_POINT('Ctrl Pts',(-20.5754454430075,13.3952715912282,1.5));
#13884=CARTESIAN_POINT('Ctrl Pts',(-18.0671042025036,11.4208275281518,1.5));
#13885=CARTESIAN_POINT('Ctrl Pts',(-16.310680548417,10.9999998658896,1.5));
#13886=CARTESIAN_POINT('Ctrl Pts',(-15.0000002235174,10.9999998658896,1.5));
#13887=CARTESIAN_POINT('',(-15.0000002235174,10.9999998658895,1.5));
#13888=CARTESIAN_POINT('',(-15.0000002235174,10.9999998658895,1.5));
#13889=CARTESIAN_POINT('Ctrl Pts',(-19.6584891439968,24.781333324712,1.5));
#13890=CARTESIAN_POINT('Ctrl Pts',(-20.8748323372075,23.2828351137625,1.5));
#13891=CARTESIAN_POINT('Ctrl Pts',(-21.865011114155,20.7502871183736,1.5));
#13892=CARTESIAN_POINT('Ctrl Pts',(-21.783503737489,16.3731438540044,1.5));
#13893=CARTESIAN_POINT('Ctrl Pts',(-20.5754454430075,13.3952715912282,1.5));
#13894=CARTESIAN_POINT('Ctrl Pts',(-18.0671042025036,11.4208275281518,1.5));
#13895=CARTESIAN_POINT('Ctrl Pts',(-16.310680548417,10.9999998658896,1.5));
#13896=CARTESIAN_POINT('Ctrl Pts',(-15.0000002235174,10.9999998658896,1.5));
#13897=CARTESIAN_POINT('Origin',(-7.50000011175885,11.2499998658895,1.75));
#13898=CARTESIAN_POINT('',(15.0000002235174,10.9999998658895,1.5));
#13899=CARTESIAN_POINT('',(15.0000002235174,10.9999998658895,1.5));
#13900=CARTESIAN_POINT('',(-7.50000011175885,10.9999998658895,1.5));
#13901=CARTESIAN_POINT('Ctrl Pts',(15.0000002235174,11.4999998658896,2.));
#13902=CARTESIAN_POINT('Ctrl Pts',(16.992797891839,11.4999998658896,2.));
#13903=CARTESIAN_POINT('Ctrl Pts',(19.0604122110812,12.4378917421416,2.));
#13904=CARTESIAN_POINT('Ctrl Pts',(21.0661867467617,15.6154980005859,2.));
#13905=CARTESIAN_POINT('Ctrl Pts',(21.6634377213153,19.8619315762256,2.));
#13906=CARTESIAN_POINT('Ctrl Pts',(20.4292280661298,23.038435217037,2.));
#13907=CARTESIAN_POINT('Ctrl Pts',(19.2702817397416,24.4662222152895,2.));
#13908=CARTESIAN_POINT('Ctrl Pts',(15.0000002235174,11.3333331992229,1.83333333333333));
#13909=CARTESIAN_POINT('Ctrl Pts',(17.0275615090116,11.3333331992229,1.83333333333333));
#13910=CARTESIAN_POINT('Ctrl Pts',(19.1787915323458,12.3047505932982,1.83333333333333));
#13911=CARTESIAN_POINT('Ctrl Pts',(21.2302118773542,15.5695477290229,1.83333333333333));
#13912=CARTESIAN_POINT('Ctrl Pts',(21.8361367278703,19.8764520924473,1.83333333333333));
#13913=CARTESIAN_POINT('Ctrl Pts',(20.5777628231557,23.1199018492788,1.83333333333333));
#13914=CARTESIAN_POINT('Ctrl Pts',(19.3996842078266,24.5712592517637,1.83333333333333));
#13915=CARTESIAN_POINT('Ctrl Pts',(15.0000002235174,11.1666665325562,1.66666666666667));
#13916=CARTESIAN_POINT('Ctrl Pts',(17.0623251261842,11.1666665325562,1.66666666666667));
#13917=CARTESIAN_POINT('Ctrl Pts',(19.2971708536103,12.1716094444549,1.66666666666667));
#13918=CARTESIAN_POINT('Ctrl Pts',(21.3942370079467,15.5235974574599,1.66666666666667));
#13919=CARTESIAN_POINT('Ctrl Pts',(22.0088357344253,19.890972608669,1.66666666666667));
#13920=CARTESIAN_POINT('Ctrl Pts',(20.7262975801816,23.2013684815207,1.66666666666667));
#13921=CARTESIAN_POINT('Ctrl Pts',(19.5290866759117,24.6762962882378,1.66666666666667));
#13922=CARTESIAN_POINT('Ctrl Pts',(15.0000002235174,10.9999998658896,1.5));
#13923=CARTESIAN_POINT('Ctrl Pts',(17.0970887433568,10.9999998658895,1.5));
#13924=CARTESIAN_POINT('Ctrl Pts',(19.4155501748749,12.0384682956116,1.5));
#13925=CARTESIAN_POINT('Ctrl Pts',(21.5582621385392,15.4776471858968,1.5));
#13926=CARTESIAN_POINT('Ctrl Pts',(22.1815347409802,19.9054931248906,1.5));
#13927=CARTESIAN_POINT('Ctrl Pts',(20.8748323372075,23.2828351137625,1.5));
#13928=CARTESIAN_POINT('Ctrl Pts',(19.6584891439968,24.7813333247119,1.5));
#13929=CARTESIAN_POINT('',(19.6584891439968,24.781333324712,1.5));
#13930=CARTESIAN_POINT('Ctrl Pts',(15.0000002235174,10.9999998658896,1.5));
#13931=CARTESIAN_POINT('Ctrl Pts',(17.0970887433568,10.9999998658895,1.5));
#13932=CARTESIAN_POINT('Ctrl Pts',(19.4155501748749,12.0384682956116,1.5));
#13933=CARTESIAN_POINT('Ctrl Pts',(21.5582621385392,15.4776471858968,1.5));
#13934=CARTESIAN_POINT('Ctrl Pts',(22.1815347409802,19.9054931248906,1.5));
#13935=CARTESIAN_POINT('Ctrl Pts',(20.8748323372075,23.2828351137625,1.5));
#13936=CARTESIAN_POINT('Ctrl Pts',(19.6584891439968,24.7813333247119,1.5));
#13937=CARTESIAN_POINT('Origin',(14.8578245240938,30.2989221967106,1.75));
#13938=CARTESIAN_POINT('',(6.21131846808329,41.347842935374,1.5));
#13939=CARTESIAN_POINT('Origin',(0.,36.3060651846151,1.75));
#13940=CARTESIAN_POINT('Origin',(-15.0000002235174,10.9999998658895,0.));
#13941=CARTESIAN_POINT('',(15.0000002235174,10.9999998658895,0.));
#13942=CARTESIAN_POINT('',(-15.0000002235174,10.9999998658895,0.));
#13943=CARTESIAN_POINT('Ctrl Pts',(-19.6584891439968,24.781333324712,0.));
#13944=CARTESIAN_POINT('Ctrl Pts',(-19.6584891439968,24.781333324712,2.));
#13945=CARTESIAN_POINT('Ctrl Pts',(-20.1693532851453,24.1519640761132,0.));
#13946=CARTESIAN_POINT('Ctrl Pts',(-20.1693532851453,24.1519640761132,2.));
#13947=CARTESIAN_POINT('Ctrl Pts',(-21.0308846840047,22.8445852094624,0.));
#13948=CARTESIAN_POINT('Ctrl Pts',(-21.0308846840047,22.8445852094624,2.));
#13949=CARTESIAN_POINT('Ctrl Pts',(-21.8429822709062,20.737795054349,0.));
#13950=CARTESIAN_POINT('Ctrl Pts',(-21.8429822709062,20.737795054349,2.));
#13951=CARTESIAN_POINT('Ctrl Pts',(-22.0622117307644,17.7363426917863,0.));
#13952=CARTESIAN_POINT('Ctrl Pts',(-22.0622117307644,17.7363426917863,2.));
#13953=CARTESIAN_POINT('Ctrl Pts',(-21.1258802436746,14.1874810181629,0.));
#13954=CARTESIAN_POINT('Ctrl Pts',(-21.1258802436746,14.1874810181629,2.));
#13955=CARTESIAN_POINT('Ctrl Pts',(-19.4117337480688,12.0603971838376,0.));
#13956=CARTESIAN_POINT('Ctrl Pts',(-19.4117337480688,12.0603971838376,2.));
#13957=CARTESIAN_POINT('Ctrl Pts',(-17.4835469770807,11.1928995699335,0.));
#13958=CARTESIAN_POINT('Ctrl Pts',(-17.4835469770807,11.1928995699335,2.));
#13959=CARTESIAN_POINT('Ctrl Pts',(-15.88077740185,10.9999998658895,0.));
#13960=CARTESIAN_POINT('Ctrl Pts',(-15.88077740185,10.9999998658895,2.));
#13961=CARTESIAN_POINT('Ctrl Pts',(-15.0000002235174,10.9999998658895,0.));
#13962=CARTESIAN_POINT('Ctrl Pts',(-15.0000002235174,10.9999998658895,2.));
#13963=CARTESIAN_POINT('Ctrl Pts',(15.0000002235174,10.9999998658895,0.));
#13964=CARTESIAN_POINT('Ctrl Pts',(15.0000002235174,10.9999998658895,2.));
#13965=CARTESIAN_POINT('Ctrl Pts',(15.88077740185,10.9999998658895,0.));
#13966=CARTESIAN_POINT('Ctrl Pts',(15.88077740185,10.9999998658895,2.));
#13967=CARTESIAN_POINT('Ctrl Pts',(17.4835469770807,11.1928995699335,0.));
#13968=CARTESIAN_POINT('Ctrl Pts',(17.4835469770807,11.1928995699335,2.));
#13969=CARTESIAN_POINT('Ctrl Pts',(19.4117337480687,12.0603971838376,0.));
#13970=CARTESIAN_POINT('Ctrl Pts',(19.4117337480687,12.0603971838376,2.));
#13971=CARTESIAN_POINT('Ctrl Pts',(21.1258802436741,14.1874810181629,0.));
#13972=CARTESIAN_POINT('Ctrl Pts',(21.1258802436741,14.1874810181629,2.));
#13973=CARTESIAN_POINT('Ctrl Pts',(22.0622117307638,17.7363426917863,0.));
#13974=CARTESIAN_POINT('Ctrl Pts',(22.0622117307638,17.7363426917863,2.));
#13975=CARTESIAN_POINT('Ctrl Pts',(21.8429822709058,20.737795054349,0.));
#13976=CARTESIAN_POINT('Ctrl Pts',(21.8429822709058,20.737795054349,2.));
#13977=CARTESIAN_POINT('Ctrl Pts',(21.0308846840046,22.8445852094624,0.));
#13978=CARTESIAN_POINT('Ctrl Pts',(21.0308846840046,22.8445852094624,2.));
#13979=CARTESIAN_POINT('Ctrl Pts',(20.1693532851453,24.1519640761132,0.));
#13980=CARTESIAN_POINT('Ctrl Pts',(20.1693532851453,24.1519640761132,2.));
#13981=CARTESIAN_POINT('Ctrl Pts',(19.6584891439968,24.781333324712,0.));
#13982=CARTESIAN_POINT('Ctrl Pts',(19.6584891439968,24.781333324712,2.));
#13983=CARTESIAN_POINT('Origin',(9.47855429231177,10.5618865942743,0.5));
#13984=CARTESIAN_POINT('',(11.0404408833951,8.99999982863665,0.));
#13985=CARTESIAN_POINT('',(11.3333341328052,8.70710654649326,0.));
#13986=CARTESIAN_POINT('',(9.47855429231177,10.5618865942743,0.));
#13987=CARTESIAN_POINT('',(11.3333340932926,7.99999976530671,0.5));
#13988=CARTESIAN_POINT('Origin',(11.3333341328052,8.70710654649326,0.5));
#13989=CARTESIAN_POINT('',(10.8333340858419,8.49999982863665,0.5));
#13990=CARTESIAN_POINT('',(9.12500088196218,10.2083332234373,0.5));
#13991=CARTESIAN_POINT('Origin',(11.0404408833951,8.99999982863665,0.5));
#13992=CARTESIAN_POINT('Origin',(7.77144694674433,5.14521975850388,0.5));
#13993=CARTESIAN_POINT('',(11.6262274476819,8.99999982863665,0.));
#13994=CARTESIAN_POINT('',(7.77144694674433,5.14521975850388,0.));
#13995=CARTESIAN_POINT('',(11.8333342125018,8.49999982863665,0.5));
#13996=CARTESIAN_POINT('Origin',(11.6262274476819,8.99999982863665,0.5));
#13997=CARTESIAN_POINT('',(8.12500031758128,4.79166634815429,0.5));
#13998=CARTESIAN_POINT('Origin',(7.50000011175871,8.99999982863665,0.5));
#13999=CARTESIAN_POINT('',(14.2071075500618,8.99999982863665,0.));
#14000=CARTESIAN_POINT('',(7.50000011175871,8.99999982863665,0.));
#14001=CARTESIAN_POINT('',(14.0000007525086,8.49999982863665,0.5));
#14002=CARTESIAN_POINT('Origin',(14.2071075500618,8.99999982863665,0.5));
#14003=CARTESIAN_POINT('',(7.50000011175871,8.49999982863665,0.5));
#14004=CARTESIAN_POINT('Origin',(11.8535543807873,11.3535532609409,0.5));
#14005=CARTESIAN_POINT('',(14.5000007994719,8.70710654649326,0.));
#14006=CARTESIAN_POINT('',(11.8535543807873,11.3535532609409,0.));
#14007=CARTESIAN_POINT('',(14.5000007599592,7.99999976530671,0.5));
#14008=CARTESIAN_POINT('Origin',(14.5000007994719,8.70710654649326,0.5));
#14009=CARTESIAN_POINT('',(11.5000009704377,10.999999890104,0.5));
#14010=CARTESIAN_POINT('Origin',(-7.50000011175871,5.99999979883432,0.5));
#14011=CARTESIAN_POINT('',(14.5000007599592,6.49999979883432,0.5));
#14012=CARTESIAN_POINT('',(15.0000002235174,6.49999979883432,0.5));
#14013=CARTESIAN_POINT('',(-7.50000011175871,6.49999979883432,0.5));
#14014=CARTESIAN_POINT('',(15.0000002235174,5.99999979883432,0.));
#14015=CARTESIAN_POINT('Origin',(15.0000002235174,5.99999979883432,0.5));
#14016=CARTESIAN_POINT('',(14.292893962406,5.99999979883432,0.));
#14017=CARTESIAN_POINT('',(-7.50000011175871,5.99999979883432,0.));
#14018=CARTESIAN_POINT('Origin',(14.292893962406,5.99999979883432,0.5));
#14019=CARTESIAN_POINT('Origin',(10.5214473505406,9.77144683219137,0.5));
#14020=CARTESIAN_POINT('',(14.0000002845876,6.2928935093861,0.));
#14021=CARTESIAN_POINT('',(10.5214473505406,9.77144683219137,0.));
#14022=CARTESIAN_POINT('',(14.0000003241003,7.00000029057264,0.5));
#14023=CARTESIAN_POINT('Origin',(14.0000002845876,6.2928935093861,0.5));
#14024=CARTESIAN_POINT('',(10.8750007608901,10.1250002030283,0.5));
#14025=CARTESIAN_POINT('Origin',(10.2285528222884,2.52144646857847,0.5));
#14026=CARTESIAN_POINT('',(13.7071065413025,5.99999979883432,0.));
#14027=CARTESIAN_POINT('',(10.2285528222884,2.52144646857847,0.));
#14028=CARTESIAN_POINT('',(13.4999997764826,6.49999979883432,0.5));
#14029=CARTESIAN_POINT('Origin',(13.7071065413025,5.99999979883432,0.5));
#14030=CARTESIAN_POINT('',(9.8749994514514,2.87499987892806,0.5));
#14031=CARTESIAN_POINT('Origin',(-7.50000011175871,5.99999979883432,0.5));
#14032=CARTESIAN_POINT('',(11.1262272957393,5.99999979883432,0.));
#14033=CARTESIAN_POINT('',(-7.50000011175871,5.99999979883432,0.));
#14034=CARTESIAN_POINT('',(11.3333340932926,6.49999979883432,0.5));
#14035=CARTESIAN_POINT('Origin',(11.1262272957393,5.99999979883432,0.5));
#14036=CARTESIAN_POINT('',(-7.50000011175871,6.49999979883432,0.5));
#14037=CARTESIAN_POINT('Origin',(8.146447262065,8.97978016552471,0.5));
#14038=CARTESIAN_POINT('',(10.833333617921,6.2928935093861,0.));
#14039=CARTESIAN_POINT('',(8.146447262065,8.97978016552471,0.));
#14040=CARTESIAN_POINT('',(10.8333336574336,7.00000029057264,0.5));
#14041=CARTESIAN_POINT('Origin',(10.833333617921,6.2928935093861,0.5));
#14042=CARTESIAN_POINT('',(8.50000067241459,9.33333353636167,0.5));
#14043=CARTESIAN_POINT('Origin',(7.85355291076391,3.31311313524513,0.5));
#14044=CARTESIAN_POINT('',(10.5404398746358,5.99999979883432,0.));
#14045=CARTESIAN_POINT('',(7.85355291076391,3.31311313524513,0.));
#14046=CARTESIAN_POINT('',(10.3333331098159,6.49999979883432,0.5));
#14047=CARTESIAN_POINT('Origin',(10.5404398746358,5.99999979883432,0.5));
#14048=CARTESIAN_POINT('',(7.49999953992696,3.66666654559472,0.5));
#14049=CARTESIAN_POINT('Origin',(-7.50000011175871,5.99999979883432,0.5));
#14050=CARTESIAN_POINT('',(7.95956062907268,5.99999979883432,0.));
#14051=CARTESIAN_POINT('',(-7.50000011175871,5.99999979883432,0.));
#14052=CARTESIAN_POINT('',(8.16666742662589,6.49999979883432,0.5));
#14053=CARTESIAN_POINT('Origin',(7.95956062907268,5.99999979883432,0.5));
#14054=CARTESIAN_POINT('',(-7.50000011175871,6.49999979883432,0.5));
#14055=CARTESIAN_POINT('Origin',(5.77144717358945,8.18811349885805,0.5));
#14056=CARTESIAN_POINT('',(7.6666669512543,6.2928935093861,0.));
#14057=CARTESIAN_POINT('',(5.77144717358945,8.18811349885805,0.));
#14058=CARTESIAN_POINT('',(7.66666699076692,7.00000029057264,0.5));
#14059=CARTESIAN_POINT('Origin',(7.6666669512543,6.2928935093861,0.5));
#14060=CARTESIAN_POINT('',(6.12500058393904,8.54166686969501,0.5));
#14061=CARTESIAN_POINT('Origin',(5.47855299923947,4.10477980191179,0.5));
#14062=CARTESIAN_POINT('',(7.37377320796913,5.99999979883432,0.));
#14063=CARTESIAN_POINT('',(5.47855299923947,4.10477980191179,0.));
#14064=CARTESIAN_POINT('',(7.16666644314925,6.49999979883432,0.5));
#14065=CARTESIAN_POINT('Origin',(7.37377320796913,5.99999979883432,0.5));
#14066=CARTESIAN_POINT('',(5.12499962840251,4.45833321226138,0.5));
#14067=CARTESIAN_POINT('Origin',(-7.50000011175871,5.99999979883432,0.5));
#14068=CARTESIAN_POINT('',(4.79289396240601,5.99999979883433,0.));
#14069=CARTESIAN_POINT('',(-7.50000011175871,5.99999979883432,0.));
#14070=CARTESIAN_POINT('',(5.00000075995923,6.49999979883432,0.5));
#14071=CARTESIAN_POINT('Origin',(4.79289396240601,5.99999979883432,0.5));
#14072=CARTESIAN_POINT('',(-7.50000011175871,6.49999979883432,0.5));
#14073=CARTESIAN_POINT('Origin',(3.3964470851139,7.39644683219138,0.5));
#14074=CARTESIAN_POINT('',(4.50000028458762,6.2928935093861,0.));
#14075=CARTESIAN_POINT('',(3.3964470851139,7.39644683219138,0.));
#14076=CARTESIAN_POINT('',(4.50000032410026,7.00000029057264,0.5));
#14077=CARTESIAN_POINT('Origin',(4.50000028458762,6.2928935093861,0.5));
#14078=CARTESIAN_POINT('',(3.75000049546349,7.75000020302834,0.5));
#14079=CARTESIAN_POINT('Origin',(3.10355308771502,4.89644646857846,0.5));
#14080=CARTESIAN_POINT('',(4.20710654130246,5.99999979883432,0.));
#14081=CARTESIAN_POINT('',(3.10355308771502,4.89644646857846,0.));
#14082=CARTESIAN_POINT('',(3.99999977648258,6.49999979883432,0.5));
#14083=CARTESIAN_POINT('Origin',(4.20710654130246,5.99999979883432,0.5));
#14084=CARTESIAN_POINT('',(2.74999971687806,5.24999987892804,0.5));
#14085=CARTESIAN_POINT('Origin',(-7.50000011175871,5.99999979883432,0.5));
#14086=CARTESIAN_POINT('',(1.62622729573934,5.99999979883432,0.));
#14087=CARTESIAN_POINT('',(-7.50000011175871,5.99999979883432,0.));
#14088=CARTESIAN_POINT('',(1.83333409329256,6.49999979883432,0.5));
#14089=CARTESIAN_POINT('Origin',(1.62622729573934,5.99999979883432,0.5));
#14090=CARTESIAN_POINT('',(-7.50000011175871,6.49999979883432,0.5));
#14091=CARTESIAN_POINT('Origin',(1.02144699663834,6.60478016552472,0.5));
#14092=CARTESIAN_POINT('',(1.33333361792096,6.2928935093861,0.));
#14093=CARTESIAN_POINT('',(1.02144699663834,6.60478016552472,0.));
#14094=CARTESIAN_POINT('',(1.33333365743359,7.00000029057264,0.5));
#14095=CARTESIAN_POINT('Origin',(1.33333361792096,6.2928935093861,0.5));
#14096=CARTESIAN_POINT('',(1.37500040698793,6.95833353636168,0.5));
#14097=CARTESIAN_POINT('Origin',(0.728553176190572,5.68811313524512,0.5));
#14098=CARTESIAN_POINT('',(1.04043987463579,5.99999979883432,0.));
#14099=CARTESIAN_POINT('',(0.728553176190572,5.68811313524512,0.));
#14100=CARTESIAN_POINT('',(0.833333109815914,6.49999979883432,0.5));
#14101=CARTESIAN_POINT('Origin',(1.04043987463579,5.99999979883432,0.5));
#14102=CARTESIAN_POINT('',(0.374999805353614,6.04166654559471,0.5));
#14103=CARTESIAN_POINT('Origin',(-7.50000011175871,5.99999979883432,0.5));
#14104=CARTESIAN_POINT('',(-1.54043937092732,5.99999979883432,0.));
#14105=CARTESIAN_POINT('',(-7.50000011175871,5.99999979883432,0.));
#14106=CARTESIAN_POINT('',(-1.33333257337411,6.49999979883432,0.5));
#14107=CARTESIAN_POINT('Origin',(-1.54043937092732,5.99999979883432,0.5));
#14108=CARTESIAN_POINT('',(-7.50000011175871,6.49999979883432,0.5));
#14109=CARTESIAN_POINT('Origin',(-1.35355309183721,5.81311349885806,0.5));
#14110=CARTESIAN_POINT('',(-1.83333304874571,6.2928935093861,0.));
#14111=CARTESIAN_POINT('',(-1.35355309183721,5.81311349885806,0.));
#14112=CARTESIAN_POINT('',(-1.83333300923308,7.00000029057264,0.5));
#14113=CARTESIAN_POINT('Origin',(-1.83333304874571,6.2928935093861,0.5));
#14114=CARTESIAN_POINT('',(-0.999999681487619,6.16666686969502,0.5));
#14115=CARTESIAN_POINT('Origin',(-1.64644673533387,6.47977980191178,0.5));
#14116=CARTESIAN_POINT('',(-2.12622679203087,5.99999979883432,0.));
#14117=CARTESIAN_POINT('',(-1.64644673533387,6.47977980191178,0.));
#14118=CARTESIAN_POINT('',(-2.33333355685075,6.49999979883432,0.5));
#14119=CARTESIAN_POINT('Origin',(-2.12622679203087,5.99999979883432,0.5));
#14120=CARTESIAN_POINT('',(-2.00000010617083,6.83333321226137,0.5));
#14121=CARTESIAN_POINT('Origin',(-7.50000011175871,5.99999979883432,0.5));
#14122=CARTESIAN_POINT('',(-4.70710603759399,5.99999979883432,0.));
#14123=CARTESIAN_POINT('',(-7.50000011175871,5.99999979883432,0.));
#14124=CARTESIAN_POINT('',(-4.49999924004077,6.49999979883432,0.5));
#14125=CARTESIAN_POINT('Origin',(-4.70710603759399,5.99999979883432,0.5));
#14126=CARTESIAN_POINT('',(-7.50000011175871,6.49999979883432,0.5));
#14127=CARTESIAN_POINT('Origin',(-3.72855318031276,5.0214468321914,0.5));
#14128=CARTESIAN_POINT('',(-4.99999971541237,6.2928935093861,0.));
#14129=CARTESIAN_POINT('',(-3.72855318031276,5.0214468321914,0.));
#14130=CARTESIAN_POINT('',(-4.99999967589974,7.00000029057264,0.5));
#14131=CARTESIAN_POINT('Origin',(-4.99999971541237,6.2928935093861,0.5));
#14132=CARTESIAN_POINT('',(-3.37499976996317,5.37500020302836,0.5));
#14133=CARTESIAN_POINT('Origin',(-4.02144664685832,7.27144646857844,0.5));
#14134=CARTESIAN_POINT('',(-5.29289345869754,5.99999979883432,0.));
#14135=CARTESIAN_POINT('',(-4.02144664685832,7.27144646857844,0.));
#14136=CARTESIAN_POINT('',(-5.50000022351742,6.49999979883432,0.5));
#14137=CARTESIAN_POINT('Origin',(-5.29289345869754,5.99999979883432,0.5));
#14138=CARTESIAN_POINT('',(-4.37500001769528,7.62499987892803,0.5));
#14139=CARTESIAN_POINT('Origin',(-7.50000011175871,5.99999979883432,0.5));
#14140=CARTESIAN_POINT('',(-7.87377270426065,5.99999979883432,0.));
#14141=CARTESIAN_POINT('',(-7.50000011175871,5.99999979883432,0.));
#14142=CARTESIAN_POINT('',(-7.66666590670744,6.49999979883432,0.5));
#14143=CARTESIAN_POINT('Origin',(-7.87377270426065,5.99999979883432,0.5));
#14144=CARTESIAN_POINT('',(-7.50000011175871,6.49999979883432,0.5));
#14145=CARTESIAN_POINT('Origin',(-6.10355326878831,4.22978016552474,0.5));
#14146=CARTESIAN_POINT('',(-8.16666638207904,6.2928935093861,0.));
#14147=CARTESIAN_POINT('',(-6.10355326878831,4.22978016552474,0.));
#14148=CARTESIAN_POINT('',(-8.16666634256641,7.00000029057264,0.5));
#14149=CARTESIAN_POINT('Origin',(-8.16666638207904,6.2928935093861,0.5));
#14150=CARTESIAN_POINT('',(-5.74999985843872,4.5833335363617,0.5));
#14151=CARTESIAN_POINT('Origin',(-6.39644655838277,8.0631131352451,0.5));
#14152=CARTESIAN_POINT('',(-8.45956012536421,5.99999979883432,0.));
#14153=CARTESIAN_POINT('',(-6.39644655838277,8.0631131352451,0.));
#14154=CARTESIAN_POINT('',(-8.66666689018409,6.49999979883432,0.5));
#14155=CARTESIAN_POINT('Origin',(-8.45956012536421,5.99999979883432,0.5));
#14156=CARTESIAN_POINT('',(-6.74999992921973,8.41666654559469,0.5));
#14157=CARTESIAN_POINT('Origin',(-7.50000011175871,5.99999979883432,0.5));
#14158=CARTESIAN_POINT('',(-11.0404393709273,5.99999979883432,0.));
#14159=CARTESIAN_POINT('',(-7.50000011175871,5.99999979883432,0.));
#14160=CARTESIAN_POINT('',(-10.8333325733741,6.49999979883432,0.5));
#14161=CARTESIAN_POINT('Origin',(-11.0404393709273,5.99999979883432,0.5));
#14162=CARTESIAN_POINT('',(-7.50000011175871,6.49999979883432,0.5));
#14163=CARTESIAN_POINT('Origin',(-8.47855335726386,3.43811349885808,0.5));
#14164=CARTESIAN_POINT('',(-11.3333330487457,6.2928935093861,0.));
#14165=CARTESIAN_POINT('',(-8.47855335726386,3.43811349885808,0.));
#14166=CARTESIAN_POINT('',(-11.3333330092331,7.00000029057264,0.5));
#14167=CARTESIAN_POINT('Origin',(-11.3333330487457,6.2928935093861,0.5));
#14168=CARTESIAN_POINT('',(-8.12499994691427,3.79166686969503,0.5));
#14169=CARTESIAN_POINT('Origin',(-8.77144646990722,8.85477980191176,0.5));
#14170=CARTESIAN_POINT('',(-11.8333335568508,6.49999979883432,0.5));
#14171=CARTESIAN_POINT('',(-9.12499984074417,9.20833321226135,0.5));
#14172=CARTESIAN_POINT('',(-11.6262267920309,5.99999979883432,0.));
#14173=CARTESIAN_POINT('',(-8.77144646990722,8.85477980191176,0.));
#14174=CARTESIAN_POINT('Origin',(-11.6262267920309,5.99999979883432,0.5));
#14175=CARTESIAN_POINT('Origin',(-7.50000011175871,5.99999979883432,0.5));
#14176=CARTESIAN_POINT('',(-13.9999992400408,6.49999979883432,0.5));
#14177=CARTESIAN_POINT('',(-7.50000011175871,6.49999979883432,0.5));
#14178=CARTESIAN_POINT('',(-14.207106037594,5.99999979883432,0.));
#14179=CARTESIAN_POINT('',(-7.50000011175871,5.99999979883432,0.));
#14180=CARTESIAN_POINT('Origin',(-14.207106037594,5.99999979883432,0.5));
#14181=CARTESIAN_POINT('Origin',(-10.8535534457394,2.64644683219141,0.5));
#14182=CARTESIAN_POINT('',(-14.4999996758997,7.00000029057264,0.5));
#14183=CARTESIAN_POINT('',(-10.5000000353898,3.00000020302837,0.5));
#14184=CARTESIAN_POINT('',(-14.4999997154124,6.2928935093861,0.));
#14185=CARTESIAN_POINT('',(-10.8535534457394,2.64644683219141,0.));
#14186=CARTESIAN_POINT('Origin',(-14.4999997154124,6.2928935093861,0.5));
#14187=CARTESIAN_POINT('Origin',(-11.1464463814317,9.64644646857843,0.5));
#14188=CARTESIAN_POINT('',(-15.0000002235174,6.49999979883432,0.5));
#14189=CARTESIAN_POINT('',(-11.4999997522686,9.99999987892801,0.5));
#14190=CARTESIAN_POINT('',(-14.7760869135625,6.01680634209111,0.));
#14191=CARTESIAN_POINT('',(-11.1464463814317,9.64644646857843,0.));
#14192=CARTESIAN_POINT('Ctrl Pts',(-14.7760869135625,6.01680634209111,-1.38777878078145E-16));
#14193=CARTESIAN_POINT('Ctrl Pts',(-14.7766225745175,6.0178671168778,-1.37593724356933E-16));
#14194=CARTESIAN_POINT('Ctrl Pts',(-14.7771580375111,6.01892798909312,3.82291062713365E-6));
#14195=CARTESIAN_POINT('Ctrl Pts',(-14.8101169759757,6.08425728427911,0.00047453393618849));
#14196=CARTESIAN_POINT('Ctrl Pts',(-14.8415295744911,6.14840297583247,0.0149551953375765));
#14197=CARTESIAN_POINT('Ctrl Pts',(-14.8982114917543,6.26791615422913,0.0699522571892668));
#14198=CARTESIAN_POINT('Ctrl Pts',(-14.9231731684558,6.32260153597151,0.109878144337949));
#14199=CARTESIAN_POINT('Ctrl Pts',(-14.9624005550183,6.41100232218908,0.207424747266169));
#14200=CARTESIAN_POINT('Ctrl Pts',(-14.9770175019036,6.44522757527515,0.262850960083965));
#14201=CARTESIAN_POINT('Ctrl Pts',(-14.9955044174994,6.48905641189151,0.380098134664861));
#14202=CARTESIAN_POINT('Ctrl Pts',(-15.0000002235174,6.49999979883432,0.439633812662356));
#14203=CARTESIAN_POINT('Ctrl Pts',(-15.0000002235174,6.49999979883432,0.500000000000039));
#14204=CARTESIAN_POINT('Origin',(7.50000011175871,8.99999982863665,0.5));
#14205=CARTESIAN_POINT('',(-14.4999992474914,8.49999982863665,0.5));
#14206=CARTESIAN_POINT('',(-15.0000002235174,8.49999982863665,0.5));
#14207=CARTESIAN_POINT('',(7.50000011175871,8.49999982863665,0.5));
#14208=CARTESIAN_POINT('',(-15.0000002235174,8.99999982863665,0.));
#14209=CARTESIAN_POINT('Origin',(-15.0000002235174,8.99999982863665,0.5));
#14210=CARTESIAN_POINT('',(-14.2928924499382,8.99999982863665,0.));
#14211=CARTESIAN_POINT('',(7.50000011175871,8.99999982863665,0.));
#14212=CARTESIAN_POINT('Origin',(-14.2928924499382,8.99999982863665,0.5));
#14213=CARTESIAN_POINT('Origin',(-15.0000002235174,7.49999981373549,0.5));
#14214=CARTESIAN_POINT('Origin',(-15.0000002235174,7.49999981373549,0.));
#14215=CARTESIAN_POINT('Origin',(-15.0000002235174,7.49999981373549,0.5));
#14216=CARTESIAN_POINT('Origin',(-9.52144641549267,4.22855326094099,0.5));
#14217=CARTESIAN_POINT('',(-13.9999992400408,7.99999976530671,0.5));
#14218=CARTESIAN_POINT('',(-9.87499982584226,3.87499989010403,0.5));
#14219=CARTESIAN_POINT('',(-13.9999992005281,8.70710654649326,0.));
#14220=CARTESIAN_POINT('',(-9.52144641549267,4.22855326094099,0.));
#14221=CARTESIAN_POINT('Origin',(-13.9999992005281,8.70710654649326,0.5));
#14222=CARTESIAN_POINT('Origin',(-11.2285523454512,11.4785530918372,0.5));
#14223=CARTESIAN_POINT('',(-13.4999991208315,8.49999982863665,0.5));
#14224=CARTESIAN_POINT('',(-10.8749989746143,11.1249996814876,0.5));
#14225=CARTESIAN_POINT('',(-13.7071058856514,8.99999982863665,0.));
#14226=CARTESIAN_POINT('',(-11.2285523454512,11.4785530918372,0.));
#14227=CARTESIAN_POINT('Origin',(-13.7071058856514,8.99999982863665,0.5));
#14228=CARTESIAN_POINT('Origin',(7.50000011175871,8.99999982863665,0.5));
#14229=CARTESIAN_POINT('',(-11.3333325808247,8.49999982863665,0.5));
#14230=CARTESIAN_POINT('',(7.50000011175871,8.49999982863665,0.5));
#14231=CARTESIAN_POINT('',(-11.1262257832715,8.99999982863664,0.));
#14232=CARTESIAN_POINT('',(7.50000011175871,8.99999982863665,0.));
#14233=CARTESIAN_POINT('Origin',(-11.1262257832715,8.99999982863665,0.5));
#14234=CARTESIAN_POINT('Origin',(-7.14644632701712,5.02021992760765,0.5));
#14235=CARTESIAN_POINT('',(-10.8333325733741,7.99999976530671,0.5));
#14236=CARTESIAN_POINT('',(-7.49999973736671,4.66666655677069,0.5));
#14237=CARTESIAN_POINT('',(-10.8333325338615,8.70710654649326,0.));
#14238=CARTESIAN_POINT('',(-7.14644632701712,5.02021992760765,0.));
#14239=CARTESIAN_POINT('Origin',(-10.8333325338615,8.70710654649326,0.5));
#14240=CARTESIAN_POINT('Origin',(-8.85355243392679,10.6868864251705,0.5));
#14241=CARTESIAN_POINT('',(-10.3333324541649,8.49999982863665,0.5));
#14242=CARTESIAN_POINT('',(-8.49999906308983,10.3333330148209,0.5));
#14243=CARTESIAN_POINT('',(-10.5404392189847,8.99999982863665,0.));
#14244=CARTESIAN_POINT('',(-8.85355243392679,10.6868864251705,0.));
#14245=CARTESIAN_POINT('Origin',(-10.5404392189847,8.99999982863665,0.5));
#14246=CARTESIAN_POINT('Origin',(7.50000011175871,8.99999982863665,0.5));
#14247=CARTESIAN_POINT('',(-8.16666591415808,8.49999982863665,0.5));
#14248=CARTESIAN_POINT('',(7.50000011175871,8.49999982863665,0.5));
#14249=CARTESIAN_POINT('',(-7.95955911660486,8.99999982863665,0.));
#14250=CARTESIAN_POINT('',(7.50000011175871,8.99999982863665,0.));
#14251=CARTESIAN_POINT('Origin',(-7.95955911660486,8.99999982863665,0.5));
#14252=CARTESIAN_POINT('Origin',(-4.77144623854156,5.81188659427431,0.5));
#14253=CARTESIAN_POINT('',(-7.66666590670744,7.99999976530671,0.5));
#14254=CARTESIAN_POINT('',(-5.12499964889115,5.45833322343735,0.5));
#14255=CARTESIAN_POINT('',(-7.66666586719481,8.70710654649326,0.));
#14256=CARTESIAN_POINT('',(-4.77144623854156,5.81188659427431,0.));
#14257=CARTESIAN_POINT('Origin',(-7.66666586719481,8.70710654649326,0.5));
#14258=CARTESIAN_POINT('Origin',(-6.47855252240235,9.89521975850385,0.5));
#14259=CARTESIAN_POINT('',(-7.1666657874982,8.49999982863665,0.5));
#14260=CARTESIAN_POINT('',(-6.12499915156539,9.54166634815426,0.5));
#14261=CARTESIAN_POINT('',(-7.37377255231807,8.99999982863665,0.));
#14262=CARTESIAN_POINT('',(-6.47855252240235,9.89521975850385,0.));
#14263=CARTESIAN_POINT('Origin',(-7.37377255231807,8.99999982863665,0.5));
#14264=CARTESIAN_POINT('Origin',(7.50000011175871,8.99999982863665,0.5));
#14265=CARTESIAN_POINT('',(-4.99999924749141,8.49999982863665,0.5));
#14266=CARTESIAN_POINT('',(7.50000011175871,8.49999982863665,0.5));
#14267=CARTESIAN_POINT('',(-4.79289244993819,8.99999982863665,0.));
#14268=CARTESIAN_POINT('',(7.50000011175871,8.99999982863665,0.));
#14269=CARTESIAN_POINT('Origin',(-4.79289244993819,8.99999982863665,0.5));
#14270=CARTESIAN_POINT('Origin',(-2.39644615006601,6.60355326094097,0.5));
#14271=CARTESIAN_POINT('',(-4.49999924004077,7.99999976530671,0.5));
#14272=CARTESIAN_POINT('',(-2.7499995604156,6.24999989010401,0.5));
#14273=CARTESIAN_POINT('',(-4.49999920052814,8.70710654649326,0.));
#14274=CARTESIAN_POINT('',(-2.39644615006601,6.60355326094097,0.));
#14275=CARTESIAN_POINT('Origin',(-4.49999920052814,8.70710654649326,0.5));
#14276=CARTESIAN_POINT('Origin',(-4.1035526108779,9.10355309183719,0.5));
#14277=CARTESIAN_POINT('',(-3.99999912083153,8.49999982863665,0.5));
#14278=CARTESIAN_POINT('',(-3.74999924004094,8.7499996814876,0.5));
#14279=CARTESIAN_POINT('',(-4.20710588565141,8.99999982863665,0.));
#14280=CARTESIAN_POINT('',(-4.1035526108779,9.10355309183719,0.));
#14281=CARTESIAN_POINT('Origin',(-4.20710588565141,8.99999982863665,0.5));
#14282=CARTESIAN_POINT('Origin',(7.50000011175871,8.99999982863665,0.5));
#14283=CARTESIAN_POINT('',(-1.83333258082474,8.49999982863665,0.5));
#14284=CARTESIAN_POINT('',(7.50000011175871,8.49999982863665,0.5));
#14285=CARTESIAN_POINT('',(-1.62622578327152,8.99999982863665,0.));
#14286=CARTESIAN_POINT('',(7.50000011175871,8.99999982863665,0.));
#14287=CARTESIAN_POINT('Origin',(-1.62622578327152,8.99999982863665,0.5));
#14288=CARTESIAN_POINT('Origin',(-0.0214460615904526,7.39521992760763,0.5));
#14289=CARTESIAN_POINT('',(-1.33333257337411,7.99999976530671,0.5));
#14290=CARTESIAN_POINT('',(-0.374999471940042,7.04166655677068,0.5));
#14291=CARTESIAN_POINT('',(-1.33333253386147,8.70710654649326,0.));
#14292=CARTESIAN_POINT('',(-0.0214460615904526,7.39521992760763,0.));
#14293=CARTESIAN_POINT('Origin',(-1.33333253386147,8.70710654649326,0.5));
#14294=CARTESIAN_POINT('Origin',(-1.72855269935345,8.31188642517052,0.5));
#14295=CARTESIAN_POINT('',(-0.833332454164861,8.49999982863665,0.5));
#14296=CARTESIAN_POINT('',(-1.3749993285165,7.95833301482094,0.5));
#14297=CARTESIAN_POINT('',(-1.04043921898474,8.99999982863665,0.));
#14298=CARTESIAN_POINT('',(-1.72855269935345,8.31188642517052,0.));
#14299=CARTESIAN_POINT('Origin',(-1.04043921898474,8.99999982863665,0.5));
#14300=CARTESIAN_POINT('Origin',(7.50000011175871,8.99999982863665,0.5));
#14301=CARTESIAN_POINT('',(1.33333408584192,8.49999982863665,0.5));
#14302=CARTESIAN_POINT('',(7.50000011175871,8.49999982863665,0.5));
#14303=CARTESIAN_POINT('',(1.54044088339514,8.99999982863665,0.));
#14304=CARTESIAN_POINT('',(7.50000011175871,8.99999982863665,0.));
#14305=CARTESIAN_POINT('Origin',(1.54044088339514,8.99999982863665,0.5));
#14306=CARTESIAN_POINT('Origin',(2.3535540268851,8.1868865942743,0.5));
#14307=CARTESIAN_POINT('',(1.83333409329256,7.99999976530671,0.5));
#14308=CARTESIAN_POINT('',(2.00000061653551,7.83333322343734,0.5));
#14309=CARTESIAN_POINT('',(1.83333413280519,8.70710654649326,0.));
#14310=CARTESIAN_POINT('',(2.3535540268851,8.1868865942743,0.));
#14311=CARTESIAN_POINT('Origin',(1.83333413280519,8.70710654649326,0.5));
#14312=CARTESIAN_POINT('Origin',(0.646447212170991,7.52021975850386,0.5));
#14313=CARTESIAN_POINT('',(2.3333342125018,8.49999982863665,0.5));
#14314=CARTESIAN_POINT('',(1.00000058300795,7.16666634815428,0.5));
#14315=CARTESIAN_POINT('',(2.12622744768193,8.99999982863665,0.));
#14316=CARTESIAN_POINT('',(0.646447212170991,7.52021975850386,0.));
#14317=CARTESIAN_POINT('Origin',(2.12622744768193,8.99999982863665,0.5));
#14318=CARTESIAN_POINT('Origin',(7.50000011175871,8.99999982863665,0.5));
#14319=CARTESIAN_POINT('',(4.50000075250859,8.49999982863665,0.5));
#14320=CARTESIAN_POINT('',(7.50000011175871,8.49999982863665,0.5));
#14321=CARTESIAN_POINT('',(4.70710755006181,8.99999982863665,0.));
#14322=CARTESIAN_POINT('',(7.50000011175871,8.99999982863665,0.));
#14323=CARTESIAN_POINT('Origin',(4.70710755006181,8.99999982863665,0.5));
#14324=CARTESIAN_POINT('Origin',(4.72855411536066,8.97855326094096,0.5));
#14325=CARTESIAN_POINT('',(5.00000075995923,7.99999976530671,0.5));
#14326=CARTESIAN_POINT('',(4.37500070501107,8.624999890104,0.5));
#14327=CARTESIAN_POINT('',(5.00000079947186,8.70710654649326,0.));
#14328=CARTESIAN_POINT('',(4.72855411536066,8.97855326094096,0.));
#14329=CARTESIAN_POINT('Origin',(5.00000079947186,8.70710654649326,0.5));
#14330=CARTESIAN_POINT('Origin',(3.02144712369544,6.7285530918372,0.5));
#14331=CARTESIAN_POINT('',(5.50000087916847,8.49999982863665,0.5));
#14332=CARTESIAN_POINT('',(3.37500049453239,6.37499968148761,0.5));
#14333=CARTESIAN_POINT('',(5.29289411434859,8.99999982863665,0.));
#14334=CARTESIAN_POINT('',(3.02144712369544,6.7285530918372,0.));
#14335=CARTESIAN_POINT('Origin',(5.29289411434859,8.99999982863665,0.5));
#14336=CARTESIAN_POINT('Origin',(15.0000002235174,7.49999981373549,0.5));
#14337=CARTESIAN_POINT('',(14.776087685795,8.98319340196131,0.));
#14338=CARTESIAN_POINT('Origin',(15.0000002235174,7.49999981373549,0.));
#14339=CARTESIAN_POINT('',(15.0000002235174,8.49999982863665,0.5));
#14340=CARTESIAN_POINT('Origin',(15.0000002235174,7.49999981373549,0.5));
#14341=CARTESIAN_POINT('Ctrl Pts',(15.0000008791683,8.49999982863643,0.5));
#14342=CARTESIAN_POINT('Ctrl Pts',(15.0000008791683,8.49999982863643,0.439596082953605));
#14343=CARTESIAN_POINT('Ctrl Pts',(14.9954997222755,8.51095605243219,0.380052090647882));
#14344=CARTESIAN_POINT('Ctrl Pts',(14.9774667278026,8.55370848197289,0.265708387537992));
#14345=CARTESIAN_POINT('Ctrl Pts',(14.9637560580896,8.58582556919243,0.212611631243578));
#14346=CARTESIAN_POINT('Ctrl Pts',(14.9270868169861,8.66869117885915,0.117904212270241));
#14347=CARTESIAN_POINT('Ctrl Pts',(14.9037635251418,8.72001032708049,0.0783181846705568));
#14348=CARTESIAN_POINT('Ctrl Pts',(14.8621934421563,8.80816951985307,0.0338629718096704));
#14349=CARTESIAN_POINT('Ctrl Pts',(14.8461206275003,8.84166330317253,0.0214715282885864));
#14350=CARTESIAN_POINT('Ctrl Pts',(14.8126443107936,8.91019634431249,0.00464858804873642));
#14351=CARTESIAN_POINT('Ctrl Pts',(14.7953006018418,8.94511212277086,0.000262919370062001));
#14352=CARTESIAN_POINT('Ctrl Pts',(14.7771588091284,8.98107175480477,3.82290952403565E-6));
#14353=CARTESIAN_POINT('Ctrl Pts',(14.7766233464425,8.98213262709729,-1.37593724527682E-16));
#14354=CARTESIAN_POINT('Ctrl Pts',(14.776087685795,8.98319340196131,-1.38777878078145E-16));
#14355=CARTESIAN_POINT('Origin',(7.50000011175871,8.99999982863665,0.5));
#14356=CARTESIAN_POINT('',(7.66666741917526,8.49999982863665,0.5));
#14357=CARTESIAN_POINT('',(7.50000011175871,8.49999982863665,0.5));
#14358=CARTESIAN_POINT('',(7.87377421672848,8.99999982863665,0.));
#14359=CARTESIAN_POINT('',(7.50000011175871,8.99999982863665,0.));
#14360=CARTESIAN_POINT('Origin',(7.87377421672848,8.99999982863665,0.5));
#14361=CARTESIAN_POINT('Origin',(10.1464468582688,4.35355309183722,0.5));
#14362=CARTESIAN_POINT('',(10.1464468582688,4.35355309183722,0.));
#14363=CARTESIAN_POINT('',(10.5000002291057,3.99999968148763,0.5));
#14364=CARTESIAN_POINT('Origin',(7.10355420383622,9.77021992760762,0.5));
#14365=CARTESIAN_POINT('',(8.1666674266259,7.99999976530671,0.5));
#14366=CARTESIAN_POINT('',(6.75000079348663,9.41666655677066,0.5));
#14367=CARTESIAN_POINT('',(8.16666746613853,8.70710654649326,0.));
#14368=CARTESIAN_POINT('',(7.10355420383622,9.77021992760762,0.));
#14369=CARTESIAN_POINT('Origin',(8.16666746613853,8.70710654649326,0.5));
#14370=CARTESIAN_POINT('Origin',(5.39644703521988,5.93688642517054,0.5));
#14371=CARTESIAN_POINT('',(8.66666754583514,8.49999982863665,0.5));
#14372=CARTESIAN_POINT('',(5.75000040605684,5.58333301482095,0.5));
#14373=CARTESIAN_POINT('',(8.45956078101526,8.99999982863665,0.));
#14374=CARTESIAN_POINT('',(5.39644703521988,5.93688642517054,0.));
#14375=CARTESIAN_POINT('Origin',(8.45956078101526,8.99999982863665,0.5));
#14376=CARTESIAN_POINT('Origin',(7.50000011175871,8.99999982863665,0.5));
#14377=CARTESIAN_POINT('',(7.50000011175871,8.49999982863665,0.5));
#14378=CARTESIAN_POINT('',(7.50000011175871,8.99999982863665,0.));
#14379=CARTESIAN_POINT('Origin',(14.0000003241003,7.00000029057264,2.));
#14380=CARTESIAN_POINT('',(14.0000003241003,7.00000029057264,1.5));
#14381=CARTESIAN_POINT('',(14.0000003241003,7.00000029057264,2.));
#14382=CARTESIAN_POINT('',(14.5000007599592,6.49999979883432,1.5));
#14383=CARTESIAN_POINT('',(10.8750007608901,10.1250002030283,1.5));
#14384=CARTESIAN_POINT('',(14.5000007599592,6.49999979883432,2.));
#14385=CARTESIAN_POINT('Origin',(13.4999997764826,6.49999979883432,2.));
#14386=CARTESIAN_POINT('',(13.4999997764826,6.49999979883432,1.5));
#14387=CARTESIAN_POINT('',(13.4999997764826,6.49999979883432,2.));
#14388=CARTESIAN_POINT('',(9.8749994514514,2.87499987892806,1.5));
#14389=CARTESIAN_POINT('Origin',(-15.0000002235174,6.49999979883432,2.));
#14390=CARTESIAN_POINT('',(11.3333340932926,6.49999979883432,1.5));
#14391=CARTESIAN_POINT('',(11.3333340932926,6.49999979883432,2.));
#14392=CARTESIAN_POINT('',(-7.50000011175871,6.49999979883432,1.5));
#14393=CARTESIAN_POINT('Origin',(10.8333336574336,7.00000029057264,2.));
#14394=CARTESIAN_POINT('',(10.8333336574336,7.00000029057264,1.5));
#14395=CARTESIAN_POINT('',(10.8333336574336,7.00000029057264,2.));
#14396=CARTESIAN_POINT('',(8.50000067241459,9.33333353636167,1.5));
#14397=CARTESIAN_POINT('Origin',(10.3333331098159,6.49999979883432,2.));
#14398=CARTESIAN_POINT('',(10.3333331098159,6.49999979883432,1.5));
#14399=CARTESIAN_POINT('',(10.3333331098159,6.49999979883432,2.));
#14400=CARTESIAN_POINT('',(7.49999953992696,3.66666654559472,1.5));
#14401=CARTESIAN_POINT('Origin',(-15.0000002235174,6.49999979883432,2.));
#14402=CARTESIAN_POINT('',(8.16666742662589,6.49999979883432,1.5));
#14403=CARTESIAN_POINT('',(8.16666742662589,6.49999979883432,2.));
#14404=CARTESIAN_POINT('',(-7.50000011175871,6.49999979883432,1.5));
#14405=CARTESIAN_POINT('Origin',(7.66666699076692,7.00000029057264,2.));
#14406=CARTESIAN_POINT('',(7.66666699076692,7.00000029057264,1.5));
#14407=CARTESIAN_POINT('',(7.66666699076692,7.00000029057264,2.));
#14408=CARTESIAN_POINT('',(6.12500058393904,8.541666869695,1.5));
#14409=CARTESIAN_POINT('Origin',(7.16666644314925,6.49999979883432,2.));
#14410=CARTESIAN_POINT('',(7.16666644314925,6.49999979883432,1.5));
#14411=CARTESIAN_POINT('',(7.16666644314925,6.49999979883432,2.));
#14412=CARTESIAN_POINT('',(5.12499962840251,4.45833321226139,1.5));
#14413=CARTESIAN_POINT('Origin',(-15.0000002235174,6.49999979883432,2.));
#14414=CARTESIAN_POINT('',(5.00000075995923,6.49999979883432,1.5));
#14415=CARTESIAN_POINT('',(5.00000075995923,6.49999979883432,2.));
#14416=CARTESIAN_POINT('',(-7.50000011175871,6.49999979883432,1.5));
#14417=CARTESIAN_POINT('Origin',(4.50000032410026,7.00000029057264,2.));
#14418=CARTESIAN_POINT('',(4.50000032410026,7.00000029057264,1.5));
#14419=CARTESIAN_POINT('',(4.50000032410026,7.00000029057264,2.));
#14420=CARTESIAN_POINT('',(3.75000049546348,7.75000020302834,1.5));
#14421=CARTESIAN_POINT('Origin',(3.99999977648258,6.49999979883432,2.));
#14422=CARTESIAN_POINT('',(3.99999977648258,6.49999979883432,1.5));
#14423=CARTESIAN_POINT('',(3.99999977648258,6.49999979883432,2.));
#14424=CARTESIAN_POINT('',(2.74999971687806,5.24999987892804,1.5));
#14425=CARTESIAN_POINT('Origin',(-15.0000002235174,6.49999979883432,2.));
#14426=CARTESIAN_POINT('',(1.83333409329256,6.49999979883432,1.5));
#14427=CARTESIAN_POINT('',(1.83333409329256,6.49999979883432,2.));
#14428=CARTESIAN_POINT('',(-7.50000011175871,6.49999979883432,1.5));
#14429=CARTESIAN_POINT('Origin',(1.33333365743359,7.00000029057264,2.));
#14430=CARTESIAN_POINT('',(1.33333365743359,7.00000029057264,1.5));
#14431=CARTESIAN_POINT('',(1.33333365743359,7.00000029057264,2.));
#14432=CARTESIAN_POINT('',(1.37500040698793,6.95833353636168,1.5));
#14433=CARTESIAN_POINT('Origin',(0.833333109815915,6.49999979883432,2.));
#14434=CARTESIAN_POINT('',(0.833333109815914,6.49999979883432,1.5));
#14435=CARTESIAN_POINT('',(0.833333109815914,6.49999979883432,2.));
#14436=CARTESIAN_POINT('',(0.374999805353614,6.04166654559471,1.5));
#14437=CARTESIAN_POINT('Origin',(-15.0000002235174,6.49999979883432,2.));
#14438=CARTESIAN_POINT('',(-1.33333257337411,6.49999979883432,1.5));
#14439=CARTESIAN_POINT('',(-1.33333257337411,6.49999979883432,2.));
#14440=CARTESIAN_POINT('',(-7.50000011175871,6.49999979883432,1.5));
#14441=CARTESIAN_POINT('Origin',(-1.83333300923308,7.00000029057264,2.));
#14442=CARTESIAN_POINT('',(-1.83333300923308,7.00000029057264,1.5));
#14443=CARTESIAN_POINT('',(-1.83333300923308,7.00000029057264,2.));
#14444=CARTESIAN_POINT('',(-0.999999681487619,6.16666686969502,1.5));
#14445=CARTESIAN_POINT('Origin',(-2.33333355685075,6.49999979883432,2.));
#14446=CARTESIAN_POINT('',(-2.33333355685075,6.49999979883432,1.5));
#14447=CARTESIAN_POINT('',(-2.33333355685075,6.49999979883432,2.));
#14448=CARTESIAN_POINT('',(-2.00000010617083,6.83333321226137,1.5));
#14449=CARTESIAN_POINT('Origin',(-15.0000002235174,6.49999979883432,2.));
#14450=CARTESIAN_POINT('',(-4.49999924004077,6.49999979883432,1.5));
#14451=CARTESIAN_POINT('',(-4.49999924004077,6.49999979883432,2.));
#14452=CARTESIAN_POINT('',(-7.50000011175871,6.49999979883432,1.5));
#14453=CARTESIAN_POINT('Origin',(-4.99999967589974,7.00000029057264,2.));
#14454=CARTESIAN_POINT('',(-4.99999967589974,7.00000029057264,1.5));
#14455=CARTESIAN_POINT('',(-4.99999967589974,7.00000029057264,2.));
#14456=CARTESIAN_POINT('',(-3.37499976996317,5.37500020302836,1.5));
#14457=CARTESIAN_POINT('Origin',(-5.50000022351742,6.49999979883432,2.));
#14458=CARTESIAN_POINT('',(-5.50000022351742,6.49999979883432,1.5));
#14459=CARTESIAN_POINT('',(-5.50000022351742,6.49999979883432,2.));
#14460=CARTESIAN_POINT('',(-4.37500001769528,7.62499987892803,1.5));
#14461=CARTESIAN_POINT('Origin',(-15.0000002235174,6.49999979883432,2.));
#14462=CARTESIAN_POINT('',(-7.66666590670744,6.49999979883432,1.5));
#14463=CARTESIAN_POINT('',(-7.66666590670744,6.49999979883432,2.));
#14464=CARTESIAN_POINT('',(-7.50000011175871,6.49999979883432,1.5));
#14465=CARTESIAN_POINT('Origin',(-8.16666634256641,7.00000029057264,2.));
#14466=CARTESIAN_POINT('',(-8.16666634256641,7.00000029057264,1.5));
#14467=CARTESIAN_POINT('',(-8.16666634256641,7.00000029057264,2.));
#14468=CARTESIAN_POINT('',(-5.74999985843872,4.5833335363617,1.5));
#14469=CARTESIAN_POINT('Origin',(-8.66666689018409,6.49999979883432,2.));
#14470=CARTESIAN_POINT('',(-8.66666689018409,6.49999979883432,1.5));
#14471=CARTESIAN_POINT('',(-8.66666689018409,6.49999979883432,2.));
#14472=CARTESIAN_POINT('',(-6.74999992921973,8.41666654559469,1.5));
#14473=CARTESIAN_POINT('Origin',(-15.0000002235174,6.49999979883432,2.));
#14474=CARTESIAN_POINT('',(-10.8333325733741,6.49999979883432,1.5));
#14475=CARTESIAN_POINT('',(-10.8333325733741,6.49999979883432,2.));
#14476=CARTESIAN_POINT('',(-7.50000011175871,6.49999979883432,1.5));
#14477=CARTESIAN_POINT('Origin',(-11.3333330092331,7.00000029057264,2.));
#14478=CARTESIAN_POINT('',(-11.3333330092331,7.00000029057264,1.5));
#14479=CARTESIAN_POINT('',(-11.3333330092331,7.00000029057264,2.));
#14480=CARTESIAN_POINT('',(-8.12499994691427,3.79166686969503,1.5));
#14481=CARTESIAN_POINT('Origin',(-11.8333335568508,6.49999979883432,2.));
#14482=CARTESIAN_POINT('',(-11.8333335568508,6.49999979883432,1.5));
#14483=CARTESIAN_POINT('',(-11.8333335568508,6.49999979883432,2.));
#14484=CARTESIAN_POINT('',(-9.12499984074417,9.20833321226135,1.5));
#14485=CARTESIAN_POINT('Origin',(-15.0000002235174,6.49999979883432,2.));
#14486=CARTESIAN_POINT('',(-13.9999992400408,6.49999979883432,1.5));
#14487=CARTESIAN_POINT('',(-13.9999992400408,6.49999979883432,2.));
#14488=CARTESIAN_POINT('',(-7.50000011175871,6.49999979883432,1.5));
#14489=CARTESIAN_POINT('Origin',(-14.4999996758997,7.00000029057264,2.));
#14490=CARTESIAN_POINT('',(-14.4999996758997,7.00000029057264,1.5));
#14491=CARTESIAN_POINT('',(-14.4999996758997,7.00000029057264,2.));
#14492=CARTESIAN_POINT('',(-10.5000000353898,3.00000020302837,1.5));
#14493=CARTESIAN_POINT('Origin',(-15.0000002235174,6.49999979883432,2.));
#14494=CARTESIAN_POINT('',(-15.0000002235174,6.49999979883432,1.5));
#14495=CARTESIAN_POINT('',(-15.0000002235174,6.49999979883432,2.));
#14496=CARTESIAN_POINT('',(-11.4999997522686,9.99999987892801,1.5));
#14497=CARTESIAN_POINT('Origin',(-15.0000002235174,7.49999981373549,2.));
#14498=CARTESIAN_POINT('',(-15.0000002235174,8.49999982863665,1.5));
#14499=CARTESIAN_POINT('',(-15.0000002235174,8.49999982863665,2.));
#14500=CARTESIAN_POINT('Origin',(-15.0000002235174,7.49999981373549,1.5));
#14501=CARTESIAN_POINT('Origin',(15.0000002235174,8.49999982863665,2.));
#14502=CARTESIAN_POINT('',(-14.4999992474914,8.49999982863665,1.5));
#14503=CARTESIAN_POINT('',(-14.4999992474914,8.49999982863665,2.));
#14504=CARTESIAN_POINT('',(7.50000011175871,8.49999982863665,1.5));
#14505=CARTESIAN_POINT('Origin',(0.,5.49999978393316,0.));
#14506=CARTESIAN_POINT('',(15.0000002235174,0.999999783933161,0.));
#14507=CARTESIAN_POINT('',(15.0000002235174,9.99999978393316,0.));
#14508=CARTESIAN_POINT('Origin',(15.0000002235174,5.49999978393316,0.));
#14509=CARTESIAN_POINT('',(-15.0000002235174,0.999999783933161,0.));
#14510=CARTESIAN_POINT('',(7.50000011175871,0.999999783933161,0.));
#14511=CARTESIAN_POINT('',(-15.0000002235174,9.99999978393316,0.));
#14512=CARTESIAN_POINT('Origin',(-15.0000002235174,5.49999978393316,0.));
#14513=CARTESIAN_POINT('',(-7.50000011175871,9.99999978393316,0.));
#14514=CARTESIAN_POINT('',(-15.0000002235174,1.99999973922968,0.));
#14515=CARTESIAN_POINT('',(-14.776087243478,4.98319327558155,0.));
#14516=CARTESIAN_POINT('Origin',(-15.0000002235174,3.49999975413084,0.));
#14517=CARTESIAN_POINT('',(-14.2928932138482,1.99999973922968,0.));
#14518=CARTESIAN_POINT('',(-7.50000011175871,1.99999973922968,0.));
#14519=CARTESIAN_POINT('',(-14.0000005972822,2.29289302137353,0.));
#14520=CARTESIAN_POINT('',(-9.77145435397547,6.52144887375464,0.));
#14521=CARTESIAN_POINT('',(-13.707106649559,1.99999973922968,0.));
#14522=CARTESIAN_POINT('',(-11.4785460812566,-0.228555764836793,0.));
#14523=CARTESIAN_POINT('',(-11.1262265471815,1.99999973922968,0.));
#14524=CARTESIAN_POINT('',(-7.50000011175871,1.99999973922968,0.));
#14525=CARTESIAN_POINT('',(-10.8333339306156,2.29289302137352,0.));
#14526=CARTESIAN_POINT('',(-7.39645255497061,5.72978220709002,0.));
#14527=CARTESIAN_POINT('',(-10.5404399828923,1.99999973922968,0.));
#14528=CARTESIAN_POINT('',(-9.1035478802615,0.56311090182783,0.));
#14529=CARTESIAN_POINT('',(-7.95955988051485,1.99999973922968,0.));
#14530=CARTESIAN_POINT('',(-7.50000011175871,1.99999973922968,0.));
#14531=CARTESIAN_POINT('',(-7.6666672639489,2.29289302137353,0.));
#14532=CARTESIAN_POINT('',(-5.02145075596576,4.9381155404254,0.));
#14533=CARTESIAN_POINT('',(-7.37377331622564,1.99999973922968,0.));
#14534=CARTESIAN_POINT('',(-6.72854967926635,1.35477756849245,0.));
#14535=CARTESIAN_POINT('',(-4.79289321384818,1.99999973922968,0.));
#14536=CARTESIAN_POINT('',(-7.50000011175871,1.99999973922968,0.));
#14537=CARTESIAN_POINT('',(-4.50000059728224,2.29289302137353,0.));
#14538=CARTESIAN_POINT('',(-2.64644895696091,4.14644887376078,0.));
#14539=CARTESIAN_POINT('',(-4.20710664955898,1.99999973922968,0.));
#14540=CARTESIAN_POINT('',(-4.3535514782712,2.14644423515708,0.));
#14541=CARTESIAN_POINT('',(-1.62622654718152,1.99999973922968,0.));
#14542=CARTESIAN_POINT('',(-7.50000011175871,1.99999973922968,0.));
#14543=CARTESIAN_POINT('',(-1.33333393061557,2.29289302137353,0.));
#14544=CARTESIAN_POINT('',(-0.271447157956052,3.35478220709615,0.));
#14545=CARTESIAN_POINT('',(-1.04043998289231,1.99999973922968,0.));
#14546=CARTESIAN_POINT('',(-1.97855327727606,2.9381109018217,0.));
#14547=CARTESIAN_POINT('',(1.54044011948515,1.99999973922968,0.));
#14548=CARTESIAN_POINT('',(-7.50000011175871,1.99999973922968,0.));
#14549=CARTESIAN_POINT('',(1.8333327360511,2.29289302137353,0.));
#14550=CARTESIAN_POINT('',(2.1035546410488,2.56311554043153,0.));
#14551=CARTESIAN_POINT('',(2.12622668377435,1.99999973922968,0.));
#14552=CARTESIAN_POINT('',(0.39644492371909,3.72977756848632,0.));
#14553=CARTESIAN_POINT('',(4.70710678615182,1.99999973922968,0.));
#14554=CARTESIAN_POINT('',(-7.50000011175871,1.99999973922968,0.));
#14555=CARTESIAN_POINT('',(4.99999940271776,2.29289302137353,0.));
#14556=CARTESIAN_POINT('',(4.47855644005365,1.77144887376691,0.));
#14557=CARTESIAN_POINT('',(5.29289335044102,1.99999973922968,0.));
#14558=CARTESIAN_POINT('',(2.77144312471424,4.52144423515094,0.));
#14559=CARTESIAN_POINT('',(7.87377345281849,1.99999973922968,0.));
#14560=CARTESIAN_POINT('',(-7.50000011175871,1.99999973922968,0.));
#14561=CARTESIAN_POINT('',(8.16666606938443,2.29289302137353,0.));
#14562=CARTESIAN_POINT('',(6.85355823905851,0.979782207102282,0.));
#14563=CARTESIAN_POINT('',(8.45956001710769,1.99999973922968,0.));
#14564=CARTESIAN_POINT('',(5.14644132570938,5.31311090181557,0.));
#14565=CARTESIAN_POINT('',(11.0404401194851,1.99999973922968,0.));
#14566=CARTESIAN_POINT('',(-7.50000011175871,1.99999973922968,0.));
#14567=CARTESIAN_POINT('',(11.3333327360511,2.29289302137353,0.));
#14568=CARTESIAN_POINT('',(9.22856003806336,0.188115540437663,0.));
#14569=CARTESIAN_POINT('',(11.6262266837744,1.99999973922968,0.));
#14570=CARTESIAN_POINT('',(7.52143952670453,6.10477756848019,0.));
#14571=CARTESIAN_POINT('',(14.2071067861518,1.99999973922968,0.));
#14572=CARTESIAN_POINT('',(-7.50000011175871,1.99999973922968,0.));
#14573=CARTESIAN_POINT('',(14.4999994027178,2.29289302137353,0.));
#14574=CARTESIAN_POINT('',(11.6035618370682,-0.60355112622696,0.));
#14575=CARTESIAN_POINT('',(14.7760867432864,2.01680630819254,0.));
#14576=CARTESIAN_POINT('',(9.89643772769967,6.89644423514481,0.));
#14577=CARTESIAN_POINT('',(15.0000002235174,4.999999769032,0.));
#14578=CARTESIAN_POINT('Origin',(15.0000002235174,3.49999975413084,0.));
#14579=CARTESIAN_POINT('',(14.2928914853175,4.999999769032,0.));
#14580=CARTESIAN_POINT('',(7.50000011175871,4.999999769032,0.));
#14581=CARTESIAN_POINT('',(13.9999995206759,4.70710713881396,0.));
#14582=CARTESIAN_POINT('',(10.7714533984372,1.47855367993098,0.));
#14583=CARTESIAN_POINT('',(13.7071062248799,4.999999769032,0.));
#14584=CARTESIAN_POINT('',(10.4785454218854,8.22855323536557,0.));
#14585=CARTESIAN_POINT('',(11.1262248186509,4.999999769032,0.));
#14586=CARTESIAN_POINT('',(7.50000011175871,4.999999769032,0.));
#14587=CARTESIAN_POINT('',(10.8333328540093,4.70710713881396,0.));
#14588=CARTESIAN_POINT('',(8.39645159943238,2.2702203465956,0.));
#14589=CARTESIAN_POINT('',(10.5404395582133,4.999999769032,0.));
#14590=CARTESIAN_POINT('',(8.10354722089027,7.43688656870094,0.));
#14591=CARTESIAN_POINT('',(7.95955815198421,4.999999769032,0.));
#14592=CARTESIAN_POINT('',(7.50000011175871,4.999999769032,0.));
#14593=CARTESIAN_POINT('',(7.66666618734259,4.70710713881396,0.));
#14594=CARTESIAN_POINT('',(6.02144980042753,3.06188701326022,0.));
#14595=CARTESIAN_POINT('',(7.37377289154662,4.999999769032,0.));
#14596=CARTESIAN_POINT('',(5.72854901989512,6.64521990203632,0.));
#14597=CARTESIAN_POINT('',(4.79289148531755,4.999999769032,0.));
#14598=CARTESIAN_POINT('',(7.50000011175871,4.999999769032,0.));
#14599=CARTESIAN_POINT('',(4.49999952067592,4.70710713881396,0.));
#14600=CARTESIAN_POINT('',(3.64644800142268,3.85355367992484,0.));
#14601=CARTESIAN_POINT('',(4.20710622487995,4.999999769032,0.));
#14602=CARTESIAN_POINT('',(3.35355081889996,5.8535532353717,0.));
#14603=CARTESIAN_POINT('',(1.62622481865088,4.999999769032,0.));
#14604=CARTESIAN_POINT('',(7.50000011175871,4.999999769032,0.));
#14605=CARTESIAN_POINT('',(1.33333285400926,4.70710713881396,0.));
#14606=CARTESIAN_POINT('',(1.27144620241783,4.64522034658946,0.));
#14607=CARTESIAN_POINT('',(1.04043955821329,4.999999769032,0.));
#14608=CARTESIAN_POINT('',(0.978552617904806,5.06188656870708,0.));
#14609=CARTESIAN_POINT('',(-1.54044184801579,4.999999769032,0.));
#14610=CARTESIAN_POINT('',(7.50000011175871,4.999999769032,0.));
#14611=CARTESIAN_POINT('',(-1.83333381265741,4.70710713881396,0.));
#14612=CARTESIAN_POINT('',(-1.10355559658702,5.43688701325409,0.));
#14613=CARTESIAN_POINT('',(-2.12622710845338,4.999999769032,0.));
#14614=CARTESIAN_POINT('',(-1.39644558309035,4.27021990204246,0.));
#14615=CARTESIAN_POINT('',(-4.70710851468245,4.999999769032,0.));
#14616=CARTESIAN_POINT('',(7.50000011175871,4.999999769032,0.));
#14617=CARTESIAN_POINT('',(-5.00000047932408,4.70710713881396,0.));
#14618=CARTESIAN_POINT('',(-3.47855739559187,6.22855367991871,0.));
#14619=CARTESIAN_POINT('',(-5.29289377512005,4.999999769032,0.));
#14620=CARTESIAN_POINT('',(-3.7714437840855,3.47855323537783,0.));
#14621=CARTESIAN_POINT('',(-7.87377518134912,4.999999769032,0.));
#14622=CARTESIAN_POINT('',(7.50000011175871,4.999999769032,0.));
#14623=CARTESIAN_POINT('',(-8.16666714599074,4.70710713881396,0.));
#14624=CARTESIAN_POINT('',(-5.85355919459672,7.02022034658333,0.));
#14625=CARTESIAN_POINT('',(-8.45956044178671,4.999999769032,0.));
#14626=CARTESIAN_POINT('',(-6.14644198508065,2.68688656871321,0.));
#14627=CARTESIAN_POINT('',(-11.0404418480158,4.999999769032,0.));
#14628=CARTESIAN_POINT('',(7.50000011175871,4.999999769032,0.));
#14629=CARTESIAN_POINT('',(-11.3333338126574,4.70710713881396,0.));
#14630=CARTESIAN_POINT('',(-8.22856099360157,7.81188701324796,0.));
#14631=CARTESIAN_POINT('',(-11.6262271084534,4.999999769032,0.));
#14632=CARTESIAN_POINT('',(-8.52144018607581,1.89521990204859,0.));
#14633=CARTESIAN_POINT('',(-14.2071085146824,4.999999769032,0.));
#14634=CARTESIAN_POINT('',(7.50000011175871,4.999999769032,0.));
#14635=CARTESIAN_POINT('',(-14.5000004793241,4.70710713881396,0.));
#14636=CARTESIAN_POINT('',(-10.6035627926064,8.60355367991258,0.));
#14637=CARTESIAN_POINT('',(-10.896438387071,1.10355323538396,0.));
#14638=CARTESIAN_POINT('Origin',(-3.47855739559187,6.22855367991871,0.5));
#14639=CARTESIAN_POINT('',(-4.50000140070657,4.499999769032,0.5));
#14640=CARTESIAN_POINT('Origin',(-4.70710851468245,4.999999769032,0.5));
#14641=CARTESIAN_POINT('',(-4.99999967589974,4.00000035762787,0.5));
#14642=CARTESIAN_POINT('',(-3.12500360328666,5.87500069103783,0.5));
#14643=CARTESIAN_POINT('Origin',(-5.00000047932408,4.70710713881396,0.5));
#14644=CARTESIAN_POINT('Origin',(7.50000011175871,4.999999769032,0.5));
#14645=CARTESIAN_POINT('',(-2.33333355685075,4.499999769032,0.5));
#14646=CARTESIAN_POINT('Origin',(-2.12622710845338,4.999999769032,0.5));
#14647=CARTESIAN_POINT('',(7.50000011175871,4.499999769032,0.5));
#14648=CARTESIAN_POINT('Origin',(-1.39644558309035,4.27021990204246,0.5));
#14649=CARTESIAN_POINT('',(-1.83333300923308,4.00000035762787,0.5));
#14650=CARTESIAN_POINT('Origin',(-1.83333381265741,4.70710713881396,0.5));
#14651=CARTESIAN_POINT('',(-1.74999857197123,3.91666610973724,0.5));
#14652=CARTESIAN_POINT('Origin',(-1.10355559658702,5.43688701325409,0.5));
#14653=CARTESIAN_POINT('',(-1.33333473403991,4.499999769032,0.5));
#14654=CARTESIAN_POINT('Origin',(-1.54044184801579,4.999999769032,0.5));
#14655=CARTESIAN_POINT('',(-0.750001804281808,5.08333402437321,0.5));
#14656=CARTESIAN_POINT('Origin',(7.50000011175871,4.999999769032,0.5));
#14657=CARTESIAN_POINT('',(0.833333109815912,4.499999769032,0.5));
#14658=CARTESIAN_POINT('Origin',(1.04043955821329,4.999999769032,0.5));
#14659=CARTESIAN_POINT('',(7.50000011175871,4.499999769032,0.5));
#14660=CARTESIAN_POINT('Origin',(0.978552617904806,5.06188656870708,0.5));
#14661=CARTESIAN_POINT('',(1.33333365743359,4.00000035762787,0.5));
#14662=CARTESIAN_POINT('Origin',(1.33333285400926,4.70710713881396,0.5));
#14663=CARTESIAN_POINT('',(0.624999629023927,4.70833277640186,0.5));
#14664=CARTESIAN_POINT('Origin',(1.27144620241783,4.64522034658946,0.5));
#14665=CARTESIAN_POINT('',(1.83333193262676,4.499999769032,0.5));
#14666=CARTESIAN_POINT('Origin',(1.62622481865088,4.999999769032,0.5));
#14667=CARTESIAN_POINT('',(1.62499999472304,4.29166735770859,0.5));
#14668=CARTESIAN_POINT('Origin',(7.50000011175871,4.999999769032,0.5));
#14669=CARTESIAN_POINT('',(3.99999977648258,4.499999769032,0.5));
#14670=CARTESIAN_POINT('Origin',(4.20710622487995,4.999999769032,0.5));
#14671=CARTESIAN_POINT('',(7.50000011175871,4.499999769032,0.5));
#14672=CARTESIAN_POINT('Origin',(3.35355081889996,5.8535532353717,0.5));
#14673=CARTESIAN_POINT('',(4.50000032410026,4.00000035762787,0.5));
#14674=CARTESIAN_POINT('Origin',(4.49999952067592,4.70710713881396,0.5));
#14675=CARTESIAN_POINT('',(2.99999783001908,5.49999944306649,0.5));
#14676=CARTESIAN_POINT('Origin',(3.64644800142268,3.85355367992484,0.5));
#14677=CARTESIAN_POINT('',(4.99999859929343,4.499999769032,0.5));
#14678=CARTESIAN_POINT('Origin',(4.79289148531755,4.999999769032,0.5));
#14679=CARTESIAN_POINT('',(4.00000179372789,3.50000069104397,0.5));
#14680=CARTESIAN_POINT('Origin',(7.50000011175871,4.999999769032,0.5));
#14681=CARTESIAN_POINT('',(7.16666644314925,4.499999769032,0.5));
#14682=CARTESIAN_POINT('Origin',(7.37377289154662,4.999999769032,0.5));
#14683=CARTESIAN_POINT('',(7.50000011175871,4.499999769032,0.5));
#14684=CARTESIAN_POINT('Origin',(5.72854901989512,6.64521990203632,0.5));
#14685=CARTESIAN_POINT('',(7.66666699076692,4.00000035762787,0.5));
#14686=CARTESIAN_POINT('Origin',(7.66666618734259,4.70710713881396,0.5));
#14687=CARTESIAN_POINT('',(5.37499603101424,6.29166610973111,0.5));
#14688=CARTESIAN_POINT('Origin',(6.02144980042753,3.06188701326022,0.5));
#14689=CARTESIAN_POINT('',(8.16666526596009,4.499999769032,0.5));
#14690=CARTESIAN_POINT('Origin',(7.95955815198421,4.999999769032,0.5));
#14691=CARTESIAN_POINT('',(6.37500359273274,2.70833402437934,0.5));
#14692=CARTESIAN_POINT('Origin',(7.50000011175871,4.999999769032,0.5));
#14693=CARTESIAN_POINT('',(10.3333331098159,4.499999769032,0.5));
#14694=CARTESIAN_POINT('Origin',(10.5404395582133,4.999999769032,0.5));
#14695=CARTESIAN_POINT('',(7.50000011175871,4.499999769032,0.5));
#14696=CARTESIAN_POINT('Origin',(8.10354722089027,7.43688656870094,0.5));
#14697=CARTESIAN_POINT('',(10.8333336574336,4.00000035762787,0.5));
#14698=CARTESIAN_POINT('Origin',(10.8333328540093,4.70710713881396,0.5));
#14699=CARTESIAN_POINT('',(7.74999423200939,7.08333277639573,0.5));
#14700=CARTESIAN_POINT('Origin',(8.39645159943238,2.2702203465956,0.5));
#14701=CARTESIAN_POINT('',(11.3333319326268,4.499999769032,0.5));
#14702=CARTESIAN_POINT('Origin',(11.1262248186509,4.999999769032,0.5));
#14703=CARTESIAN_POINT('',(8.75000539173759,1.91666735771472,0.5));
#14704=CARTESIAN_POINT('Origin',(7.50000011175871,4.999999769032,0.5));
#14705=CARTESIAN_POINT('',(13.4999997764826,4.499999769032,0.5));
#14706=CARTESIAN_POINT('Origin',(13.7071062248799,4.999999769032,0.5));
#14707=CARTESIAN_POINT('',(7.50000011175871,4.499999769032,0.5));
#14708=CARTESIAN_POINT('Origin',(10.4785454218854,8.22855323536557,0.5));
#14709=CARTESIAN_POINT('',(14.0000003241003,4.00000035762787,0.5));
#14710=CARTESIAN_POINT('Origin',(13.9999995206759,4.70710713881396,0.5));
#14711=CARTESIAN_POINT('',(10.1249924330045,7.87499944306035,0.5));
#14712=CARTESIAN_POINT('Origin',(10.7714533984372,1.47855367993098,0.5));
#14713=CARTESIAN_POINT('',(14.4999985992934,4.499999769032,0.5));
#14714=CARTESIAN_POINT('Origin',(14.2928914853175,4.999999769032,0.5));
#14715=CARTESIAN_POINT('',(11.1250071907424,1.1250006910501,0.5));
#14716=CARTESIAN_POINT('Origin',(15.0000002235174,3.49999975413084,0.5));
#14717=CARTESIAN_POINT('',(15.0000002235174,2.49999973922968,0.5));
#14718=CARTESIAN_POINT('',(15.0000002235174,4.499999769032,0.5));
#14719=CARTESIAN_POINT('Origin',(15.0000002235174,3.49999975413084,0.5));
#14720=CARTESIAN_POINT('Origin',(15.0000002235174,4.999999769032,0.5));
#14721=CARTESIAN_POINT('Ctrl Pts',(14.7760867432864,2.01680630819254,-1.38777878078145E-16));
#14722=CARTESIAN_POINT('Ctrl Pts',(14.7766224038014,2.01786708338053,-1.35087171370151E-16));
#14723=CARTESIAN_POINT('Ctrl Pts',(14.7771578663553,2.01892795599694,3.82291315873652E-6));
#14724=CARTESIAN_POINT('Ctrl Pts',(14.7948183773438,2.05393363799061,0.000256046132810064));
#14725=CARTESIAN_POINT('Ctrl Pts',(14.811695956878,2.08789614618956,0.00441192575719383));
#14726=CARTESIAN_POINT('Ctrl Pts',(14.8443250616535,2.15463287557986,0.0203499873704331));
#14727=CARTESIAN_POINT('Ctrl Pts',(14.8600211942797,2.18729290735171,0.0320915362087142));
#14728=CARTESIAN_POINT('Ctrl Pts',(14.9015202985632,2.27512757861492,0.075049542810957));
#14729=CARTESIAN_POINT('Ctrl Pts',(14.9251220674836,2.32695160147427,0.114081759646377));
#14730=CARTESIAN_POINT('Ctrl Pts',(14.9623615331296,2.41095671673298,0.207955706755744));
#14731=CARTESIAN_POINT('Ctrl Pts',(14.9763605948939,2.44369631080792,0.260767978130645));
#14732=CARTESIAN_POINT('Ctrl Pts',(14.9949411859657,2.48769992474756,0.374707875109843));
#14733=CARTESIAN_POINT('Ctrl Pts',(14.9997142173936,2.49931029571461,0.434126601530964));
#14734=CARTESIAN_POINT('Ctrl Pts',(14.9999956875403,2.49998981358147,0.496361361395385));
#14735=CARTESIAN_POINT('Ctrl Pts',(14.9999997988383,2.49999973922982,0.498181057724886));
#14736=CARTESIAN_POINT('Ctrl Pts',(14.9999997988383,2.49999973922977,0.500000000013524));
#14737=CARTESIAN_POINT('Origin',(9.89643772769967,6.89644423514481,0.5));
#14738=CARTESIAN_POINT('',(14.4999985992934,2.99999980255961,0.5));
#14739=CARTESIAN_POINT('Origin',(14.4999994027178,2.29289302137353,0.5));
#14740=CARTESIAN_POINT('',(10.2499907165805,7.24999802745002,0.5));
#14741=CARTESIAN_POINT('Origin',(11.6035618370682,-0.60355112622696,0.5));
#14742=CARTESIAN_POINT('',(13.9999996721759,2.49999973922968,0.5));
#14743=CARTESIAN_POINT('Origin',(14.2071067861518,1.99999973922968,0.5));
#14744=CARTESIAN_POINT('',(11.250008044763,-0.249998137346084,0.5));
#14745=CARTESIAN_POINT('Origin',(-7.50000011175871,1.99999973922968,0.5));
#14746=CARTESIAN_POINT('',(11.8333331321717,2.49999973922968,0.5));
#14747=CARTESIAN_POINT('Origin',(11.6262266837744,1.99999973922968,0.5));
#14748=CARTESIAN_POINT('',(-7.50000011175871,2.49999973922968,0.5));
#14749=CARTESIAN_POINT('Origin',(7.52143952670453,6.10477756848019,0.5));
#14750=CARTESIAN_POINT('',(11.3333319326268,2.99999980255961,0.5));
#14751=CARTESIAN_POINT('Origin',(11.3333327360511,2.29289302137353,0.5));
#14752=CARTESIAN_POINT('',(7.87499251558541,6.4583313607854,0.5));
#14753=CARTESIAN_POINT('Origin',(9.22856003806336,0.188115540437663,0.5));
#14754=CARTESIAN_POINT('',(10.8333330055093,2.49999973922968,0.5));
#14755=CARTESIAN_POINT('Origin',(11.0404401194851,1.99999973922968,0.5));
#14756=CARTESIAN_POINT('',(8.87500624575815,0.54166852931854,0.5));
#14757=CARTESIAN_POINT('Origin',(-7.50000011175871,1.99999973922968,0.5));
#14758=CARTESIAN_POINT('',(8.66666646550506,2.49999973922968,0.5));
#14759=CARTESIAN_POINT('Origin',(8.45956001710769,1.99999973922968,0.5));
#14760=CARTESIAN_POINT('',(-7.50000011175871,2.49999973922968,0.5));
#14761=CARTESIAN_POINT('Origin',(5.14644132570938,5.31311090181557,0.5));
#14762=CARTESIAN_POINT('',(8.16666526596009,2.99999980255961,0.5));
#14763=CARTESIAN_POINT('Origin',(8.16666606938443,2.29289302137353,0.5));
#14764=CARTESIAN_POINT('',(5.49999431459026,5.66666469412078,0.5));
#14765=CARTESIAN_POINT('Origin',(6.85355823905851,0.979782207102282,0.5));
#14766=CARTESIAN_POINT('',(7.66666633884261,2.49999973922968,0.5));
#14767=CARTESIAN_POINT('Origin',(7.87377345281849,1.99999973922968,0.5));
#14768=CARTESIAN_POINT('',(6.5000044467533,1.33333519598316,0.5));
#14769=CARTESIAN_POINT('Origin',(-7.50000011175871,1.99999973922968,0.5));
#14770=CARTESIAN_POINT('',(5.49999979883839,2.49999973922968,0.5));
#14771=CARTESIAN_POINT('Origin',(5.29289335044103,1.99999973922968,0.5));
#14772=CARTESIAN_POINT('',(-7.50000011175871,2.49999973922968,0.5));
#14773=CARTESIAN_POINT('Origin',(2.77144312471424,4.52144423515094,0.5));
#14774=CARTESIAN_POINT('',(4.99999859929343,2.99999980255961,0.5));
#14775=CARTESIAN_POINT('Origin',(4.99999940271776,2.29289302137353,0.5));
#14776=CARTESIAN_POINT('',(3.12499611359511,4.87499802745615,0.5));
#14777=CARTESIAN_POINT('Origin',(4.47855644005365,1.77144887376691,0.5));
#14778=CARTESIAN_POINT('',(4.49999967217594,2.49999973922968,0.5));
#14779=CARTESIAN_POINT('Origin',(4.70710678615182,1.99999973922968,0.5));
#14780=CARTESIAN_POINT('',(4.12500264774844,2.12500186264779,0.5));
#14781=CARTESIAN_POINT('Origin',(-7.50000011175871,1.99999973922968,0.5));
#14782=CARTESIAN_POINT('',(2.33333313217173,2.49999973922968,0.5));
#14783=CARTESIAN_POINT('',(-7.50000011175871,2.49999973922968,0.5));
#14784=CARTESIAN_POINT('Origin',(2.12622668377435,1.99999973922968,0.5));
#14785=CARTESIAN_POINT('Origin',(0.39644492371909,3.72977756848632,0.5));
#14786=CARTESIAN_POINT('',(1.83333193262676,2.99999980255961,0.5));
#14787=CARTESIAN_POINT('',(0.749997912599967,4.08333136079153,0.5));
#14788=CARTESIAN_POINT('Origin',(1.8333327360511,2.29289302137353,0.5));
#14789=CARTESIAN_POINT('Origin',(2.1035546410488,2.56311554043153,0.5));
#14790=CARTESIAN_POINT('',(1.33333300550927,2.49999973922968,0.5));
#14791=CARTESIAN_POINT('',(1.75000084874359,2.91666852931241,0.5));
#14792=CARTESIAN_POINT('Origin',(1.54044011948515,1.99999973922968,0.5));
#14793=CARTESIAN_POINT('Origin',(-7.50000011175871,1.99999973922968,0.5));
#14794=CARTESIAN_POINT('',(-0.833333534494941,2.49999973922968,0.5));
#14795=CARTESIAN_POINT('',(-7.50000011175871,2.49999973922968,0.5));
#14796=CARTESIAN_POINT('Origin',(-1.04043998289231,1.99999973922968,0.5));
#14797=CARTESIAN_POINT('Origin',(-1.97855327727606,2.9381109018217,0.5));
#14798=CARTESIAN_POINT('',(-1.33333473403991,2.99999980255961,0.5));
#14799=CARTESIAN_POINT('',(-1.62500028839518,3.29166469412691,0.5));
#14800=CARTESIAN_POINT('Origin',(-1.33333393061557,2.29289302137353,0.5));
#14801=CARTESIAN_POINT('Origin',(-0.271447157956052,3.35478220709615,0.5));
#14802=CARTESIAN_POINT('',(-1.8333336611574,2.49999973922968,0.5));
#14803=CARTESIAN_POINT('',(-0.625000950261266,3.70833519597703,0.5));
#14804=CARTESIAN_POINT('Origin',(-1.62622654718152,1.99999973922968,0.5));
#14805=CARTESIAN_POINT('Origin',(-7.50000011175871,1.99999973922968,0.5));
#14806=CARTESIAN_POINT('',(-4.00000020116161,2.49999973922968,0.5));
#14807=CARTESIAN_POINT('',(-7.50000011175871,2.49999973922968,0.5));
#14808=CARTESIAN_POINT('Origin',(-4.20710664955898,1.99999973922968,0.5));
#14809=CARTESIAN_POINT('Origin',(-4.3535514782712,2.14644423515708,0.5));
#14810=CARTESIAN_POINT('',(-4.50000140070657,2.99999980255961,0.5));
#14811=CARTESIAN_POINT('',(-3.99999848939033,2.49999802746228,0.5));
#14812=CARTESIAN_POINT('Origin',(-4.50000059728224,2.29289302137353,0.5));
#14813=CARTESIAN_POINT('Origin',(-2.64644895696091,4.14644887376078,0.5));
#14814=CARTESIAN_POINT('',(-5.00000032782406,2.49999973922968,0.5));
#14815=CARTESIAN_POINT('',(-3.00000274926612,4.50000186264165,0.5));
#14816=CARTESIAN_POINT('Origin',(-4.79289321384818,1.99999973922968,0.5));
#14817=CARTESIAN_POINT('Origin',(-7.50000011175871,1.99999973922968,0.5));
#14818=CARTESIAN_POINT('',(-7.16666686782827,2.49999973922968,0.5));
#14819=CARTESIAN_POINT('',(-7.50000011175871,2.49999973922968,0.5));
#14820=CARTESIAN_POINT('Origin',(-7.37377331622564,1.99999973922968,0.5));
#14821=CARTESIAN_POINT('Origin',(-6.72854967926635,1.35477756849245,0.5));
#14822=CARTESIAN_POINT('',(-7.66666806737324,2.99999980255961,0.5));
#14823=CARTESIAN_POINT('',(-6.37499669038547,1.70833136079766,0.5));
#14824=CARTESIAN_POINT('Origin',(-7.6666672639489,2.29289302137353,0.5));
#14825=CARTESIAN_POINT('Origin',(7.50000011175871,4.999999769032,0.5));
#14826=CARTESIAN_POINT('',(7.50000011175871,4.499999769032,0.5));
#14827=CARTESIAN_POINT('Origin',(-5.02145075596576,4.9381155404254,0.5));
#14828=CARTESIAN_POINT('',(-8.16666699449073,2.49999973922968,0.5));
#14829=CARTESIAN_POINT('',(-5.37500454827097,5.29166852930627,0.5));
#14830=CARTESIAN_POINT('Origin',(-7.95955988051485,1.99999973922968,0.5));
#14831=CARTESIAN_POINT('Origin',(-7.50000011175871,1.99999973922968,0.5));
#14832=CARTESIAN_POINT('',(-10.3333335344949,2.49999973922968,0.5));
#14833=CARTESIAN_POINT('',(-7.50000011175871,2.49999973922968,0.5));
#14834=CARTESIAN_POINT('Origin',(-10.5404399828923,1.99999973922968,0.5));
#14835=CARTESIAN_POINT('Origin',(-9.1035478802615,0.56311090182783,0.5));
#14836=CARTESIAN_POINT('',(-10.8333347340399,2.99999980255961,0.5));
#14837=CARTESIAN_POINT('',(-8.74999489138062,0.916664694133043,0.5));
#14838=CARTESIAN_POINT('Origin',(-10.8333339306156,2.29289302137352,0.5));
#14839=CARTESIAN_POINT('Origin',(-7.39645255497061,5.72978220709002,0.5));
#14840=CARTESIAN_POINT('',(-11.3333336611574,2.49999973922968,0.5));
#14841=CARTESIAN_POINT('',(-7.75000634727583,6.0833351959709,0.5));
#14842=CARTESIAN_POINT('Origin',(-11.1262265471815,1.99999973922968,0.5));
#14843=CARTESIAN_POINT('Origin',(-7.50000011175871,1.99999973922968,0.5));
#14844=CARTESIAN_POINT('',(-13.5000002011616,2.49999973922968,0.5));
#14845=CARTESIAN_POINT('',(-7.50000011175871,2.49999973922968,0.5));
#14846=CARTESIAN_POINT('Origin',(-13.707106649559,1.99999973922968,0.5));
#14847=CARTESIAN_POINT('Origin',(-11.4785460812566,-0.228555764836793,0.5));
#14848=CARTESIAN_POINT('',(-14.0000014007066,2.99999980255961,0.5));
#14849=CARTESIAN_POINT('',(-11.1249930923758,0.124998027468419,0.5));
#14850=CARTESIAN_POINT('Origin',(-14.0000005972822,2.29289302137353,0.5));
#14851=CARTESIAN_POINT('Origin',(-9.77145435397547,6.52144887375464,0.5));
#14852=CARTESIAN_POINT('',(-14.5000003278241,2.49999973922968,0.5));
#14853=CARTESIAN_POINT('',(-10.1250081462807,6.87500186263552,0.5));
#14854=CARTESIAN_POINT('Origin',(-14.2928932138482,1.99999973922968,0.5));
#14855=CARTESIAN_POINT('Origin',(-15.0000002235174,3.49999975413084,0.5));
#14856=CARTESIAN_POINT('',(-15.0000002235174,4.499999769032,0.5));
#14857=CARTESIAN_POINT('',(-15.0000002235174,2.49999973922968,0.5));
#14858=CARTESIAN_POINT('Origin',(-15.0000002235174,3.49999975413084,0.5));
#14859=CARTESIAN_POINT('Origin',(-15.0000002235174,1.99999973922968,0.5));
#14860=CARTESIAN_POINT('Ctrl Pts',(-14.776087243478,4.98319327558155,-1.38777878078145E-16));
#14861=CARTESIAN_POINT('Ctrl Pts',(-14.7766229037937,4.98213250034361,-1.45113381156578E-16));
#14862=CARTESIAN_POINT('Ctrl Pts',(-14.7771583661484,4.98107162767693,3.82291244511641E-6));
#14863=CARTESIAN_POINT('Ctrl Pts',(-14.7948188739194,4.94606593736801,0.000256046132929142));
#14864=CARTESIAN_POINT('Ctrl Pts',(-14.811696450269,4.91210342084631,0.00441192656292859));
#14865=CARTESIAN_POINT('Ctrl Pts',(-14.844325548295,4.8453666752838,0.0203499912627039));
#14866=CARTESIAN_POINT('Ctrl Pts',(-14.8600216773983,4.81270663562985,0.0320915423724459));
#14867=CARTESIAN_POINT('Ctrl Pts',(-14.9015207685987,4.72487194967745,0.0750495543070184));
#14868=CARTESIAN_POINT('Ctrl Pts',(-14.9251225285373,4.67304791982338,0.114081773396352));
#14869=CARTESIAN_POINT('Ctrl Pts',(-14.962361977403,4.58904279700937,0.207955721684197));
#14870=CARTESIAN_POINT('Ctrl Pts',(-14.9763610320613,4.55630320083719,0.260767990848051));
#14871=CARTESIAN_POINT('Ctrl Pts',(-14.9949416131274,4.51229958492551,0.374707880754826));
#14872=CARTESIAN_POINT('Ctrl Pts',(-14.9997146419577,4.50068921323902,0.434126601817529));
#14873=CARTESIAN_POINT('Ctrl Pts',(-14.999996112214,4.50000969469935,0.496361358227494));
#14874=CARTESIAN_POINT('Ctrl Pts',(-15.0000002235174,4.499999769032,0.498181056135012));
#14875=CARTESIAN_POINT('Ctrl Pts',(-15.0000002235174,4.499999769032,0.50000000000007));
#14876=CARTESIAN_POINT('Origin',(-7.50000011175871,1.99999973922968,0.5));
#14877=CARTESIAN_POINT('',(-7.50000011175871,2.49999973922968,0.5));
#14878=CARTESIAN_POINT('Origin',(-10.896438387071,1.10355323538396,0.5));
#14879=CARTESIAN_POINT('',(-14.4999996758997,4.00000035762787,0.5));
#14880=CARTESIAN_POINT('',(-11.2499913759518,0.74999944307875,0.5));
#14881=CARTESIAN_POINT('Origin',(-14.5000004793241,4.70710713881396,0.5));
#14882=CARTESIAN_POINT('Origin',(-10.6035627926064,8.60355367991258,0.5));
#14883=CARTESIAN_POINT('',(-14.0000014007066,4.499999769032,0.5));
#14884=CARTESIAN_POINT('',(-10.2500090003012,8.2500006910317,0.5));
#14885=CARTESIAN_POINT('Origin',(-14.2071085146825,4.999999769032,0.5));
#14886=CARTESIAN_POINT('Origin',(7.50000011175871,4.999999769032,0.5));
#14887=CARTESIAN_POINT('',(-11.8333335568508,4.499999769032,0.5));
#14888=CARTESIAN_POINT('',(7.50000011175871,4.499999769032,0.5));
#14889=CARTESIAN_POINT('Origin',(-11.6262271084534,4.999999769032,0.5));
#14890=CARTESIAN_POINT('Origin',(-8.52144018607581,1.89521990204859,0.5));
#14891=CARTESIAN_POINT('',(-11.3333330092331,4.00000035762787,0.5));
#14892=CARTESIAN_POINT('',(-8.87499317495669,1.54166610974337,0.5));
#14893=CARTESIAN_POINT('Origin',(-11.3333338126574,4.70710713881396,0.5));
#14894=CARTESIAN_POINT('Origin',(-8.22856099360157,7.81188701324796,0.5));
#14895=CARTESIAN_POINT('',(-10.8333347340399,4.499999769032,0.5));
#14896=CARTESIAN_POINT('',(-7.87500720129636,7.45833402436708,0.5));
#14897=CARTESIAN_POINT('Origin',(-11.0404418480158,4.999999769032,0.5));
#14898=CARTESIAN_POINT('Origin',(7.50000011175871,4.999999769032,0.5));
#14899=CARTESIAN_POINT('',(-8.66666689018409,4.499999769032,0.5));
#14900=CARTESIAN_POINT('',(7.50000011175871,4.499999769032,0.5));
#14901=CARTESIAN_POINT('Origin',(-8.45956044178671,4.999999769032,0.5));
#14902=CARTESIAN_POINT('Origin',(-6.14644198508065,2.68688656871321,0.5));
#14903=CARTESIAN_POINT('',(-8.16666634256641,4.00000035762787,0.5));
#14904=CARTESIAN_POINT('',(-6.49999497396153,2.333332776408,0.5));
#14905=CARTESIAN_POINT('Origin',(-8.16666714599074,4.70710713881396,0.5));
#14906=CARTESIAN_POINT('Origin',(-5.85355919459672,7.02022034658333,0.5));
#14907=CARTESIAN_POINT('',(-7.66666806737324,4.499999769032,0.5));
#14908=CARTESIAN_POINT('',(-5.50000540229151,6.66666735770246,0.5));
#14909=CARTESIAN_POINT('Origin',(-7.87377518134912,4.999999769032,0.5));
#14910=CARTESIAN_POINT('Origin',(7.50000011175871,4.999999769032,0.5));
#14911=CARTESIAN_POINT('',(-5.50000022351742,4.499999769032,0.5));
#14912=CARTESIAN_POINT('',(7.50000011175871,4.499999769032,0.5));
#14913=CARTESIAN_POINT('Origin',(-5.29289377512005,4.999999769032,0.5));
#14914=CARTESIAN_POINT('Origin',(-3.7714437840855,3.47855323537783,0.5));
#14915=CARTESIAN_POINT('',(-4.12499677296638,3.12499944307262,0.5));
#14916=CARTESIAN_POINT('Origin',(14.4999985992934,2.99999980255961,2.));
#14917=CARTESIAN_POINT('',(14.4999985992934,2.99999980255961,1.5));
#14918=CARTESIAN_POINT('',(14.4999985992934,2.99999980255961,2.));
#14919=CARTESIAN_POINT('',(15.0000002235174,2.49999973922968,1.5));
#14920=CARTESIAN_POINT('',(10.2499907165806,7.24999802745002,1.5));
#14921=CARTESIAN_POINT('',(15.0000002235174,2.49999973922968,2.));
#14922=CARTESIAN_POINT('Origin',(14.0000003241003,2.50000039115548,2.));
#14923=CARTESIAN_POINT('',(13.9999996721759,2.49999973922968,1.5));
#14924=CARTESIAN_POINT('',(13.9999996721759,2.49999973922968,2.));
#14925=CARTESIAN_POINT('',(11.250008044763,-0.249998137346084,1.5));
#14926=CARTESIAN_POINT('Origin',(-15.0000002235174,2.49999973922968,2.));
#14927=CARTESIAN_POINT('',(11.8333331321717,2.49999973922968,1.5));
#14928=CARTESIAN_POINT('',(11.8333331321717,2.49999973922968,2.));
#14929=CARTESIAN_POINT('',(-7.50000011175871,2.49999973922968,1.5));
#14930=CARTESIAN_POINT('Origin',(11.3333319326268,2.99999980255961,2.));
#14931=CARTESIAN_POINT('',(11.3333319326268,2.99999980255961,1.5));
#14932=CARTESIAN_POINT('',(11.3333319326268,2.99999980255961,2.));
#14933=CARTESIAN_POINT('',(7.87499251558541,6.4583313607854,1.5));
#14934=CARTESIAN_POINT('Origin',(10.8333336574336,2.50000039115548,2.));
#14935=CARTESIAN_POINT('',(10.8333330055093,2.49999973922968,1.5));
#14936=CARTESIAN_POINT('',(10.8333330055093,2.49999973922968,2.));
#14937=CARTESIAN_POINT('',(8.87500624575815,0.54166852931854,1.5));
#14938=CARTESIAN_POINT('Origin',(-15.0000002235174,2.49999973922968,2.));
#14939=CARTESIAN_POINT('',(8.66666646550506,2.49999973922968,1.5));
#14940=CARTESIAN_POINT('',(8.66666646550506,2.49999973922968,2.));
#14941=CARTESIAN_POINT('',(-7.50000011175871,2.49999973922968,1.5));
#14942=CARTESIAN_POINT('Origin',(8.16666526596009,2.99999980255961,2.));
#14943=CARTESIAN_POINT('',(8.16666526596009,2.99999980255961,1.5));
#14944=CARTESIAN_POINT('',(8.16666526596009,2.99999980255961,2.));
#14945=CARTESIAN_POINT('',(5.49999431459026,5.66666469412078,1.5));
#14946=CARTESIAN_POINT('Origin',(7.66666699076692,2.50000039115548,2.));
#14947=CARTESIAN_POINT('',(7.66666633884261,2.49999973922968,1.5));
#14948=CARTESIAN_POINT('',(7.66666633884261,2.49999973922968,2.));
#14949=CARTESIAN_POINT('',(6.5000044467533,1.33333519598316,1.5));
#14950=CARTESIAN_POINT('Origin',(-15.0000002235174,2.49999973922968,2.));
#14951=CARTESIAN_POINT('',(5.49999979883839,2.49999973922968,1.5));
#14952=CARTESIAN_POINT('',(5.49999979883839,2.49999973922968,2.));
#14953=CARTESIAN_POINT('',(-7.50000011175871,2.49999973922968,1.5));
#14954=CARTESIAN_POINT('Origin',(4.99999859929343,2.99999980255961,2.));
#14955=CARTESIAN_POINT('',(4.99999859929343,2.99999980255961,1.5));
#14956=CARTESIAN_POINT('',(4.99999859929343,2.99999980255961,2.));
#14957=CARTESIAN_POINT('',(3.12499611359511,4.87499802745615,1.5));
#14958=CARTESIAN_POINT('Origin',(4.50000032410026,2.50000039115548,2.));
#14959=CARTESIAN_POINT('',(4.49999967217594,2.49999973922968,1.5));
#14960=CARTESIAN_POINT('',(4.49999967217594,2.49999973922968,2.));
#14961=CARTESIAN_POINT('',(4.12500264774844,2.12500186264779,1.5));
#14962=CARTESIAN_POINT('Origin',(-15.0000002235174,2.49999973922968,2.));
#14963=CARTESIAN_POINT('',(2.33333313217173,2.49999973922968,1.5));
#14964=CARTESIAN_POINT('',(2.33333313217173,2.49999973922968,2.));
#14965=CARTESIAN_POINT('',(-7.50000011175871,2.49999973922968,1.5));
#14966=CARTESIAN_POINT('Origin',(1.83333193262676,2.99999980255961,2.));
#14967=CARTESIAN_POINT('',(1.83333193262676,2.99999980255961,1.5));
#14968=CARTESIAN_POINT('',(1.83333193262676,2.99999980255961,2.));
#14969=CARTESIAN_POINT('',(0.749997912599967,4.08333136079153,1.5));
#14970=CARTESIAN_POINT('Origin',(1.33333365743359,2.50000039115548,2.));
#14971=CARTESIAN_POINT('',(1.33333300550927,2.49999973922968,1.5));
#14972=CARTESIAN_POINT('',(1.33333300550927,2.49999973922968,2.));
#14973=CARTESIAN_POINT('',(1.75000084874359,2.91666852931241,1.5));
#14974=CARTESIAN_POINT('Origin',(-15.0000002235174,2.49999973922968,2.));
#14975=CARTESIAN_POINT('',(-0.833333534494941,2.49999973922968,1.5));
#14976=CARTESIAN_POINT('',(-0.833333534494941,2.49999973922968,2.));
#14977=CARTESIAN_POINT('',(-7.50000011175871,2.49999973922968,1.5));
#14978=CARTESIAN_POINT('Origin',(-1.33333473403991,2.99999980255961,2.));
#14979=CARTESIAN_POINT('',(-1.33333473403991,2.99999980255961,1.5));
#14980=CARTESIAN_POINT('',(-1.33333473403991,2.99999980255961,2.));
#14981=CARTESIAN_POINT('',(-1.62500028839518,3.29166469412691,1.5));
#14982=CARTESIAN_POINT('Origin',(-1.83333300923308,2.50000039115548,2.));
#14983=CARTESIAN_POINT('',(-1.8333336611574,2.49999973922968,1.5));
#14984=CARTESIAN_POINT('',(-1.8333336611574,2.49999973922968,2.));
#14985=CARTESIAN_POINT('',(-0.625000950261266,3.70833519597703,1.5));
#14986=CARTESIAN_POINT('Origin',(-15.0000002235174,2.49999973922968,2.));
#14987=CARTESIAN_POINT('',(-4.00000020116161,2.49999973922968,1.5));
#14988=CARTESIAN_POINT('',(-4.00000020116161,2.49999973922968,2.));
#14989=CARTESIAN_POINT('',(-7.50000011175871,2.49999973922968,1.5));
#14990=CARTESIAN_POINT('Origin',(-4.50000140070657,2.99999980255961,2.));
#14991=CARTESIAN_POINT('',(-4.50000140070657,2.99999980255961,1.5));
#14992=CARTESIAN_POINT('',(-4.50000140070657,2.99999980255961,2.));
#14993=CARTESIAN_POINT('',(-3.99999848939033,2.49999802746228,1.5));
#14994=CARTESIAN_POINT('Origin',(-4.99999967589974,2.50000039115548,2.));
#14995=CARTESIAN_POINT('',(-5.00000032782406,2.49999973922968,1.5));
#14996=CARTESIAN_POINT('',(-5.00000032782406,2.49999973922968,2.));
#14997=CARTESIAN_POINT('',(-3.00000274926612,4.50000186264165,1.5));
#14998=CARTESIAN_POINT('Origin',(-15.0000002235174,2.49999973922968,2.));
#14999=CARTESIAN_POINT('',(-7.16666686782827,2.49999973922968,1.5));
#15000=CARTESIAN_POINT('',(-7.16666686782827,2.49999973922968,2.));
#15001=CARTESIAN_POINT('',(-7.50000011175871,2.49999973922968,1.5));
#15002=CARTESIAN_POINT('Origin',(-7.66666806737324,2.99999980255961,2.));
#15003=CARTESIAN_POINT('',(-7.66666806737324,2.99999980255961,1.5));
#15004=CARTESIAN_POINT('',(-7.66666806737324,2.99999980255961,2.));
#15005=CARTESIAN_POINT('',(-6.37499669038547,1.70833136079766,1.5));
#15006=CARTESIAN_POINT('Origin',(-8.16666634256641,2.50000039115548,2.));
#15007=CARTESIAN_POINT('',(-8.16666699449073,2.49999973922968,1.5));
#15008=CARTESIAN_POINT('',(-8.16666699449073,2.49999973922968,2.));
#15009=CARTESIAN_POINT('',(-5.37500454827097,5.29166852930627,1.5));
#15010=CARTESIAN_POINT('Origin',(-15.0000002235174,2.49999973922968,2.));
#15011=CARTESIAN_POINT('',(-10.3333335344949,2.49999973922968,1.5));
#15012=CARTESIAN_POINT('',(-10.3333335344949,2.49999973922968,2.));
#15013=CARTESIAN_POINT('',(-7.50000011175871,2.49999973922968,1.5));
#15014=CARTESIAN_POINT('Origin',(-10.8333347340399,2.99999980255961,2.));
#15015=CARTESIAN_POINT('',(-10.8333347340399,2.99999980255961,1.5));
#15016=CARTESIAN_POINT('',(-10.8333347340399,2.99999980255961,2.));
#15017=CARTESIAN_POINT('',(-8.74999489138062,0.916664694133043,1.5));
#15018=CARTESIAN_POINT('Origin',(-11.3333330092331,2.50000039115548,2.));
#15019=CARTESIAN_POINT('',(-11.3333336611574,2.49999973922968,1.5));
#15020=CARTESIAN_POINT('',(-11.3333336611574,2.49999973922968,2.));
#15021=CARTESIAN_POINT('',(-7.75000634727583,6.0833351959709,1.5));
#15022=CARTESIAN_POINT('Origin',(-15.0000002235174,2.49999973922968,2.));
#15023=CARTESIAN_POINT('',(-13.5000002011616,2.49999973922968,1.5));
#15024=CARTESIAN_POINT('',(-13.5000002011616,2.49999973922968,2.));
#15025=CARTESIAN_POINT('',(-7.50000011175871,2.49999973922968,1.5));
#15026=CARTESIAN_POINT('Origin',(-14.0000014007066,2.99999980255961,2.));
#15027=CARTESIAN_POINT('',(-14.0000014007066,2.99999980255961,1.5));
#15028=CARTESIAN_POINT('',(-14.0000014007066,2.99999980255961,2.));
#15029=CARTESIAN_POINT('',(-11.1249930923758,0.124998027468419,1.5));
#15030=CARTESIAN_POINT('Origin',(-14.4999996758997,2.50000039115548,2.));
#15031=CARTESIAN_POINT('',(-14.5000003278241,2.49999973922968,1.5));
#15032=CARTESIAN_POINT('',(-14.5000003278241,2.49999973922968,2.));
#15033=CARTESIAN_POINT('',(-10.1250081462807,6.87500186263552,1.5));
#15034=CARTESIAN_POINT('Origin',(-15.0000002235174,2.49999973922968,2.));
#15035=CARTESIAN_POINT('',(-15.0000002235174,2.49999973922968,1.5));
#15036=CARTESIAN_POINT('',(-15.0000002235174,2.49999973922968,2.));
#15037=CARTESIAN_POINT('',(-7.50000011175871,2.49999973922968,1.5));
#15038=CARTESIAN_POINT('Origin',(-15.0000002235174,3.49999975413084,2.));
#15039=CARTESIAN_POINT('',(-15.0000002235174,4.499999769032,1.5));
#15040=CARTESIAN_POINT('',(-15.0000002235174,4.499999769032,2.));
#15041=CARTESIAN_POINT('Origin',(-15.0000002235174,3.49999975413084,1.5));
#15042=CARTESIAN_POINT('Origin',(-7.50000011175871,1.99999973922968,1.5));
#15043=CARTESIAN_POINT('',(-13.707106649559,1.99999973922968,2.));
#15044=CARTESIAN_POINT('',(-11.1262265471815,1.99999973922968,2.));
#15045=CARTESIAN_POINT('',(-7.50000011175871,1.99999973922968,2.));
#15046=CARTESIAN_POINT('Origin',(-11.1262265471815,1.99999973922968,1.5));
#15047=CARTESIAN_POINT('Origin',(-13.707106649559,1.99999973922968,1.5));
#15048=CARTESIAN_POINT('Origin',(-7.39645255497061,5.72978220709002,1.5));
#15049=CARTESIAN_POINT('',(-10.8333339306156,2.29289302137353,2.));
#15050=CARTESIAN_POINT('',(-7.39645255497061,5.72978220709002,2.));
#15051=CARTESIAN_POINT('Origin',(-10.8333339306156,2.29289302137353,1.5));
#15052=CARTESIAN_POINT('Origin',(-9.1035478802615,0.56311090182783,1.5));
#15053=CARTESIAN_POINT('',(-10.5404399828923,1.99999973922968,2.));
#15054=CARTESIAN_POINT('',(-9.1035478802615,0.56311090182783,2.));
#15055=CARTESIAN_POINT('Origin',(-10.5404399828923,1.99999973922968,1.5));
#15056=CARTESIAN_POINT('Origin',(-7.50000011175871,1.99999973922968,1.5));
#15057=CARTESIAN_POINT('',(-7.95955988051485,1.99999973922968,2.));
#15058=CARTESIAN_POINT('',(-7.50000011175871,1.99999973922968,2.));
#15059=CARTESIAN_POINT('Origin',(-7.95955988051485,1.99999973922968,1.5));
#15060=CARTESIAN_POINT('Origin',(-15.0000002235174,3.49999975413084,1.5));
#15061=CARTESIAN_POINT('',(-14.776087243478,4.98319327558155,2.));
#15062=CARTESIAN_POINT('',(-15.0000002235174,1.99999973922968,2.));
#15063=CARTESIAN_POINT('Origin',(-15.0000002235174,3.49999975413084,2.));
#15064=CARTESIAN_POINT('Origin',(-15.0000002235174,1.99999973922968,1.5));
#15065=CARTESIAN_POINT('Ctrl Pts',(-15.0000002235174,4.499999769032,1.5));
#15066=CARTESIAN_POINT('Ctrl Pts',(-15.0000002235174,4.499999769032,1.5604045475697));
#15067=CARTESIAN_POINT('Ctrl Pts',(-14.9954988846044,4.51095643058586,1.61994909429567));
#15068=CARTESIAN_POINT('Ctrl Pts',(-14.9774660867833,4.55370842100095,1.7342916395092));
#15069=CARTESIAN_POINT('Ctrl Pts',(-14.9637554245424,4.58582551181965,1.78738840678134));
#15070=CARTESIAN_POINT('Ctrl Pts',(-14.9270862076278,4.66869112581332,1.88209582599556));
#15071=CARTESIAN_POINT('Ctrl Pts',(-14.9037629358985,4.72001026893599,1.92168184744317));
#15072=CARTESIAN_POINT('Ctrl Pts',(-14.8621928936745,4.808169448463,1.96613704560026));
#15073=CARTESIAN_POINT('Ctrl Pts',(-14.8461200984282,4.84166322038785,1.97852848269773));
#15074=CARTESIAN_POINT('Ctrl Pts',(-14.8126438229863,4.91019623902743,1.99535141420796));
#15075=CARTESIAN_POINT('Ctrl Pts',(-14.7953001359717,4.94511200611301,1.99973708059558));
#15076=CARTESIAN_POINT('Ctrl Pts',(-14.7771583661485,4.98107162767651,1.99999617708755));
#15077=CARTESIAN_POINT('Ctrl Pts',(-14.7766229037935,4.98213250034401,2.));
#15078=CARTESIAN_POINT('Ctrl Pts',(-14.776087243478,4.98319327558155,2.));
#15079=CARTESIAN_POINT('Origin',(-5.02145075596576,4.9381155404254,1.5));
#15080=CARTESIAN_POINT('',(-7.6666672639489,2.29289302137353,2.));
#15081=CARTESIAN_POINT('',(-5.02145075596576,4.9381155404254,2.));
#15082=CARTESIAN_POINT('Origin',(-7.6666672639489,2.29289302137353,1.5));
#15083=CARTESIAN_POINT('Origin',(-10.896438387071,1.10355323538396,1.5));
#15084=CARTESIAN_POINT('',(-14.4999996758997,4.00000035762787,1.5));
#15085=CARTESIAN_POINT('',(-11.2499913759518,0.74999944307875,1.5));
#15086=CARTESIAN_POINT('',(-14.5000004793241,4.70710713881396,2.));
#15087=CARTESIAN_POINT('Origin',(-14.5000004793241,4.70710713881396,1.5));
#15088=CARTESIAN_POINT('',(-10.896438387071,1.10355323538396,2.));
#15089=CARTESIAN_POINT('Origin',(-6.72854967926635,1.35477756849245,1.5));
#15090=CARTESIAN_POINT('',(-7.37377331622564,1.99999973922968,2.));
#15091=CARTESIAN_POINT('',(-6.72854967926635,1.35477756849245,2.));
#15092=CARTESIAN_POINT('Origin',(-7.37377331622564,1.99999973922968,1.5));
#15093=CARTESIAN_POINT('Origin',(-7.50000011175871,1.99999973922968,1.5));
#15094=CARTESIAN_POINT('',(-4.79289321384818,1.99999973922968,2.));
#15095=CARTESIAN_POINT('',(-7.50000011175871,1.99999973922968,2.));
#15096=CARTESIAN_POINT('Origin',(-4.79289321384818,1.99999973922968,1.5));
#15097=CARTESIAN_POINT('Origin',(-2.64644895696091,4.14644887376078,1.5));
#15098=CARTESIAN_POINT('',(-4.50000059728224,2.29289302137353,2.));
#15099=CARTESIAN_POINT('',(-2.64644895696091,4.14644887376078,2.));
#15100=CARTESIAN_POINT('Origin',(-4.50000059728224,2.29289302137353,1.5));
#15101=CARTESIAN_POINT('Origin',(-8.52144018607581,1.89521990204859,1.5));
#15102=CARTESIAN_POINT('',(-11.8333335568508,4.499999769032,1.5));
#15103=CARTESIAN_POINT('',(-11.3333330092331,4.00000035762787,1.5));
#15104=CARTESIAN_POINT('',(-8.87499317495669,1.54166610974337,1.5));
#15105=CARTESIAN_POINT('',(-11.3333338126574,4.70710713881396,2.));
#15106=CARTESIAN_POINT('Origin',(-11.3333338126574,4.70710713881396,1.5));
#15107=CARTESIAN_POINT('',(-11.6262271084534,4.999999769032,2.));
#15108=CARTESIAN_POINT('',(-8.52144018607581,1.89521990204859,2.));
#15109=CARTESIAN_POINT('Origin',(-11.6262271084534,4.999999769032,1.5));
#15110=CARTESIAN_POINT('Origin',(-4.3535514782712,2.14644423515708,1.5));
#15111=CARTESIAN_POINT('',(-4.20710664955898,1.99999973922968,2.));
#15112=CARTESIAN_POINT('',(-4.3535514782712,2.14644423515708,2.));
#15113=CARTESIAN_POINT('Origin',(-4.20710664955898,1.99999973922968,1.5));
#15114=CARTESIAN_POINT('Origin',(-7.50000011175871,1.99999973922968,1.5));
#15115=CARTESIAN_POINT('',(-1.62622654718152,1.99999973922968,2.));
#15116=CARTESIAN_POINT('',(-7.50000011175871,1.99999973922968,2.));
#15117=CARTESIAN_POINT('Origin',(-1.62622654718152,1.99999973922968,1.5));
#15118=CARTESIAN_POINT('Origin',(-0.271447157956052,3.35478220709615,1.5));
#15119=CARTESIAN_POINT('',(-1.33333393061557,2.29289302137353,2.));
#15120=CARTESIAN_POINT('',(-0.271447157956052,3.35478220709615,2.));
#15121=CARTESIAN_POINT('Origin',(-1.33333393061557,2.29289302137353,1.5));
#15122=CARTESIAN_POINT('Origin',(-6.14644198508065,2.68688656871321,1.5));
#15123=CARTESIAN_POINT('',(-8.66666689018409,4.499999769032,1.5));
#15124=CARTESIAN_POINT('',(-8.16666634256641,4.00000035762787,1.5));
#15125=CARTESIAN_POINT('',(-6.49999497396153,2.333332776408,1.5));
#15126=CARTESIAN_POINT('',(-8.16666714599074,4.70710713881396,2.));
#15127=CARTESIAN_POINT('Origin',(-8.16666714599074,4.70710713881396,1.5));
#15128=CARTESIAN_POINT('',(-8.45956044178671,4.999999769032,2.));
#15129=CARTESIAN_POINT('',(-6.14644198508065,2.68688656871321,2.));
#15130=CARTESIAN_POINT('Origin',(-8.45956044178671,4.999999769032,1.5));
#15131=CARTESIAN_POINT('Origin',(-1.97855327727606,2.9381109018217,1.5));
#15132=CARTESIAN_POINT('',(-1.04043998289231,1.99999973922968,2.));
#15133=CARTESIAN_POINT('',(-1.97855327727606,2.9381109018217,2.));
#15134=CARTESIAN_POINT('Origin',(-1.04043998289231,1.99999973922968,1.5));
#15135=CARTESIAN_POINT('Origin',(-7.50000011175871,1.99999973922968,1.5));
#15136=CARTESIAN_POINT('',(1.54044011948515,1.99999973922968,2.));
#15137=CARTESIAN_POINT('',(-7.50000011175871,1.99999973922968,2.));
#15138=CARTESIAN_POINT('Origin',(1.54044011948515,1.99999973922968,1.5));
#15139=CARTESIAN_POINT('Origin',(2.1035546410488,2.56311554043153,1.5));
#15140=CARTESIAN_POINT('',(1.8333327360511,2.29289302137353,2.));
#15141=CARTESIAN_POINT('',(2.1035546410488,2.56311554043153,2.));
#15142=CARTESIAN_POINT('Origin',(1.8333327360511,2.29289302137353,1.5));
#15143=CARTESIAN_POINT('Origin',(-3.7714437840855,3.47855323537783,1.5));
#15144=CARTESIAN_POINT('',(-5.50000022351742,4.499999769032,1.5));
#15145=CARTESIAN_POINT('',(-4.99999967589974,4.00000035762787,1.5));
#15146=CARTESIAN_POINT('',(-4.12499677296638,3.12499944307262,1.5));
#15147=CARTESIAN_POINT('',(-5.00000047932408,4.70710713881396,2.));
#15148=CARTESIAN_POINT('Origin',(-5.00000047932408,4.70710713881396,1.5));
#15149=CARTESIAN_POINT('',(-5.29289377512005,4.999999769032,2.));
#15150=CARTESIAN_POINT('',(-3.7714437840855,3.47855323537783,2.));
#15151=CARTESIAN_POINT('Origin',(-5.29289377512005,4.999999769032,1.5));
#15152=CARTESIAN_POINT('Origin',(0.39644492371909,3.72977756848632,1.5));
#15153=CARTESIAN_POINT('',(2.12622668377436,1.99999973922968,2.));
#15154=CARTESIAN_POINT('',(0.39644492371909,3.72977756848632,2.));
#15155=CARTESIAN_POINT('Origin',(2.12622668377436,1.99999973922968,1.5));
#15156=CARTESIAN_POINT('Origin',(-7.50000011175871,1.99999973922968,1.5));
#15157=CARTESIAN_POINT('',(4.70710678615182,1.99999973922968,2.));
#15158=CARTESIAN_POINT('',(-7.50000011175871,1.99999973922968,2.));
#15159=CARTESIAN_POINT('Origin',(4.70710678615182,1.99999973922968,1.5));
#15160=CARTESIAN_POINT('Origin',(4.47855644005366,1.77144887376691,1.5));
#15161=CARTESIAN_POINT('',(4.99999940271777,2.29289302137353,2.));
#15162=CARTESIAN_POINT('',(4.47855644005366,1.77144887376691,2.));
#15163=CARTESIAN_POINT('Origin',(4.99999940271776,2.29289302137353,1.5));
#15164=CARTESIAN_POINT('Origin',(-1.39644558309035,4.27021990204246,1.5));
#15165=CARTESIAN_POINT('',(-2.33333355685075,4.499999769032,1.5));
#15166=CARTESIAN_POINT('',(-1.83333300923308,4.00000035762787,1.5));
#15167=CARTESIAN_POINT('',(-1.74999857197123,3.91666610973724,1.5));
#15168=CARTESIAN_POINT('',(-1.83333381265741,4.70710713881396,2.));
#15169=CARTESIAN_POINT('Origin',(-1.83333381265741,4.70710713881396,1.5));
#15170=CARTESIAN_POINT('',(-2.12622710845338,4.999999769032,2.));
#15171=CARTESIAN_POINT('',(-1.39644558309035,4.27021990204246,2.));
#15172=CARTESIAN_POINT('Origin',(-2.12622710845338,4.999999769032,1.5));
#15173=CARTESIAN_POINT('Origin',(2.77144312471424,4.52144423515094,1.5));
#15174=CARTESIAN_POINT('',(5.29289335044102,1.99999973922968,2.));
#15175=CARTESIAN_POINT('',(2.77144312471424,4.52144423515094,2.));
#15176=CARTESIAN_POINT('Origin',(5.29289335044102,1.99999973922968,1.5));
#15177=CARTESIAN_POINT('Origin',(-7.50000011175871,1.99999973922968,1.5));
#15178=CARTESIAN_POINT('',(7.87377345281849,1.99999973922968,2.));
#15179=CARTESIAN_POINT('',(-7.50000011175871,1.99999973922968,2.));
#15180=CARTESIAN_POINT('Origin',(7.87377345281849,1.99999973922968,1.5));
#15181=CARTESIAN_POINT('Origin',(6.85355823905851,0.979782207102282,1.5));
#15182=CARTESIAN_POINT('',(8.16666606938443,2.29289302137353,2.));
#15183=CARTESIAN_POINT('',(6.85355823905851,0.979782207102282,2.));
#15184=CARTESIAN_POINT('Origin',(8.16666606938443,2.29289302137353,1.5));
#15185=CARTESIAN_POINT('Origin',(0.978552617904806,5.06188656870708,1.5));
#15186=CARTESIAN_POINT('',(0.833333109815912,4.499999769032,1.5));
#15187=CARTESIAN_POINT('',(1.33333365743359,4.00000035762787,1.5));
#15188=CARTESIAN_POINT('',(0.624999629023927,4.70833277640186,1.5));
#15189=CARTESIAN_POINT('',(1.33333285400926,4.70710713881396,2.));
#15190=CARTESIAN_POINT('Origin',(1.33333285400926,4.70710713881396,1.5));
#15191=CARTESIAN_POINT('',(1.04043955821329,4.999999769032,2.));
#15192=CARTESIAN_POINT('',(0.978552617904806,5.06188656870708,2.));
#15193=CARTESIAN_POINT('Origin',(1.04043955821329,4.999999769032,1.5));
#15194=CARTESIAN_POINT('Origin',(5.14644132570939,5.31311090181557,1.5));
#15195=CARTESIAN_POINT('',(8.45956001710769,1.99999973922968,2.));
#15196=CARTESIAN_POINT('',(5.14644132570939,5.31311090181557,2.));
#15197=CARTESIAN_POINT('Origin',(8.45956001710769,1.99999973922968,1.5));
#15198=CARTESIAN_POINT('Origin',(-7.50000011175871,1.99999973922968,1.5));
#15199=CARTESIAN_POINT('',(11.0404401194851,1.99999973922968,2.));
#15200=CARTESIAN_POINT('',(-7.50000011175871,1.99999973922968,2.));
#15201=CARTESIAN_POINT('Origin',(11.0404401194851,1.99999973922968,1.5));
#15202=CARTESIAN_POINT('Origin',(9.22856003806336,0.188115540437663,1.5));
#15203=CARTESIAN_POINT('',(11.3333327360511,2.29289302137353,2.));
#15204=CARTESIAN_POINT('',(9.22856003806336,0.188115540437663,2.));
#15205=CARTESIAN_POINT('Origin',(11.3333327360511,2.29289302137353,1.5));
#15206=CARTESIAN_POINT('Origin',(3.35355081889996,5.8535532353717,1.5));
#15207=CARTESIAN_POINT('',(3.99999977648258,4.499999769032,1.5));
#15208=CARTESIAN_POINT('',(4.50000032410026,4.00000035762787,1.5));
#15209=CARTESIAN_POINT('',(2.99999783001908,5.49999944306649,1.5));
#15210=CARTESIAN_POINT('',(4.49999952067592,4.70710713881396,2.));
#15211=CARTESIAN_POINT('Origin',(4.49999952067592,4.70710713881396,1.5));
#15212=CARTESIAN_POINT('',(4.20710622487995,4.999999769032,2.));
#15213=CARTESIAN_POINT('',(3.35355081889996,5.8535532353717,2.));
#15214=CARTESIAN_POINT('Origin',(4.20710622487995,4.999999769032,1.5));
#15215=CARTESIAN_POINT('Origin',(7.52143952670453,6.10477756848019,1.5));
#15216=CARTESIAN_POINT('',(11.6262266837744,1.99999973922968,2.));
#15217=CARTESIAN_POINT('',(7.52143952670453,6.10477756848019,2.));
#15218=CARTESIAN_POINT('Origin',(11.6262266837744,1.99999973922968,1.5));
#15219=CARTESIAN_POINT('Origin',(-7.50000011175871,1.99999973922968,1.5));
#15220=CARTESIAN_POINT('',(14.2071067861518,1.99999973922968,2.));
#15221=CARTESIAN_POINT('',(-7.50000011175871,1.99999973922968,2.));
#15222=CARTESIAN_POINT('Origin',(14.2071067861518,1.99999973922968,1.5));
#15223=CARTESIAN_POINT('Origin',(11.6035618370682,-0.60355112622696,1.5));
#15224=CARTESIAN_POINT('',(14.4999994027178,2.29289302137353,2.));
#15225=CARTESIAN_POINT('',(11.6035618370682,-0.60355112622696,2.));
#15226=CARTESIAN_POINT('Origin',(14.4999994027178,2.29289302137353,1.5));
#15227=CARTESIAN_POINT('Origin',(5.72854901989512,6.64521990203632,1.5));
#15228=CARTESIAN_POINT('',(7.16666644314925,4.499999769032,1.5));
#15229=CARTESIAN_POINT('',(7.66666699076692,4.00000035762787,1.5));
#15230=CARTESIAN_POINT('',(5.37499603101424,6.29166610973111,1.5));
#15231=CARTESIAN_POINT('',(7.66666618734259,4.70710713881396,2.));
#15232=CARTESIAN_POINT('Origin',(7.66666618734259,4.70710713881396,1.5));
#15233=CARTESIAN_POINT('',(7.37377289154662,4.999999769032,2.));
#15234=CARTESIAN_POINT('',(5.72854901989512,6.64521990203632,2.));
#15235=CARTESIAN_POINT('Origin',(7.37377289154662,4.999999769032,1.5));
#15236=CARTESIAN_POINT('Origin',(9.89643772769967,6.89644423514481,1.5));
#15237=CARTESIAN_POINT('',(14.7760867432864,2.01680630819254,2.));
#15238=CARTESIAN_POINT('',(9.89643772769967,6.89644423514481,2.));
#15239=CARTESIAN_POINT('Ctrl Pts',(14.7760867432864,2.01680630819255,2.));
#15240=CARTESIAN_POINT('Ctrl Pts',(14.7766224038015,2.01786708338088,2.));
#15241=CARTESIAN_POINT('Ctrl Pts',(14.7771578663551,2.01892795599659,1.99999617708684));
#15242=CARTESIAN_POINT('Ctrl Pts',(14.8101167609627,2.08425724257836,1.99952546598908));
#15243=CARTESIAN_POINT('Ctrl Pts',(14.8415293177734,2.14840292302542,1.98504480973964));
#15244=CARTESIAN_POINT('Ctrl Pts',(14.8982111628665,2.26791608132598,1.93004776644551));
#15245=CARTESIAN_POINT('Ctrl Pts',(14.9231728085373,2.32260145230621,1.89012189242871));
#15246=CARTESIAN_POINT('Ctrl Pts',(14.9624001561728,2.41100223944017,1.79257530720914));
#15247=CARTESIAN_POINT('Ctrl Pts',(14.9770170911291,2.44522749737109,1.73714909243325));
#15248=CARTESIAN_POINT('Ctrl Pts',(14.995503995161,2.48905634790962,1.61990190089409));
#15249=CARTESIAN_POINT('Ctrl Pts',(14.9999997988376,2.49999973922815,1.56036620480001));
#15250=CARTESIAN_POINT('Ctrl Pts',(14.9999997988383,2.49999973922977,1.50000000001342));
#15251=CARTESIAN_POINT('Origin',(7.50000011175871,4.999999769032,1.5));
#15252=CARTESIAN_POINT('',(14.4999985992934,4.499999769032,1.5));
#15253=CARTESIAN_POINT('',(15.0000002235174,4.499999769032,1.5));
#15254=CARTESIAN_POINT('',(7.50000011175871,4.499999769032,1.5));
#15255=CARTESIAN_POINT('',(15.0000002235174,4.999999769032,2.));
#15256=CARTESIAN_POINT('Origin',(15.0000002235174,4.999999769032,1.5));
#15257=CARTESIAN_POINT('',(14.2928914853175,4.999999769032,2.));
#15258=CARTESIAN_POINT('',(7.50000011175871,4.999999769032,2.));
#15259=CARTESIAN_POINT('Origin',(14.2928914853175,4.999999769032,1.5));
#15260=CARTESIAN_POINT('Origin',(8.10354722089027,7.43688656870094,1.5));
#15261=CARTESIAN_POINT('',(10.3333331098159,4.499999769032,1.5));
#15262=CARTESIAN_POINT('',(10.8333336574336,4.00000035762787,1.5));
#15263=CARTESIAN_POINT('',(7.74999423200939,7.08333277639573,1.5));
#15264=CARTESIAN_POINT('',(10.8333328540093,4.70710713881396,2.));
#15265=CARTESIAN_POINT('Origin',(10.8333328540093,4.70710713881396,1.5));
#15266=CARTESIAN_POINT('',(10.5404395582133,4.999999769032,2.));
#15267=CARTESIAN_POINT('',(8.10354722089027,7.43688656870094,2.));
#15268=CARTESIAN_POINT('Origin',(10.5404395582133,4.999999769032,1.5));
#15269=CARTESIAN_POINT('Origin',(10.4785454218854,8.22855323536557,1.5));
#15270=CARTESIAN_POINT('',(13.9999995206759,4.70710713881396,2.));
#15271=CARTESIAN_POINT('',(13.70710622488,4.999999769032,2.));
#15272=CARTESIAN_POINT('',(10.4785454218854,8.22855323536557,2.));
#15273=CARTESIAN_POINT('',(13.4999997764826,4.499999769032,1.5));
#15274=CARTESIAN_POINT('Origin',(13.70710622488,4.999999769032,1.5));
#15275=CARTESIAN_POINT('',(14.0000003241003,4.00000035762787,1.5));
#15276=CARTESIAN_POINT('',(10.1249924330045,7.87499944306035,1.5));
#15277=CARTESIAN_POINT('Origin',(13.9999995206759,4.70710713881396,1.5));
#15278=CARTESIAN_POINT('Origin',(7.50000011175871,4.999999769032,1.5));
#15279=CARTESIAN_POINT('',(11.1262248186509,4.999999769032,2.));
#15280=CARTESIAN_POINT('',(7.50000011175871,4.999999769032,2.));
#15281=CARTESIAN_POINT('',(11.3333319326268,4.499999769032,1.5));
#15282=CARTESIAN_POINT('Origin',(11.1262248186509,4.999999769032,1.5));
#15283=CARTESIAN_POINT('',(7.50000011175871,4.499999769032,1.5));
#15284=CARTESIAN_POINT('Origin',(8.39645159943238,2.2702203465956,1.5));
#15285=CARTESIAN_POINT('',(8.75000539173759,1.91666735771472,1.5));
#15286=CARTESIAN_POINT('',(8.39645159943238,2.2702203465956,2.));
#15287=CARTESIAN_POINT('Origin',(10.7714533984372,1.47855367993098,1.5));
#15288=CARTESIAN_POINT('',(10.7714533984372,1.47855367993098,2.));
#15289=CARTESIAN_POINT('',(11.1250071907424,1.1250006910501,1.5));
#15290=CARTESIAN_POINT('Origin',(7.50000011175871,4.999999769032,1.5));
#15291=CARTESIAN_POINT('',(8.16666526596009,4.499999769032,1.5));
#15292=CARTESIAN_POINT('',(7.50000011175871,4.499999769032,1.5));
#15293=CARTESIAN_POINT('',(7.95955815198421,4.999999769032,2.));
#15294=CARTESIAN_POINT('',(7.50000011175871,4.999999769032,2.));
#15295=CARTESIAN_POINT('Origin',(7.95955815198421,4.999999769032,1.5));
#15296=CARTESIAN_POINT('Origin',(15.0000002235174,3.49999975413084,1.5));
#15297=CARTESIAN_POINT('Origin',(15.0000002235174,3.49999975413084,2.));
#15298=CARTESIAN_POINT('Origin',(15.0000002235174,3.49999975413084,1.5));
#15299=CARTESIAN_POINT('Origin',(6.02144980042753,3.06188701326022,1.5));
#15300=CARTESIAN_POINT('',(6.37500359273274,2.70833402437934,1.5));
#15301=CARTESIAN_POINT('',(6.02144980042753,3.06188701326022,2.));
#15302=CARTESIAN_POINT('Origin',(7.50000011175871,4.999999769032,1.5));
#15303=CARTESIAN_POINT('',(4.99999859929343,4.499999769032,1.5));
#15304=CARTESIAN_POINT('',(7.50000011175871,4.499999769032,1.5));
#15305=CARTESIAN_POINT('',(4.79289148531755,4.999999769032,2.));
#15306=CARTESIAN_POINT('',(7.50000011175871,4.999999769032,2.));
#15307=CARTESIAN_POINT('Origin',(4.79289148531755,4.999999769032,1.5));
#15308=CARTESIAN_POINT('Origin',(3.64644800142268,3.85355367992484,1.5));
#15309=CARTESIAN_POINT('',(4.00000179372789,3.50000069104397,1.5));
#15310=CARTESIAN_POINT('',(3.64644800142268,3.85355367992484,2.));
#15311=CARTESIAN_POINT('Origin',(7.50000011175871,4.999999769032,1.5));
#15312=CARTESIAN_POINT('',(1.83333193262676,4.499999769032,1.5));
#15313=CARTESIAN_POINT('',(7.50000011175871,4.499999769032,1.5));
#15314=CARTESIAN_POINT('',(1.62622481865088,4.999999769032,2.));
#15315=CARTESIAN_POINT('',(7.50000011175871,4.999999769032,2.));
#15316=CARTESIAN_POINT('Origin',(1.62622481865088,4.999999769032,1.5));
#15317=CARTESIAN_POINT('Origin',(1.27144620241783,4.64522034658946,1.5));
#15318=CARTESIAN_POINT('',(1.62499999472304,4.29166735770859,1.5));
#15319=CARTESIAN_POINT('',(1.27144620241783,4.64522034658946,2.));
#15320=CARTESIAN_POINT('Origin',(7.50000011175871,4.999999769032,1.5));
#15321=CARTESIAN_POINT('',(-1.33333473403991,4.499999769032,1.5));
#15322=CARTESIAN_POINT('',(7.50000011175871,4.499999769032,1.5));
#15323=CARTESIAN_POINT('',(-1.54044184801579,4.999999769032,2.));
#15324=CARTESIAN_POINT('',(7.50000011175871,4.999999769032,2.));
#15325=CARTESIAN_POINT('Origin',(-1.54044184801579,4.999999769032,1.5));
#15326=CARTESIAN_POINT('Origin',(-1.10355559658702,5.43688701325409,1.5));
#15327=CARTESIAN_POINT('',(-0.750001804281808,5.08333402437321,1.5));
#15328=CARTESIAN_POINT('',(-1.10355559658702,5.43688701325409,2.));
#15329=CARTESIAN_POINT('Origin',(7.50000011175871,4.999999769032,1.5));
#15330=CARTESIAN_POINT('',(-4.50000140070657,4.499999769032,1.5));
#15331=CARTESIAN_POINT('',(7.50000011175871,4.499999769032,1.5));
#15332=CARTESIAN_POINT('',(-4.70710851468245,4.999999769032,2.));
#15333=CARTESIAN_POINT('',(7.50000011175871,4.999999769032,2.));
#15334=CARTESIAN_POINT('Origin',(-4.70710851468245,4.999999769032,1.5));
#15335=CARTESIAN_POINT('Origin',(-3.47855739559187,6.22855367991871,1.5));
#15336=CARTESIAN_POINT('',(-3.12500360328666,5.87500069103783,1.5));
#15337=CARTESIAN_POINT('',(-3.47855739559187,6.22855367991871,2.));
#15338=CARTESIAN_POINT('Origin',(7.50000011175871,4.999999769032,1.5));
#15339=CARTESIAN_POINT('',(-7.66666806737324,4.499999769032,1.5));
#15340=CARTESIAN_POINT('',(7.50000011175871,4.499999769032,1.5));
#15341=CARTESIAN_POINT('',(-7.87377518134912,4.999999769032,2.));
#15342=CARTESIAN_POINT('',(7.50000011175871,4.999999769032,2.));
#15343=CARTESIAN_POINT('Origin',(-7.87377518134912,4.999999769032,1.5));
#15344=CARTESIAN_POINT('Origin',(-5.85355919459672,7.02022034658333,1.5));
#15345=CARTESIAN_POINT('',(-5.50000540229151,6.66666735770246,1.5));
#15346=CARTESIAN_POINT('',(-5.85355919459672,7.02022034658333,2.));
#15347=CARTESIAN_POINT('Origin',(7.50000011175871,4.999999769032,1.5));
#15348=CARTESIAN_POINT('',(-10.8333347340399,4.499999769032,1.5));
#15349=CARTESIAN_POINT('',(7.50000011175871,4.499999769032,1.5));
#15350=CARTESIAN_POINT('',(-11.0404418480158,4.999999769032,2.));
#15351=CARTESIAN_POINT('',(7.50000011175871,4.999999769032,2.));
#15352=CARTESIAN_POINT('Origin',(-11.0404418480158,4.999999769032,1.5));
#15353=CARTESIAN_POINT('Origin',(-8.22856099360157,7.81188701324796,1.5));
#15354=CARTESIAN_POINT('',(-7.87500720129636,7.45833402436708,1.5));
#15355=CARTESIAN_POINT('',(-8.22856099360157,7.81188701324796,2.));
#15356=CARTESIAN_POINT('Origin',(7.50000011175871,4.999999769032,1.5));
#15357=CARTESIAN_POINT('',(-14.0000014007066,4.499999769032,1.5));
#15358=CARTESIAN_POINT('',(7.50000011175871,4.499999769032,1.5));
#15359=CARTESIAN_POINT('',(-14.2071085146825,4.999999769032,2.));
#15360=CARTESIAN_POINT('',(7.50000011175871,4.999999769032,2.));
#15361=CARTESIAN_POINT('Origin',(-14.2071085146824,4.999999769032,1.5));
#15362=CARTESIAN_POINT('Origin',(-10.6035627926064,8.60355367991258,1.5));
#15363=CARTESIAN_POINT('',(-10.2500090003012,8.2500006910317,1.5));
#15364=CARTESIAN_POINT('',(-10.6035627926064,8.60355367991258,2.));
#15365=CARTESIAN_POINT('Origin',(-7.50000011175871,1.99999973922968,1.5));
#15366=CARTESIAN_POINT('',(-14.2928932138482,1.99999973922968,2.));
#15367=CARTESIAN_POINT('',(-7.50000011175871,1.99999973922968,2.));
#15368=CARTESIAN_POINT('Origin',(-14.2928932138482,1.99999973922968,1.5));
#15369=CARTESIAN_POINT('Origin',(-9.77145435397547,6.52144887375464,1.5));
#15370=CARTESIAN_POINT('',(-14.0000005972822,2.29289302137353,2.));
#15371=CARTESIAN_POINT('',(-9.77145435397547,6.52144887375464,2.));
#15372=CARTESIAN_POINT('Origin',(-14.0000005972822,2.29289302137353,1.5));
#15373=CARTESIAN_POINT('Origin',(-11.4785460812566,-0.228555764836793,1.5));
#15374=CARTESIAN_POINT('',(-11.4785460812566,-0.228555764836793,2.));
#15375=CARTESIAN_POINT('Origin',(15.0000002235174,3.49999975413084,2.));
#15376=CARTESIAN_POINT('',(15.0000002235174,4.499999769032,2.));
#15377=CARTESIAN_POINT('Origin',(15.0000002235174,4.499999769032,2.));
#15378=CARTESIAN_POINT('',(14.4999985992934,4.499999769032,2.));
#15379=CARTESIAN_POINT('Origin',(14.4999985992934,4.499999769032,2.));
#15380=CARTESIAN_POINT('',(14.0000003241003,4.00000035762787,2.));
#15381=CARTESIAN_POINT('Origin',(14.0000003241003,4.00000035762787,2.));
#15382=CARTESIAN_POINT('',(13.4999997764826,4.499999769032,2.));
#15383=CARTESIAN_POINT('Origin',(0.,5.49999978393316,2.));
#15384=CARTESIAN_POINT('',(-15.0000002235174,0.999999783933161,2.));
#15385=CARTESIAN_POINT('',(-15.0000002235174,9.99999978393316,2.));
#15386=CARTESIAN_POINT('Origin',(-15.0000002235174,5.49999978393316,2.));
#15387=CARTESIAN_POINT('',(15.0000002235174,0.999999783933161,2.));
#15388=CARTESIAN_POINT('',(7.50000011175871,0.999999783933161,2.));
#15389=CARTESIAN_POINT('',(15.0000002235174,9.99999978393316,2.));
#15390=CARTESIAN_POINT('Origin',(15.0000002235174,5.49999978393316,2.));
#15391=CARTESIAN_POINT('',(-7.50000011175871,9.99999978393316,2.));
#15392=CARTESIAN_POINT('',(-15.0000002235174,8.99999982863665,2.));
#15393=CARTESIAN_POINT('',(-14.7760869135625,6.0168063420911,2.));
#15394=CARTESIAN_POINT('Origin',(-15.0000002235174,7.49999981373549,2.));
#15395=CARTESIAN_POINT('',(-14.2928924499382,8.99999982863665,2.));
#15396=CARTESIAN_POINT('',(7.50000011175871,8.99999982863665,2.));
#15397=CARTESIAN_POINT('',(-13.9999992005281,8.70710654649326,2.));
#15398=CARTESIAN_POINT('',(-9.52144641549267,4.22855326094099,2.));
#15399=CARTESIAN_POINT('',(-13.7071058856514,8.99999982863664,2.));
#15400=CARTESIAN_POINT('',(-11.2285523454512,11.4785530918372,2.));
#15401=CARTESIAN_POINT('',(-11.1262257832715,8.99999982863665,2.));
#15402=CARTESIAN_POINT('',(7.50000011175871,8.99999982863665,2.));
#15403=CARTESIAN_POINT('',(-10.8333325338615,8.70710654649326,2.));
#15404=CARTESIAN_POINT('',(-7.14644632701712,5.02021992760765,2.));
#15405=CARTESIAN_POINT('',(-10.5404392189847,8.99999982863665,2.));
#15406=CARTESIAN_POINT('',(-8.85355243392679,10.6868864251705,2.));
#15407=CARTESIAN_POINT('',(-7.95955911660486,8.99999982863665,2.));
#15408=CARTESIAN_POINT('',(7.50000011175871,8.99999982863665,2.));
#15409=CARTESIAN_POINT('',(-7.66666586719481,8.70710654649326,2.));
#15410=CARTESIAN_POINT('',(-4.77144623854156,5.81188659427431,2.));
#15411=CARTESIAN_POINT('',(-7.37377255231808,8.99999982863664,2.));
#15412=CARTESIAN_POINT('',(-6.47855252240235,9.89521975850385,2.));
#15413=CARTESIAN_POINT('',(-4.79289244993819,8.99999982863665,2.));
#15414=CARTESIAN_POINT('',(7.50000011175871,8.99999982863665,2.));
#15415=CARTESIAN_POINT('',(-4.49999920052814,8.70710654649326,2.));
#15416=CARTESIAN_POINT('',(-2.39644615006601,6.60355326094097,2.));
#15417=CARTESIAN_POINT('',(-4.20710588565141,8.99999982863665,2.));
#15418=CARTESIAN_POINT('',(-4.1035526108779,9.10355309183719,2.));
#15419=CARTESIAN_POINT('',(-1.62622578327152,8.99999982863665,2.));
#15420=CARTESIAN_POINT('',(7.50000011175871,8.99999982863665,2.));
#15421=CARTESIAN_POINT('',(-1.33333253386148,8.70710654649326,2.));
#15422=CARTESIAN_POINT('',(-0.0214460615904526,7.39521992760763,2.));
#15423=CARTESIAN_POINT('',(-1.04043921898474,8.99999982863665,2.));
#15424=CARTESIAN_POINT('',(-1.72855269935345,8.31188642517052,2.));
#15425=CARTESIAN_POINT('',(1.54044088339514,8.99999982863665,2.));
#15426=CARTESIAN_POINT('',(7.50000011175871,8.99999982863665,2.));
#15427=CARTESIAN_POINT('',(1.83333413280519,8.70710654649326,2.));
#15428=CARTESIAN_POINT('',(2.3535540268851,8.1868865942743,2.));
#15429=CARTESIAN_POINT('',(2.12622744768193,8.99999982863665,2.));
#15430=CARTESIAN_POINT('',(0.646447212170991,7.52021975850386,2.));
#15431=CARTESIAN_POINT('',(4.70710755006181,8.99999982863665,2.));
#15432=CARTESIAN_POINT('',(7.50000011175871,8.99999982863665,2.));
#15433=CARTESIAN_POINT('',(5.00000079947186,8.70710654649326,2.));
#15434=CARTESIAN_POINT('',(4.72855411536066,8.97855326094096,2.));
#15435=CARTESIAN_POINT('',(5.29289411434859,8.99999982863665,2.));
#15436=CARTESIAN_POINT('',(3.02144712369544,6.7285530918372,2.));
#15437=CARTESIAN_POINT('',(7.87377421672848,8.99999982863665,2.));
#15438=CARTESIAN_POINT('',(7.50000011175871,8.99999982863665,2.));
#15439=CARTESIAN_POINT('',(8.16666746613853,8.70710654649326,2.));
#15440=CARTESIAN_POINT('',(7.10355420383622,9.77021992760762,2.));
#15441=CARTESIAN_POINT('',(8.45956078101526,8.99999982863665,2.));
#15442=CARTESIAN_POINT('',(5.39644703521988,5.93688642517054,2.));
#15443=CARTESIAN_POINT('',(11.0404408833951,8.99999982863665,2.));
#15444=CARTESIAN_POINT('',(7.50000011175871,8.99999982863665,2.));
#15445=CARTESIAN_POINT('',(11.3333341328052,8.70710654649326,2.));
#15446=CARTESIAN_POINT('',(9.47855429231177,10.5618865942743,2.));
#15447=CARTESIAN_POINT('',(11.6262274476819,8.99999982863665,2.));
#15448=CARTESIAN_POINT('',(7.77144694674433,5.14521975850388,2.));
#15449=CARTESIAN_POINT('',(14.2071075500618,8.99999982863665,2.));
#15450=CARTESIAN_POINT('',(7.50000011175871,8.99999982863665,2.));
#15451=CARTESIAN_POINT('',(14.5000007994719,8.70710654649326,2.));
#15452=CARTESIAN_POINT('',(11.8535543807873,11.3535532609409,2.));
#15453=CARTESIAN_POINT('',(14.776087685795,8.98319340196131,2.));
#15454=CARTESIAN_POINT('',(10.1464468582688,4.35355309183722,2.));
#15455=CARTESIAN_POINT('',(15.0000002235174,5.99999979883432,2.));
#15456=CARTESIAN_POINT('Origin',(15.0000002235174,7.49999981373549,2.));
#15457=CARTESIAN_POINT('',(14.292893962406,5.99999979883432,2.));
#15458=CARTESIAN_POINT('',(-7.50000011175871,5.99999979883432,2.));
#15459=CARTESIAN_POINT('',(14.0000002845876,6.2928935093861,2.));
#15460=CARTESIAN_POINT('',(10.5214473505405,9.77144683219137,2.));
#15461=CARTESIAN_POINT('',(13.7071065413025,5.99999979883432,2.));
#15462=CARTESIAN_POINT('',(10.2285528222884,2.52144646857847,2.));
#15463=CARTESIAN_POINT('',(11.1262272957393,5.99999979883432,2.));
#15464=CARTESIAN_POINT('',(-7.50000011175871,5.99999979883432,2.));
#15465=CARTESIAN_POINT('',(10.833333617921,6.2928935093861,2.));
#15466=CARTESIAN_POINT('',(8.146447262065,8.97978016552471,2.));
#15467=CARTESIAN_POINT('',(10.5404398746358,5.99999979883432,2.));
#15468=CARTESIAN_POINT('',(7.85355291076391,3.31311313524513,2.));
#15469=CARTESIAN_POINT('',(7.95956062907268,5.99999979883432,2.));
#15470=CARTESIAN_POINT('',(-7.50000011175871,5.99999979883432,2.));
#15471=CARTESIAN_POINT('',(7.66666695125429,6.2928935093861,2.));
#15472=CARTESIAN_POINT('',(5.77144717358945,8.18811349885804,2.));
#15473=CARTESIAN_POINT('',(7.37377320796913,5.99999979883432,2.));
#15474=CARTESIAN_POINT('',(5.47855299923947,4.1047798019118,2.));
#15475=CARTESIAN_POINT('',(4.79289396240601,5.99999979883432,2.));
#15476=CARTESIAN_POINT('',(-7.50000011175871,5.99999979883432,2.));
#15477=CARTESIAN_POINT('',(4.50000028458762,6.2928935093861,2.));
#15478=CARTESIAN_POINT('',(3.3964470851139,7.39644683219138,2.));
#15479=CARTESIAN_POINT('',(4.20710654130246,5.99999979883432,2.));
#15480=CARTESIAN_POINT('',(3.10355308771502,4.89644646857846,2.));
#15481=CARTESIAN_POINT('',(1.62622729573934,5.99999979883432,2.));
#15482=CARTESIAN_POINT('',(-7.50000011175871,5.99999979883432,2.));
#15483=CARTESIAN_POINT('',(1.33333361792096,6.2928935093861,2.));
#15484=CARTESIAN_POINT('',(1.02144699663834,6.60478016552472,2.));
#15485=CARTESIAN_POINT('',(1.04043987463579,5.99999979883432,2.));
#15486=CARTESIAN_POINT('',(0.728553176190572,5.68811313524512,2.));
#15487=CARTESIAN_POINT('',(-1.54043937092732,5.99999979883432,2.));
#15488=CARTESIAN_POINT('',(-7.50000011175871,5.99999979883432,2.));
#15489=CARTESIAN_POINT('',(-1.83333304874571,6.2928935093861,2.));
#15490=CARTESIAN_POINT('',(-1.35355309183721,5.81311349885806,2.));
#15491=CARTESIAN_POINT('',(-2.12622679203087,5.99999979883432,2.));
#15492=CARTESIAN_POINT('',(-1.64644673533388,6.47977980191178,2.));
#15493=CARTESIAN_POINT('',(-4.70710603759399,5.99999979883432,2.));
#15494=CARTESIAN_POINT('',(-7.50000011175871,5.99999979883432,2.));
#15495=CARTESIAN_POINT('',(-4.99999971541237,6.2928935093861,2.));
#15496=CARTESIAN_POINT('',(-3.72855318031276,5.0214468321914,2.));
#15497=CARTESIAN_POINT('',(-5.29289345869754,5.99999979883432,2.));
#15498=CARTESIAN_POINT('',(-4.02144664685832,7.27144646857844,2.));
#15499=CARTESIAN_POINT('',(-7.87377270426066,5.99999979883432,2.));
#15500=CARTESIAN_POINT('',(-7.50000011175871,5.99999979883432,2.));
#15501=CARTESIAN_POINT('',(-8.16666638207904,6.2928935093861,2.));
#15502=CARTESIAN_POINT('',(-6.10355326878831,4.22978016552474,2.));
#15503=CARTESIAN_POINT('',(-8.45956012536421,5.99999979883432,2.));
#15504=CARTESIAN_POINT('',(-6.39644655838277,8.0631131352451,2.));
#15505=CARTESIAN_POINT('',(-11.0404393709273,5.99999979883432,2.));
#15506=CARTESIAN_POINT('',(-7.50000011175871,5.99999979883432,2.));
#15507=CARTESIAN_POINT('',(-11.3333330487457,6.2928935093861,2.));
#15508=CARTESIAN_POINT('',(-8.47855335726386,3.43811349885808,2.));
#15509=CARTESIAN_POINT('',(-11.6262267920309,5.99999979883432,2.));
#15510=CARTESIAN_POINT('',(-8.77144646990722,8.85477980191176,2.));
#15511=CARTESIAN_POINT('',(-14.207106037594,5.99999979883432,2.));
#15512=CARTESIAN_POINT('',(-7.50000011175871,5.99999979883432,2.));
#15513=CARTESIAN_POINT('',(-14.4999997154124,6.2928935093861,2.));
#15514=CARTESIAN_POINT('',(-10.8535534457394,2.64644683219141,2.));
#15515=CARTESIAN_POINT('',(-11.1464463814317,9.64644646857843,2.));
#15516=CARTESIAN_POINT('Origin',(-7.50000011175871,5.99999979883432,1.5));
#15517=CARTESIAN_POINT('Origin',(-8.45956012536421,5.99999979883432,1.5));
#15518=CARTESIAN_POINT('Origin',(-11.0404393709273,5.99999979883432,1.5));
#15519=CARTESIAN_POINT('Origin',(-8.47855335726386,3.43811349885808,1.5));
#15520=CARTESIAN_POINT('Origin',(-11.3333330487457,6.2928935093861,1.5));
#15521=CARTESIAN_POINT('Origin',(-6.10355326878831,4.22978016552474,1.5));
#15522=CARTESIAN_POINT('Origin',(-7.87377270426066,5.99999979883432,1.5));
#15523=CARTESIAN_POINT('Origin',(-8.16666638207904,6.2928935093861,1.5));
#15524=CARTESIAN_POINT('Origin',(-7.50000011175871,5.99999979883432,1.5));
#15525=CARTESIAN_POINT('Origin',(-5.29289345869754,5.99999979883432,1.5));
#15526=CARTESIAN_POINT('Origin',(-3.72855318031276,5.0214468321914,1.5));
#15527=CARTESIAN_POINT('Origin',(-4.70710603759399,5.99999979883432,1.5));
#15528=CARTESIAN_POINT('Origin',(-4.99999971541237,6.2928935093861,1.5));
#15529=CARTESIAN_POINT('Origin',(-7.50000011175871,5.99999979883432,1.5));
#15530=CARTESIAN_POINT('Origin',(-2.12622679203087,5.99999979883432,1.5));
#15531=CARTESIAN_POINT('Origin',(-9.52144641549267,4.22855326094099,1.5));
#15532=CARTESIAN_POINT('',(-13.9999992400408,7.99999976530671,1.5));
#15533=CARTESIAN_POINT('',(-9.87499982584226,3.87499989010403,1.5));
#15534=CARTESIAN_POINT('Origin',(-13.9999992005281,8.70710654649326,1.5));
#15535=CARTESIAN_POINT('Origin',(-14.2928924499382,8.99999982863665,1.5));
#15536=CARTESIAN_POINT('Origin',(-1.35355309183721,5.81311349885806,1.5));
#15537=CARTESIAN_POINT('Origin',(-1.54043937092732,5.99999979883432,1.5));
#15538=CARTESIAN_POINT('Origin',(-1.83333304874571,6.2928935093861,1.5));
#15539=CARTESIAN_POINT('Origin',(-7.50000011175871,5.99999979883432,1.5));
#15540=CARTESIAN_POINT('Origin',(1.04043987463579,5.99999979883432,1.5));
#15541=CARTESIAN_POINT('Origin',(-7.14644632701712,5.02021992760765,1.5));
#15542=CARTESIAN_POINT('',(-11.3333325808247,8.49999982863665,1.5));
#15543=CARTESIAN_POINT('',(-10.8333325733741,7.99999976530671,1.5));
#15544=CARTESIAN_POINT('',(-7.49999973736671,4.66666655677069,1.5));
#15545=CARTESIAN_POINT('Origin',(-10.8333325338615,8.70710654649326,1.5));
#15546=CARTESIAN_POINT('Origin',(-11.1262257832715,8.99999982863665,1.5));
#15547=CARTESIAN_POINT('Origin',(1.02144699663834,6.60478016552472,1.5));
#15548=CARTESIAN_POINT('Origin',(1.62622729573934,5.99999979883432,1.5));
#15549=CARTESIAN_POINT('Origin',(1.33333361792096,6.2928935093861,1.5));
#15550=CARTESIAN_POINT('Origin',(-7.50000011175871,5.99999979883432,1.5));
#15551=CARTESIAN_POINT('Origin',(4.20710654130246,5.99999979883432,1.5));
#15552=CARTESIAN_POINT('Origin',(-4.77144623854156,5.81188659427431,1.5));
#15553=CARTESIAN_POINT('',(-8.16666591415808,8.49999982863665,1.5));
#15554=CARTESIAN_POINT('',(-7.66666590670744,7.99999976530671,1.5));
#15555=CARTESIAN_POINT('',(-5.12499964889115,5.45833322343735,1.5));
#15556=CARTESIAN_POINT('Origin',(-7.66666586719481,8.70710654649326,1.5));
#15557=CARTESIAN_POINT('Origin',(-7.95955911660486,8.99999982863665,1.5));
#15558=CARTESIAN_POINT('Origin',(3.3964470851139,7.39644683219138,1.5));
#15559=CARTESIAN_POINT('Origin',(4.79289396240601,5.99999979883432,1.5));
#15560=CARTESIAN_POINT('Origin',(4.50000028458762,6.2928935093861,1.5));
#15561=CARTESIAN_POINT('Origin',(-7.50000011175871,5.99999979883432,1.5));
#15562=CARTESIAN_POINT('Origin',(7.37377320796913,5.99999979883432,1.5));
#15563=CARTESIAN_POINT('Origin',(-2.39644615006601,6.60355326094097,1.5));
#15564=CARTESIAN_POINT('',(-4.99999924749141,8.49999982863665,1.5));
#15565=CARTESIAN_POINT('',(-4.49999924004077,7.99999976530671,1.5));
#15566=CARTESIAN_POINT('',(-2.7499995604156,6.24999989010401,1.5));
#15567=CARTESIAN_POINT('Origin',(-4.49999920052814,8.70710654649326,1.5));
#15568=CARTESIAN_POINT('Origin',(-4.79289244993819,8.99999982863665,1.5));
#15569=CARTESIAN_POINT('Origin',(5.77144717358945,8.18811349885804,1.5));
#15570=CARTESIAN_POINT('Origin',(7.95956062907268,5.99999979883432,1.5));
#15571=CARTESIAN_POINT('Origin',(7.66666695125429,6.2928935093861,1.5));
#15572=CARTESIAN_POINT('Origin',(-7.50000011175871,5.99999979883432,1.5));
#15573=CARTESIAN_POINT('Origin',(10.5404398746358,5.99999979883432,1.5));
#15574=CARTESIAN_POINT('Origin',(-0.0214460615904526,7.39521992760763,1.5));
#15575=CARTESIAN_POINT('',(-1.83333258082474,8.49999982863665,1.5));
#15576=CARTESIAN_POINT('',(-1.33333257337411,7.99999976530671,1.5));
#15577=CARTESIAN_POINT('',(-0.374999471940042,7.04166655677068,1.5));
#15578=CARTESIAN_POINT('Origin',(-1.33333253386147,8.70710654649326,1.5));
#15579=CARTESIAN_POINT('Origin',(-1.62622578327152,8.99999982863665,1.5));
#15580=CARTESIAN_POINT('Origin',(8.146447262065,8.97978016552471,1.5));
#15581=CARTESIAN_POINT('Origin',(11.1262272957393,5.99999979883432,1.5));
#15582=CARTESIAN_POINT('Origin',(10.833333617921,6.2928935093861,1.5));
#15583=CARTESIAN_POINT('Origin',(-7.50000011175871,5.99999979883432,1.5));
#15584=CARTESIAN_POINT('Origin',(13.7071065413025,5.99999979883432,1.5));
#15585=CARTESIAN_POINT('Origin',(2.3535540268851,8.1868865942743,1.5));
#15586=CARTESIAN_POINT('',(1.33333408584192,8.49999982863665,1.5));
#15587=CARTESIAN_POINT('',(1.83333409329256,7.99999976530671,1.5));
#15588=CARTESIAN_POINT('',(2.00000061653551,7.83333322343734,1.5));
#15589=CARTESIAN_POINT('Origin',(1.83333413280519,8.70710654649326,1.5));
#15590=CARTESIAN_POINT('Origin',(1.54044088339514,8.99999982863665,1.5));
#15591=CARTESIAN_POINT('Origin',(10.5214473505405,9.77144683219137,1.5));
#15592=CARTESIAN_POINT('Origin',(14.292893962406,5.99999979883432,1.5));
#15593=CARTESIAN_POINT('Origin',(14.0000002845876,6.2928935093861,1.5));
#15594=CARTESIAN_POINT('Origin',(15.0000002235174,7.49999981373549,1.5));
#15595=CARTESIAN_POINT('',(15.0000002235174,8.49999982863665,1.5));
#15596=CARTESIAN_POINT('',(15.0000002235174,6.49999979883432,1.5));
#15597=CARTESIAN_POINT('Origin',(15.0000002235174,7.49999981373549,1.5));
#15598=CARTESIAN_POINT('Origin',(15.0000002235174,5.99999979883432,1.5));
#15599=CARTESIAN_POINT('Ctrl Pts',(14.776087685795,8.98319340196131,2.));
#15600=CARTESIAN_POINT('Ctrl Pts',(14.7766233464424,8.98213262709744,2.));
#15601=CARTESIAN_POINT('Ctrl Pts',(14.7771588091284,8.98107175480462,1.99999617709048));
#15602=CARTESIAN_POINT('Ctrl Pts',(14.8101177359558,8.91574244035066,1.99952546609631));
#15603=CARTESIAN_POINT('Ctrl Pts',(14.8415303224515,8.8515967291724,1.98504480244817));
#15604=CARTESIAN_POINT('Ctrl Pts',(14.8982122149082,8.73208351534152,1.93004773250629));
#15605=CARTESIAN_POINT('Ctrl Pts',(14.9231738793902,8.67739811716381,1.89012183963512));
#15606=CARTESIAN_POINT('Ctrl Pts',(14.9624012413046,8.58899731288639,1.79257522898973));
#15607=CARTESIAN_POINT('Ctrl Pts',(14.9770181772779,8.55477205503333,1.73714901702421));
#15608=CARTESIAN_POINT('Ctrl Pts',(14.9955050772824,8.51094321578469,1.61990184982988));
#15609=CARTESIAN_POINT('Ctrl Pts',(15.0000008791693,8.49999982863392,1.56036617971553));
#15610=CARTESIAN_POINT('Ctrl Pts',(15.0000008791683,8.49999982863643,1.49999999997919));
#15611=CARTESIAN_POINT('Origin',(4.72855411536066,8.97855326094096,1.5));
#15612=CARTESIAN_POINT('',(4.50000075250859,8.49999982863665,1.5));
#15613=CARTESIAN_POINT('',(5.00000075995923,7.99999976530671,1.5));
#15614=CARTESIAN_POINT('',(4.37500070501107,8.624999890104,1.5));
#15615=CARTESIAN_POINT('Origin',(5.00000079947186,8.70710654649326,1.5));
#15616=CARTESIAN_POINT('Origin',(4.70710755006181,8.99999982863665,1.5));
#15617=CARTESIAN_POINT('Origin',(11.8535543807873,11.3535532609409,1.5));
#15618=CARTESIAN_POINT('',(14.0000007525086,8.49999982863665,1.5));
#15619=CARTESIAN_POINT('Origin',(14.2071075500618,8.99999982863665,1.5));
#15620=CARTESIAN_POINT('',(14.5000007599592,7.99999976530671,1.5));
#15621=CARTESIAN_POINT('',(11.5000009704377,10.999999890104,1.5));
#15622=CARTESIAN_POINT('Origin',(14.5000007994719,8.70710654649326,1.5));
#15623=CARTESIAN_POINT('Origin',(7.50000011175871,8.99999982863665,1.5));
#15624=CARTESIAN_POINT('',(11.8333342125018,8.49999982863665,1.5));
#15625=CARTESIAN_POINT('Origin',(11.6262274476819,8.99999982863665,1.5));
#15626=CARTESIAN_POINT('',(7.50000011175871,8.49999982863665,1.5));
#15627=CARTESIAN_POINT('Origin',(7.10355420383622,9.77021992760762,1.5));
#15628=CARTESIAN_POINT('',(7.66666741917526,8.49999982863665,1.5));
#15629=CARTESIAN_POINT('',(8.1666674266259,7.99999976530671,1.5));
#15630=CARTESIAN_POINT('',(6.75000079348663,9.41666655677066,1.5));
#15631=CARTESIAN_POINT('Origin',(8.16666746613853,8.70710654649326,1.5));
#15632=CARTESIAN_POINT('Origin',(7.87377421672848,8.99999982863665,1.5));
#15633=CARTESIAN_POINT('Origin',(9.47855429231177,10.5618865942743,1.5));
#15634=CARTESIAN_POINT('',(10.8333340858419,8.49999982863665,1.5));
#15635=CARTESIAN_POINT('Origin',(11.0404408833951,8.99999982863665,1.5));
#15636=CARTESIAN_POINT('',(11.3333340932926,7.99999976530671,1.5));
#15637=CARTESIAN_POINT('',(9.12500088196218,10.2083332234373,1.5));
#15638=CARTESIAN_POINT('Origin',(11.3333341328052,8.70710654649326,1.5));
#15639=CARTESIAN_POINT('Origin',(7.50000011175871,8.99999982863665,1.5));
#15640=CARTESIAN_POINT('',(8.66666754583514,8.49999982863665,1.5));
#15641=CARTESIAN_POINT('Origin',(8.45956078101526,8.99999982863665,1.5));
#15642=CARTESIAN_POINT('',(7.50000011175871,8.49999982863665,1.5));
#15643=CARTESIAN_POINT('Origin',(5.39644703521988,5.93688642517054,1.5));
#15644=CARTESIAN_POINT('',(5.75000040605684,5.58333301482095,1.5));
#15645=CARTESIAN_POINT('Origin',(7.77144694674433,5.14521975850388,1.5));
#15646=CARTESIAN_POINT('',(8.12500031758128,4.79166634815429,1.5));
#15647=CARTESIAN_POINT('Origin',(7.50000011175871,8.99999982863665,1.5));
#15648=CARTESIAN_POINT('',(5.50000087916847,8.49999982863665,1.5));
#15649=CARTESIAN_POINT('',(7.50000011175871,8.49999982863665,1.5));
#15650=CARTESIAN_POINT('Origin',(5.29289411434859,8.99999982863665,1.5));
#15651=CARTESIAN_POINT('Origin',(3.02144712369544,6.7285530918372,1.5));
#15652=CARTESIAN_POINT('',(3.37500049453239,6.37499968148761,1.5));
#15653=CARTESIAN_POINT('Origin',(10.1464468582688,4.35355309183722,1.5));
#15654=CARTESIAN_POINT('',(10.5000002291057,3.99999968148763,1.5));
#15655=CARTESIAN_POINT('Origin',(7.50000011175871,8.99999982863665,1.5));
#15656=CARTESIAN_POINT('',(2.3333342125018,8.49999982863665,1.5));
#15657=CARTESIAN_POINT('',(7.50000011175871,8.49999982863665,1.5));
#15658=CARTESIAN_POINT('Origin',(2.12622744768193,8.99999982863665,1.5));
#15659=CARTESIAN_POINT('Origin',(-7.50000011175871,5.99999979883432,1.5));
#15660=CARTESIAN_POINT('',(-7.50000011175871,6.49999979883432,1.5));
#15661=CARTESIAN_POINT('Origin',(0.646447212170991,7.52021975850386,1.5));
#15662=CARTESIAN_POINT('',(1.00000058300795,7.16666634815428,1.5));
#15663=CARTESIAN_POINT('Origin',(10.2285528222884,2.52144646857847,1.5));
#15664=CARTESIAN_POINT('Origin',(7.50000011175871,8.99999982863665,1.5));
#15665=CARTESIAN_POINT('',(-0.833332454164861,8.49999982863665,1.5));
#15666=CARTESIAN_POINT('',(7.50000011175871,8.49999982863665,1.5));
#15667=CARTESIAN_POINT('Origin',(-1.04043921898474,8.99999982863665,1.5));
#15668=CARTESIAN_POINT('Origin',(-1.72855269935345,8.31188642517052,1.5));
#15669=CARTESIAN_POINT('',(-1.3749993285165,7.95833301482094,1.5));
#15670=CARTESIAN_POINT('Origin',(7.85355291076391,3.31311313524513,1.5));
#15671=CARTESIAN_POINT('Origin',(7.50000011175871,8.99999982863665,1.5));
#15672=CARTESIAN_POINT('',(-3.99999912083153,8.49999982863665,1.5));
#15673=CARTESIAN_POINT('',(7.50000011175871,8.49999982863665,1.5));
#15674=CARTESIAN_POINT('Origin',(-4.20710588565141,8.99999982863665,1.5));
#15675=CARTESIAN_POINT('Origin',(-4.1035526108779,9.10355309183719,1.5));
#15676=CARTESIAN_POINT('',(-3.74999924004094,8.7499996814876,1.5));
#15677=CARTESIAN_POINT('Origin',(5.47855299923947,4.1047798019118,1.5));
#15678=CARTESIAN_POINT('Origin',(7.50000011175871,8.99999982863665,1.5));
#15679=CARTESIAN_POINT('',(-7.1666657874982,8.49999982863665,1.5));
#15680=CARTESIAN_POINT('',(7.50000011175871,8.49999982863665,1.5));
#15681=CARTESIAN_POINT('Origin',(-7.37377255231808,8.99999982863665,1.5));
#15682=CARTESIAN_POINT('Origin',(-6.47855252240235,9.89521975850385,1.5));
#15683=CARTESIAN_POINT('',(-6.12499915156539,9.54166634815426,1.5));
#15684=CARTESIAN_POINT('Origin',(3.10355308771502,4.89644646857846,1.5));
#15685=CARTESIAN_POINT('Origin',(7.50000011175871,8.99999982863665,1.5));
#15686=CARTESIAN_POINT('',(-10.3333324541649,8.49999982863665,1.5));
#15687=CARTESIAN_POINT('',(7.50000011175871,8.49999982863665,1.5));
#15688=CARTESIAN_POINT('Origin',(-10.5404392189847,8.99999982863665,1.5));
#15689=CARTESIAN_POINT('Origin',(-8.85355243392679,10.6868864251705,1.5));
#15690=CARTESIAN_POINT('',(-8.49999906308983,10.3333330148209,1.5));
#15691=CARTESIAN_POINT('Origin',(0.728553176190572,5.68811313524512,1.5));
#15692=CARTESIAN_POINT('Origin',(7.50000011175871,8.99999982863665,1.5));
#15693=CARTESIAN_POINT('',(-13.4999991208315,8.49999982863665,1.5));
#15694=CARTESIAN_POINT('',(7.50000011175871,8.49999982863665,1.5));
#15695=CARTESIAN_POINT('Origin',(-13.7071058856514,8.99999982863665,1.5));
#15696=CARTESIAN_POINT('Origin',(-11.2285523454512,11.4785530918372,1.5));
#15697=CARTESIAN_POINT('',(-10.8749989746143,11.1249996814876,1.5));
#15698=CARTESIAN_POINT('Origin',(-1.64644673533388,6.47977980191178,1.5));
#15699=CARTESIAN_POINT('Origin',(-15.0000002235174,7.49999981373549,1.5));
#15700=CARTESIAN_POINT('Origin',(-15.0000002235174,8.99999982863665,1.5));
#15701=CARTESIAN_POINT('Ctrl Pts',(-14.7760869135625,6.0168063420911,2.));
#15702=CARTESIAN_POINT('Ctrl Pts',(-14.7766225745175,6.01786711687774,2.));
#15703=CARTESIAN_POINT('Ctrl Pts',(-14.7771580375111,6.01892798909308,1.99999617708937));
#15704=CARTESIAN_POINT('Ctrl Pts',(-14.810116975975,6.08425728427766,1.99952546606383));
#15705=CARTESIAN_POINT('Ctrl Pts',(-14.8415295744902,6.14840297583058,1.98504480466288));
#15706=CARTESIAN_POINT('Ctrl Pts',(-14.8982114917532,6.26791615422682,1.93004774281221));
#15707=CARTESIAN_POINT('Ctrl Pts',(-14.9231731684548,6.32260153596941,1.89012185566382));
#15708=CARTESIAN_POINT('Ctrl Pts',(-14.9624005550177,6.41100232218753,1.79257525273605));
#15709=CARTESIAN_POINT('Ctrl Pts',(-14.977017501903,6.44522757527391,1.7371490399184));
#15710=CARTESIAN_POINT('Ctrl Pts',(-14.9955044174993,6.48905641189118,1.61990186533688));
#15711=CARTESIAN_POINT('Ctrl Pts',(-15.0000002235174,6.49999979883433,1.56036618733854));
#15712=CARTESIAN_POINT('Ctrl Pts',(-15.0000002235174,6.49999979883432,1.49999999999996));
#15713=CARTESIAN_POINT('Origin',(7.50000011175871,8.99999982863665,1.5));
#15714=CARTESIAN_POINT('Origin',(-11.1464463814317,9.64644646857843,1.5));
#15715=CARTESIAN_POINT('Origin',(-14.4999997154124,6.2928935093861,1.5));
#15716=CARTESIAN_POINT('Origin',(-10.8535534457394,2.64644683219141,1.5));
#15717=CARTESIAN_POINT('Origin',(-14.207106037594,5.99999979883432,1.5));
#15718=CARTESIAN_POINT('Origin',(-4.02144664685832,7.27144646857844,1.5));
#15719=CARTESIAN_POINT('Origin',(-7.50000011175871,5.99999979883432,1.5));
#15720=CARTESIAN_POINT('Origin',(-11.6262267920309,5.99999979883432,1.5));
#15721=CARTESIAN_POINT('Origin',(-8.77144646990722,8.85477980191176,1.5));
#15722=CARTESIAN_POINT('Origin',(-6.39644655838277,8.0631131352451,1.5));
#15723=CARTESIAN_POINT('Origin',(15.0000008791685,8.49999982863665,2.));
#15724=CARTESIAN_POINT('',(15.0000002235174,8.49999982863665,2.));
#15725=CARTESIAN_POINT('',(14.5000007599592,7.99999976530671,2.));
#15726=CARTESIAN_POINT('Origin',(14.5000007599592,7.99999976530671,2.));
#15727=CARTESIAN_POINT('',(14.0000007525086,8.49999982863665,2.));
#15728=CARTESIAN_POINT('Origin',(15.0000002235174,8.49999982863665,2.));
#15729=CARTESIAN_POINT('',(11.8333342125018,8.49999982863665,2.));
#15730=CARTESIAN_POINT('Origin',(11.8333342125018,8.49999982863665,2.));
#15731=CARTESIAN_POINT('',(11.3333340932926,7.99999976530671,2.));
#15732=CARTESIAN_POINT('Origin',(11.3333340932926,7.99999976530671,2.));
#15733=CARTESIAN_POINT('',(10.8333340858419,8.49999982863665,2.));
#15734=CARTESIAN_POINT('Origin',(15.0000002235174,8.49999982863665,2.));
#15735=CARTESIAN_POINT('',(8.66666754583514,8.49999982863665,2.));
#15736=CARTESIAN_POINT('Origin',(8.66666754583514,8.49999982863665,2.));
#15737=CARTESIAN_POINT('',(8.1666674266259,7.99999976530671,2.));
#15738=CARTESIAN_POINT('Origin',(8.1666674266259,7.99999976530671,2.));
#15739=CARTESIAN_POINT('',(7.66666741917526,8.49999982863665,2.));
#15740=CARTESIAN_POINT('Origin',(15.0000002235174,8.49999982863665,2.));
#15741=CARTESIAN_POINT('',(5.50000087916847,8.49999982863665,2.));
#15742=CARTESIAN_POINT('Origin',(5.50000087916847,8.49999982863665,2.));
#15743=CARTESIAN_POINT('',(5.00000075995923,7.99999976530671,2.));
#15744=CARTESIAN_POINT('Origin',(5.00000075995923,7.99999976530671,2.));
#15745=CARTESIAN_POINT('',(4.50000075250859,8.49999982863665,2.));
#15746=CARTESIAN_POINT('Origin',(15.0000002235174,8.49999982863665,2.));
#15747=CARTESIAN_POINT('',(2.3333342125018,8.49999982863665,2.));
#15748=CARTESIAN_POINT('Origin',(2.33333421250181,8.49999982863665,2.));
#15749=CARTESIAN_POINT('',(1.83333409329256,7.99999976530671,2.));
#15750=CARTESIAN_POINT('Origin',(1.83333409329256,7.99999976530671,2.));
#15751=CARTESIAN_POINT('',(1.33333408584192,8.49999982863665,2.));
#15752=CARTESIAN_POINT('Origin',(15.0000002235174,8.49999982863665,2.));
#15753=CARTESIAN_POINT('',(-0.833332454164861,8.49999982863665,2.));
#15754=CARTESIAN_POINT('Origin',(-0.833332454164861,8.49999982863665,2.));
#15755=CARTESIAN_POINT('',(-1.33333257337411,7.99999976530671,2.));
#15756=CARTESIAN_POINT('Origin',(-1.33333257337411,7.99999976530671,2.));
#15757=CARTESIAN_POINT('',(-1.83333258082474,8.49999982863665,2.));
#15758=CARTESIAN_POINT('Origin',(15.0000002235174,8.49999982863665,2.));
#15759=CARTESIAN_POINT('',(-3.99999912083153,8.49999982863665,2.));
#15760=CARTESIAN_POINT('Origin',(-3.99999912083153,8.49999982863665,2.));
#15761=CARTESIAN_POINT('',(-4.49999924004077,7.99999976530671,2.));
#15762=CARTESIAN_POINT('Origin',(-4.49999924004077,7.99999976530671,2.));
#15763=CARTESIAN_POINT('',(-4.99999924749141,8.49999982863665,2.));
#15764=CARTESIAN_POINT('Origin',(15.0000002235174,8.49999982863665,2.));
#15765=CARTESIAN_POINT('',(-7.1666657874982,8.49999982863665,2.));
#15766=CARTESIAN_POINT('Origin',(-7.16666578749819,8.49999982863665,2.));
#15767=CARTESIAN_POINT('',(-7.66666590670744,7.99999976530671,2.));
#15768=CARTESIAN_POINT('Origin',(-7.66666590670744,7.99999976530671,2.));
#15769=CARTESIAN_POINT('',(-8.16666591415808,8.49999982863665,2.));
#15770=CARTESIAN_POINT('Origin',(15.0000002235174,8.49999982863665,2.));
#15771=CARTESIAN_POINT('',(-10.3333324541649,8.49999982863665,2.));
#15772=CARTESIAN_POINT('Origin',(-10.3333324541649,8.49999982863665,2.));
#15773=CARTESIAN_POINT('',(-10.8333325733741,7.99999976530671,2.));
#15774=CARTESIAN_POINT('Origin',(-10.8333325733741,7.99999976530671,2.));
#15775=CARTESIAN_POINT('',(-11.3333325808247,8.49999982863665,2.));
#15776=CARTESIAN_POINT('Origin',(15.0000002235174,8.49999982863665,2.));
#15777=CARTESIAN_POINT('',(-13.4999991208315,8.49999982863665,2.));
#15778=CARTESIAN_POINT('Origin',(-13.4999991208315,8.49999982863665,2.));
#15779=CARTESIAN_POINT('',(-13.9999992400408,7.99999976530671,2.));
#15780=CARTESIAN_POINT('Origin',(-13.9999992400408,7.99999976530671,2.));
#15781=CARTESIAN_POINT('Origin',(-1.33333473403991,4.499999769032,2.));
#15782=CARTESIAN_POINT('',(-1.33333473403991,4.499999769032,2.));
#15783=CARTESIAN_POINT('',(-1.83333300923308,4.00000035762787,2.));
#15784=CARTESIAN_POINT('Origin',(-1.83333300923308,4.00000035762787,2.));
#15785=CARTESIAN_POINT('',(-2.33333355685075,4.499999769032,2.));
#15786=CARTESIAN_POINT('Origin',(15.0000002235174,4.499999769032,2.));
#15787=CARTESIAN_POINT('',(0.833333109815912,4.499999769032,2.));
#15788=CARTESIAN_POINT('Origin',(15.0000002235174,4.499999769032,2.));
#15789=CARTESIAN_POINT('',(-4.50000140070657,4.499999769032,2.));
#15790=CARTESIAN_POINT('Origin',(15.0000002235174,4.499999769032,2.));
#15791=CARTESIAN_POINT('',(11.3333319326268,4.499999769032,2.));
#15792=CARTESIAN_POINT('Origin',(-10.8333347340399,4.499999769032,2.));
#15793=CARTESIAN_POINT('',(-10.8333347340399,4.499999769032,2.));
#15794=CARTESIAN_POINT('',(-11.3333330092331,4.00000035762787,2.));
#15795=CARTESIAN_POINT('Origin',(-11.3333330092331,4.00000035762787,2.));
#15796=CARTESIAN_POINT('',(-11.8333335568508,4.499999769032,2.));
#15797=CARTESIAN_POINT('Origin',(15.0000002235174,4.499999769032,2.));
#15798=CARTESIAN_POINT('',(-8.66666689018409,4.499999769032,2.));
#15799=CARTESIAN_POINT('Origin',(15.0000002235174,4.499999769032,2.));
#15800=CARTESIAN_POINT('',(-14.0000014007066,4.499999769032,2.));
#15801=CARTESIAN_POINT('Origin',(-14.0000014007066,4.499999769032,2.));
#15802=CARTESIAN_POINT('',(-14.4999996758997,4.00000035762787,2.));
#15803=CARTESIAN_POINT('Origin',(-14.4999996758997,4.00000035762787,2.));
#15804=CARTESIAN_POINT('Origin',(1.83333193262676,4.499999769032,2.));
#15805=CARTESIAN_POINT('',(1.83333193262676,4.499999769032,2.));
#15806=CARTESIAN_POINT('',(1.33333365743359,4.00000035762787,2.));
#15807=CARTESIAN_POINT('Origin',(1.33333365743359,4.00000035762787,2.));
#15808=CARTESIAN_POINT('Origin',(15.0000002235174,4.499999769032,2.));
#15809=CARTESIAN_POINT('',(3.99999977648258,4.499999769032,2.));
#15810=CARTESIAN_POINT('Origin',(4.99999859929343,4.499999769032,2.));
#15811=CARTESIAN_POINT('',(4.99999859929343,4.499999769032,2.));
#15812=CARTESIAN_POINT('',(4.50000032410026,4.00000035762787,2.));
#15813=CARTESIAN_POINT('Origin',(4.50000032410026,4.00000035762787,2.));
#15814=CARTESIAN_POINT('Origin',(15.0000002235174,4.499999769032,2.));
#15815=CARTESIAN_POINT('',(7.16666644314925,4.499999769032,2.));
#15816=CARTESIAN_POINT('Origin',(-4.50000140070657,4.499999769032,2.));
#15817=CARTESIAN_POINT('',(-4.99999967589974,4.00000035762787,2.));
#15818=CARTESIAN_POINT('Origin',(-4.99999967589974,4.00000035762787,2.));
#15819=CARTESIAN_POINT('',(-5.50000022351742,4.499999769032,2.));
#15820=CARTESIAN_POINT('Origin',(15.0000002235174,4.499999769032,2.));
#15821=CARTESIAN_POINT('',(-7.66666806737324,4.499999769032,2.));
#15822=CARTESIAN_POINT('Origin',(-15.0000002235174,6.49999979883432,2.));
#15823=CARTESIAN_POINT('',(15.0000002235174,6.49999979883432,2.));
#15824=CARTESIAN_POINT('Origin',(-7.66666806737324,4.499999769032,2.));
#15825=CARTESIAN_POINT('',(-8.16666634256641,4.00000035762787,2.));
#15826=CARTESIAN_POINT('Origin',(-8.16666634256641,4.00000035762787,2.));
#15827=CARTESIAN_POINT('Origin',(8.16666526596009,4.499999769032,2.));
#15828=CARTESIAN_POINT('',(8.16666526596009,4.499999769032,2.));
#15829=CARTESIAN_POINT('',(7.66666699076692,4.00000035762787,2.));
#15830=CARTESIAN_POINT('Origin',(7.66666699076692,4.00000035762787,2.));
#15831=CARTESIAN_POINT('Origin',(15.0000002235174,4.499999769032,2.));
#15832=CARTESIAN_POINT('',(10.3333331098159,4.499999769032,2.));
#15833=CARTESIAN_POINT('Origin',(11.3333319326268,4.499999769032,2.));
#15834=CARTESIAN_POINT('',(10.8333336574336,4.00000035762787,2.));
#15835=CARTESIAN_POINT('Origin',(10.8333336574336,4.00000035762787,2.));
#15836=CARTESIAN_POINT('Origin',(15.0000002235174,7.49999981373549,2.));
#15837=CARTESIAN_POINT('Origin',(7.50000011175871,0.749999783933162,0.25));
#15838=CARTESIAN_POINT('',(-15.0000002235174,0.499999783933163,0.5));
#15839=CARTESIAN_POINT('',(-15.0000002235174,0.499999783933163,0.5));
#15840=CARTESIAN_POINT('',(15.0000002235174,0.499999783933163,0.5));
#15841=CARTESIAN_POINT('',(15.0000002235174,0.999999783933161,0.));
#15842=CARTESIAN_POINT('',(7.50000011175871,0.499999783933163,0.5));
#15843=CARTESIAN_POINT('Origin',(-15.0000002235174,5.49999978393316,0.25));
#15844=CARTESIAN_POINT('',(-15.0000002235174,10.4999997839332,0.5));
#15845=CARTESIAN_POINT('',(-15.0000002235174,10.4999997839332,0.5));
#15846=CARTESIAN_POINT('Origin',(-15.0000002235174,5.49999978393316,0.5));
#15847=CARTESIAN_POINT('Origin',(-7.50000011175871,10.2499997839332,0.25));
#15848=CARTESIAN_POINT('',(15.0000002235174,10.4999997839332,0.5));
#15849=CARTESIAN_POINT('',(15.0000002235174,10.4999997839332,0.5));
#15850=CARTESIAN_POINT('',(-7.50000011175871,10.4999997839332,0.5));
#15851=CARTESIAN_POINT('Origin',(15.0000002235174,5.49999978393316,0.25));
#15852=CARTESIAN_POINT('Origin',(15.0000002235174,5.49999978393316,0.5));
#15853=CARTESIAN_POINT('Origin',(-15.0000002235174,5.49999978393316,2.));
#15854=CARTESIAN_POINT('',(-15.0000002235174,0.499999783933163,1.5));
#15855=CARTESIAN_POINT('',(-15.0000002235174,0.499999783933163,2.));
#15856=CARTESIAN_POINT('',(-15.0000002235174,10.4999997839332,1.5));
#15857=CARTESIAN_POINT('Origin',(-15.0000002235174,5.49999978393316,1.5));
#15858=CARTESIAN_POINT('',(-15.0000002235174,10.4999997839332,2.));
#15859=CARTESIAN_POINT('Origin',(15.0000002235174,0.499999783933163,2.));
#15860=CARTESIAN_POINT('',(15.0000002235174,0.499999783933163,1.5));
#15861=CARTESIAN_POINT('',(15.0000002235174,0.499999783933163,2.));
#15862=CARTESIAN_POINT('',(7.50000011175871,0.499999783933163,1.5));
#15863=CARTESIAN_POINT('Origin',(-15.0000002235174,5.49999978393316,1.75));
#15864=CARTESIAN_POINT('',(-15.0000002235174,0.499999783933163,1.5));
#15865=CARTESIAN_POINT('',(-15.0000002235174,9.99999978393316,2.));
#15866=CARTESIAN_POINT('Origin',(7.50000011175871,0.749999783933162,1.75));
#15867=CARTESIAN_POINT('',(15.0000002235174,0.499999783933163,1.5));
#15868=CARTESIAN_POINT('Origin',(15.0000002235174,5.49999978393316,1.75));
#15869=CARTESIAN_POINT('',(15.0000002235174,10.4999997839332,1.5));
#15870=CARTESIAN_POINT('',(15.0000002235174,10.4999997839332,1.5));
#15871=CARTESIAN_POINT('Origin',(15.0000002235174,5.49999978393316,1.5));
#15872=CARTESIAN_POINT('Origin',(-7.50000011175871,10.2499997839332,1.75));
#15873=CARTESIAN_POINT('',(-7.50000011175871,10.4999997839332,1.5));
#15874=CARTESIAN_POINT('Origin',(15.0000002235174,5.49999978393316,2.));
#15875=CARTESIAN_POINT('',(15.0000002235174,10.4999997839332,2.));
#15876=CARTESIAN_POINT('Origin',(-15.0000002235174,10.4999997839332,2.));
#15877=UNCERTAINTY_MEASURE_WITH_UNIT(LENGTH_MEASURE(0.01),#15881,
'DISTANCE_ACCURACY_VALUE',
'Maximum model space distance between geometric entities at asserted c
onnectivities');
#15878=UNCERTAINTY_MEASURE_WITH_UNIT(LENGTH_MEASURE(0.01),#15881,
'DISTANCE_ACCURACY_VALUE',
'Maximum model space distance between geometric entities at asserted c
onnectivities');
#15879=(
GEOMETRIC_REPRESENTATION_CONTEXT(3)
GLOBAL_UNCERTAINTY_ASSIGNED_CONTEXT((#15877))
GLOBAL_UNIT_ASSIGNED_CONTEXT((#15881,#15883,#15884))
REPRESENTATION_CONTEXT('','3D')
);
#15880=(
GEOMETRIC_REPRESENTATION_CONTEXT(3)
GLOBAL_UNCERTAINTY_ASSIGNED_CONTEXT((#15878))
GLOBAL_UNIT_ASSIGNED_CONTEXT((#15881,#15883,#15884))
REPRESENTATION_CONTEXT('','3D')
);
#15881=(
LENGTH_UNIT()
NAMED_UNIT(*)
SI_UNIT(.MILLI.,.METRE.)
);
#15882=(
LENGTH_UNIT()
NAMED_UNIT(*)
SI_UNIT($,.METRE.)
);
#15883=(
NAMED_UNIT(*)
PLANE_ANGLE_UNIT()
SI_UNIT($,.RADIAN.)
);
#15884=(
NAMED_UNIT(*)
SI_UNIT($,.STERADIAN.)
SOLID_ANGLE_UNIT()
);
#15885=SHAPE_DEFINITION_REPRESENTATION(#15886,#15887);
#15886=PRODUCT_DEFINITION_SHAPE('',$,#15889);
#15887=SHAPE_REPRESENTATION('',(#9055),#15879);
#15888=PRODUCT_DEFINITION_CONTEXT('part definition',#15893,'design');
#15889=PRODUCT_DEFINITION('hui','hui v5',#15890,#15888);
#15890=PRODUCT_DEFINITION_FORMATION('',$,#15895);
#15891=PRODUCT_RELATED_PRODUCT_CATEGORY('hui v5','hui v5',(#15895));
#15892=APPLICATION_PROTOCOL_DEFINITION('international standard',
'automotive_design',2009,#15893);
#15893=APPLICATION_CONTEXT(
'Core Data for Automotive Mechanical Design Process');
#15894=PRODUCT_CONTEXT('part definition',#15893,'mechanical');
#15895=PRODUCT('hui','hui v5',$,(#15894));
#15896=PRESENTATION_STYLE_ASSIGNMENT((#15897));
#15897=SURFACE_STYLE_USAGE(.BOTH.,#15898);
#15898=SURFACE_SIDE_STYLE('',(#15899));
#15899=SURFACE_STYLE_FILL_AREA(#15900);
#15900=FILL_AREA_STYLE('Steel - Satin',(#15901));
#15901=FILL_AREA_STYLE_COLOUR('Steel - Satin',#15902);
#15902=COLOUR_RGB('Steel - Satin',0.627450980392157,0.627450980392157,0.627450980392157);
ENDSEC;
END-ISO-10303-21;
