ISO-10303-21;
HEADER;
/* Generated by software containing ST-Developer
 * from STEP Tools, Inc. (www.steptools.com) 
 */

FILE_DESCRIPTION(
/* description */ (''),
/* implementation_level */ '2;1');

FILE_NAME(
/* name */ 'case.step',
/* time_stamp */ '2026-09-24T04:51:49+05:00',
/* author */ (''),
/* organization */ (''),
/* preprocessor_version */ 'ST-DEVELOPER v20.2',
/* originating_system */ 'Autodesk Translation Framework v15.15.0.0',
/* authorisation */ '');

FILE_SCHEMA (('AUTOMOTIVE_DESIGN { 1 0 10303 214 3 1 1 }'));
ENDSEC;

DATA;
#10=MECHANICAL_DESIGN_GEOMETRIC_PRESENTATION_REPRESENTATION('',(#17),#9040);
#11=ITEM_DEFINED_TRANSFORMATION($,$,#5126,#5590);
#12=(
REPRESENTATION_RELATIONSHIP($,$,#9051,#9050)
REPRESENTATION_RELATIONSHIP_WITH_TRANSFORMATION(#11)
SHAPE_REPRESENTATION_RELATIONSHIP()
);
#13=CONTEXT_DEPENDENT_SHAPE_REPRESENTATION(#12,#9049);
#14=NEXT_ASSEMBLY_USAGE_OCCURRENCE('Case:1','Case:1','Case:1',#9053,#9054,
'Case:1');
#15=SHAPE_REPRESENTATION_RELATIONSHIP('SRR','None',#9051,#16);
#16=ADVANCED_BREP_SHAPE_REPRESENTATION('',(#5112),#9039);
#17=STYLED_ITEM('',(#9066),#5112);
#18=ORIENTED_CLOSED_SHELL('',*,#5110,.F.);
#19=ORIENTED_CLOSED_SHELL('',*,#5111,.F.);
#20=TOROIDAL_SURFACE('',#5420,1.25,0.75);
#21=TOROIDAL_SURFACE('',#5426,1.25,0.75);
#22=TOROIDAL_SURFACE('',#5432,1.25,0.75);
#23=TOROIDAL_SURFACE('',#5437,1.25,0.75);
#24=CONICAL_SURFACE('',#5389,1.75,0.785398163397448);
#25=CONICAL_SURFACE('',#5392,1.75,0.785398163397448);
#26=CONICAL_SURFACE('',#5395,1.75,0.785398163397449);
#27=CONICAL_SURFACE('',#5397,1.75,0.785398163397445);
#28=CONICAL_SURFACE('',#5400,1.75,0.785398163397446);
#29=CONICAL_SURFACE('',#5403,1.75,0.78539816339745);
#30=CONICAL_SURFACE('',#5406,1.75,0.785398163397451);
#31=CONICAL_SURFACE('',#5408,1.75,0.785398163397448);
#32=(
BOUNDED_SURFACE()
B_SPLINE_SURFACE(2,2,((#7680,#7681,#7682),(#7683,#7684,#7685),(#7686,#7687,
#7688)),.UNSPECIFIED.,.F.,.F.,.F.)
B_SPLINE_SURFACE_WITH_KNOTS((3,3),(3,3),(-1.5707963267949,0.),(-0.785398163397452,
2.88889491658085E-34),.UNSPECIFIED.)
GEOMETRIC_REPRESENTATION_ITEM()
RATIONAL_B_SPLINE_SURFACE(((1.,0.923879532511286,1.),(0.707106781186547,
0.653281482438187,0.707106781186547),(1.,0.923879532511286,1.)))
REPRESENTATION_ITEM('')
SURFACE()
);
#33=(
BOUNDED_SURFACE()
B_SPLINE_SURFACE(2,2,((#7837,#7838,#7839),(#7840,#7841,#7842),(#7843,#7844,
#7845)),.UNSPECIFIED.,.F.,.F.,.F.)
B_SPLINE_SURFACE_WITH_KNOTS((3,3),(3,3),(-2.26973020627741E-34,1.5707963267949),
(-0.785398163397452,0.),.UNSPECIFIED.)
GEOMETRIC_REPRESENTATION_ITEM()
RATIONAL_B_SPLINE_SURFACE(((1.,0.923879532511286,1.),(0.707106781186548,
0.653281482438188,0.707106781186548),(1.,0.923879532511286,1.)))
REPRESENTATION_ITEM('')
SURFACE()
);
#34=(
BOUNDED_SURFACE()
B_SPLINE_SURFACE(2,2,((#7977,#7978,#7979),(#7980,#7981,#7982),(#7983,#7984,
#7985)),.UNSPECIFIED.,.F.,.F.,.F.)
B_SPLINE_SURFACE_WITH_KNOTS((3,3),(3,3),(-2.26973020627741E-34,1.5707963267949),
(2.35619449019233,3.14159265358979),.UNSPECIFIED.)
GEOMETRIC_REPRESENTATION_ITEM()
RATIONAL_B_SPLINE_SURFACE(((1.,0.923879532511285,1.),(0.70710678118655,
0.653281482438189,0.70710678118655),(1.,0.923879532511285,1.)))
REPRESENTATION_ITEM('')
SURFACE()
);
#35=(
BOUNDED_SURFACE()
B_SPLINE_SURFACE(2,2,((#8117,#8118,#8119),(#8120,#8121,#8122),(#8123,#8124,
#8125)),.UNSPECIFIED.,.F.,.F.,.F.)
B_SPLINE_SURFACE_WITH_KNOTS((3,3),(3,3),(-1.5707963267949,0.),(2.35619449019235,
3.14159265358979),.UNSPECIFIED.)
GEOMETRIC_REPRESENTATION_ITEM()
RATIONAL_B_SPLINE_SURFACE(((1.,0.923879532511287,1.),(0.707106781186548,
0.653281482438189,0.707106781186548),(1.,0.923879532511287,1.)))
REPRESENTATION_ITEM('')
SURFACE()
);
#36=FACE_BOUND('',#668,.T.);
#37=FACE_BOUND('',#674,.T.);
#38=FACE_BOUND('',#683,.T.);
#39=FACE_BOUND('',#729,.T.);
#40=FACE_BOUND('',#778,.T.);
#41=FACE_BOUND('',#779,.T.);
#42=FACE_BOUND('',#811,.T.);
#43=FACE_BOUND('',#842,.T.);
#44=FACE_BOUND('',#861,.T.);
#45=B_SPLINE_SURFACE_WITH_KNOTS('',3,3,((#7127,#7128,#7129,#7130,#7131),
(#7132,#7133,#7134,#7135,#7136),(#7137,#7138,#7139,#7140,#7141),(#7142,
#7143,#7144,#7145,#7146),(#7147,#7148,#7149,#7150,#7151)),.UNSPECIFIED.,
 .F.,.F.,.F.,(4,1,4),(4,1,4),(0.,0.571428571428571,1.),(-1.5707963267949,
-0.897597901025656,0.),.UNSPECIFIED.);
#46=B_SPLINE_SURFACE_WITH_KNOTS('',3,3,((#7700,#7701,#7702,#7703),(#7704,
#7705,#7706,#7707),(#7708,#7709,#7710,#7711),(#7712,#7713,#7714,#7715),
(#7716,#7717,#7718,#7719)),.UNSPECIFIED.,.F.,.F.,.F.,(4,1,4),(4,4),(0.,
0.5,1.),(0.,0.0158484601858551),.UNSPECIFIED.);
#47=B_SPLINE_SURFACE_WITH_KNOTS('',3,3,((#7854,#7855,#7856,#7857),(#7858,
#7859,#7860,#7861),(#7862,#7863,#7864,#7865),(#7866,#7867,#7868,#7869),
(#7870,#7871,#7872,#7873)),.UNSPECIFIED.,.F.,.F.,.F.,(4,1,4),(4,4),(0.,
0.5,1.),(0.,0.0158484601858552),.UNSPECIFIED.);
#48=B_SPLINE_SURFACE_WITH_KNOTS('',3,3,((#7909,#7910,#7911,#7912),(#7913,
#7914,#7915,#7916),(#7917,#7918,#7919,#7920),(#7921,#7922,#7923,#7924),
(#7925,#7926,#7927,#7928)),.UNSPECIFIED.,.F.,.F.,.F.,(4,1,4),(4,4),(0.,
0.571428571428571,1.),(-0.785398163397449,-0.0756174101979265),
 .UNSPECIFIED.);
#49=B_SPLINE_SURFACE_WITH_KNOTS('',3,3,((#7994,#7995,#7996,#7997),(#7998,
#7999,#8000,#8001),(#8002,#8003,#8004,#8005),(#8006,#8007,#8008,#8009),
(#8010,#8011,#8012,#8013)),.UNSPECIFIED.,.F.,.F.,.F.,(4,1,4),(4,4),(0.,
0.5,1.),(0.,0.0158484601858549),.UNSPECIFIED.);
#50=B_SPLINE_SURFACE_WITH_KNOTS('',3,3,((#8049,#8050,#8051,#8052),(#8053,
#8054,#8055,#8056),(#8057,#8058,#8059,#8060),(#8061,#8062,#8063,#8064),
(#8065,#8066,#8067,#8068)),.UNSPECIFIED.,.F.,.F.,.F.,(4,1,4),(4,4),(0.,
0.571428571428571,1.),(-0.785398163397449,-0.0756174101979254),
 .UNSPECIFIED.);
#51=B_SPLINE_SURFACE_WITH_KNOTS('',3,3,((#8134,#8135,#8136,#8137),(#8138,
#8139,#8140,#8141),(#8142,#8143,#8144,#8145),(#8146,#8147,#8148,#8149),
(#8150,#8151,#8152,#8153)),.UNSPECIFIED.,.F.,.F.,.F.,(4,1,4),(4,4),(0.,
0.5,1.),(0.,0.0158484601858548),.UNSPECIFIED.);
#52=B_SPLINE_SURFACE_WITH_KNOTS('',3,3,((#8227,#8228,#8229,#8230,#8231,
#8232),(#8233,#8234,#8235,#8236,#8237,#8238),(#8239,#8240,#8241,#8242,#8243,
#8244),(#8245,#8246,#8247,#8248,#8249,#8250),(#8251,#8252,#8253,#8254,#8255,
#8256)),.UNSPECIFIED.,.F.,.F.,.F.,(4,1,4),(4,1,1,4),(0.,0.571428571428571,
1.),(-0.955316618124524,-0.282118192355271,0.166680758157564,0.6154797086704),
 .UNSPECIFIED.);
#53=B_SPLINE_SURFACE_WITH_KNOTS('',3,3,((#8264,#8265,#8266,#8267),(#8268,
#8269,#8270,#8271),(#8272,#8273,#8274,#8275),(#8276,#8277,#8278,#8279),
(#8280,#8281,#8282,#8283)),.UNSPECIFIED.,.F.,.F.,.F.,(4,1,4),(4,4),(0.,
0.571428571428571,1.),(0.0756174101979259,0.785398163397447),
 .UNSPECIFIED.);
#54=B_SPLINE_SURFACE_WITH_KNOTS('',3,3,((#8291,#8292,#8293,#8294,#8295,
#8296),(#8297,#8298,#8299,#8300,#8301,#8302),(#8303,#8304,#8305,#8306,#8307,
#8308),(#8309,#8310,#8311,#8312,#8313,#8314),(#8315,#8316,#8317,#8318,#8319,
#8320)),.UNSPECIFIED.,.F.,.F.,.F.,(4,1,4),(4,1,1,4),(0.,0.571428571428571,
1.),(-0.615479708670393,-0.166680758157563,0.282118192355268,0.955316618124514),
 .UNSPECIFIED.);
#55=B_SPLINE_SURFACE_WITH_KNOTS('',3,3,((#8330,#8331,#8332,#8333,#8334,
#8335),(#8336,#8337,#8338,#8339,#8340,#8341),(#8342,#8343,#8344,#8345,#8346,
#8347),(#8348,#8349,#8350,#8351,#8352,#8353),(#8354,#8355,#8356,#8357,#8358,
#8359)),.UNSPECIFIED.,.F.,.F.,.F.,(4,1,4),(4,1,1,4),(0.,0.571428571428571,
1.),(-0.615479708670399,-0.166680758157563,0.282118192355274,0.955316618124529),
 .UNSPECIFIED.);
#56=B_SPLINE_SURFACE_WITH_KNOTS('',3,3,((#8362,#8363,#8364,#8365,#8366,
#8367),(#8368,#8369,#8370,#8371,#8372,#8373),(#8374,#8375,#8376,#8377,#8378,
#8379),(#8380,#8381,#8382,#8383,#8384,#8385),(#8386,#8387,#8388,#8389,#8390,
#8391)),.UNSPECIFIED.,.F.,.F.,.F.,(4,1,4),(4,1,1,4),(0.,0.571428571428571,
1.),(-0.955316618124511,-0.282118192355266,0.166680758157563,0.615479708670392),
 .UNSPECIFIED.);
#57=B_SPLINE_SURFACE_WITH_KNOTS('',3,3,((#8399,#8400,#8401,#8402),(#8403,
#8404,#8405,#8406),(#8407,#8408,#8409,#8410),(#8411,#8412,#8413,#8414),
(#8415,#8416,#8417,#8418)),.UNSPECIFIED.,.F.,.F.,.F.,(4,1,4),(4,4),(0.,
0.571428571428571,1.),(0.0756174101979234,0.785398163397449),
 .UNSPECIFIED.);
#58=ELLIPSE('',#5134,0.923760430703402,0.800000000000001);
#59=ELLIPSE('',#5135,1.59699129916091,0.800000000000001);
#60=ELLIPSE('',#5136,2.25848675426538,0.800000000000001);
#61=ELLIPSE('',#5138,1.27671453348037,1.25);
#62=ELLIPSE('',#5140,0.519615242270663,0.45);
#63=ELLIPSE('',#5145,1.44337567297407,1.25);
#64=ELLIPSE('',#5147,1.001888725163,0.5);
#65=ELLIPSE('',#5148,1.001888725163,0.5);
#66=ELLIPSE('',#5160,2.82842712474643,2.);
#67=ELLIPSE('',#5162,2.82842712474619,2.);
#68=ELLIPSE('',#5181,1.41421356237269,1.);
#69=ELLIPSE('',#5182,1.4142135623735,1.);
#70=ELLIPSE('',#5186,2.82842712474538,2.);
#71=ELLIPSE('',#5191,2.82842712474618,2.);
#72=ELLIPSE('',#5203,2.8284271247462,2.);
#73=ELLIPSE('',#5213,3.53553390593274,2.50000000000001);
#74=ELLIPSE('',#5216,3.53553390593274,2.50000000000001);
#75=ELLIPSE('',#5230,3.53553390593273,2.5);
#76=ELLIPSE('',#5234,3.53553390593275,2.5);
#77=ELLIPSE('',#5260,0.424264068711928,0.3);
#78=ELLIPSE('',#5264,0.500000000000001,0.25);
#79=ELLIPSE('',#5265,2.12132034355964,1.5);
#80=ELLIPSE('',#5285,0.424264068711931,0.3);
#81=ELLIPSE('',#5288,2.5,2.);
#82=ELLIPSE('',#5290,2.12132034355964,1.5);
#83=ELLIPSE('',#5306,0.42426406871193,0.3);
#84=ELLIPSE('',#5309,2.5,2.);
#85=ELLIPSE('',#5311,2.12132034355964,1.5);
#86=ELLIPSE('',#5327,0.424264068711932,0.3);
#87=ELLIPSE('',#5331,0.499999999999997,0.249999999999999);
#88=ELLIPSE('',#5332,2.12132034355964,1.5);
#89=ELLIPSE('',#5347,0.866025403784434,0.749999999999997);
#90=ELLIPSE('',#5350,2.5,2.);
#91=ELLIPSE('',#5353,0.499999999999999,0.249999999999999);
#92=ELLIPSE('',#5354,0.866025403784437,0.749999999999999);
#93=ELLIPSE('',#5358,0.499999999999999,0.25);
#94=ELLIPSE('',#5359,0.866025403784438,0.749999999999996);
#95=ELLIPSE('',#5361,0.866025403784439,0.75);
#96=ELLIPSE('',#5364,2.5,2.);
#97=ELLIPSE('',#5450,3.2401003291353,2.);
#98=B_SPLINE_CURVE_WITH_KNOTS('',3,(#7079,#7080,#7081,#7082,#7083,#7084,
#7085,#7086),.UNSPECIFIED.,.F.,.F.,(4,2,2,4),(0.,0.0237718388113306,0.0475436776226612,
0.0475812935470538),.UNSPECIFIED.);
#99=B_SPLINE_CURVE_WITH_KNOTS('',3,(#7098,#7099,#7100,#7101,#7102,#7103,
#7104,#7105),.UNSPECIFIED.,.F.,.F.,(4,2,2,4),(0.33998487222005,0.35136482772606,
0.362744783232071,0.377528655813731),.UNSPECIFIED.);
#100=B_SPLINE_CURVE_WITH_KNOTS('',3,(#7191,#7192,#7193,#7194,#7195,#7196),
 .UNSPECIFIED.,.F.,.F.,(4,2,4),(0.265574839729603,0.291880919223073,0.318186998716542),
 .UNSPECIFIED.);
#101=B_SPLINE_CURVE_WITH_KNOTS('',3,(#7201,#7202,#7203,#7204,#7205,#7206),
 .UNSPECIFIED.,.F.,.F.,(4,2,4),(0.154114560173376,0.172956791126678,0.19179902207998),
 .UNSPECIFIED.);
#102=B_SPLINE_CURVE_WITH_KNOTS('',3,(#7217,#7218,#7219,#7220,#7221,#7222),
 .UNSPECIFIED.,.F.,.F.,(4,2,4),(0.393639859625179,0.400190847321471,0.475010166544531),
 .UNSPECIFIED.);
#103=B_SPLINE_CURVE_WITH_KNOTS('',3,(#7226,#7227,#7228,#7229,#7230,#7231),
 .UNSPECIFIED.,.F.,.F.,(4,2,4),(0.0377665448784333,0.0571387673168968,0.0766977791350497),
 .UNSPECIFIED.);
#104=B_SPLINE_CURVE_WITH_KNOTS('',3,(#7242,#7243,#7244,#7245,#7246,#7247,
#7248,#7249,#7250,#7251,#7252,#7253),.UNSPECIFIED.,.F.,.F.,(4,2,2,2,2,4),
(0.324914720146994,0.344735449900837,0.36455617965468,0.404197639162365,
0.450257051949944,0.496316464737523),.UNSPECIFIED.);
#105=B_SPLINE_CURVE_WITH_KNOTS('',3,(#7254,#7255,#7256,#7257,#7258,#7259,
#7260,#7261,#7262,#7263),.UNSPECIFIED.,.F.,.F.,(4,2,2,2,4),(0.496506062422813,
0.535553201265377,0.57460034010794,0.61230968904361,0.650019037979279),
 .UNSPECIFIED.);
#106=B_SPLINE_CURVE_WITH_KNOTS('',3,(#7493,#7494,#7495,#7496,#7497,#7498,
#7499,#7500,#7501,#7502),.UNSPECIFIED.,.F.,.F.,(4,2,2,2,4),(0.474683234918479,
0.485911773875591,0.510958534295453,0.544041495899937,0.577124457504422),
 .UNSPECIFIED.);
#107=B_SPLINE_CURVE_WITH_KNOTS('',3,(#7721,#7722,#7723,#7724),
 .UNSPECIFIED.,.F.,.F.,(4,4),(-0.0158484601858551,0.),.UNSPECIFIED.);
#108=B_SPLINE_CURVE_WITH_KNOTS('',3,(#7727,#7728,#7729,#7730),
 .UNSPECIFIED.,.F.,.F.,(4,4),(0.,0.0158484601858551),.UNSPECIFIED.);
#109=B_SPLINE_CURVE_WITH_KNOTS('',3,(#7734,#7735,#7736,#7737,#7738,#7739,
#7740,#7741,#7742,#7743,#7744,#7745,#7746,#7747,#7748,#7749,#7750,#7751),
 .UNSPECIFIED.,.F.,.F.,(4,2,2,2,2,2,2,2,4),(0.0479450592344647,0.0666544107889259,
0.0853637623433871,0.106420475339881,0.111029485449266,0.113333990503958,
0.11563849555865,0.117060162337637,0.118278316818723),.UNSPECIFIED.);
#110=B_SPLINE_CURVE_WITH_KNOTS('',3,(#7877,#7878,#7879,#7880),
 .UNSPECIFIED.,.F.,.F.,(4,4),(-0.0158484601858552,0.),.UNSPECIFIED.);
#111=B_SPLINE_CURVE_WITH_KNOTS('',3,(#7881,#7882,#7883,#7884),
 .UNSPECIFIED.,.F.,.F.,(4,4),(0.,0.0158484601858552),.UNSPECIFIED.);
#112=B_SPLINE_CURVE_WITH_KNOTS('',3,(#7888,#7889,#7890,#7891,#7892,#7893,
#7894,#7895,#7896,#7897,#7898,#7899,#7900,#7901,#7902,#7903,#7904,#7905,
#7906),.UNSPECIFIED.,.F.,.F.,(4,2,3,2,2,2,2,2,4),(0.228710547984665,0.228972486062607,
0.231276991117299,0.233581496171991,0.235886001226683,0.240495011336067,
0.261551724332562,0.280261075887023,0.298970427441484),.UNSPECIFIED.);
#113=B_SPLINE_CURVE_WITH_KNOTS('',3,(#7936,#7937,#7938,#7939),
 .UNSPECIFIED.,.F.,.F.,(4,4),(0.,0.0175269408912785),.UNSPECIFIED.);
#114=B_SPLINE_CURVE_WITH_KNOTS('',3,(#8017,#8018,#8019,#8020),
 .UNSPECIFIED.,.F.,.F.,(4,4),(-0.0158484601858549,0.),.UNSPECIFIED.);
#115=B_SPLINE_CURVE_WITH_KNOTS('',3,(#8021,#8022,#8023,#8024),
 .UNSPECIFIED.,.F.,.F.,(4,4),(0.,0.0158484601858549),.UNSPECIFIED.);
#116=B_SPLINE_CURVE_WITH_KNOTS('',3,(#8028,#8029,#8030,#8031,#8032,#8033,
#8034,#8035,#8036,#8037,#8038,#8039,#8040,#8041,#8042,#8043,#8044,#8045,
#8046),.UNSPECIFIED.,.F.,.F.,(4,2,3,2,2,2,2,2,4),(0.22875206425673,0.229970218737813,
0.2313918855168,0.233696390571492,0.236000895626183,0.240609905735567,0.26166661873206,
0.280375970286521,0.299085321840982),.UNSPECIFIED.);
#117=B_SPLINE_CURVE_WITH_KNOTS('',3,(#8076,#8077,#8078,#8079),
 .UNSPECIFIED.,.F.,.F.,(4,4),(0.,0.0175269408912783),.UNSPECIFIED.);
#118=B_SPLINE_CURVE_WITH_KNOTS('',3,(#8155,#8156,#8157,#8158),
 .UNSPECIFIED.,.F.,.F.,(4,4),(-0.0158484601858548,0.),.UNSPECIFIED.);
#119=B_SPLINE_CURVE_WITH_KNOTS('',3,(#8161,#8162,#8163,#8164),
 .UNSPECIFIED.,.F.,.F.,(4,4),(0.,0.0158484601858548),.UNSPECIFIED.);
#120=B_SPLINE_CURVE_WITH_KNOTS('',3,(#8168,#8169,#8170,#8171,#8172,#8173,
#8174,#8175,#8176,#8177,#8178,#8179,#8180,#8181,#8182,#8183,#8184,#8185),
 .UNSPECIFIED.,.F.,.F.,(4,2,2,2,2,2,2,2,4),(0.0479450592344649,0.0666544107889256,
0.0853637623433864,0.106420475339881,0.111029485449264,0.113333990503955,
0.115638495558647,0.117943000613338,0.118204938691278),.UNSPECIFIED.);
#121=B_SPLINE_CURVE_WITH_KNOTS('',3,(#8469,#8470,#8471,#8472),
 .UNSPECIFIED.,.F.,.F.,(4,4),(0.605047179436401,0.62257412032768),
 .UNSPECIFIED.);
#122=B_SPLINE_CURVE_WITH_KNOTS('',3,(#8478,#8479,#8480,#8481),
 .UNSPECIFIED.,.F.,.F.,(4,4),(0.605047179436401,0.622574120327679),
 .UNSPECIFIED.);
#123=B_SPLINE_CURVE_WITH_KNOTS('',3,(#8615,#8616,#8617,#8618,#8619,#8620),
 .UNSPECIFIED.,.F.,.F.,(4,2,4),(0.597271480223789,0.630816391516867,0.660304845542082),
 .UNSPECIFIED.);
#124=CYLINDRICAL_SURFACE('',#5132,0.800000000000001);
#125=CYLINDRICAL_SURFACE('',#5141,0.8);
#126=CYLINDRICAL_SURFACE('',#5144,1.25);
#127=CYLINDRICAL_SURFACE('',#5149,0.5);
#128=CYLINDRICAL_SURFACE('',#5150,0.5);
#129=CYLINDRICAL_SURFACE('',#5152,0.5);
#130=CYLINDRICAL_SURFACE('',#5153,0.5);
#131=CYLINDRICAL_SURFACE('',#5157,1.);
#132=CYLINDRICAL_SURFACE('',#5180,1.);
#133=CYLINDRICAL_SURFACE('',#5187,2.);
#134=CYLINDRICAL_SURFACE('',#5201,2.);
#135=CYLINDRICAL_SURFACE('',#5212,2.50000000000001);
#136=CYLINDRICAL_SURFACE('',#5228,2.5);
#137=CYLINDRICAL_SURFACE('',#5241,2.);
#138=CYLINDRICAL_SURFACE('',#5244,5.2);
#139=CYLINDRICAL_SURFACE('',#5247,2.);
#140=CYLINDRICAL_SURFACE('',#5250,5.2);
#141=CYLINDRICAL_SURFACE('',#5253,0.3);
#142=CYLINDRICAL_SURFACE('',#5259,0.3);
#143=CYLINDRICAL_SURFACE('',#5262,0.3);
#144=CYLINDRICAL_SURFACE('',#5266,0.5);
#145=CYLINDRICAL_SURFACE('',#5278,0.3);
#146=CYLINDRICAL_SURFACE('',#5284,0.3);
#147=CYLINDRICAL_SURFACE('',#5287,0.3);
#148=CYLINDRICAL_SURFACE('',#5291,2.);
#149=CYLINDRICAL_SURFACE('',#5299,0.3);
#150=CYLINDRICAL_SURFACE('',#5305,0.3);
#151=CYLINDRICAL_SURFACE('',#5308,0.3);
#152=CYLINDRICAL_SURFACE('',#5312,2.);
#153=CYLINDRICAL_SURFACE('',#5320,0.3);
#154=CYLINDRICAL_SURFACE('',#5326,0.3);
#155=CYLINDRICAL_SURFACE('',#5329,0.3);
#156=CYLINDRICAL_SURFACE('',#5333,0.5);
#157=CYLINDRICAL_SURFACE('',#5340,0.3);
#158=CYLINDRICAL_SURFACE('',#5341,0.5);
#159=CYLINDRICAL_SURFACE('',#5343,0.3);
#160=CYLINDRICAL_SURFACE('',#5344,0.5);
#161=CYLINDRICAL_SURFACE('',#5348,0.5);
#162=CYLINDRICAL_SURFACE('',#5351,0.5);
#163=CYLINDRICAL_SURFACE('',#5356,0.5);
#164=CYLINDRICAL_SURFACE('',#5362,0.5);
#165=CYLINDRICAL_SURFACE('',#5369,0.5);
#166=CYLINDRICAL_SURFACE('',#5379,0.5);
#167=CYLINDRICAL_SURFACE('',#5381,0.75);
#168=CYLINDRICAL_SURFACE('',#5383,0.75);
#169=CYLINDRICAL_SURFACE('',#5384,0.75);
#170=CYLINDRICAL_SURFACE('',#5386,0.75);
#171=CYLINDRICAL_SURFACE('',#5410,2.);
#172=CYLINDRICAL_SURFACE('',#5413,2.);
#173=CYLINDRICAL_SURFACE('',#5415,2.);
#174=CYLINDRICAL_SURFACE('',#5424,0.75);
#175=CYLINDRICAL_SURFACE('',#5428,0.75);
#176=CYLINDRICAL_SURFACE('',#5429,0.75);
#177=CYLINDRICAL_SURFACE('',#5431,2.);
#178=CYLINDRICAL_SURFACE('',#5435,0.75);
#179=CYLINDRICAL_SURFACE('',#5440,0.749999999999999);
#180=CYLINDRICAL_SURFACE('',#5441,0.75);
#181=CYLINDRICAL_SURFACE('',#5442,2.);
#182=CYLINDRICAL_SURFACE('',#5445,2.);
#183=CYLINDRICAL_SURFACE('',#5447,1.7);
#184=CYLINDRICAL_SURFACE('',#5451,1.7);
#185=CYLINDRICAL_SURFACE('',#5455,2.);
#186=CYLINDRICAL_SURFACE('',#5472,1.85);
#187=CYLINDRICAL_SURFACE('',#5479,1.85);
#188=CYLINDRICAL_SURFACE('',#5500,2.);
#189=CYLINDRICAL_SURFACE('',#5505,2.);
#190=CYLINDRICAL_SURFACE('',#5508,2.50000004470348);
#191=CYLINDRICAL_SURFACE('',#5525,0.600000000000001);
#192=CYLINDRICAL_SURFACE('',#5528,0.599999999999981);
#193=CYLINDRICAL_SURFACE('',#5531,0.599999999999997);
#194=CYLINDRICAL_SURFACE('',#5534,0.600000000000005);
#195=CYLINDRICAL_SURFACE('',#5538,0.400000000000003);
#196=CYLINDRICAL_SURFACE('',#5541,0.39999999999998);
#197=CYLINDRICAL_SURFACE('',#5544,0.399999999999997);
#198=CYLINDRICAL_SURFACE('',#5547,0.400000000000005);
#199=CYLINDRICAL_SURFACE('',#5563,0.599999999999995);
#200=CYLINDRICAL_SURFACE('',#5566,0.600000000000009);
#201=CYLINDRICAL_SURFACE('',#5569,0.599999999999981);
#202=CYLINDRICAL_SURFACE('',#5572,0.600000000000009);
#203=CYLINDRICAL_SURFACE('',#5576,0.399999999999998);
#204=CYLINDRICAL_SURFACE('',#5579,0.400000000000014);
#205=CYLINDRICAL_SURFACE('',#5582,0.399999999999986);
#206=CYLINDRICAL_SURFACE('',#5585,0.400000000000014);
#207=CIRCLE('',#5129,2.5);
#208=CIRCLE('',#5130,2.);
#209=CIRCLE('',#5131,2.);
#210=CIRCLE('',#5133,0.800000000000001);
#211=CIRCLE('',#5139,0.800000000000002);
#212=CIRCLE('',#5142,0.8);
#213=CIRCLE('',#5155,2.);
#214=CIRCLE('',#5158,1.00000059193622);
#215=CIRCLE('',#5188,2.);
#216=CIRCLE('',#5189,2.);
#217=CIRCLE('',#5190,2.);
#218=CIRCLE('',#5192,2.);
#219=CIRCLE('',#5198,1.7);
#220=CIRCLE('',#5199,1.7);
#221=CIRCLE('',#5200,2.50000004470348);
#222=CIRCLE('',#5202,2.);
#223=CIRCLE('',#5204,2.);
#224=CIRCLE('',#5205,2.);
#225=CIRCLE('',#5211,2.50000000000001);
#226=CIRCLE('',#5214,2.5);
#227=CIRCLE('',#5215,2.50000000000001);
#228=CIRCLE('',#5217,2.50000000000001);
#229=CIRCLE('',#5218,2.50000000000001);
#230=CIRCLE('',#5219,2.50000000000001);
#231=CIRCLE('',#5227,2.5);
#232=CIRCLE('',#5229,2.5);
#233=CIRCLE('',#5231,2.5);
#234=CIRCLE('',#5232,2.5);
#235=CIRCLE('',#5233,2.5);
#236=CIRCLE('',#5242,2.);
#237=CIRCLE('',#5243,2.);
#238=CIRCLE('',#5245,5.2);
#239=CIRCLE('',#5246,5.2);
#240=CIRCLE('',#5248,2.);
#241=CIRCLE('',#5249,2.);
#242=CIRCLE('',#5251,5.2);
#243=CIRCLE('',#5252,5.2);
#244=CIRCLE('',#5254,0.3);
#245=CIRCLE('',#5255,0.3);
#246=CIRCLE('',#5256,0.3);
#247=CIRCLE('',#5257,0.5);
#248=CIRCLE('',#5258,0.2);
#249=CIRCLE('',#5261,0.299999999999999);
#250=CIRCLE('',#5267,0.5);
#251=CIRCLE('',#5269,1.25);
#252=CIRCLE('',#5270,1.25);
#253=CIRCLE('',#5271,1.25);
#254=CIRCLE('',#5272,1.25);
#255=CIRCLE('',#5274,0.75);
#256=CIRCLE('',#5275,0.75);
#257=CIRCLE('',#5276,0.5);
#258=CIRCLE('',#5277,0.3);
#259=CIRCLE('',#5279,0.3);
#260=CIRCLE('',#5280,0.299999999999998);
#261=CIRCLE('',#5281,0.3);
#262=CIRCLE('',#5282,0.2);
#263=CIRCLE('',#5283,0.5);
#264=CIRCLE('',#5286,0.299999999999998);
#265=CIRCLE('',#5289,0.500000000000004);
#266=CIRCLE('',#5292,2.);
#267=CIRCLE('',#5295,0.3);
#268=CIRCLE('',#5296,0.5);
#269=CIRCLE('',#5297,0.75);
#270=CIRCLE('',#5298,0.75);
#271=CIRCLE('',#5300,0.299999999999999);
#272=CIRCLE('',#5301,0.3);
#273=CIRCLE('',#5302,0.3);
#274=CIRCLE('',#5303,0.2);
#275=CIRCLE('',#5304,0.5);
#276=CIRCLE('',#5307,0.3);
#277=CIRCLE('',#5310,0.499999999999999);
#278=CIRCLE('',#5313,2.);
#279=CIRCLE('',#5316,0.3);
#280=CIRCLE('',#5317,0.5);
#281=CIRCLE('',#5318,0.75);
#282=CIRCLE('',#5319,0.75);
#283=CIRCLE('',#5321,0.299999999999998);
#284=CIRCLE('',#5322,0.299999999999999);
#285=CIRCLE('',#5323,0.299999999999998);
#286=CIRCLE('',#5324,0.5);
#287=CIRCLE('',#5325,0.2);
#288=CIRCLE('',#5328,0.299999999999999);
#289=CIRCLE('',#5334,0.499999999999998);
#290=CIRCLE('',#5336,0.75);
#291=CIRCLE('',#5337,0.75);
#292=CIRCLE('',#5338,0.5);
#293=CIRCLE('',#5339,0.3);
#294=CIRCLE('',#5342,0.5);
#295=CIRCLE('',#5345,0.5);
#296=CIRCLE('',#5346,0.499999999999999);
#297=CIRCLE('',#5349,0.499999999999999);
#298=CIRCLE('',#5352,0.5);
#299=CIRCLE('',#5357,0.5);
#300=CIRCLE('',#5360,0.5);
#301=CIRCLE('',#5363,0.5);
#302=CIRCLE('',#5371,1.5);
#303=CIRCLE('',#5372,1.5);
#304=CIRCLE('',#5373,1.5);
#305=CIRCLE('',#5374,1.5);
#306=CIRCLE('',#5375,1.5);
#307=CIRCLE('',#5376,1.5);
#308=CIRCLE('',#5377,1.5);
#309=CIRCLE('',#5378,1.5);
#310=CIRCLE('',#5390,2.);
#311=CIRCLE('',#5393,2.);
#312=CIRCLE('',#5398,2.);
#313=CIRCLE('',#5401,2.);
#314=CIRCLE('',#5404,2.);
#315=CIRCLE('',#5409,2.);
#316=CIRCLE('',#5411,2.);
#317=CIRCLE('',#5416,2.);
#318=CIRCLE('',#5418,1.85);
#319=CIRCLE('',#5419,1.85);
#320=CIRCLE('',#5421,0.749999999999999);
#321=CIRCLE('',#5422,0.75);
#322=CIRCLE('',#5423,2.);
#323=CIRCLE('',#5425,0.75);
#324=CIRCLE('',#5427,0.75);
#325=CIRCLE('',#5433,0.750000000000005);
#326=CIRCLE('',#5434,0.75);
#327=CIRCLE('',#5436,0.75);
#328=CIRCLE('',#5438,0.75);
#329=CIRCLE('',#5439,2.);
#330=CIRCLE('',#5448,1.7);
#331=CIRCLE('',#5452,1.7);
#332=CIRCLE('',#5456,2.);
#333=CIRCLE('',#5457,2.);
#334=CIRCLE('',#5465,1.85);
#335=CIRCLE('',#5466,1.85);
#336=CIRCLE('',#5501,2.);
#337=CIRCLE('',#5504,2.50000004470348);
#338=CIRCLE('',#5506,2.);
#339=CIRCLE('',#5515,0.400000000000005);
#340=CIRCLE('',#5516,0.399999999999997);
#341=CIRCLE('',#5517,0.39999999999998);
#342=CIRCLE('',#5518,0.400000000000003);
#343=CIRCLE('',#5519,0.600000000000001);
#344=CIRCLE('',#5520,0.599999999999981);
#345=CIRCLE('',#5521,0.599999999999997);
#346=CIRCLE('',#5522,0.600000000000005);
#347=CIRCLE('',#5526,0.600000000000001);
#348=CIRCLE('',#5529,0.599999999999981);
#349=CIRCLE('',#5532,0.599999999999997);
#350=CIRCLE('',#5535,0.600000000000005);
#351=CIRCLE('',#5539,0.400000000000003);
#352=CIRCLE('',#5542,0.39999999999998);
#353=CIRCLE('',#5545,0.399999999999997);
#354=CIRCLE('',#5548,0.400000000000005);
#355=CIRCLE('',#5553,0.400000000000014);
#356=CIRCLE('',#5554,0.399999999999986);
#357=CIRCLE('',#5555,0.400000000000014);
#358=CIRCLE('',#5556,0.399999999999998);
#359=CIRCLE('',#5557,0.599999999999995);
#360=CIRCLE('',#5558,0.600000000000009);
#361=CIRCLE('',#5559,0.599999999999981);
#362=CIRCLE('',#5560,0.600000000000009);
#363=CIRCLE('',#5564,0.599999999999995);
#364=CIRCLE('',#5567,0.600000000000009);
#365=CIRCLE('',#5570,0.599999999999981);
#366=CIRCLE('',#5573,0.600000000000009);
#367=CIRCLE('',#5577,0.399999999999998);
#368=CIRCLE('',#5580,0.400000000000014);
#369=CIRCLE('',#5583,0.399999999999986);
#370=CIRCLE('',#5586,0.400000000000014);
#371=FACE_OUTER_BOUND('',#647,.T.);
#372=FACE_OUTER_BOUND('',#648,.T.);
#373=FACE_OUTER_BOUND('',#649,.T.);
#374=FACE_OUTER_BOUND('',#650,.T.);
#375=FACE_OUTER_BOUND('',#651,.T.);
#376=FACE_OUTER_BOUND('',#652,.T.);
#377=FACE_OUTER_BOUND('',#653,.T.);
#378=FACE_OUTER_BOUND('',#654,.T.);
#379=FACE_OUTER_BOUND('',#655,.T.);
#380=FACE_OUTER_BOUND('',#656,.T.);
#381=FACE_OUTER_BOUND('',#657,.T.);
#382=FACE_OUTER_BOUND('',#658,.T.);
#383=FACE_OUTER_BOUND('',#659,.T.);
#384=FACE_OUTER_BOUND('',#660,.T.);
#385=FACE_OUTER_BOUND('',#661,.T.);
#386=FACE_OUTER_BOUND('',#662,.T.);
#387=FACE_OUTER_BOUND('',#663,.T.);
#388=FACE_OUTER_BOUND('',#664,.T.);
#389=FACE_OUTER_BOUND('',#665,.T.);
#390=FACE_OUTER_BOUND('',#666,.T.);
#391=FACE_OUTER_BOUND('',#667,.T.);
#392=FACE_OUTER_BOUND('',#669,.T.);
#393=FACE_OUTER_BOUND('',#670,.T.);
#394=FACE_OUTER_BOUND('',#671,.T.);
#395=FACE_OUTER_BOUND('',#672,.T.);
#396=FACE_OUTER_BOUND('',#673,.T.);
#397=FACE_OUTER_BOUND('',#675,.T.);
#398=FACE_OUTER_BOUND('',#676,.T.);
#399=FACE_OUTER_BOUND('',#677,.T.);
#400=FACE_OUTER_BOUND('',#678,.T.);
#401=FACE_OUTER_BOUND('',#679,.T.);
#402=FACE_OUTER_BOUND('',#680,.T.);
#403=FACE_OUTER_BOUND('',#681,.T.);
#404=FACE_OUTER_BOUND('',#682,.T.);
#405=FACE_OUTER_BOUND('',#684,.T.);
#406=FACE_OUTER_BOUND('',#685,.T.);
#407=FACE_OUTER_BOUND('',#686,.T.);
#408=FACE_OUTER_BOUND('',#687,.T.);
#409=FACE_OUTER_BOUND('',#688,.T.);
#410=FACE_OUTER_BOUND('',#689,.T.);
#411=FACE_OUTER_BOUND('',#690,.T.);
#412=FACE_OUTER_BOUND('',#691,.T.);
#413=FACE_OUTER_BOUND('',#692,.T.);
#414=FACE_OUTER_BOUND('',#693,.T.);
#415=FACE_OUTER_BOUND('',#694,.T.);
#416=FACE_OUTER_BOUND('',#695,.T.);
#417=FACE_OUTER_BOUND('',#696,.T.);
#418=FACE_OUTER_BOUND('',#697,.T.);
#419=FACE_OUTER_BOUND('',#698,.T.);
#420=FACE_OUTER_BOUND('',#699,.T.);
#421=FACE_OUTER_BOUND('',#700,.T.);
#422=FACE_OUTER_BOUND('',#701,.T.);
#423=FACE_OUTER_BOUND('',#702,.T.);
#424=FACE_OUTER_BOUND('',#703,.T.);
#425=FACE_OUTER_BOUND('',#704,.T.);
#426=FACE_OUTER_BOUND('',#705,.T.);
#427=FACE_OUTER_BOUND('',#706,.T.);
#428=FACE_OUTER_BOUND('',#707,.T.);
#429=FACE_OUTER_BOUND('',#708,.T.);
#430=FACE_OUTER_BOUND('',#709,.T.);
#431=FACE_OUTER_BOUND('',#710,.T.);
#432=FACE_OUTER_BOUND('',#711,.T.);
#433=FACE_OUTER_BOUND('',#712,.T.);
#434=FACE_OUTER_BOUND('',#713,.T.);
#435=FACE_OUTER_BOUND('',#714,.T.);
#436=FACE_OUTER_BOUND('',#715,.T.);
#437=FACE_OUTER_BOUND('',#716,.T.);
#438=FACE_OUTER_BOUND('',#717,.T.);
#439=FACE_OUTER_BOUND('',#718,.T.);
#440=FACE_OUTER_BOUND('',#719,.T.);
#441=FACE_OUTER_BOUND('',#720,.T.);
#442=FACE_OUTER_BOUND('',#721,.T.);
#443=FACE_OUTER_BOUND('',#722,.T.);
#444=FACE_OUTER_BOUND('',#723,.T.);
#445=FACE_OUTER_BOUND('',#724,.T.);
#446=FACE_OUTER_BOUND('',#725,.T.);
#447=FACE_OUTER_BOUND('',#726,.T.);
#448=FACE_OUTER_BOUND('',#727,.T.);
#449=FACE_OUTER_BOUND('',#728,.T.);
#450=FACE_OUTER_BOUND('',#730,.T.);
#451=FACE_OUTER_BOUND('',#731,.T.);
#452=FACE_OUTER_BOUND('',#732,.T.);
#453=FACE_OUTER_BOUND('',#733,.T.);
#454=FACE_OUTER_BOUND('',#734,.T.);
#455=FACE_OUTER_BOUND('',#735,.T.);
#456=FACE_OUTER_BOUND('',#736,.T.);
#457=FACE_OUTER_BOUND('',#737,.T.);
#458=FACE_OUTER_BOUND('',#738,.T.);
#459=FACE_OUTER_BOUND('',#739,.T.);
#460=FACE_OUTER_BOUND('',#740,.T.);
#461=FACE_OUTER_BOUND('',#741,.T.);
#462=FACE_OUTER_BOUND('',#742,.T.);
#463=FACE_OUTER_BOUND('',#743,.T.);
#464=FACE_OUTER_BOUND('',#744,.T.);
#465=FACE_OUTER_BOUND('',#745,.T.);
#466=FACE_OUTER_BOUND('',#746,.T.);
#467=FACE_OUTER_BOUND('',#747,.T.);
#468=FACE_OUTER_BOUND('',#748,.T.);
#469=FACE_OUTER_BOUND('',#749,.T.);
#470=FACE_OUTER_BOUND('',#750,.T.);
#471=FACE_OUTER_BOUND('',#751,.T.);
#472=FACE_OUTER_BOUND('',#752,.T.);
#473=FACE_OUTER_BOUND('',#753,.T.);
#474=FACE_OUTER_BOUND('',#754,.T.);
#475=FACE_OUTER_BOUND('',#755,.T.);
#476=FACE_OUTER_BOUND('',#756,.T.);
#477=FACE_OUTER_BOUND('',#757,.T.);
#478=FACE_OUTER_BOUND('',#758,.T.);
#479=FACE_OUTER_BOUND('',#759,.T.);
#480=FACE_OUTER_BOUND('',#760,.T.);
#481=FACE_OUTER_BOUND('',#761,.T.);
#482=FACE_OUTER_BOUND('',#762,.T.);
#483=FACE_OUTER_BOUND('',#763,.T.);
#484=FACE_OUTER_BOUND('',#764,.T.);
#485=FACE_OUTER_BOUND('',#765,.T.);
#486=FACE_OUTER_BOUND('',#766,.T.);
#487=FACE_OUTER_BOUND('',#767,.T.);
#488=FACE_OUTER_BOUND('',#768,.T.);
#489=FACE_OUTER_BOUND('',#769,.T.);
#490=FACE_OUTER_BOUND('',#770,.T.);
#491=FACE_OUTER_BOUND('',#771,.T.);
#492=FACE_OUTER_BOUND('',#772,.T.);
#493=FACE_OUTER_BOUND('',#773,.T.);
#494=FACE_OUTER_BOUND('',#774,.T.);
#495=FACE_OUTER_BOUND('',#775,.T.);
#496=FACE_OUTER_BOUND('',#776,.T.);
#497=FACE_OUTER_BOUND('',#777,.T.);
#498=FACE_OUTER_BOUND('',#780,.T.);
#499=FACE_OUTER_BOUND('',#781,.T.);
#500=FACE_OUTER_BOUND('',#782,.T.);
#501=FACE_OUTER_BOUND('',#783,.T.);
#502=FACE_OUTER_BOUND('',#784,.T.);
#503=FACE_OUTER_BOUND('',#785,.T.);
#504=FACE_OUTER_BOUND('',#786,.T.);
#505=FACE_OUTER_BOUND('',#787,.T.);
#506=FACE_OUTER_BOUND('',#788,.T.);
#507=FACE_OUTER_BOUND('',#789,.T.);
#508=FACE_OUTER_BOUND('',#790,.T.);
#509=FACE_OUTER_BOUND('',#791,.T.);
#510=FACE_OUTER_BOUND('',#792,.T.);
#511=FACE_OUTER_BOUND('',#793,.T.);
#512=FACE_OUTER_BOUND('',#794,.T.);
#513=FACE_OUTER_BOUND('',#795,.T.);
#514=FACE_OUTER_BOUND('',#796,.T.);
#515=FACE_OUTER_BOUND('',#797,.T.);
#516=FACE_OUTER_BOUND('',#798,.T.);
#517=FACE_OUTER_BOUND('',#799,.T.);
#518=FACE_OUTER_BOUND('',#800,.T.);
#519=FACE_OUTER_BOUND('',#801,.T.);
#520=FACE_OUTER_BOUND('',#802,.T.);
#521=FACE_OUTER_BOUND('',#803,.T.);
#522=FACE_OUTER_BOUND('',#804,.T.);
#523=FACE_OUTER_BOUND('',#805,.T.);
#524=FACE_OUTER_BOUND('',#806,.T.);
#525=FACE_OUTER_BOUND('',#807,.T.);
#526=FACE_OUTER_BOUND('',#808,.T.);
#527=FACE_OUTER_BOUND('',#809,.T.);
#528=FACE_OUTER_BOUND('',#810,.T.);
#529=FACE_OUTER_BOUND('',#812,.T.);
#530=FACE_OUTER_BOUND('',#813,.T.);
#531=FACE_OUTER_BOUND('',#814,.T.);
#532=FACE_OUTER_BOUND('',#815,.T.);
#533=FACE_OUTER_BOUND('',#816,.T.);
#534=FACE_OUTER_BOUND('',#817,.T.);
#535=FACE_OUTER_BOUND('',#818,.T.);
#536=FACE_OUTER_BOUND('',#819,.T.);
#537=FACE_OUTER_BOUND('',#820,.T.);
#538=FACE_OUTER_BOUND('',#821,.T.);
#539=FACE_OUTER_BOUND('',#822,.T.);
#540=FACE_OUTER_BOUND('',#823,.T.);
#541=FACE_OUTER_BOUND('',#824,.T.);
#542=FACE_OUTER_BOUND('',#825,.T.);
#543=FACE_OUTER_BOUND('',#826,.T.);
#544=FACE_OUTER_BOUND('',#827,.T.);
#545=FACE_OUTER_BOUND('',#828,.T.);
#546=FACE_OUTER_BOUND('',#829,.T.);
#547=FACE_OUTER_BOUND('',#830,.T.);
#548=FACE_OUTER_BOUND('',#831,.T.);
#549=FACE_OUTER_BOUND('',#832,.T.);
#550=FACE_OUTER_BOUND('',#833,.T.);
#551=FACE_OUTER_BOUND('',#834,.T.);
#552=FACE_OUTER_BOUND('',#835,.T.);
#553=FACE_OUTER_BOUND('',#836,.T.);
#554=FACE_OUTER_BOUND('',#837,.T.);
#555=FACE_OUTER_BOUND('',#838,.T.);
#556=FACE_OUTER_BOUND('',#839,.T.);
#557=FACE_OUTER_BOUND('',#840,.T.);
#558=FACE_OUTER_BOUND('',#841,.T.);
#559=FACE_OUTER_BOUND('',#843,.T.);
#560=FACE_OUTER_BOUND('',#844,.T.);
#561=FACE_OUTER_BOUND('',#845,.T.);
#562=FACE_OUTER_BOUND('',#846,.T.);
#563=FACE_OUTER_BOUND('',#847,.T.);
#564=FACE_OUTER_BOUND('',#848,.T.);
#565=FACE_OUTER_BOUND('',#849,.T.);
#566=FACE_OUTER_BOUND('',#850,.T.);
#567=FACE_OUTER_BOUND('',#851,.T.);
#568=FACE_OUTER_BOUND('',#852,.T.);
#569=FACE_OUTER_BOUND('',#853,.T.);
#570=FACE_OUTER_BOUND('',#854,.T.);
#571=FACE_OUTER_BOUND('',#855,.T.);
#572=FACE_OUTER_BOUND('',#856,.T.);
#573=FACE_OUTER_BOUND('',#857,.T.);
#574=FACE_OUTER_BOUND('',#858,.T.);
#575=FACE_OUTER_BOUND('',#859,.T.);
#576=FACE_OUTER_BOUND('',#860,.T.);
#577=FACE_OUTER_BOUND('',#862,.T.);
#578=FACE_OUTER_BOUND('',#863,.T.);
#579=FACE_OUTER_BOUND('',#864,.T.);
#580=FACE_OUTER_BOUND('',#865,.T.);
#581=FACE_OUTER_BOUND('',#866,.T.);
#582=FACE_OUTER_BOUND('',#867,.T.);
#583=FACE_OUTER_BOUND('',#868,.T.);
#584=FACE_OUTER_BOUND('',#869,.T.);
#585=FACE_OUTER_BOUND('',#870,.T.);
#586=FACE_OUTER_BOUND('',#871,.T.);
#587=FACE_OUTER_BOUND('',#872,.T.);
#588=FACE_OUTER_BOUND('',#873,.T.);
#589=FACE_OUTER_BOUND('',#874,.T.);
#590=FACE_OUTER_BOUND('',#875,.T.);
#591=FACE_OUTER_BOUND('',#876,.T.);
#592=FACE_OUTER_BOUND('',#877,.T.);
#593=FACE_OUTER_BOUND('',#878,.T.);
#594=FACE_OUTER_BOUND('',#879,.T.);
#595=FACE_OUTER_BOUND('',#880,.T.);
#596=FACE_OUTER_BOUND('',#881,.T.);
#597=FACE_OUTER_BOUND('',#882,.T.);
#598=FACE_OUTER_BOUND('',#883,.T.);
#599=FACE_OUTER_BOUND('',#884,.T.);
#600=FACE_OUTER_BOUND('',#885,.T.);
#601=FACE_OUTER_BOUND('',#886,.T.);
#602=FACE_OUTER_BOUND('',#887,.T.);
#603=FACE_OUTER_BOUND('',#888,.T.);
#604=FACE_OUTER_BOUND('',#889,.T.);
#605=FACE_OUTER_BOUND('',#890,.T.);
#606=FACE_OUTER_BOUND('',#891,.T.);
#607=FACE_OUTER_BOUND('',#892,.T.);
#608=FACE_OUTER_BOUND('',#893,.T.);
#609=FACE_OUTER_BOUND('',#894,.T.);
#610=FACE_OUTER_BOUND('',#895,.T.);
#611=FACE_OUTER_BOUND('',#896,.T.);
#612=FACE_OUTER_BOUND('',#897,.T.);
#613=FACE_OUTER_BOUND('',#898,.T.);
#614=FACE_OUTER_BOUND('',#899,.T.);
#615=FACE_OUTER_BOUND('',#900,.T.);
#616=FACE_OUTER_BOUND('',#901,.T.);
#617=FACE_OUTER_BOUND('',#902,.T.);
#618=FACE_OUTER_BOUND('',#903,.T.);
#619=FACE_OUTER_BOUND('',#904,.T.);
#620=FACE_OUTER_BOUND('',#905,.T.);
#621=FACE_OUTER_BOUND('',#906,.T.);
#622=FACE_OUTER_BOUND('',#907,.T.);
#623=FACE_OUTER_BOUND('',#908,.T.);
#624=FACE_OUTER_BOUND('',#909,.T.);
#625=FACE_OUTER_BOUND('',#910,.T.);
#626=FACE_OUTER_BOUND('',#911,.T.);
#627=FACE_OUTER_BOUND('',#912,.T.);
#628=FACE_OUTER_BOUND('',#913,.T.);
#629=FACE_OUTER_BOUND('',#914,.T.);
#630=FACE_OUTER_BOUND('',#915,.T.);
#631=FACE_OUTER_BOUND('',#916,.T.);
#632=FACE_OUTER_BOUND('',#917,.T.);
#633=FACE_OUTER_BOUND('',#918,.T.);
#634=FACE_OUTER_BOUND('',#919,.T.);
#635=FACE_OUTER_BOUND('',#920,.T.);
#636=FACE_OUTER_BOUND('',#921,.T.);
#637=FACE_OUTER_BOUND('',#922,.T.);
#638=FACE_OUTER_BOUND('',#923,.T.);
#639=FACE_OUTER_BOUND('',#924,.T.);
#640=FACE_OUTER_BOUND('',#925,.T.);
#641=FACE_OUTER_BOUND('',#926,.T.);
#642=FACE_OUTER_BOUND('',#927,.T.);
#643=FACE_OUTER_BOUND('',#928,.T.);
#644=FACE_OUTER_BOUND('',#929,.T.);
#645=FACE_OUTER_BOUND('',#930,.T.);
#646=FACE_OUTER_BOUND('',#931,.T.);
#647=EDGE_LOOP('',(#3181,#3182,#3183,#3184));
#648=EDGE_LOOP('',(#3185,#3186,#3187,#3188,#3189,#3190,#3191,#3192,#3193,
#3194,#3195,#3196,#3197,#3198,#3199));
#649=EDGE_LOOP('',(#3200,#3201,#3202,#3203,#3204,#3205,#3206,#3207));
#650=EDGE_LOOP('',(#3208,#3209,#3210,#3211,#3212,#3213,#3214,#3215,#3216,
#3217,#3218));
#651=EDGE_LOOP('',(#3219,#3220,#3221,#3222));
#652=EDGE_LOOP('',(#3223,#3224,#3225,#3226));
#653=EDGE_LOOP('',(#3227,#3228,#3229,#3230));
#654=EDGE_LOOP('',(#3231,#3232,#3233,#3234));
#655=EDGE_LOOP('',(#3235,#3236,#3237,#3238,#3239,#3240,#3241,#3242,#3243));
#656=EDGE_LOOP('',(#3244,#3245,#3246,#3247));
#657=EDGE_LOOP('',(#3248,#3249,#3250,#3251));
#658=EDGE_LOOP('',(#3252,#3253,#3254,#3255,#3256,#3257));
#659=EDGE_LOOP('',(#3258,#3259,#3260,#3261));
#660=EDGE_LOOP('',(#3262,#3263,#3264,#3265));
#661=EDGE_LOOP('',(#3266,#3267,#3268,#3269,#3270));
#662=EDGE_LOOP('',(#3271,#3272,#3273,#3274));
#663=EDGE_LOOP('',(#3275,#3276,#3277,#3278,#3279));
#664=EDGE_LOOP('',(#3280,#3281,#3282,#3283));
#665=EDGE_LOOP('',(#3284,#3285,#3286,#3287));
#666=EDGE_LOOP('',(#3288,#3289,#3290,#3291,#3292));
#667=EDGE_LOOP('',(#3293,#3294,#3295,#3296,#3297,#3298,#3299,#3300,#3301,
#3302,#3303,#3304));
#668=EDGE_LOOP('',(#3305,#3306,#3307,#3308));
#669=EDGE_LOOP('',(#3309,#3310,#3311,#3312,#3313));
#670=EDGE_LOOP('',(#3314,#3315,#3316,#3317,#3318));
#671=EDGE_LOOP('',(#3319,#3320,#3321,#3322,#3323));
#672=EDGE_LOOP('',(#3324,#3325,#3326,#3327,#3328));
#673=EDGE_LOOP('',(#3329,#3330,#3331,#3332,#3333,#3334,#3335,#3336,#3337,
#3338,#3339,#3340,#3341));
#674=EDGE_LOOP('',(#3342,#3343,#3344,#3345));
#675=EDGE_LOOP('',(#3346,#3347,#3348,#3349,#3350));
#676=EDGE_LOOP('',(#3351,#3352,#3353,#3354,#3355));
#677=EDGE_LOOP('',(#3356,#3357,#3358,#3359,#3360));
#678=EDGE_LOOP('',(#3361,#3362,#3363,#3364,#3365));
#679=EDGE_LOOP('',(#3366,#3367,#3368,#3369,#3370));
#680=EDGE_LOOP('',(#3371,#3372,#3373,#3374,#3375));
#681=EDGE_LOOP('',(#3376,#3377,#3378,#3379,#3380));
#682=EDGE_LOOP('',(#3381,#3382,#3383,#3384,#3385,#3386,#3387,#3388,#3389,
#3390,#3391,#3392,#3393,#3394));
#683=EDGE_LOOP('',(#3395,#3396,#3397,#3398));
#684=EDGE_LOOP('',(#3399,#3400,#3401,#3402,#3403));
#685=EDGE_LOOP('',(#3404,#3405,#3406,#3407,#3408));
#686=EDGE_LOOP('',(#3409,#3410,#3411,#3412,#3413));
#687=EDGE_LOOP('',(#3414,#3415,#3416,#3417,#3418));
#688=EDGE_LOOP('',(#3419,#3420,#3421,#3422,#3423));
#689=EDGE_LOOP('',(#3424,#3425,#3426,#3427,#3428));
#690=EDGE_LOOP('',(#3429,#3430,#3431,#3432,#3433,#3434,#3435,#3436,#3437,
#3438,#3439));
#691=EDGE_LOOP('',(#3440,#3441,#3442,#3443));
#692=EDGE_LOOP('',(#3444,#3445,#3446,#3447));
#693=EDGE_LOOP('',(#3448,#3449,#3450,#3451));
#694=EDGE_LOOP('',(#3452,#3453,#3454,#3455));
#695=EDGE_LOOP('',(#3456,#3457,#3458,#3459,#3460,#3461,#3462,#3463,#3464,
#3465,#3466,#3467,#3468,#3469,#3470,#3471));
#696=EDGE_LOOP('',(#3472,#3473,#3474,#3475,#3476,#3477,#3478,#3479,#3480));
#697=EDGE_LOOP('',(#3481,#3482,#3483,#3484));
#698=EDGE_LOOP('',(#3485,#3486,#3487,#3488));
#699=EDGE_LOOP('',(#3489,#3490,#3491,#3492));
#700=EDGE_LOOP('',(#3493,#3494,#3495,#3496));
#701=EDGE_LOOP('',(#3497,#3498,#3499,#3500));
#702=EDGE_LOOP('',(#3501,#3502,#3503,#3504,#3505,#3506,#3507,#3508,#3509,
#3510,#3511,#3512,#3513,#3514,#3515,#3516,#3517));
#703=EDGE_LOOP('',(#3518,#3519,#3520,#3521));
#704=EDGE_LOOP('',(#3522,#3523,#3524,#3525));
#705=EDGE_LOOP('',(#3526,#3527,#3528,#3529));
#706=EDGE_LOOP('',(#3530,#3531,#3532,#3533));
#707=EDGE_LOOP('',(#3534,#3535,#3536,#3537));
#708=EDGE_LOOP('',(#3538,#3539,#3540,#3541));
#709=EDGE_LOOP('',(#3542,#3543,#3544,#3545));
#710=EDGE_LOOP('',(#3546,#3547,#3548,#3549,#3550,#3551,#3552,#3553,#3554,
#3555,#3556,#3557,#3558,#3559));
#711=EDGE_LOOP('',(#3560,#3561,#3562,#3563));
#712=EDGE_LOOP('',(#3564,#3565,#3566,#3567));
#713=EDGE_LOOP('',(#3568,#3569,#3570,#3571));
#714=EDGE_LOOP('',(#3572,#3573,#3574,#3575));
#715=EDGE_LOOP('',(#3576,#3577,#3578,#3579));
#716=EDGE_LOOP('',(#3580,#3581,#3582,#3583));
#717=EDGE_LOOP('',(#3584,#3585,#3586,#3587));
#718=EDGE_LOOP('',(#3588,#3589,#3590,#3591));
#719=EDGE_LOOP('',(#3592,#3593,#3594,#3595));
#720=EDGE_LOOP('',(#3596,#3597,#3598,#3599));
#721=EDGE_LOOP('',(#3600,#3601,#3602,#3603));
#722=EDGE_LOOP('',(#3604,#3605,#3606,#3607));
#723=EDGE_LOOP('',(#3608,#3609,#3610,#3611));
#724=EDGE_LOOP('',(#3612,#3613,#3614,#3615));
#725=EDGE_LOOP('',(#3616,#3617,#3618,#3619));
#726=EDGE_LOOP('',(#3620,#3621,#3622,#3623,#3624));
#727=EDGE_LOOP('',(#3625,#3626,#3627,#3628));
#728=EDGE_LOOP('',(#3629,#3630,#3631,#3632,#3633,#3634,#3635,#3636,#3637,
#3638,#3639,#3640,#3641,#3642,#3643,#3644,#3645,#3646,#3647,#3648));
#729=EDGE_LOOP('',(#3649,#3650,#3651,#3652,#3653,#3654,#3655,#3656,#3657,
#3658,#3659,#3660));
#730=EDGE_LOOP('',(#3661,#3662,#3663,#3664,#3665,#3666,#3667,#3668,#3669,
#3670,#3671,#3672,#3673,#3674,#3675,#3676));
#731=EDGE_LOOP('',(#3677,#3678,#3679,#3680));
#732=EDGE_LOOP('',(#3681,#3682,#3683,#3684));
#733=EDGE_LOOP('',(#3685,#3686,#3687,#3688));
#734=EDGE_LOOP('',(#3689,#3690,#3691,#3692));
#735=EDGE_LOOP('',(#3693,#3694,#3695,#3696));
#736=EDGE_LOOP('',(#3697,#3698,#3699,#3700));
#737=EDGE_LOOP('',(#3701,#3702,#3703,#3704,#3705,#3706));
#738=EDGE_LOOP('',(#3707,#3708,#3709,#3710));
#739=EDGE_LOOP('',(#3711,#3712,#3713,#3714,#3715,#3716,#3717,#3718,#3719,
#3720,#3721,#3722,#3723,#3724,#3725,#3726));
#740=EDGE_LOOP('',(#3727,#3728,#3729,#3730));
#741=EDGE_LOOP('',(#3731,#3732,#3733,#3734));
#742=EDGE_LOOP('',(#3735,#3736,#3737,#3738));
#743=EDGE_LOOP('',(#3739,#3740,#3741,#3742));
#744=EDGE_LOOP('',(#3743,#3744,#3745,#3746));
#745=EDGE_LOOP('',(#3747,#3748,#3749,#3750));
#746=EDGE_LOOP('',(#3751,#3752,#3753,#3754,#3755,#3756));
#747=EDGE_LOOP('',(#3757,#3758,#3759,#3760));
#748=EDGE_LOOP('',(#3761,#3762,#3763,#3764,#3765,#3766,#3767,#3768,#3769,
#3770,#3771,#3772,#3773,#3774,#3775,#3776));
#749=EDGE_LOOP('',(#3777,#3778,#3779,#3780));
#750=EDGE_LOOP('',(#3781,#3782,#3783,#3784));
#751=EDGE_LOOP('',(#3785,#3786,#3787,#3788));
#752=EDGE_LOOP('',(#3789,#3790,#3791,#3792));
#753=EDGE_LOOP('',(#3793,#3794,#3795,#3796));
#754=EDGE_LOOP('',(#3797,#3798,#3799,#3800,#3801));
#755=EDGE_LOOP('',(#3802,#3803,#3804,#3805));
#756=EDGE_LOOP('',(#3806,#3807,#3808,#3809,#3810,#3811,#3812,#3813,#3814,
#3815,#3816,#3817,#3818,#3819,#3820,#3821));
#757=EDGE_LOOP('',(#3822,#3823,#3824,#3825,#3826,#3827));
#758=EDGE_LOOP('',(#3828,#3829,#3830,#3831));
#759=EDGE_LOOP('',(#3832,#3833,#3834,#3835,#3836,#3837));
#760=EDGE_LOOP('',(#3838,#3839,#3840,#3841));
#761=EDGE_LOOP('',(#3842,#3843,#3844,#3845));
#762=EDGE_LOOP('',(#3846,#3847,#3848,#3849));
#763=EDGE_LOOP('',(#3850,#3851,#3852,#3853));
#764=EDGE_LOOP('',(#3854,#3855,#3856,#3857));
#765=EDGE_LOOP('',(#3858,#3859,#3860,#3861));
#766=EDGE_LOOP('',(#3862,#3863,#3864,#3865,#3866));
#767=EDGE_LOOP('',(#3867,#3868,#3869,#3870));
#768=EDGE_LOOP('',(#3871,#3872,#3873,#3874));
#769=EDGE_LOOP('',(#3875,#3876,#3877,#3878));
#770=EDGE_LOOP('',(#3879,#3880,#3881,#3882));
#771=EDGE_LOOP('',(#3883,#3884,#3885,#3886));
#772=EDGE_LOOP('',(#3887,#3888,#3889,#3890));
#773=EDGE_LOOP('',(#3891,#3892,#3893,#3894,#3895));
#774=EDGE_LOOP('',(#3896,#3897,#3898,#3899));
#775=EDGE_LOOP('',(#3900,#3901,#3902,#3903));
#776=EDGE_LOOP('',(#3904,#3905,#3906,#3907));
#777=EDGE_LOOP('',(#3908,#3909,#3910,#3911,#3912,#3913,#3914,#3915,#3916,
#3917,#3918,#3919,#3920,#3921,#3922,#3923));
#778=EDGE_LOOP('',(#3924,#3925,#3926,#3927));
#779=EDGE_LOOP('',(#3928,#3929,#3930,#3931));
#780=EDGE_LOOP('',(#3932,#3933,#3934,#3935));
#781=EDGE_LOOP('',(#3936,#3937,#3938,#3939));
#782=EDGE_LOOP('',(#3940,#3941,#3942,#3943,#3944,#3945,#3946,#3947));
#783=EDGE_LOOP('',(#3948,#3949,#3950,#3951));
#784=EDGE_LOOP('',(#3952,#3953,#3954,#3955));
#785=EDGE_LOOP('',(#3956,#3957,#3958,#3959,#3960,#3961,#3962,#3963));
#786=EDGE_LOOP('',(#3964,#3965,#3966,#3967));
#787=EDGE_LOOP('',(#3968,#3969,#3970,#3971));
#788=EDGE_LOOP('',(#3972,#3973,#3974,#3975));
#789=EDGE_LOOP('',(#3976,#3977,#3978,#3979));
#790=EDGE_LOOP('',(#3980,#3981,#3982,#3983));
#791=EDGE_LOOP('',(#3984,#3985,#3986,#3987));
#792=EDGE_LOOP('',(#3988,#3989,#3990,#3991));
#793=EDGE_LOOP('',(#3992,#3993,#3994,#3995));
#794=EDGE_LOOP('',(#3996,#3997,#3998,#3999));
#795=EDGE_LOOP('',(#4000,#4001,#4002,#4003));
#796=EDGE_LOOP('',(#4004,#4005,#4006,#4007));
#797=EDGE_LOOP('',(#4008,#4009,#4010,#4011));
#798=EDGE_LOOP('',(#4012,#4013,#4014,#4015));
#799=EDGE_LOOP('',(#4016,#4017,#4018,#4019));
#800=EDGE_LOOP('',(#4020,#4021,#4022,#4023));
#801=EDGE_LOOP('',(#4024,#4025,#4026,#4027));
#802=EDGE_LOOP('',(#4028,#4029,#4030,#4031));
#803=EDGE_LOOP('',(#4032,#4033,#4034,#4035));
#804=EDGE_LOOP('',(#4036,#4037,#4038,#4039));
#805=EDGE_LOOP('',(#4040,#4041,#4042,#4043));
#806=EDGE_LOOP('',(#4044,#4045,#4046,#4047,#4048));
#807=EDGE_LOOP('',(#4049,#4050,#4051,#4052,#4053,#4054));
#808=EDGE_LOOP('',(#4055,#4056,#4057,#4058,#4059));
#809=EDGE_LOOP('',(#4060,#4061,#4062,#4063));
#810=EDGE_LOOP('',(#4064,#4065,#4066,#4067));
#811=EDGE_LOOP('',(#4068,#4069,#4070,#4071));
#812=EDGE_LOOP('',(#4072,#4073,#4074,#4075));
#813=EDGE_LOOP('',(#4076,#4077,#4078,#4079));
#814=EDGE_LOOP('',(#4080,#4081,#4082,#4083));
#815=EDGE_LOOP('',(#4084,#4085,#4086,#4087));
#816=EDGE_LOOP('',(#4088,#4089,#4090,#4091));
#817=EDGE_LOOP('',(#4092,#4093,#4094,#4095,#4096));
#818=EDGE_LOOP('',(#4097,#4098,#4099,#4100));
#819=EDGE_LOOP('',(#4101,#4102,#4103,#4104));
#820=EDGE_LOOP('',(#4105,#4106,#4107,#4108));
#821=EDGE_LOOP('',(#4109,#4110,#4111,#4112));
#822=EDGE_LOOP('',(#4113,#4114,#4115,#4116));
#823=EDGE_LOOP('',(#4117,#4118,#4119,#4120));
#824=EDGE_LOOP('',(#4121,#4122,#4123,#4124));
#825=EDGE_LOOP('',(#4125,#4126,#4127,#4128));
#826=EDGE_LOOP('',(#4129,#4130,#4131,#4132,#4133));
#827=EDGE_LOOP('',(#4134,#4135,#4136,#4137,#4138,#4139));
#828=EDGE_LOOP('',(#4140,#4141,#4142,#4143));
#829=EDGE_LOOP('',(#4144,#4145,#4146,#4147,#4148));
#830=EDGE_LOOP('',(#4149,#4150,#4151,#4152));
#831=EDGE_LOOP('',(#4153,#4154,#4155,#4156));
#832=EDGE_LOOP('',(#4157,#4158,#4159,#4160));
#833=EDGE_LOOP('',(#4161,#4162,#4163,#4164));
#834=EDGE_LOOP('',(#4165,#4166,#4167,#4168,#4169,#4170));
#835=EDGE_LOOP('',(#4171,#4172,#4173,#4174,#4175,#4176));
#836=EDGE_LOOP('',(#4177,#4178,#4179,#4180));
#837=EDGE_LOOP('',(#4181,#4182,#4183,#4184));
#838=EDGE_LOOP('',(#4185,#4186,#4187,#4188,#4189,#4190,#4191,#4192));
#839=EDGE_LOOP('',(#4193,#4194,#4195,#4196));
#840=EDGE_LOOP('',(#4197,#4198,#4199,#4200));
#841=EDGE_LOOP('',(#4201,#4202,#4203,#4204));
#842=EDGE_LOOP('',(#4205,#4206,#4207,#4208));
#843=EDGE_LOOP('',(#4209,#4210,#4211,#4212,#4213,#4214));
#844=EDGE_LOOP('',(#4215,#4216,#4217,#4218,#4219,#4220,#4221,#4222,#4223,
#4224,#4225));
#845=EDGE_LOOP('',(#4226,#4227,#4228,#4229));
#846=EDGE_LOOP('',(#4230,#4231,#4232,#4233));
#847=EDGE_LOOP('',(#4234,#4235,#4236,#4237));
#848=EDGE_LOOP('',(#4238,#4239,#4240,#4241));
#849=EDGE_LOOP('',(#4242,#4243,#4244,#4245));
#850=EDGE_LOOP('',(#4246,#4247,#4248,#4249));
#851=EDGE_LOOP('',(#4250,#4251,#4252,#4253));
#852=EDGE_LOOP('',(#4254,#4255,#4256,#4257));
#853=EDGE_LOOP('',(#4258,#4259,#4260,#4261));
#854=EDGE_LOOP('',(#4262,#4263,#4264,#4265));
#855=EDGE_LOOP('',(#4266,#4267,#4268,#4269));
#856=EDGE_LOOP('',(#4270,#4271,#4272,#4273));
#857=EDGE_LOOP('',(#4274,#4275,#4276,#4277));
#858=EDGE_LOOP('',(#4278,#4279,#4280,#4281));
#859=EDGE_LOOP('',(#4282,#4283,#4284,#4285));
#860=EDGE_LOOP('',(#4286,#4287,#4288,#4289,#4290,#4291,#4292,#4293));
#861=EDGE_LOOP('',(#4294,#4295,#4296,#4297));
#862=EDGE_LOOP('',(#4298,#4299,#4300,#4301));
#863=EDGE_LOOP('',(#4302,#4303,#4304,#4305));
#864=EDGE_LOOP('',(#4306,#4307,#4308,#4309));
#865=EDGE_LOOP('',(#4310,#4311,#4312,#4313));
#866=EDGE_LOOP('',(#4314,#4315,#4316,#4317));
#867=EDGE_LOOP('',(#4318,#4319,#4320,#4321));
#868=EDGE_LOOP('',(#4322,#4323,#4324,#4325));
#869=EDGE_LOOP('',(#4326,#4327,#4328,#4329));
#870=EDGE_LOOP('',(#4330,#4331,#4332,#4333));
#871=EDGE_LOOP('',(#4334,#4335,#4336,#4337));
#872=EDGE_LOOP('',(#4338,#4339,#4340,#4341));
#873=EDGE_LOOP('',(#4342,#4343,#4344,#4345));
#874=EDGE_LOOP('',(#4346,#4347,#4348,#4349));
#875=EDGE_LOOP('',(#4350,#4351,#4352,#4353));
#876=EDGE_LOOP('',(#4354,#4355,#4356,#4357,#4358,#4359,#4360,#4361));
#877=EDGE_LOOP('',(#4362,#4363,#4364,#4365));
#878=EDGE_LOOP('',(#4366,#4367,#4368,#4369,#4370,#4371));
#879=EDGE_LOOP('',(#4372,#4373,#4374,#4375,#4376,#4377,#4378,#4379,#4380,
#4381));
#880=EDGE_LOOP('',(#4382,#4383,#4384,#4385,#4386,#4387,#4388,#4389,#4390,
#4391));
#881=EDGE_LOOP('',(#4392,#4393,#4394,#4395,#4396,#4397,#4398));
#882=EDGE_LOOP('',(#4399,#4400,#4401,#4402));
#883=EDGE_LOOP('',(#4403,#4404,#4405,#4406));
#884=EDGE_LOOP('',(#4407,#4408,#4409,#4410));
#885=EDGE_LOOP('',(#4411,#4412,#4413,#4414,#4415,#4416));
#886=EDGE_LOOP('',(#4417,#4418,#4419,#4420,#4421));
#887=EDGE_LOOP('',(#4422,#4423,#4424,#4425,#4426,#4427,#4428));
#888=EDGE_LOOP('',(#4429,#4430,#4431,#4432,#4433,#4434,#4435,#4436,#4437,
#4438,#4439,#4440,#4441,#4442,#4443,#4444,#4445,#4446,#4447,#4448));
#889=EDGE_LOOP('',(#4449,#4450,#4451,#4452));
#890=EDGE_LOOP('',(#4453,#4454,#4455,#4456));
#891=EDGE_LOOP('',(#4457,#4458,#4459,#4460));
#892=EDGE_LOOP('',(#4461,#4462,#4463,#4464));
#893=EDGE_LOOP('',(#4465,#4466,#4467,#4468));
#894=EDGE_LOOP('',(#4469,#4470,#4471,#4472));
#895=EDGE_LOOP('',(#4473,#4474,#4475,#4476));
#896=EDGE_LOOP('',(#4477,#4478,#4479,#4480));
#897=EDGE_LOOP('',(#4481,#4482,#4483,#4484));
#898=EDGE_LOOP('',(#4485,#4486,#4487,#4488));
#899=EDGE_LOOP('',(#4489,#4490,#4491,#4492));
#900=EDGE_LOOP('',(#4493,#4494,#4495,#4496));
#901=EDGE_LOOP('',(#4497,#4498,#4499,#4500));
#902=EDGE_LOOP('',(#4501,#4502,#4503,#4504));
#903=EDGE_LOOP('',(#4505,#4506,#4507,#4508));
#904=EDGE_LOOP('',(#4509,#4510,#4511,#4512));
#905=EDGE_LOOP('',(#4513,#4514,#4515,#4516));
#906=EDGE_LOOP('',(#4517,#4518,#4519,#4520));
#907=EDGE_LOOP('',(#4521,#4522,#4523,#4524));
#908=EDGE_LOOP('',(#4525,#4526,#4527,#4528));
#909=EDGE_LOOP('',(#4529,#4530,#4531,#4532,#4533,#4534,#4535,#4536,#4537,
#4538,#4539,#4540,#4541,#4542,#4543,#4544,#4545,#4546,#4547,#4548));
#910=EDGE_LOOP('',(#4549,#4550,#4551,#4552,#4553,#4554,#4555,#4556,#4557,
#4558,#4559,#4560,#4561,#4562,#4563,#4564,#4565,#4566,#4567,#4568));
#911=EDGE_LOOP('',(#4569,#4570,#4571,#4572));
#912=EDGE_LOOP('',(#4573,#4574,#4575,#4576));
#913=EDGE_LOOP('',(#4577,#4578,#4579,#4580));
#914=EDGE_LOOP('',(#4581,#4582,#4583,#4584));
#915=EDGE_LOOP('',(#4585,#4586,#4587,#4588));
#916=EDGE_LOOP('',(#4589,#4590,#4591,#4592));
#917=EDGE_LOOP('',(#4593,#4594,#4595,#4596));
#918=EDGE_LOOP('',(#4597,#4598,#4599,#4600));
#919=EDGE_LOOP('',(#4601,#4602,#4603,#4604));
#920=EDGE_LOOP('',(#4605,#4606,#4607,#4608));
#921=EDGE_LOOP('',(#4609,#4610,#4611,#4612));
#922=EDGE_LOOP('',(#4613,#4614,#4615,#4616));
#923=EDGE_LOOP('',(#4617,#4618,#4619,#4620));
#924=EDGE_LOOP('',(#4621,#4622,#4623,#4624));
#925=EDGE_LOOP('',(#4625,#4626,#4627,#4628));
#926=EDGE_LOOP('',(#4629,#4630,#4631,#4632));
#927=EDGE_LOOP('',(#4633,#4634,#4635,#4636));
#928=EDGE_LOOP('',(#4637,#4638,#4639,#4640));
#929=EDGE_LOOP('',(#4641,#4642,#4643,#4644));
#930=EDGE_LOOP('',(#4645,#4646,#4647,#4648));
#931=EDGE_LOOP('',(#4649,#4650,#4651,#4652,#4653,#4654,#4655,#4656,#4657,
#4658,#4659,#4660,#4661,#4662,#4663,#4664,#4665,#4666,#4667,#4668));
#932=LINE('',#7042,#1446);
#933=LINE('',#7044,#1447);
#934=LINE('',#7046,#1448);
#935=LINE('',#7047,#1449);
#936=LINE('',#7050,#1450);
#937=LINE('',#7054,#1451);
#938=LINE('',#7058,#1452);
#939=LINE('',#7060,#1453);
#940=LINE('',#7062,#1454);
#941=LINE('',#7064,#1455);
#942=LINE('',#7066,#1456);
#943=LINE('',#7068,#1457);
#944=LINE('',#7070,#1458);
#945=LINE('',#7072,#1459);
#946=LINE('',#7075,#1460);
#947=LINE('',#7088,#1461);
#948=LINE('',#7092,#1462);
#949=LINE('',#7110,#1463);
#950=LINE('',#7112,#1464);
#951=LINE('',#7114,#1465);
#952=LINE('',#7116,#1466);
#953=LINE('',#7118,#1467);
#954=LINE('',#7120,#1468);
#955=LINE('',#7122,#1469);
#956=LINE('',#7124,#1470);
#957=LINE('',#7125,#1471);
#958=LINE('',#7126,#1472);
#959=LINE('',#7161,#1473);
#960=LINE('',#7162,#1474);
#961=LINE('',#7165,#1475);
#962=LINE('',#7167,#1476);
#963=LINE('',#7168,#1477);
#964=LINE('',#7173,#1478);
#965=LINE('',#7175,#1479);
#966=LINE('',#7177,#1480);
#967=LINE('',#7179,#1481);
#968=LINE('',#7183,#1482);
#969=LINE('',#7186,#1483);
#970=LINE('',#7189,#1484);
#971=LINE('',#7197,#1485);
#972=LINE('',#7207,#1486);
#973=LINE('',#7208,#1487);
#974=LINE('',#7210,#1488);
#975=LINE('',#7212,#1489);
#976=LINE('',#7213,#1490);
#977=LINE('',#7216,#1491);
#978=LINE('',#7232,#1492);
#979=LINE('',#7233,#1493);
#980=LINE('',#7238,#1494);
#981=LINE('',#7239,#1495);
#982=LINE('',#7272,#1496);
#983=LINE('',#7274,#1497);
#984=LINE('',#7276,#1498);
#985=LINE('',#7278,#1499);
#986=LINE('',#7279,#1500);
#987=LINE('',#7282,#1501);
#988=LINE('',#7284,#1502);
#989=LINE('',#7285,#1503);
#990=LINE('',#7287,#1504);
#991=LINE('',#7289,#1505);
#992=LINE('',#7291,#1506);
#993=LINE('',#7293,#1507);
#994=LINE('',#7295,#1508);
#995=LINE('',#7297,#1509);
#996=LINE('',#7298,#1510);
#997=LINE('',#7301,#1511);
#998=LINE('',#7303,#1512);
#999=LINE('',#7305,#1513);
#1000=LINE('',#7306,#1514);
#1001=LINE('',#7309,#1515);
#1002=LINE('',#7311,#1516);
#1003=LINE('',#7313,#1517);
#1004=LINE('',#7314,#1518);
#1005=LINE('',#7318,#1519);
#1006=LINE('',#7320,#1520);
#1007=LINE('',#7321,#1521);
#1008=LINE('',#7322,#1522);
#1009=LINE('',#7325,#1523);
#1010=LINE('',#7327,#1524);
#1011=LINE('',#7329,#1525);
#1012=LINE('',#7330,#1526);
#1013=LINE('',#7334,#1527);
#1014=LINE('',#7336,#1528);
#1015=LINE('',#7338,#1529);
#1016=LINE('',#7340,#1530);
#1017=LINE('',#7341,#1531);
#1018=LINE('',#7344,#1532);
#1019=LINE('',#7346,#1533);
#1020=LINE('',#7347,#1534);
#1021=LINE('',#7349,#1535);
#1022=LINE('',#7351,#1536);
#1023=LINE('',#7353,#1537);
#1024=LINE('',#7355,#1538);
#1025=LINE('',#7357,#1539);
#1026=LINE('',#7359,#1540);
#1027=LINE('',#7360,#1541);
#1028=LINE('',#7363,#1542);
#1029=LINE('',#7365,#1543);
#1030=LINE('',#7367,#1544);
#1031=LINE('',#7368,#1545);
#1032=LINE('',#7371,#1546);
#1033=LINE('',#7373,#1547);
#1034=LINE('',#7375,#1548);
#1035=LINE('',#7376,#1549);
#1036=LINE('',#7380,#1550);
#1037=LINE('',#7382,#1551);
#1038=LINE('',#7383,#1552);
#1039=LINE('',#7384,#1553);
#1040=LINE('',#7387,#1554);
#1041=LINE('',#7389,#1555);
#1042=LINE('',#7391,#1556);
#1043=LINE('',#7392,#1557);
#1044=LINE('',#7396,#1558);
#1045=LINE('',#7398,#1559);
#1046=LINE('',#7400,#1560);
#1047=LINE('',#7402,#1561);
#1048=LINE('',#7403,#1562);
#1049=LINE('',#7407,#1563);
#1050=LINE('',#7409,#1564);
#1051=LINE('',#7411,#1565);
#1052=LINE('',#7413,#1566);
#1053=LINE('',#7414,#1567);
#1054=LINE('',#7418,#1568);
#1055=LINE('',#7420,#1569);
#1056=LINE('',#7422,#1570);
#1057=LINE('',#7424,#1571);
#1058=LINE('',#7425,#1572);
#1059=LINE('',#7429,#1573);
#1060=LINE('',#7431,#1574);
#1061=LINE('',#7433,#1575);
#1062=LINE('',#7435,#1576);
#1063=LINE('',#7436,#1577);
#1064=LINE('',#7439,#1578);
#1065=LINE('',#7441,#1579);
#1066=LINE('',#7443,#1580);
#1067=LINE('',#7445,#1581);
#1068=LINE('',#7446,#1582);
#1069=LINE('',#7448,#1583);
#1070=LINE('',#7450,#1584);
#1071=LINE('',#7452,#1585);
#1072=LINE('',#7454,#1586);
#1073=LINE('',#7456,#1587);
#1074=LINE('',#7458,#1588);
#1075=LINE('',#7459,#1589);
#1076=LINE('',#7462,#1590);
#1077=LINE('',#7464,#1591);
#1078=LINE('',#7466,#1592);
#1079=LINE('',#7467,#1593);
#1080=LINE('',#7471,#1594);
#1081=LINE('',#7473,#1595);
#1082=LINE('',#7474,#1596);
#1083=LINE('',#7475,#1597);
#1084=LINE('',#7478,#1598);
#1085=LINE('',#7480,#1599);
#1086=LINE('',#7482,#1600);
#1087=LINE('',#7483,#1601);
#1088=LINE('',#7489,#1602);
#1089=LINE('',#7503,#1603);
#1090=LINE('',#7506,#1604);
#1091=LINE('',#7508,#1605);
#1092=LINE('',#7510,#1606);
#1093=LINE('',#7511,#1607);
#1094=LINE('',#7514,#1608);
#1095=LINE('',#7516,#1609);
#1096=LINE('',#7517,#1610);
#1097=LINE('',#7520,#1611);
#1098=LINE('',#7525,#1612);
#1099=LINE('',#7532,#1613);
#1100=LINE('',#7535,#1614);
#1101=LINE('',#7537,#1615);
#1102=LINE('',#7539,#1616);
#1103=LINE('',#7543,#1617);
#1104=LINE('',#7545,#1618);
#1105=LINE('',#7549,#1619);
#1106=LINE('',#7553,#1620);
#1107=LINE('',#7555,#1621);
#1108=LINE('',#7559,#1622);
#1109=LINE('',#7560,#1623);
#1110=LINE('',#7562,#1624);
#1111=LINE('',#7563,#1625);
#1112=LINE('',#7568,#1626);
#1113=LINE('',#7574,#1627);
#1114=LINE('',#7576,#1628);
#1115=LINE('',#7578,#1629);
#1116=LINE('',#7580,#1630);
#1117=LINE('',#7585,#1631);
#1118=LINE('',#7595,#1632);
#1119=LINE('',#7600,#1633);
#1120=LINE('',#7602,#1634);
#1121=LINE('',#7604,#1635);
#1122=LINE('',#7607,#1636);
#1123=LINE('',#7608,#1637);
#1124=LINE('',#7610,#1638);
#1125=LINE('',#7615,#1639);
#1126=LINE('',#7618,#1640);
#1127=LINE('',#7622,#1641);
#1128=LINE('',#7631,#1642);
#1129=LINE('',#7633,#1643);
#1130=LINE('',#7636,#1644);
#1131=LINE('',#7637,#1645);
#1132=LINE('',#7639,#1646);
#1133=LINE('',#7646,#1647);
#1134=LINE('',#7649,#1648);
#1135=LINE('',#7654,#1649);
#1136=LINE('',#7661,#1650);
#1137=LINE('',#7664,#1651);
#1138=LINE('',#7669,#1652);
#1139=LINE('',#7676,#1653);
#1140=LINE('',#7679,#1654);
#1141=LINE('',#7698,#1655);
#1142=LINE('',#7699,#1656);
#1143=LINE('',#7752,#1657);
#1144=LINE('',#7753,#1658);
#1145=LINE('',#7756,#1659);
#1146=LINE('',#7760,#1660);
#1147=LINE('',#7764,#1661);
#1148=LINE('',#7768,#1662);
#1149=LINE('',#7770,#1663);
#1150=LINE('',#7772,#1664);
#1151=LINE('',#7774,#1665);
#1152=LINE('',#7778,#1666);
#1153=LINE('',#7782,#1667);
#1154=LINE('',#7784,#1668);
#1155=LINE('',#7786,#1669);
#1156=LINE('',#7788,#1670);
#1157=LINE('',#7790,#1671);
#1158=LINE('',#7792,#1672);
#1159=LINE('',#7794,#1673);
#1160=LINE('',#7798,#1674);
#1161=LINE('',#7801,#1675);
#1162=LINE('',#7803,#1676);
#1163=LINE('',#7805,#1677);
#1164=LINE('',#7807,#1678);
#1165=LINE('',#7809,#1679);
#1166=LINE('',#7810,#1680);
#1167=LINE('',#7815,#1681);
#1168=LINE('',#7819,#1682);
#1169=LINE('',#7823,#1683);
#1170=LINE('',#7824,#1684);
#1171=LINE('',#7826,#1685);
#1172=LINE('',#7833,#1686);
#1173=LINE('',#7836,#1687);
#1174=LINE('',#7853,#1688);
#1175=LINE('',#7907,#1689);
#1176=LINE('',#7908,#1690);
#1177=LINE('',#7941,#1691);
#1178=LINE('',#7944,#1692);
#1179=LINE('',#7947,#1693);
#1180=LINE('',#7949,#1694);
#1181=LINE('',#7950,#1695);
#1182=LINE('',#7954,#1696);
#1183=LINE('',#7956,#1697);
#1184=LINE('',#7958,#1698);
#1185=LINE('',#7962,#1699);
#1186=LINE('',#7966,#1700);
#1187=LINE('',#7973,#1701);
#1188=LINE('',#7976,#1702);
#1189=LINE('',#7993,#1703);
#1190=LINE('',#8047,#1704);
#1191=LINE('',#8048,#1705);
#1192=LINE('',#8081,#1706);
#1193=LINE('',#8084,#1707);
#1194=LINE('',#8087,#1708);
#1195=LINE('',#8089,#1709);
#1196=LINE('',#8090,#1710);
#1197=LINE('',#8094,#1711);
#1198=LINE('',#8096,#1712);
#1199=LINE('',#8098,#1713);
#1200=LINE('',#8102,#1714);
#1201=LINE('',#8106,#1715);
#1202=LINE('',#8113,#1716);
#1203=LINE('',#8116,#1717);
#1204=LINE('',#8133,#1718);
#1205=LINE('',#8186,#1719);
#1206=LINE('',#8187,#1720);
#1207=LINE('',#8190,#1721);
#1208=LINE('',#8194,#1722);
#1209=LINE('',#8202,#1723);
#1210=LINE('',#8206,#1724);
#1211=LINE('',#8210,#1725);
#1212=LINE('',#8211,#1726);
#1213=LINE('',#8213,#1727);
#1214=LINE('',#8216,#1728);
#1215=LINE('',#8219,#1729);
#1216=LINE('',#8222,#1730);
#1217=LINE('',#8225,#1731);
#1218=LINE('',#8263,#1732);
#1219=LINE('',#8289,#1733);
#1220=LINE('',#8290,#1734);
#1221=LINE('',#8328,#1735);
#1222=LINE('',#8329,#1736);
#1223=LINE('',#8398,#1737);
#1224=LINE('',#8423,#1738);
#1225=LINE('',#8425,#1739);
#1226=LINE('',#8427,#1740);
#1227=LINE('',#8428,#1741);
#1228=LINE('',#8432,#1742);
#1229=LINE('',#8436,#1743);
#1230=LINE('',#8440,#1744);
#1231=LINE('',#8444,#1745);
#1232=LINE('',#8448,#1746);
#1233=LINE('',#8452,#1747);
#1234=LINE('',#8456,#1748);
#1235=LINE('',#8460,#1749);
#1236=LINE('',#8462,#1750);
#1237=LINE('',#8464,#1751);
#1238=LINE('',#8466,#1752);
#1239=LINE('',#8468,#1753);
#1240=LINE('',#8474,#1754);
#1241=LINE('',#8477,#1755);
#1242=LINE('',#8483,#1756);
#1243=LINE('',#8485,#1757);
#1244=LINE('',#8489,#1758);
#1245=LINE('',#8491,#1759);
#1246=LINE('',#8492,#1760);
#1247=LINE('',#8495,#1761);
#1248=LINE('',#8499,#1762);
#1249=LINE('',#8500,#1763);
#1250=LINE('',#8502,#1764);
#1251=LINE('',#8505,#1765);
#1252=LINE('',#8507,#1766);
#1253=LINE('',#8510,#1767);
#1254=LINE('',#8511,#1768);
#1255=LINE('',#8514,#1769);
#1256=LINE('',#8518,#1770);
#1257=LINE('',#8519,#1771);
#1258=LINE('',#8522,#1772);
#1259=LINE('',#8526,#1773);
#1260=LINE('',#8527,#1774);
#1261=LINE('',#8529,#1775);
#1262=LINE('',#8532,#1776);
#1263=LINE('',#8534,#1777);
#1264=LINE('',#8537,#1778);
#1265=LINE('',#8538,#1779);
#1266=LINE('',#8543,#1780);
#1267=LINE('',#8546,#1781);
#1268=LINE('',#8548,#1782);
#1269=LINE('',#8549,#1783);
#1270=LINE('',#8553,#1784);
#1271=LINE('',#8554,#1785);
#1272=LINE('',#8557,#1786);
#1273=LINE('',#8561,#1787);
#1274=LINE('',#8562,#1788);
#1275=LINE('',#8565,#1789);
#1276=LINE('',#8569,#1790);
#1277=LINE('',#8581,#1791);
#1278=LINE('',#8584,#1792);
#1279=LINE('',#8585,#1793);
#1280=LINE('',#8593,#1794);
#1281=LINE('',#8600,#1795);
#1282=LINE('',#8602,#1796);
#1283=LINE('',#8603,#1797);
#1284=LINE('',#8612,#1798);
#1285=LINE('',#8614,#1799);
#1286=LINE('',#8623,#1800);
#1287=LINE('',#8627,#1801);
#1288=LINE('',#8630,#1802);
#1289=LINE('',#8632,#1803);
#1290=LINE('',#8635,#1804);
#1291=LINE('',#8636,#1805);
#1292=LINE('',#8641,#1806);
#1293=LINE('',#8645,#1807);
#1294=LINE('',#8646,#1808);
#1295=LINE('',#8649,#1809);
#1296=LINE('',#8651,#1810);
#1297=LINE('',#8652,#1811);
#1298=LINE('',#8655,#1812);
#1299=LINE('',#8657,#1813);
#1300=LINE('',#8658,#1814);
#1301=LINE('',#8660,#1815);
#1302=LINE('',#8662,#1816);
#1303=LINE('',#8663,#1817);
#1304=LINE('',#8666,#1818);
#1305=LINE('',#8667,#1819);
#1306=LINE('',#8670,#1820);
#1307=LINE('',#8671,#1821);
#1308=LINE('',#8673,#1822);
#1309=LINE('',#8676,#1823);
#1310=LINE('',#8680,#1824);
#1311=LINE('',#8684,#1825);
#1312=LINE('',#8686,#1826);
#1313=LINE('',#8688,#1827);
#1314=LINE('',#8689,#1828);
#1315=LINE('',#8692,#1829);
#1316=LINE('',#8694,#1830);
#1317=LINE('',#8696,#1831);
#1318=LINE('',#8698,#1832);
#1319=LINE('',#8700,#1833);
#1320=LINE('',#8701,#1834);
#1321=LINE('',#8704,#1835);
#1322=LINE('',#8705,#1836);
#1323=LINE('',#8708,#1837);
#1324=LINE('',#8709,#1838);
#1325=LINE('',#8711,#1839);
#1326=LINE('',#8712,#1840);
#1327=LINE('',#8714,#1841);
#1328=LINE('',#8716,#1842);
#1329=LINE('',#8718,#1843);
#1330=LINE('',#8719,#1844);
#1331=LINE('',#8721,#1845);
#1332=LINE('',#8723,#1846);
#1333=LINE('',#8725,#1847);
#1334=LINE('',#8727,#1848);
#1335=LINE('',#8730,#1849);
#1336=LINE('',#8731,#1850);
#1337=LINE('',#8733,#1851);
#1338=LINE('',#8735,#1852);
#1339=LINE('',#8740,#1853);
#1340=LINE('',#8741,#1854);
#1341=LINE('',#8743,#1855);
#1342=LINE('',#8747,#1856);
#1343=LINE('',#8748,#1857);
#1344=LINE('',#8750,#1858);
#1345=LINE('',#8753,#1859);
#1346=LINE('',#8755,#1860);
#1347=LINE('',#8757,#1861);
#1348=LINE('',#8765,#1862);
#1349=LINE('',#8768,#1863);
#1350=LINE('',#8769,#1864);
#1351=LINE('',#8771,#1865);
#1352=LINE('',#8773,#1866);
#1353=LINE('',#8779,#1867);
#1354=LINE('',#8783,#1868);
#1355=LINE('',#8784,#1869);
#1356=LINE('',#8786,#1870);
#1357=LINE('',#8788,#1871);
#1358=LINE('',#8793,#1872);
#1359=LINE('',#8795,#1873);
#1360=LINE('',#8797,#1874);
#1361=LINE('',#8801,#1875);
#1362=LINE('',#8805,#1876);
#1363=LINE('',#8809,#1877);
#1364=LINE('',#8813,#1878);
#1365=LINE('',#8815,#1879);
#1366=LINE('',#8817,#1880);
#1367=LINE('',#8821,#1881);
#1368=LINE('',#8825,#1882);
#1369=LINE('',#8829,#1883);
#1370=LINE('',#8833,#1884);
#1371=LINE('',#8835,#1885);
#1372=LINE('',#8836,#1886);
#1373=LINE('',#8839,#1887);
#1374=LINE('',#8840,#1888);
#1375=LINE('',#8844,#1889);
#1376=LINE('',#8847,#1890);
#1377=LINE('',#8848,#1891);
#1378=LINE('',#8852,#1892);
#1379=LINE('',#8855,#1893);
#1380=LINE('',#8856,#1894);
#1381=LINE('',#8860,#1895);
#1382=LINE('',#8863,#1896);
#1383=LINE('',#8864,#1897);
#1384=LINE('',#8868,#1898);
#1385=LINE('',#8871,#1899);
#1386=LINE('',#8872,#1900);
#1387=LINE('',#8875,#1901);
#1388=LINE('',#8876,#1902);
#1389=LINE('',#8879,#1903);
#1390=LINE('',#8883,#1904);
#1391=LINE('',#8884,#1905);
#1392=LINE('',#8887,#1906);
#1393=LINE('',#8891,#1907);
#1394=LINE('',#8892,#1908);
#1395=LINE('',#8895,#1909);
#1396=LINE('',#8899,#1910);
#1397=LINE('',#8900,#1911);
#1398=LINE('',#8903,#1912);
#1399=LINE('',#8907,#1913);
#1400=LINE('',#8908,#1914);
#1401=LINE('',#8910,#1915);
#1402=LINE('',#8915,#1916);
#1403=LINE('',#8917,#1917);
#1404=LINE('',#8919,#1918);
#1405=LINE('',#8923,#1919);
#1406=LINE('',#8927,#1920);
#1407=LINE('',#8931,#1921);
#1408=LINE('',#8935,#1922);
#1409=LINE('',#8937,#1923);
#1410=LINE('',#8939,#1924);
#1411=LINE('',#8943,#1925);
#1412=LINE('',#8947,#1926);
#1413=LINE('',#8951,#1927);
#1414=LINE('',#8955,#1928);
#1415=LINE('',#8957,#1929);
#1416=LINE('',#8958,#1930);
#1417=LINE('',#8961,#1931);
#1418=LINE('',#8962,#1932);
#1419=LINE('',#8966,#1933);
#1420=LINE('',#8969,#1934);
#1421=LINE('',#8970,#1935);
#1422=LINE('',#8974,#1936);
#1423=LINE('',#8977,#1937);
#1424=LINE('',#8978,#1938);
#1425=LINE('',#8982,#1939);
#1426=LINE('',#8985,#1940);
#1427=LINE('',#8986,#1941);
#1428=LINE('',#8990,#1942);
#1429=LINE('',#8993,#1943);
#1430=LINE('',#8994,#1944);
#1431=LINE('',#8997,#1945);
#1432=LINE('',#8998,#1946);
#1433=LINE('',#9001,#1947);
#1434=LINE('',#9005,#1948);
#1435=LINE('',#9006,#1949);
#1436=LINE('',#9009,#1950);
#1437=LINE('',#9013,#1951);
#1438=LINE('',#9014,#1952);
#1439=LINE('',#9017,#1953);
#1440=LINE('',#9021,#1954);
#1441=LINE('',#9022,#1955);
#1442=LINE('',#9025,#1956);
#1443=LINE('',#9029,#1957);
#1444=LINE('',#9030,#1958);
#1445=LINE('',#9032,#1959);
#1446=VECTOR('',#5597,10.);
#1447=VECTOR('',#5598,10.);
#1448=VECTOR('',#5599,10.);
#1449=VECTOR('',#5600,10.);
#1450=VECTOR('',#5603,10.);
#1451=VECTOR('',#5606,10.);
#1452=VECTOR('',#5609,10.);
#1453=VECTOR('',#5610,10.);
#1454=VECTOR('',#5611,10.);
#1455=VECTOR('',#5612,10.);
#1456=VECTOR('',#5613,10.);
#1457=VECTOR('',#5614,10.);
#1458=VECTOR('',#5615,10.);
#1459=VECTOR('',#5616,10.);
#1460=VECTOR('',#5619,10.);
#1461=VECTOR('',#5622,0.8);
#1462=VECTOR('',#5625,0.8);
#1463=VECTOR('',#5634,10.);
#1464=VECTOR('',#5635,10.);
#1465=VECTOR('',#5636,10.);
#1466=VECTOR('',#5637,10.);
#1467=VECTOR('',#5638,10.);
#1468=VECTOR('',#5639,10.);
#1469=VECTOR('',#5640,10.);
#1470=VECTOR('',#5641,10.);
#1471=VECTOR('',#5642,10.);
#1472=VECTOR('',#5643,10.);
#1473=VECTOR('',#5654,10.);
#1474=VECTOR('',#5655,10.);
#1475=VECTOR('',#5658,10.);
#1476=VECTOR('',#5659,10.);
#1477=VECTOR('',#5660,10.);
#1478=VECTOR('',#5667,10.);
#1479=VECTOR('',#5668,10.);
#1480=VECTOR('',#5669,10.);
#1481=VECTOR('',#5670,10.);
#1482=VECTOR('',#5673,10.);
#1483=VECTOR('',#5676,10.);
#1484=VECTOR('',#5679,10.);
#1485=VECTOR('',#5680,10.);
#1486=VECTOR('',#5683,10.);
#1487=VECTOR('',#5684,10.);
#1488=VECTOR('',#5687,10.);
#1489=VECTOR('',#5688,10.);
#1490=VECTOR('',#5689,10.);
#1491=VECTOR('',#5692,10.);
#1492=VECTOR('',#5695,10.);
#1493=VECTOR('',#5696,10.);
#1494=VECTOR('',#5703,10.);
#1495=VECTOR('',#5704,10.);
#1496=VECTOR('',#5719,10.);
#1497=VECTOR('',#5720,10.);
#1498=VECTOR('',#5721,10.);
#1499=VECTOR('',#5722,10.);
#1500=VECTOR('',#5723,10.);
#1501=VECTOR('',#5726,10.);
#1502=VECTOR('',#5727,10.);
#1503=VECTOR('',#5728,10.);
#1504=VECTOR('',#5729,10.);
#1505=VECTOR('',#5730,10.);
#1506=VECTOR('',#5731,10.);
#1507=VECTOR('',#5732,10.);
#1508=VECTOR('',#5733,10.);
#1509=VECTOR('',#5734,10.);
#1510=VECTOR('',#5735,10.);
#1511=VECTOR('',#5736,10.);
#1512=VECTOR('',#5737,10.);
#1513=VECTOR('',#5738,10.);
#1514=VECTOR('',#5739,10.);
#1515=VECTOR('',#5742,10.);
#1516=VECTOR('',#5743,10.);
#1517=VECTOR('',#5744,10.);
#1518=VECTOR('',#5745,10.);
#1519=VECTOR('',#5748,10.);
#1520=VECTOR('',#5749,10.);
#1521=VECTOR('',#5750,10.);
#1522=VECTOR('',#5751,10.);
#1523=VECTOR('',#5754,10.);
#1524=VECTOR('',#5755,10.);
#1525=VECTOR('',#5756,10.);
#1526=VECTOR('',#5757,10.);
#1527=VECTOR('',#5760,10.);
#1528=VECTOR('',#5761,10.);
#1529=VECTOR('',#5762,10.);
#1530=VECTOR('',#5763,10.);
#1531=VECTOR('',#5764,10.);
#1532=VECTOR('',#5767,10.);
#1533=VECTOR('',#5768,10.);
#1534=VECTOR('',#5769,10.);
#1535=VECTOR('',#5770,10.);
#1536=VECTOR('',#5771,10.);
#1537=VECTOR('',#5772,10.);
#1538=VECTOR('',#5773,10.);
#1539=VECTOR('',#5774,10.);
#1540=VECTOR('',#5775,10.);
#1541=VECTOR('',#5776,10.);
#1542=VECTOR('',#5777,10.);
#1543=VECTOR('',#5778,10.);
#1544=VECTOR('',#5779,10.);
#1545=VECTOR('',#5780,10.);
#1546=VECTOR('',#5783,10.);
#1547=VECTOR('',#5784,10.);
#1548=VECTOR('',#5785,10.);
#1549=VECTOR('',#5786,10.);
#1550=VECTOR('',#5789,10.);
#1551=VECTOR('',#5790,10.);
#1552=VECTOR('',#5791,10.);
#1553=VECTOR('',#5792,10.);
#1554=VECTOR('',#5795,10.);
#1555=VECTOR('',#5796,10.);
#1556=VECTOR('',#5797,10.);
#1557=VECTOR('',#5798,10.);
#1558=VECTOR('',#5801,10.);
#1559=VECTOR('',#5802,10.);
#1560=VECTOR('',#5803,10.);
#1561=VECTOR('',#5804,10.);
#1562=VECTOR('',#5805,10.);
#1563=VECTOR('',#5808,10.);
#1564=VECTOR('',#5809,10.);
#1565=VECTOR('',#5810,10.);
#1566=VECTOR('',#5811,10.);
#1567=VECTOR('',#5812,10.);
#1568=VECTOR('',#5815,10.);
#1569=VECTOR('',#5816,10.);
#1570=VECTOR('',#5817,10.);
#1571=VECTOR('',#5818,10.);
#1572=VECTOR('',#5819,10.);
#1573=VECTOR('',#5822,10.);
#1574=VECTOR('',#5823,10.);
#1575=VECTOR('',#5824,10.);
#1576=VECTOR('',#5825,10.);
#1577=VECTOR('',#5826,10.);
#1578=VECTOR('',#5829,10.);
#1579=VECTOR('',#5830,10.);
#1580=VECTOR('',#5831,10.);
#1581=VECTOR('',#5832,10.);
#1582=VECTOR('',#5833,10.);
#1583=VECTOR('',#5834,10.);
#1584=VECTOR('',#5835,10.);
#1585=VECTOR('',#5836,10.);
#1586=VECTOR('',#5837,10.);
#1587=VECTOR('',#5838,10.);
#1588=VECTOR('',#5839,10.);
#1589=VECTOR('',#5840,10.);
#1590=VECTOR('',#5841,10.);
#1591=VECTOR('',#5842,10.);
#1592=VECTOR('',#5843,10.);
#1593=VECTOR('',#5844,10.);
#1594=VECTOR('',#5847,10.);
#1595=VECTOR('',#5848,10.);
#1596=VECTOR('',#5849,10.);
#1597=VECTOR('',#5850,10.);
#1598=VECTOR('',#5853,10.);
#1599=VECTOR('',#5854,10.);
#1600=VECTOR('',#5855,10.);
#1601=VECTOR('',#5856,10.);
#1602=VECTOR('',#5861,10.);
#1603=VECTOR('',#5864,10.);
#1604=VECTOR('',#5867,10.);
#1605=VECTOR('',#5868,10.);
#1606=VECTOR('',#5869,10.);
#1607=VECTOR('',#5870,10.);
#1608=VECTOR('',#5873,10.);
#1609=VECTOR('',#5874,10.);
#1610=VECTOR('',#5875,10.);
#1611=VECTOR('',#5880,10.);
#1612=VECTOR('',#5885,10.);
#1613=VECTOR('',#5892,10.);
#1614=VECTOR('',#5897,10.);
#1615=VECTOR('',#5900,10.);
#1616=VECTOR('',#5903,10.);
#1617=VECTOR('',#5908,10.);
#1618=VECTOR('',#5909,10.);
#1619=VECTOR('',#5912,10.);
#1620=VECTOR('',#5915,10.);
#1621=VECTOR('',#5916,10.);
#1622=VECTOR('',#5919,10.);
#1623=VECTOR('',#5920,10.);
#1624=VECTOR('',#5921,10.);
#1625=VECTOR('',#5922,10.);
#1626=VECTOR('',#5927,10.);
#1627=VECTOR('',#5934,10.);
#1628=VECTOR('',#5937,10.);
#1629=VECTOR('',#5940,10.);
#1630=VECTOR('',#5943,10.);
#1631=VECTOR('',#5950,10.);
#1632=VECTOR('',#5961,10.);
#1633=VECTOR('',#5968,10.);
#1634=VECTOR('',#5971,10.);
#1635=VECTOR('',#5974,10.);
#1636=VECTOR('',#5979,10.);
#1637=VECTOR('',#5980,10.);
#1638=VECTOR('',#5983,10.);
#1639=VECTOR('',#5990,10.);
#1640=VECTOR('',#5993,10.);
#1641=VECTOR('',#5996,10.);
#1642=VECTOR('',#6009,10.);
#1643=VECTOR('',#6012,10.);
#1644=VECTOR('',#6017,10.);
#1645=VECTOR('',#6018,10.);
#1646=VECTOR('',#6021,10.);
#1647=VECTOR('',#6028,10.);
#1648=VECTOR('',#6031,10.);
#1649=VECTOR('',#6036,10.);
#1650=VECTOR('',#6043,10.);
#1651=VECTOR('',#6046,10.);
#1652=VECTOR('',#6051,10.);
#1653=VECTOR('',#6058,10.);
#1654=VECTOR('',#6061,10.);
#1655=VECTOR('',#6072,10.);
#1656=VECTOR('',#6073,10.);
#1657=VECTOR('',#6078,10.);
#1658=VECTOR('',#6079,10.);
#1659=VECTOR('',#6082,10.);
#1660=VECTOR('',#6085,10.);
#1661=VECTOR('',#6090,10.);
#1662=VECTOR('',#6095,0.3);
#1663=VECTOR('',#6096,10.);
#1664=VECTOR('',#6097,10.);
#1665=VECTOR('',#6098,0.75);
#1666=VECTOR('',#6101,10.);
#1667=VECTOR('',#6104,0.75);
#1668=VECTOR('',#6105,10.);
#1669=VECTOR('',#6106,10.);
#1670=VECTOR('',#6107,0.3);
#1671=VECTOR('',#6108,10.);
#1672=VECTOR('',#6109,10.);
#1673=VECTOR('',#6110,0.75);
#1674=VECTOR('',#6113,10.);
#1675=VECTOR('',#6116,0.75);
#1676=VECTOR('',#6117,10.);
#1677=VECTOR('',#6118,10.);
#1678=VECTOR('',#6119,10.);
#1679=VECTOR('',#6120,10.);
#1680=VECTOR('',#6121,10.);
#1681=VECTOR('',#6126,10.);
#1682=VECTOR('',#6129,10.);
#1683=VECTOR('',#6132,10.);
#1684=VECTOR('',#6133,10.);
#1685=VECTOR('',#6134,10.);
#1686=VECTOR('',#6141,10.);
#1687=VECTOR('',#6144,10.);
#1688=VECTOR('',#6155,10.);
#1689=VECTOR('',#6160,10.);
#1690=VECTOR('',#6161,10.);
#1691=VECTOR('',#6170,10.);
#1692=VECTOR('',#6173,10.);
#1693=VECTOR('',#6176,10.);
#1694=VECTOR('',#6177,10.);
#1695=VECTOR('',#6178,10.);
#1696=VECTOR('',#6183,10.);
#1697=VECTOR('',#6184,10.);
#1698=VECTOR('',#6185,10.);
#1699=VECTOR('',#6188,10.);
#1700=VECTOR('',#6191,10.);
#1701=VECTOR('',#6198,10.);
#1702=VECTOR('',#6201,10.);
#1703=VECTOR('',#6212,10.);
#1704=VECTOR('',#6217,10.);
#1705=VECTOR('',#6218,10.);
#1706=VECTOR('',#6227,10.);
#1707=VECTOR('',#6230,10.);
#1708=VECTOR('',#6233,10.);
#1709=VECTOR('',#6234,10.);
#1710=VECTOR('',#6235,10.);
#1711=VECTOR('',#6240,10.);
#1712=VECTOR('',#6241,10.);
#1713=VECTOR('',#6242,10.);
#1714=VECTOR('',#6245,10.);
#1715=VECTOR('',#6248,10.);
#1716=VECTOR('',#6255,10.);
#1717=VECTOR('',#6258,10.);
#1718=VECTOR('',#6269,10.);
#1719=VECTOR('',#6274,10.);
#1720=VECTOR('',#6275,10.);
#1721=VECTOR('',#6278,10.);
#1722=VECTOR('',#6281,10.);
#1723=VECTOR('',#6292,10.);
#1724=VECTOR('',#6295,10.);
#1725=VECTOR('',#6298,10.);
#1726=VECTOR('',#6299,10.);
#1727=VECTOR('',#6300,10.);
#1728=VECTOR('',#6305,0.3);
#1729=VECTOR('',#6308,10.);
#1730=VECTOR('',#6313,0.3);
#1731=VECTOR('',#6316,10.);
#1732=VECTOR('',#6327,10.);
#1733=VECTOR('',#6334,10.);
#1734=VECTOR('',#6335,10.);
#1735=VECTOR('',#6346,10.);
#1736=VECTOR('',#6347,10.);
#1737=VECTOR('',#6360,10.);
#1738=VECTOR('',#6369,10.);
#1739=VECTOR('',#6372,10.);
#1740=VECTOR('',#6375,10.);
#1741=VECTOR('',#6376,10.);
#1742=VECTOR('',#6379,10.);
#1743=VECTOR('',#6382,10.);
#1744=VECTOR('',#6385,10.);
#1745=VECTOR('',#6388,10.);
#1746=VECTOR('',#6391,10.);
#1747=VECTOR('',#6394,10.);
#1748=VECTOR('',#6397,10.);
#1749=VECTOR('',#6400,10.);
#1750=VECTOR('',#6403,10.);
#1751=VECTOR('',#6406,10.);
#1752=VECTOR('',#6409,10.);
#1753=VECTOR('',#6412,10.);
#1754=VECTOR('',#6415,10.);
#1755=VECTOR('',#6420,10.);
#1756=VECTOR('',#6423,10.);
#1757=VECTOR('',#6426,10.);
#1758=VECTOR('',#6431,10.);
#1759=VECTOR('',#6432,10.);
#1760=VECTOR('',#6433,10.);
#1761=VECTOR('',#6436,10.);
#1762=VECTOR('',#6441,10.);
#1763=VECTOR('',#6442,10.);
#1764=VECTOR('',#6445,10.);
#1765=VECTOR('',#6450,10.);
#1766=VECTOR('',#6453,10.);
#1767=VECTOR('',#6456,10.);
#1768=VECTOR('',#6457,10.);
#1769=VECTOR('',#6460,10.);
#1770=VECTOR('',#6465,10.);
#1771=VECTOR('',#6466,10.);
#1772=VECTOR('',#6469,10.);
#1773=VECTOR('',#6474,10.);
#1774=VECTOR('',#6475,10.);
#1775=VECTOR('',#6478,10.);
#1776=VECTOR('',#6483,10.);
#1777=VECTOR('',#6486,10.);
#1778=VECTOR('',#6489,10.);
#1779=VECTOR('',#6490,10.);
#1780=VECTOR('',#6497,10.);
#1781=VECTOR('',#6500,10.);
#1782=VECTOR('',#6503,0.75);
#1783=VECTOR('',#6504,10.);
#1784=VECTOR('',#6509,10.);
#1785=VECTOR('',#6510,0.75);
#1786=VECTOR('',#6513,10.);
#1787=VECTOR('',#6518,10.);
#1788=VECTOR('',#6519,10.);
#1789=VECTOR('',#6520,10.);
#1790=VECTOR('',#6523,10.);
#1791=VECTOR('',#6544,0.75);
#1792=VECTOR('',#6549,10.);
#1793=VECTOR('',#6550,10.);
#1794=VECTOR('',#6563,10.);
#1795=VECTOR('',#6574,0.75);
#1796=VECTOR('',#6577,10.);
#1797=VECTOR('',#6578,10.);
#1798=VECTOR('',#6591,10.);
#1799=VECTOR('',#6592,10.);
#1800=VECTOR('',#6595,10.);
#1801=VECTOR('',#6600,10.);
#1802=VECTOR('',#6603,10.);
#1803=VECTOR('',#6606,10.);
#1804=VECTOR('',#6609,10.);
#1805=VECTOR('',#6610,10.);
#1806=VECTOR('',#6617,10.);
#1807=VECTOR('',#6622,10.);
#1808=VECTOR('',#6623,10.);
#1809=VECTOR('',#6626,10.);
#1810=VECTOR('',#6627,10.);
#1811=VECTOR('',#6628,10.);
#1812=VECTOR('',#6631,10.);
#1813=VECTOR('',#6632,10.);
#1814=VECTOR('',#6633,10.);
#1815=VECTOR('',#6634,10.);
#1816=VECTOR('',#6635,10.);
#1817=VECTOR('',#6636,10.);
#1818=VECTOR('',#6639,10.);
#1819=VECTOR('',#6640,10.);
#1820=VECTOR('',#6643,10.);
#1821=VECTOR('',#6644,10.);
#1822=VECTOR('',#6647,10.);
#1823=VECTOR('',#6648,10.);
#1824=VECTOR('',#6651,10.);
#1825=VECTOR('',#6656,10.);
#1826=VECTOR('',#6657,10.);
#1827=VECTOR('',#6658,10.);
#1828=VECTOR('',#6659,10.);
#1829=VECTOR('',#6662,10.);
#1830=VECTOR('',#6663,10.);
#1831=VECTOR('',#6664,10.);
#1832=VECTOR('',#6665,10.);
#1833=VECTOR('',#6666,10.);
#1834=VECTOR('',#6667,10.);
#1835=VECTOR('',#6670,10.);
#1836=VECTOR('',#6671,10.);
#1837=VECTOR('',#6674,10.);
#1838=VECTOR('',#6675,10.);
#1839=VECTOR('',#6678,1.85);
#1840=VECTOR('',#6679,10.);
#1841=VECTOR('',#6682,10.);
#1842=VECTOR('',#6685,10.);
#1843=VECTOR('',#6688,10.);
#1844=VECTOR('',#6689,10.);
#1845=VECTOR('',#6692,10.);
#1846=VECTOR('',#6695,10.);
#1847=VECTOR('',#6698,10.);
#1848=VECTOR('',#6701,1.85);
#1849=VECTOR('',#6706,10.);
#1850=VECTOR('',#6707,10.);
#1851=VECTOR('',#6710,10.);
#1852=VECTOR('',#6713,10.);
#1853=VECTOR('',#6722,10.);
#1854=VECTOR('',#6723,10.);
#1855=VECTOR('',#6726,10.);
#1856=VECTOR('',#6733,10.);
#1857=VECTOR('',#6734,10.);
#1858=VECTOR('',#6737,10.);
#1859=VECTOR('',#6742,10.);
#1860=VECTOR('',#6745,10.);
#1861=VECTOR('',#6748,10.);
#1862=VECTOR('',#6761,10.);
#1863=VECTOR('',#6764,10.);
#1864=VECTOR('',#6765,10.);
#1865=VECTOR('',#6768,10.);
#1866=VECTOR('',#6769,10.);
#1867=VECTOR('',#6780,10.);
#1868=VECTOR('',#6785,10.);
#1869=VECTOR('',#6786,10.);
#1870=VECTOR('',#6789,10.);
#1871=VECTOR('',#6792,10.);
#1872=VECTOR('',#6797,10.);
#1873=VECTOR('',#6798,10.);
#1874=VECTOR('',#6799,10.);
#1875=VECTOR('',#6802,10.);
#1876=VECTOR('',#6805,10.);
#1877=VECTOR('',#6808,10.);
#1878=VECTOR('',#6811,10.);
#1879=VECTOR('',#6812,10.);
#1880=VECTOR('',#6813,10.);
#1881=VECTOR('',#6816,10.);
#1882=VECTOR('',#6819,10.);
#1883=VECTOR('',#6822,10.);
#1884=VECTOR('',#6827,10.);
#1885=VECTOR('',#6828,10.);
#1886=VECTOR('',#6829,10.);
#1887=VECTOR('',#6832,10.);
#1888=VECTOR('',#6833,10.);
#1889=VECTOR('',#6838,10.);
#1890=VECTOR('',#6841,10.);
#1891=VECTOR('',#6842,10.);
#1892=VECTOR('',#6847,10.);
#1893=VECTOR('',#6850,10.);
#1894=VECTOR('',#6851,10.);
#1895=VECTOR('',#6856,10.);
#1896=VECTOR('',#6859,10.);
#1897=VECTOR('',#6860,10.);
#1898=VECTOR('',#6865,10.);
#1899=VECTOR('',#6868,10.);
#1900=VECTOR('',#6869,10.);
#1901=VECTOR('',#6872,10.);
#1902=VECTOR('',#6873,10.);
#1903=VECTOR('',#6876,10.);
#1904=VECTOR('',#6881,10.);
#1905=VECTOR('',#6882,10.);
#1906=VECTOR('',#6885,10.);
#1907=VECTOR('',#6890,10.);
#1908=VECTOR('',#6891,10.);
#1909=VECTOR('',#6894,10.);
#1910=VECTOR('',#6899,10.);
#1911=VECTOR('',#6900,10.);
#1912=VECTOR('',#6903,10.);
#1913=VECTOR('',#6908,10.);
#1914=VECTOR('',#6909,10.);
#1915=VECTOR('',#6912,10.);
#1916=VECTOR('',#6917,10.);
#1917=VECTOR('',#6918,10.);
#1918=VECTOR('',#6919,10.);
#1919=VECTOR('',#6922,10.);
#1920=VECTOR('',#6925,10.);
#1921=VECTOR('',#6928,10.);
#1922=VECTOR('',#6931,10.);
#1923=VECTOR('',#6932,10.);
#1924=VECTOR('',#6933,10.);
#1925=VECTOR('',#6936,10.);
#1926=VECTOR('',#6939,10.);
#1927=VECTOR('',#6942,10.);
#1928=VECTOR('',#6947,10.);
#1929=VECTOR('',#6948,10.);
#1930=VECTOR('',#6949,10.);
#1931=VECTOR('',#6952,10.);
#1932=VECTOR('',#6953,10.);
#1933=VECTOR('',#6958,10.);
#1934=VECTOR('',#6961,10.);
#1935=VECTOR('',#6962,10.);
#1936=VECTOR('',#6967,10.);
#1937=VECTOR('',#6970,10.);
#1938=VECTOR('',#6971,10.);
#1939=VECTOR('',#6976,10.);
#1940=VECTOR('',#6979,10.);
#1941=VECTOR('',#6980,10.);
#1942=VECTOR('',#6985,10.);
#1943=VECTOR('',#6988,10.);
#1944=VECTOR('',#6989,10.);
#1945=VECTOR('',#6992,10.);
#1946=VECTOR('',#6993,10.);
#1947=VECTOR('',#6996,10.);
#1948=VECTOR('',#7001,10.);
#1949=VECTOR('',#7002,10.);
#1950=VECTOR('',#7005,10.);
#1951=VECTOR('',#7010,10.);
#1952=VECTOR('',#7011,10.);
#1953=VECTOR('',#7014,10.);
#1954=VECTOR('',#7019,10.);
#1955=VECTOR('',#7020,10.);
#1956=VECTOR('',#7023,10.);
#1957=VECTOR('',#7028,10.);
#1958=VECTOR('',#7029,10.);
#1959=VECTOR('',#7032,10.);
#1960=VERTEX_POINT('',#7040);
#1961=VERTEX_POINT('',#7041);
#1962=VERTEX_POINT('',#7043);
#1963=VERTEX_POINT('',#7045);
#1964=VERTEX_POINT('',#7049);
#1965=VERTEX_POINT('',#7051);
#1966=VERTEX_POINT('',#7053);
#1967=VERTEX_POINT('',#7055);
#1968=VERTEX_POINT('',#7057);
#1969=VERTEX_POINT('',#7059);
#1970=VERTEX_POINT('',#7061);
#1971=VERTEX_POINT('',#7063);
#1972=VERTEX_POINT('',#7065);
#1973=VERTEX_POINT('',#7067);
#1974=VERTEX_POINT('',#7069);
#1975=VERTEX_POINT('',#7071);
#1976=VERTEX_POINT('',#7073);
#1977=VERTEX_POINT('',#7077);
#1978=VERTEX_POINT('',#7078);
#1979=VERTEX_POINT('',#7087);
#1980=VERTEX_POINT('',#7089);
#1981=VERTEX_POINT('',#7091);
#1982=VERTEX_POINT('',#7093);
#1983=VERTEX_POINT('',#7095);
#1984=VERTEX_POINT('',#7097);
#1985=VERTEX_POINT('',#7108);
#1986=VERTEX_POINT('',#7109);
#1987=VERTEX_POINT('',#7111);
#1988=VERTEX_POINT('',#7113);
#1989=VERTEX_POINT('',#7115);
#1990=VERTEX_POINT('',#7117);
#1991=VERTEX_POINT('',#7119);
#1992=VERTEX_POINT('',#7121);
#1993=VERTEX_POINT('',#7123);
#1994=VERTEX_POINT('',#7152);
#1995=VERTEX_POINT('',#7154);
#1996=VERTEX_POINT('',#7158);
#1997=VERTEX_POINT('',#7159);
#1998=VERTEX_POINT('',#7164);
#1999=VERTEX_POINT('',#7166);
#2000=VERTEX_POINT('',#7172);
#2001=VERTEX_POINT('',#7174);
#2002=VERTEX_POINT('',#7176);
#2003=VERTEX_POINT('',#7178);
#2004=VERTEX_POINT('',#7180);
#2005=VERTEX_POINT('',#7182);
#2006=VERTEX_POINT('',#7184);
#2007=VERTEX_POINT('',#7188);
#2008=VERTEX_POINT('',#7190);
#2009=VERTEX_POINT('',#7199);
#2010=VERTEX_POINT('',#7200);
#2011=VERTEX_POINT('',#7211);
#2012=VERTEX_POINT('',#7215);
#2013=VERTEX_POINT('',#7224);
#2014=VERTEX_POINT('',#7225);
#2015=VERTEX_POINT('',#7237);
#2016=VERTEX_POINT('',#7241);
#2017=VERTEX_POINT('',#7270);
#2018=VERTEX_POINT('',#7271);
#2019=VERTEX_POINT('',#7273);
#2020=VERTEX_POINT('',#7275);
#2021=VERTEX_POINT('',#7277);
#2022=VERTEX_POINT('',#7281);
#2023=VERTEX_POINT('',#7283);
#2024=VERTEX_POINT('',#7286);
#2025=VERTEX_POINT('',#7288);
#2026=VERTEX_POINT('',#7290);
#2027=VERTEX_POINT('',#7292);
#2028=VERTEX_POINT('',#7294);
#2029=VERTEX_POINT('',#7296);
#2030=VERTEX_POINT('',#7299);
#2031=VERTEX_POINT('',#7300);
#2032=VERTEX_POINT('',#7302);
#2033=VERTEX_POINT('',#7304);
#2034=VERTEX_POINT('',#7308);
#2035=VERTEX_POINT('',#7310);
#2036=VERTEX_POINT('',#7312);
#2037=VERTEX_POINT('',#7316);
#2038=VERTEX_POINT('',#7317);
#2039=VERTEX_POINT('',#7319);
#2040=VERTEX_POINT('',#7324);
#2041=VERTEX_POINT('',#7326);
#2042=VERTEX_POINT('',#7328);
#2043=VERTEX_POINT('',#7332);
#2044=VERTEX_POINT('',#7333);
#2045=VERTEX_POINT('',#7335);
#2046=VERTEX_POINT('',#7337);
#2047=VERTEX_POINT('',#7339);
#2048=VERTEX_POINT('',#7343);
#2049=VERTEX_POINT('',#7345);
#2050=VERTEX_POINT('',#7348);
#2051=VERTEX_POINT('',#7350);
#2052=VERTEX_POINT('',#7352);
#2053=VERTEX_POINT('',#7354);
#2054=VERTEX_POINT('',#7356);
#2055=VERTEX_POINT('',#7358);
#2056=VERTEX_POINT('',#7361);
#2057=VERTEX_POINT('',#7362);
#2058=VERTEX_POINT('',#7364);
#2059=VERTEX_POINT('',#7366);
#2060=VERTEX_POINT('',#7370);
#2061=VERTEX_POINT('',#7372);
#2062=VERTEX_POINT('',#7374);
#2063=VERTEX_POINT('',#7378);
#2064=VERTEX_POINT('',#7379);
#2065=VERTEX_POINT('',#7381);
#2066=VERTEX_POINT('',#7386);
#2067=VERTEX_POINT('',#7388);
#2068=VERTEX_POINT('',#7390);
#2069=VERTEX_POINT('',#7394);
#2070=VERTEX_POINT('',#7395);
#2071=VERTEX_POINT('',#7397);
#2072=VERTEX_POINT('',#7399);
#2073=VERTEX_POINT('',#7401);
#2074=VERTEX_POINT('',#7405);
#2075=VERTEX_POINT('',#7406);
#2076=VERTEX_POINT('',#7408);
#2077=VERTEX_POINT('',#7410);
#2078=VERTEX_POINT('',#7412);
#2079=VERTEX_POINT('',#7416);
#2080=VERTEX_POINT('',#7417);
#2081=VERTEX_POINT('',#7419);
#2082=VERTEX_POINT('',#7421);
#2083=VERTEX_POINT('',#7423);
#2084=VERTEX_POINT('',#7427);
#2085=VERTEX_POINT('',#7428);
#2086=VERTEX_POINT('',#7430);
#2087=VERTEX_POINT('',#7432);
#2088=VERTEX_POINT('',#7434);
#2089=VERTEX_POINT('',#7438);
#2090=VERTEX_POINT('',#7440);
#2091=VERTEX_POINT('',#7442);
#2092=VERTEX_POINT('',#7444);
#2093=VERTEX_POINT('',#7447);
#2094=VERTEX_POINT('',#7449);
#2095=VERTEX_POINT('',#7451);
#2096=VERTEX_POINT('',#7453);
#2097=VERTEX_POINT('',#7455);
#2098=VERTEX_POINT('',#7457);
#2099=VERTEX_POINT('',#7460);
#2100=VERTEX_POINT('',#7461);
#2101=VERTEX_POINT('',#7463);
#2102=VERTEX_POINT('',#7465);
#2103=VERTEX_POINT('',#7469);
#2104=VERTEX_POINT('',#7470);
#2105=VERTEX_POINT('',#7472);
#2106=VERTEX_POINT('',#7477);
#2107=VERTEX_POINT('',#7479);
#2108=VERTEX_POINT('',#7481);
#2109=VERTEX_POINT('',#7485);
#2110=VERTEX_POINT('',#7486);
#2111=VERTEX_POINT('',#7488);
#2112=VERTEX_POINT('',#7490);
#2113=VERTEX_POINT('',#7492);
#2114=VERTEX_POINT('',#7505);
#2115=VERTEX_POINT('',#7507);
#2116=VERTEX_POINT('',#7509);
#2117=VERTEX_POINT('',#7513);
#2118=VERTEX_POINT('',#7515);
#2119=VERTEX_POINT('',#7522);
#2120=VERTEX_POINT('',#7524);
#2121=VERTEX_POINT('',#7527);
#2122=VERTEX_POINT('',#7529);
#2123=VERTEX_POINT('',#7531);
#2124=VERTEX_POINT('',#7542);
#2125=VERTEX_POINT('',#7544);
#2126=VERTEX_POINT('',#7546);
#2127=VERTEX_POINT('',#7548);
#2128=VERTEX_POINT('',#7550);
#2129=VERTEX_POINT('',#7552);
#2130=VERTEX_POINT('',#7554);
#2131=VERTEX_POINT('',#7556);
#2132=VERTEX_POINT('',#7558);
#2133=VERTEX_POINT('',#7561);
#2134=VERTEX_POINT('',#7565);
#2135=VERTEX_POINT('',#7567);
#2136=VERTEX_POINT('',#7569);
#2137=VERTEX_POINT('',#7572);
#2138=VERTEX_POINT('',#7583);
#2139=VERTEX_POINT('',#7587);
#2140=VERTEX_POINT('',#7590);
#2141=VERTEX_POINT('',#7592);
#2142=VERTEX_POINT('',#7594);
#2143=VERTEX_POINT('',#7598);
#2144=VERTEX_POINT('',#7613);
#2145=VERTEX_POINT('',#7617);
#2146=VERTEX_POINT('',#7619);
#2147=VERTEX_POINT('',#7621);
#2148=VERTEX_POINT('',#7623);
#2149=VERTEX_POINT('',#7627);
#2150=VERTEX_POINT('',#7642);
#2151=VERTEX_POINT('',#7643);
#2152=VERTEX_POINT('',#7645);
#2153=VERTEX_POINT('',#7647);
#2154=VERTEX_POINT('',#7651);
#2155=VERTEX_POINT('',#7653);
#2156=VERTEX_POINT('',#7657);
#2157=VERTEX_POINT('',#7658);
#2158=VERTEX_POINT('',#7660);
#2159=VERTEX_POINT('',#7662);
#2160=VERTEX_POINT('',#7666);
#2161=VERTEX_POINT('',#7668);
#2162=VERTEX_POINT('',#7672);
#2163=VERTEX_POINT('',#7673);
#2164=VERTEX_POINT('',#7675);
#2165=VERTEX_POINT('',#7677);
#2166=VERTEX_POINT('',#7689);
#2167=VERTEX_POINT('',#7690);
#2168=VERTEX_POINT('',#7695);
#2169=VERTEX_POINT('',#7696);
#2170=VERTEX_POINT('',#7720);
#2171=VERTEX_POINT('',#7725);
#2172=VERTEX_POINT('',#7732);
#2173=VERTEX_POINT('',#7733);
#2174=VERTEX_POINT('',#7755);
#2175=VERTEX_POINT('',#7757);
#2176=VERTEX_POINT('',#7759);
#2177=VERTEX_POINT('',#7763);
#2178=VERTEX_POINT('',#7767);
#2179=VERTEX_POINT('',#7769);
#2180=VERTEX_POINT('',#7771);
#2181=VERTEX_POINT('',#7773);
#2182=VERTEX_POINT('',#7775);
#2183=VERTEX_POINT('',#7777);
#2184=VERTEX_POINT('',#7779);
#2185=VERTEX_POINT('',#7781);
#2186=VERTEX_POINT('',#7783);
#2187=VERTEX_POINT('',#7785);
#2188=VERTEX_POINT('',#7787);
#2189=VERTEX_POINT('',#7789);
#2190=VERTEX_POINT('',#7791);
#2191=VERTEX_POINT('',#7793);
#2192=VERTEX_POINT('',#7795);
#2193=VERTEX_POINT('',#7797);
#2194=VERTEX_POINT('',#7799);
#2195=VERTEX_POINT('',#7802);
#2196=VERTEX_POINT('',#7804);
#2197=VERTEX_POINT('',#7806);
#2198=VERTEX_POINT('',#7808);
#2199=VERTEX_POINT('',#7812);
#2200=VERTEX_POINT('',#7814);
#2201=VERTEX_POINT('',#7816);
#2202=VERTEX_POINT('',#7818);
#2203=VERTEX_POINT('',#7820);
#2204=VERTEX_POINT('',#7822);
#2205=VERTEX_POINT('',#7825);
#2206=VERTEX_POINT('',#7829);
#2207=VERTEX_POINT('',#7830);
#2208=VERTEX_POINT('',#7832);
#2209=VERTEX_POINT('',#7834);
#2210=VERTEX_POINT('',#7846);
#2211=VERTEX_POINT('',#7851);
#2212=VERTEX_POINT('',#7874);
#2213=VERTEX_POINT('',#7875);
#2214=VERTEX_POINT('',#7886);
#2215=VERTEX_POINT('',#7887);
#2216=VERTEX_POINT('',#7929);
#2217=VERTEX_POINT('',#7931);
#2218=VERTEX_POINT('',#7935);
#2219=VERTEX_POINT('',#7940);
#2220=VERTEX_POINT('',#7942);
#2221=VERTEX_POINT('',#7946);
#2222=VERTEX_POINT('',#7948);
#2223=VERTEX_POINT('',#7952);
#2224=VERTEX_POINT('',#7955);
#2225=VERTEX_POINT('',#7957);
#2226=VERTEX_POINT('',#7959);
#2227=VERTEX_POINT('',#7961);
#2228=VERTEX_POINT('',#7963);
#2229=VERTEX_POINT('',#7965);
#2230=VERTEX_POINT('',#7969);
#2231=VERTEX_POINT('',#7970);
#2232=VERTEX_POINT('',#7972);
#2233=VERTEX_POINT('',#7974);
#2234=VERTEX_POINT('',#7986);
#2235=VERTEX_POINT('',#7991);
#2236=VERTEX_POINT('',#8014);
#2237=VERTEX_POINT('',#8015);
#2238=VERTEX_POINT('',#8026);
#2239=VERTEX_POINT('',#8027);
#2240=VERTEX_POINT('',#8069);
#2241=VERTEX_POINT('',#8071);
#2242=VERTEX_POINT('',#8075);
#2243=VERTEX_POINT('',#8080);
#2244=VERTEX_POINT('',#8082);
#2245=VERTEX_POINT('',#8086);
#2246=VERTEX_POINT('',#8088);
#2247=VERTEX_POINT('',#8092);
#2248=VERTEX_POINT('',#8095);
#2249=VERTEX_POINT('',#8097);
#2250=VERTEX_POINT('',#8099);
#2251=VERTEX_POINT('',#8101);
#2252=VERTEX_POINT('',#8103);
#2253=VERTEX_POINT('',#8105);
#2254=VERTEX_POINT('',#8109);
#2255=VERTEX_POINT('',#8110);
#2256=VERTEX_POINT('',#8112);
#2257=VERTEX_POINT('',#8114);
#2258=VERTEX_POINT('',#8126);
#2259=VERTEX_POINT('',#8131);
#2260=VERTEX_POINT('',#8154);
#2261=VERTEX_POINT('',#8159);
#2262=VERTEX_POINT('',#8166);
#2263=VERTEX_POINT('',#8167);
#2264=VERTEX_POINT('',#8189);
#2265=VERTEX_POINT('',#8191);
#2266=VERTEX_POINT('',#8193);
#2267=VERTEX_POINT('',#8199);
#2268=VERTEX_POINT('',#8201);
#2269=VERTEX_POINT('',#8203);
#2270=VERTEX_POINT('',#8205);
#2271=VERTEX_POINT('',#8207);
#2272=VERTEX_POINT('',#8209);
#2273=VERTEX_POINT('',#8212);
#2274=VERTEX_POINT('',#8218);
#2275=VERTEX_POINT('',#8224);
#2276=VERTEX_POINT('',#8257);
#2277=VERTEX_POINT('',#8261);
#2278=VERTEX_POINT('',#8286);
#2279=VERTEX_POINT('',#8287);
#2280=VERTEX_POINT('',#8325);
#2281=VERTEX_POINT('',#8326);
#2282=VERTEX_POINT('',#8392);
#2283=VERTEX_POINT('',#8396);
#2284=VERTEX_POINT('',#8430);
#2285=VERTEX_POINT('',#8431);
#2286=VERTEX_POINT('',#8433);
#2287=VERTEX_POINT('',#8435);
#2288=VERTEX_POINT('',#8437);
#2289=VERTEX_POINT('',#8439);
#2290=VERTEX_POINT('',#8441);
#2291=VERTEX_POINT('',#8443);
#2292=VERTEX_POINT('',#8445);
#2293=VERTEX_POINT('',#8447);
#2294=VERTEX_POINT('',#8449);
#2295=VERTEX_POINT('',#8451);
#2296=VERTEX_POINT('',#8453);
#2297=VERTEX_POINT('',#8455);
#2298=VERTEX_POINT('',#8457);
#2299=VERTEX_POINT('',#8459);
#2300=VERTEX_POINT('',#8488);
#2301=VERTEX_POINT('',#8490);
#2302=VERTEX_POINT('',#8494);
#2303=VERTEX_POINT('',#8498);
#2304=VERTEX_POINT('',#8509);
#2305=VERTEX_POINT('',#8513);
#2306=VERTEX_POINT('',#8517);
#2307=VERTEX_POINT('',#8521);
#2308=VERTEX_POINT('',#8525);
#2309=VERTEX_POINT('',#8536);
#2310=VERTEX_POINT('',#8542);
#2311=VERTEX_POINT('',#8544);
#2312=VERTEX_POINT('',#8552);
#2313=VERTEX_POINT('',#8556);
#2314=VERTEX_POINT('',#8560);
#2315=VERTEX_POINT('',#8563);
#2316=VERTEX_POINT('',#8564);
#2317=VERTEX_POINT('',#8566);
#2318=VERTEX_POINT('',#8568);
#2319=VERTEX_POINT('',#8572);
#2320=VERTEX_POINT('',#8591);
#2321=VERTEX_POINT('',#8595);
#2322=VERTEX_POINT('',#8609);
#2323=VERTEX_POINT('',#8610);
#2324=VERTEX_POINT('',#8613);
#2325=VERTEX_POINT('',#8622);
#2326=VERTEX_POINT('',#8626);
#2327=VERTEX_POINT('',#8628);
#2328=VERTEX_POINT('',#8634);
#2329=VERTEX_POINT('',#8639);
#2330=VERTEX_POINT('',#8644);
#2331=VERTEX_POINT('',#8648);
#2332=VERTEX_POINT('',#8650);
#2333=VERTEX_POINT('',#8654);
#2334=VERTEX_POINT('',#8656);
#2335=VERTEX_POINT('',#8659);
#2336=VERTEX_POINT('',#8661);
#2337=VERTEX_POINT('',#8665);
#2338=VERTEX_POINT('',#8669);
#2339=VERTEX_POINT('',#8674);
#2340=VERTEX_POINT('',#8675);
#2341=VERTEX_POINT('',#8677);
#2342=VERTEX_POINT('',#8679);
#2343=VERTEX_POINT('',#8683);
#2344=VERTEX_POINT('',#8685);
#2345=VERTEX_POINT('',#8687);
#2346=VERTEX_POINT('',#8691);
#2347=VERTEX_POINT('',#8693);
#2348=VERTEX_POINT('',#8695);
#2349=VERTEX_POINT('',#8697);
#2350=VERTEX_POINT('',#8699);
#2351=VERTEX_POINT('',#8703);
#2352=VERTEX_POINT('',#8707);
#2353=VERTEX_POINT('',#8763);
#2354=VERTEX_POINT('',#8767);
#2355=VERTEX_POINT('',#8772);
#2356=VERTEX_POINT('',#8782);
#2357=VERTEX_POINT('',#8791);
#2358=VERTEX_POINT('',#8792);
#2359=VERTEX_POINT('',#8794);
#2360=VERTEX_POINT('',#8796);
#2361=VERTEX_POINT('',#8798);
#2362=VERTEX_POINT('',#8800);
#2363=VERTEX_POINT('',#8802);
#2364=VERTEX_POINT('',#8804);
#2365=VERTEX_POINT('',#8806);
#2366=VERTEX_POINT('',#8808);
#2367=VERTEX_POINT('',#8810);
#2368=VERTEX_POINT('',#8812);
#2369=VERTEX_POINT('',#8814);
#2370=VERTEX_POINT('',#8816);
#2371=VERTEX_POINT('',#8818);
#2372=VERTEX_POINT('',#8820);
#2373=VERTEX_POINT('',#8822);
#2374=VERTEX_POINT('',#8824);
#2375=VERTEX_POINT('',#8826);
#2376=VERTEX_POINT('',#8828);
#2377=VERTEX_POINT('',#8832);
#2378=VERTEX_POINT('',#8834);
#2379=VERTEX_POINT('',#8838);
#2380=VERTEX_POINT('',#8842);
#2381=VERTEX_POINT('',#8846);
#2382=VERTEX_POINT('',#8850);
#2383=VERTEX_POINT('',#8854);
#2384=VERTEX_POINT('',#8858);
#2385=VERTEX_POINT('',#8862);
#2386=VERTEX_POINT('',#8866);
#2387=VERTEX_POINT('',#8870);
#2388=VERTEX_POINT('',#8874);
#2389=VERTEX_POINT('',#8878);
#2390=VERTEX_POINT('',#8882);
#2391=VERTEX_POINT('',#8886);
#2392=VERTEX_POINT('',#8890);
#2393=VERTEX_POINT('',#8894);
#2394=VERTEX_POINT('',#8898);
#2395=VERTEX_POINT('',#8902);
#2396=VERTEX_POINT('',#8906);
#2397=VERTEX_POINT('',#8913);
#2398=VERTEX_POINT('',#8914);
#2399=VERTEX_POINT('',#8916);
#2400=VERTEX_POINT('',#8918);
#2401=VERTEX_POINT('',#8920);
#2402=VERTEX_POINT('',#8922);
#2403=VERTEX_POINT('',#8924);
#2404=VERTEX_POINT('',#8926);
#2405=VERTEX_POINT('',#8928);
#2406=VERTEX_POINT('',#8930);
#2407=VERTEX_POINT('',#8932);
#2408=VERTEX_POINT('',#8934);
#2409=VERTEX_POINT('',#8936);
#2410=VERTEX_POINT('',#8938);
#2411=VERTEX_POINT('',#8940);
#2412=VERTEX_POINT('',#8942);
#2413=VERTEX_POINT('',#8944);
#2414=VERTEX_POINT('',#8946);
#2415=VERTEX_POINT('',#8948);
#2416=VERTEX_POINT('',#8950);
#2417=VERTEX_POINT('',#8954);
#2418=VERTEX_POINT('',#8956);
#2419=VERTEX_POINT('',#8960);
#2420=VERTEX_POINT('',#8964);
#2421=VERTEX_POINT('',#8968);
#2422=VERTEX_POINT('',#8972);
#2423=VERTEX_POINT('',#8976);
#2424=VERTEX_POINT('',#8980);
#2425=VERTEX_POINT('',#8984);
#2426=VERTEX_POINT('',#8988);
#2427=VERTEX_POINT('',#8992);
#2428=VERTEX_POINT('',#8996);
#2429=VERTEX_POINT('',#9000);
#2430=VERTEX_POINT('',#9004);
#2431=VERTEX_POINT('',#9008);
#2432=VERTEX_POINT('',#9012);
#2433=VERTEX_POINT('',#9016);
#2434=VERTEX_POINT('',#9020);
#2435=VERTEX_POINT('',#9024);
#2436=VERTEX_POINT('',#9028);
#2437=EDGE_CURVE('',#1960,#1961,#932,.T.);
#2438=EDGE_CURVE('',#1961,#1962,#933,.T.);
#2439=EDGE_CURVE('',#1963,#1962,#934,.T.);
#2440=EDGE_CURVE('',#1963,#1960,#935,.T.);
#2441=EDGE_CURVE('',#1963,#1964,#936,.T.);
#2442=EDGE_CURVE('',#1964,#1965,#207,.T.);
#2443=EDGE_CURVE('',#1965,#1966,#937,.T.);
#2444=EDGE_CURVE('',#1966,#1967,#208,.T.);
#2445=EDGE_CURVE('',#1967,#1968,#938,.T.);
#2446=EDGE_CURVE('',#1968,#1969,#939,.T.);
#2447=EDGE_CURVE('',#1969,#1970,#940,.T.);
#2448=EDGE_CURVE('',#1970,#1971,#941,.T.);
#2449=EDGE_CURVE('',#1971,#1972,#942,.T.);
#2450=EDGE_CURVE('',#1972,#1973,#943,.T.);
#2451=EDGE_CURVE('',#1973,#1974,#944,.T.);
#2452=EDGE_CURVE('',#1975,#1974,#945,.T.);
#2453=EDGE_CURVE('',#1976,#1975,#209,.T.);
#2454=EDGE_CURVE('',#1960,#1976,#946,.T.);
#2455=EDGE_CURVE('',#1977,#1978,#98,.T.);
#2456=EDGE_CURVE('',#1977,#1979,#947,.T.);
#2457=EDGE_CURVE('',#1980,#1979,#210,.T.);
#2458=EDGE_CURVE('',#1980,#1981,#948,.T.);
#2459=EDGE_CURVE('',#1982,#1981,#58,.T.);
#2460=EDGE_CURVE('',#1983,#1982,#59,.T.);
#2461=EDGE_CURVE('',#1984,#1983,#99,.T.);
#2462=EDGE_CURVE('',#1978,#1984,#60,.T.);
#2463=EDGE_CURVE('',#1985,#1986,#949,.T.);
#2464=EDGE_CURVE('',#1987,#1985,#950,.T.);
#2465=EDGE_CURVE('',#1988,#1987,#951,.T.);
#2466=EDGE_CURVE('',#1988,#1989,#952,.T.);
#2467=EDGE_CURVE('',#1989,#1990,#953,.T.);
#2468=EDGE_CURVE('',#1991,#1990,#954,.T.);
#2469=EDGE_CURVE('',#1991,#1992,#955,.T.);
#2470=EDGE_CURVE('',#1992,#1993,#956,.T.);
#2471=EDGE_CURVE('',#1979,#1993,#957,.T.);
#2472=EDGE_CURVE('',#1986,#1977,#958,.T.);
#2473=EDGE_CURVE('',#1979,#1994,#61,.T.);
#2474=EDGE_CURVE('',#1994,#1995,#211,.T.);
#2475=EDGE_CURVE('',#1995,#1980,#62,.T.);
#2476=EDGE_CURVE('',#1996,#1997,#212,.T.);
#2477=EDGE_CURVE('',#1996,#1995,#959,.T.);
#2478=EDGE_CURVE('',#1994,#1997,#960,.T.);
#2479=EDGE_CURVE('',#1998,#1994,#961,.T.);
#2480=EDGE_CURVE('',#1998,#1999,#962,.T.);
#2481=EDGE_CURVE('',#1999,#1997,#963,.T.);
#2482=EDGE_CURVE('',#1998,#1993,#63,.T.);
#2483=EDGE_CURVE('',#1981,#2000,#964,.T.);
#2484=EDGE_CURVE('',#2000,#2001,#965,.T.);
#2485=EDGE_CURVE('',#2002,#2001,#966,.T.);
#2486=EDGE_CURVE('',#2002,#2003,#967,.T.);
#2487=EDGE_CURVE('',#2004,#2003,#64,.T.);
#2488=EDGE_CURVE('',#2005,#2004,#968,.T.);
#2489=EDGE_CURVE('',#2006,#2005,#65,.T.);
#2490=EDGE_CURVE('',#2006,#1982,#969,.T.);
#2491=EDGE_CURVE('',#1983,#2007,#970,.T.);
#2492=EDGE_CURVE('',#2007,#2008,#100,.T.);
#2493=EDGE_CURVE('',#2008,#1984,#971,.T.);
#2494=EDGE_CURVE('',#2009,#2010,#101,.F.);
#2495=EDGE_CURVE('',#2009,#2004,#972,.T.);
#2496=EDGE_CURVE('',#2003,#2010,#973,.T.);
#2497=EDGE_CURVE('',#1961,#2010,#974,.T.);
#2498=EDGE_CURVE('',#2011,#2002,#975,.T.);
#2499=EDGE_CURVE('',#1962,#2011,#976,.T.);
#2500=EDGE_CURVE('',#1978,#2012,#977,.T.);
#2501=EDGE_CURVE('',#2012,#1986,#102,.T.);
#2502=EDGE_CURVE('',#2013,#2014,#103,.T.);
#2503=EDGE_CURVE('',#2014,#2006,#978,.T.);
#2504=EDGE_CURVE('',#2005,#2013,#979,.T.);
#2505=EDGE_CURVE('',#2007,#2014,#213,.T.);
#2506=EDGE_CURVE('',#1993,#2015,#980,.T.);
#2507=EDGE_CURVE('',#2015,#1999,#981,.T.);
#2508=EDGE_CURVE('',#1990,#2016,#104,.T.);
#2509=EDGE_CURVE('',#1962,#2016,#105,.F.);
#2510=EDGE_CURVE('',#2011,#1991,#214,.T.);
#2511=EDGE_CURVE('',#2008,#2012,#66,.T.);
#2512=EDGE_CURVE('',#2013,#2009,#67,.F.);
#2513=EDGE_CURVE('',#2017,#2018,#982,.F.);
#2514=EDGE_CURVE('',#2019,#2017,#983,.T.);
#2515=EDGE_CURVE('',#2019,#2020,#984,.T.);
#2516=EDGE_CURVE('',#2020,#2021,#985,.T.);
#2517=EDGE_CURVE('',#2021,#2018,#986,.T.);
#2518=EDGE_CURVE('',#2022,#2021,#987,.T.);
#2519=EDGE_CURVE('',#2020,#2023,#988,.T.);
#2520=EDGE_CURVE('',#1966,#2023,#989,.T.);
#2521=EDGE_CURVE('',#1965,#2024,#990,.T.);
#2522=EDGE_CURVE('',#2024,#2025,#991,.T.);
#2523=EDGE_CURVE('',#2026,#2025,#992,.T.);
#2524=EDGE_CURVE('',#2026,#2027,#993,.T.);
#2525=EDGE_CURVE('',#2028,#2027,#994,.T.);
#2526=EDGE_CURVE('',#2029,#2028,#995,.T.);
#2527=EDGE_CURVE('',#2029,#2022,#996,.T.);
#2528=EDGE_CURVE('',#2030,#2031,#997,.T.);
#2529=EDGE_CURVE('',#2032,#2031,#998,.T.);
#2530=EDGE_CURVE('',#2032,#2033,#999,.T.);
#2531=EDGE_CURVE('',#2030,#2033,#1000,.T.);
#2532=EDGE_CURVE('',#2030,#2034,#1001,.F.);
#2533=EDGE_CURVE('',#2033,#2035,#1002,.T.);
#2534=EDGE_CURVE('',#2036,#2035,#1003,.T.);
#2535=EDGE_CURVE('',#2036,#2034,#1004,.T.);
#2536=EDGE_CURVE('',#2037,#2038,#1005,.F.);
#2537=EDGE_CURVE('',#2039,#2037,#1006,.T.);
#2538=EDGE_CURVE('',#2039,#2032,#1007,.T.);
#2539=EDGE_CURVE('',#2031,#2038,#1008,.T.);
#2540=EDGE_CURVE('',#2026,#2040,#1009,.F.);
#2541=EDGE_CURVE('',#2025,#2041,#1010,.T.);
#2542=EDGE_CURVE('',#2042,#2041,#1011,.T.);
#2543=EDGE_CURVE('',#2042,#2040,#1012,.T.);
#2544=EDGE_CURVE('',#2043,#2044,#1013,.F.);
#2545=EDGE_CURVE('',#2045,#2043,#1014,.T.);
#2546=EDGE_CURVE('',#2045,#2046,#1015,.T.);
#2547=EDGE_CURVE('',#2046,#2047,#1016,.T.);
#2548=EDGE_CURVE('',#2047,#2044,#1017,.T.);
#2549=EDGE_CURVE('',#2048,#2047,#1018,.T.);
#2550=EDGE_CURVE('',#2046,#2049,#1019,.T.);
#2551=EDGE_CURVE('',#1964,#2049,#1020,.T.);
#2552=EDGE_CURVE('',#1962,#2050,#1021,.T.);
#2553=EDGE_CURVE('',#2050,#2051,#1022,.T.);
#2554=EDGE_CURVE('',#2052,#2051,#1023,.T.);
#2555=EDGE_CURVE('',#2052,#2053,#1024,.T.);
#2556=EDGE_CURVE('',#2054,#2053,#1025,.T.);
#2557=EDGE_CURVE('',#2055,#2054,#1026,.T.);
#2558=EDGE_CURVE('',#2055,#2048,#1027,.T.);
#2559=EDGE_CURVE('',#2056,#2057,#1028,.T.);
#2560=EDGE_CURVE('',#2058,#2057,#1029,.T.);
#2561=EDGE_CURVE('',#2058,#2059,#1030,.T.);
#2562=EDGE_CURVE('',#2056,#2059,#1031,.T.);
#2563=EDGE_CURVE('',#2056,#2060,#1032,.F.);
#2564=EDGE_CURVE('',#2059,#2061,#1033,.T.);
#2565=EDGE_CURVE('',#2062,#2061,#1034,.T.);
#2566=EDGE_CURVE('',#2062,#2060,#1035,.T.);
#2567=EDGE_CURVE('',#2063,#2064,#1036,.F.);
#2568=EDGE_CURVE('',#2065,#2063,#1037,.T.);
#2569=EDGE_CURVE('',#2065,#2058,#1038,.T.);
#2570=EDGE_CURVE('',#2057,#2064,#1039,.T.);
#2571=EDGE_CURVE('',#2052,#2066,#1040,.F.);
#2572=EDGE_CURVE('',#2051,#2067,#1041,.T.);
#2573=EDGE_CURVE('',#2068,#2067,#1042,.T.);
#2574=EDGE_CURVE('',#2068,#2066,#1043,.T.);
#2575=EDGE_CURVE('',#2069,#2070,#1044,.F.);
#2576=EDGE_CURVE('',#2069,#2071,#1045,.T.);
#2577=EDGE_CURVE('',#2071,#2072,#1046,.T.);
#2578=EDGE_CURVE('',#2072,#2073,#1047,.T.);
#2579=EDGE_CURVE('',#2073,#2070,#1048,.T.);
#2580=EDGE_CURVE('',#2074,#2075,#1049,.F.);
#2581=EDGE_CURVE('',#2074,#2076,#1050,.T.);
#2582=EDGE_CURVE('',#2076,#2077,#1051,.T.);
#2583=EDGE_CURVE('',#2077,#2078,#1052,.T.);
#2584=EDGE_CURVE('',#2078,#2075,#1053,.T.);
#2585=EDGE_CURVE('',#2079,#2080,#1054,.F.);
#2586=EDGE_CURVE('',#2079,#2081,#1055,.T.);
#2587=EDGE_CURVE('',#2081,#2082,#1056,.T.);
#2588=EDGE_CURVE('',#2083,#2082,#1057,.T.);
#2589=EDGE_CURVE('',#2083,#2080,#1058,.T.);
#2590=EDGE_CURVE('',#2084,#2085,#1059,.F.);
#2591=EDGE_CURVE('',#2086,#2084,#1060,.T.);
#2592=EDGE_CURVE('',#2086,#2087,#1061,.T.);
#2593=EDGE_CURVE('',#2087,#2088,#1062,.T.);
#2594=EDGE_CURVE('',#2088,#2085,#1063,.T.);
#2595=EDGE_CURVE('',#2079,#2089,#1064,.T.);
#2596=EDGE_CURVE('',#2090,#2089,#1065,.T.);
#2597=EDGE_CURVE('',#2091,#2090,#1066,.T.);
#2598=EDGE_CURVE('',#2091,#2092,#1067,.T.);
#2599=EDGE_CURVE('',#2092,#2088,#1068,.T.);
#2600=EDGE_CURVE('',#2087,#2093,#1069,.T.);
#2601=EDGE_CURVE('',#2094,#2093,#1070,.T.);
#2602=EDGE_CURVE('',#2095,#2094,#1071,.T.);
#2603=EDGE_CURVE('',#2095,#2096,#1072,.T.);
#2604=EDGE_CURVE('',#2097,#2096,#1073,.T.);
#2605=EDGE_CURVE('',#2098,#2097,#1074,.T.);
#2606=EDGE_CURVE('',#2098,#2081,#1075,.T.);
#2607=EDGE_CURVE('',#2099,#2100,#1076,.T.);
#2608=EDGE_CURVE('',#2101,#2100,#1077,.T.);
#2609=EDGE_CURVE('',#2101,#2102,#1078,.T.);
#2610=EDGE_CURVE('',#2099,#2102,#1079,.T.);
#2611=EDGE_CURVE('',#2103,#2104,#1080,.F.);
#2612=EDGE_CURVE('',#2105,#2103,#1081,.T.);
#2613=EDGE_CURVE('',#2105,#2101,#1082,.T.);
#2614=EDGE_CURVE('',#2100,#2104,#1083,.T.);
#2615=EDGE_CURVE('',#2099,#2106,#1084,.F.);
#2616=EDGE_CURVE('',#2102,#2107,#1085,.T.);
#2617=EDGE_CURVE('',#2108,#2107,#1086,.T.);
#2618=EDGE_CURVE('',#2108,#2106,#1087,.T.);
#2619=EDGE_CURVE('',#2109,#2110,#68,.T.);
#2620=EDGE_CURVE('',#2109,#2111,#1088,.T.);
#2621=EDGE_CURVE('',#2111,#2112,#69,.T.);
#2622=EDGE_CURVE('',#2112,#2113,#106,.T.);
#2623=EDGE_CURVE('',#2113,#2110,#1089,.T.);
#2624=EDGE_CURVE('',#2114,#2109,#1090,.T.);
#2625=EDGE_CURVE('',#2115,#2114,#1091,.T.);
#2626=EDGE_CURVE('',#2115,#2116,#1092,.T.);
#2627=EDGE_CURVE('',#2111,#2116,#1093,.T.);
#2628=EDGE_CURVE('',#2117,#2110,#1094,.T.);
#2629=EDGE_CURVE('',#2118,#2117,#1095,.T.);
#2630=EDGE_CURVE('',#2114,#2118,#1096,.T.);
#2631=EDGE_CURVE('',#2113,#2097,#70,.T.);
#2632=EDGE_CURVE('',#2117,#2096,#1097,.T.);
#2633=EDGE_CURVE('',#2112,#2119,#215,.F.);
#2634=EDGE_CURVE('',#2119,#2120,#1098,.T.);
#2635=EDGE_CURVE('',#2120,#2090,#216,.T.);
#2636=EDGE_CURVE('',#2121,#2089,#217,.T.);
#2637=EDGE_CURVE('',#2122,#2121,#71,.T.);
#2638=EDGE_CURVE('',#2123,#2122,#1099,.T.);
#2639=EDGE_CURVE('',#2098,#2123,#218,.T.);
#2640=EDGE_CURVE('',#2123,#2082,#1100,.T.);
#2641=EDGE_CURVE('',#2083,#2122,#1101,.T.);
#2642=EDGE_CURVE('',#2080,#2121,#1102,.T.);
#2643=EDGE_CURVE('',#2124,#2095,#1103,.T.);
#2644=EDGE_CURVE('',#2124,#2125,#1104,.T.);
#2645=EDGE_CURVE('',#2126,#2125,#219,.T.);
#2646=EDGE_CURVE('',#2126,#2127,#1105,.T.);
#2647=EDGE_CURVE('',#2128,#2127,#220,.T.);
#2648=EDGE_CURVE('',#2128,#2129,#1106,.T.);
#2649=EDGE_CURVE('',#2130,#2129,#1107,.T.);
#2650=EDGE_CURVE('',#2131,#2130,#221,.T.);
#2651=EDGE_CURVE('',#2132,#2131,#1108,.T.);
#2652=EDGE_CURVE('',#1974,#2132,#1109,.T.);
#2653=EDGE_CURVE('',#2133,#1973,#1110,.T.);
#2654=EDGE_CURVE('',#2118,#2133,#1111,.T.);
#2655=EDGE_CURVE('',#2134,#2023,#222,.T.);
#2656=EDGE_CURVE('',#2135,#2134,#1112,.T.);
#2657=EDGE_CURVE('',#2136,#2135,#72,.T.);
#2658=EDGE_CURVE('',#2022,#2136,#223,.T.);
#2659=EDGE_CURVE('',#2137,#2029,#224,.F.);
#2660=EDGE_CURVE('',#2137,#1967,#1113,.T.);
#2661=EDGE_CURVE('',#2136,#2018,#1114,.T.);
#2662=EDGE_CURVE('',#2135,#2017,#1115,.T.);
#2663=EDGE_CURVE('',#2134,#2019,#1116,.T.);
#2664=EDGE_CURVE('',#2138,#2092,#225,.T.);
#2665=EDGE_CURVE('',#2138,#2085,#1117,.T.);
#2666=EDGE_CURVE('',#2139,#2138,#73,.T.);
#2667=EDGE_CURVE('',#2054,#2091,#226,.T.);
#2668=EDGE_CURVE('',#2140,#2053,#227,.T.);
#2669=EDGE_CURVE('',#2141,#2140,#74,.T.);
#2670=EDGE_CURVE('',#2142,#2141,#1118,.T.);
#2671=EDGE_CURVE('',#2142,#2050,#228,.T.);
#2672=EDGE_CURVE('',#2094,#1989,#229,.T.);
#2673=EDGE_CURVE('',#2093,#2143,#230,.T.);
#2674=EDGE_CURVE('',#2143,#2139,#1119,.T.);
#2675=EDGE_CURVE('',#2139,#2084,#1120,.T.);
#2676=EDGE_CURVE('',#2086,#2143,#1121,.T.);
#2677=EDGE_CURVE('',#2068,#2141,#1122,.T.);
#2678=EDGE_CURVE('',#2066,#2140,#1123,.T.);
#2679=EDGE_CURVE('',#2067,#2142,#1124,.T.);
#2680=EDGE_CURVE('',#2144,#2024,#231,.T.);
#2681=EDGE_CURVE('',#2041,#2144,#1125,.T.);
#2682=EDGE_CURVE('',#2145,#2144,#1126,.T.);
#2683=EDGE_CURVE('',#2146,#2049,#232,.T.);
#2684=EDGE_CURVE('',#2147,#2146,#1127,.T.);
#2685=EDGE_CURVE('',#2148,#2147,#75,.T.);
#2686=EDGE_CURVE('',#2148,#2048,#233,.T.);
#2687=EDGE_CURVE('',#2028,#2055,#234,.T.);
#2688=EDGE_CURVE('',#2027,#2149,#235,.T.);
#2689=EDGE_CURVE('',#2149,#2145,#76,.T.);
#2690=EDGE_CURVE('',#2042,#2145,#1128,.T.);
#2691=EDGE_CURVE('',#2040,#2149,#1129,.T.);
#2692=EDGE_CURVE('',#2147,#2043,#1130,.T.);
#2693=EDGE_CURVE('',#2044,#2148,#1131,.T.);
#2694=EDGE_CURVE('',#2146,#2045,#1132,.T.);
#2695=EDGE_CURVE('',#2150,#2151,#236,.F.);
#2696=EDGE_CURVE('',#2151,#2152,#1133,.T.);
#2697=EDGE_CURVE('',#2152,#2153,#237,.F.);
#2698=EDGE_CURVE('',#2153,#2150,#1134,.T.);
#2699=EDGE_CURVE('',#2151,#2154,#238,.T.);
#2700=EDGE_CURVE('',#2155,#2154,#1135,.T.);
#2701=EDGE_CURVE('',#2152,#2155,#239,.T.);
#2702=EDGE_CURVE('',#2156,#2157,#240,.F.);
#2703=EDGE_CURVE('',#2157,#2158,#1136,.T.);
#2704=EDGE_CURVE('',#2158,#2159,#241,.F.);
#2705=EDGE_CURVE('',#2159,#2156,#1137,.T.);
#2706=EDGE_CURVE('',#2160,#2157,#242,.T.);
#2707=EDGE_CURVE('',#2160,#2161,#1138,.T.);
#2708=EDGE_CURVE('',#2161,#2158,#243,.T.);
#2709=EDGE_CURVE('',#2162,#2163,#244,.T.);
#2710=EDGE_CURVE('',#2163,#2164,#1139,.T.);
#2711=EDGE_CURVE('',#2164,#2165,#245,.T.);
#2712=EDGE_CURVE('',#2165,#2162,#1140,.T.);
#2713=EDGE_CURVE('',#2166,#2167,#246,.T.);
#2714=EDGE_CURVE('',#2167,#2165,#247,.T.);
#2715=EDGE_CURVE('',#2164,#2166,#248,.T.);
#2716=EDGE_CURVE('',#2168,#2169,#77,.F.);
#2717=EDGE_CURVE('',#2169,#2167,#1141,.T.);
#2718=EDGE_CURVE('',#2166,#2168,#1142,.T.);
#2719=EDGE_CURVE('',#2162,#2170,#107,.T.);
#2720=EDGE_CURVE('',#2170,#2171,#249,.T.);
#2721=EDGE_CURVE('',#2171,#2163,#108,.T.);
#2722=EDGE_CURVE('',#2172,#2173,#109,.F.);
#2723=EDGE_CURVE('',#2173,#2171,#1143,.T.);
#2724=EDGE_CURVE('',#2170,#2172,#1144,.T.);
#2725=EDGE_CURVE('',#2174,#2165,#1145,.T.);
#2726=EDGE_CURVE('',#2175,#2174,#78,.T.);
#2727=EDGE_CURVE('',#2176,#2175,#1146,.T.);
#2728=EDGE_CURVE('',#2162,#2176,#79,.T.);
#2729=EDGE_CURVE('',#2167,#2177,#1147,.T.);
#2730=EDGE_CURVE('',#2177,#2174,#250,.T.);
#2731=EDGE_CURVE('',#2178,#2169,#1148,.T.);
#2732=EDGE_CURVE('',#2179,#2178,#1149,.T.);
#2733=EDGE_CURVE('',#2180,#2179,#1150,.T.);
#2734=EDGE_CURVE('',#2181,#2180,#1151,.T.);
#2735=EDGE_CURVE('',#2182,#2181,#251,.T.);
#2736=EDGE_CURVE('',#2183,#2182,#1152,.T.);
#2737=EDGE_CURVE('',#2184,#2183,#252,.T.);
#2738=EDGE_CURVE('',#2185,#2184,#1153,.T.);
#2739=EDGE_CURVE('',#2186,#2185,#1154,.T.);
#2740=EDGE_CURVE('',#2187,#2186,#1155,.T.);
#2741=EDGE_CURVE('',#2188,#2187,#1156,.T.);
#2742=EDGE_CURVE('',#2189,#2188,#1157,.T.);
#2743=EDGE_CURVE('',#2190,#2189,#1158,.T.);
#2744=EDGE_CURVE('',#2191,#2190,#1159,.T.);
#2745=EDGE_CURVE('',#2192,#2191,#253,.T.);
#2746=EDGE_CURVE('',#2193,#2192,#1160,.T.);
#2747=EDGE_CURVE('',#2194,#2193,#254,.T.);
#2748=EDGE_CURVE('',#2177,#2194,#1161,.T.);
#2749=EDGE_CURVE('',#2195,#2137,#1162,.T.);
#2750=EDGE_CURVE('',#2120,#2196,#1163,.T.);
#2751=EDGE_CURVE('',#2197,#2196,#1164,.T.);
#2752=EDGE_CURVE('',#2197,#2198,#1165,.T.);
#2753=EDGE_CURVE('',#2195,#2198,#1166,.T.);
#2754=EDGE_CURVE('',#2199,#2173,#255,.F.);
#2755=EDGE_CURVE('',#2199,#2200,#1167,.T.);
#2756=EDGE_CURVE('',#2201,#2200,#256,.F.);
#2757=EDGE_CURVE('',#2201,#2202,#1168,.T.);
#2758=EDGE_CURVE('',#2203,#2202,#257,.F.);
#2759=EDGE_CURVE('',#2203,#2204,#1169,.T.);
#2760=EDGE_CURVE('',#2159,#2204,#1170,.F.);
#2761=EDGE_CURVE('',#2205,#2161,#1171,.T.);
#2762=EDGE_CURVE('',#2168,#2205,#258,.F.);
#2763=EDGE_CURVE('',#2206,#2207,#259,.T.);
#2764=EDGE_CURVE('',#2207,#2208,#1172,.T.);
#2765=EDGE_CURVE('',#2208,#2209,#260,.T.);
#2766=EDGE_CURVE('',#2209,#2206,#1173,.T.);
#2767=EDGE_CURVE('',#2179,#2210,#261,.T.);
#2768=EDGE_CURVE('',#2210,#2207,#262,.T.);
#2769=EDGE_CURVE('',#2206,#2179,#263,.T.);
#2770=EDGE_CURVE('',#2178,#2211,#80,.F.);
#2771=EDGE_CURVE('',#2211,#2210,#1174,.T.);
#2772=EDGE_CURVE('',#2212,#2213,#264,.T.);
#2773=EDGE_CURVE('',#2213,#2209,#110,.T.);
#2774=EDGE_CURVE('',#2208,#2212,#111,.T.);
#2775=EDGE_CURVE('',#2214,#2215,#112,.T.);
#2776=EDGE_CURVE('',#2214,#2213,#1175,.T.);
#2777=EDGE_CURVE('',#2212,#2215,#1176,.T.);
#2778=EDGE_CURVE('',#2213,#2216,#81,.T.);
#2779=EDGE_CURVE('',#2216,#2217,#265,.T.);
#2780=EDGE_CURVE('',#2217,#2209,#82,.T.);
#2781=EDGE_CURVE('',#2218,#2214,#113,.T.);
#2782=EDGE_CURVE('',#2218,#2219,#1177,.T.);
#2783=EDGE_CURVE('',#2220,#2219,#266,.T.);
#2784=EDGE_CURVE('',#2220,#2216,#1178,.T.);
#2785=EDGE_CURVE('',#2218,#2221,#1179,.T.);
#2786=EDGE_CURVE('',#2222,#2221,#1180,.T.);
#2787=EDGE_CURVE('',#2219,#2222,#1181,.T.);
#2788=EDGE_CURVE('',#2211,#2223,#267,.T.);
#2789=EDGE_CURVE('',#2223,#2160,#1182,.T.);
#2790=EDGE_CURVE('',#2224,#2156,#1183,.F.);
#2791=EDGE_CURVE('',#2225,#2224,#1184,.T.);
#2792=EDGE_CURVE('',#2226,#2225,#268,.F.);
#2793=EDGE_CURVE('',#2226,#2227,#1185,.T.);
#2794=EDGE_CURVE('',#2228,#2227,#269,.F.);
#2795=EDGE_CURVE('',#2228,#2229,#1186,.T.);
#2796=EDGE_CURVE('',#2215,#2229,#270,.F.);
#2797=EDGE_CURVE('',#2230,#2231,#271,.T.);
#2798=EDGE_CURVE('',#2231,#2232,#1187,.T.);
#2799=EDGE_CURVE('',#2232,#2233,#272,.T.);
#2800=EDGE_CURVE('',#2233,#2230,#1188,.T.);
#2801=EDGE_CURVE('',#2189,#2234,#273,.T.);
#2802=EDGE_CURVE('',#2234,#2231,#274,.T.);
#2803=EDGE_CURVE('',#2230,#2189,#275,.T.);
#2804=EDGE_CURVE('',#2188,#2235,#83,.F.);
#2805=EDGE_CURVE('',#2235,#2234,#1189,.T.);
#2806=EDGE_CURVE('',#2236,#2237,#276,.T.);
#2807=EDGE_CURVE('',#2237,#2233,#114,.T.);
#2808=EDGE_CURVE('',#2232,#2236,#115,.T.);
#2809=EDGE_CURVE('',#2238,#2239,#116,.T.);
#2810=EDGE_CURVE('',#2238,#2237,#1190,.T.);
#2811=EDGE_CURVE('',#2236,#2239,#1191,.T.);
#2812=EDGE_CURVE('',#2237,#2240,#84,.T.);
#2813=EDGE_CURVE('',#2240,#2241,#277,.T.);
#2814=EDGE_CURVE('',#2241,#2233,#85,.T.);
#2815=EDGE_CURVE('',#2242,#2238,#117,.T.);
#2816=EDGE_CURVE('',#2242,#2243,#1192,.T.);
#2817=EDGE_CURVE('',#2244,#2243,#278,.T.);
#2818=EDGE_CURVE('',#2244,#2240,#1193,.T.);
#2819=EDGE_CURVE('',#2242,#2245,#1194,.T.);
#2820=EDGE_CURVE('',#2246,#2245,#1195,.T.);
#2821=EDGE_CURVE('',#2243,#2246,#1196,.T.);
#2822=EDGE_CURVE('',#2235,#2247,#279,.T.);
#2823=EDGE_CURVE('',#2154,#2247,#1197,.T.);
#2824=EDGE_CURVE('',#2248,#2150,#1198,.F.);
#2825=EDGE_CURVE('',#2249,#2248,#1199,.T.);
#2826=EDGE_CURVE('',#2250,#2249,#280,.F.);
#2827=EDGE_CURVE('',#2250,#2251,#1200,.T.);
#2828=EDGE_CURVE('',#2252,#2251,#281,.F.);
#2829=EDGE_CURVE('',#2252,#2253,#1201,.T.);
#2830=EDGE_CURVE('',#2239,#2253,#282,.F.);
#2831=EDGE_CURVE('',#2254,#2255,#283,.T.);
#2832=EDGE_CURVE('',#2255,#2256,#1202,.T.);
#2833=EDGE_CURVE('',#2256,#2257,#284,.T.);
#2834=EDGE_CURVE('',#2257,#2254,#1203,.T.);
#2835=EDGE_CURVE('',#2258,#2186,#285,.T.);
#2836=EDGE_CURVE('',#2186,#2255,#286,.T.);
#2837=EDGE_CURVE('',#2254,#2258,#287,.T.);
#2838=EDGE_CURVE('',#2259,#2187,#86,.F.);
#2839=EDGE_CURVE('',#2258,#2259,#1204,.T.);
#2840=EDGE_CURVE('',#2256,#2260,#118,.T.);
#2841=EDGE_CURVE('',#2260,#2261,#288,.T.);
#2842=EDGE_CURVE('',#2261,#2257,#119,.T.);
#2843=EDGE_CURVE('',#2262,#2263,#120,.F.);
#2844=EDGE_CURVE('',#2263,#2261,#1205,.T.);
#2845=EDGE_CURVE('',#2260,#2262,#1206,.T.);
#2846=EDGE_CURVE('',#2255,#2264,#1207,.T.);
#2847=EDGE_CURVE('',#2265,#2264,#87,.T.);
#2848=EDGE_CURVE('',#2266,#2265,#1208,.T.);
#2849=EDGE_CURVE('',#2256,#2266,#88,.T.);
#2850=EDGE_CURVE('',#2264,#2185,#289,.T.);
#2851=EDGE_CURVE('',#2267,#2263,#290,.F.);
#2852=EDGE_CURVE('',#2267,#2268,#1209,.T.);
#2853=EDGE_CURVE('',#2269,#2268,#291,.F.);
#2854=EDGE_CURVE('',#2269,#2270,#1210,.T.);
#2855=EDGE_CURVE('',#2271,#2270,#292,.F.);
#2856=EDGE_CURVE('',#2271,#2272,#1211,.T.);
#2857=EDGE_CURVE('',#2153,#2272,#1212,.F.);
#2858=EDGE_CURVE('',#2155,#2273,#1213,.T.);
#2859=EDGE_CURVE('',#2259,#2273,#293,.F.);
#2860=EDGE_CURVE('',#2273,#2247,#1214,.T.);
#2861=EDGE_CURVE('',#2230,#2274,#1215,.T.);
#2862=EDGE_CURVE('',#2190,#2274,#294,.T.);
#2863=EDGE_CURVE('',#2205,#2223,#1216,.T.);
#2864=EDGE_CURVE('',#2206,#2275,#1217,.T.);
#2865=EDGE_CURVE('',#2180,#2275,#295,.T.);
#2866=EDGE_CURVE('',#2276,#2265,#296,.T.);
#2867=EDGE_CURVE('',#2185,#2276,#89,.T.);
#2868=EDGE_CURVE('',#2277,#2266,#297,.T.);
#2869=EDGE_CURVE('',#2276,#2277,#1218,.T.);
#2870=EDGE_CURVE('',#2277,#2260,#90,.T.);
#2871=EDGE_CURVE('',#2278,#2279,#298,.T.);
#2872=EDGE_CURVE('',#2279,#2241,#1219,.T.);
#2873=EDGE_CURVE('',#2240,#2278,#1220,.T.);
#2874=EDGE_CURVE('',#2274,#2279,#91,.T.);
#2875=EDGE_CURVE('',#2278,#2190,#92,.T.);
#2876=EDGE_CURVE('',#2280,#2281,#299,.T.);
#2877=EDGE_CURVE('',#2281,#2217,#1221,.T.);
#2878=EDGE_CURVE('',#2216,#2280,#1222,.T.);
#2879=EDGE_CURVE('',#2275,#2281,#93,.T.);
#2880=EDGE_CURVE('',#2280,#2180,#94,.T.);
#2881=EDGE_CURVE('',#2282,#2175,#300,.T.);
#2882=EDGE_CURVE('',#2177,#2282,#95,.T.);
#2883=EDGE_CURVE('',#2283,#2176,#301,.T.);
#2884=EDGE_CURVE('',#2282,#2283,#1223,.T.);
#2885=EDGE_CURVE('',#2283,#2170,#96,.T.);
#2886=EDGE_CURVE('',#2272,#2248,#1224,.T.);
#2887=EDGE_CURVE('',#2204,#2224,#1225,.T.);
#2888=EDGE_CURVE('',#2225,#2203,#1226,.T.);
#2889=EDGE_CURVE('',#2202,#2226,#1227,.T.);
#2890=EDGE_CURVE('',#2284,#2285,#1228,.T.);
#2891=EDGE_CURVE('',#2286,#2284,#302,.T.);
#2892=EDGE_CURVE('',#2287,#2286,#1229,.T.);
#2893=EDGE_CURVE('',#2288,#2287,#303,.T.);
#2894=EDGE_CURVE('',#2289,#2288,#1230,.T.);
#2895=EDGE_CURVE('',#2290,#2289,#304,.T.);
#2896=EDGE_CURVE('',#2291,#2290,#1231,.T.);
#2897=EDGE_CURVE('',#2292,#2291,#305,.T.);
#2898=EDGE_CURVE('',#2293,#2292,#1232,.T.);
#2899=EDGE_CURVE('',#2294,#2293,#306,.T.);
#2900=EDGE_CURVE('',#2295,#2294,#1233,.T.);
#2901=EDGE_CURVE('',#2296,#2295,#307,.T.);
#2902=EDGE_CURVE('',#2297,#2296,#1234,.T.);
#2903=EDGE_CURVE('',#2298,#2297,#308,.T.);
#2904=EDGE_CURVE('',#2299,#2298,#1235,.T.);
#2905=EDGE_CURVE('',#2285,#2299,#309,.T.);
#2906=EDGE_CURVE('',#2249,#2271,#1236,.T.);
#2907=EDGE_CURVE('',#2270,#2250,#1237,.T.);
#2908=EDGE_CURVE('',#2251,#2269,#1238,.T.);
#2909=EDGE_CURVE('',#2253,#2267,#1239,.T.);
#2910=EDGE_CURVE('',#2262,#2245,#121,.T.);
#2911=EDGE_CURVE('',#2268,#2252,#1240,.T.);
#2912=EDGE_CURVE('',#2229,#2199,#1241,.T.);
#2913=EDGE_CURVE('',#2172,#2221,#122,.T.);
#2914=EDGE_CURVE('',#2200,#2228,#1242,.T.);
#2915=EDGE_CURVE('',#2227,#2201,#1243,.T.);
#2916=EDGE_CURVE('',#2285,#2300,#1244,.T.);
#2917=EDGE_CURVE('',#2300,#2301,#1245,.T.);
#2918=EDGE_CURVE('',#2301,#2284,#1246,.T.);
#2919=EDGE_CURVE('',#2299,#2302,#1247,.T.);
#2920=EDGE_CURVE('',#2302,#2300,#310,.T.);
#2921=EDGE_CURVE('',#2298,#2303,#1248,.T.);
#2922=EDGE_CURVE('',#2303,#2302,#1249,.T.);
#2923=EDGE_CURVE('',#2297,#2222,#1250,.T.);
#2924=EDGE_CURVE('',#2222,#2303,#311,.T.);
#2925=EDGE_CURVE('',#2296,#2219,#1251,.T.);
#2926=EDGE_CURVE('',#2295,#2220,#1252,.T.);
#2927=EDGE_CURVE('',#2294,#2304,#1253,.T.);
#2928=EDGE_CURVE('',#2304,#2220,#1254,.T.);
#2929=EDGE_CURVE('',#2293,#2305,#1255,.T.);
#2930=EDGE_CURVE('',#2305,#2304,#312,.T.);
#2931=EDGE_CURVE('',#2292,#2306,#1256,.T.);
#2932=EDGE_CURVE('',#2306,#2305,#1257,.T.);
#2933=EDGE_CURVE('',#2291,#2307,#1258,.T.);
#2934=EDGE_CURVE('',#2307,#2306,#313,.T.);
#2935=EDGE_CURVE('',#2290,#2308,#1259,.T.);
#2936=EDGE_CURVE('',#2308,#2307,#1260,.T.);
#2937=EDGE_CURVE('',#2289,#2246,#1261,.T.);
#2938=EDGE_CURVE('',#2246,#2308,#314,.T.);
#2939=EDGE_CURVE('',#2288,#2243,#1262,.T.);
#2940=EDGE_CURVE('',#2287,#2244,#1263,.T.);
#2941=EDGE_CURVE('',#2286,#2309,#1264,.T.);
#2942=EDGE_CURVE('',#2309,#2244,#1265,.T.);
#2943=EDGE_CURVE('',#2301,#2309,#315,.T.);
#2944=EDGE_CURVE('',#2307,#2310,#1266,.T.);
#2945=EDGE_CURVE('',#2311,#2310,#316,.T.);
#2946=EDGE_CURVE('',#2311,#2306,#1267,.T.);
#2947=EDGE_CURVE('',#2310,#2276,#1268,.T.);
#2948=EDGE_CURVE('',#2277,#2308,#1269,.T.);
#2949=EDGE_CURVE('',#2312,#2309,#1270,.T.);
#2950=EDGE_CURVE('',#2278,#2312,#1271,.T.);
#2951=EDGE_CURVE('',#2301,#2313,#1272,.T.);
#2952=EDGE_CURVE('',#2312,#2313,#317,.T.);
#2953=EDGE_CURVE('',#2314,#2300,#1273,.T.);
#2954=EDGE_CURVE('',#2313,#2314,#1274,.T.);
#2955=EDGE_CURVE('',#2315,#2316,#1275,.T.);
#2956=EDGE_CURVE('',#2316,#2317,#318,.T.);
#2957=EDGE_CURVE('',#2317,#2318,#1276,.T.);
#2958=EDGE_CURVE('',#2318,#2315,#319,.T.);
#2959=EDGE_CURVE('',#2319,#2194,#320,.T.);
#2960=EDGE_CURVE('',#2193,#2314,#321,.T.);
#2961=EDGE_CURVE('',#2314,#2319,#322,.T.);
#2962=EDGE_CURVE('',#2192,#2313,#323,.T.);
#2963=EDGE_CURVE('',#2191,#2312,#324,.T.);
#2964=EDGE_CURVE('',#2319,#2282,#1277,.T.);
#2965=EDGE_CURVE('',#2302,#2319,#1278,.T.);
#2966=EDGE_CURVE('',#2283,#2303,#1279,.T.);
#2967=EDGE_CURVE('',#2310,#2184,#325,.T.);
#2968=EDGE_CURVE('',#2183,#2311,#326,.T.);
#2969=EDGE_CURVE('',#2182,#2320,#327,.T.);
#2970=EDGE_CURVE('',#2320,#2311,#1280,.T.);
#2971=EDGE_CURVE('',#2181,#2321,#328,.T.);
#2972=EDGE_CURVE('',#2321,#2320,#329,.T.);
#2973=EDGE_CURVE('',#2280,#2321,#1281,.T.);
#2974=EDGE_CURVE('',#2305,#2320,#1282,.T.);
#2975=EDGE_CURVE('',#2321,#2304,#1283,.T.);
#2976=EDGE_CURVE('',#2322,#2323,#330,.T.);
#2977=EDGE_CURVE('',#2323,#2126,#1284,.T.);
#2978=EDGE_CURVE('',#2125,#2324,#1285,.T.);
#2979=EDGE_CURVE('',#2324,#2322,#123,.T.);
#2980=EDGE_CURVE('',#2325,#2124,#1286,.T.);
#2981=EDGE_CURVE('',#2324,#2325,#97,.T.);
#2982=EDGE_CURVE('',#2127,#2326,#1287,.T.);
#2983=EDGE_CURVE('',#2326,#2327,#331,.T.);
#2984=EDGE_CURVE('',#2327,#2128,#1288,.T.);
#2985=EDGE_CURVE('',#2326,#2323,#1289,.T.);
#2986=EDGE_CURVE('',#2328,#2327,#1290,.T.);
#2987=EDGE_CURVE('',#2129,#2328,#1291,.T.);
#2988=EDGE_CURVE('',#2325,#1988,#332,.T.);
#2989=EDGE_CURVE('',#2329,#1987,#333,.T.);
#2990=EDGE_CURVE('',#2322,#2329,#1292,.T.);
#2991=EDGE_CURVE('',#2330,#2328,#1293,.T.);
#2992=EDGE_CURVE('',#2330,#2130,#1294,.T.);
#2993=EDGE_CURVE('',#2116,#2331,#1295,.T.);
#2994=EDGE_CURVE('',#2332,#2115,#1296,.T.);
#2995=EDGE_CURVE('',#2332,#2331,#1297,.T.);
#2996=EDGE_CURVE('',#2331,#2333,#1298,.T.);
#2997=EDGE_CURVE('',#2334,#2332,#1299,.T.);
#2998=EDGE_CURVE('',#2334,#1970,#1300,.T.);
#2999=EDGE_CURVE('',#2335,#1969,#1301,.T.);
#3000=EDGE_CURVE('',#2336,#2335,#1302,.T.);
#3001=EDGE_CURVE('',#2333,#2336,#1303,.T.);
#3002=EDGE_CURVE('',#2337,#2334,#1304,.T.);
#3003=EDGE_CURVE('',#2337,#1971,#1305,.T.);
#3004=EDGE_CURVE('',#2338,#2337,#1306,.T.);
#3005=EDGE_CURVE('',#2338,#1972,#1307,.T.);
#3006=EDGE_CURVE('',#2133,#2338,#1308,.T.);
#3007=EDGE_CURVE('',#2339,#2340,#1309,.T.);
#3008=EDGE_CURVE('',#2341,#2339,#334,.T.);
#3009=EDGE_CURVE('',#2342,#2341,#1310,.T.);
#3010=EDGE_CURVE('',#2340,#2342,#335,.T.);
#3011=EDGE_CURVE('',#2132,#2343,#1311,.T.);
#3012=EDGE_CURVE('',#2343,#2344,#1312,.T.);
#3013=EDGE_CURVE('',#2344,#2345,#1313,.T.);
#3014=EDGE_CURVE('',#1975,#2345,#1314,.T.);
#3015=EDGE_CURVE('',#2346,#2333,#1315,.T.);
#3016=EDGE_CURVE('',#2346,#2347,#1316,.T.);
#3017=EDGE_CURVE('',#2347,#2348,#1317,.T.);
#3018=EDGE_CURVE('',#2349,#2348,#1318,.T.);
#3019=EDGE_CURVE('',#2349,#2350,#1319,.T.);
#3020=EDGE_CURVE('',#2350,#2119,#1320,.T.);
#3021=EDGE_CURVE('',#2336,#2351,#1321,.T.);
#3022=EDGE_CURVE('',#2346,#2351,#1322,.T.);
#3023=EDGE_CURVE('',#2335,#2352,#1323,.F.);
#3024=EDGE_CURVE('',#2351,#2352,#1324,.T.);
#3025=EDGE_CURVE('',#2341,#2316,#1325,.T.);
#3026=EDGE_CURVE('',#2342,#2315,#1326,.T.);
#3027=EDGE_CURVE('',#2339,#2317,#1327,.T.);
#3028=EDGE_CURVE('',#1968,#2352,#1328,.T.);
#3029=EDGE_CURVE('',#2070,#2075,#1329,.T.);
#3030=EDGE_CURVE('',#2074,#2073,#1330,.T.);
#3031=EDGE_CURVE('',#2072,#2076,#1331,.T.);
#3032=EDGE_CURVE('',#2077,#2071,#1332,.T.);
#3033=EDGE_CURVE('',#2069,#2078,#1333,.T.);
#3034=EDGE_CURVE('',#2340,#2318,#1334,.T.);
#3035=EDGE_CURVE('',#2195,#2347,#1335,.T.);
#3036=EDGE_CURVE('',#2198,#2348,#1336,.T.);
#3037=EDGE_CURVE('',#2349,#2197,#1337,.T.);
#3038=EDGE_CURVE('',#2350,#2196,#1338,.T.);
#3039=EDGE_CURVE('',#2062,#2063,#1339,.T.);
#3040=EDGE_CURVE('',#2060,#2064,#1340,.T.);
#3041=EDGE_CURVE('',#2061,#2065,#1341,.T.);
#3042=EDGE_CURVE('',#2108,#2103,#1342,.T.);
#3043=EDGE_CURVE('',#2106,#2104,#1343,.T.);
#3044=EDGE_CURVE('',#2105,#2107,#1344,.T.);
#3045=EDGE_CURVE('',#2034,#2038,#1345,.T.);
#3046=EDGE_CURVE('',#2036,#2037,#1346,.T.);
#3047=EDGE_CURVE('',#2035,#2039,#1347,.T.);
#3048=EDGE_CURVE('',#2353,#2345,#336,.T.);
#3049=EDGE_CURVE('',#2353,#1976,#1348,.T.);
#3050=EDGE_CURVE('',#2353,#2354,#1349,.T.);
#3051=EDGE_CURVE('',#2010,#2354,#1350,.T.);
#3052=EDGE_CURVE('',#2344,#2329,#1351,.T.);
#3053=EDGE_CURVE('',#2343,#2355,#1352,.T.);
#3054=EDGE_CURVE('',#2355,#2330,#337,.T.);
#3055=EDGE_CURVE('',#1985,#2354,#338,.T.);
#3056=EDGE_CURVE('',#2131,#2355,#1353,.T.);
#3057=EDGE_CURVE('',#1992,#2356,#1354,.T.);
#3058=EDGE_CURVE('',#2356,#2015,#1355,.T.);
#3059=EDGE_CURVE('',#2001,#2356,#1356,.T.);
#3060=EDGE_CURVE('',#1996,#2000,#1357,.T.);
#3061=EDGE_CURVE('',#2357,#2358,#1358,.T.);
#3062=EDGE_CURVE('',#2358,#2359,#1359,.T.);
#3063=EDGE_CURVE('',#2359,#2360,#1360,.T.);
#3064=EDGE_CURVE('',#2360,#2361,#339,.T.);
#3065=EDGE_CURVE('',#2361,#2362,#1361,.T.);
#3066=EDGE_CURVE('',#2362,#2363,#340,.T.);
#3067=EDGE_CURVE('',#2363,#2364,#1362,.T.);
#3068=EDGE_CURVE('',#2364,#2365,#341,.T.);
#3069=EDGE_CURVE('',#2365,#2366,#1363,.T.);
#3070=EDGE_CURVE('',#2366,#2367,#342,.T.);
#3071=EDGE_CURVE('',#2367,#2368,#1364,.T.);
#3072=EDGE_CURVE('',#2368,#2369,#1365,.T.);
#3073=EDGE_CURVE('',#2369,#2370,#1366,.T.);
#3074=EDGE_CURVE('',#2370,#2371,#343,.T.);
#3075=EDGE_CURVE('',#2371,#2372,#1367,.T.);
#3076=EDGE_CURVE('',#2372,#2373,#344,.T.);
#3077=EDGE_CURVE('',#2373,#2374,#1368,.T.);
#3078=EDGE_CURVE('',#2374,#2375,#345,.T.);
#3079=EDGE_CURVE('',#2375,#2376,#1369,.T.);
#3080=EDGE_CURVE('',#2376,#2357,#346,.T.);
#3081=EDGE_CURVE('',#2368,#2377,#1370,.T.);
#3082=EDGE_CURVE('',#2377,#2378,#1371,.T.);
#3083=EDGE_CURVE('',#2369,#2378,#1372,.T.);
#3084=EDGE_CURVE('',#2378,#2379,#1373,.T.);
#3085=EDGE_CURVE('',#2370,#2379,#1374,.T.);
#3086=EDGE_CURVE('',#2379,#2380,#347,.T.);
#3087=EDGE_CURVE('',#2371,#2380,#1375,.T.);
#3088=EDGE_CURVE('',#2380,#2381,#1376,.T.);
#3089=EDGE_CURVE('',#2372,#2381,#1377,.T.);
#3090=EDGE_CURVE('',#2381,#2382,#348,.T.);
#3091=EDGE_CURVE('',#2373,#2382,#1378,.T.);
#3092=EDGE_CURVE('',#2382,#2383,#1379,.T.);
#3093=EDGE_CURVE('',#2374,#2383,#1380,.T.);
#3094=EDGE_CURVE('',#2383,#2384,#349,.T.);
#3095=EDGE_CURVE('',#2375,#2384,#1381,.T.);
#3096=EDGE_CURVE('',#2384,#2385,#1382,.T.);
#3097=EDGE_CURVE('',#2376,#2385,#1383,.T.);
#3098=EDGE_CURVE('',#2385,#2386,#350,.T.);
#3099=EDGE_CURVE('',#2357,#2386,#1384,.T.);
#3100=EDGE_CURVE('',#2386,#2387,#1385,.T.);
#3101=EDGE_CURVE('',#2358,#2387,#1386,.T.);
#3102=EDGE_CURVE('',#2367,#2388,#1387,.T.);
#3103=EDGE_CURVE('',#2388,#2377,#1388,.T.);
#3104=EDGE_CURVE('',#2366,#2389,#1389,.T.);
#3105=EDGE_CURVE('',#2389,#2388,#351,.T.);
#3106=EDGE_CURVE('',#2365,#2390,#1390,.T.);
#3107=EDGE_CURVE('',#2390,#2389,#1391,.T.);
#3108=EDGE_CURVE('',#2364,#2391,#1392,.T.);
#3109=EDGE_CURVE('',#2391,#2390,#352,.T.);
#3110=EDGE_CURVE('',#2363,#2392,#1393,.T.);
#3111=EDGE_CURVE('',#2392,#2391,#1394,.T.);
#3112=EDGE_CURVE('',#2362,#2393,#1395,.T.);
#3113=EDGE_CURVE('',#2393,#2392,#353,.T.);
#3114=EDGE_CURVE('',#2361,#2394,#1396,.T.);
#3115=EDGE_CURVE('',#2394,#2393,#1397,.T.);
#3116=EDGE_CURVE('',#2360,#2395,#1398,.T.);
#3117=EDGE_CURVE('',#2395,#2394,#354,.T.);
#3118=EDGE_CURVE('',#2359,#2396,#1399,.T.);
#3119=EDGE_CURVE('',#2396,#2395,#1400,.T.);
#3120=EDGE_CURVE('',#2387,#2396,#1401,.T.);
#3121=EDGE_CURVE('',#2397,#2398,#1402,.T.);
#3122=EDGE_CURVE('',#2398,#2399,#1403,.T.);
#3123=EDGE_CURVE('',#2399,#2400,#1404,.T.);
#3124=EDGE_CURVE('',#2400,#2401,#355,.T.);
#3125=EDGE_CURVE('',#2401,#2402,#1405,.T.);
#3126=EDGE_CURVE('',#2402,#2403,#356,.T.);
#3127=EDGE_CURVE('',#2403,#2404,#1406,.T.);
#3128=EDGE_CURVE('',#2404,#2405,#357,.T.);
#3129=EDGE_CURVE('',#2405,#2406,#1407,.T.);
#3130=EDGE_CURVE('',#2406,#2407,#358,.T.);
#3131=EDGE_CURVE('',#2407,#2408,#1408,.T.);
#3132=EDGE_CURVE('',#2408,#2409,#1409,.T.);
#3133=EDGE_CURVE('',#2409,#2410,#1410,.T.);
#3134=EDGE_CURVE('',#2410,#2411,#359,.T.);
#3135=EDGE_CURVE('',#2411,#2412,#1411,.T.);
#3136=EDGE_CURVE('',#2412,#2413,#360,.T.);
#3137=EDGE_CURVE('',#2413,#2414,#1412,.T.);
#3138=EDGE_CURVE('',#2414,#2415,#361,.T.);
#3139=EDGE_CURVE('',#2415,#2416,#1413,.T.);
#3140=EDGE_CURVE('',#2416,#2397,#362,.T.);
#3141=EDGE_CURVE('',#2408,#2417,#1414,.T.);
#3142=EDGE_CURVE('',#2417,#2418,#1415,.T.);
#3143=EDGE_CURVE('',#2409,#2418,#1416,.T.);
#3144=EDGE_CURVE('',#2418,#2419,#1417,.T.);
#3145=EDGE_CURVE('',#2410,#2419,#1418,.T.);
#3146=EDGE_CURVE('',#2419,#2420,#363,.T.);
#3147=EDGE_CURVE('',#2411,#2420,#1419,.T.);
#3148=EDGE_CURVE('',#2420,#2421,#1420,.T.);
#3149=EDGE_CURVE('',#2412,#2421,#1421,.T.);
#3150=EDGE_CURVE('',#2421,#2422,#364,.T.);
#3151=EDGE_CURVE('',#2413,#2422,#1422,.T.);
#3152=EDGE_CURVE('',#2422,#2423,#1423,.T.);
#3153=EDGE_CURVE('',#2414,#2423,#1424,.T.);
#3154=EDGE_CURVE('',#2423,#2424,#365,.T.);
#3155=EDGE_CURVE('',#2415,#2424,#1425,.T.);
#3156=EDGE_CURVE('',#2424,#2425,#1426,.T.);
#3157=EDGE_CURVE('',#2416,#2425,#1427,.T.);
#3158=EDGE_CURVE('',#2425,#2426,#366,.T.);
#3159=EDGE_CURVE('',#2397,#2426,#1428,.T.);
#3160=EDGE_CURVE('',#2426,#2427,#1429,.T.);
#3161=EDGE_CURVE('',#2398,#2427,#1430,.T.);
#3162=EDGE_CURVE('',#2407,#2428,#1431,.T.);
#3163=EDGE_CURVE('',#2428,#2417,#1432,.T.);
#3164=EDGE_CURVE('',#2406,#2429,#1433,.T.);
#3165=EDGE_CURVE('',#2429,#2428,#367,.T.);
#3166=EDGE_CURVE('',#2405,#2430,#1434,.T.);
#3167=EDGE_CURVE('',#2430,#2429,#1435,.T.);
#3168=EDGE_CURVE('',#2404,#2431,#1436,.T.);
#3169=EDGE_CURVE('',#2431,#2430,#368,.T.);
#3170=EDGE_CURVE('',#2403,#2432,#1437,.T.);
#3171=EDGE_CURVE('',#2432,#2431,#1438,.T.);
#3172=EDGE_CURVE('',#2402,#2433,#1439,.T.);
#3173=EDGE_CURVE('',#2433,#2432,#369,.T.);
#3174=EDGE_CURVE('',#2401,#2434,#1440,.T.);
#3175=EDGE_CURVE('',#2434,#2433,#1441,.T.);
#3176=EDGE_CURVE('',#2400,#2435,#1442,.T.);
#3177=EDGE_CURVE('',#2435,#2434,#370,.T.);
#3178=EDGE_CURVE('',#2399,#2436,#1443,.T.);
#3179=EDGE_CURVE('',#2436,#2435,#1444,.T.);
#3180=EDGE_CURVE('',#2427,#2436,#1445,.T.);
#3181=ORIENTED_EDGE('',*,*,#2437,.T.);
#3182=ORIENTED_EDGE('',*,*,#2438,.T.);
#3183=ORIENTED_EDGE('',*,*,#2439,.F.);
#3184=ORIENTED_EDGE('',*,*,#2440,.T.);
#3185=ORIENTED_EDGE('',*,*,#2440,.F.);
#3186=ORIENTED_EDGE('',*,*,#2441,.T.);
#3187=ORIENTED_EDGE('',*,*,#2442,.T.);
#3188=ORIENTED_EDGE('',*,*,#2443,.T.);
#3189=ORIENTED_EDGE('',*,*,#2444,.T.);
#3190=ORIENTED_EDGE('',*,*,#2445,.T.);
#3191=ORIENTED_EDGE('',*,*,#2446,.T.);
#3192=ORIENTED_EDGE('',*,*,#2447,.T.);
#3193=ORIENTED_EDGE('',*,*,#2448,.T.);
#3194=ORIENTED_EDGE('',*,*,#2449,.T.);
#3195=ORIENTED_EDGE('',*,*,#2450,.T.);
#3196=ORIENTED_EDGE('',*,*,#2451,.T.);
#3197=ORIENTED_EDGE('',*,*,#2452,.F.);
#3198=ORIENTED_EDGE('',*,*,#2453,.F.);
#3199=ORIENTED_EDGE('',*,*,#2454,.F.);
#3200=ORIENTED_EDGE('',*,*,#2455,.F.);
#3201=ORIENTED_EDGE('',*,*,#2456,.T.);
#3202=ORIENTED_EDGE('',*,*,#2457,.F.);
#3203=ORIENTED_EDGE('',*,*,#2458,.T.);
#3204=ORIENTED_EDGE('',*,*,#2459,.F.);
#3205=ORIENTED_EDGE('',*,*,#2460,.F.);
#3206=ORIENTED_EDGE('',*,*,#2461,.F.);
#3207=ORIENTED_EDGE('',*,*,#2462,.F.);
#3208=ORIENTED_EDGE('',*,*,#2463,.F.);
#3209=ORIENTED_EDGE('',*,*,#2464,.F.);
#3210=ORIENTED_EDGE('',*,*,#2465,.F.);
#3211=ORIENTED_EDGE('',*,*,#2466,.T.);
#3212=ORIENTED_EDGE('',*,*,#2467,.T.);
#3213=ORIENTED_EDGE('',*,*,#2468,.F.);
#3214=ORIENTED_EDGE('',*,*,#2469,.T.);
#3215=ORIENTED_EDGE('',*,*,#2470,.T.);
#3216=ORIENTED_EDGE('',*,*,#2471,.F.);
#3217=ORIENTED_EDGE('',*,*,#2456,.F.);
#3218=ORIENTED_EDGE('',*,*,#2472,.F.);
#3219=ORIENTED_EDGE('',*,*,#2457,.T.);
#3220=ORIENTED_EDGE('',*,*,#2473,.T.);
#3221=ORIENTED_EDGE('',*,*,#2474,.T.);
#3222=ORIENTED_EDGE('',*,*,#2475,.T.);
#3223=ORIENTED_EDGE('',*,*,#2476,.F.);
#3224=ORIENTED_EDGE('',*,*,#2477,.T.);
#3225=ORIENTED_EDGE('',*,*,#2474,.F.);
#3226=ORIENTED_EDGE('',*,*,#2478,.T.);
#3227=ORIENTED_EDGE('',*,*,#2478,.F.);
#3228=ORIENTED_EDGE('',*,*,#2479,.F.);
#3229=ORIENTED_EDGE('',*,*,#2480,.T.);
#3230=ORIENTED_EDGE('',*,*,#2481,.T.);
#3231=ORIENTED_EDGE('',*,*,#2473,.F.);
#3232=ORIENTED_EDGE('',*,*,#2471,.T.);
#3233=ORIENTED_EDGE('',*,*,#2482,.F.);
#3234=ORIENTED_EDGE('',*,*,#2479,.T.);
#3235=ORIENTED_EDGE('',*,*,#2459,.T.);
#3236=ORIENTED_EDGE('',*,*,#2483,.T.);
#3237=ORIENTED_EDGE('',*,*,#2484,.T.);
#3238=ORIENTED_EDGE('',*,*,#2485,.F.);
#3239=ORIENTED_EDGE('',*,*,#2486,.T.);
#3240=ORIENTED_EDGE('',*,*,#2487,.F.);
#3241=ORIENTED_EDGE('',*,*,#2488,.F.);
#3242=ORIENTED_EDGE('',*,*,#2489,.F.);
#3243=ORIENTED_EDGE('',*,*,#2490,.T.);
#3244=ORIENTED_EDGE('',*,*,#2461,.T.);
#3245=ORIENTED_EDGE('',*,*,#2491,.T.);
#3246=ORIENTED_EDGE('',*,*,#2492,.T.);
#3247=ORIENTED_EDGE('',*,*,#2493,.T.);
#3248=ORIENTED_EDGE('',*,*,#2494,.F.);
#3249=ORIENTED_EDGE('',*,*,#2495,.T.);
#3250=ORIENTED_EDGE('',*,*,#2487,.T.);
#3251=ORIENTED_EDGE('',*,*,#2496,.T.);
#3252=ORIENTED_EDGE('',*,*,#2438,.F.);
#3253=ORIENTED_EDGE('',*,*,#2497,.T.);
#3254=ORIENTED_EDGE('',*,*,#2496,.F.);
#3255=ORIENTED_EDGE('',*,*,#2486,.F.);
#3256=ORIENTED_EDGE('',*,*,#2498,.F.);
#3257=ORIENTED_EDGE('',*,*,#2499,.F.);
#3258=ORIENTED_EDGE('',*,*,#2455,.T.);
#3259=ORIENTED_EDGE('',*,*,#2500,.T.);
#3260=ORIENTED_EDGE('',*,*,#2501,.T.);
#3261=ORIENTED_EDGE('',*,*,#2472,.T.);
#3262=ORIENTED_EDGE('',*,*,#2502,.T.);
#3263=ORIENTED_EDGE('',*,*,#2503,.T.);
#3264=ORIENTED_EDGE('',*,*,#2489,.T.);
#3265=ORIENTED_EDGE('',*,*,#2504,.T.);
#3266=ORIENTED_EDGE('',*,*,#2460,.T.);
#3267=ORIENTED_EDGE('',*,*,#2490,.F.);
#3268=ORIENTED_EDGE('',*,*,#2503,.F.);
#3269=ORIENTED_EDGE('',*,*,#2505,.F.);
#3270=ORIENTED_EDGE('',*,*,#2491,.F.);
#3271=ORIENTED_EDGE('',*,*,#2482,.T.);
#3272=ORIENTED_EDGE('',*,*,#2506,.T.);
#3273=ORIENTED_EDGE('',*,*,#2507,.T.);
#3274=ORIENTED_EDGE('',*,*,#2480,.F.);
#3275=ORIENTED_EDGE('',*,*,#2508,.T.);
#3276=ORIENTED_EDGE('',*,*,#2509,.F.);
#3277=ORIENTED_EDGE('',*,*,#2499,.T.);
#3278=ORIENTED_EDGE('',*,*,#2510,.T.);
#3279=ORIENTED_EDGE('',*,*,#2468,.T.);
#3280=ORIENTED_EDGE('',*,*,#2462,.T.);
#3281=ORIENTED_EDGE('',*,*,#2493,.F.);
#3282=ORIENTED_EDGE('',*,*,#2511,.T.);
#3283=ORIENTED_EDGE('',*,*,#2500,.F.);
#3284=ORIENTED_EDGE('',*,*,#2495,.F.);
#3285=ORIENTED_EDGE('',*,*,#2512,.F.);
#3286=ORIENTED_EDGE('',*,*,#2504,.F.);
#3287=ORIENTED_EDGE('',*,*,#2488,.T.);
#3288=ORIENTED_EDGE('',*,*,#2513,.F.);
#3289=ORIENTED_EDGE('',*,*,#2514,.F.);
#3290=ORIENTED_EDGE('',*,*,#2515,.T.);
#3291=ORIENTED_EDGE('',*,*,#2516,.T.);
#3292=ORIENTED_EDGE('',*,*,#2517,.T.);
#3293=ORIENTED_EDGE('',*,*,#2518,.T.);
#3294=ORIENTED_EDGE('',*,*,#2516,.F.);
#3295=ORIENTED_EDGE('',*,*,#2519,.T.);
#3296=ORIENTED_EDGE('',*,*,#2520,.F.);
#3297=ORIENTED_EDGE('',*,*,#2443,.F.);
#3298=ORIENTED_EDGE('',*,*,#2521,.T.);
#3299=ORIENTED_EDGE('',*,*,#2522,.T.);
#3300=ORIENTED_EDGE('',*,*,#2523,.F.);
#3301=ORIENTED_EDGE('',*,*,#2524,.T.);
#3302=ORIENTED_EDGE('',*,*,#2525,.F.);
#3303=ORIENTED_EDGE('',*,*,#2526,.F.);
#3304=ORIENTED_EDGE('',*,*,#2527,.T.);
#3305=ORIENTED_EDGE('',*,*,#2528,.T.);
#3306=ORIENTED_EDGE('',*,*,#2529,.F.);
#3307=ORIENTED_EDGE('',*,*,#2530,.T.);
#3308=ORIENTED_EDGE('',*,*,#2531,.F.);
#3309=ORIENTED_EDGE('',*,*,#2532,.F.);
#3310=ORIENTED_EDGE('',*,*,#2531,.T.);
#3311=ORIENTED_EDGE('',*,*,#2533,.T.);
#3312=ORIENTED_EDGE('',*,*,#2534,.F.);
#3313=ORIENTED_EDGE('',*,*,#2535,.T.);
#3314=ORIENTED_EDGE('',*,*,#2536,.F.);
#3315=ORIENTED_EDGE('',*,*,#2537,.F.);
#3316=ORIENTED_EDGE('',*,*,#2538,.T.);
#3317=ORIENTED_EDGE('',*,*,#2529,.T.);
#3318=ORIENTED_EDGE('',*,*,#2539,.T.);
#3319=ORIENTED_EDGE('',*,*,#2540,.F.);
#3320=ORIENTED_EDGE('',*,*,#2523,.T.);
#3321=ORIENTED_EDGE('',*,*,#2541,.T.);
#3322=ORIENTED_EDGE('',*,*,#2542,.F.);
#3323=ORIENTED_EDGE('',*,*,#2543,.T.);
#3324=ORIENTED_EDGE('',*,*,#2544,.F.);
#3325=ORIENTED_EDGE('',*,*,#2545,.F.);
#3326=ORIENTED_EDGE('',*,*,#2546,.T.);
#3327=ORIENTED_EDGE('',*,*,#2547,.T.);
#3328=ORIENTED_EDGE('',*,*,#2548,.T.);
#3329=ORIENTED_EDGE('',*,*,#2549,.T.);
#3330=ORIENTED_EDGE('',*,*,#2547,.F.);
#3331=ORIENTED_EDGE('',*,*,#2550,.T.);
#3332=ORIENTED_EDGE('',*,*,#2551,.F.);
#3333=ORIENTED_EDGE('',*,*,#2441,.F.);
#3334=ORIENTED_EDGE('',*,*,#2439,.T.);
#3335=ORIENTED_EDGE('',*,*,#2552,.T.);
#3336=ORIENTED_EDGE('',*,*,#2553,.T.);
#3337=ORIENTED_EDGE('',*,*,#2554,.F.);
#3338=ORIENTED_EDGE('',*,*,#2555,.T.);
#3339=ORIENTED_EDGE('',*,*,#2556,.F.);
#3340=ORIENTED_EDGE('',*,*,#2557,.F.);
#3341=ORIENTED_EDGE('',*,*,#2558,.T.);
#3342=ORIENTED_EDGE('',*,*,#2559,.T.);
#3343=ORIENTED_EDGE('',*,*,#2560,.F.);
#3344=ORIENTED_EDGE('',*,*,#2561,.T.);
#3345=ORIENTED_EDGE('',*,*,#2562,.F.);
#3346=ORIENTED_EDGE('',*,*,#2563,.F.);
#3347=ORIENTED_EDGE('',*,*,#2562,.T.);
#3348=ORIENTED_EDGE('',*,*,#2564,.T.);
#3349=ORIENTED_EDGE('',*,*,#2565,.F.);
#3350=ORIENTED_EDGE('',*,*,#2566,.T.);
#3351=ORIENTED_EDGE('',*,*,#2567,.F.);
#3352=ORIENTED_EDGE('',*,*,#2568,.F.);
#3353=ORIENTED_EDGE('',*,*,#2569,.T.);
#3354=ORIENTED_EDGE('',*,*,#2560,.T.);
#3355=ORIENTED_EDGE('',*,*,#2570,.T.);
#3356=ORIENTED_EDGE('',*,*,#2571,.F.);
#3357=ORIENTED_EDGE('',*,*,#2554,.T.);
#3358=ORIENTED_EDGE('',*,*,#2572,.T.);
#3359=ORIENTED_EDGE('',*,*,#2573,.F.);
#3360=ORIENTED_EDGE('',*,*,#2574,.T.);
#3361=ORIENTED_EDGE('',*,*,#2575,.F.);
#3362=ORIENTED_EDGE('',*,*,#2576,.T.);
#3363=ORIENTED_EDGE('',*,*,#2577,.T.);
#3364=ORIENTED_EDGE('',*,*,#2578,.T.);
#3365=ORIENTED_EDGE('',*,*,#2579,.T.);
#3366=ORIENTED_EDGE('',*,*,#2580,.F.);
#3367=ORIENTED_EDGE('',*,*,#2581,.T.);
#3368=ORIENTED_EDGE('',*,*,#2582,.T.);
#3369=ORIENTED_EDGE('',*,*,#2583,.T.);
#3370=ORIENTED_EDGE('',*,*,#2584,.T.);
#3371=ORIENTED_EDGE('',*,*,#2585,.F.);
#3372=ORIENTED_EDGE('',*,*,#2586,.T.);
#3373=ORIENTED_EDGE('',*,*,#2587,.T.);
#3374=ORIENTED_EDGE('',*,*,#2588,.F.);
#3375=ORIENTED_EDGE('',*,*,#2589,.T.);
#3376=ORIENTED_EDGE('',*,*,#2590,.F.);
#3377=ORIENTED_EDGE('',*,*,#2591,.F.);
#3378=ORIENTED_EDGE('',*,*,#2592,.T.);
#3379=ORIENTED_EDGE('',*,*,#2593,.T.);
#3380=ORIENTED_EDGE('',*,*,#2594,.T.);
#3381=ORIENTED_EDGE('',*,*,#2595,.T.);
#3382=ORIENTED_EDGE('',*,*,#2596,.F.);
#3383=ORIENTED_EDGE('',*,*,#2597,.F.);
#3384=ORIENTED_EDGE('',*,*,#2598,.T.);
#3385=ORIENTED_EDGE('',*,*,#2599,.T.);
#3386=ORIENTED_EDGE('',*,*,#2593,.F.);
#3387=ORIENTED_EDGE('',*,*,#2600,.T.);
#3388=ORIENTED_EDGE('',*,*,#2601,.F.);
#3389=ORIENTED_EDGE('',*,*,#2602,.F.);
#3390=ORIENTED_EDGE('',*,*,#2603,.T.);
#3391=ORIENTED_EDGE('',*,*,#2604,.F.);
#3392=ORIENTED_EDGE('',*,*,#2605,.F.);
#3393=ORIENTED_EDGE('',*,*,#2606,.T.);
#3394=ORIENTED_EDGE('',*,*,#2586,.F.);
#3395=ORIENTED_EDGE('',*,*,#2607,.T.);
#3396=ORIENTED_EDGE('',*,*,#2608,.F.);
#3397=ORIENTED_EDGE('',*,*,#2609,.T.);
#3398=ORIENTED_EDGE('',*,*,#2610,.F.);
#3399=ORIENTED_EDGE('',*,*,#2611,.F.);
#3400=ORIENTED_EDGE('',*,*,#2612,.F.);
#3401=ORIENTED_EDGE('',*,*,#2613,.T.);
#3402=ORIENTED_EDGE('',*,*,#2608,.T.);
#3403=ORIENTED_EDGE('',*,*,#2614,.T.);
#3404=ORIENTED_EDGE('',*,*,#2615,.F.);
#3405=ORIENTED_EDGE('',*,*,#2610,.T.);
#3406=ORIENTED_EDGE('',*,*,#2616,.T.);
#3407=ORIENTED_EDGE('',*,*,#2617,.F.);
#3408=ORIENTED_EDGE('',*,*,#2618,.T.);
#3409=ORIENTED_EDGE('',*,*,#2619,.F.);
#3410=ORIENTED_EDGE('',*,*,#2620,.T.);
#3411=ORIENTED_EDGE('',*,*,#2621,.T.);
#3412=ORIENTED_EDGE('',*,*,#2622,.T.);
#3413=ORIENTED_EDGE('',*,*,#2623,.T.);
#3414=ORIENTED_EDGE('',*,*,#2620,.F.);
#3415=ORIENTED_EDGE('',*,*,#2624,.F.);
#3416=ORIENTED_EDGE('',*,*,#2625,.F.);
#3417=ORIENTED_EDGE('',*,*,#2626,.T.);
#3418=ORIENTED_EDGE('',*,*,#2627,.F.);
#3419=ORIENTED_EDGE('',*,*,#2619,.T.);
#3420=ORIENTED_EDGE('',*,*,#2628,.F.);
#3421=ORIENTED_EDGE('',*,*,#2629,.F.);
#3422=ORIENTED_EDGE('',*,*,#2630,.F.);
#3423=ORIENTED_EDGE('',*,*,#2624,.T.);
#3424=ORIENTED_EDGE('',*,*,#2623,.F.);
#3425=ORIENTED_EDGE('',*,*,#2631,.T.);
#3426=ORIENTED_EDGE('',*,*,#2604,.T.);
#3427=ORIENTED_EDGE('',*,*,#2632,.F.);
#3428=ORIENTED_EDGE('',*,*,#2628,.T.);
#3429=ORIENTED_EDGE('',*,*,#2633,.T.);
#3430=ORIENTED_EDGE('',*,*,#2634,.T.);
#3431=ORIENTED_EDGE('',*,*,#2635,.T.);
#3432=ORIENTED_EDGE('',*,*,#2596,.T.);
#3433=ORIENTED_EDGE('',*,*,#2636,.F.);
#3434=ORIENTED_EDGE('',*,*,#2637,.F.);
#3435=ORIENTED_EDGE('',*,*,#2638,.F.);
#3436=ORIENTED_EDGE('',*,*,#2639,.F.);
#3437=ORIENTED_EDGE('',*,*,#2605,.T.);
#3438=ORIENTED_EDGE('',*,*,#2631,.F.);
#3439=ORIENTED_EDGE('',*,*,#2622,.F.);
#3440=ORIENTED_EDGE('',*,*,#2639,.T.);
#3441=ORIENTED_EDGE('',*,*,#2640,.T.);
#3442=ORIENTED_EDGE('',*,*,#2587,.F.);
#3443=ORIENTED_EDGE('',*,*,#2606,.F.);
#3444=ORIENTED_EDGE('',*,*,#2638,.T.);
#3445=ORIENTED_EDGE('',*,*,#2641,.F.);
#3446=ORIENTED_EDGE('',*,*,#2588,.T.);
#3447=ORIENTED_EDGE('',*,*,#2640,.F.);
#3448=ORIENTED_EDGE('',*,*,#2637,.T.);
#3449=ORIENTED_EDGE('',*,*,#2642,.F.);
#3450=ORIENTED_EDGE('',*,*,#2589,.F.);
#3451=ORIENTED_EDGE('',*,*,#2641,.T.);
#3452=ORIENTED_EDGE('',*,*,#2636,.T.);
#3453=ORIENTED_EDGE('',*,*,#2595,.F.);
#3454=ORIENTED_EDGE('',*,*,#2585,.T.);
#3455=ORIENTED_EDGE('',*,*,#2642,.T.);
#3456=ORIENTED_EDGE('',*,*,#2632,.T.);
#3457=ORIENTED_EDGE('',*,*,#2603,.F.);
#3458=ORIENTED_EDGE('',*,*,#2643,.F.);
#3459=ORIENTED_EDGE('',*,*,#2644,.T.);
#3460=ORIENTED_EDGE('',*,*,#2645,.F.);
#3461=ORIENTED_EDGE('',*,*,#2646,.T.);
#3462=ORIENTED_EDGE('',*,*,#2647,.F.);
#3463=ORIENTED_EDGE('',*,*,#2648,.T.);
#3464=ORIENTED_EDGE('',*,*,#2649,.F.);
#3465=ORIENTED_EDGE('',*,*,#2650,.F.);
#3466=ORIENTED_EDGE('',*,*,#2651,.F.);
#3467=ORIENTED_EDGE('',*,*,#2652,.F.);
#3468=ORIENTED_EDGE('',*,*,#2451,.F.);
#3469=ORIENTED_EDGE('',*,*,#2653,.F.);
#3470=ORIENTED_EDGE('',*,*,#2654,.F.);
#3471=ORIENTED_EDGE('',*,*,#2629,.T.);
#3472=ORIENTED_EDGE('',*,*,#2444,.F.);
#3473=ORIENTED_EDGE('',*,*,#2520,.T.);
#3474=ORIENTED_EDGE('',*,*,#2655,.F.);
#3475=ORIENTED_EDGE('',*,*,#2656,.F.);
#3476=ORIENTED_EDGE('',*,*,#2657,.F.);
#3477=ORIENTED_EDGE('',*,*,#2658,.F.);
#3478=ORIENTED_EDGE('',*,*,#2527,.F.);
#3479=ORIENTED_EDGE('',*,*,#2659,.F.);
#3480=ORIENTED_EDGE('',*,*,#2660,.T.);
#3481=ORIENTED_EDGE('',*,*,#2658,.T.);
#3482=ORIENTED_EDGE('',*,*,#2661,.T.);
#3483=ORIENTED_EDGE('',*,*,#2517,.F.);
#3484=ORIENTED_EDGE('',*,*,#2518,.F.);
#3485=ORIENTED_EDGE('',*,*,#2657,.T.);
#3486=ORIENTED_EDGE('',*,*,#2662,.T.);
#3487=ORIENTED_EDGE('',*,*,#2513,.T.);
#3488=ORIENTED_EDGE('',*,*,#2661,.F.);
#3489=ORIENTED_EDGE('',*,*,#2656,.T.);
#3490=ORIENTED_EDGE('',*,*,#2663,.T.);
#3491=ORIENTED_EDGE('',*,*,#2514,.T.);
#3492=ORIENTED_EDGE('',*,*,#2662,.F.);
#3493=ORIENTED_EDGE('',*,*,#2655,.T.);
#3494=ORIENTED_EDGE('',*,*,#2519,.F.);
#3495=ORIENTED_EDGE('',*,*,#2515,.F.);
#3496=ORIENTED_EDGE('',*,*,#2663,.F.);
#3497=ORIENTED_EDGE('',*,*,#2664,.F.);
#3498=ORIENTED_EDGE('',*,*,#2665,.T.);
#3499=ORIENTED_EDGE('',*,*,#2594,.F.);
#3500=ORIENTED_EDGE('',*,*,#2599,.F.);
#3501=ORIENTED_EDGE('',*,*,#2666,.T.);
#3502=ORIENTED_EDGE('',*,*,#2664,.T.);
#3503=ORIENTED_EDGE('',*,*,#2598,.F.);
#3504=ORIENTED_EDGE('',*,*,#2667,.F.);
#3505=ORIENTED_EDGE('',*,*,#2556,.T.);
#3506=ORIENTED_EDGE('',*,*,#2668,.F.);
#3507=ORIENTED_EDGE('',*,*,#2669,.F.);
#3508=ORIENTED_EDGE('',*,*,#2670,.F.);
#3509=ORIENTED_EDGE('',*,*,#2671,.T.);
#3510=ORIENTED_EDGE('',*,*,#2552,.F.);
#3511=ORIENTED_EDGE('',*,*,#2509,.T.);
#3512=ORIENTED_EDGE('',*,*,#2508,.F.);
#3513=ORIENTED_EDGE('',*,*,#2467,.F.);
#3514=ORIENTED_EDGE('',*,*,#2672,.F.);
#3515=ORIENTED_EDGE('',*,*,#2601,.T.);
#3516=ORIENTED_EDGE('',*,*,#2673,.T.);
#3517=ORIENTED_EDGE('',*,*,#2674,.T.);
#3518=ORIENTED_EDGE('',*,*,#2666,.F.);
#3519=ORIENTED_EDGE('',*,*,#2675,.T.);
#3520=ORIENTED_EDGE('',*,*,#2590,.T.);
#3521=ORIENTED_EDGE('',*,*,#2665,.F.);
#3522=ORIENTED_EDGE('',*,*,#2674,.F.);
#3523=ORIENTED_EDGE('',*,*,#2676,.F.);
#3524=ORIENTED_EDGE('',*,*,#2591,.T.);
#3525=ORIENTED_EDGE('',*,*,#2675,.F.);
#3526=ORIENTED_EDGE('',*,*,#2673,.F.);
#3527=ORIENTED_EDGE('',*,*,#2600,.F.);
#3528=ORIENTED_EDGE('',*,*,#2592,.F.);
#3529=ORIENTED_EDGE('',*,*,#2676,.T.);
#3530=ORIENTED_EDGE('',*,*,#2677,.T.);
#3531=ORIENTED_EDGE('',*,*,#2669,.T.);
#3532=ORIENTED_EDGE('',*,*,#2678,.F.);
#3533=ORIENTED_EDGE('',*,*,#2574,.F.);
#3534=ORIENTED_EDGE('',*,*,#2677,.F.);
#3535=ORIENTED_EDGE('',*,*,#2573,.T.);
#3536=ORIENTED_EDGE('',*,*,#2679,.T.);
#3537=ORIENTED_EDGE('',*,*,#2670,.T.);
#3538=ORIENTED_EDGE('',*,*,#2679,.F.);
#3539=ORIENTED_EDGE('',*,*,#2572,.F.);
#3540=ORIENTED_EDGE('',*,*,#2553,.F.);
#3541=ORIENTED_EDGE('',*,*,#2671,.F.);
#3542=ORIENTED_EDGE('',*,*,#2680,.F.);
#3543=ORIENTED_EDGE('',*,*,#2681,.F.);
#3544=ORIENTED_EDGE('',*,*,#2541,.F.);
#3545=ORIENTED_EDGE('',*,*,#2522,.F.);
#3546=ORIENTED_EDGE('',*,*,#2682,.T.);
#3547=ORIENTED_EDGE('',*,*,#2680,.T.);
#3548=ORIENTED_EDGE('',*,*,#2521,.F.);
#3549=ORIENTED_EDGE('',*,*,#2442,.F.);
#3550=ORIENTED_EDGE('',*,*,#2551,.T.);
#3551=ORIENTED_EDGE('',*,*,#2683,.F.);
#3552=ORIENTED_EDGE('',*,*,#2684,.F.);
#3553=ORIENTED_EDGE('',*,*,#2685,.F.);
#3554=ORIENTED_EDGE('',*,*,#2686,.T.);
#3555=ORIENTED_EDGE('',*,*,#2558,.F.);
#3556=ORIENTED_EDGE('',*,*,#2687,.F.);
#3557=ORIENTED_EDGE('',*,*,#2525,.T.);
#3558=ORIENTED_EDGE('',*,*,#2688,.T.);
#3559=ORIENTED_EDGE('',*,*,#2689,.T.);
#3560=ORIENTED_EDGE('',*,*,#2682,.F.);
#3561=ORIENTED_EDGE('',*,*,#2690,.F.);
#3562=ORIENTED_EDGE('',*,*,#2542,.T.);
#3563=ORIENTED_EDGE('',*,*,#2681,.T.);
#3564=ORIENTED_EDGE('',*,*,#2689,.F.);
#3565=ORIENTED_EDGE('',*,*,#2691,.F.);
#3566=ORIENTED_EDGE('',*,*,#2543,.F.);
#3567=ORIENTED_EDGE('',*,*,#2690,.T.);
#3568=ORIENTED_EDGE('',*,*,#2688,.F.);
#3569=ORIENTED_EDGE('',*,*,#2524,.F.);
#3570=ORIENTED_EDGE('',*,*,#2540,.T.);
#3571=ORIENTED_EDGE('',*,*,#2691,.T.);
#3572=ORIENTED_EDGE('',*,*,#2692,.T.);
#3573=ORIENTED_EDGE('',*,*,#2544,.T.);
#3574=ORIENTED_EDGE('',*,*,#2693,.T.);
#3575=ORIENTED_EDGE('',*,*,#2685,.T.);
#3576=ORIENTED_EDGE('',*,*,#2692,.F.);
#3577=ORIENTED_EDGE('',*,*,#2684,.T.);
#3578=ORIENTED_EDGE('',*,*,#2694,.T.);
#3579=ORIENTED_EDGE('',*,*,#2545,.T.);
#3580=ORIENTED_EDGE('',*,*,#2693,.F.);
#3581=ORIENTED_EDGE('',*,*,#2548,.F.);
#3582=ORIENTED_EDGE('',*,*,#2549,.F.);
#3583=ORIENTED_EDGE('',*,*,#2686,.F.);
#3584=ORIENTED_EDGE('',*,*,#2695,.T.);
#3585=ORIENTED_EDGE('',*,*,#2696,.T.);
#3586=ORIENTED_EDGE('',*,*,#2697,.T.);
#3587=ORIENTED_EDGE('',*,*,#2698,.T.);
#3588=ORIENTED_EDGE('',*,*,#2696,.F.);
#3589=ORIENTED_EDGE('',*,*,#2699,.T.);
#3590=ORIENTED_EDGE('',*,*,#2700,.F.);
#3591=ORIENTED_EDGE('',*,*,#2701,.F.);
#3592=ORIENTED_EDGE('',*,*,#2702,.T.);
#3593=ORIENTED_EDGE('',*,*,#2703,.T.);
#3594=ORIENTED_EDGE('',*,*,#2704,.T.);
#3595=ORIENTED_EDGE('',*,*,#2705,.T.);
#3596=ORIENTED_EDGE('',*,*,#2703,.F.);
#3597=ORIENTED_EDGE('',*,*,#2706,.F.);
#3598=ORIENTED_EDGE('',*,*,#2707,.T.);
#3599=ORIENTED_EDGE('',*,*,#2708,.T.);
#3600=ORIENTED_EDGE('',*,*,#2709,.T.);
#3601=ORIENTED_EDGE('',*,*,#2710,.T.);
#3602=ORIENTED_EDGE('',*,*,#2711,.T.);
#3603=ORIENTED_EDGE('',*,*,#2712,.T.);
#3604=ORIENTED_EDGE('',*,*,#2713,.T.);
#3605=ORIENTED_EDGE('',*,*,#2714,.T.);
#3606=ORIENTED_EDGE('',*,*,#2711,.F.);
#3607=ORIENTED_EDGE('',*,*,#2715,.T.);
#3608=ORIENTED_EDGE('',*,*,#2716,.T.);
#3609=ORIENTED_EDGE('',*,*,#2717,.T.);
#3610=ORIENTED_EDGE('',*,*,#2713,.F.);
#3611=ORIENTED_EDGE('',*,*,#2718,.T.);
#3612=ORIENTED_EDGE('',*,*,#2709,.F.);
#3613=ORIENTED_EDGE('',*,*,#2719,.T.);
#3614=ORIENTED_EDGE('',*,*,#2720,.T.);
#3615=ORIENTED_EDGE('',*,*,#2721,.T.);
#3616=ORIENTED_EDGE('',*,*,#2722,.T.);
#3617=ORIENTED_EDGE('',*,*,#2723,.T.);
#3618=ORIENTED_EDGE('',*,*,#2720,.F.);
#3619=ORIENTED_EDGE('',*,*,#2724,.T.);
#3620=ORIENTED_EDGE('',*,*,#2712,.F.);
#3621=ORIENTED_EDGE('',*,*,#2725,.F.);
#3622=ORIENTED_EDGE('',*,*,#2726,.F.);
#3623=ORIENTED_EDGE('',*,*,#2727,.F.);
#3624=ORIENTED_EDGE('',*,*,#2728,.F.);
#3625=ORIENTED_EDGE('',*,*,#2714,.F.);
#3626=ORIENTED_EDGE('',*,*,#2729,.T.);
#3627=ORIENTED_EDGE('',*,*,#2730,.T.);
#3628=ORIENTED_EDGE('',*,*,#2725,.T.);
#3629=ORIENTED_EDGE('',*,*,#2717,.F.);
#3630=ORIENTED_EDGE('',*,*,#2731,.F.);
#3631=ORIENTED_EDGE('',*,*,#2732,.F.);
#3632=ORIENTED_EDGE('',*,*,#2733,.F.);
#3633=ORIENTED_EDGE('',*,*,#2734,.F.);
#3634=ORIENTED_EDGE('',*,*,#2735,.F.);
#3635=ORIENTED_EDGE('',*,*,#2736,.F.);
#3636=ORIENTED_EDGE('',*,*,#2737,.F.);
#3637=ORIENTED_EDGE('',*,*,#2738,.F.);
#3638=ORIENTED_EDGE('',*,*,#2739,.F.);
#3639=ORIENTED_EDGE('',*,*,#2740,.F.);
#3640=ORIENTED_EDGE('',*,*,#2741,.F.);
#3641=ORIENTED_EDGE('',*,*,#2742,.F.);
#3642=ORIENTED_EDGE('',*,*,#2743,.F.);
#3643=ORIENTED_EDGE('',*,*,#2744,.F.);
#3644=ORIENTED_EDGE('',*,*,#2745,.F.);
#3645=ORIENTED_EDGE('',*,*,#2746,.F.);
#3646=ORIENTED_EDGE('',*,*,#2747,.F.);
#3647=ORIENTED_EDGE('',*,*,#2748,.F.);
#3648=ORIENTED_EDGE('',*,*,#2729,.F.);
#3649=ORIENTED_EDGE('',*,*,#2749,.T.);
#3650=ORIENTED_EDGE('',*,*,#2659,.T.);
#3651=ORIENTED_EDGE('',*,*,#2526,.T.);
#3652=ORIENTED_EDGE('',*,*,#2687,.T.);
#3653=ORIENTED_EDGE('',*,*,#2557,.T.);
#3654=ORIENTED_EDGE('',*,*,#2667,.T.);
#3655=ORIENTED_EDGE('',*,*,#2597,.T.);
#3656=ORIENTED_EDGE('',*,*,#2635,.F.);
#3657=ORIENTED_EDGE('',*,*,#2750,.T.);
#3658=ORIENTED_EDGE('',*,*,#2751,.F.);
#3659=ORIENTED_EDGE('',*,*,#2752,.T.);
#3660=ORIENTED_EDGE('',*,*,#2753,.F.);
#3661=ORIENTED_EDGE('',*,*,#2718,.F.);
#3662=ORIENTED_EDGE('',*,*,#2715,.F.);
#3663=ORIENTED_EDGE('',*,*,#2710,.F.);
#3664=ORIENTED_EDGE('',*,*,#2721,.F.);
#3665=ORIENTED_EDGE('',*,*,#2723,.F.);
#3666=ORIENTED_EDGE('',*,*,#2754,.F.);
#3667=ORIENTED_EDGE('',*,*,#2755,.T.);
#3668=ORIENTED_EDGE('',*,*,#2756,.F.);
#3669=ORIENTED_EDGE('',*,*,#2757,.T.);
#3670=ORIENTED_EDGE('',*,*,#2758,.F.);
#3671=ORIENTED_EDGE('',*,*,#2759,.T.);
#3672=ORIENTED_EDGE('',*,*,#2760,.F.);
#3673=ORIENTED_EDGE('',*,*,#2704,.F.);
#3674=ORIENTED_EDGE('',*,*,#2708,.F.);
#3675=ORIENTED_EDGE('',*,*,#2761,.F.);
#3676=ORIENTED_EDGE('',*,*,#2762,.F.);
#3677=ORIENTED_EDGE('',*,*,#2763,.T.);
#3678=ORIENTED_EDGE('',*,*,#2764,.T.);
#3679=ORIENTED_EDGE('',*,*,#2765,.T.);
#3680=ORIENTED_EDGE('',*,*,#2766,.T.);
#3681=ORIENTED_EDGE('',*,*,#2767,.T.);
#3682=ORIENTED_EDGE('',*,*,#2768,.T.);
#3683=ORIENTED_EDGE('',*,*,#2763,.F.);
#3684=ORIENTED_EDGE('',*,*,#2769,.T.);
#3685=ORIENTED_EDGE('',*,*,#2770,.T.);
#3686=ORIENTED_EDGE('',*,*,#2771,.T.);
#3687=ORIENTED_EDGE('',*,*,#2767,.F.);
#3688=ORIENTED_EDGE('',*,*,#2732,.T.);
#3689=ORIENTED_EDGE('',*,*,#2772,.T.);
#3690=ORIENTED_EDGE('',*,*,#2773,.T.);
#3691=ORIENTED_EDGE('',*,*,#2765,.F.);
#3692=ORIENTED_EDGE('',*,*,#2774,.T.);
#3693=ORIENTED_EDGE('',*,*,#2775,.F.);
#3694=ORIENTED_EDGE('',*,*,#2776,.T.);
#3695=ORIENTED_EDGE('',*,*,#2772,.F.);
#3696=ORIENTED_EDGE('',*,*,#2777,.T.);
#3697=ORIENTED_EDGE('',*,*,#2773,.F.);
#3698=ORIENTED_EDGE('',*,*,#2778,.T.);
#3699=ORIENTED_EDGE('',*,*,#2779,.T.);
#3700=ORIENTED_EDGE('',*,*,#2780,.T.);
#3701=ORIENTED_EDGE('',*,*,#2776,.F.);
#3702=ORIENTED_EDGE('',*,*,#2781,.F.);
#3703=ORIENTED_EDGE('',*,*,#2782,.T.);
#3704=ORIENTED_EDGE('',*,*,#2783,.F.);
#3705=ORIENTED_EDGE('',*,*,#2784,.T.);
#3706=ORIENTED_EDGE('',*,*,#2778,.F.);
#3707=ORIENTED_EDGE('',*,*,#2785,.T.);
#3708=ORIENTED_EDGE('',*,*,#2786,.F.);
#3709=ORIENTED_EDGE('',*,*,#2787,.F.);
#3710=ORIENTED_EDGE('',*,*,#2782,.F.);
#3711=ORIENTED_EDGE('',*,*,#2777,.F.);
#3712=ORIENTED_EDGE('',*,*,#2774,.F.);
#3713=ORIENTED_EDGE('',*,*,#2764,.F.);
#3714=ORIENTED_EDGE('',*,*,#2768,.F.);
#3715=ORIENTED_EDGE('',*,*,#2771,.F.);
#3716=ORIENTED_EDGE('',*,*,#2788,.T.);
#3717=ORIENTED_EDGE('',*,*,#2789,.T.);
#3718=ORIENTED_EDGE('',*,*,#2706,.T.);
#3719=ORIENTED_EDGE('',*,*,#2702,.F.);
#3720=ORIENTED_EDGE('',*,*,#2790,.F.);
#3721=ORIENTED_EDGE('',*,*,#2791,.F.);
#3722=ORIENTED_EDGE('',*,*,#2792,.F.);
#3723=ORIENTED_EDGE('',*,*,#2793,.T.);
#3724=ORIENTED_EDGE('',*,*,#2794,.F.);
#3725=ORIENTED_EDGE('',*,*,#2795,.T.);
#3726=ORIENTED_EDGE('',*,*,#2796,.F.);
#3727=ORIENTED_EDGE('',*,*,#2797,.T.);
#3728=ORIENTED_EDGE('',*,*,#2798,.T.);
#3729=ORIENTED_EDGE('',*,*,#2799,.T.);
#3730=ORIENTED_EDGE('',*,*,#2800,.T.);
#3731=ORIENTED_EDGE('',*,*,#2801,.T.);
#3732=ORIENTED_EDGE('',*,*,#2802,.T.);
#3733=ORIENTED_EDGE('',*,*,#2797,.F.);
#3734=ORIENTED_EDGE('',*,*,#2803,.T.);
#3735=ORIENTED_EDGE('',*,*,#2804,.T.);
#3736=ORIENTED_EDGE('',*,*,#2805,.T.);
#3737=ORIENTED_EDGE('',*,*,#2801,.F.);
#3738=ORIENTED_EDGE('',*,*,#2742,.T.);
#3739=ORIENTED_EDGE('',*,*,#2806,.T.);
#3740=ORIENTED_EDGE('',*,*,#2807,.T.);
#3741=ORIENTED_EDGE('',*,*,#2799,.F.);
#3742=ORIENTED_EDGE('',*,*,#2808,.T.);
#3743=ORIENTED_EDGE('',*,*,#2809,.F.);
#3744=ORIENTED_EDGE('',*,*,#2810,.T.);
#3745=ORIENTED_EDGE('',*,*,#2806,.F.);
#3746=ORIENTED_EDGE('',*,*,#2811,.T.);
#3747=ORIENTED_EDGE('',*,*,#2807,.F.);
#3748=ORIENTED_EDGE('',*,*,#2812,.T.);
#3749=ORIENTED_EDGE('',*,*,#2813,.T.);
#3750=ORIENTED_EDGE('',*,*,#2814,.T.);
#3751=ORIENTED_EDGE('',*,*,#2810,.F.);
#3752=ORIENTED_EDGE('',*,*,#2815,.F.);
#3753=ORIENTED_EDGE('',*,*,#2816,.T.);
#3754=ORIENTED_EDGE('',*,*,#2817,.F.);
#3755=ORIENTED_EDGE('',*,*,#2818,.T.);
#3756=ORIENTED_EDGE('',*,*,#2812,.F.);
#3757=ORIENTED_EDGE('',*,*,#2819,.T.);
#3758=ORIENTED_EDGE('',*,*,#2820,.F.);
#3759=ORIENTED_EDGE('',*,*,#2821,.F.);
#3760=ORIENTED_EDGE('',*,*,#2816,.F.);
#3761=ORIENTED_EDGE('',*,*,#2811,.F.);
#3762=ORIENTED_EDGE('',*,*,#2808,.F.);
#3763=ORIENTED_EDGE('',*,*,#2798,.F.);
#3764=ORIENTED_EDGE('',*,*,#2802,.F.);
#3765=ORIENTED_EDGE('',*,*,#2805,.F.);
#3766=ORIENTED_EDGE('',*,*,#2822,.T.);
#3767=ORIENTED_EDGE('',*,*,#2823,.F.);
#3768=ORIENTED_EDGE('',*,*,#2699,.F.);
#3769=ORIENTED_EDGE('',*,*,#2695,.F.);
#3770=ORIENTED_EDGE('',*,*,#2824,.F.);
#3771=ORIENTED_EDGE('',*,*,#2825,.F.);
#3772=ORIENTED_EDGE('',*,*,#2826,.F.);
#3773=ORIENTED_EDGE('',*,*,#2827,.T.);
#3774=ORIENTED_EDGE('',*,*,#2828,.F.);
#3775=ORIENTED_EDGE('',*,*,#2829,.T.);
#3776=ORIENTED_EDGE('',*,*,#2830,.F.);
#3777=ORIENTED_EDGE('',*,*,#2831,.T.);
#3778=ORIENTED_EDGE('',*,*,#2832,.T.);
#3779=ORIENTED_EDGE('',*,*,#2833,.T.);
#3780=ORIENTED_EDGE('',*,*,#2834,.T.);
#3781=ORIENTED_EDGE('',*,*,#2835,.T.);
#3782=ORIENTED_EDGE('',*,*,#2836,.T.);
#3783=ORIENTED_EDGE('',*,*,#2831,.F.);
#3784=ORIENTED_EDGE('',*,*,#2837,.T.);
#3785=ORIENTED_EDGE('',*,*,#2838,.T.);
#3786=ORIENTED_EDGE('',*,*,#2740,.T.);
#3787=ORIENTED_EDGE('',*,*,#2835,.F.);
#3788=ORIENTED_EDGE('',*,*,#2839,.T.);
#3789=ORIENTED_EDGE('',*,*,#2833,.F.);
#3790=ORIENTED_EDGE('',*,*,#2840,.T.);
#3791=ORIENTED_EDGE('',*,*,#2841,.T.);
#3792=ORIENTED_EDGE('',*,*,#2842,.T.);
#3793=ORIENTED_EDGE('',*,*,#2843,.T.);
#3794=ORIENTED_EDGE('',*,*,#2844,.T.);
#3795=ORIENTED_EDGE('',*,*,#2841,.F.);
#3796=ORIENTED_EDGE('',*,*,#2845,.T.);
#3797=ORIENTED_EDGE('',*,*,#2832,.F.);
#3798=ORIENTED_EDGE('',*,*,#2846,.T.);
#3799=ORIENTED_EDGE('',*,*,#2847,.F.);
#3800=ORIENTED_EDGE('',*,*,#2848,.F.);
#3801=ORIENTED_EDGE('',*,*,#2849,.F.);
#3802=ORIENTED_EDGE('',*,*,#2836,.F.);
#3803=ORIENTED_EDGE('',*,*,#2739,.T.);
#3804=ORIENTED_EDGE('',*,*,#2850,.F.);
#3805=ORIENTED_EDGE('',*,*,#2846,.F.);
#3806=ORIENTED_EDGE('',*,*,#2839,.F.);
#3807=ORIENTED_EDGE('',*,*,#2837,.F.);
#3808=ORIENTED_EDGE('',*,*,#2834,.F.);
#3809=ORIENTED_EDGE('',*,*,#2842,.F.);
#3810=ORIENTED_EDGE('',*,*,#2844,.F.);
#3811=ORIENTED_EDGE('',*,*,#2851,.F.);
#3812=ORIENTED_EDGE('',*,*,#2852,.T.);
#3813=ORIENTED_EDGE('',*,*,#2853,.F.);
#3814=ORIENTED_EDGE('',*,*,#2854,.T.);
#3815=ORIENTED_EDGE('',*,*,#2855,.F.);
#3816=ORIENTED_EDGE('',*,*,#2856,.T.);
#3817=ORIENTED_EDGE('',*,*,#2857,.F.);
#3818=ORIENTED_EDGE('',*,*,#2697,.F.);
#3819=ORIENTED_EDGE('',*,*,#2701,.T.);
#3820=ORIENTED_EDGE('',*,*,#2858,.T.);
#3821=ORIENTED_EDGE('',*,*,#2859,.F.);
#3822=ORIENTED_EDGE('',*,*,#2859,.T.);
#3823=ORIENTED_EDGE('',*,*,#2860,.T.);
#3824=ORIENTED_EDGE('',*,*,#2822,.F.);
#3825=ORIENTED_EDGE('',*,*,#2804,.F.);
#3826=ORIENTED_EDGE('',*,*,#2741,.T.);
#3827=ORIENTED_EDGE('',*,*,#2838,.F.);
#3828=ORIENTED_EDGE('',*,*,#2803,.F.);
#3829=ORIENTED_EDGE('',*,*,#2861,.T.);
#3830=ORIENTED_EDGE('',*,*,#2862,.F.);
#3831=ORIENTED_EDGE('',*,*,#2743,.T.);
#3832=ORIENTED_EDGE('',*,*,#2762,.T.);
#3833=ORIENTED_EDGE('',*,*,#2863,.T.);
#3834=ORIENTED_EDGE('',*,*,#2788,.F.);
#3835=ORIENTED_EDGE('',*,*,#2770,.F.);
#3836=ORIENTED_EDGE('',*,*,#2731,.T.);
#3837=ORIENTED_EDGE('',*,*,#2716,.F.);
#3838=ORIENTED_EDGE('',*,*,#2769,.F.);
#3839=ORIENTED_EDGE('',*,*,#2864,.T.);
#3840=ORIENTED_EDGE('',*,*,#2865,.F.);
#3841=ORIENTED_EDGE('',*,*,#2733,.T.);
#3842=ORIENTED_EDGE('',*,*,#2866,.T.);
#3843=ORIENTED_EDGE('',*,*,#2847,.T.);
#3844=ORIENTED_EDGE('',*,*,#2850,.T.);
#3845=ORIENTED_EDGE('',*,*,#2867,.T.);
#3846=ORIENTED_EDGE('',*,*,#2868,.T.);
#3847=ORIENTED_EDGE('',*,*,#2848,.T.);
#3848=ORIENTED_EDGE('',*,*,#2866,.F.);
#3849=ORIENTED_EDGE('',*,*,#2869,.T.);
#3850=ORIENTED_EDGE('',*,*,#2840,.F.);
#3851=ORIENTED_EDGE('',*,*,#2849,.T.);
#3852=ORIENTED_EDGE('',*,*,#2868,.F.);
#3853=ORIENTED_EDGE('',*,*,#2870,.T.);
#3854=ORIENTED_EDGE('',*,*,#2871,.T.);
#3855=ORIENTED_EDGE('',*,*,#2872,.T.);
#3856=ORIENTED_EDGE('',*,*,#2813,.F.);
#3857=ORIENTED_EDGE('',*,*,#2873,.T.);
#3858=ORIENTED_EDGE('',*,*,#2862,.T.);
#3859=ORIENTED_EDGE('',*,*,#2874,.T.);
#3860=ORIENTED_EDGE('',*,*,#2871,.F.);
#3861=ORIENTED_EDGE('',*,*,#2875,.T.);
#3862=ORIENTED_EDGE('',*,*,#2800,.F.);
#3863=ORIENTED_EDGE('',*,*,#2814,.F.);
#3864=ORIENTED_EDGE('',*,*,#2872,.F.);
#3865=ORIENTED_EDGE('',*,*,#2874,.F.);
#3866=ORIENTED_EDGE('',*,*,#2861,.F.);
#3867=ORIENTED_EDGE('',*,*,#2876,.T.);
#3868=ORIENTED_EDGE('',*,*,#2877,.T.);
#3869=ORIENTED_EDGE('',*,*,#2779,.F.);
#3870=ORIENTED_EDGE('',*,*,#2878,.T.);
#3871=ORIENTED_EDGE('',*,*,#2865,.T.);
#3872=ORIENTED_EDGE('',*,*,#2879,.T.);
#3873=ORIENTED_EDGE('',*,*,#2876,.F.);
#3874=ORIENTED_EDGE('',*,*,#2880,.T.);
#3875=ORIENTED_EDGE('',*,*,#2881,.T.);
#3876=ORIENTED_EDGE('',*,*,#2726,.T.);
#3877=ORIENTED_EDGE('',*,*,#2730,.F.);
#3878=ORIENTED_EDGE('',*,*,#2882,.T.);
#3879=ORIENTED_EDGE('',*,*,#2883,.T.);
#3880=ORIENTED_EDGE('',*,*,#2727,.T.);
#3881=ORIENTED_EDGE('',*,*,#2881,.F.);
#3882=ORIENTED_EDGE('',*,*,#2884,.T.);
#3883=ORIENTED_EDGE('',*,*,#2719,.F.);
#3884=ORIENTED_EDGE('',*,*,#2728,.T.);
#3885=ORIENTED_EDGE('',*,*,#2883,.F.);
#3886=ORIENTED_EDGE('',*,*,#2885,.T.);
#3887=ORIENTED_EDGE('',*,*,#2863,.F.);
#3888=ORIENTED_EDGE('',*,*,#2761,.T.);
#3889=ORIENTED_EDGE('',*,*,#2707,.F.);
#3890=ORIENTED_EDGE('',*,*,#2789,.F.);
#3891=ORIENTED_EDGE('',*,*,#2766,.F.);
#3892=ORIENTED_EDGE('',*,*,#2780,.F.);
#3893=ORIENTED_EDGE('',*,*,#2877,.F.);
#3894=ORIENTED_EDGE('',*,*,#2879,.F.);
#3895=ORIENTED_EDGE('',*,*,#2864,.F.);
#3896=ORIENTED_EDGE('',*,*,#2698,.F.);
#3897=ORIENTED_EDGE('',*,*,#2857,.T.);
#3898=ORIENTED_EDGE('',*,*,#2886,.T.);
#3899=ORIENTED_EDGE('',*,*,#2824,.T.);
#3900=ORIENTED_EDGE('',*,*,#2705,.F.);
#3901=ORIENTED_EDGE('',*,*,#2760,.T.);
#3902=ORIENTED_EDGE('',*,*,#2887,.T.);
#3903=ORIENTED_EDGE('',*,*,#2790,.T.);
#3904=ORIENTED_EDGE('',*,*,#2792,.T.);
#3905=ORIENTED_EDGE('',*,*,#2888,.T.);
#3906=ORIENTED_EDGE('',*,*,#2758,.T.);
#3907=ORIENTED_EDGE('',*,*,#2889,.T.);
#3908=ORIENTED_EDGE('',*,*,#2890,.F.);
#3909=ORIENTED_EDGE('',*,*,#2891,.F.);
#3910=ORIENTED_EDGE('',*,*,#2892,.F.);
#3911=ORIENTED_EDGE('',*,*,#2893,.F.);
#3912=ORIENTED_EDGE('',*,*,#2894,.F.);
#3913=ORIENTED_EDGE('',*,*,#2895,.F.);
#3914=ORIENTED_EDGE('',*,*,#2896,.F.);
#3915=ORIENTED_EDGE('',*,*,#2897,.F.);
#3916=ORIENTED_EDGE('',*,*,#2898,.F.);
#3917=ORIENTED_EDGE('',*,*,#2899,.F.);
#3918=ORIENTED_EDGE('',*,*,#2900,.F.);
#3919=ORIENTED_EDGE('',*,*,#2901,.F.);
#3920=ORIENTED_EDGE('',*,*,#2902,.F.);
#3921=ORIENTED_EDGE('',*,*,#2903,.F.);
#3922=ORIENTED_EDGE('',*,*,#2904,.F.);
#3923=ORIENTED_EDGE('',*,*,#2905,.F.);
#3924=ORIENTED_EDGE('',*,*,#2856,.F.);
#3925=ORIENTED_EDGE('',*,*,#2906,.F.);
#3926=ORIENTED_EDGE('',*,*,#2825,.T.);
#3927=ORIENTED_EDGE('',*,*,#2886,.F.);
#3928=ORIENTED_EDGE('',*,*,#2759,.F.);
#3929=ORIENTED_EDGE('',*,*,#2888,.F.);
#3930=ORIENTED_EDGE('',*,*,#2791,.T.);
#3931=ORIENTED_EDGE('',*,*,#2887,.F.);
#3932=ORIENTED_EDGE('',*,*,#2855,.T.);
#3933=ORIENTED_EDGE('',*,*,#2907,.T.);
#3934=ORIENTED_EDGE('',*,*,#2826,.T.);
#3935=ORIENTED_EDGE('',*,*,#2906,.T.);
#3936=ORIENTED_EDGE('',*,*,#2907,.F.);
#3937=ORIENTED_EDGE('',*,*,#2854,.F.);
#3938=ORIENTED_EDGE('',*,*,#2908,.F.);
#3939=ORIENTED_EDGE('',*,*,#2827,.F.);
#3940=ORIENTED_EDGE('',*,*,#2830,.T.);
#3941=ORIENTED_EDGE('',*,*,#2909,.T.);
#3942=ORIENTED_EDGE('',*,*,#2851,.T.);
#3943=ORIENTED_EDGE('',*,*,#2843,.F.);
#3944=ORIENTED_EDGE('',*,*,#2910,.T.);
#3945=ORIENTED_EDGE('',*,*,#2819,.F.);
#3946=ORIENTED_EDGE('',*,*,#2815,.T.);
#3947=ORIENTED_EDGE('',*,*,#2809,.T.);
#3948=ORIENTED_EDGE('',*,*,#2909,.F.);
#3949=ORIENTED_EDGE('',*,*,#2829,.F.);
#3950=ORIENTED_EDGE('',*,*,#2911,.F.);
#3951=ORIENTED_EDGE('',*,*,#2852,.F.);
#3952=ORIENTED_EDGE('',*,*,#2828,.T.);
#3953=ORIENTED_EDGE('',*,*,#2908,.T.);
#3954=ORIENTED_EDGE('',*,*,#2853,.T.);
#3955=ORIENTED_EDGE('',*,*,#2911,.T.);
#3956=ORIENTED_EDGE('',*,*,#2796,.T.);
#3957=ORIENTED_EDGE('',*,*,#2912,.T.);
#3958=ORIENTED_EDGE('',*,*,#2754,.T.);
#3959=ORIENTED_EDGE('',*,*,#2722,.F.);
#3960=ORIENTED_EDGE('',*,*,#2913,.T.);
#3961=ORIENTED_EDGE('',*,*,#2785,.F.);
#3962=ORIENTED_EDGE('',*,*,#2781,.T.);
#3963=ORIENTED_EDGE('',*,*,#2775,.T.);
#3964=ORIENTED_EDGE('',*,*,#2912,.F.);
#3965=ORIENTED_EDGE('',*,*,#2795,.F.);
#3966=ORIENTED_EDGE('',*,*,#2914,.F.);
#3967=ORIENTED_EDGE('',*,*,#2755,.F.);
#3968=ORIENTED_EDGE('',*,*,#2756,.T.);
#3969=ORIENTED_EDGE('',*,*,#2914,.T.);
#3970=ORIENTED_EDGE('',*,*,#2794,.T.);
#3971=ORIENTED_EDGE('',*,*,#2915,.T.);
#3972=ORIENTED_EDGE('',*,*,#2889,.F.);
#3973=ORIENTED_EDGE('',*,*,#2757,.F.);
#3974=ORIENTED_EDGE('',*,*,#2915,.F.);
#3975=ORIENTED_EDGE('',*,*,#2793,.F.);
#3976=ORIENTED_EDGE('',*,*,#2916,.T.);
#3977=ORIENTED_EDGE('',*,*,#2917,.T.);
#3978=ORIENTED_EDGE('',*,*,#2918,.T.);
#3979=ORIENTED_EDGE('',*,*,#2890,.T.);
#3980=ORIENTED_EDGE('',*,*,#2919,.T.);
#3981=ORIENTED_EDGE('',*,*,#2920,.T.);
#3982=ORIENTED_EDGE('',*,*,#2916,.F.);
#3983=ORIENTED_EDGE('',*,*,#2905,.T.);
#3984=ORIENTED_EDGE('',*,*,#2921,.T.);
#3985=ORIENTED_EDGE('',*,*,#2922,.T.);
#3986=ORIENTED_EDGE('',*,*,#2919,.F.);
#3987=ORIENTED_EDGE('',*,*,#2904,.T.);
#3988=ORIENTED_EDGE('',*,*,#2923,.T.);
#3989=ORIENTED_EDGE('',*,*,#2924,.T.);
#3990=ORIENTED_EDGE('',*,*,#2921,.F.);
#3991=ORIENTED_EDGE('',*,*,#2903,.T.);
#3992=ORIENTED_EDGE('',*,*,#2925,.T.);
#3993=ORIENTED_EDGE('',*,*,#2787,.T.);
#3994=ORIENTED_EDGE('',*,*,#2923,.F.);
#3995=ORIENTED_EDGE('',*,*,#2902,.T.);
#3996=ORIENTED_EDGE('',*,*,#2926,.T.);
#3997=ORIENTED_EDGE('',*,*,#2783,.T.);
#3998=ORIENTED_EDGE('',*,*,#2925,.F.);
#3999=ORIENTED_EDGE('',*,*,#2901,.T.);
#4000=ORIENTED_EDGE('',*,*,#2927,.T.);
#4001=ORIENTED_EDGE('',*,*,#2928,.T.);
#4002=ORIENTED_EDGE('',*,*,#2926,.F.);
#4003=ORIENTED_EDGE('',*,*,#2900,.T.);
#4004=ORIENTED_EDGE('',*,*,#2929,.T.);
#4005=ORIENTED_EDGE('',*,*,#2930,.T.);
#4006=ORIENTED_EDGE('',*,*,#2927,.F.);
#4007=ORIENTED_EDGE('',*,*,#2899,.T.);
#4008=ORIENTED_EDGE('',*,*,#2931,.T.);
#4009=ORIENTED_EDGE('',*,*,#2932,.T.);
#4010=ORIENTED_EDGE('',*,*,#2929,.F.);
#4011=ORIENTED_EDGE('',*,*,#2898,.T.);
#4012=ORIENTED_EDGE('',*,*,#2933,.T.);
#4013=ORIENTED_EDGE('',*,*,#2934,.T.);
#4014=ORIENTED_EDGE('',*,*,#2931,.F.);
#4015=ORIENTED_EDGE('',*,*,#2897,.T.);
#4016=ORIENTED_EDGE('',*,*,#2935,.T.);
#4017=ORIENTED_EDGE('',*,*,#2936,.T.);
#4018=ORIENTED_EDGE('',*,*,#2933,.F.);
#4019=ORIENTED_EDGE('',*,*,#2896,.T.);
#4020=ORIENTED_EDGE('',*,*,#2937,.T.);
#4021=ORIENTED_EDGE('',*,*,#2938,.T.);
#4022=ORIENTED_EDGE('',*,*,#2935,.F.);
#4023=ORIENTED_EDGE('',*,*,#2895,.T.);
#4024=ORIENTED_EDGE('',*,*,#2939,.T.);
#4025=ORIENTED_EDGE('',*,*,#2821,.T.);
#4026=ORIENTED_EDGE('',*,*,#2937,.F.);
#4027=ORIENTED_EDGE('',*,*,#2894,.T.);
#4028=ORIENTED_EDGE('',*,*,#2940,.T.);
#4029=ORIENTED_EDGE('',*,*,#2817,.T.);
#4030=ORIENTED_EDGE('',*,*,#2939,.F.);
#4031=ORIENTED_EDGE('',*,*,#2893,.T.);
#4032=ORIENTED_EDGE('',*,*,#2941,.T.);
#4033=ORIENTED_EDGE('',*,*,#2942,.T.);
#4034=ORIENTED_EDGE('',*,*,#2940,.F.);
#4035=ORIENTED_EDGE('',*,*,#2892,.T.);
#4036=ORIENTED_EDGE('',*,*,#2918,.F.);
#4037=ORIENTED_EDGE('',*,*,#2943,.T.);
#4038=ORIENTED_EDGE('',*,*,#2941,.F.);
#4039=ORIENTED_EDGE('',*,*,#2891,.T.);
#4040=ORIENTED_EDGE('',*,*,#2934,.F.);
#4041=ORIENTED_EDGE('',*,*,#2944,.T.);
#4042=ORIENTED_EDGE('',*,*,#2945,.F.);
#4043=ORIENTED_EDGE('',*,*,#2946,.T.);
#4044=ORIENTED_EDGE('',*,*,#2869,.F.);
#4045=ORIENTED_EDGE('',*,*,#2947,.F.);
#4046=ORIENTED_EDGE('',*,*,#2944,.F.);
#4047=ORIENTED_EDGE('',*,*,#2936,.F.);
#4048=ORIENTED_EDGE('',*,*,#2948,.F.);
#4049=ORIENTED_EDGE('',*,*,#2845,.F.);
#4050=ORIENTED_EDGE('',*,*,#2870,.F.);
#4051=ORIENTED_EDGE('',*,*,#2948,.T.);
#4052=ORIENTED_EDGE('',*,*,#2938,.F.);
#4053=ORIENTED_EDGE('',*,*,#2820,.T.);
#4054=ORIENTED_EDGE('',*,*,#2910,.F.);
#4055=ORIENTED_EDGE('',*,*,#2873,.F.);
#4056=ORIENTED_EDGE('',*,*,#2818,.F.);
#4057=ORIENTED_EDGE('',*,*,#2942,.F.);
#4058=ORIENTED_EDGE('',*,*,#2949,.F.);
#4059=ORIENTED_EDGE('',*,*,#2950,.F.);
#4060=ORIENTED_EDGE('',*,*,#2943,.F.);
#4061=ORIENTED_EDGE('',*,*,#2951,.T.);
#4062=ORIENTED_EDGE('',*,*,#2952,.F.);
#4063=ORIENTED_EDGE('',*,*,#2949,.T.);
#4064=ORIENTED_EDGE('',*,*,#2917,.F.);
#4065=ORIENTED_EDGE('',*,*,#2953,.F.);
#4066=ORIENTED_EDGE('',*,*,#2954,.F.);
#4067=ORIENTED_EDGE('',*,*,#2951,.F.);
#4068=ORIENTED_EDGE('',*,*,#2955,.T.);
#4069=ORIENTED_EDGE('',*,*,#2956,.T.);
#4070=ORIENTED_EDGE('',*,*,#2957,.T.);
#4071=ORIENTED_EDGE('',*,*,#2958,.T.);
#4072=ORIENTED_EDGE('',*,*,#2959,.T.);
#4073=ORIENTED_EDGE('',*,*,#2747,.T.);
#4074=ORIENTED_EDGE('',*,*,#2960,.T.);
#4075=ORIENTED_EDGE('',*,*,#2961,.T.);
#4076=ORIENTED_EDGE('',*,*,#2962,.T.);
#4077=ORIENTED_EDGE('',*,*,#2954,.T.);
#4078=ORIENTED_EDGE('',*,*,#2960,.F.);
#4079=ORIENTED_EDGE('',*,*,#2746,.T.);
#4080=ORIENTED_EDGE('',*,*,#2963,.T.);
#4081=ORIENTED_EDGE('',*,*,#2952,.T.);
#4082=ORIENTED_EDGE('',*,*,#2962,.F.);
#4083=ORIENTED_EDGE('',*,*,#2745,.T.);
#4084=ORIENTED_EDGE('',*,*,#2882,.F.);
#4085=ORIENTED_EDGE('',*,*,#2748,.T.);
#4086=ORIENTED_EDGE('',*,*,#2959,.F.);
#4087=ORIENTED_EDGE('',*,*,#2964,.T.);
#4088=ORIENTED_EDGE('',*,*,#2875,.F.);
#4089=ORIENTED_EDGE('',*,*,#2950,.T.);
#4090=ORIENTED_EDGE('',*,*,#2963,.F.);
#4091=ORIENTED_EDGE('',*,*,#2744,.T.);
#4092=ORIENTED_EDGE('',*,*,#2884,.F.);
#4093=ORIENTED_EDGE('',*,*,#2964,.F.);
#4094=ORIENTED_EDGE('',*,*,#2965,.F.);
#4095=ORIENTED_EDGE('',*,*,#2922,.F.);
#4096=ORIENTED_EDGE('',*,*,#2966,.F.);
#4097=ORIENTED_EDGE('',*,*,#2920,.F.);
#4098=ORIENTED_EDGE('',*,*,#2965,.T.);
#4099=ORIENTED_EDGE('',*,*,#2961,.F.);
#4100=ORIENTED_EDGE('',*,*,#2953,.T.);
#4101=ORIENTED_EDGE('',*,*,#2967,.T.);
#4102=ORIENTED_EDGE('',*,*,#2737,.T.);
#4103=ORIENTED_EDGE('',*,*,#2968,.T.);
#4104=ORIENTED_EDGE('',*,*,#2945,.T.);
#4105=ORIENTED_EDGE('',*,*,#2969,.T.);
#4106=ORIENTED_EDGE('',*,*,#2970,.T.);
#4107=ORIENTED_EDGE('',*,*,#2968,.F.);
#4108=ORIENTED_EDGE('',*,*,#2736,.T.);
#4109=ORIENTED_EDGE('',*,*,#2971,.T.);
#4110=ORIENTED_EDGE('',*,*,#2972,.T.);
#4111=ORIENTED_EDGE('',*,*,#2969,.F.);
#4112=ORIENTED_EDGE('',*,*,#2735,.T.);
#4113=ORIENTED_EDGE('',*,*,#2867,.F.);
#4114=ORIENTED_EDGE('',*,*,#2738,.T.);
#4115=ORIENTED_EDGE('',*,*,#2967,.F.);
#4116=ORIENTED_EDGE('',*,*,#2947,.T.);
#4117=ORIENTED_EDGE('',*,*,#2880,.F.);
#4118=ORIENTED_EDGE('',*,*,#2973,.T.);
#4119=ORIENTED_EDGE('',*,*,#2971,.F.);
#4120=ORIENTED_EDGE('',*,*,#2734,.T.);
#4121=ORIENTED_EDGE('',*,*,#2930,.F.);
#4122=ORIENTED_EDGE('',*,*,#2974,.T.);
#4123=ORIENTED_EDGE('',*,*,#2972,.F.);
#4124=ORIENTED_EDGE('',*,*,#2975,.T.);
#4125=ORIENTED_EDGE('',*,*,#2932,.F.);
#4126=ORIENTED_EDGE('',*,*,#2946,.F.);
#4127=ORIENTED_EDGE('',*,*,#2970,.F.);
#4128=ORIENTED_EDGE('',*,*,#2974,.F.);
#4129=ORIENTED_EDGE('',*,*,#2878,.F.);
#4130=ORIENTED_EDGE('',*,*,#2784,.F.);
#4131=ORIENTED_EDGE('',*,*,#2928,.F.);
#4132=ORIENTED_EDGE('',*,*,#2975,.F.);
#4133=ORIENTED_EDGE('',*,*,#2973,.F.);
#4134=ORIENTED_EDGE('',*,*,#2724,.F.);
#4135=ORIENTED_EDGE('',*,*,#2885,.F.);
#4136=ORIENTED_EDGE('',*,*,#2966,.T.);
#4137=ORIENTED_EDGE('',*,*,#2924,.F.);
#4138=ORIENTED_EDGE('',*,*,#2786,.T.);
#4139=ORIENTED_EDGE('',*,*,#2913,.F.);
#4140=ORIENTED_EDGE('',*,*,#2860,.F.);
#4141=ORIENTED_EDGE('',*,*,#2858,.F.);
#4142=ORIENTED_EDGE('',*,*,#2700,.T.);
#4143=ORIENTED_EDGE('',*,*,#2823,.T.);
#4144=ORIENTED_EDGE('',*,*,#2976,.T.);
#4145=ORIENTED_EDGE('',*,*,#2977,.T.);
#4146=ORIENTED_EDGE('',*,*,#2645,.T.);
#4147=ORIENTED_EDGE('',*,*,#2978,.T.);
#4148=ORIENTED_EDGE('',*,*,#2979,.T.);
#4149=ORIENTED_EDGE('',*,*,#2978,.F.);
#4150=ORIENTED_EDGE('',*,*,#2644,.F.);
#4151=ORIENTED_EDGE('',*,*,#2980,.F.);
#4152=ORIENTED_EDGE('',*,*,#2981,.F.);
#4153=ORIENTED_EDGE('',*,*,#2647,.T.);
#4154=ORIENTED_EDGE('',*,*,#2982,.T.);
#4155=ORIENTED_EDGE('',*,*,#2983,.T.);
#4156=ORIENTED_EDGE('',*,*,#2984,.T.);
#4157=ORIENTED_EDGE('',*,*,#2977,.F.);
#4158=ORIENTED_EDGE('',*,*,#2985,.F.);
#4159=ORIENTED_EDGE('',*,*,#2982,.F.);
#4160=ORIENTED_EDGE('',*,*,#2646,.F.);
#4161=ORIENTED_EDGE('',*,*,#2984,.F.);
#4162=ORIENTED_EDGE('',*,*,#2986,.F.);
#4163=ORIENTED_EDGE('',*,*,#2987,.F.);
#4164=ORIENTED_EDGE('',*,*,#2648,.F.);
#4165=ORIENTED_EDGE('',*,*,#2981,.T.);
#4166=ORIENTED_EDGE('',*,*,#2988,.T.);
#4167=ORIENTED_EDGE('',*,*,#2465,.T.);
#4168=ORIENTED_EDGE('',*,*,#2989,.F.);
#4169=ORIENTED_EDGE('',*,*,#2990,.F.);
#4170=ORIENTED_EDGE('',*,*,#2979,.F.);
#4171=ORIENTED_EDGE('',*,*,#2466,.F.);
#4172=ORIENTED_EDGE('',*,*,#2988,.F.);
#4173=ORIENTED_EDGE('',*,*,#2980,.T.);
#4174=ORIENTED_EDGE('',*,*,#2643,.T.);
#4175=ORIENTED_EDGE('',*,*,#2602,.T.);
#4176=ORIENTED_EDGE('',*,*,#2672,.T.);
#4177=ORIENTED_EDGE('',*,*,#2987,.T.);
#4178=ORIENTED_EDGE('',*,*,#2991,.F.);
#4179=ORIENTED_EDGE('',*,*,#2992,.T.);
#4180=ORIENTED_EDGE('',*,*,#2649,.T.);
#4181=ORIENTED_EDGE('',*,*,#2993,.F.);
#4182=ORIENTED_EDGE('',*,*,#2626,.F.);
#4183=ORIENTED_EDGE('',*,*,#2994,.F.);
#4184=ORIENTED_EDGE('',*,*,#2995,.T.);
#4185=ORIENTED_EDGE('',*,*,#2996,.F.);
#4186=ORIENTED_EDGE('',*,*,#2995,.F.);
#4187=ORIENTED_EDGE('',*,*,#2997,.F.);
#4188=ORIENTED_EDGE('',*,*,#2998,.T.);
#4189=ORIENTED_EDGE('',*,*,#2447,.F.);
#4190=ORIENTED_EDGE('',*,*,#2999,.F.);
#4191=ORIENTED_EDGE('',*,*,#3000,.F.);
#4192=ORIENTED_EDGE('',*,*,#3001,.F.);
#4193=ORIENTED_EDGE('',*,*,#2448,.F.);
#4194=ORIENTED_EDGE('',*,*,#2998,.F.);
#4195=ORIENTED_EDGE('',*,*,#3002,.F.);
#4196=ORIENTED_EDGE('',*,*,#3003,.T.);
#4197=ORIENTED_EDGE('',*,*,#2449,.F.);
#4198=ORIENTED_EDGE('',*,*,#3003,.F.);
#4199=ORIENTED_EDGE('',*,*,#3004,.F.);
#4200=ORIENTED_EDGE('',*,*,#3005,.T.);
#4201=ORIENTED_EDGE('',*,*,#2450,.F.);
#4202=ORIENTED_EDGE('',*,*,#3005,.F.);
#4203=ORIENTED_EDGE('',*,*,#3006,.F.);
#4204=ORIENTED_EDGE('',*,*,#2653,.T.);
#4205=ORIENTED_EDGE('',*,*,#3007,.F.);
#4206=ORIENTED_EDGE('',*,*,#3008,.F.);
#4207=ORIENTED_EDGE('',*,*,#3009,.F.);
#4208=ORIENTED_EDGE('',*,*,#3010,.F.);
#4209=ORIENTED_EDGE('',*,*,#2652,.T.);
#4210=ORIENTED_EDGE('',*,*,#3011,.T.);
#4211=ORIENTED_EDGE('',*,*,#3012,.T.);
#4212=ORIENTED_EDGE('',*,*,#3013,.T.);
#4213=ORIENTED_EDGE('',*,*,#3014,.F.);
#4214=ORIENTED_EDGE('',*,*,#2452,.T.);
#4215=ORIENTED_EDGE('',*,*,#2633,.F.);
#4216=ORIENTED_EDGE('',*,*,#2621,.F.);
#4217=ORIENTED_EDGE('',*,*,#2627,.T.);
#4218=ORIENTED_EDGE('',*,*,#2993,.T.);
#4219=ORIENTED_EDGE('',*,*,#2996,.T.);
#4220=ORIENTED_EDGE('',*,*,#3015,.F.);
#4221=ORIENTED_EDGE('',*,*,#3016,.T.);
#4222=ORIENTED_EDGE('',*,*,#3017,.T.);
#4223=ORIENTED_EDGE('',*,*,#3018,.F.);
#4224=ORIENTED_EDGE('',*,*,#3019,.T.);
#4225=ORIENTED_EDGE('',*,*,#3020,.T.);
#4226=ORIENTED_EDGE('',*,*,#3001,.T.);
#4227=ORIENTED_EDGE('',*,*,#3021,.T.);
#4228=ORIENTED_EDGE('',*,*,#3022,.F.);
#4229=ORIENTED_EDGE('',*,*,#3015,.T.);
#4230=ORIENTED_EDGE('',*,*,#3000,.T.);
#4231=ORIENTED_EDGE('',*,*,#3023,.T.);
#4232=ORIENTED_EDGE('',*,*,#3024,.F.);
#4233=ORIENTED_EDGE('',*,*,#3021,.F.);
#4234=ORIENTED_EDGE('',*,*,#3009,.T.);
#4235=ORIENTED_EDGE('',*,*,#3025,.T.);
#4236=ORIENTED_EDGE('',*,*,#2955,.F.);
#4237=ORIENTED_EDGE('',*,*,#3026,.F.);
#4238=ORIENTED_EDGE('',*,*,#3008,.T.);
#4239=ORIENTED_EDGE('',*,*,#3027,.T.);
#4240=ORIENTED_EDGE('',*,*,#2956,.F.);
#4241=ORIENTED_EDGE('',*,*,#3025,.F.);
#4242=ORIENTED_EDGE('',*,*,#2999,.T.);
#4243=ORIENTED_EDGE('',*,*,#2446,.F.);
#4244=ORIENTED_EDGE('',*,*,#3028,.T.);
#4245=ORIENTED_EDGE('',*,*,#3023,.F.);
#4246=ORIENTED_EDGE('',*,*,#3029,.F.);
#4247=ORIENTED_EDGE('',*,*,#2579,.F.);
#4248=ORIENTED_EDGE('',*,*,#3030,.F.);
#4249=ORIENTED_EDGE('',*,*,#2580,.T.);
#4250=ORIENTED_EDGE('',*,*,#3030,.T.);
#4251=ORIENTED_EDGE('',*,*,#2578,.F.);
#4252=ORIENTED_EDGE('',*,*,#3031,.T.);
#4253=ORIENTED_EDGE('',*,*,#2581,.F.);
#4254=ORIENTED_EDGE('',*,*,#3031,.F.);
#4255=ORIENTED_EDGE('',*,*,#2577,.F.);
#4256=ORIENTED_EDGE('',*,*,#3032,.F.);
#4257=ORIENTED_EDGE('',*,*,#2582,.F.);
#4258=ORIENTED_EDGE('',*,*,#3033,.F.);
#4259=ORIENTED_EDGE('',*,*,#2575,.T.);
#4260=ORIENTED_EDGE('',*,*,#3029,.T.);
#4261=ORIENTED_EDGE('',*,*,#2584,.F.);
#4262=ORIENTED_EDGE('',*,*,#3007,.T.);
#4263=ORIENTED_EDGE('',*,*,#3034,.T.);
#4264=ORIENTED_EDGE('',*,*,#2957,.F.);
#4265=ORIENTED_EDGE('',*,*,#3027,.F.);
#4266=ORIENTED_EDGE('',*,*,#3010,.T.);
#4267=ORIENTED_EDGE('',*,*,#3026,.T.);
#4268=ORIENTED_EDGE('',*,*,#2958,.F.);
#4269=ORIENTED_EDGE('',*,*,#3034,.F.);
#4270=ORIENTED_EDGE('',*,*,#3017,.F.);
#4271=ORIENTED_EDGE('',*,*,#3035,.F.);
#4272=ORIENTED_EDGE('',*,*,#2753,.T.);
#4273=ORIENTED_EDGE('',*,*,#3036,.T.);
#4274=ORIENTED_EDGE('',*,*,#3036,.F.);
#4275=ORIENTED_EDGE('',*,*,#2752,.F.);
#4276=ORIENTED_EDGE('',*,*,#3037,.F.);
#4277=ORIENTED_EDGE('',*,*,#3018,.T.);
#4278=ORIENTED_EDGE('',*,*,#3019,.F.);
#4279=ORIENTED_EDGE('',*,*,#3037,.T.);
#4280=ORIENTED_EDGE('',*,*,#2751,.T.);
#4281=ORIENTED_EDGE('',*,*,#3038,.F.);
#4282=ORIENTED_EDGE('',*,*,#2634,.F.);
#4283=ORIENTED_EDGE('',*,*,#3020,.F.);
#4284=ORIENTED_EDGE('',*,*,#3038,.T.);
#4285=ORIENTED_EDGE('',*,*,#2750,.F.);
#4286=ORIENTED_EDGE('',*,*,#2660,.F.);
#4287=ORIENTED_EDGE('',*,*,#2749,.F.);
#4288=ORIENTED_EDGE('',*,*,#3035,.T.);
#4289=ORIENTED_EDGE('',*,*,#3016,.F.);
#4290=ORIENTED_EDGE('',*,*,#3022,.T.);
#4291=ORIENTED_EDGE('',*,*,#3024,.T.);
#4292=ORIENTED_EDGE('',*,*,#3028,.F.);
#4293=ORIENTED_EDGE('',*,*,#2445,.F.);
#4294=ORIENTED_EDGE('',*,*,#3033,.T.);
#4295=ORIENTED_EDGE('',*,*,#2583,.F.);
#4296=ORIENTED_EDGE('',*,*,#3032,.T.);
#4297=ORIENTED_EDGE('',*,*,#2576,.F.);
#4298=ORIENTED_EDGE('',*,*,#2678,.T.);
#4299=ORIENTED_EDGE('',*,*,#2668,.T.);
#4300=ORIENTED_EDGE('',*,*,#2555,.F.);
#4301=ORIENTED_EDGE('',*,*,#2571,.T.);
#4302=ORIENTED_EDGE('',*,*,#3039,.T.);
#4303=ORIENTED_EDGE('',*,*,#2567,.T.);
#4304=ORIENTED_EDGE('',*,*,#3040,.F.);
#4305=ORIENTED_EDGE('',*,*,#2566,.F.);
#4306=ORIENTED_EDGE('',*,*,#2565,.T.);
#4307=ORIENTED_EDGE('',*,*,#3041,.T.);
#4308=ORIENTED_EDGE('',*,*,#2568,.T.);
#4309=ORIENTED_EDGE('',*,*,#3039,.F.);
#4310=ORIENTED_EDGE('',*,*,#2694,.F.);
#4311=ORIENTED_EDGE('',*,*,#2683,.T.);
#4312=ORIENTED_EDGE('',*,*,#2550,.F.);
#4313=ORIENTED_EDGE('',*,*,#2546,.F.);
#4314=ORIENTED_EDGE('',*,*,#2561,.F.);
#4315=ORIENTED_EDGE('',*,*,#2569,.F.);
#4316=ORIENTED_EDGE('',*,*,#3041,.F.);
#4317=ORIENTED_EDGE('',*,*,#2564,.F.);
#4318=ORIENTED_EDGE('',*,*,#3042,.T.);
#4319=ORIENTED_EDGE('',*,*,#2611,.T.);
#4320=ORIENTED_EDGE('',*,*,#3043,.F.);
#4321=ORIENTED_EDGE('',*,*,#2618,.F.);
#4322=ORIENTED_EDGE('',*,*,#2617,.T.);
#4323=ORIENTED_EDGE('',*,*,#3044,.F.);
#4324=ORIENTED_EDGE('',*,*,#2612,.T.);
#4325=ORIENTED_EDGE('',*,*,#3042,.F.);
#4326=ORIENTED_EDGE('',*,*,#2609,.F.);
#4327=ORIENTED_EDGE('',*,*,#2613,.F.);
#4328=ORIENTED_EDGE('',*,*,#3044,.T.);
#4329=ORIENTED_EDGE('',*,*,#2616,.F.);
#4330=ORIENTED_EDGE('',*,*,#2528,.F.);
#4331=ORIENTED_EDGE('',*,*,#2532,.T.);
#4332=ORIENTED_EDGE('',*,*,#3045,.T.);
#4333=ORIENTED_EDGE('',*,*,#2539,.F.);
#4334=ORIENTED_EDGE('',*,*,#3045,.F.);
#4335=ORIENTED_EDGE('',*,*,#2535,.F.);
#4336=ORIENTED_EDGE('',*,*,#3046,.T.);
#4337=ORIENTED_EDGE('',*,*,#2536,.T.);
#4338=ORIENTED_EDGE('',*,*,#2537,.T.);
#4339=ORIENTED_EDGE('',*,*,#3046,.F.);
#4340=ORIENTED_EDGE('',*,*,#2534,.T.);
#4341=ORIENTED_EDGE('',*,*,#3047,.T.);
#4342=ORIENTED_EDGE('',*,*,#3047,.F.);
#4343=ORIENTED_EDGE('',*,*,#2533,.F.);
#4344=ORIENTED_EDGE('',*,*,#2530,.F.);
#4345=ORIENTED_EDGE('',*,*,#2538,.F.);
#4346=ORIENTED_EDGE('',*,*,#3043,.T.);
#4347=ORIENTED_EDGE('',*,*,#2614,.F.);
#4348=ORIENTED_EDGE('',*,*,#2607,.F.);
#4349=ORIENTED_EDGE('',*,*,#2615,.T.);
#4350=ORIENTED_EDGE('',*,*,#3040,.T.);
#4351=ORIENTED_EDGE('',*,*,#2570,.F.);
#4352=ORIENTED_EDGE('',*,*,#2559,.F.);
#4353=ORIENTED_EDGE('',*,*,#2563,.T.);
#4354=ORIENTED_EDGE('',*,*,#3006,.T.);
#4355=ORIENTED_EDGE('',*,*,#3004,.T.);
#4356=ORIENTED_EDGE('',*,*,#3002,.T.);
#4357=ORIENTED_EDGE('',*,*,#2997,.T.);
#4358=ORIENTED_EDGE('',*,*,#2994,.T.);
#4359=ORIENTED_EDGE('',*,*,#2625,.T.);
#4360=ORIENTED_EDGE('',*,*,#2630,.T.);
#4361=ORIENTED_EDGE('',*,*,#2654,.T.);
#4362=ORIENTED_EDGE('',*,*,#2453,.T.);
#4363=ORIENTED_EDGE('',*,*,#3014,.T.);
#4364=ORIENTED_EDGE('',*,*,#3048,.F.);
#4365=ORIENTED_EDGE('',*,*,#3049,.T.);
#4366=ORIENTED_EDGE('',*,*,#2437,.F.);
#4367=ORIENTED_EDGE('',*,*,#2454,.T.);
#4368=ORIENTED_EDGE('',*,*,#3049,.F.);
#4369=ORIENTED_EDGE('',*,*,#3050,.T.);
#4370=ORIENTED_EDGE('',*,*,#3051,.F.);
#4371=ORIENTED_EDGE('',*,*,#2497,.F.);
#4372=ORIENTED_EDGE('',*,*,#2990,.T.);
#4373=ORIENTED_EDGE('',*,*,#3052,.F.);
#4374=ORIENTED_EDGE('',*,*,#3012,.F.);
#4375=ORIENTED_EDGE('',*,*,#3053,.T.);
#4376=ORIENTED_EDGE('',*,*,#3054,.T.);
#4377=ORIENTED_EDGE('',*,*,#2991,.T.);
#4378=ORIENTED_EDGE('',*,*,#2986,.T.);
#4379=ORIENTED_EDGE('',*,*,#2983,.F.);
#4380=ORIENTED_EDGE('',*,*,#2985,.T.);
#4381=ORIENTED_EDGE('',*,*,#2976,.F.);
#4382=ORIENTED_EDGE('',*,*,#2505,.T.);
#4383=ORIENTED_EDGE('',*,*,#2502,.F.);
#4384=ORIENTED_EDGE('',*,*,#2512,.T.);
#4385=ORIENTED_EDGE('',*,*,#2494,.T.);
#4386=ORIENTED_EDGE('',*,*,#3051,.T.);
#4387=ORIENTED_EDGE('',*,*,#3055,.F.);
#4388=ORIENTED_EDGE('',*,*,#2463,.T.);
#4389=ORIENTED_EDGE('',*,*,#2501,.F.);
#4390=ORIENTED_EDGE('',*,*,#2511,.F.);
#4391=ORIENTED_EDGE('',*,*,#2492,.F.);
#4392=ORIENTED_EDGE('',*,*,#3048,.T.);
#4393=ORIENTED_EDGE('',*,*,#3013,.F.);
#4394=ORIENTED_EDGE('',*,*,#3052,.T.);
#4395=ORIENTED_EDGE('',*,*,#2989,.T.);
#4396=ORIENTED_EDGE('',*,*,#2464,.T.);
#4397=ORIENTED_EDGE('',*,*,#3055,.T.);
#4398=ORIENTED_EDGE('',*,*,#3050,.F.);
#4399=ORIENTED_EDGE('',*,*,#2650,.T.);
#4400=ORIENTED_EDGE('',*,*,#2992,.F.);
#4401=ORIENTED_EDGE('',*,*,#3054,.F.);
#4402=ORIENTED_EDGE('',*,*,#3056,.F.);
#4403=ORIENTED_EDGE('',*,*,#2651,.T.);
#4404=ORIENTED_EDGE('',*,*,#3056,.T.);
#4405=ORIENTED_EDGE('',*,*,#3053,.F.);
#4406=ORIENTED_EDGE('',*,*,#3011,.F.);
#4407=ORIENTED_EDGE('',*,*,#2470,.F.);
#4408=ORIENTED_EDGE('',*,*,#3057,.T.);
#4409=ORIENTED_EDGE('',*,*,#3058,.T.);
#4410=ORIENTED_EDGE('',*,*,#2506,.F.);
#4411=ORIENTED_EDGE('',*,*,#2498,.T.);
#4412=ORIENTED_EDGE('',*,*,#2485,.T.);
#4413=ORIENTED_EDGE('',*,*,#3059,.T.);
#4414=ORIENTED_EDGE('',*,*,#3057,.F.);
#4415=ORIENTED_EDGE('',*,*,#2469,.F.);
#4416=ORIENTED_EDGE('',*,*,#2510,.F.);
#4417=ORIENTED_EDGE('',*,*,#2477,.F.);
#4418=ORIENTED_EDGE('',*,*,#3060,.T.);
#4419=ORIENTED_EDGE('',*,*,#2483,.F.);
#4420=ORIENTED_EDGE('',*,*,#2458,.F.);
#4421=ORIENTED_EDGE('',*,*,#2475,.F.);
#4422=ORIENTED_EDGE('',*,*,#2476,.T.);
#4423=ORIENTED_EDGE('',*,*,#2481,.F.);
#4424=ORIENTED_EDGE('',*,*,#2507,.F.);
#4425=ORIENTED_EDGE('',*,*,#3058,.F.);
#4426=ORIENTED_EDGE('',*,*,#3059,.F.);
#4427=ORIENTED_EDGE('',*,*,#2484,.F.);
#4428=ORIENTED_EDGE('',*,*,#3060,.F.);
#4429=ORIENTED_EDGE('',*,*,#3061,.T.);
#4430=ORIENTED_EDGE('',*,*,#3062,.T.);
#4431=ORIENTED_EDGE('',*,*,#3063,.T.);
#4432=ORIENTED_EDGE('',*,*,#3064,.T.);
#4433=ORIENTED_EDGE('',*,*,#3065,.T.);
#4434=ORIENTED_EDGE('',*,*,#3066,.T.);
#4435=ORIENTED_EDGE('',*,*,#3067,.T.);
#4436=ORIENTED_EDGE('',*,*,#3068,.T.);
#4437=ORIENTED_EDGE('',*,*,#3069,.T.);
#4438=ORIENTED_EDGE('',*,*,#3070,.T.);
#4439=ORIENTED_EDGE('',*,*,#3071,.T.);
#4440=ORIENTED_EDGE('',*,*,#3072,.T.);
#4441=ORIENTED_EDGE('',*,*,#3073,.T.);
#4442=ORIENTED_EDGE('',*,*,#3074,.T.);
#4443=ORIENTED_EDGE('',*,*,#3075,.T.);
#4444=ORIENTED_EDGE('',*,*,#3076,.T.);
#4445=ORIENTED_EDGE('',*,*,#3077,.T.);
#4446=ORIENTED_EDGE('',*,*,#3078,.T.);
#4447=ORIENTED_EDGE('',*,*,#3079,.T.);
#4448=ORIENTED_EDGE('',*,*,#3080,.T.);
#4449=ORIENTED_EDGE('',*,*,#3072,.F.);
#4450=ORIENTED_EDGE('',*,*,#3081,.T.);
#4451=ORIENTED_EDGE('',*,*,#3082,.T.);
#4452=ORIENTED_EDGE('',*,*,#3083,.F.);
#4453=ORIENTED_EDGE('',*,*,#3073,.F.);
#4454=ORIENTED_EDGE('',*,*,#3083,.T.);
#4455=ORIENTED_EDGE('',*,*,#3084,.T.);
#4456=ORIENTED_EDGE('',*,*,#3085,.F.);
#4457=ORIENTED_EDGE('',*,*,#3074,.F.);
#4458=ORIENTED_EDGE('',*,*,#3085,.T.);
#4459=ORIENTED_EDGE('',*,*,#3086,.T.);
#4460=ORIENTED_EDGE('',*,*,#3087,.F.);
#4461=ORIENTED_EDGE('',*,*,#3075,.F.);
#4462=ORIENTED_EDGE('',*,*,#3087,.T.);
#4463=ORIENTED_EDGE('',*,*,#3088,.T.);
#4464=ORIENTED_EDGE('',*,*,#3089,.F.);
#4465=ORIENTED_EDGE('',*,*,#3076,.F.);
#4466=ORIENTED_EDGE('',*,*,#3089,.T.);
#4467=ORIENTED_EDGE('',*,*,#3090,.T.);
#4468=ORIENTED_EDGE('',*,*,#3091,.F.);
#4469=ORIENTED_EDGE('',*,*,#3077,.F.);
#4470=ORIENTED_EDGE('',*,*,#3091,.T.);
#4471=ORIENTED_EDGE('',*,*,#3092,.T.);
#4472=ORIENTED_EDGE('',*,*,#3093,.F.);
#4473=ORIENTED_EDGE('',*,*,#3078,.F.);
#4474=ORIENTED_EDGE('',*,*,#3093,.T.);
#4475=ORIENTED_EDGE('',*,*,#3094,.T.);
#4476=ORIENTED_EDGE('',*,*,#3095,.F.);
#4477=ORIENTED_EDGE('',*,*,#3079,.F.);
#4478=ORIENTED_EDGE('',*,*,#3095,.T.);
#4479=ORIENTED_EDGE('',*,*,#3096,.T.);
#4480=ORIENTED_EDGE('',*,*,#3097,.F.);
#4481=ORIENTED_EDGE('',*,*,#3080,.F.);
#4482=ORIENTED_EDGE('',*,*,#3097,.T.);
#4483=ORIENTED_EDGE('',*,*,#3098,.T.);
#4484=ORIENTED_EDGE('',*,*,#3099,.F.);
#4485=ORIENTED_EDGE('',*,*,#3061,.F.);
#4486=ORIENTED_EDGE('',*,*,#3099,.T.);
#4487=ORIENTED_EDGE('',*,*,#3100,.T.);
#4488=ORIENTED_EDGE('',*,*,#3101,.F.);
#4489=ORIENTED_EDGE('',*,*,#3071,.F.);
#4490=ORIENTED_EDGE('',*,*,#3102,.T.);
#4491=ORIENTED_EDGE('',*,*,#3103,.T.);
#4492=ORIENTED_EDGE('',*,*,#3081,.F.);
#4493=ORIENTED_EDGE('',*,*,#3070,.F.);
#4494=ORIENTED_EDGE('',*,*,#3104,.T.);
#4495=ORIENTED_EDGE('',*,*,#3105,.T.);
#4496=ORIENTED_EDGE('',*,*,#3102,.F.);
#4497=ORIENTED_EDGE('',*,*,#3069,.F.);
#4498=ORIENTED_EDGE('',*,*,#3106,.T.);
#4499=ORIENTED_EDGE('',*,*,#3107,.T.);
#4500=ORIENTED_EDGE('',*,*,#3104,.F.);
#4501=ORIENTED_EDGE('',*,*,#3068,.F.);
#4502=ORIENTED_EDGE('',*,*,#3108,.T.);
#4503=ORIENTED_EDGE('',*,*,#3109,.T.);
#4504=ORIENTED_EDGE('',*,*,#3106,.F.);
#4505=ORIENTED_EDGE('',*,*,#3067,.F.);
#4506=ORIENTED_EDGE('',*,*,#3110,.T.);
#4507=ORIENTED_EDGE('',*,*,#3111,.T.);
#4508=ORIENTED_EDGE('',*,*,#3108,.F.);
#4509=ORIENTED_EDGE('',*,*,#3066,.F.);
#4510=ORIENTED_EDGE('',*,*,#3112,.T.);
#4511=ORIENTED_EDGE('',*,*,#3113,.T.);
#4512=ORIENTED_EDGE('',*,*,#3110,.F.);
#4513=ORIENTED_EDGE('',*,*,#3065,.F.);
#4514=ORIENTED_EDGE('',*,*,#3114,.T.);
#4515=ORIENTED_EDGE('',*,*,#3115,.T.);
#4516=ORIENTED_EDGE('',*,*,#3112,.F.);
#4517=ORIENTED_EDGE('',*,*,#3064,.F.);
#4518=ORIENTED_EDGE('',*,*,#3116,.T.);
#4519=ORIENTED_EDGE('',*,*,#3117,.T.);
#4520=ORIENTED_EDGE('',*,*,#3114,.F.);
#4521=ORIENTED_EDGE('',*,*,#3063,.F.);
#4522=ORIENTED_EDGE('',*,*,#3118,.T.);
#4523=ORIENTED_EDGE('',*,*,#3119,.T.);
#4524=ORIENTED_EDGE('',*,*,#3116,.F.);
#4525=ORIENTED_EDGE('',*,*,#3062,.F.);
#4526=ORIENTED_EDGE('',*,*,#3101,.T.);
#4527=ORIENTED_EDGE('',*,*,#3120,.T.);
#4528=ORIENTED_EDGE('',*,*,#3118,.F.);
#4529=ORIENTED_EDGE('',*,*,#3100,.F.);
#4530=ORIENTED_EDGE('',*,*,#3098,.F.);
#4531=ORIENTED_EDGE('',*,*,#3096,.F.);
#4532=ORIENTED_EDGE('',*,*,#3094,.F.);
#4533=ORIENTED_EDGE('',*,*,#3092,.F.);
#4534=ORIENTED_EDGE('',*,*,#3090,.F.);
#4535=ORIENTED_EDGE('',*,*,#3088,.F.);
#4536=ORIENTED_EDGE('',*,*,#3086,.F.);
#4537=ORIENTED_EDGE('',*,*,#3084,.F.);
#4538=ORIENTED_EDGE('',*,*,#3082,.F.);
#4539=ORIENTED_EDGE('',*,*,#3103,.F.);
#4540=ORIENTED_EDGE('',*,*,#3105,.F.);
#4541=ORIENTED_EDGE('',*,*,#3107,.F.);
#4542=ORIENTED_EDGE('',*,*,#3109,.F.);
#4543=ORIENTED_EDGE('',*,*,#3111,.F.);
#4544=ORIENTED_EDGE('',*,*,#3113,.F.);
#4545=ORIENTED_EDGE('',*,*,#3115,.F.);
#4546=ORIENTED_EDGE('',*,*,#3117,.F.);
#4547=ORIENTED_EDGE('',*,*,#3119,.F.);
#4548=ORIENTED_EDGE('',*,*,#3120,.F.);
#4549=ORIENTED_EDGE('',*,*,#3121,.T.);
#4550=ORIENTED_EDGE('',*,*,#3122,.T.);
#4551=ORIENTED_EDGE('',*,*,#3123,.T.);
#4552=ORIENTED_EDGE('',*,*,#3124,.T.);
#4553=ORIENTED_EDGE('',*,*,#3125,.T.);
#4554=ORIENTED_EDGE('',*,*,#3126,.T.);
#4555=ORIENTED_EDGE('',*,*,#3127,.T.);
#4556=ORIENTED_EDGE('',*,*,#3128,.T.);
#4557=ORIENTED_EDGE('',*,*,#3129,.T.);
#4558=ORIENTED_EDGE('',*,*,#3130,.T.);
#4559=ORIENTED_EDGE('',*,*,#3131,.T.);
#4560=ORIENTED_EDGE('',*,*,#3132,.T.);
#4561=ORIENTED_EDGE('',*,*,#3133,.T.);
#4562=ORIENTED_EDGE('',*,*,#3134,.T.);
#4563=ORIENTED_EDGE('',*,*,#3135,.T.);
#4564=ORIENTED_EDGE('',*,*,#3136,.T.);
#4565=ORIENTED_EDGE('',*,*,#3137,.T.);
#4566=ORIENTED_EDGE('',*,*,#3138,.T.);
#4567=ORIENTED_EDGE('',*,*,#3139,.T.);
#4568=ORIENTED_EDGE('',*,*,#3140,.T.);
#4569=ORIENTED_EDGE('',*,*,#3132,.F.);
#4570=ORIENTED_EDGE('',*,*,#3141,.T.);
#4571=ORIENTED_EDGE('',*,*,#3142,.T.);
#4572=ORIENTED_EDGE('',*,*,#3143,.F.);
#4573=ORIENTED_EDGE('',*,*,#3133,.F.);
#4574=ORIENTED_EDGE('',*,*,#3143,.T.);
#4575=ORIENTED_EDGE('',*,*,#3144,.T.);
#4576=ORIENTED_EDGE('',*,*,#3145,.F.);
#4577=ORIENTED_EDGE('',*,*,#3134,.F.);
#4578=ORIENTED_EDGE('',*,*,#3145,.T.);
#4579=ORIENTED_EDGE('',*,*,#3146,.T.);
#4580=ORIENTED_EDGE('',*,*,#3147,.F.);
#4581=ORIENTED_EDGE('',*,*,#3135,.F.);
#4582=ORIENTED_EDGE('',*,*,#3147,.T.);
#4583=ORIENTED_EDGE('',*,*,#3148,.T.);
#4584=ORIENTED_EDGE('',*,*,#3149,.F.);
#4585=ORIENTED_EDGE('',*,*,#3136,.F.);
#4586=ORIENTED_EDGE('',*,*,#3149,.T.);
#4587=ORIENTED_EDGE('',*,*,#3150,.T.);
#4588=ORIENTED_EDGE('',*,*,#3151,.F.);
#4589=ORIENTED_EDGE('',*,*,#3137,.F.);
#4590=ORIENTED_EDGE('',*,*,#3151,.T.);
#4591=ORIENTED_EDGE('',*,*,#3152,.T.);
#4592=ORIENTED_EDGE('',*,*,#3153,.F.);
#4593=ORIENTED_EDGE('',*,*,#3138,.F.);
#4594=ORIENTED_EDGE('',*,*,#3153,.T.);
#4595=ORIENTED_EDGE('',*,*,#3154,.T.);
#4596=ORIENTED_EDGE('',*,*,#3155,.F.);
#4597=ORIENTED_EDGE('',*,*,#3139,.F.);
#4598=ORIENTED_EDGE('',*,*,#3155,.T.);
#4599=ORIENTED_EDGE('',*,*,#3156,.T.);
#4600=ORIENTED_EDGE('',*,*,#3157,.F.);
#4601=ORIENTED_EDGE('',*,*,#3140,.F.);
#4602=ORIENTED_EDGE('',*,*,#3157,.T.);
#4603=ORIENTED_EDGE('',*,*,#3158,.T.);
#4604=ORIENTED_EDGE('',*,*,#3159,.F.);
#4605=ORIENTED_EDGE('',*,*,#3121,.F.);
#4606=ORIENTED_EDGE('',*,*,#3159,.T.);
#4607=ORIENTED_EDGE('',*,*,#3160,.T.);
#4608=ORIENTED_EDGE('',*,*,#3161,.F.);
#4609=ORIENTED_EDGE('',*,*,#3131,.F.);
#4610=ORIENTED_EDGE('',*,*,#3162,.T.);
#4611=ORIENTED_EDGE('',*,*,#3163,.T.);
#4612=ORIENTED_EDGE('',*,*,#3141,.F.);
#4613=ORIENTED_EDGE('',*,*,#3130,.F.);
#4614=ORIENTED_EDGE('',*,*,#3164,.T.);
#4615=ORIENTED_EDGE('',*,*,#3165,.T.);
#4616=ORIENTED_EDGE('',*,*,#3162,.F.);
#4617=ORIENTED_EDGE('',*,*,#3129,.F.);
#4618=ORIENTED_EDGE('',*,*,#3166,.T.);
#4619=ORIENTED_EDGE('',*,*,#3167,.T.);
#4620=ORIENTED_EDGE('',*,*,#3164,.F.);
#4621=ORIENTED_EDGE('',*,*,#3128,.F.);
#4622=ORIENTED_EDGE('',*,*,#3168,.T.);
#4623=ORIENTED_EDGE('',*,*,#3169,.T.);
#4624=ORIENTED_EDGE('',*,*,#3166,.F.);
#4625=ORIENTED_EDGE('',*,*,#3127,.F.);
#4626=ORIENTED_EDGE('',*,*,#3170,.T.);
#4627=ORIENTED_EDGE('',*,*,#3171,.T.);
#4628=ORIENTED_EDGE('',*,*,#3168,.F.);
#4629=ORIENTED_EDGE('',*,*,#3126,.F.);
#4630=ORIENTED_EDGE('',*,*,#3172,.T.);
#4631=ORIENTED_EDGE('',*,*,#3173,.T.);
#4632=ORIENTED_EDGE('',*,*,#3170,.F.);
#4633=ORIENTED_EDGE('',*,*,#3125,.F.);
#4634=ORIENTED_EDGE('',*,*,#3174,.T.);
#4635=ORIENTED_EDGE('',*,*,#3175,.T.);
#4636=ORIENTED_EDGE('',*,*,#3172,.F.);
#4637=ORIENTED_EDGE('',*,*,#3124,.F.);
#4638=ORIENTED_EDGE('',*,*,#3176,.T.);
#4639=ORIENTED_EDGE('',*,*,#3177,.T.);
#4640=ORIENTED_EDGE('',*,*,#3174,.F.);
#4641=ORIENTED_EDGE('',*,*,#3123,.F.);
#4642=ORIENTED_EDGE('',*,*,#3178,.T.);
#4643=ORIENTED_EDGE('',*,*,#3179,.T.);
#4644=ORIENTED_EDGE('',*,*,#3176,.F.);
#4645=ORIENTED_EDGE('',*,*,#3122,.F.);
#4646=ORIENTED_EDGE('',*,*,#3161,.T.);
#4647=ORIENTED_EDGE('',*,*,#3180,.T.);
#4648=ORIENTED_EDGE('',*,*,#3178,.F.);
#4649=ORIENTED_EDGE('',*,*,#3160,.F.);
#4650=ORIENTED_EDGE('',*,*,#3158,.F.);
#4651=ORIENTED_EDGE('',*,*,#3156,.F.);
#4652=ORIENTED_EDGE('',*,*,#3154,.F.);
#4653=ORIENTED_EDGE('',*,*,#3152,.F.);
#4654=ORIENTED_EDGE('',*,*,#3150,.F.);
#4655=ORIENTED_EDGE('',*,*,#3148,.F.);
#4656=ORIENTED_EDGE('',*,*,#3146,.F.);
#4657=ORIENTED_EDGE('',*,*,#3144,.F.);
#4658=ORIENTED_EDGE('',*,*,#3142,.F.);
#4659=ORIENTED_EDGE('',*,*,#3163,.F.);
#4660=ORIENTED_EDGE('',*,*,#3165,.F.);
#4661=ORIENTED_EDGE('',*,*,#3167,.F.);
#4662=ORIENTED_EDGE('',*,*,#3169,.F.);
#4663=ORIENTED_EDGE('',*,*,#3171,.F.);
#4664=ORIENTED_EDGE('',*,*,#3173,.F.);
#4665=ORIENTED_EDGE('',*,*,#3175,.F.);
#4666=ORIENTED_EDGE('',*,*,#3177,.F.);
#4667=ORIENTED_EDGE('',*,*,#3179,.F.);
#4668=ORIENTED_EDGE('',*,*,#3180,.F.);
#4669=PLANE('',#5127);
#4670=PLANE('',#5128);
#4671=PLANE('',#5137);
#4672=PLANE('',#5143);
#4673=PLANE('',#5146);
#4674=PLANE('',#5151);
#4675=PLANE('',#5154);
#4676=PLANE('',#5156);
#4677=PLANE('',#5159);
#4678=PLANE('',#5161);
#4679=PLANE('',#5163);
#4680=PLANE('',#5164);
#4681=PLANE('',#5165);
#4682=PLANE('',#5166);
#4683=PLANE('',#5167);
#4684=PLANE('',#5168);
#4685=PLANE('',#5169);
#4686=PLANE('',#5170);
#4687=PLANE('',#5171);
#4688=PLANE('',#5172);
#4689=PLANE('',#5173);
#4690=PLANE('',#5174);
#4691=PLANE('',#5175);
#4692=PLANE('',#5176);
#4693=PLANE('',#5177);
#4694=PLANE('',#5178);
#4695=PLANE('',#5179);
#4696=PLANE('',#5183);
#4697=PLANE('',#5184);
#4698=PLANE('',#5185);
#4699=PLANE('',#5193);
#4700=PLANE('',#5194);
#4701=PLANE('',#5195);
#4702=PLANE('',#5196);
#4703=PLANE('',#5197);
#4704=PLANE('',#5206);
#4705=PLANE('',#5207);
#4706=PLANE('',#5208);
#4707=PLANE('',#5209);
#4708=PLANE('',#5210);
#4709=PLANE('',#5220);
#4710=PLANE('',#5221);
#4711=PLANE('',#5222);
#4712=PLANE('',#5223);
#4713=PLANE('',#5224);
#4714=PLANE('',#5225);
#4715=PLANE('',#5226);
#4716=PLANE('',#5235);
#4717=PLANE('',#5236);
#4718=PLANE('',#5237);
#4719=PLANE('',#5238);
#4720=PLANE('',#5239);
#4721=PLANE('',#5240);
#4722=PLANE('',#5263);
#4723=PLANE('',#5268);
#4724=PLANE('',#5273);
#4725=PLANE('',#5293);
#4726=PLANE('',#5294);
#4727=PLANE('',#5314);
#4728=PLANE('',#5315);
#4729=PLANE('',#5330);
#4730=PLANE('',#5335);
#4731=PLANE('',#5355);
#4732=PLANE('',#5365);
#4733=PLANE('',#5366);
#4734=PLANE('',#5367);
#4735=PLANE('',#5368);
#4736=PLANE('',#5370);
#4737=PLANE('',#5380);
#4738=PLANE('',#5382);
#4739=PLANE('',#5385);
#4740=PLANE('',#5387);
#4741=PLANE('',#5388);
#4742=PLANE('',#5391);
#4743=PLANE('',#5394);
#4744=PLANE('',#5396);
#4745=PLANE('',#5399);
#4746=PLANE('',#5402);
#4747=PLANE('',#5405);
#4748=PLANE('',#5407);
#4749=PLANE('',#5412);
#4750=PLANE('',#5414);
#4751=PLANE('',#5417);
#4752=PLANE('',#5430);
#4753=PLANE('',#5443);
#4754=PLANE('',#5444);
#4755=PLANE('',#5446);
#4756=PLANE('',#5449);
#4757=PLANE('',#5453);
#4758=PLANE('',#5454);
#4759=PLANE('',#5458);
#4760=PLANE('',#5459);
#4761=PLANE('',#5460);
#4762=PLANE('',#5461);
#4763=PLANE('',#5462);
#4764=PLANE('',#5463);
#4765=PLANE('',#5464);
#4766=PLANE('',#5467);
#4767=PLANE('',#5468);
#4768=PLANE('',#5469);
#4769=PLANE('',#5470);
#4770=PLANE('',#5471);
#4771=PLANE('',#5473);
#4772=PLANE('',#5474);
#4773=PLANE('',#5475);
#4774=PLANE('',#5476);
#4775=PLANE('',#5477);
#4776=PLANE('',#5478);
#4777=PLANE('',#5480);
#4778=PLANE('',#5481);
#4779=PLANE('',#5482);
#4780=PLANE('',#5483);
#4781=PLANE('',#5484);
#4782=PLANE('',#5485);
#4783=PLANE('',#5486);
#4784=PLANE('',#5487);
#4785=PLANE('',#5488);
#4786=PLANE('',#5489);
#4787=PLANE('',#5490);
#4788=PLANE('',#5491);
#4789=PLANE('',#5492);
#4790=PLANE('',#5493);
#4791=PLANE('',#5494);
#4792=PLANE('',#5495);
#4793=PLANE('',#5496);
#4794=PLANE('',#5497);
#4795=PLANE('',#5498);
#4796=PLANE('',#5499);
#4797=PLANE('',#5502);
#4798=PLANE('',#5503);
#4799=PLANE('',#5507);
#4800=PLANE('',#5509);
#4801=PLANE('',#5510);
#4802=PLANE('',#5511);
#4803=PLANE('',#5512);
#4804=PLANE('',#5513);
#4805=PLANE('',#5514);
#4806=PLANE('',#5523);
#4807=PLANE('',#5524);
#4808=PLANE('',#5527);
#4809=PLANE('',#5530);
#4810=PLANE('',#5533);
#4811=PLANE('',#5536);
#4812=PLANE('',#5537);
#4813=PLANE('',#5540);
#4814=PLANE('',#5543);
#4815=PLANE('',#5546);
#4816=PLANE('',#5549);
#4817=PLANE('',#5550);
#4818=PLANE('',#5551);
#4819=PLANE('',#5552);
#4820=PLANE('',#5561);
#4821=PLANE('',#5562);
#4822=PLANE('',#5565);
#4823=PLANE('',#5568);
#4824=PLANE('',#5571);
#4825=PLANE('',#5574);
#4826=PLANE('',#5575);
#4827=PLANE('',#5578);
#4828=PLANE('',#5581);
#4829=PLANE('',#5584);
#4830=PLANE('',#5587);
#4831=PLANE('',#5588);
#4832=PLANE('',#5589);
#4833=ADVANCED_FACE('',(#371),#4669,.T.);
#4834=ADVANCED_FACE('',(#372),#4670,.T.);
#4835=ADVANCED_FACE('',(#373),#124,.F.);
#4836=ADVANCED_FACE('',(#374),#4671,.T.);
#4837=ADVANCED_FACE('',(#375),#45,.T.);
#4838=ADVANCED_FACE('',(#376),#125,.F.);
#4839=ADVANCED_FACE('',(#377),#4672,.F.);
#4840=ADVANCED_FACE('',(#378),#126,.F.);
#4841=ADVANCED_FACE('',(#379),#4673,.F.);
#4842=ADVANCED_FACE('',(#380),#127,.F.);
#4843=ADVANCED_FACE('',(#381),#128,.F.);
#4844=ADVANCED_FACE('',(#382),#4674,.F.);
#4845=ADVANCED_FACE('',(#383),#129,.F.);
#4846=ADVANCED_FACE('',(#384),#130,.F.);
#4847=ADVANCED_FACE('',(#385),#4675,.F.);
#4848=ADVANCED_FACE('',(#386),#4676,.F.);
#4849=ADVANCED_FACE('',(#387),#131,.F.);
#4850=ADVANCED_FACE('',(#388),#4677,.T.);
#4851=ADVANCED_FACE('',(#389),#4678,.T.);
#4852=ADVANCED_FACE('',(#390),#4679,.T.);
#4853=ADVANCED_FACE('',(#391,#36),#4680,.F.);
#4854=ADVANCED_FACE('',(#392),#4681,.T.);
#4855=ADVANCED_FACE('',(#393),#4682,.T.);
#4856=ADVANCED_FACE('',(#394),#4683,.T.);
#4857=ADVANCED_FACE('',(#395),#4684,.T.);
#4858=ADVANCED_FACE('',(#396,#37),#4685,.F.);
#4859=ADVANCED_FACE('',(#397),#4686,.T.);
#4860=ADVANCED_FACE('',(#398),#4687,.T.);
#4861=ADVANCED_FACE('',(#399),#4688,.T.);
#4862=ADVANCED_FACE('',(#400),#4689,.T.);
#4863=ADVANCED_FACE('',(#401),#4690,.T.);
#4864=ADVANCED_FACE('',(#402),#4691,.T.);
#4865=ADVANCED_FACE('',(#403),#4692,.T.);
#4866=ADVANCED_FACE('',(#404,#38),#4693,.F.);
#4867=ADVANCED_FACE('',(#405),#4694,.T.);
#4868=ADVANCED_FACE('',(#406),#4695,.T.);
#4869=ADVANCED_FACE('',(#407),#132,.F.);
#4870=ADVANCED_FACE('',(#408),#4696,.F.);
#4871=ADVANCED_FACE('',(#409),#4697,.F.);
#4872=ADVANCED_FACE('',(#410),#4698,.T.);
#4873=ADVANCED_FACE('',(#411),#133,.F.);
#4874=ADVANCED_FACE('',(#412),#4699,.F.);
#4875=ADVANCED_FACE('',(#413),#4700,.T.);
#4876=ADVANCED_FACE('',(#414),#4701,.T.);
#4877=ADVANCED_FACE('',(#415),#4702,.T.);
#4878=ADVANCED_FACE('',(#416),#4703,.F.);
#4879=ADVANCED_FACE('',(#417),#134,.F.);
#4880=ADVANCED_FACE('',(#418),#4704,.T.);
#4881=ADVANCED_FACE('',(#419),#4705,.T.);
#4882=ADVANCED_FACE('',(#420),#4706,.T.);
#4883=ADVANCED_FACE('',(#421),#4707,.F.);
#4884=ADVANCED_FACE('',(#422),#4708,.T.);
#4885=ADVANCED_FACE('',(#423),#135,.F.);
#4886=ADVANCED_FACE('',(#424),#4709,.T.);
#4887=ADVANCED_FACE('',(#425),#4710,.T.);
#4888=ADVANCED_FACE('',(#426),#4711,.F.);
#4889=ADVANCED_FACE('',(#427),#4712,.T.);
#4890=ADVANCED_FACE('',(#428),#4713,.T.);
#4891=ADVANCED_FACE('',(#429),#4714,.F.);
#4892=ADVANCED_FACE('',(#430),#4715,.F.);
#4893=ADVANCED_FACE('',(#431),#136,.F.);
#4894=ADVANCED_FACE('',(#432),#4716,.T.);
#4895=ADVANCED_FACE('',(#433),#4717,.T.);
#4896=ADVANCED_FACE('',(#434),#4718,.T.);
#4897=ADVANCED_FACE('',(#435),#4719,.T.);
#4898=ADVANCED_FACE('',(#436),#4720,.T.);
#4899=ADVANCED_FACE('',(#437),#4721,.T.);
#4900=ADVANCED_FACE('',(#438),#137,.T.);
#4901=ADVANCED_FACE('',(#439),#138,.F.);
#4902=ADVANCED_FACE('',(#440),#139,.T.);
#4903=ADVANCED_FACE('',(#441),#140,.F.);
#4904=ADVANCED_FACE('',(#442),#141,.T.);
#4905=ADVANCED_FACE('',(#443),#32,.F.);
#4906=ADVANCED_FACE('',(#444),#142,.T.);
#4907=ADVANCED_FACE('',(#445),#46,.F.);
#4908=ADVANCED_FACE('',(#446),#143,.T.);
#4909=ADVANCED_FACE('',(#447),#4722,.T.);
#4910=ADVANCED_FACE('',(#448),#144,.T.);
#4911=ADVANCED_FACE('',(#449,#39),#4723,.T.);
#4912=ADVANCED_FACE('',(#450),#4724,.T.);
#4913=ADVANCED_FACE('',(#451),#145,.T.);
#4914=ADVANCED_FACE('',(#452),#33,.F.);
#4915=ADVANCED_FACE('',(#453),#146,.T.);
#4916=ADVANCED_FACE('',(#454),#47,.F.);
#4917=ADVANCED_FACE('',(#455),#147,.T.);
#4918=ADVANCED_FACE('',(#456),#48,.F.);
#4919=ADVANCED_FACE('',(#457),#148,.T.);
#4920=ADVANCED_FACE('',(#458),#4725,.T.);
#4921=ADVANCED_FACE('',(#459),#4726,.T.);
#4922=ADVANCED_FACE('',(#460),#149,.T.);
#4923=ADVANCED_FACE('',(#461),#34,.F.);
#4924=ADVANCED_FACE('',(#462),#150,.T.);
#4925=ADVANCED_FACE('',(#463),#49,.F.);
#4926=ADVANCED_FACE('',(#464),#151,.T.);
#4927=ADVANCED_FACE('',(#465),#50,.F.);
#4928=ADVANCED_FACE('',(#466),#152,.T.);
#4929=ADVANCED_FACE('',(#467),#4727,.T.);
#4930=ADVANCED_FACE('',(#468),#4728,.T.);
#4931=ADVANCED_FACE('',(#469),#153,.T.);
#4932=ADVANCED_FACE('',(#470),#35,.F.);
#4933=ADVANCED_FACE('',(#471),#154,.T.);
#4934=ADVANCED_FACE('',(#472),#51,.F.);
#4935=ADVANCED_FACE('',(#473),#155,.T.);
#4936=ADVANCED_FACE('',(#474),#4729,.T.);
#4937=ADVANCED_FACE('',(#475),#156,.T.);
#4938=ADVANCED_FACE('',(#476),#4730,.T.);
#4939=ADVANCED_FACE('',(#477),#157,.T.);
#4940=ADVANCED_FACE('',(#478),#158,.T.);
#4941=ADVANCED_FACE('',(#479),#159,.T.);
#4942=ADVANCED_FACE('',(#480),#160,.T.);
#4943=ADVANCED_FACE('',(#481),#52,.F.);
#4944=ADVANCED_FACE('',(#482),#161,.T.);
#4945=ADVANCED_FACE('',(#483),#53,.F.);
#4946=ADVANCED_FACE('',(#484),#162,.T.);
#4947=ADVANCED_FACE('',(#485),#54,.F.);
#4948=ADVANCED_FACE('',(#486),#4731,.T.);
#4949=ADVANCED_FACE('',(#487),#163,.T.);
#4950=ADVANCED_FACE('',(#488),#55,.F.);
#4951=ADVANCED_FACE('',(#489),#56,.F.);
#4952=ADVANCED_FACE('',(#490),#164,.T.);
#4953=ADVANCED_FACE('',(#491),#57,.F.);
#4954=ADVANCED_FACE('',(#492),#4732,.F.);
#4955=ADVANCED_FACE('',(#493),#4733,.T.);
#4956=ADVANCED_FACE('',(#494),#4734,.T.);
#4957=ADVANCED_FACE('',(#495),#4735,.T.);
#4958=ADVANCED_FACE('',(#496),#165,.T.);
#4959=ADVANCED_FACE('',(#497,#40,#41),#4736,.T.);
#4960=ADVANCED_FACE('',(#498),#166,.T.);
#4961=ADVANCED_FACE('',(#499),#4737,.T.);
#4962=ADVANCED_FACE('',(#500),#167,.T.);
#4963=ADVANCED_FACE('',(#501),#4738,.T.);
#4964=ADVANCED_FACE('',(#502),#168,.T.);
#4965=ADVANCED_FACE('',(#503),#169,.T.);
#4966=ADVANCED_FACE('',(#504),#4739,.T.);
#4967=ADVANCED_FACE('',(#505),#170,.T.);
#4968=ADVANCED_FACE('',(#506),#4740,.T.);
#4969=ADVANCED_FACE('',(#507),#4741,.T.);
#4970=ADVANCED_FACE('',(#508),#24,.T.);
#4971=ADVANCED_FACE('',(#509),#4742,.T.);
#4972=ADVANCED_FACE('',(#510),#25,.T.);
#4973=ADVANCED_FACE('',(#511),#4743,.T.);
#4974=ADVANCED_FACE('',(#512),#26,.T.);
#4975=ADVANCED_FACE('',(#513),#4744,.T.);
#4976=ADVANCED_FACE('',(#514),#27,.T.);
#4977=ADVANCED_FACE('',(#515),#4745,.T.);
#4978=ADVANCED_FACE('',(#516),#28,.T.);
#4979=ADVANCED_FACE('',(#517),#4746,.T.);
#4980=ADVANCED_FACE('',(#518),#29,.T.);
#4981=ADVANCED_FACE('',(#519),#4747,.T.);
#4982=ADVANCED_FACE('',(#520),#30,.T.);
#4983=ADVANCED_FACE('',(#521),#4748,.T.);
#4984=ADVANCED_FACE('',(#522),#31,.T.);
#4985=ADVANCED_FACE('',(#523),#171,.T.);
#4986=ADVANCED_FACE('',(#524),#4749,.T.);
#4987=ADVANCED_FACE('',(#525),#172,.T.);
#4988=ADVANCED_FACE('',(#526),#4750,.T.);
#4989=ADVANCED_FACE('',(#527),#173,.T.);
#4990=ADVANCED_FACE('',(#528,#42),#4751,.T.);
#4991=ADVANCED_FACE('',(#529),#20,.T.);
#4992=ADVANCED_FACE('',(#530),#174,.T.);
#4993=ADVANCED_FACE('',(#531),#21,.T.);
#4994=ADVANCED_FACE('',(#532),#175,.T.);
#4995=ADVANCED_FACE('',(#533),#176,.T.);
#4996=ADVANCED_FACE('',(#534),#4752,.T.);
#4997=ADVANCED_FACE('',(#535),#177,.T.);
#4998=ADVANCED_FACE('',(#536),#22,.T.);
#4999=ADVANCED_FACE('',(#537),#178,.T.);
#5000=ADVANCED_FACE('',(#538),#23,.T.);
#5001=ADVANCED_FACE('',(#539),#179,.T.);
#5002=ADVANCED_FACE('',(#540),#180,.T.);
#5003=ADVANCED_FACE('',(#541),#181,.T.);
#5004=ADVANCED_FACE('',(#542),#4753,.T.);
#5005=ADVANCED_FACE('',(#543),#4754,.T.);
#5006=ADVANCED_FACE('',(#544),#182,.T.);
#5007=ADVANCED_FACE('',(#545),#4755,.F.);
#5008=ADVANCED_FACE('',(#546),#183,.F.);
#5009=ADVANCED_FACE('',(#547),#4756,.F.);
#5010=ADVANCED_FACE('',(#548),#184,.F.);
#5011=ADVANCED_FACE('',(#549),#4757,.F.);
#5012=ADVANCED_FACE('',(#550),#4758,.F.);
#5013=ADVANCED_FACE('',(#551),#185,.F.);
#5014=ADVANCED_FACE('',(#552),#4759,.T.);
#5015=ADVANCED_FACE('',(#553),#4760,.T.);
#5016=ADVANCED_FACE('',(#554),#4761,.F.);
#5017=ADVANCED_FACE('',(#555),#4762,.F.);
#5018=ADVANCED_FACE('',(#556),#4763,.F.);
#5019=ADVANCED_FACE('',(#557),#4764,.F.);
#5020=ADVANCED_FACE('',(#558,#43),#4765,.F.);
#5021=ADVANCED_FACE('',(#559),#4766,.T.);
#5022=ADVANCED_FACE('',(#560),#4767,.T.);
#5023=ADVANCED_FACE('',(#561),#4768,.F.);
#5024=ADVANCED_FACE('',(#562),#4769,.T.);
#5025=ADVANCED_FACE('',(#563),#4770,.F.);
#5026=ADVANCED_FACE('',(#564),#186,.F.);
#5027=ADVANCED_FACE('',(#565),#4771,.F.);
#5028=ADVANCED_FACE('',(#566),#4772,.F.);
#5029=ADVANCED_FACE('',(#567),#4773,.F.);
#5030=ADVANCED_FACE('',(#568),#4774,.T.);
#5031=ADVANCED_FACE('',(#569),#4775,.F.);
#5032=ADVANCED_FACE('',(#570),#4776,.F.);
#5033=ADVANCED_FACE('',(#571),#187,.F.);
#5034=ADVANCED_FACE('',(#572),#4777,.T.);
#5035=ADVANCED_FACE('',(#573),#4778,.F.);
#5036=ADVANCED_FACE('',(#574),#4779,.T.);
#5037=ADVANCED_FACE('',(#575),#4780,.F.);
#5038=ADVANCED_FACE('',(#576,#44),#4781,.F.);
#5039=ADVANCED_FACE('',(#577),#4782,.T.);
#5040=ADVANCED_FACE('',(#578),#4783,.T.);
#5041=ADVANCED_FACE('',(#579),#4784,.T.);
#5042=ADVANCED_FACE('',(#580),#4785,.F.);
#5043=ADVANCED_FACE('',(#581),#4786,.F.);
#5044=ADVANCED_FACE('',(#582),#4787,.T.);
#5045=ADVANCED_FACE('',(#583),#4788,.T.);
#5046=ADVANCED_FACE('',(#584),#4789,.F.);
#5047=ADVANCED_FACE('',(#585),#4790,.T.);
#5048=ADVANCED_FACE('',(#586),#4791,.T.);
#5049=ADVANCED_FACE('',(#587),#4792,.T.);
#5050=ADVANCED_FACE('',(#588),#4793,.F.);
#5051=ADVANCED_FACE('',(#589),#4794,.T.);
#5052=ADVANCED_FACE('',(#590),#4795,.T.);
#5053=ADVANCED_FACE('',(#591),#4796,.T.);
#5054=ADVANCED_FACE('',(#592),#188,.F.);
#5055=ADVANCED_FACE('',(#593),#4797,.T.);
#5056=ADVANCED_FACE('',(#594),#4798,.T.);
#5057=ADVANCED_FACE('',(#595),#189,.F.);
#5058=ADVANCED_FACE('',(#596),#4799,.T.);
#5059=ADVANCED_FACE('',(#597),#190,.F.);
#5060=ADVANCED_FACE('',(#598),#4800,.F.);
#5061=ADVANCED_FACE('',(#599),#4801,.F.);
#5062=ADVANCED_FACE('',(#600),#4802,.F.);
#5063=ADVANCED_FACE('',(#601),#4803,.F.);
#5064=ADVANCED_FACE('',(#602),#4804,.F.);
#5065=ADVANCED_FACE('',(#603),#4805,.F.);
#5066=ADVANCED_FACE('',(#604),#4806,.F.);
#5067=ADVANCED_FACE('',(#605),#4807,.F.);
#5068=ADVANCED_FACE('',(#606),#191,.F.);
#5069=ADVANCED_FACE('',(#607),#4808,.F.);
#5070=ADVANCED_FACE('',(#608),#192,.F.);
#5071=ADVANCED_FACE('',(#609),#4809,.F.);
#5072=ADVANCED_FACE('',(#610),#193,.F.);
#5073=ADVANCED_FACE('',(#611),#4810,.F.);
#5074=ADVANCED_FACE('',(#612),#194,.F.);
#5075=ADVANCED_FACE('',(#613),#4811,.F.);
#5076=ADVANCED_FACE('',(#614),#4812,.F.);
#5077=ADVANCED_FACE('',(#615),#195,.T.);
#5078=ADVANCED_FACE('',(#616),#4813,.F.);
#5079=ADVANCED_FACE('',(#617),#196,.T.);
#5080=ADVANCED_FACE('',(#618),#4814,.F.);
#5081=ADVANCED_FACE('',(#619),#197,.T.);
#5082=ADVANCED_FACE('',(#620),#4815,.F.);
#5083=ADVANCED_FACE('',(#621),#198,.T.);
#5084=ADVANCED_FACE('',(#622),#4816,.F.);
#5085=ADVANCED_FACE('',(#623),#4817,.F.);
#5086=ADVANCED_FACE('',(#624),#4818,.T.);
#5087=ADVANCED_FACE('',(#625),#4819,.F.);
#5088=ADVANCED_FACE('',(#626),#4820,.F.);
#5089=ADVANCED_FACE('',(#627),#4821,.F.);
#5090=ADVANCED_FACE('',(#628),#199,.F.);
#5091=ADVANCED_FACE('',(#629),#4822,.F.);
#5092=ADVANCED_FACE('',(#630),#200,.F.);
#5093=ADVANCED_FACE('',(#631),#4823,.F.);
#5094=ADVANCED_FACE('',(#632),#201,.F.);
#5095=ADVANCED_FACE('',(#633),#4824,.F.);
#5096=ADVANCED_FACE('',(#634),#202,.F.);
#5097=ADVANCED_FACE('',(#635),#4825,.F.);
#5098=ADVANCED_FACE('',(#636),#4826,.F.);
#5099=ADVANCED_FACE('',(#637),#203,.T.);
#5100=ADVANCED_FACE('',(#638),#4827,.F.);
#5101=ADVANCED_FACE('',(#639),#204,.T.);
#5102=ADVANCED_FACE('',(#640),#4828,.F.);
#5103=ADVANCED_FACE('',(#641),#205,.T.);
#5104=ADVANCED_FACE('',(#642),#4829,.F.);
#5105=ADVANCED_FACE('',(#643),#206,.T.);
#5106=ADVANCED_FACE('',(#644),#4830,.F.);
#5107=ADVANCED_FACE('',(#645),#4831,.F.);
#5108=ADVANCED_FACE('',(#646),#4832,.T.);
#5109=CLOSED_SHELL('',(#4833,#4834,#4835,#4836,#4837,#4838,#4839,#4840,
#4841,#4842,#4843,#4844,#4845,#4846,#4847,#4848,#4849,#4850,#4851,#4852,
#4853,#4854,#4855,#4856,#4857,#4858,#4859,#4860,#4861,#4862,#4863,#4864,
#4865,#4866,#4867,#4868,#4869,#4870,#4871,#4872,#4873,#4874,#4875,#4876,
#4877,#4878,#4879,#4880,#4881,#4882,#4883,#4884,#4885,#4886,#4887,#4888,
#4889,#4890,#4891,#4892,#4893,#4894,#4895,#4896,#4897,#4898,#4899,#4900,
#4901,#4902,#4903,#4904,#4905,#4906,#4907,#4908,#4909,#4910,#4911,#4912,
#4913,#4914,#4915,#4916,#4917,#4918,#4919,#4920,#4921,#4922,#4923,#4924,
#4925,#4926,#4927,#4928,#4929,#4930,#4931,#4932,#4933,#4934,#4935,#4936,
#4937,#4938,#4939,#4940,#4941,#4942,#4943,#4944,#4945,#4946,#4947,#4948,
#4949,#4950,#4951,#4952,#4953,#4954,#4955,#4956,#4957,#4958,#4959,#4960,
#4961,#4962,#4963,#4964,#4965,#4966,#4967,#4968,#4969,#4970,#4971,#4972,
#4973,#4974,#4975,#4976,#4977,#4978,#4979,#4980,#4981,#4982,#4983,#4984,
#4985,#4986,#4987,#4988,#4989,#4990,#4991,#4992,#4993,#4994,#4995,#4996,
#4997,#4998,#4999,#5000,#5001,#5002,#5003,#5004,#5005,#5006,#5007,#5008,
#5009,#5010,#5011,#5012,#5013,#5014,#5015,#5016,#5017,#5018,#5019,#5020,
#5021,#5022,#5023,#5024,#5025,#5026,#5027,#5028,#5029,#5030,#5031,#5032,
#5033,#5034,#5035,#5036,#5037,#5038,#5039,#5040,#5041,#5042,#5043,#5044,
#5045,#5046,#5047,#5048,#5049,#5050,#5051,#5052,#5053,#5054,#5055,#5056,
#5057,#5058,#5059,#5060,#5061,#5062,#5063,#5064));
#5110=CLOSED_SHELL('',(#5065,#5066,#5067,#5068,#5069,#5070,#5071,#5072,
#5073,#5074,#5075,#5076,#5077,#5078,#5079,#5080,#5081,#5082,#5083,#5084,
#5085,#5086));
#5111=CLOSED_SHELL('',(#5087,#5088,#5089,#5090,#5091,#5092,#5093,#5094,
#5095,#5096,#5097,#5098,#5099,#5100,#5101,#5102,#5103,#5104,#5105,#5106,
#5107,#5108));
#5112=BREP_WITH_VOIDS('Case',#5109,(#18,#19));
#5113=DERIVED_UNIT_ELEMENT(#5115,1.);
#5114=DERIVED_UNIT_ELEMENT(#9042,-3.);
#5115=(
MASS_UNIT()
NAMED_UNIT(*)
SI_UNIT(.KILO.,.GRAM.)
);
#5116=DERIVED_UNIT((#5113,#5114));
#5117=MEASURE_REPRESENTATION_ITEM('density measure',
POSITIVE_RATIO_MEASURE(7850.),#5116);
#5118=PROPERTY_DEFINITION_REPRESENTATION(#5123,#5120);
#5119=PROPERTY_DEFINITION_REPRESENTATION(#5124,#5121);
#5120=REPRESENTATION('material name',(#5122),#9039);
#5121=REPRESENTATION('density',(#5117),#9039);
#5122=DESCRIPTIVE_REPRESENTATION_ITEM('Steel','Steel');
#5123=PROPERTY_DEFINITION('material property','material name',#9054);
#5124=PROPERTY_DEFINITION('material property','density of part',#9054);
#5125=AXIS2_PLACEMENT_3D('',#7037,#5591,#5592);
#5126=AXIS2_PLACEMENT_3D('',#7038,#5593,#5594);
#5127=AXIS2_PLACEMENT_3D('',#7039,#5595,#5596);
#5128=AXIS2_PLACEMENT_3D('',#7048,#5601,#5602);
#5129=AXIS2_PLACEMENT_3D('',#7052,#5604,#5605);
#5130=AXIS2_PLACEMENT_3D('',#7056,#5607,#5608);
#5131=AXIS2_PLACEMENT_3D('',#7074,#5617,#5618);
#5132=AXIS2_PLACEMENT_3D('',#7076,#5620,#5621);
#5133=AXIS2_PLACEMENT_3D('',#7090,#5623,#5624);
#5134=AXIS2_PLACEMENT_3D('',#7094,#5626,#5627);
#5135=AXIS2_PLACEMENT_3D('',#7096,#5628,#5629);
#5136=AXIS2_PLACEMENT_3D('',#7106,#5630,#5631);
#5137=AXIS2_PLACEMENT_3D('',#7107,#5632,#5633);
#5138=AXIS2_PLACEMENT_3D('',#7153,#5644,#5645);
#5139=AXIS2_PLACEMENT_3D('',#7155,#5646,#5647);
#5140=AXIS2_PLACEMENT_3D('',#7156,#5648,#5649);
#5141=AXIS2_PLACEMENT_3D('',#7157,#5650,#5651);
#5142=AXIS2_PLACEMENT_3D('',#7160,#5652,#5653);
#5143=AXIS2_PLACEMENT_3D('',#7163,#5656,#5657);
#5144=AXIS2_PLACEMENT_3D('',#7169,#5661,#5662);
#5145=AXIS2_PLACEMENT_3D('',#7170,#5663,#5664);
#5146=AXIS2_PLACEMENT_3D('',#7171,#5665,#5666);
#5147=AXIS2_PLACEMENT_3D('',#7181,#5671,#5672);
#5148=AXIS2_PLACEMENT_3D('',#7185,#5674,#5675);
#5149=AXIS2_PLACEMENT_3D('',#7187,#5677,#5678);
#5150=AXIS2_PLACEMENT_3D('',#7198,#5681,#5682);
#5151=AXIS2_PLACEMENT_3D('',#7209,#5685,#5686);
#5152=AXIS2_PLACEMENT_3D('',#7214,#5690,#5691);
#5153=AXIS2_PLACEMENT_3D('',#7223,#5693,#5694);
#5154=AXIS2_PLACEMENT_3D('',#7234,#5697,#5698);
#5155=AXIS2_PLACEMENT_3D('',#7235,#5699,#5700);
#5156=AXIS2_PLACEMENT_3D('',#7236,#5701,#5702);
#5157=AXIS2_PLACEMENT_3D('',#7240,#5705,#5706);
#5158=AXIS2_PLACEMENT_3D('',#7264,#5707,#5708);
#5159=AXIS2_PLACEMENT_3D('',#7265,#5709,#5710);
#5160=AXIS2_PLACEMENT_3D('',#7266,#5711,#5712);
#5161=AXIS2_PLACEMENT_3D('',#7267,#5713,#5714);
#5162=AXIS2_PLACEMENT_3D('',#7268,#5715,#5716);
#5163=AXIS2_PLACEMENT_3D('',#7269,#5717,#5718);
#5164=AXIS2_PLACEMENT_3D('',#7280,#5724,#5725);
#5165=AXIS2_PLACEMENT_3D('',#7307,#5740,#5741);
#5166=AXIS2_PLACEMENT_3D('',#7315,#5746,#5747);
#5167=AXIS2_PLACEMENT_3D('',#7323,#5752,#5753);
#5168=AXIS2_PLACEMENT_3D('',#7331,#5758,#5759);
#5169=AXIS2_PLACEMENT_3D('',#7342,#5765,#5766);
#5170=AXIS2_PLACEMENT_3D('',#7369,#5781,#5782);
#5171=AXIS2_PLACEMENT_3D('',#7377,#5787,#5788);
#5172=AXIS2_PLACEMENT_3D('',#7385,#5793,#5794);
#5173=AXIS2_PLACEMENT_3D('',#7393,#5799,#5800);
#5174=AXIS2_PLACEMENT_3D('',#7404,#5806,#5807);
#5175=AXIS2_PLACEMENT_3D('',#7415,#5813,#5814);
#5176=AXIS2_PLACEMENT_3D('',#7426,#5820,#5821);
#5177=AXIS2_PLACEMENT_3D('',#7437,#5827,#5828);
#5178=AXIS2_PLACEMENT_3D('',#7468,#5845,#5846);
#5179=AXIS2_PLACEMENT_3D('',#7476,#5851,#5852);
#5180=AXIS2_PLACEMENT_3D('',#7484,#5857,#5858);
#5181=AXIS2_PLACEMENT_3D('',#7487,#5859,#5860);
#5182=AXIS2_PLACEMENT_3D('',#7491,#5862,#5863);
#5183=AXIS2_PLACEMENT_3D('',#7504,#5865,#5866);
#5184=AXIS2_PLACEMENT_3D('',#7512,#5871,#5872);
#5185=AXIS2_PLACEMENT_3D('',#7518,#5876,#5877);
#5186=AXIS2_PLACEMENT_3D('',#7519,#5878,#5879);
#5187=AXIS2_PLACEMENT_3D('',#7521,#5881,#5882);
#5188=AXIS2_PLACEMENT_3D('',#7523,#5883,#5884);
#5189=AXIS2_PLACEMENT_3D('',#7526,#5886,#5887);
#5190=AXIS2_PLACEMENT_3D('',#7528,#5888,#5889);
#5191=AXIS2_PLACEMENT_3D('',#7530,#5890,#5891);
#5192=AXIS2_PLACEMENT_3D('',#7533,#5893,#5894);
#5193=AXIS2_PLACEMENT_3D('',#7534,#5895,#5896);
#5194=AXIS2_PLACEMENT_3D('',#7536,#5898,#5899);
#5195=AXIS2_PLACEMENT_3D('',#7538,#5901,#5902);
#5196=AXIS2_PLACEMENT_3D('',#7540,#5904,#5905);
#5197=AXIS2_PLACEMENT_3D('',#7541,#5906,#5907);
#5198=AXIS2_PLACEMENT_3D('',#7547,#5910,#5911);
#5199=AXIS2_PLACEMENT_3D('',#7551,#5913,#5914);
#5200=AXIS2_PLACEMENT_3D('',#7557,#5917,#5918);
#5201=AXIS2_PLACEMENT_3D('',#7564,#5923,#5924);
#5202=AXIS2_PLACEMENT_3D('',#7566,#5925,#5926);
#5203=AXIS2_PLACEMENT_3D('',#7570,#5928,#5929);
#5204=AXIS2_PLACEMENT_3D('',#7571,#5930,#5931);
#5205=AXIS2_PLACEMENT_3D('',#7573,#5932,#5933);
#5206=AXIS2_PLACEMENT_3D('',#7575,#5935,#5936);
#5207=AXIS2_PLACEMENT_3D('',#7577,#5938,#5939);
#5208=AXIS2_PLACEMENT_3D('',#7579,#5941,#5942);
#5209=AXIS2_PLACEMENT_3D('',#7581,#5944,#5945);
#5210=AXIS2_PLACEMENT_3D('',#7582,#5946,#5947);
#5211=AXIS2_PLACEMENT_3D('',#7584,#5948,#5949);
#5212=AXIS2_PLACEMENT_3D('',#7586,#5951,#5952);
#5213=AXIS2_PLACEMENT_3D('',#7588,#5953,#5954);
#5214=AXIS2_PLACEMENT_3D('',#7589,#5955,#5956);
#5215=AXIS2_PLACEMENT_3D('',#7591,#5957,#5958);
#5216=AXIS2_PLACEMENT_3D('',#7593,#5959,#5960);
#5217=AXIS2_PLACEMENT_3D('',#7596,#5962,#5963);
#5218=AXIS2_PLACEMENT_3D('',#7597,#5964,#5965);
#5219=AXIS2_PLACEMENT_3D('',#7599,#5966,#5967);
#5220=AXIS2_PLACEMENT_3D('',#7601,#5969,#5970);
#5221=AXIS2_PLACEMENT_3D('',#7603,#5972,#5973);
#5222=AXIS2_PLACEMENT_3D('',#7605,#5975,#5976);
#5223=AXIS2_PLACEMENT_3D('',#7606,#5977,#5978);
#5224=AXIS2_PLACEMENT_3D('',#7609,#5981,#5982);
#5225=AXIS2_PLACEMENT_3D('',#7611,#5984,#5985);
#5226=AXIS2_PLACEMENT_3D('',#7612,#5986,#5987);
#5227=AXIS2_PLACEMENT_3D('',#7614,#5988,#5989);
#5228=AXIS2_PLACEMENT_3D('',#7616,#5991,#5992);
#5229=AXIS2_PLACEMENT_3D('',#7620,#5994,#5995);
#5230=AXIS2_PLACEMENT_3D('',#7624,#5997,#5998);
#5231=AXIS2_PLACEMENT_3D('',#7625,#5999,#6000);
#5232=AXIS2_PLACEMENT_3D('',#7626,#6001,#6002);
#5233=AXIS2_PLACEMENT_3D('',#7628,#6003,#6004);
#5234=AXIS2_PLACEMENT_3D('',#7629,#6005,#6006);
#5235=AXIS2_PLACEMENT_3D('',#7630,#6007,#6008);
#5236=AXIS2_PLACEMENT_3D('',#7632,#6010,#6011);
#5237=AXIS2_PLACEMENT_3D('',#7634,#6013,#6014);
#5238=AXIS2_PLACEMENT_3D('',#7635,#6015,#6016);
#5239=AXIS2_PLACEMENT_3D('',#7638,#6019,#6020);
#5240=AXIS2_PLACEMENT_3D('',#7640,#6022,#6023);
#5241=AXIS2_PLACEMENT_3D('',#7641,#6024,#6025);
#5242=AXIS2_PLACEMENT_3D('',#7644,#6026,#6027);
#5243=AXIS2_PLACEMENT_3D('',#7648,#6029,#6030);
#5244=AXIS2_PLACEMENT_3D('',#7650,#6032,#6033);
#5245=AXIS2_PLACEMENT_3D('',#7652,#6034,#6035);
#5246=AXIS2_PLACEMENT_3D('',#7655,#6037,#6038);
#5247=AXIS2_PLACEMENT_3D('',#7656,#6039,#6040);
#5248=AXIS2_PLACEMENT_3D('',#7659,#6041,#6042);
#5249=AXIS2_PLACEMENT_3D('',#7663,#6044,#6045);
#5250=AXIS2_PLACEMENT_3D('',#7665,#6047,#6048);
#5251=AXIS2_PLACEMENT_3D('',#7667,#6049,#6050);
#5252=AXIS2_PLACEMENT_3D('',#7670,#6052,#6053);
#5253=AXIS2_PLACEMENT_3D('',#7671,#6054,#6055);
#5254=AXIS2_PLACEMENT_3D('',#7674,#6056,#6057);
#5255=AXIS2_PLACEMENT_3D('',#7678,#6059,#6060);
#5256=AXIS2_PLACEMENT_3D('',#7691,#6062,#6063);
#5257=AXIS2_PLACEMENT_3D('',#7692,#6064,#6065);
#5258=AXIS2_PLACEMENT_3D('',#7693,#6066,#6067);
#5259=AXIS2_PLACEMENT_3D('',#7694,#6068,#6069);
#5260=AXIS2_PLACEMENT_3D('',#7697,#6070,#6071);
#5261=AXIS2_PLACEMENT_3D('',#7726,#6074,#6075);
#5262=AXIS2_PLACEMENT_3D('',#7731,#6076,#6077);
#5263=AXIS2_PLACEMENT_3D('',#7754,#6080,#6081);
#5264=AXIS2_PLACEMENT_3D('',#7758,#6083,#6084);
#5265=AXIS2_PLACEMENT_3D('',#7761,#6086,#6087);
#5266=AXIS2_PLACEMENT_3D('',#7762,#6088,#6089);
#5267=AXIS2_PLACEMENT_3D('',#7765,#6091,#6092);
#5268=AXIS2_PLACEMENT_3D('',#7766,#6093,#6094);
#5269=AXIS2_PLACEMENT_3D('',#7776,#6099,#6100);
#5270=AXIS2_PLACEMENT_3D('',#7780,#6102,#6103);
#5271=AXIS2_PLACEMENT_3D('',#7796,#6111,#6112);
#5272=AXIS2_PLACEMENT_3D('',#7800,#6114,#6115);
#5273=AXIS2_PLACEMENT_3D('',#7811,#6122,#6123);
#5274=AXIS2_PLACEMENT_3D('',#7813,#6124,#6125);
#5275=AXIS2_PLACEMENT_3D('',#7817,#6127,#6128);
#5276=AXIS2_PLACEMENT_3D('',#7821,#6130,#6131);
#5277=AXIS2_PLACEMENT_3D('',#7827,#6135,#6136);
#5278=AXIS2_PLACEMENT_3D('',#7828,#6137,#6138);
#5279=AXIS2_PLACEMENT_3D('',#7831,#6139,#6140);
#5280=AXIS2_PLACEMENT_3D('',#7835,#6142,#6143);
#5281=AXIS2_PLACEMENT_3D('',#7847,#6145,#6146);
#5282=AXIS2_PLACEMENT_3D('',#7848,#6147,#6148);
#5283=AXIS2_PLACEMENT_3D('',#7849,#6149,#6150);
#5284=AXIS2_PLACEMENT_3D('',#7850,#6151,#6152);
#5285=AXIS2_PLACEMENT_3D('',#7852,#6153,#6154);
#5286=AXIS2_PLACEMENT_3D('',#7876,#6156,#6157);
#5287=AXIS2_PLACEMENT_3D('',#7885,#6158,#6159);
#5288=AXIS2_PLACEMENT_3D('',#7930,#6162,#6163);
#5289=AXIS2_PLACEMENT_3D('',#7932,#6164,#6165);
#5290=AXIS2_PLACEMENT_3D('',#7933,#6166,#6167);
#5291=AXIS2_PLACEMENT_3D('',#7934,#6168,#6169);
#5292=AXIS2_PLACEMENT_3D('',#7943,#6171,#6172);
#5293=AXIS2_PLACEMENT_3D('',#7945,#6174,#6175);
#5294=AXIS2_PLACEMENT_3D('',#7951,#6179,#6180);
#5295=AXIS2_PLACEMENT_3D('',#7953,#6181,#6182);
#5296=AXIS2_PLACEMENT_3D('',#7960,#6186,#6187);
#5297=AXIS2_PLACEMENT_3D('',#7964,#6189,#6190);
#5298=AXIS2_PLACEMENT_3D('',#7967,#6192,#6193);
#5299=AXIS2_PLACEMENT_3D('',#7968,#6194,#6195);
#5300=AXIS2_PLACEMENT_3D('',#7971,#6196,#6197);
#5301=AXIS2_PLACEMENT_3D('',#7975,#6199,#6200);
#5302=AXIS2_PLACEMENT_3D('',#7987,#6202,#6203);
#5303=AXIS2_PLACEMENT_3D('',#7988,#6204,#6205);
#5304=AXIS2_PLACEMENT_3D('',#7989,#6206,#6207);
#5305=AXIS2_PLACEMENT_3D('',#7990,#6208,#6209);
#5306=AXIS2_PLACEMENT_3D('',#7992,#6210,#6211);
#5307=AXIS2_PLACEMENT_3D('',#8016,#6213,#6214);
#5308=AXIS2_PLACEMENT_3D('',#8025,#6215,#6216);
#5309=AXIS2_PLACEMENT_3D('',#8070,#6219,#6220);
#5310=AXIS2_PLACEMENT_3D('',#8072,#6221,#6222);
#5311=AXIS2_PLACEMENT_3D('',#8073,#6223,#6224);
#5312=AXIS2_PLACEMENT_3D('',#8074,#6225,#6226);
#5313=AXIS2_PLACEMENT_3D('',#8083,#6228,#6229);
#5314=AXIS2_PLACEMENT_3D('',#8085,#6231,#6232);
#5315=AXIS2_PLACEMENT_3D('',#8091,#6236,#6237);
#5316=AXIS2_PLACEMENT_3D('',#8093,#6238,#6239);
#5317=AXIS2_PLACEMENT_3D('',#8100,#6243,#6244);
#5318=AXIS2_PLACEMENT_3D('',#8104,#6246,#6247);
#5319=AXIS2_PLACEMENT_3D('',#8107,#6249,#6250);
#5320=AXIS2_PLACEMENT_3D('',#8108,#6251,#6252);
#5321=AXIS2_PLACEMENT_3D('',#8111,#6253,#6254);
#5322=AXIS2_PLACEMENT_3D('',#8115,#6256,#6257);
#5323=AXIS2_PLACEMENT_3D('',#8127,#6259,#6260);
#5324=AXIS2_PLACEMENT_3D('',#8128,#6261,#6262);
#5325=AXIS2_PLACEMENT_3D('',#8129,#6263,#6264);
#5326=AXIS2_PLACEMENT_3D('',#8130,#6265,#6266);
#5327=AXIS2_PLACEMENT_3D('',#8132,#6267,#6268);
#5328=AXIS2_PLACEMENT_3D('',#8160,#6270,#6271);
#5329=AXIS2_PLACEMENT_3D('',#8165,#6272,#6273);
#5330=AXIS2_PLACEMENT_3D('',#8188,#6276,#6277);
#5331=AXIS2_PLACEMENT_3D('',#8192,#6279,#6280);
#5332=AXIS2_PLACEMENT_3D('',#8195,#6282,#6283);
#5333=AXIS2_PLACEMENT_3D('',#8196,#6284,#6285);
#5334=AXIS2_PLACEMENT_3D('',#8197,#6286,#6287);
#5335=AXIS2_PLACEMENT_3D('',#8198,#6288,#6289);
#5336=AXIS2_PLACEMENT_3D('',#8200,#6290,#6291);
#5337=AXIS2_PLACEMENT_3D('',#8204,#6293,#6294);
#5338=AXIS2_PLACEMENT_3D('',#8208,#6296,#6297);
#5339=AXIS2_PLACEMENT_3D('',#8214,#6301,#6302);
#5340=AXIS2_PLACEMENT_3D('',#8215,#6303,#6304);
#5341=AXIS2_PLACEMENT_3D('',#8217,#6306,#6307);
#5342=AXIS2_PLACEMENT_3D('',#8220,#6309,#6310);
#5343=AXIS2_PLACEMENT_3D('',#8221,#6311,#6312);
#5344=AXIS2_PLACEMENT_3D('',#8223,#6314,#6315);
#5345=AXIS2_PLACEMENT_3D('',#8226,#6317,#6318);
#5346=AXIS2_PLACEMENT_3D('',#8258,#6319,#6320);
#5347=AXIS2_PLACEMENT_3D('',#8259,#6321,#6322);
#5348=AXIS2_PLACEMENT_3D('',#8260,#6323,#6324);
#5349=AXIS2_PLACEMENT_3D('',#8262,#6325,#6326);
#5350=AXIS2_PLACEMENT_3D('',#8284,#6328,#6329);
#5351=AXIS2_PLACEMENT_3D('',#8285,#6330,#6331);
#5352=AXIS2_PLACEMENT_3D('',#8288,#6332,#6333);
#5353=AXIS2_PLACEMENT_3D('',#8321,#6336,#6337);
#5354=AXIS2_PLACEMENT_3D('',#8322,#6338,#6339);
#5355=AXIS2_PLACEMENT_3D('',#8323,#6340,#6341);
#5356=AXIS2_PLACEMENT_3D('',#8324,#6342,#6343);
#5357=AXIS2_PLACEMENT_3D('',#8327,#6344,#6345);
#5358=AXIS2_PLACEMENT_3D('',#8360,#6348,#6349);
#5359=AXIS2_PLACEMENT_3D('',#8361,#6350,#6351);
#5360=AXIS2_PLACEMENT_3D('',#8393,#6352,#6353);
#5361=AXIS2_PLACEMENT_3D('',#8394,#6354,#6355);
#5362=AXIS2_PLACEMENT_3D('',#8395,#6356,#6357);
#5363=AXIS2_PLACEMENT_3D('',#8397,#6358,#6359);
#5364=AXIS2_PLACEMENT_3D('',#8419,#6361,#6362);
#5365=AXIS2_PLACEMENT_3D('',#8420,#6363,#6364);
#5366=AXIS2_PLACEMENT_3D('',#8421,#6365,#6366);
#5367=AXIS2_PLACEMENT_3D('',#8422,#6367,#6368);
#5368=AXIS2_PLACEMENT_3D('',#8424,#6370,#6371);
#5369=AXIS2_PLACEMENT_3D('',#8426,#6373,#6374);
#5370=AXIS2_PLACEMENT_3D('',#8429,#6377,#6378);
#5371=AXIS2_PLACEMENT_3D('',#8434,#6380,#6381);
#5372=AXIS2_PLACEMENT_3D('',#8438,#6383,#6384);
#5373=AXIS2_PLACEMENT_3D('',#8442,#6386,#6387);
#5374=AXIS2_PLACEMENT_3D('',#8446,#6389,#6390);
#5375=AXIS2_PLACEMENT_3D('',#8450,#6392,#6393);
#5376=AXIS2_PLACEMENT_3D('',#8454,#6395,#6396);
#5377=AXIS2_PLACEMENT_3D('',#8458,#6398,#6399);
#5378=AXIS2_PLACEMENT_3D('',#8461,#6401,#6402);
#5379=AXIS2_PLACEMENT_3D('',#8463,#6404,#6405);
#5380=AXIS2_PLACEMENT_3D('',#8465,#6407,#6408);
#5381=AXIS2_PLACEMENT_3D('',#8467,#6410,#6411);
#5382=AXIS2_PLACEMENT_3D('',#8473,#6413,#6414);
#5383=AXIS2_PLACEMENT_3D('',#8475,#6416,#6417);
#5384=AXIS2_PLACEMENT_3D('',#8476,#6418,#6419);
#5385=AXIS2_PLACEMENT_3D('',#8482,#6421,#6422);
#5386=AXIS2_PLACEMENT_3D('',#8484,#6424,#6425);
#5387=AXIS2_PLACEMENT_3D('',#8486,#6427,#6428);
#5388=AXIS2_PLACEMENT_3D('',#8487,#6429,#6430);
#5389=AXIS2_PLACEMENT_3D('',#8493,#6434,#6435);
#5390=AXIS2_PLACEMENT_3D('',#8496,#6437,#6438);
#5391=AXIS2_PLACEMENT_3D('',#8497,#6439,#6440);
#5392=AXIS2_PLACEMENT_3D('',#8501,#6443,#6444);
#5393=AXIS2_PLACEMENT_3D('',#8503,#6446,#6447);
#5394=AXIS2_PLACEMENT_3D('',#8504,#6448,#6449);
#5395=AXIS2_PLACEMENT_3D('',#8506,#6451,#6452);
#5396=AXIS2_PLACEMENT_3D('',#8508,#6454,#6455);
#5397=AXIS2_PLACEMENT_3D('',#8512,#6458,#6459);
#5398=AXIS2_PLACEMENT_3D('',#8515,#6461,#6462);
#5399=AXIS2_PLACEMENT_3D('',#8516,#6463,#6464);
#5400=AXIS2_PLACEMENT_3D('',#8520,#6467,#6468);
#5401=AXIS2_PLACEMENT_3D('',#8523,#6470,#6471);
#5402=AXIS2_PLACEMENT_3D('',#8524,#6472,#6473);
#5403=AXIS2_PLACEMENT_3D('',#8528,#6476,#6477);
#5404=AXIS2_PLACEMENT_3D('',#8530,#6479,#6480);
#5405=AXIS2_PLACEMENT_3D('',#8531,#6481,#6482);
#5406=AXIS2_PLACEMENT_3D('',#8533,#6484,#6485);
#5407=AXIS2_PLACEMENT_3D('',#8535,#6487,#6488);
#5408=AXIS2_PLACEMENT_3D('',#8539,#6491,#6492);
#5409=AXIS2_PLACEMENT_3D('',#8540,#6493,#6494);
#5410=AXIS2_PLACEMENT_3D('',#8541,#6495,#6496);
#5411=AXIS2_PLACEMENT_3D('',#8545,#6498,#6499);
#5412=AXIS2_PLACEMENT_3D('',#8547,#6501,#6502);
#5413=AXIS2_PLACEMENT_3D('',#8550,#6505,#6506);
#5414=AXIS2_PLACEMENT_3D('',#8551,#6507,#6508);
#5415=AXIS2_PLACEMENT_3D('',#8555,#6511,#6512);
#5416=AXIS2_PLACEMENT_3D('',#8558,#6514,#6515);
#5417=AXIS2_PLACEMENT_3D('',#8559,#6516,#6517);
#5418=AXIS2_PLACEMENT_3D('',#8567,#6521,#6522);
#5419=AXIS2_PLACEMENT_3D('',#8570,#6524,#6525);
#5420=AXIS2_PLACEMENT_3D('',#8571,#6526,#6527);
#5421=AXIS2_PLACEMENT_3D('',#8573,#6528,#6529);
#5422=AXIS2_PLACEMENT_3D('',#8574,#6530,#6531);
#5423=AXIS2_PLACEMENT_3D('',#8575,#6532,#6533);
#5424=AXIS2_PLACEMENT_3D('',#8576,#6534,#6535);
#5425=AXIS2_PLACEMENT_3D('',#8577,#6536,#6537);
#5426=AXIS2_PLACEMENT_3D('',#8578,#6538,#6539);
#5427=AXIS2_PLACEMENT_3D('',#8579,#6540,#6541);
#5428=AXIS2_PLACEMENT_3D('',#8580,#6542,#6543);
#5429=AXIS2_PLACEMENT_3D('',#8582,#6545,#6546);
#5430=AXIS2_PLACEMENT_3D('',#8583,#6547,#6548);
#5431=AXIS2_PLACEMENT_3D('',#8586,#6551,#6552);
#5432=AXIS2_PLACEMENT_3D('',#8587,#6553,#6554);
#5433=AXIS2_PLACEMENT_3D('',#8588,#6555,#6556);
#5434=AXIS2_PLACEMENT_3D('',#8589,#6557,#6558);
#5435=AXIS2_PLACEMENT_3D('',#8590,#6559,#6560);
#5436=AXIS2_PLACEMENT_3D('',#8592,#6561,#6562);
#5437=AXIS2_PLACEMENT_3D('',#8594,#6564,#6565);
#5438=AXIS2_PLACEMENT_3D('',#8596,#6566,#6567);
#5439=AXIS2_PLACEMENT_3D('',#8597,#6568,#6569);
#5440=AXIS2_PLACEMENT_3D('',#8598,#6570,#6571);
#5441=AXIS2_PLACEMENT_3D('',#8599,#6572,#6573);
#5442=AXIS2_PLACEMENT_3D('',#8601,#6575,#6576);
#5443=AXIS2_PLACEMENT_3D('',#8604,#6579,#6580);
#5444=AXIS2_PLACEMENT_3D('',#8605,#6581,#6582);
#5445=AXIS2_PLACEMENT_3D('',#8606,#6583,#6584);
#5446=AXIS2_PLACEMENT_3D('',#8607,#6585,#6586);
#5447=AXIS2_PLACEMENT_3D('',#8608,#6587,#6588);
#5448=AXIS2_PLACEMENT_3D('',#8611,#6589,#6590);
#5449=AXIS2_PLACEMENT_3D('',#8621,#6593,#6594);
#5450=AXIS2_PLACEMENT_3D('',#8624,#6596,#6597);
#5451=AXIS2_PLACEMENT_3D('',#8625,#6598,#6599);
#5452=AXIS2_PLACEMENT_3D('',#8629,#6601,#6602);
#5453=AXIS2_PLACEMENT_3D('',#8631,#6604,#6605);
#5454=AXIS2_PLACEMENT_3D('',#8633,#6607,#6608);
#5455=AXIS2_PLACEMENT_3D('',#8637,#6611,#6612);
#5456=AXIS2_PLACEMENT_3D('',#8638,#6613,#6614);
#5457=AXIS2_PLACEMENT_3D('',#8640,#6615,#6616);
#5458=AXIS2_PLACEMENT_3D('',#8642,#6618,#6619);
#5459=AXIS2_PLACEMENT_3D('',#8643,#6620,#6621);
#5460=AXIS2_PLACEMENT_3D('',#8647,#6624,#6625);
#5461=AXIS2_PLACEMENT_3D('',#8653,#6629,#6630);
#5462=AXIS2_PLACEMENT_3D('',#8664,#6637,#6638);
#5463=AXIS2_PLACEMENT_3D('',#8668,#6641,#6642);
#5464=AXIS2_PLACEMENT_3D('',#8672,#6645,#6646);
#5465=AXIS2_PLACEMENT_3D('',#8678,#6649,#6650);
#5466=AXIS2_PLACEMENT_3D('',#8681,#6652,#6653);
#5467=AXIS2_PLACEMENT_3D('',#8682,#6654,#6655);
#5468=AXIS2_PLACEMENT_3D('',#8690,#6660,#6661);
#5469=AXIS2_PLACEMENT_3D('',#8702,#6668,#6669);
#5470=AXIS2_PLACEMENT_3D('',#8706,#6672,#6673);
#5471=AXIS2_PLACEMENT_3D('',#8710,#6676,#6677);
#5472=AXIS2_PLACEMENT_3D('',#8713,#6680,#6681);
#5473=AXIS2_PLACEMENT_3D('',#8715,#6683,#6684);
#5474=AXIS2_PLACEMENT_3D('',#8717,#6686,#6687);
#5475=AXIS2_PLACEMENT_3D('',#8720,#6690,#6691);
#5476=AXIS2_PLACEMENT_3D('',#8722,#6693,#6694);
#5477=AXIS2_PLACEMENT_3D('',#8724,#6696,#6697);
#5478=AXIS2_PLACEMENT_3D('',#8726,#6699,#6700);
#5479=AXIS2_PLACEMENT_3D('',#8728,#6702,#6703);
#5480=AXIS2_PLACEMENT_3D('',#8729,#6704,#6705);
#5481=AXIS2_PLACEMENT_3D('',#8732,#6708,#6709);
#5482=AXIS2_PLACEMENT_3D('',#8734,#6711,#6712);
#5483=AXIS2_PLACEMENT_3D('',#8736,#6714,#6715);
#5484=AXIS2_PLACEMENT_3D('',#8737,#6716,#6717);
#5485=AXIS2_PLACEMENT_3D('',#8738,#6718,#6719);
#5486=AXIS2_PLACEMENT_3D('',#8739,#6720,#6721);
#5487=AXIS2_PLACEMENT_3D('',#8742,#6724,#6725);
#5488=AXIS2_PLACEMENT_3D('',#8744,#6727,#6728);
#5489=AXIS2_PLACEMENT_3D('',#8745,#6729,#6730);
#5490=AXIS2_PLACEMENT_3D('',#8746,#6731,#6732);
#5491=AXIS2_PLACEMENT_3D('',#8749,#6735,#6736);
#5492=AXIS2_PLACEMENT_3D('',#8751,#6738,#6739);
#5493=AXIS2_PLACEMENT_3D('',#8752,#6740,#6741);
#5494=AXIS2_PLACEMENT_3D('',#8754,#6743,#6744);
#5495=AXIS2_PLACEMENT_3D('',#8756,#6746,#6747);
#5496=AXIS2_PLACEMENT_3D('',#8758,#6749,#6750);
#5497=AXIS2_PLACEMENT_3D('',#8759,#6751,#6752);
#5498=AXIS2_PLACEMENT_3D('',#8760,#6753,#6754);
#5499=AXIS2_PLACEMENT_3D('',#8761,#6755,#6756);
#5500=AXIS2_PLACEMENT_3D('',#8762,#6757,#6758);
#5501=AXIS2_PLACEMENT_3D('',#8764,#6759,#6760);
#5502=AXIS2_PLACEMENT_3D('',#8766,#6762,#6763);
#5503=AXIS2_PLACEMENT_3D('',#8770,#6766,#6767);
#5504=AXIS2_PLACEMENT_3D('',#8774,#6770,#6771);
#5505=AXIS2_PLACEMENT_3D('',#8775,#6772,#6773);
#5506=AXIS2_PLACEMENT_3D('',#8776,#6774,#6775);
#5507=AXIS2_PLACEMENT_3D('',#8777,#6776,#6777);
#5508=AXIS2_PLACEMENT_3D('',#8778,#6778,#6779);
#5509=AXIS2_PLACEMENT_3D('',#8780,#6781,#6782);
#5510=AXIS2_PLACEMENT_3D('',#8781,#6783,#6784);
#5511=AXIS2_PLACEMENT_3D('',#8785,#6787,#6788);
#5512=AXIS2_PLACEMENT_3D('',#8787,#6790,#6791);
#5513=AXIS2_PLACEMENT_3D('',#8789,#6793,#6794);
#5514=AXIS2_PLACEMENT_3D('',#8790,#6795,#6796);
#5515=AXIS2_PLACEMENT_3D('',#8799,#6800,#6801);
#5516=AXIS2_PLACEMENT_3D('',#8803,#6803,#6804);
#5517=AXIS2_PLACEMENT_3D('',#8807,#6806,#6807);
#5518=AXIS2_PLACEMENT_3D('',#8811,#6809,#6810);
#5519=AXIS2_PLACEMENT_3D('',#8819,#6814,#6815);
#5520=AXIS2_PLACEMENT_3D('',#8823,#6817,#6818);
#5521=AXIS2_PLACEMENT_3D('',#8827,#6820,#6821);
#5522=AXIS2_PLACEMENT_3D('',#8830,#6823,#6824);
#5523=AXIS2_PLACEMENT_3D('',#8831,#6825,#6826);
#5524=AXIS2_PLACEMENT_3D('',#8837,#6830,#6831);
#5525=AXIS2_PLACEMENT_3D('',#8841,#6834,#6835);
#5526=AXIS2_PLACEMENT_3D('',#8843,#6836,#6837);
#5527=AXIS2_PLACEMENT_3D('',#8845,#6839,#6840);
#5528=AXIS2_PLACEMENT_3D('',#8849,#6843,#6844);
#5529=AXIS2_PLACEMENT_3D('',#8851,#6845,#6846);
#5530=AXIS2_PLACEMENT_3D('',#8853,#6848,#6849);
#5531=AXIS2_PLACEMENT_3D('',#8857,#6852,#6853);
#5532=AXIS2_PLACEMENT_3D('',#8859,#6854,#6855);
#5533=AXIS2_PLACEMENT_3D('',#8861,#6857,#6858);
#5534=AXIS2_PLACEMENT_3D('',#8865,#6861,#6862);
#5535=AXIS2_PLACEMENT_3D('',#8867,#6863,#6864);
#5536=AXIS2_PLACEMENT_3D('',#8869,#6866,#6867);
#5537=AXIS2_PLACEMENT_3D('',#8873,#6870,#6871);
#5538=AXIS2_PLACEMENT_3D('',#8877,#6874,#6875);
#5539=AXIS2_PLACEMENT_3D('',#8880,#6877,#6878);
#5540=AXIS2_PLACEMENT_3D('',#8881,#6879,#6880);
#5541=AXIS2_PLACEMENT_3D('',#8885,#6883,#6884);
#5542=AXIS2_PLACEMENT_3D('',#8888,#6886,#6887);
#5543=AXIS2_PLACEMENT_3D('',#8889,#6888,#6889);
#5544=AXIS2_PLACEMENT_3D('',#8893,#6892,#6893);
#5545=AXIS2_PLACEMENT_3D('',#8896,#6895,#6896);
#5546=AXIS2_PLACEMENT_3D('',#8897,#6897,#6898);
#5547=AXIS2_PLACEMENT_3D('',#8901,#6901,#6902);
#5548=AXIS2_PLACEMENT_3D('',#8904,#6904,#6905);
#5549=AXIS2_PLACEMENT_3D('',#8905,#6906,#6907);
#5550=AXIS2_PLACEMENT_3D('',#8909,#6910,#6911);
#5551=AXIS2_PLACEMENT_3D('',#8911,#6913,#6914);
#5552=AXIS2_PLACEMENT_3D('',#8912,#6915,#6916);
#5553=AXIS2_PLACEMENT_3D('',#8921,#6920,#6921);
#5554=AXIS2_PLACEMENT_3D('',#8925,#6923,#6924);
#5555=AXIS2_PLACEMENT_3D('',#8929,#6926,#6927);
#5556=AXIS2_PLACEMENT_3D('',#8933,#6929,#6930);
#5557=AXIS2_PLACEMENT_3D('',#8941,#6934,#6935);
#5558=AXIS2_PLACEMENT_3D('',#8945,#6937,#6938);
#5559=AXIS2_PLACEMENT_3D('',#8949,#6940,#6941);
#5560=AXIS2_PLACEMENT_3D('',#8952,#6943,#6944);
#5561=AXIS2_PLACEMENT_3D('',#8953,#6945,#6946);
#5562=AXIS2_PLACEMENT_3D('',#8959,#6950,#6951);
#5563=AXIS2_PLACEMENT_3D('',#8963,#6954,#6955);
#5564=AXIS2_PLACEMENT_3D('',#8965,#6956,#6957);
#5565=AXIS2_PLACEMENT_3D('',#8967,#6959,#6960);
#5566=AXIS2_PLACEMENT_3D('',#8971,#6963,#6964);
#5567=AXIS2_PLACEMENT_3D('',#8973,#6965,#6966);
#5568=AXIS2_PLACEMENT_3D('',#8975,#6968,#6969);
#5569=AXIS2_PLACEMENT_3D('',#8979,#6972,#6973);
#5570=AXIS2_PLACEMENT_3D('',#8981,#6974,#6975);
#5571=AXIS2_PLACEMENT_3D('',#8983,#6977,#6978);
#5572=AXIS2_PLACEMENT_3D('',#8987,#6981,#6982);
#5573=AXIS2_PLACEMENT_3D('',#8989,#6983,#6984);
#5574=AXIS2_PLACEMENT_3D('',#8991,#6986,#6987);
#5575=AXIS2_PLACEMENT_3D('',#8995,#6990,#6991);
#5576=AXIS2_PLACEMENT_3D('',#8999,#6994,#6995);
#5577=AXIS2_PLACEMENT_3D('',#9002,#6997,#6998);
#5578=AXIS2_PLACEMENT_3D('',#9003,#6999,#7000);
#5579=AXIS2_PLACEMENT_3D('',#9007,#7003,#7004);
#5580=AXIS2_PLACEMENT_3D('',#9010,#7006,#7007);
#5581=AXIS2_PLACEMENT_3D('',#9011,#7008,#7009);
#5582=AXIS2_PLACEMENT_3D('',#9015,#7012,#7013);
#5583=AXIS2_PLACEMENT_3D('',#9018,#7015,#7016);
#5584=AXIS2_PLACEMENT_3D('',#9019,#7017,#7018);
#5585=AXIS2_PLACEMENT_3D('',#9023,#7021,#7022);
#5586=AXIS2_PLACEMENT_3D('',#9026,#7024,#7025);
#5587=AXIS2_PLACEMENT_3D('',#9027,#7026,#7027);
#5588=AXIS2_PLACEMENT_3D('',#9031,#7030,#7031);
#5589=AXIS2_PLACEMENT_3D('',#9033,#7033,#7034);
#5590=AXIS2_PLACEMENT_3D('',#9034,#7035,#7036);
#5591=DIRECTION('axis',(0.,0.,1.));
#5592=DIRECTION('refdir',(1.,0.,0.));
#5593=DIRECTION('axis',(0.,0.,1.));
#5594=DIRECTION('refdir',(1.,0.,0.));
#5595=DIRECTION('center_axis',(0.707106781186547,-1.36183812376644E-34,
0.707106781186548));
#5596=DIRECTION('ref_axis',(0.707106781186548,-6.80919061883222E-35,-0.707106781186547));
#5597=DIRECTION('',(0.707106781186548,-1.36183812376644E-34,-0.707106781186547));
#5598=DIRECTION('',(1.92592994438724E-34,1.,0.));
#5599=DIRECTION('',(0.707106781186548,-1.36183812376644E-34,-0.707106781186547));
#5600=DIRECTION('',(-1.92592994438724E-34,-1.,0.));
#5601=DIRECTION('center_axis',(0.,0.,1.));
#5602=DIRECTION('ref_axis',(1.,-1.92592994438724E-34,0.));
#5603=DIRECTION('',(-1.,1.92592994438724E-34,0.));
#5604=DIRECTION('center_axis',(0.,0.,1.));
#5605=DIRECTION('ref_axis',(6.66133814775093E-16,1.,0.));
#5606=DIRECTION('',(2.82260086586528E-16,-1.,0.));
#5607=DIRECTION('center_axis',(0.,0.,1.));
#5608=DIRECTION('ref_axis',(-0.707106781186548,-0.707106781186547,0.));
#5609=DIRECTION('',(1.,-2.88889491658085E-34,0.));
#5610=DIRECTION('',(5.10371435262618E-33,1.,0.));
#5611=DIRECTION('',(-1.,-5.15542297608643E-17,0.));
#5612=DIRECTION('',(-0.707106795937942,0.707106766435152,0.));
#5613=DIRECTION('',(-1.,-3.58887402620736E-17,0.));
#5614=DIRECTION('',(1.32197760818248E-16,1.,0.));
#5615=DIRECTION('',(1.,-1.38777878078145E-17,0.));
#5616=DIRECTION('',(-1.92592994438724E-34,-1.,0.));
#5617=DIRECTION('center_axis',(0.,0.,1.));
#5618=DIRECTION('ref_axis',(-0.707106781186547,0.707106781186548,0.));
#5619=DIRECTION('',(-1.,1.92592994438724E-34,0.));
#5620=DIRECTION('center_axis',(-1.66685550819642E-34,-0.865480861883976,
-0.50094199036672));
#5621=DIRECTION('ref_axis',(4.82389589824104E-35,0.50094199036672,-0.865480861883975));
#5622=DIRECTION('',(1.66685550819642E-34,0.865480861883975,0.50094199036672));
#5623=DIRECTION('center_axis',(-8.3342775409821E-35,-0.865480861883975,
-0.500941990366721));
#5624=DIRECTION('ref_axis',(4.82389589824105E-35,0.500941990366721,-0.865480861883975));
#5625=DIRECTION('',(-1.66685550819642E-34,-0.865480861883975,-0.50094199036672));
#5626=DIRECTION('center_axis',(9.61149624712018E-35,0.499057417697414,0.866568920421907));
#5627=DIRECTION('ref_axis',(1.25118939340704E-34,0.866568920421907,-0.499057417697414));
#5628=DIRECTION('center_axis',(0.,0.,1.));
#5629=DIRECTION('ref_axis',(1.68428074312856E-34,1.,0.));
#5630=DIRECTION('center_axis',(-0.707106781186608,1.36183812376656E-34,
0.707106781186487));
#5631=DIRECTION('ref_axis',(0.26783692022522,0.925487313974921,0.267836920225266));
#5632=DIRECTION('center_axis',(-1.,1.92592994438723E-34,0.));
#5633=DIRECTION('ref_axis',(0.,0.,1.));
#5634=DIRECTION('',(0.,0.,1.));
#5635=DIRECTION('',(1.92592994438724E-34,1.,0.));
#5636=DIRECTION('',(0.,0.,-1.));
#5637=DIRECTION('',(1.92592994438724E-34,1.,0.));
#5638=DIRECTION('',(0.,0.,-1.));
#5639=DIRECTION('',(-1.92592994438724E-34,-1.,0.));
#5640=DIRECTION('',(-2.09552451944817E-37,-0.00108805853793134,0.999999408064134));
#5641=DIRECTION('',(1.66685550819642E-34,0.865480861883976,0.50094199036672));
#5642=DIRECTION('',(-2.09552451944817E-37,-0.00108805853793134,0.999999408064134));
#5643=DIRECTION('',(1.92592994438724E-34,1.,0.));
#5644=DIRECTION('center_axis',(-1.96986238346869E-35,-0.204562205308608,
0.978853566249456));
#5645=DIRECTION('ref_axis',(9.42601697205031E-35,0.978853566249456,0.204562205308608));
#5646=DIRECTION('center_axis',(-1.,9.62964972193617E-35,0.));
#5647=DIRECTION('ref_axis',(9.62964402180113E-35,0.999999408064134,0.00108805853793123));
#5648=DIRECTION('center_axis',(9.64779179648208E-35,0.50094199036672,-0.865480861883976));
#5649=DIRECTION('ref_axis',(-7.34464914938167E-16,0.865480861883976,0.50094199036672));
#5650=DIRECTION('center_axis',(-1.,1.92592994438723E-34,0.));
#5651=DIRECTION('ref_axis',(8.34475516357935E-35,0.866568920421907,-0.499057417697414));
#5652=DIRECTION('center_axis',(1.,-1.92592994438723E-34,0.));
#5653=DIRECTION('ref_axis',(8.34475516357935E-35,0.866568920421907,-0.499057417697414));
#5654=DIRECTION('',(1.,-1.92592994438724E-34,9.25290681961467E-51));
#5655=DIRECTION('',(-1.,1.92592994438724E-34,1.16324978507896E-53));
#5656=DIRECTION('center_axis',(1.92592880436023E-34,0.999999408064134,0.00108805853793134));
#5657=DIRECTION('ref_axis',(3.08169746347152E-33,0.00108805853793134,-0.999999408064134));
#5658=DIRECTION('',(2.09552451944817E-37,0.00108805853793134,-0.999999408064134));
#5659=DIRECTION('',(-1.,1.92592994438724E-34,0.));
#5660=DIRECTION('',(3.08169746347152E-33,0.00108805853793134,-0.999999408064134));
#5661=DIRECTION('center_axis',(2.09552451944817E-37,0.00108805853793134,
-0.999999408064134));
#5662=DIRECTION('ref_axis',(0.707106781186546,0.707106362624684,0.000769373570499033));
#5663=DIRECTION('center_axis',(-9.61149624712019E-35,-0.499057417697415,
-0.866568920421906));
#5664=DIRECTION('ref_axis',(-9.61481343191781E-17,0.866568920421906,-0.499057417697415));
#5665=DIRECTION('center_axis',(-9.61149624712018E-35,-0.499057417697414,
-0.866568920421907));
#5666=DIRECTION('ref_axis',(1.3738488522382E-33,-0.866568920421907,0.499057417697414));
#5667=DIRECTION('',(-1.,1.92592994438724E-34,0.));
#5668=DIRECTION('',(1.3738488522382E-33,-0.866568920421907,0.499057417697414));
#5669=DIRECTION('',(-1.,1.92592994438724E-34,0.));
#5670=DIRECTION('',(-2.90878369580687E-33,0.866568920421907,-0.499057417697414));
#5671=DIRECTION('center_axis',(9.61149624712018E-35,0.499057417697414,0.866568920421907));
#5672=DIRECTION('ref_axis',(3.46290647336027E-17,0.866568920421907,-0.499057417697414));
#5673=DIRECTION('',(-0.446538757068452,-0.77537492664615,0.446538757068453));
#5674=DIRECTION('center_axis',(9.61149624712018E-35,0.499057417697414,0.866568920421907));
#5675=DIRECTION('ref_axis',(3.46290647336027E-17,0.866568920421907,-0.499057417697414));
#5676=DIRECTION('',(1.,-1.92592994438724E-34,0.));
#5677=DIRECTION('center_axis',(-1.92592994438723E-34,-1.,0.));
#5678=DIRECTION('ref_axis',(0.382683432365126,-3.68510740806441E-35,-0.923879532511272));
#5679=DIRECTION('',(-1.92592994438724E-34,-1.,0.));
#5680=DIRECTION('',(1.92592994438724E-34,1.,0.));
#5681=DIRECTION('center_axis',(-1.92592994438723E-34,-1.,0.));
#5682=DIRECTION('ref_axis',(-0.923879532511288,8.89663628334984E-35,-0.382683432365088));
#5683=DIRECTION('',(1.92592994438724E-34,1.,0.));
#5684=DIRECTION('',(-1.92592994438724E-34,-1.,0.));
#5685=DIRECTION('center_axis',(-1.,1.92592994438723E-34,6.16297582203915E-33));
#5686=DIRECTION('ref_axis',(6.16297582203915E-33,-1.73472347597681E-18,
1.));
#5687=DIRECTION('',(0.,0.,-1.));
#5688=DIRECTION('',(-6.16276262150078E-33,0.00108805853793134,-0.999999408064134));
#5689=DIRECTION('',(1.92592994438724E-34,1.,0.));
#5690=DIRECTION('center_axis',(1.92592994438723E-34,1.,0.));
#5691=DIRECTION('ref_axis',(0.923879532511303,-8.89663628335E-35,-0.38268343236505));
#5692=DIRECTION('',(-1.92592994438724E-34,-1.,0.));
#5693=DIRECTION('center_axis',(1.92592994438723E-34,1.,0.));
#5694=DIRECTION('ref_axis',(-0.38268343236509,3.68510740806407E-35,-0.923879532511287));
#5695=DIRECTION('',(1.92592994438724E-34,1.,0.));
#5696=DIRECTION('',(-1.92592994438724E-34,-1.,0.));
#5697=DIRECTION('center_axis',(0.,0.,-1.));
#5698=DIRECTION('ref_axis',(-1.,1.92592994438724E-34,0.));
#5699=DIRECTION('center_axis',(0.,0.,1.));
#5700=DIRECTION('ref_axis',(0.707106781186548,0.707106781186548,0.));
#5701=DIRECTION('center_axis',(9.61149624712019E-35,0.499057417697415,0.866568920421906));
#5702=DIRECTION('ref_axis',(-1.3738488522382E-33,0.866568920421906,-0.499057417697415));
#5703=DIRECTION('',(-1.,1.92592994438724E-34,0.));
#5704=DIRECTION('',(-1.3738488522382E-33,0.866568920421906,-0.499057417697415));
#5705=DIRECTION('center_axis',(1.92592994438723E-34,1.,0.));
#5706=DIRECTION('ref_axis',(0.707106781186546,-6.80919061883221E-35,0.707106781186549));
#5707=DIRECTION('center_axis',(1.92592880436023E-34,0.999999408064134,0.00108805853793134));
#5708=DIRECTION('ref_axis',(-2.28983363285393E-15,-0.00108805853793134,
0.999999408064134));
#5709=DIRECTION('center_axis',(-0.707106781186608,1.36183812376656E-34,
0.707106781186487));
#5710=DIRECTION('ref_axis',(0.707106781186487,-1.36183812376633E-34,0.707106781186608));
#5711=DIRECTION('center_axis',(0.707106781186608,-1.36183812376656E-34,
-0.707106781186487));
#5712=DIRECTION('ref_axis',(0.707106781186487,-1.36183812376633E-34,0.707106781186608));
#5713=DIRECTION('center_axis',(0.707106781186549,-1.36183812376645E-34,
0.707106781186546));
#5714=DIRECTION('ref_axis',(0.707106781186546,-1.36183812376644E-34,-0.707106781186549));
#5715=DIRECTION('center_axis',(-0.707106781186549,1.36183812376645E-34,
-0.707106781186546));
#5716=DIRECTION('ref_axis',(0.707106781186546,-1.36183812376644E-34,-0.707106781186549));
#5717=DIRECTION('center_axis',(0.707106768015658,0.707106794357437,0.));
#5718=DIRECTION('ref_axis',(0.,0.,-1.));
#5719=DIRECTION('',(0.577350276358949,-0.577350254850976,-0.577350276358952));
#5720=DIRECTION('',(0.,0.,1.));
#5721=DIRECTION('',(-0.707106794357437,0.707106768015658,0.));
#5722=DIRECTION('',(0.,0.,1.));
#5723=DIRECTION('',(0.707106794357437,-0.707106768015658,0.));
#5724=DIRECTION('center_axis',(-1.,1.92592994438723E-34,0.));
#5725=DIRECTION('ref_axis',(1.92592994438724E-34,1.,0.));
#5726=DIRECTION('',(1.92592994438724E-34,1.,0.));
#5727=DIRECTION('',(2.82260086586528E-16,-1.,0.));
#5728=DIRECTION('',(0.,0.,1.));
#5729=DIRECTION('',(0.,0.,1.));
#5730=DIRECTION('',(2.82260086586528E-16,-1.,0.));
#5731=DIRECTION('',(0.,0.,-1.));
#5732=DIRECTION('',(1.92592994438724E-34,1.,0.));
#5733=DIRECTION('',(0.,0.,-1.));
#5734=DIRECTION('',(1.92592994438724E-34,1.,0.));
#5735=DIRECTION('',(0.,0.,-1.));
#5736=DIRECTION('',(1.92592994438724E-34,1.,0.));
#5737=DIRECTION('',(0.,0.,1.));
#5738=DIRECTION('',(2.82260086586528E-16,-1.,0.));
#5739=DIRECTION('',(0.,0.,-1.));
#5740=DIRECTION('center_axis',(0.707106789967141,-0.707106772405954,0.));
#5741=DIRECTION('ref_axis',(0.,0.,-1.));
#5742=DIRECTION('',(-0.707106772405954,-0.707106789967141,0.));
#5743=DIRECTION('',(0.707106772405954,0.707106789967141,0.));
#5744=DIRECTION('',(0.,0.,-1.));
#5745=DIRECTION('',(-0.577350264410075,-0.577350278748724,0.577350264410078));
#5746=DIRECTION('center_axis',(0.707106781186549,0.707106781186546,0.));
#5747=DIRECTION('ref_axis',(0.,0.,-1.));
#5748=DIRECTION('',(0.577350269189624,-0.577350269189627,-0.577350269189627));
#5749=DIRECTION('',(0.,0.,1.));
#5750=DIRECTION('',(-0.707106781186546,0.707106781186549,0.));
#5751=DIRECTION('',(0.707106781186546,-0.707106781186549,0.));
#5752=DIRECTION('center_axis',(0.70710678118655,-0.707106781186545,0.));
#5753=DIRECTION('ref_axis',(0.,0.,-1.));
#5754=DIRECTION('',(-0.707106781186545,-0.70710678118655,0.));
#5755=DIRECTION('',(0.707106781186545,0.70710678118655,0.));
#5756=DIRECTION('',(0.,0.,-1.));
#5757=DIRECTION('',(-0.577350269189623,-0.577350269189628,0.577350269189627));
#5758=DIRECTION('center_axis',(0.707106781186545,-0.70710678118655,0.));
#5759=DIRECTION('ref_axis',(0.,0.,-1.));
#5760=DIRECTION('',(-0.57735026918963,-0.577350269189626,-0.577350269189622));
#5761=DIRECTION('',(0.,0.,1.));
#5762=DIRECTION('',(0.70710678118655,0.707106781186545,0.));
#5763=DIRECTION('',(0.,0.,1.));
#5764=DIRECTION('',(-0.70710678118655,-0.707106781186545,0.));
#5765=DIRECTION('center_axis',(1.92592994438723E-34,1.,0.));
#5766=DIRECTION('ref_axis',(1.,-1.92592994438724E-34,0.));
#5767=DIRECTION('',(1.,-1.92592994438724E-34,0.));
#5768=DIRECTION('',(-1.,1.92592994438724E-34,0.));
#5769=DIRECTION('',(0.,0.,1.));
#5770=DIRECTION('',(0.,0.,1.));
#5771=DIRECTION('',(-1.,1.92592994438724E-34,0.));
#5772=DIRECTION('',(0.,0.,-1.));
#5773=DIRECTION('',(1.,-1.92592994438724E-34,0.));
#5774=DIRECTION('',(0.,0.,-1.));
#5775=DIRECTION('',(1.,-1.92592994438724E-34,0.));
#5776=DIRECTION('',(0.,0.,-1.));
#5777=DIRECTION('',(1.,-1.92592994438724E-34,0.));
#5778=DIRECTION('',(0.,0.,1.));
#5779=DIRECTION('',(-1.,1.92592994438724E-34,0.));
#5780=DIRECTION('',(0.,0.,-1.));
#5781=DIRECTION('center_axis',(-0.70710678118655,-0.707106781186545,0.));
#5782=DIRECTION('ref_axis',(0.,0.,1.));
#5783=DIRECTION('',(-0.707106781186545,0.70710678118655,0.));
#5784=DIRECTION('',(0.707106781186545,-0.70710678118655,0.));
#5785=DIRECTION('',(0.,0.,-1.));
#5786=DIRECTION('',(-0.577350269189624,0.577350269189629,0.577350269189624));
#5787=DIRECTION('center_axis',(0.707106781186545,-0.70710678118655,0.));
#5788=DIRECTION('ref_axis',(0.,0.,-1.));
#5789=DIRECTION('',(-0.57735026918963,-0.577350269189626,-0.577350269189622));
#5790=DIRECTION('',(0.,0.,1.));
#5791=DIRECTION('',(0.70710678118655,0.707106781186545,0.));
#5792=DIRECTION('',(-0.70710678118655,-0.707106781186545,0.));
#5793=DIRECTION('center_axis',(-0.707106781186553,-0.707106781186542,0.));
#5794=DIRECTION('ref_axis',(0.,0.,1.));
#5795=DIRECTION('',(-0.707106781186542,0.707106781186553,0.));
#5796=DIRECTION('',(0.707106781186542,-0.707106781186553,0.));
#5797=DIRECTION('',(0.,0.,-1.));
#5798=DIRECTION('',(-0.577350269189622,0.57735026918963,0.577350269189626));
#5799=DIRECTION('center_axis',(0.707106781186547,0.707106781186548,0.));
#5800=DIRECTION('ref_axis',(0.,0.,-1.));
#5801=DIRECTION('',(0.707106781186548,-0.707106781186547,0.));
#5802=DIRECTION('',(0.,0.,-1.));
#5803=DIRECTION('',(-0.707106781186548,0.707106781186547,0.));
#5804=DIRECTION('',(0.,0.,1.));
#5805=DIRECTION('',(0.577350269189628,-0.577350269189627,0.577350269189623));
#5806=DIRECTION('center_axis',(-0.707106781186545,0.70710678118655,0.));
#5807=DIRECTION('ref_axis',(0.,0.,1.));
#5808=DIRECTION('',(0.57735026918963,0.577350269189626,-0.577350269189621));
#5809=DIRECTION('',(0.,0.,-1.));
#5810=DIRECTION('',(-0.70710678118655,-0.707106781186545,0.));
#5811=DIRECTION('',(0.,0.,1.));
#5812=DIRECTION('',(0.70710678118655,0.707106781186545,0.));
#5813=DIRECTION('center_axis',(-0.707106781186555,0.70710678118654,0.));
#5814=DIRECTION('ref_axis',(0.,0.,1.));
#5815=DIRECTION('',(0.70710678118654,0.707106781186555,0.));
#5816=DIRECTION('',(0.,0.,-1.));
#5817=DIRECTION('',(-0.70710678118654,-0.707106781186555,0.));
#5818=DIRECTION('',(0.,0.,-1.));
#5819=DIRECTION('',(0.577350269189623,0.577350269189636,0.577350269189619));
#5820=DIRECTION('center_axis',(-0.707106667038831,-0.707106895334246,0.));
#5821=DIRECTION('ref_axis',(0.,0.,1.));
#5822=DIRECTION('',(-0.577350331323759,0.577350144921343,-0.577350331323755));
#5823=DIRECTION('',(0.,0.,1.));
#5824=DIRECTION('',(0.707106895334246,-0.707106667038831,0.));
#5825=DIRECTION('',(0.,0.,1.));
#5826=DIRECTION('',(-0.707106895334246,0.707106667038831,0.));
#5827=DIRECTION('center_axis',(1.,-1.92592994438723E-34,0.));
#5828=DIRECTION('ref_axis',(-1.92592994438724E-34,-1.,0.));
#5829=DIRECTION('',(-1.92592994438724E-34,-1.,0.));
#5830=DIRECTION('',(0.,0.,-1.));
#5831=DIRECTION('',(-1.92592994438724E-34,-1.,0.));
#5832=DIRECTION('',(0.,0.,-1.));
#5833=DIRECTION('',(-1.92592994438724E-34,-1.,0.));
#5834=DIRECTION('',(1.92592994438724E-34,1.,0.));
#5835=DIRECTION('',(0.,0.,1.));
#5836=DIRECTION('',(1.92592994438724E-34,1.,0.));
#5837=DIRECTION('',(-7.41841230137484E-68,-3.85185988877447E-34,1.));
#5838=DIRECTION('',(1.92592994438724E-34,1.,1.56125112837834E-17));
#5839=DIRECTION('',(0.,0.,-1.));
#5840=DIRECTION('',(1.92592994438724E-34,1.,0.));
#5841=DIRECTION('',(-1.92592994438724E-34,-1.,0.));
#5842=DIRECTION('',(0.,0.,1.));
#5843=DIRECTION('',(1.92592994438724E-34,1.,0.));
#5844=DIRECTION('',(0.,0.,-1.));
#5845=DIRECTION('center_axis',(-0.707106667038831,-0.707106895334246,0.));
#5846=DIRECTION('ref_axis',(0.,0.,1.));
#5847=DIRECTION('',(-0.577350331323759,0.577350144921343,-0.577350331323755));
#5848=DIRECTION('',(0.,0.,1.));
#5849=DIRECTION('',(0.707106895334246,-0.707106667038831,0.));
#5850=DIRECTION('',(-0.707106895334246,0.707106667038831,0.));
#5851=DIRECTION('center_axis',(-0.707106667038836,0.707106895334241,0.));
#5852=DIRECTION('ref_axis',(0.,0.,1.));
#5853=DIRECTION('',(0.707106895334241,0.707106667038836,0.));
#5854=DIRECTION('',(-0.707106895334241,-0.707106667038836,0.));
#5855=DIRECTION('',(0.,0.,-1.));
#5856=DIRECTION('',(0.577350331323756,0.577350144921349,0.577350331323752));
#5857=DIRECTION('center_axis',(0.707106781186749,4.46875232355898E-18,-0.707106781186346));
#5858=DIRECTION('ref_axis',(0.499999999999856,-0.707106781186549,0.500000000000143));
#5859=DIRECTION('center_axis',(-1.,1.38777878078145E-17,-2.77555756156289E-17));
#5860=DIRECTION('ref_axis',(9.44965025511413E-51,4.9065389333882E-17,1.));
#5861=DIRECTION('',(-0.707106781186749,-4.46875232355897E-18,0.707106781186346));
#5862=DIRECTION('center_axis',(0.,0.,1.));
#5863=DIRECTION('ref_axis',(1.,9.8130778667708E-17,0.));
#5864=DIRECTION('',(0.707106781186749,4.46875232355897E-18,-0.707106781186346));
#5865=DIRECTION('center_axis',(6.31977014286158E-18,-1.,1.75408858073589E-34));
#5866=DIRECTION('ref_axis',(1.,6.31977014286158E-18,2.77555756156289E-17));
#5867=DIRECTION('',(-2.77555756156289E-17,5.34552942018439E-51,1.));
#5868=DIRECTION('',(1.,6.31977014286158E-18,2.77555756156289E-17));
#5869=DIRECTION('',(-2.77555756156289E-17,5.34552942018439E-51,1.));
#5870=DIRECTION('',(-1.,-6.31977014286158E-18,0.));
#5871=DIRECTION('center_axis',(1.,-1.38777878078145E-17,2.77555756156289E-17));
#5872=DIRECTION('ref_axis',(1.38777878078145E-17,1.,3.46944695195362E-18));
#5873=DIRECTION('',(-1.38777878078145E-17,-1.,-1.73472347597681E-18));
#5874=DIRECTION('',(-3.34095588761524E-52,-1.73472347597681E-18,1.));
#5875=DIRECTION('',(1.38777878078145E-17,1.,3.46944695195362E-18));
#5876=DIRECTION('center_axis',(-0.707106781186346,1.10397126001178E-17,
-0.707106781186749));
#5877=DIRECTION('ref_axis',(-0.707106781186749,1.36183812376683E-34,0.707106781186346));
#5878=DIRECTION('center_axis',(0.707106781186346,-1.10397126001178E-17,
0.707106781186749));
#5879=DIRECTION('ref_axis',(0.707106781186749,-4.90653893338819E-17,-0.707106781186346));
#5880=DIRECTION('',(-0.707106781186749,9.81307786677639E-18,0.707106781186346));
#5881=DIRECTION('center_axis',(0.,0.,1.));
#5882=DIRECTION('ref_axis',(0.707106781186548,-0.707106781186547,0.));
#5883=DIRECTION('center_axis',(0.,0.,1.));
#5884=DIRECTION('ref_axis',(0.707106781186548,-0.707106781186547,0.));
#5885=DIRECTION('',(0.,0.,1.));
#5886=DIRECTION('center_axis',(0.,0.,1.));
#5887=DIRECTION('ref_axis',(0.707106781186548,-0.707106781186547,0.));
#5888=DIRECTION('center_axis',(0.,0.,1.));
#5889=DIRECTION('ref_axis',(0.707106781186548,-0.707106781186547,0.));
#5890=DIRECTION('center_axis',(-0.707106781186545,1.36183812376644E-34,
0.70710678118655));
#5891=DIRECTION('ref_axis',(0.70710678118655,-4.90653893338681E-17,0.707106781186545));
#5892=DIRECTION('',(0.,0.,1.));
#5893=DIRECTION('center_axis',(0.,0.,-1.));
#5894=DIRECTION('ref_axis',(0.707106781186548,-0.707106781186547,0.));
#5895=DIRECTION('center_axis',(0.,0.,1.));
#5896=DIRECTION('ref_axis',(1.,-1.92592994438724E-34,0.));
#5897=DIRECTION('',(1.92592994438724E-34,1.,0.));
#5898=DIRECTION('center_axis',(-1.,1.92592994438723E-34,0.));
#5899=DIRECTION('ref_axis',(-1.92592994438724E-34,-1.,0.));
#5900=DIRECTION('',(-1.92592994438724E-34,-1.,0.));
#5901=DIRECTION('center_axis',(-0.707106781186545,1.36183812376644E-34,
0.70710678118655));
#5902=DIRECTION('ref_axis',(0.70710678118655,-1.36183812376645E-34,0.707106781186545));
#5903=DIRECTION('',(-1.92592994438724E-34,-1.,0.));
#5904=DIRECTION('center_axis',(0.,0.,1.));
#5905=DIRECTION('ref_axis',(-1.,1.92592994438724E-34,0.));
#5906=DIRECTION('center_axis',(1.38777878078145E-17,1.,3.85185988877447E-34));
#5907=DIRECTION('ref_axis',(-1.,1.38777878078145E-17,-2.77555756156289E-17));
#5908=DIRECTION('',(1.,-1.38777878078145E-17,0.));
#5909=DIRECTION('',(-0.617264836528611,8.56627042256933E-18,-0.78675543950157));
#5910=DIRECTION('center_axis',(-1.38777878078145E-17,-1.,-3.85185988877447E-34));
#5911=DIRECTION('ref_axis',(0.437455805465756,-8.42509235092537E-35,-0.899239911405353));
#5912=DIRECTION('',(-1.,1.38777878078145E-17,-2.77555756156289E-17));
#5913=DIRECTION('center_axis',(-1.38777878078145E-17,-1.,-3.85185988877447E-34));
#5914=DIRECTION('ref_axis',(-0.437455805465758,8.42509235092541E-35,-0.899239911405352));
#5915=DIRECTION('',(-0.617264836528612,8.56627042256935E-18,0.786755439501569));
#5916=DIRECTION('',(1.,-1.38777878078145E-17,0.));
#5917=DIRECTION('center_axis',(-1.38777878078145E-17,-1.,-3.85185988877447E-34));
#5918=DIRECTION('ref_axis',(0.,0.,-1.));
#5919=DIRECTION('',(1.,-1.38777878078145E-17,0.));
#5920=DIRECTION('',(7.41841230137484E-68,3.85185988877447E-34,-1.));
#5921=DIRECTION('',(-2.77555756156289E-17,5.34552942018439E-51,1.));
#5922=DIRECTION('',(-1.,1.38777878078145E-17,-2.77555756156289E-17));
#5923=DIRECTION('center_axis',(0.,0.,1.));
#5924=DIRECTION('ref_axis',(-0.707106781186548,-0.707106781186547,0.));
#5925=DIRECTION('center_axis',(0.,0.,-1.));
#5926=DIRECTION('ref_axis',(-0.707106781186548,-0.707106781186547,0.));
#5927=DIRECTION('',(0.,0.,-1.));
#5928=DIRECTION('center_axis',(0.70710678118655,1.46187972757433E-16,0.707106781186546));
#5929=DIRECTION('ref_axis',(-0.707106781186545,-4.90653893338678E-17,0.707106781186549));
#5930=DIRECTION('center_axis',(0.,0.,1.));
#5931=DIRECTION('ref_axis',(-0.707106781186548,-0.707106781186547,0.));
#5932=DIRECTION('center_axis',(0.,0.,1.));
#5933=DIRECTION('ref_axis',(-0.707106781186548,-0.707106781186547,0.));
#5934=DIRECTION('',(0.,0.,-1.));
#5935=DIRECTION('center_axis',(0.,0.,1.));
#5936=DIRECTION('ref_axis',(-1.,1.92592994438724E-34,0.));
#5937=DIRECTION('',(1.92592994438724E-34,1.,0.));
#5938=DIRECTION('center_axis',(0.70710678118655,1.46187972757433E-16,0.707106781186546));
#5939=DIRECTION('ref_axis',(0.707106781186545,-1.36183812376644E-34,-0.707106781186549));
#5940=DIRECTION('',(-2.06741013729389E-16,1.,0.));
#5941=DIRECTION('center_axis',(1.,2.06741013729389E-16,0.));
#5942=DIRECTION('ref_axis',(-2.06741013729389E-16,1.,0.));
#5943=DIRECTION('',(-2.06741013729389E-16,1.,0.));
#5944=DIRECTION('center_axis',(0.,0.,1.));
#5945=DIRECTION('ref_axis',(1.,-1.92592994438724E-34,0.));
#5946=DIRECTION('center_axis',(0.,0.,1.));
#5947=DIRECTION('ref_axis',(-1.,1.92592994438724E-34,0.));
#5948=DIRECTION('center_axis',(0.,0.,-1.));
#5949=DIRECTION('ref_axis',(1.,5.32907051820072E-15,0.));
#5950=DIRECTION('',(-1.92592994438724E-34,-1.,0.));
#5951=DIRECTION('center_axis',(0.,0.,1.));
#5952=DIRECTION('ref_axis',(1.,5.32907051820072E-15,0.));
#5953=DIRECTION('center_axis',(0.707106781186545,-1.36183812376644E-34,
-0.70710678118655));
#5954=DIRECTION('ref_axis',(0.70710678118655,3.76822190084105E-15,0.707106781186545));
#5955=DIRECTION('center_axis',(0.,0.,-1.));
#5956=DIRECTION('ref_axis',(1.,1.77635683940025E-15,0.));
#5957=DIRECTION('center_axis',(0.,0.,1.));
#5958=DIRECTION('ref_axis',(1.,5.32907051820072E-15,0.));
#5959=DIRECTION('center_axis',(-1.36183812376644E-34,-0.707106781186545,
0.70710678118655));
#5960=DIRECTION('ref_axis',(-3.76822190084105E-15,0.70710678118655,0.707106781186545));
#5961=DIRECTION('',(0.,0.,1.));
#5962=DIRECTION('center_axis',(0.,0.,1.));
#5963=DIRECTION('ref_axis',(1.,5.32907051820072E-15,0.));
#5964=DIRECTION('center_axis',(0.,0.,1.));
#5965=DIRECTION('ref_axis',(1.,5.32907051820072E-15,0.));
#5966=DIRECTION('center_axis',(0.,0.,1.));
#5967=DIRECTION('ref_axis',(1.,5.32907051820072E-15,0.));
#5968=DIRECTION('',(0.,0.,1.));
#5969=DIRECTION('center_axis',(-0.707106781186545,1.36183812376644E-34,
0.70710678118655));
#5970=DIRECTION('ref_axis',(0.70710678118655,-1.36183812376645E-34,0.707106781186545));
#5971=DIRECTION('',(-1.92592994438724E-34,-1.,0.));
#5972=DIRECTION('center_axis',(-1.,1.92592994438723E-34,0.));
#5973=DIRECTION('ref_axis',(-1.92592994438724E-34,-1.,0.));
#5974=DIRECTION('',(1.92592994438724E-34,1.,0.));
#5975=DIRECTION('center_axis',(0.,0.,1.));
#5976=DIRECTION('ref_axis',(1.,-1.92592994438724E-34,0.));
#5977=DIRECTION('center_axis',(-1.36183812376644E-34,-0.707106781186545,
0.70710678118655));
#5978=DIRECTION('ref_axis',(1.,-1.92592994438724E-34,0.));
#5979=DIRECTION('',(1.,-1.92592994438724E-34,0.));
#5980=DIRECTION('',(1.,-1.92592994438724E-34,0.));
#5981=DIRECTION('center_axis',(-1.92592994438723E-34,-1.,0.));
#5982=DIRECTION('ref_axis',(1.,-1.92592994438724E-34,0.));
#5983=DIRECTION('',(1.,-1.92592994438724E-34,0.));
#5984=DIRECTION('center_axis',(0.,0.,1.));
#5985=DIRECTION('ref_axis',(1.,-1.92592994438724E-34,0.));
#5986=DIRECTION('center_axis',(0.,0.,1.));
#5987=DIRECTION('ref_axis',(1.,-1.92592994438724E-34,0.));
#5988=DIRECTION('center_axis',(0.,0.,1.));
#5989=DIRECTION('ref_axis',(-5.55111512312577E-16,1.,0.));
#5990=DIRECTION('',(-2.06741013729389E-16,1.,0.));
#5991=DIRECTION('center_axis',(0.,0.,-1.));
#5992=DIRECTION('ref_axis',(-5.55111512312577E-16,1.,0.));
#5993=DIRECTION('',(0.,0.,-1.));
#5994=DIRECTION('center_axis',(0.,0.,-1.));
#5995=DIRECTION('ref_axis',(-5.55111512312577E-16,1.,0.));
#5996=DIRECTION('',(0.,0.,-1.));
#5997=DIRECTION('center_axis',(-1.36183812376644E-34,-0.707106781186545,
0.70710678118655));
#5998=DIRECTION('ref_axis',(-3.92523114670945E-16,0.70710678118655,0.707106781186545));
#5999=DIRECTION('center_axis',(0.,0.,-1.));
#6000=DIRECTION('ref_axis',(-5.55111512312577E-16,1.,0.));
#6001=DIRECTION('center_axis',(0.,0.,-1.));
#6002=DIRECTION('ref_axis',(-5.55111512312577E-16,1.,0.));
#6003=DIRECTION('center_axis',(0.,0.,-1.));
#6004=DIRECTION('ref_axis',(-5.55111512312577E-16,1.,0.));
#6005=DIRECTION('center_axis',(-0.70710678118655,-1.46187972757433E-16,
-0.707106781186546));
#6006=DIRECTION('ref_axis',(0.707106781186546,3.92523114670942E-16,-0.707106781186549));
#6007=DIRECTION('center_axis',(1.,2.06741013729389E-16,0.));
#6008=DIRECTION('ref_axis',(-2.06741013729389E-16,1.,0.));
#6009=DIRECTION('',(-2.06741013729389E-16,1.,0.));
#6010=DIRECTION('center_axis',(0.70710678118655,1.46187972757433E-16,0.707106781186546));
#6011=DIRECTION('ref_axis',(0.707106781186545,-1.36183812376644E-34,-0.707106781186549));
#6012=DIRECTION('',(1.92592994438724E-34,1.,0.));
#6013=DIRECTION('center_axis',(0.,0.,1.));
#6014=DIRECTION('ref_axis',(-1.,1.92592994438724E-34,0.));
#6015=DIRECTION('center_axis',(-1.36183812376644E-34,-0.707106781186545,
0.70710678118655));
#6016=DIRECTION('ref_axis',(1.,-1.92592994438724E-34,0.));
#6017=DIRECTION('',(1.,-1.92592994438724E-34,0.));
#6018=DIRECTION('',(-1.,1.92592994438724E-34,0.));
#6019=DIRECTION('center_axis',(-1.92592994438723E-34,-1.,0.));
#6020=DIRECTION('ref_axis',(1.,-1.92592994438724E-34,0.));
#6021=DIRECTION('',(1.,-1.92592994438724E-34,0.));
#6022=DIRECTION('center_axis',(0.,0.,1.));
#6023=DIRECTION('ref_axis',(-1.,1.92592994438724E-34,0.));
#6024=DIRECTION('center_axis',(1.,-1.92592994438723E-34,0.));
#6025=DIRECTION('ref_axis',(1.56874474386159E-34,0.814538840539558,-0.580109021867849));
#6026=DIRECTION('center_axis',(-1.,1.92592994438723E-34,0.));
#6027=DIRECTION('ref_axis',(1.56874474386159E-34,0.814538840539558,-0.580109021867849));
#6028=DIRECTION('',(1.,-1.92592994438724E-34,0.));
#6029=DIRECTION('center_axis',(1.,-1.92592994438723E-34,0.));
#6030=DIRECTION('ref_axis',(1.56874474386159E-34,0.814538840539558,-0.580109021867849));
#6031=DIRECTION('',(-1.,1.92592994438724E-34,0.));
#6032=DIRECTION('center_axis',(-1.,1.92592994438723E-34,0.));
#6033=DIRECTION('ref_axis',(-1.91270743127437E-34,-0.993134478670212,0.116978234199553));
#6034=DIRECTION('center_axis',(-1.,3.31942741764066E-24,-3.90985074873562E-25));
#6035=DIRECTION('ref_axis',(-3.34237456073718E-24,-0.993134478670212,0.116978234199553));
#6036=DIRECTION('',(-1.,1.92592994438724E-34,0.));
#6037=DIRECTION('center_axis',(-1.,3.31942741764066E-24,-3.90985074873562E-25));
#6038=DIRECTION('ref_axis',(-3.34237456073718E-24,-0.993134478670212,0.116978234199553));
#6039=DIRECTION('center_axis',(-1.,1.92592994438723E-34,0.));
#6040=DIRECTION('ref_axis',(-1.56874474386159E-34,-0.814538840539556,-0.580109021867852));
#6041=DIRECTION('center_axis',(1.,-1.92592994438723E-34,0.));
#6042=DIRECTION('ref_axis',(-1.56874474386159E-34,-0.814538840539556,-0.580109021867852));
#6043=DIRECTION('',(-1.,1.92592994438724E-34,0.));
#6044=DIRECTION('center_axis',(-1.,1.92592994438723E-34,0.));
#6045=DIRECTION('ref_axis',(-1.56874474386159E-34,-0.814538840539556,-0.580109021867852));
#6046=DIRECTION('',(1.,-1.92592994438724E-34,0.));
#6047=DIRECTION('center_axis',(-1.,1.92592994438723E-34,0.));
#6048=DIRECTION('ref_axis',(1.21447721937918E-34,0.630592625094466,0.776114000116266));
#6049=DIRECTION('center_axis',(-1.,-1.39629920968075E-33,-3.08148791101958E-33));
#6050=DIRECTION('ref_axis',(-2.84152142327321E-33,0.630592625094466,0.776114000116266));
#6051=DIRECTION('',(-1.,1.92592994438724E-34,0.));
#6052=DIRECTION('center_axis',(-1.,-1.39629920968075E-33,-3.08148791101958E-33));
#6053=DIRECTION('ref_axis',(-2.84152142327321E-33,0.630592625094466,0.776114000116266));
#6054=DIRECTION('center_axis',(1.36183812376644E-34,0.707106781186548,0.707106781186547));
#6055=DIRECTION('ref_axis',(0.707106781186546,-0.500000000000001,0.500000000000001));
#6056=DIRECTION('center_axis',(1.36183812376644E-34,0.707106781186548,0.707106781186548));
#6057=DIRECTION('ref_axis',(-1.36183812376644E-34,-0.707106781186548,0.707106781186548));
#6058=DIRECTION('',(1.36183812376644E-34,0.707106781186548,0.707106781186547));
#6059=DIRECTION('center_axis',(-1.36183812376644E-34,-0.707106781186548,
-0.707106781186548));
#6060=DIRECTION('ref_axis',(1.,-1.92592994438724E-34,0.));
#6061=DIRECTION('',(-1.36183812376644E-34,-0.707106781186548,-0.707106781186547));
#6062=DIRECTION('center_axis',(-1.92592994438723E-34,-1.,0.));
#6063=DIRECTION('ref_axis',(1.,-1.92592994438724E-34,0.));
#6064=DIRECTION('center_axis',(1.,-1.92592994438723E-34,0.));
#6065=DIRECTION('ref_axis',(-7.37021481612813E-35,-0.38268343236509,0.923879532511287));
#6066=DIRECTION('center_axis',(-1.,1.92592994438723E-34,0.));
#6067=DIRECTION('ref_axis',(-7.37021481612813E-35,-0.38268343236509,0.923879532511287));
#6068=DIRECTION('center_axis',(-1.92592994438723E-34,-1.,0.));
#6069=DIRECTION('ref_axis',(0.707106781186547,-1.36183812376644E-34,0.707106781186548));
#6070=DIRECTION('center_axis',(0.707106781186546,0.707106781186549,0.));
#6071=DIRECTION('ref_axis',(0.707106781186549,-0.707106781186546,-4.08878244448901E-17));
#6072=DIRECTION('',(-1.92592994438724E-34,-1.,0.));
#6073=DIRECTION('',(1.92592994438724E-34,1.,0.));
#6074=DIRECTION('center_axis',(3.57389917703929E-49,1.85567454696613E-15,
1.));
#6075=DIRECTION('ref_axis',(-0.0755453674977571,-0.997142365687884,1.8503717077086E-15));
#6076=DIRECTION('center_axis',(0.,0.,1.));
#6077=DIRECTION('ref_axis',(0.679873014798443,-0.733329860123584,0.));
#6078=DIRECTION('',(0.,0.,1.));
#6079=DIRECTION('',(0.,0.,-1.));
#6080=DIRECTION('center_axis',(-1.36183812376644E-34,-0.707106781186547,
0.707106781186548));
#6081=DIRECTION('ref_axis',(1.,-1.92592994438724E-34,0.));
#6082=DIRECTION('',(1.,-1.92592994438724E-34,0.));
#6083=DIRECTION('center_axis',(1.36183812376644E-34,0.707106781186547,-0.707106781186548));
#6084=DIRECTION('ref_axis',(-0.816496580927726,0.408248290463863,0.408248290463863));
#6085=DIRECTION('',(-0.577350269189626,0.577350269189626,0.577350269189626));
#6086=DIRECTION('center_axis',(1.36183812376644E-34,0.707106781186547,-0.707106781186548));
#6087=DIRECTION('ref_axis',(-6.5420519111824E-17,-0.707106781186548,-0.707106781186547));
#6088=DIRECTION('center_axis',(-1.,1.92592994438723E-34,0.));
#6089=DIRECTION('ref_axis',(-7.37021481612813E-35,-0.382683432365089,0.923879532511287));
#6090=DIRECTION('',(-1.,1.92592994438724E-34,0.));
#6091=DIRECTION('center_axis',(1.,2.77555756156289E-16,2.77555756156289E-16));
#6092=DIRECTION('ref_axis',(-2.77555756156289E-16,5.34552942018438E-50,
1.));
#6093=DIRECTION('center_axis',(0.,0.,1.));
#6094=DIRECTION('ref_axis',(-1.,1.92592994438724E-34,0.));
#6095=DIRECTION('',(-1.,1.92592994438723E-34,0.));
#6096=DIRECTION('',(1.92592994438724E-34,1.,0.));
#6097=DIRECTION('',(-1.,1.92592994438724E-34,0.));
#6098=DIRECTION('',(-0.707106781186548,-0.707106781186547,0.));
#6099=DIRECTION('center_axis',(0.,0.,-1.));
#6100=DIRECTION('ref_axis',(0.934757420595549,-0.355286595077209,0.));
#6101=DIRECTION('',(-1.92592994438724E-34,-1.,0.));
#6102=DIRECTION('center_axis',(0.,0.,-1.));
#6103=DIRECTION('ref_axis',(0.934757420595547,0.355286595077213,0.));
#6104=DIRECTION('',(0.707106781186548,-0.707106781186548,0.));
#6105=DIRECTION('',(1.,-1.92592994438724E-34,0.));
#6106=DIRECTION('',(1.92592994438724E-34,1.,0.));
#6107=DIRECTION('',(1.,-1.92592994438723E-34,0.));
#6108=DIRECTION('',(-1.92592994438724E-34,-1.,0.));
#6109=DIRECTION('',(1.,-1.92592994438724E-34,0.));
#6110=DIRECTION('',(0.707106781186548,0.707106781186547,0.));
#6111=DIRECTION('center_axis',(0.,0.,-1.));
#6112=DIRECTION('ref_axis',(-0.934757420595549,0.355286595077209,0.));
#6113=DIRECTION('',(8.96787567087898E-17,1.,0.));
#6114=DIRECTION('center_axis',(0.,0.,-1.));
#6115=DIRECTION('ref_axis',(-0.934757420595549,-0.355286595077209,0.));
#6116=DIRECTION('',(-0.707106781186547,0.707106781186548,0.));
#6117=DIRECTION('',(-1.,-5.22931125639751E-17,0.));
#6118=DIRECTION('',(-1.,-5.22931125639751E-17,0.));
#6119=DIRECTION('',(0.707106781186546,0.707106781186549,0.));
#6120=DIRECTION('',(-1.,1.38777878078145E-17,0.));
#6121=DIRECTION('',(0.707106781186546,-0.707106781186549,0.));
#6122=DIRECTION('center_axis',(1.,-1.92592994438723E-34,0.));
#6123=DIRECTION('ref_axis',(0.,0.,-1.));
#6124=DIRECTION('center_axis',(-1.,1.92592994438723E-34,0.));
#6125=DIRECTION('ref_axis',(-1.36183812376645E-34,-0.707106781186548,0.707106781186547));
#6126=DIRECTION('',(1.92592994438724E-34,1.,0.));
#6127=DIRECTION('center_axis',(-1.,1.92592994438723E-34,0.));
#6128=DIRECTION('ref_axis',(8.51451287092439E-35,0.442098784316551,0.896966367767392));
#6129=DIRECTION('',(1.17307878653057E-34,0.609097329811655,-0.793095481525593));
#6130=DIRECTION('center_axis',(-1.,1.92592994438723E-34,0.));
#6131=DIRECTION('ref_axis',(1.72749438679148E-34,0.896966367767394,-0.442098784316547));
#6132=DIRECTION('',(1.92592994438724E-34,1.,0.));
#6133=DIRECTION('',(-1.49352892809117E-34,-0.775484556145866,0.631366536315672));
#6134=DIRECTION('',(-2.93201379171137E-33,0.776114000116265,-0.630592625094466));
#6135=DIRECTION('center_axis',(-1.,1.92592994438723E-34,0.));
#6136=DIRECTION('ref_axis',(0.,0.,1.));
#6137=DIRECTION('center_axis',(-1.36183812376644E-34,-0.707106781186548,
-0.707106781186547));
#6138=DIRECTION('ref_axis',(-0.707106781186549,-0.499999999999999,0.499999999999999));
#6139=DIRECTION('center_axis',(-1.36183812376644E-34,-0.707106781186548,
-0.707106781186548));
#6140=DIRECTION('ref_axis',(-1.36183812376644E-34,-0.707106781186548,0.707106781186548));
#6141=DIRECTION('',(-1.36183812376644E-34,-0.707106781186548,-0.707106781186547));
#6142=DIRECTION('center_axis',(1.36183812376644E-34,0.707106781186548,0.707106781186548));
#6143=DIRECTION('ref_axis',(-1.,1.92592994438724E-34,0.));
#6144=DIRECTION('',(1.36183812376644E-34,0.707106781186548,0.707106781186547));
#6145=DIRECTION('center_axis',(-1.92592994438723E-34,-1.,0.));
#6146=DIRECTION('ref_axis',(0.,0.,1.));
#6147=DIRECTION('center_axis',(1.,-1.92592994438723E-34,0.));
#6148=DIRECTION('ref_axis',(-7.37021481612813E-35,-0.38268343236509,0.923879532511287));
#6149=DIRECTION('center_axis',(-1.,1.92592994438723E-34,0.));
#6150=DIRECTION('ref_axis',(-7.37021481612813E-35,-0.38268343236509,0.923879532511287));
#6151=DIRECTION('center_axis',(1.92592994438723E-34,1.,0.));
#6152=DIRECTION('ref_axis',(-0.70710678118655,1.36183812376645E-34,0.707106781186545));
#6153=DIRECTION('center_axis',(-0.707106781186551,0.707106781186544,0.));
#6154=DIRECTION('ref_axis',(-0.707106781186544,-0.707106781186551,0.));
#6155=DIRECTION('',(-1.92592994438724E-34,-1.,0.));
#6156=DIRECTION('center_axis',(0.,0.,1.));
#6157=DIRECTION('ref_axis',(-1.,1.92592994438724E-34,0.));
#6158=DIRECTION('center_axis',(0.,0.,-1.));
#6159=DIRECTION('ref_axis',(-0.67987301479844,-0.733329860123587,0.));
#6160=DIRECTION('',(0.,0.,1.));
#6161=DIRECTION('',(0.,0.,-1.));
#6162=DIRECTION('center_axis',(-1.15555796663234E-34,-0.6,0.8));
#6163=DIRECTION('ref_axis',(-1.54074395550979E-34,-0.8,-0.6));
#6164=DIRECTION('center_axis',(-0.577350269189624,-0.577350269189626,-0.577350269189627));
#6165=DIRECTION('ref_axis',(0.70710678118655,-0.707106781186545,-2.2204460492503E-15));
#6166=DIRECTION('center_axis',(1.36183812376644E-34,0.707106781186547,-0.707106781186548));
#6167=DIRECTION('ref_axis',(-1.36183812376644E-34,-0.707106781186548,-0.707106781186547));
#6168=DIRECTION('center_axis',(0.,0.,-1.));
#6169=DIRECTION('ref_axis',(0.382683432365089,-0.923879532511287,0.));
#6170=DIRECTION('',(0.,0.,-1.));
#6171=DIRECTION('center_axis',(0.,0.,-1.));
#6172=DIRECTION('ref_axis',(0.382683432365089,-0.923879532511287,0.));
#6173=DIRECTION('',(0.,0.,1.));
#6174=DIRECTION('center_axis',(-1.92592994438723E-34,-1.,0.));
#6175=DIRECTION('ref_axis',(0.,0.,-1.));
#6176=DIRECTION('',(-1.,1.92592994438724E-34,0.));
#6177=DIRECTION('',(0.,0.,1.));
#6178=DIRECTION('',(-1.,1.92592994438724E-34,0.));
#6179=DIRECTION('center_axis',(-1.,1.92592994438723E-34,0.));
#6180=DIRECTION('ref_axis',(0.,0.,1.));
#6181=DIRECTION('center_axis',(1.,-1.92592994438723E-34,0.));
#6182=DIRECTION('ref_axis',(0.,0.,1.));
#6183=DIRECTION('',(-2.93201379171137E-33,0.776114000116265,-0.630592625094466));
#6184=DIRECTION('',(1.49352892809117E-34,0.775484556145866,-0.631366536315672));
#6185=DIRECTION('',(-1.39629920968075E-33,1.,0.));
#6186=DIRECTION('center_axis',(1.,-1.92592994438723E-34,0.));
#6187=DIRECTION('ref_axis',(1.72749438679148E-34,0.896966367767394,-0.442098784316547));
#6188=DIRECTION('',(-1.17307878653057E-34,-0.609097329811655,0.793095481525593));
#6189=DIRECTION('center_axis',(1.,-1.92592994438723E-34,0.));
#6190=DIRECTION('ref_axis',(8.51451287092439E-35,0.442098784316551,0.896966367767392));
#6191=DIRECTION('',(-1.92592994438724E-34,-1.,0.));
#6192=DIRECTION('center_axis',(1.,-1.92592994438723E-34,0.));
#6193=DIRECTION('ref_axis',(-1.36183812376645E-34,-0.707106781186548,0.707106781186547));
#6194=DIRECTION('center_axis',(1.36183812376644E-34,0.707106781186547,-0.707106781186548));
#6195=DIRECTION('ref_axis',(0.707106781186553,0.499999999999991,0.500000000000001));
#6196=DIRECTION('center_axis',(1.36183812376645E-34,0.707106781186549,-0.707106781186546));
#6197=DIRECTION('ref_axis',(1.36183812376644E-34,0.707106781186546,0.707106781186549));
#6198=DIRECTION('',(1.36183812376644E-34,0.707106781186547,-0.707106781186548));
#6199=DIRECTION('center_axis',(-1.36183812376645E-34,-0.707106781186548,
0.707106781186547));
#6200=DIRECTION('ref_axis',(1.,-1.92592994438724E-34,0.));
#6201=DIRECTION('',(-1.36183812376644E-34,-0.707106781186547,0.707106781186548));
#6202=DIRECTION('center_axis',(1.92592994438723E-34,1.,0.));
#6203=DIRECTION('ref_axis',(0.,0.,1.));
#6204=DIRECTION('center_axis',(-1.,1.92592994438723E-34,0.));
#6205=DIRECTION('ref_axis',(7.37021481612815E-35,0.38268343236509,0.923879532511287));
#6206=DIRECTION('center_axis',(1.,-1.92592994438723E-34,0.));
#6207=DIRECTION('ref_axis',(7.37021481612815E-35,0.38268343236509,0.923879532511287));
#6208=DIRECTION('center_axis',(-1.92592994438723E-34,-1.,0.));
#6209=DIRECTION('ref_axis',(0.707106781186547,-1.36183812376644E-34,0.707106781186548));
#6210=DIRECTION('center_axis',(0.70710678118655,-0.707106781186545,0.));
#6211=DIRECTION('ref_axis',(0.707106781186545,0.70710678118655,-4.08878244448898E-17));
#6212=DIRECTION('',(1.92592994438724E-34,1.,0.));
#6213=DIRECTION('center_axis',(3.57389917703929E-49,1.85567454696613E-15,
1.));
#6214=DIRECTION('ref_axis',(1.,-1.92592994438724E-34,0.));
#6215=DIRECTION('center_axis',(0.,0.,-1.));
#6216=DIRECTION('ref_axis',(0.679873014798437,0.73332986012359,0.));
#6217=DIRECTION('',(0.,0.,1.));
#6218=DIRECTION('',(0.,0.,-1.));
#6219=DIRECTION('center_axis',(1.15555796663234E-34,0.6,0.8));
#6220=DIRECTION('ref_axis',(5.55111512312578E-17,0.8,-0.6));
#6221=DIRECTION('center_axis',(0.577350269189626,0.577350269189627,-0.577350269189624));
#6222=DIRECTION('ref_axis',(-0.707106781186547,0.707106781186548,2.22044604925032E-15));
#6223=DIRECTION('center_axis',(-1.36183812376644E-34,-0.707106781186548,
-0.707106781186547));
#6224=DIRECTION('ref_axis',(3.2710259555912E-17,0.707106781186547,-0.707106781186548));
#6225=DIRECTION('center_axis',(0.,0.,-1.));
#6226=DIRECTION('ref_axis',(-0.38268343236509,0.923879532511287,0.));
#6227=DIRECTION('',(0.,0.,-1.));
#6228=DIRECTION('center_axis',(0.,0.,-1.));
#6229=DIRECTION('ref_axis',(-0.38268343236509,0.923879532511287,0.));
#6230=DIRECTION('',(0.,0.,1.));
#6231=DIRECTION('center_axis',(1.92592994438723E-34,1.,0.));
#6232=DIRECTION('ref_axis',(0.,0.,1.));
#6233=DIRECTION('',(1.,-1.92592994438724E-34,0.));
#6234=DIRECTION('',(0.,0.,1.));
#6235=DIRECTION('',(1.,-1.92592994438724E-34,0.));
#6236=DIRECTION('center_axis',(1.,-1.92592994438723E-34,0.));
#6237=DIRECTION('ref_axis',(0.,0.,-1.));
#6238=DIRECTION('center_axis',(-1.,1.92592994438723E-34,0.));
#6239=DIRECTION('ref_axis',(0.,0.,1.));
#6240=DIRECTION('',(2.36250137135603E-24,0.776114000116266,0.630592625094465));
#6241=DIRECTION('',(-1.49352892809116E-34,-0.775484556145863,-0.631366536315676));
#6242=DIRECTION('',(-3.30177293707118E-24,-1.,0.));
#6243=DIRECTION('center_axis',(-1.,1.92592994438723E-34,0.));
#6244=DIRECTION('ref_axis',(-1.72749438679147E-34,-0.896966367767388,-0.442098784316557));
#6245=DIRECTION('',(1.17307878653057E-34,0.609097329811655,0.793095481525593));
#6246=DIRECTION('center_axis',(-1.,1.92592994438723E-34,0.));
#6247=DIRECTION('ref_axis',(-8.51451287092441E-35,-0.442098784316552,0.896966367767391));
#6248=DIRECTION('',(1.92592994438724E-34,1.,0.));
#6249=DIRECTION('center_axis',(-1.,1.92592994438723E-34,0.));
#6250=DIRECTION('ref_axis',(1.36183812376645E-34,0.707106781186548,0.707106781186547));
#6251=DIRECTION('center_axis',(1.36183812376644E-34,0.707106781186547,-0.707106781186548));
#6252=DIRECTION('ref_axis',(-0.707106781186549,0.500000000000004,0.499999999999994));
#6253=DIRECTION('center_axis',(1.36183812376644E-34,0.707106781186546,-0.707106781186549));
#6254=DIRECTION('ref_axis',(-1.,1.92592994438724E-34,0.));
#6255=DIRECTION('',(1.36183812376644E-34,0.707106781186547,-0.707106781186548));
#6256=DIRECTION('center_axis',(-1.36183812376645E-34,-0.707106781186549,
0.707106781186546));
#6257=DIRECTION('ref_axis',(1.36183812376644E-34,0.707106781186546,0.707106781186549));
#6258=DIRECTION('',(-1.36183812376644E-34,-0.707106781186547,0.707106781186548));
#6259=DIRECTION('center_axis',(1.92592994438723E-34,1.,0.));
#6260=DIRECTION('ref_axis',(-1.,1.92592994438724E-34,0.));
#6261=DIRECTION('center_axis',(-1.,1.92592994438723E-34,0.));
#6262=DIRECTION('ref_axis',(7.37021481612813E-35,0.38268343236509,0.923879532511287));
#6263=DIRECTION('center_axis',(1.,-1.92592994438723E-34,0.));
#6264=DIRECTION('ref_axis',(7.37021481612813E-35,0.38268343236509,0.923879532511287));
#6265=DIRECTION('center_axis',(1.92592994438723E-34,1.,0.));
#6266=DIRECTION('ref_axis',(-0.70710678118655,1.36183812376645E-34,0.707106781186545));
#6267=DIRECTION('center_axis',(-0.707106781186553,-0.707106781186542,0.));
#6268=DIRECTION('ref_axis',(-0.707106781186542,0.707106781186553,0.));
#6269=DIRECTION('',(-1.92592994438724E-34,-1.,0.));
#6270=DIRECTION('center_axis',(0.,0.,1.));
#6271=DIRECTION('ref_axis',(0.0755453674977576,0.997142365687884,0.));
#6272=DIRECTION('center_axis',(0.,0.,1.));
#6273=DIRECTION('ref_axis',(-0.679873014798423,0.733329860123603,0.));
#6274=DIRECTION('',(0.,0.,1.));
#6275=DIRECTION('',(0.,0.,-1.));
#6276=DIRECTION('center_axis',(1.36183812376644E-34,0.707106781186548,0.707106781186547));
#6277=DIRECTION('ref_axis',(1.,-1.92592994438724E-34,0.));
#6278=DIRECTION('',(1.,-1.92592994438724E-34,0.));
#6279=DIRECTION('center_axis',(-1.36183812376644E-34,-0.707106781186548,
-0.707106781186547));
#6280=DIRECTION('ref_axis',(0.816496580927726,-0.408248290463863,0.408248290463863));
#6281=DIRECTION('',(0.577350269189626,-0.577350269189626,0.577350269189626));
#6282=DIRECTION('center_axis',(-1.36183812376644E-34,-0.707106781186548,
-0.707106781186547));
#6283=DIRECTION('ref_axis',(3.2710259555912E-17,0.707106781186547,-0.707106781186548));
#6284=DIRECTION('center_axis',(1.,-1.92592994438723E-34,0.));
#6285=DIRECTION('ref_axis',(7.37021481612811E-35,0.382683432365088,0.923879532511287));
#6286=DIRECTION('center_axis',(1.,5.20282872453245E-15,-1.77635683940024E-14));
#6287=DIRECTION('ref_axis',(8.88178419700128E-15,0.70710678118654,0.707106781186555));
#6288=DIRECTION('center_axis',(-1.,1.92592994438723E-34,0.));
#6289=DIRECTION('ref_axis',(0.,0.,1.));
#6290=DIRECTION('center_axis',(1.,-1.92592994438723E-34,0.));
#6291=DIRECTION('ref_axis',(1.36183812376645E-34,0.707106781186548,0.707106781186547));
#6292=DIRECTION('',(-1.92592994438724E-34,-1.,0.));
#6293=DIRECTION('center_axis',(1.,-1.92592994438723E-34,0.));
#6294=DIRECTION('ref_axis',(-8.51451287092441E-35,-0.442098784316552,0.896966367767391));
#6295=DIRECTION('',(-1.17307878653057E-34,-0.609097329811655,-0.793095481525593));
#6296=DIRECTION('center_axis',(1.,-1.92592994438723E-34,0.));
#6297=DIRECTION('ref_axis',(-1.72749438679147E-34,-0.896966367767388,-0.442098784316557));
#6298=DIRECTION('',(-1.92592994438724E-34,-1.,0.));
#6299=DIRECTION('',(1.49352892809116E-34,0.775484556145863,0.631366536315676));
#6300=DIRECTION('',(2.36250137135603E-24,0.776114000116266,0.630592625094465));
#6301=DIRECTION('center_axis',(1.,-1.92592994438723E-34,0.));
#6302=DIRECTION('ref_axis',(0.,0.,1.));
#6303=DIRECTION('center_axis',(-1.,1.92592994438723E-34,0.));
#6304=DIRECTION('ref_axis',(0.,0.,1.));
#6305=DIRECTION('',(-1.,1.92592994438723E-34,0.));
#6306=DIRECTION('center_axis',(1.,-1.92592994438723E-34,0.));
#6307=DIRECTION('ref_axis',(7.37021481612811E-35,0.382683432365088,0.923879532511287));
#6308=DIRECTION('',(-1.,1.92592994438724E-34,0.));
#6309=DIRECTION('center_axis',(-1.,-5.33104304622688E-15,5.13478148889139E-15));
#6310=DIRECTION('ref_axis',(5.13478148889134E-15,8.88178419700124E-15,1.));
#6311=DIRECTION('center_axis',(1.,-1.92592994438723E-34,0.));
#6312=DIRECTION('ref_axis',(0.,0.,1.));
#6313=DIRECTION('',(1.,-1.92592994438723E-34,0.));
#6314=DIRECTION('center_axis',(-1.,1.92592994438723E-34,0.));
#6315=DIRECTION('ref_axis',(-7.37021481612813E-35,-0.382683432365089,0.923879532511287));
#6316=DIRECTION('',(1.,-1.92592994438724E-34,0.));
#6317=DIRECTION('center_axis',(1.,3.67895547246897E-15,-8.88178419700124E-15));
#6318=DIRECTION('ref_axis',(8.88178419700124E-15,-1.710569414459E-48,1.));
#6319=DIRECTION('center_axis',(0.577350269189623,-0.577350269189625,0.57735026918963));
#6320=DIRECTION('ref_axis',(0.707106781186548,0.707106781186548,2.22044604925032E-15));
#6321=DIRECTION('center_axis',(-0.408248290463864,0.816496580927726,0.408248290463861));
#6322=DIRECTION('ref_axis',(0.707106781186545,-1.36183812376644E-34,0.70710678118655));
#6323=DIRECTION('center_axis',(-0.577350269189626,0.577350269189626,-0.577350269189626));
#6324=DIRECTION('ref_axis',(0.408248290463863,0.816496580927725,0.408248290463864));
#6325=DIRECTION('center_axis',(0.577350269189629,-0.577350269189626,0.577350269189622));
#6326=DIRECTION('ref_axis',(0.707106781186548,0.707106781186548,-3.33066907387548E-15));
#6327=DIRECTION('',(-0.577350269189626,0.577350269189626,-0.577350269189626));
#6328=DIRECTION('center_axis',(1.15555796663234E-34,0.6,0.8));
#6329=DIRECTION('ref_axis',(1.54074395550979E-34,0.8,-0.6));
#6330=DIRECTION('center_axis',(-0.577350269189626,-0.577350269189625,0.577350269189626));
#6331=DIRECTION('ref_axis',(-0.408248290463863,0.816496580927726,0.408248290463864));
#6332=DIRECTION('center_axis',(0.577350269189625,0.577350269189628,-0.577350269189624));
#6333=DIRECTION('ref_axis',(-0.707106781186549,0.707106781186546,0.));
#6334=DIRECTION('',(0.577350269189626,0.577350269189625,-0.577350269189626));
#6335=DIRECTION('',(-0.577350269189626,-0.577350269189625,0.577350269189626));
#6336=DIRECTION('center_axis',(-1.36183812376644E-34,-0.707106781186548,
-0.707106781186547));
#6337=DIRECTION('ref_axis',(-0.816496580927726,-0.408248290463863,0.408248290463863));
#6338=DIRECTION('center_axis',(0.408248290463865,0.816496580927728,0.408248290463858));
#6339=DIRECTION('ref_axis',(-0.707106781186547,5.12790049702285E-15,0.707106781186548));
#6340=DIRECTION('center_axis',(1.36183812376644E-34,0.707106781186548,0.707106781186547));
#6341=DIRECTION('ref_axis',(1.,-1.92592994438724E-34,0.));
#6342=DIRECTION('center_axis',(0.577350269189626,0.577350269189626,0.577350269189625));
#6343=DIRECTION('ref_axis',(0.408248290463863,-0.816496580927726,0.408248290463864));
#6344=DIRECTION('center_axis',(-0.577350269189626,-0.577350269189626,-0.577350269189625));
#6345=DIRECTION('ref_axis',(0.707106781186546,-0.707106781186549,2.22044604925031E-15));
#6346=DIRECTION('',(-0.577350269189626,-0.577350269189626,-0.577350269189625));
#6347=DIRECTION('',(0.577350269189626,0.577350269189626,0.577350269189625));
#6348=DIRECTION('center_axis',(1.36183812376644E-34,0.707106781186547,-0.707106781186548));
#6349=DIRECTION('ref_axis',(0.816496580927726,0.408248290463863,0.408248290463863));
#6350=DIRECTION('center_axis',(-0.408248290463863,-0.816496580927725,0.408248290463865));
#6351=DIRECTION('ref_axis',(0.707106781186552,-2.56395024851142E-15,0.707106781186543));
#6352=DIRECTION('center_axis',(-0.577350269189625,0.577350269189626,0.577350269189626));
#6353=DIRECTION('ref_axis',(-0.707106781186549,-0.707106781186547,0.));
#6354=DIRECTION('center_axis',(0.408248290463862,-0.816496580927726,0.408248290463864));
#6355=DIRECTION('ref_axis',(-0.707106781186547,1.28197512425571E-15,0.707106781186548));
#6356=DIRECTION('center_axis',(0.577350269189626,-0.577350269189626,-0.577350269189626));
#6357=DIRECTION('ref_axis',(-0.408248290463864,-0.816496580927726,0.408248290463863));
#6358=DIRECTION('center_axis',(-0.577350269189626,0.577350269189625,0.577350269189626));
#6359=DIRECTION('ref_axis',(-0.707106781186547,-0.707106781186548,0.));
#6360=DIRECTION('',(0.577350269189626,-0.577350269189626,-0.577350269189626));
#6361=DIRECTION('center_axis',(-1.15555796663234E-34,-0.6,0.8));
#6362=DIRECTION('ref_axis',(-5.55111512312579E-17,-0.8,-0.6));
#6363=DIRECTION('center_axis',(1.21447721937919E-34,0.630592625094466,0.776114000116265));
#6364=DIRECTION('ref_axis',(-2.93201379171137E-33,0.776114000116265,-0.630592625094466));
#6365=DIRECTION('center_axis',(-1.36183812376644E-34,-0.707106781186547,
0.707106781186548));
#6366=DIRECTION('ref_axis',(1.,-1.92592994438724E-34,0.));
#6367=DIRECTION('center_axis',(1.21596771817441E-34,0.631366536315676,-0.775484556145863));
#6368=DIRECTION('ref_axis',(-1.,1.92592994438724E-34,0.));
#6369=DIRECTION('',(-1.,1.92592994438724E-34,0.));
#6370=DIRECTION('center_axis',(-1.2159677181744E-34,-0.631366536315672,
-0.775484556145866));
#6371=DIRECTION('ref_axis',(-1.,1.92592994438724E-34,0.));
#6372=DIRECTION('',(1.,-1.92592994438724E-34,0.));
#6373=DIRECTION('center_axis',(-1.,1.06581410364015E-16,0.));
#6374=DIRECTION('ref_axis',(1.72749438679148E-34,0.896966367767394,-0.442098784316547));
#6375=DIRECTION('',(-1.,1.06581410364015E-16,0.));
#6376=DIRECTION('',(1.,-1.06581410364015E-16,0.));
#6377=DIRECTION('center_axis',(0.,0.,-1.));
#6378=DIRECTION('ref_axis',(-1.,1.92592994438724E-34,0.));
#6379=DIRECTION('',(-8.96787567087898E-17,-1.,0.));
#6380=DIRECTION('center_axis',(0.,0.,1.));
#6381=DIRECTION('ref_axis',(-0.923879532511287,0.382683432365089,0.));
#6382=DIRECTION('',(-0.707106781186548,-0.707106781186547,0.));
#6383=DIRECTION('center_axis',(0.,0.,1.));
#6384=DIRECTION('ref_axis',(-0.38268343236509,0.923879532511287,0.));
#6385=DIRECTION('',(-1.,1.92592994438724E-34,0.));
#6386=DIRECTION('center_axis',(0.,0.,1.));
#6387=DIRECTION('ref_axis',(0.382683432365089,0.923879532511287,0.));
#6388=DIRECTION('',(-0.707106781186547,0.707106781186547,0.));
#6389=DIRECTION('center_axis',(0.,0.,1.));
#6390=DIRECTION('ref_axis',(0.923879532511287,0.382683432365088,0.));
#6391=DIRECTION('',(1.92592994438724E-34,1.,0.));
#6392=DIRECTION('center_axis',(0.,0.,1.));
#6393=DIRECTION('ref_axis',(0.923879532511287,-0.382683432365089,0.));
#6394=DIRECTION('',(0.707106781186548,0.707106781186547,0.));
#6395=DIRECTION('center_axis',(0.,0.,1.));
#6396=DIRECTION('ref_axis',(0.382683432365089,-0.923879532511287,0.));
#6397=DIRECTION('',(1.,-1.92592994438724E-34,0.));
#6398=DIRECTION('center_axis',(0.,0.,1.));
#6399=DIRECTION('ref_axis',(-0.38268343236509,-0.923879532511287,0.));
#6400=DIRECTION('',(0.707106781186547,-0.707106781186548,0.));
#6401=DIRECTION('center_axis',(0.,0.,1.));
#6402=DIRECTION('ref_axis',(-0.923879532511287,-0.38268343236509,0.));
#6403=DIRECTION('',(1.,-1.92592994438724E-34,0.));
#6404=DIRECTION('center_axis',(-1.,1.92592994438723E-34,0.));
#6405=DIRECTION('ref_axis',(-1.72749438679147E-34,-0.896966367767388,-0.442098784316557));
#6406=DIRECTION('',(-1.,1.92592994438724E-34,0.));
#6407=DIRECTION('center_axis',(-1.52744633662835E-34,-0.793095481525593,
0.609097329811655));
#6408=DIRECTION('ref_axis',(-1.17307878653057E-34,-0.609097329811655,-0.793095481525593));
#6409=DIRECTION('',(1.,-1.92592994438724E-34,0.));
#6410=DIRECTION('center_axis',(1.,-1.92592994438723E-34,0.));
#6411=DIRECTION('ref_axis',(1.36183812376645E-34,0.707106781186548,0.707106781186547));
#6412=DIRECTION('',(1.,-1.92592994438724E-34,0.));
#6413=DIRECTION('center_axis',(0.,0.,1.));
#6414=DIRECTION('ref_axis',(1.92592994438724E-34,1.,0.));
#6415=DIRECTION('',(-1.,1.92592994438724E-34,0.));
#6416=DIRECTION('center_axis',(1.,-1.92592994438723E-34,0.));
#6417=DIRECTION('ref_axis',(-8.51451287092441E-35,-0.442098784316552,0.896966367767391));
#6418=DIRECTION('center_axis',(-1.,1.92592994438723E-34,0.));
#6419=DIRECTION('ref_axis',(-1.36183812376645E-34,-0.707106781186548,0.707106781186547));
#6420=DIRECTION('',(-1.,1.92592994438724E-34,0.));
#6421=DIRECTION('center_axis',(0.,0.,1.));
#6422=DIRECTION('ref_axis',(1.92592994438724E-34,1.,0.));
#6423=DIRECTION('',(1.,-1.06581410364015E-16,0.));
#6424=DIRECTION('center_axis',(1.,-1.06581410364015E-16,0.));
#6425=DIRECTION('ref_axis',(8.51451287092439E-35,0.442098784316551,0.896966367767392));
#6426=DIRECTION('',(-1.,1.06581410364015E-16,0.));
#6427=DIRECTION('center_axis',(8.45292349743253E-17,0.793095481525593,0.609097329811655));
#6428=DIRECTION('ref_axis',(1.10064108039486E-16,-0.609097329811655,0.793095481525593));
#6429=DIRECTION('center_axis',(-0.707106781186547,6.34124569971639E-17,
-0.707106781186548));
#6430=DIRECTION('ref_axis',(-0.707106781186548,1.36183812376644E-34,0.707106781186547));
#6431=DIRECTION('',(-0.707106781186548,-1.57009245868377E-15,0.707106781186547));
#6432=DIRECTION('',(8.96787567087898E-17,1.,0.));
#6433=DIRECTION('',(0.707106781186548,-1.36183812376644E-34,-0.707106781186547));
#6434=DIRECTION('center_axis',(0.,0.,1.));
#6435=DIRECTION('ref_axis',(-0.923879532511287,-0.38268343236509,0.));
#6436=DIRECTION('',(-0.499999999999999,-0.499999999999999,0.707106781186548));
#6437=DIRECTION('center_axis',(0.,0.,-1.));
#6438=DIRECTION('ref_axis',(-0.923879532511287,-0.38268343236509,0.));
#6439=DIRECTION('center_axis',(-0.500000000000001,-0.500000000000001,-0.707106781186546));
#6440=DIRECTION('ref_axis',(-0.816496580927725,1.5725152146985E-34,0.577350269189628));
#6441=DIRECTION('',(-0.499999999999999,-0.499999999999999,0.707106781186549));
#6442=DIRECTION('',(-0.707106781186547,0.707106781186548,0.));
#6443=DIRECTION('center_axis',(0.,0.,1.));
#6444=DIRECTION('ref_axis',(-0.38268343236509,-0.923879532511287,0.));
#6445=DIRECTION('',(-1.36183812376644E-34,-0.707106781186548,0.707106781186547));
#6446=DIRECTION('center_axis',(0.,0.,-1.));
#6447=DIRECTION('ref_axis',(-0.38268343236509,-0.923879532511287,0.));
#6448=DIRECTION('center_axis',(-1.36183812376644E-34,-0.707106781186546,
-0.707106781186549));
#6449=DIRECTION('ref_axis',(-1.,1.92592994438724E-34,0.));
#6450=DIRECTION('',(-1.36183812376645E-34,-0.707106781186549,0.707106781186546));
#6451=DIRECTION('center_axis',(0.,0.,1.));
#6452=DIRECTION('ref_axis',(0.382683432365089,-0.923879532511287,0.));
#6453=DIRECTION('',(0.500000000000003,-0.5,0.707106781186545));
#6454=DIRECTION('center_axis',(0.5,-0.5,-0.707106781186547));
#6455=DIRECTION('ref_axis',(-0.816496580927726,1.5725152146985E-34,-0.577350269189626));
#6456=DIRECTION('',(0.499999999999999,-0.500000000000001,0.707106781186548));
#6457=DIRECTION('',(-0.707106781186548,-0.707106781186547,0.));
#6458=DIRECTION('center_axis',(0.,0.,1.));
#6459=DIRECTION('ref_axis',(0.923879532511287,-0.382683432365089,0.));
#6460=DIRECTION('',(0.707106781186549,-1.36183812376645E-34,0.707106781186546));
#6461=DIRECTION('center_axis',(0.,0.,-1.));
#6462=DIRECTION('ref_axis',(0.923879532511287,-0.382683432365089,0.));
#6463=DIRECTION('center_axis',(0.707106781186549,-1.36183812376645E-34,
-0.707106781186546));
#6464=DIRECTION('ref_axis',(-0.707106781186546,1.36183812376644E-34,-0.707106781186549));
#6465=DIRECTION('',(0.707106781186546,-1.36183812376644E-34,0.707106781186549));
#6466=DIRECTION('',(-1.92592994438724E-34,-1.,0.));
#6467=DIRECTION('center_axis',(0.,0.,1.));
#6468=DIRECTION('ref_axis',(0.923879532511287,0.382683432365088,0.));
#6469=DIRECTION('',(0.499999999999999,0.499999999999999,0.707106781186548));
#6470=DIRECTION('center_axis',(0.,0.,-1.));
#6471=DIRECTION('ref_axis',(0.923879532511287,0.382683432365088,0.));
#6472=DIRECTION('center_axis',(0.500000000000001,0.500000000000001,-0.707106781186547));
#6473=DIRECTION('ref_axis',(-0.816496580927726,1.5725152146985E-34,-0.577350269189627));
#6474=DIRECTION('',(0.500000000000004,0.499999999999998,0.707106781186546));
#6475=DIRECTION('',(0.707106781186548,-0.707106781186548,0.));
#6476=DIRECTION('center_axis',(0.,0.,1.));
#6477=DIRECTION('ref_axis',(0.382683432365089,0.923879532511287,0.));
#6478=DIRECTION('',(1.36183812376645E-34,0.707106781186549,0.707106781186546));
#6479=DIRECTION('center_axis',(0.,0.,-1.));
#6480=DIRECTION('ref_axis',(0.382683432365089,0.923879532511287,0.));
#6481=DIRECTION('center_axis',(1.36183812376644E-34,0.707106781186546,-0.707106781186549));
#6482=DIRECTION('ref_axis',(-1.,1.92592994438724E-34,0.));
#6483=DIRECTION('',(1.96261557335471E-16,0.707106781186549,0.707106781186546));
#6484=DIRECTION('center_axis',(0.,0.,1.));
#6485=DIRECTION('ref_axis',(-0.38268343236509,0.923879532511287,0.));
#6486=DIRECTION('',(-0.500000000000002,0.499999999999999,0.707106781186547));
#6487=DIRECTION('center_axis',(-0.499999999999998,0.499999999999998,-0.70710678118655));
#6488=DIRECTION('ref_axis',(-0.816496580927728,1.57251521469851E-34,0.577350269189622));
#6489=DIRECTION('',(-0.500000000000001,0.500000000000003,0.707106781186545));
#6490=DIRECTION('',(0.707106781186548,0.707106781186547,0.));
#6491=DIRECTION('center_axis',(0.,0.,1.));
#6492=DIRECTION('ref_axis',(-0.923879532511287,0.382683432365089,0.));
#6493=DIRECTION('center_axis',(0.,0.,-1.));
#6494=DIRECTION('ref_axis',(-0.923879532511287,0.382683432365089,0.));
#6495=DIRECTION('center_axis',(0.,0.,-1.));
#6496=DIRECTION('ref_axis',(0.923879532511287,0.382683432365088,0.));
#6497=DIRECTION('',(0.,0.,1.));
#6498=DIRECTION('center_axis',(0.,0.,1.));
#6499=DIRECTION('ref_axis',(0.934757420595547,0.355286595077213,0.));
#6500=DIRECTION('',(0.,0.,-1.));
#6501=DIRECTION('center_axis',(0.707106781186548,0.707106781186548,0.));
#6502=DIRECTION('ref_axis',(0.,0.,-1.));
#6503=DIRECTION('',(-0.707106781186548,0.707106781186548,0.));
#6504=DIRECTION('',(0.,0.,-1.));
#6505=DIRECTION('center_axis',(0.,0.,1.));
#6506=DIRECTION('ref_axis',(0.382683432365089,0.923879532511287,0.));
#6507=DIRECTION('center_axis',(-0.707106781186547,0.707106781186548,0.));
#6508=DIRECTION('ref_axis',(0.,0.,1.));
#6509=DIRECTION('',(0.,0.,-1.));
#6510=DIRECTION('',(-0.707106781186548,-0.707106781186547,0.));
#6511=DIRECTION('center_axis',(0.,0.,1.));
#6512=DIRECTION('ref_axis',(-0.923879532511287,0.382683432365089,0.));
#6513=DIRECTION('',(0.,0.,1.));
#6514=DIRECTION('center_axis',(0.,0.,1.));
#6515=DIRECTION('ref_axis',(-0.934757420595549,0.355286595077209,0.));
#6516=DIRECTION('center_axis',(-1.,8.96787567087898E-17,0.));
#6517=DIRECTION('ref_axis',(-8.96787567087898E-17,-1.,0.));
#6518=DIRECTION('',(0.,0.,-1.));
#6519=DIRECTION('',(-8.96787567087898E-17,-1.,0.));
#6520=DIRECTION('',(-8.96787567087898E-17,-1.,-9.91227080922186E-17));
#6521=DIRECTION('center_axis',(1.,-8.96787567087898E-17,0.));
#6522=DIRECTION('ref_axis',(5.04646829375071E-17,1.73472347597681E-18,-1.));
#6523=DIRECTION('',(8.96787567087898E-17,1.,7.47757119381582E-17));
#6524=DIRECTION('center_axis',(1.,-8.96787567087898E-17,0.));
#6525=DIRECTION('ref_axis',(-5.04646829375071E-17,-1.73472347597681E-18,
1.));
#6526=DIRECTION('center_axis',(0.,0.,-1.));
#6527=DIRECTION('ref_axis',(-1.,0.,0.));
#6528=DIRECTION('center_axis',(-0.707106781186547,0.707106781186548,0.));
#6529=DIRECTION('ref_axis',(-0.707106781186548,-0.707106781186547,0.));
#6530=DIRECTION('center_axis',(-1.92592994438723E-34,-1.,0.));
#6531=DIRECTION('ref_axis',(0.,0.,1.));
#6532=DIRECTION('center_axis',(0.,0.,1.));
#6533=DIRECTION('ref_axis',(-0.934757420595549,-0.355286595077209,0.));
#6534=DIRECTION('center_axis',(8.96787567087898E-17,1.,0.));
#6535=DIRECTION('ref_axis',(-0.707106781186548,1.36183812376645E-34,0.707106781186547));
#6536=DIRECTION('center_axis',(-1.92592994438723E-34,-1.,0.));
#6537=DIRECTION('ref_axis',(0.,0.,1.));
#6538=DIRECTION('center_axis',(0.,0.,-1.));
#6539=DIRECTION('ref_axis',(-1.,0.,0.));
#6540=DIRECTION('center_axis',(-0.707106781186547,-0.707106781186548,0.));
#6541=DIRECTION('ref_axis',(0.,0.,1.));
#6542=DIRECTION('center_axis',(-0.707106781186547,0.707106781186548,0.));
#6543=DIRECTION('ref_axis',(-0.707106781186548,-0.707106781186547,0.));
#6544=DIRECTION('',(0.707106781186547,-0.707106781186548,0.));
#6545=DIRECTION('center_axis',(-0.707106781186548,-0.707106781186547,0.));
#6546=DIRECTION('ref_axis',(0.,0.,1.));
#6547=DIRECTION('center_axis',(-0.707106781186548,-0.707106781186547,0.));
#6548=DIRECTION('ref_axis',(0.,0.,1.));
#6549=DIRECTION('',(0.,0.,1.));
#6550=DIRECTION('',(0.,0.,-1.));
#6551=DIRECTION('center_axis',(0.,0.,-1.));
#6552=DIRECTION('ref_axis',(-0.923879532511287,-0.38268343236509,0.));
#6553=DIRECTION('center_axis',(0.,0.,-1.));
#6554=DIRECTION('ref_axis',(-1.,0.,0.));
#6555=DIRECTION('center_axis',(0.707106781186548,-0.707106781186548,0.));
#6556=DIRECTION('ref_axis',(0.707106781186548,0.707106781186548,0.));
#6557=DIRECTION('center_axis',(1.92592994438723E-34,1.,0.));
#6558=DIRECTION('ref_axis',(0.,0.,1.));
#6559=DIRECTION('center_axis',(1.92592994438723E-34,1.,0.));
#6560=DIRECTION('ref_axis',(0.707106781186549,-1.36183812376645E-34,0.707106781186546));
#6561=DIRECTION('center_axis',(1.48029736616687E-15,1.,0.));
#6562=DIRECTION('ref_axis',(0.,0.,1.));
#6563=DIRECTION('',(1.92592994438724E-34,1.,0.));
#6564=DIRECTION('center_axis',(0.,0.,-1.));
#6565=DIRECTION('ref_axis',(-1.,0.,0.));
#6566=DIRECTION('center_axis',(0.707106781186546,0.707106781186549,0.));
#6567=DIRECTION('ref_axis',(0.,0.,1.));
#6568=DIRECTION('center_axis',(0.,0.,1.));
#6569=DIRECTION('ref_axis',(0.934757420595549,-0.355286595077209,0.));
#6570=DIRECTION('center_axis',(0.707106781186548,-0.707106781186548,0.));
#6571=DIRECTION('ref_axis',(0.707106781186547,0.707106781186547,0.));
#6572=DIRECTION('center_axis',(0.707106781186548,0.707106781186547,0.));
#6573=DIRECTION('ref_axis',(0.,0.,1.));
#6574=DIRECTION('',(0.707106781186548,0.707106781186547,0.));
#6575=DIRECTION('center_axis',(0.,0.,1.));
#6576=DIRECTION('ref_axis',(0.923879532511287,-0.382683432365089,0.));
#6577=DIRECTION('',(0.,0.,1.));
#6578=DIRECTION('',(0.,0.,-1.));
#6579=DIRECTION('center_axis',(1.,-1.92592994438723E-34,0.));
#6580=DIRECTION('ref_axis',(1.92592994438724E-34,1.,0.));
#6581=DIRECTION('center_axis',(0.707106781186547,-0.707106781186548,0.));
#6582=DIRECTION('ref_axis',(0.,0.,-1.));
#6583=DIRECTION('center_axis',(0.,0.,1.));
#6584=DIRECTION('ref_axis',(-0.38268343236509,-0.923879532511287,0.));
#6585=DIRECTION('center_axis',(-1.21447721937918E-34,-0.630592625094465,
0.776114000116266));
#6586=DIRECTION('ref_axis',(2.36250137135603E-24,0.776114000116266,0.630592625094465));
#6587=DIRECTION('center_axis',(1.92592994438723E-34,1.,0.));
#6588=DIRECTION('ref_axis',(0.437455805465756,-8.42509235092537E-35,-0.899239911405353));
#6589=DIRECTION('center_axis',(1.92592994438723E-34,1.,0.));
#6590=DIRECTION('ref_axis',(0.437455805465756,-8.42509235092537E-35,-0.899239911405353));
#6591=DIRECTION('',(-1.92592994438724E-34,-1.,0.));
#6592=DIRECTION('',(1.92592994438724E-34,1.,0.));
#6593=DIRECTION('center_axis',(0.78675543950157,-1.51523585984561E-34,-0.617264836528611));
#6594=DIRECTION('ref_axis',(-0.617264836528611,8.56627042256933E-18,-0.78675543950157));
#6595=DIRECTION('',(-1.92592994438724E-34,-1.,0.));
#6596=DIRECTION('center_axis',(-0.78675543950157,1.51523585984561E-34,0.617264836528611));
#6597=DIRECTION('ref_axis',(0.617264836528611,-1.18880883228774E-34,0.786755439501569));
#6598=DIRECTION('center_axis',(1.92592994438723E-34,1.,0.));
#6599=DIRECTION('ref_axis',(-0.437455805465758,8.42509235092541E-35,-0.899239911405352));
#6600=DIRECTION('',(1.92592994438724E-34,1.,0.));
#6601=DIRECTION('center_axis',(1.92592994438723E-34,1.,0.));
#6602=DIRECTION('ref_axis',(-0.437455805465758,8.42509235092541E-35,-0.899239911405352));
#6603=DIRECTION('',(-1.92592994438724E-34,-1.,0.));
#6604=DIRECTION('center_axis',(2.77555756156289E-17,-5.34552942018439E-51,
-1.));
#6605=DIRECTION('ref_axis',(-1.,1.38777878078145E-17,-2.77555756156289E-17));
#6606=DIRECTION('',(1.,-1.92592994438724E-34,2.77555756156289E-17));
#6607=DIRECTION('center_axis',(-0.786755439501569,1.51523585984561E-34,
-0.617264836528612));
#6608=DIRECTION('ref_axis',(-0.617264836528612,8.56627042256935E-18,0.786755439501569));
#6609=DIRECTION('',(0.617264836528612,-1.18880883228774E-34,-0.786755439501569));
#6610=DIRECTION('',(1.92592994438724E-34,1.,0.));
#6611=DIRECTION('center_axis',(0.,0.,1.));
#6612=DIRECTION('ref_axis',(0.707106781186548,-0.707106781186548,0.));
#6613=DIRECTION('center_axis',(0.,0.,1.));
#6614=DIRECTION('ref_axis',(0.707106781186548,-0.707106781186548,0.));
#6615=DIRECTION('center_axis',(0.,0.,1.));
#6616=DIRECTION('ref_axis',(0.707106781186548,-0.707106781186548,0.));
#6617=DIRECTION('',(0.,0.,-1.));
#6618=DIRECTION('center_axis',(0.,0.,1.));
#6619=DIRECTION('ref_axis',(1.,-1.92592994438724E-34,0.));
#6620=DIRECTION('center_axis',(0.,0.,1.));
#6621=DIRECTION('ref_axis',(1.,-1.92592994438724E-34,0.));
#6622=DIRECTION('',(1.,-1.92592994438724E-34,0.));
#6623=DIRECTION('',(-1.92592994438724E-34,-1.,0.));
#6624=DIRECTION('center_axis',(0.707106766435151,-0.707106795937944,1.96261553241137E-17));
#6625=DIRECTION('ref_axis',(0.707106795937944,0.707106766435151,2.20794255584949E-17));
#6626=DIRECTION('',(-0.707106795937944,-0.707106766435151,0.));
#6627=DIRECTION('',(0.707106795937944,0.707106766435151,2.20794255584949E-17));
#6628=DIRECTION('',(-2.77555756156289E-17,5.34552942018439E-51,1.));
#6629=DIRECTION('center_axis',(5.15542297608643E-17,-1.,1.43091732243318E-33));
#6630=DIRECTION('ref_axis',(1.,5.15542297608643E-17,2.77555756156289E-17));
#6631=DIRECTION('',(-1.,-5.15542297608643E-17,0.));
#6632=DIRECTION('',(1.,5.15542297608643E-17,2.77555756156289E-17));
#6633=DIRECTION('',(-2.77555756156289E-17,5.34552942018439E-51,1.));
#6634=DIRECTION('',(7.30299327592362E-66,1.43091732243318E-33,1.));
#6635=DIRECTION('',(-1.,-5.15542297608643E-17,5.15542297608643E-17));
#6636=DIRECTION('',(-7.30299327592362E-66,-1.43091732243318E-33,-1.));
#6637=DIRECTION('center_axis',(-0.707106766435152,-0.707106795937942,-1.96261553241137E-17));
#6638=DIRECTION('ref_axis',(0.707106795937942,-0.707106766435152,1.71728867274664E-17));
#6639=DIRECTION('',(0.707106795937942,-0.707106766435152,1.71728867274664E-17));
#6640=DIRECTION('',(-2.77555756156289E-17,5.34552942018439E-51,1.));
#6641=DIRECTION('center_axis',(3.58887402620736E-17,-1.,9.96112644093649E-34));
#6642=DIRECTION('ref_axis',(1.,3.58887402620736E-17,2.77555756156289E-17));
#6643=DIRECTION('',(1.,3.58887402620736E-17,2.77555756156289E-17));
#6644=DIRECTION('',(-2.77555756156289E-17,5.34552942018439E-51,1.));
#6645=DIRECTION('center_axis',(-1.,1.32197760818248E-16,-2.77555756156289E-17));
#6646=DIRECTION('ref_axis',(-1.32197760818248E-16,-1.,-3.46944695195362E-18));
#6647=DIRECTION('',(-1.32197760818248E-16,-1.,-3.46944695195362E-18));
#6648=DIRECTION('',(1.32197760818248E-16,1.,7.47757119381582E-17));
#6649=DIRECTION('center_axis',(1.,-1.32197760818248E-16,2.77555756156289E-17));
#6650=DIRECTION('ref_axis',(5.04646829375071E-17,1.73472347597681E-18,-1.));
#6651=DIRECTION('',(-1.32197760818248E-16,-1.,-9.91227080922186E-17));
#6652=DIRECTION('center_axis',(1.,-1.32197760818248E-16,2.77555756156289E-17));
#6653=DIRECTION('ref_axis',(-5.04646829375071E-17,-1.73472347597681E-18,
1.));
#6654=DIRECTION('center_axis',(1.,-1.92592994438723E-34,0.));
#6655=DIRECTION('ref_axis',(1.92592994438724E-34,1.,0.));
#6656=DIRECTION('',(1.92592994438724E-34,1.,0.));
#6657=DIRECTION('',(0.,0.,-1.));
#6658=DIRECTION('',(1.92592994438724E-34,1.,0.));
#6659=DIRECTION('',(0.,0.,-1.));
#6660=DIRECTION('center_axis',(0.,0.,1.));
#6661=DIRECTION('ref_axis',(1.,-1.92592994438724E-34,0.));
#6662=DIRECTION('',(5.10371435262618E-33,1.,0.));
#6663=DIRECTION('',(1.,-2.88889491658085E-34,0.));
#6664=DIRECTION('',(0.707106781186546,-0.707106781186549,0.));
#6665=DIRECTION('',(-1.,1.38777878078145E-17,0.));
#6666=DIRECTION('',(0.707106781186546,0.707106781186549,0.));
#6667=DIRECTION('',(1.,-2.88889491658085E-34,0.));
#6668=DIRECTION('center_axis',(1.,-5.10371435262618E-33,0.));
#6669=DIRECTION('ref_axis',(-5.10371435262618E-33,-1.,0.));
#6670=DIRECTION('',(-3.60887102798108E-33,-0.707106781186548,0.707106781186547));
#6671=DIRECTION('',(0.,0.,-1.));
#6672=DIRECTION('center_axis',(3.60887102798108E-33,0.707106781186547,0.707106781186548));
#6673=DIRECTION('ref_axis',(1.,-5.10371435262618E-33,0.));
#6674=DIRECTION('',(3.60887102798108E-33,0.707106781186548,-0.707106781186547));
#6675=DIRECTION('',(-1.,5.10371435262618E-33,0.));
#6676=DIRECTION('center_axis',(-5.04646829375071E-17,-9.91227080922186E-17,
1.));
#6677=DIRECTION('ref_axis',(1.38777878078145E-17,1.,9.91227080922186E-17));
#6678=DIRECTION('',(-1.,1.92592994438723E-34,-5.04646829375071E-17));
#6679=DIRECTION('',(-1.,1.92592994438724E-34,-5.04646829375071E-17));
#6680=DIRECTION('center_axis',(-1.,1.92592994438723E-34,-5.04646829375071E-17));
#6681=DIRECTION('ref_axis',(5.04646829375071E-17,1.73472347597681E-18,-1.));
#6682=DIRECTION('',(-1.,1.92592994438724E-34,-5.04646829375071E-17));
#6683=DIRECTION('center_axis',(-1.,5.10371435262618E-33,0.));
#6684=DIRECTION('ref_axis',(5.10371435262618E-33,1.,0.));
#6685=DIRECTION('',(0.,0.,-1.));
#6686=DIRECTION('center_axis',(-3.4045953094161E-34,-0.707106781186545,
-0.70710678118655));
#6687=DIRECTION('ref_axis',(1.,-4.81482486096809E-34,0.));
#6688=DIRECTION('',(-1.,1.92592994438724E-34,0.));
#6689=DIRECTION('',(1.,-4.81482486096809E-34,0.));
#6690=DIRECTION('center_axis',(-4.81482486096809E-34,-1.,0.));
#6691=DIRECTION('ref_axis',(1.,-4.81482486096809E-34,0.));
#6692=DIRECTION('',(-1.,1.92592994438724E-34,0.));
#6693=DIRECTION('center_axis',(0.,0.,-1.));
#6694=DIRECTION('ref_axis',(1.,-1.92592994438724E-34,0.));
#6695=DIRECTION('',(1.,5.22931125639751E-17,0.));
#6696=DIRECTION('center_axis',(0.,0.,-1.));
#6697=DIRECTION('ref_axis',(-1.,4.81482486096809E-34,0.));
#6698=DIRECTION('',(-1.,-5.22931125639751E-17,0.));
#6699=DIRECTION('center_axis',(5.04646829375071E-17,7.47757119381582E-17,
-1.));
#6700=DIRECTION('ref_axis',(-1.38777878078145E-17,-1.,-7.47757119381582E-17));
#6701=DIRECTION('',(-1.,1.92592994438723E-34,-5.04646829375071E-17));
#6702=DIRECTION('center_axis',(-1.,1.92592994438723E-34,-5.04646829375071E-17));
#6703=DIRECTION('ref_axis',(-5.04646829375071E-17,-1.73472347597681E-18,
1.));
#6704=DIRECTION('center_axis',(0.707106781186549,0.707106781186546,0.));
#6705=DIRECTION('ref_axis',(0.,0.,-1.));
#6706=DIRECTION('',(0.,0.,-1.));
#6707=DIRECTION('',(0.,0.,-1.));
#6708=DIRECTION('center_axis',(-1.38777878078145E-17,-1.,0.));
#6709=DIRECTION('ref_axis',(-1.,1.38777878078145E-17,-2.77555756156289E-17));
#6710=DIRECTION('',(0.,0.,1.));
#6711=DIRECTION('center_axis',(-0.707106781186549,0.707106781186546,0.));
#6712=DIRECTION('ref_axis',(0.,0.,1.));
#6713=DIRECTION('',(0.,0.,1.));
#6714=DIRECTION('center_axis',(5.22931125639751E-17,-1.,0.));
#6715=DIRECTION('ref_axis',(-1.,-5.22931125639751E-17,0.));
#6716=DIRECTION('center_axis',(5.22931125639751E-17,-1.,0.));
#6717=DIRECTION('ref_axis',(-1.,-5.22931125639751E-17,0.));
#6718=DIRECTION('center_axis',(0.,0.,1.));
#6719=DIRECTION('ref_axis',(-1.,1.92592994438724E-34,0.));
#6720=DIRECTION('center_axis',(-1.36183812376644E-34,-0.707106781186545,
0.70710678118655));
#6721=DIRECTION('ref_axis',(1.,-1.92592994438724E-34,0.));
#6722=DIRECTION('',(1.,-1.92592994438724E-34,0.));
#6723=DIRECTION('',(1.,-1.92592994438724E-34,0.));
#6724=DIRECTION('center_axis',(-1.92592994438723E-34,-1.,0.));
#6725=DIRECTION('ref_axis',(1.,-1.92592994438724E-34,0.));
#6726=DIRECTION('',(1.,-1.92592994438724E-34,0.));
#6727=DIRECTION('center_axis',(0.,0.,1.));
#6728=DIRECTION('ref_axis',(1.,-1.92592994438724E-34,0.));
#6729=DIRECTION('center_axis',(0.,0.,1.));
#6730=DIRECTION('ref_axis',(1.,-1.92592994438724E-34,0.));
#6731=DIRECTION('center_axis',(-0.707106781186545,1.36183812376644E-34,
0.70710678118655));
#6732=DIRECTION('ref_axis',(0.70710678118655,-1.36183812376645E-34,0.707106781186545));
#6733=DIRECTION('',(-1.92592994438724E-34,-1.,0.));
#6734=DIRECTION('',(-1.92592994438724E-34,-1.,0.));
#6735=DIRECTION('center_axis',(-1.,1.92592994438723E-34,0.));
#6736=DIRECTION('ref_axis',(-1.92592994438724E-34,-1.,0.));
#6737=DIRECTION('',(1.92592994438724E-34,1.,0.));
#6738=DIRECTION('center_axis',(0.,0.,1.));
#6739=DIRECTION('ref_axis',(1.,-1.92592994438724E-34,0.));
#6740=DIRECTION('center_axis',(0.,0.,1.));
#6741=DIRECTION('ref_axis',(-1.,1.92592994438724E-34,0.));
#6742=DIRECTION('',(1.92592994438724E-34,1.,0.));
#6743=DIRECTION('center_axis',(0.70710678118655,1.46187972757433E-16,0.707106781186546));
#6744=DIRECTION('ref_axis',(0.707106781186545,-1.36183812376644E-34,-0.707106781186549));
#6745=DIRECTION('',(-2.06741013729389E-16,1.,0.));
#6746=DIRECTION('center_axis',(1.,2.06741013729389E-16,0.));
#6747=DIRECTION('ref_axis',(-2.06741013729389E-16,1.,0.));
#6748=DIRECTION('',(-2.06741013729389E-16,1.,0.));
#6749=DIRECTION('center_axis',(0.,0.,1.));
#6750=DIRECTION('ref_axis',(1.,-1.92592994438724E-34,0.));
#6751=DIRECTION('center_axis',(0.,0.,1.));
#6752=DIRECTION('ref_axis',(-1.,1.92592994438724E-34,0.));
#6753=DIRECTION('center_axis',(0.,0.,1.));
#6754=DIRECTION('ref_axis',(-1.,1.92592994438724E-34,0.));
#6755=DIRECTION('center_axis',(0.,0.,1.));
#6756=DIRECTION('ref_axis',(1.,-1.92592994438724E-34,0.));
#6757=DIRECTION('center_axis',(0.,0.,1.));
#6758=DIRECTION('ref_axis',(-0.707106781186547,0.707106781186548,0.));
#6759=DIRECTION('center_axis',(0.,0.,1.));
#6760=DIRECTION('ref_axis',(-0.707106781186547,0.707106781186548,0.));
#6761=DIRECTION('',(0.,0.,1.));
#6762=DIRECTION('center_axis',(-1.92592994438723E-34,-1.,0.));
#6763=DIRECTION('ref_axis',(1.,-1.92592994438724E-34,0.));
#6764=DIRECTION('',(1.,-1.92592994438724E-34,0.));
#6765=DIRECTION('',(0.,0.,-1.));
#6766=DIRECTION('center_axis',(1.92592994438723E-34,1.,0.));
#6767=DIRECTION('ref_axis',(0.,0.,1.));
#6768=DIRECTION('',(1.,-1.92592994438724E-34,0.));
#6769=DIRECTION('',(1.,-1.92592994438724E-34,0.));
#6770=DIRECTION('center_axis',(-1.92592994438723E-34,-1.,0.));
#6771=DIRECTION('ref_axis',(0.,0.,-1.));
#6772=DIRECTION('center_axis',(0.,0.,1.));
#6773=DIRECTION('ref_axis',(0.707106781186548,0.707106781186548,0.));
#6774=DIRECTION('center_axis',(0.,0.,1.));
#6775=DIRECTION('ref_axis',(0.707106781186548,0.707106781186548,0.));
#6776=DIRECTION('center_axis',(0.,0.,1.));
#6777=DIRECTION('ref_axis',(1.,-1.92592994438724E-34,0.));
#6778=DIRECTION('center_axis',(1.92592994438723E-34,1.,0.));
#6779=DIRECTION('ref_axis',(0.,0.,-1.));
#6780=DIRECTION('',(1.92592994438724E-34,1.,0.));
#6781=DIRECTION('center_axis',(0.,0.,-1.));
#6782=DIRECTION('ref_axis',(-1.,1.92592994438724E-34,0.));
#6783=DIRECTION('center_axis',(-9.64779179648207E-35,-0.50094199036672,
0.865480861883976));
#6784=DIRECTION('ref_axis',(1.66685550819642E-34,0.865480861883976,0.50094199036672));
#6785=DIRECTION('',(-1.,1.92592994438724E-34,0.));
#6786=DIRECTION('',(1.66685550819642E-34,0.865480861883976,0.50094199036672));
#6787=DIRECTION('center_axis',(-1.92592880436023E-34,-0.999999408064134,
-0.00108805853793134));
#6788=DIRECTION('ref_axis',(-3.08169746347152E-33,-0.00108805853793134,
0.999999408064134));
#6789=DIRECTION('',(-3.08169746347152E-33,-0.00108805853793134,0.999999408064134));
#6790=DIRECTION('center_axis',(9.64779179648208E-35,0.50094199036672,-0.865480861883976));
#6791=DIRECTION('ref_axis',(-1.66685550819642E-34,-0.865480861883975,-0.50094199036672));
#6792=DIRECTION('',(-1.66685550819642E-34,-0.865480861883975,-0.50094199036672));
#6793=DIRECTION('center_axis',(-1.,1.92592994438723E-34,0.));
#6794=DIRECTION('ref_axis',(0.,0.,1.));
#6795=DIRECTION('center_axis',(2.77555756156289E-17,3.46944695195361E-18,
-1.));
#6796=DIRECTION('ref_axis',(1.,-1.38777878078145E-17,2.77555756156289E-17));
#6797=DIRECTION('',(-1.21833445146743E-16,-1.,-3.46944695195361E-18));
#6798=DIRECTION('',(1.,-1.38777878078145E-17,2.77555756156289E-17));
#6799=DIRECTION('',(1.21833445146743E-16,1.,3.46944695195361E-18));
#6800=DIRECTION('center_axis',(2.77555756156289E-17,3.46944695195361E-18,
-1.));
#6801=DIRECTION('ref_axis',(-1.,-1.10883524584436E-14,-2.16840434497101E-17));
#6802=DIRECTION('',(0.707106781186549,0.707106781186546,2.20794252002406E-17));
#6803=DIRECTION('center_axis',(2.77555756156289E-17,3.46944695195361E-18,
-1.));
#6804=DIRECTION('ref_axis',(-0.707106781186556,0.707106781186539,-1.53329341668339E-17));
#6805=DIRECTION('',(1.,-8.49476481890722E-17,2.77555756156289E-17));
#6806=DIRECTION('center_axis',(2.77555756156289E-17,3.46944695195361E-18,
-1.));
#6807=DIRECTION('ref_axis',(-2.21905827046964E-14,1.,-4.80880632989212E-31));
#6808=DIRECTION('',(0.707106781186548,-0.707106781186547,1.71728862668538E-17));
#6809=DIRECTION('center_axis',(2.77555756156289E-17,3.46944695195361E-18,
-1.));
#6810=DIRECTION('ref_axis',(0.707106781186556,0.707106781186539,1.53329341668339E-17));
#6811=DIRECTION('',(-1.38777878078145E-17,-1.,-3.46944695195361E-18));
#6812=DIRECTION('',(1.,-1.38777878078145E-17,2.77555756156289E-17));
#6813=DIRECTION('',(1.17774961788137E-16,1.,3.46944695195361E-18));
#6814=DIRECTION('center_axis',(-2.77555756156289E-17,-3.46944695195361E-18,
1.));
#6815=DIRECTION('ref_axis',(0.707106781186549,0.707106781186546,1.53329341668338E-17));
#6816=DIRECTION('',(-0.707106781186548,0.707106781186548,-1.71728862668538E-17));
#6817=DIRECTION('center_axis',(-2.77555756156289E-17,-3.46944695195361E-18,
1.));
#6818=DIRECTION('ref_axis',(-1.47890958738614E-14,1.,-3.20587088659469E-31));
#6819=DIRECTION('',(-1.,1.5601750857033E-16,-2.77555756156289E-17));
#6820=DIRECTION('center_axis',(-2.77555756156289E-17,-3.46944695195361E-18,
1.));
#6821=DIRECTION('ref_axis',(-0.707106781186552,0.707106781186543,-1.53329341668338E-17));
#6822=DIRECTION('',(-0.707106781186549,-0.707106781186546,-2.20794252002406E-17));
#6823=DIRECTION('center_axis',(-2.77555756156289E-17,-3.46944695195361E-18,
1.));
#6824=DIRECTION('ref_axis',(-1.,-7.3876090430265E-15,-2.16840434497101E-17));
#6825=DIRECTION('center_axis',(-1.38777878078145E-17,-1.,-3.00926553810506E-34));
#6826=DIRECTION('ref_axis',(1.,-1.38777878078145E-17,2.77555756156289E-17));
#6827=DIRECTION('',(-2.16840434497101E-17,2.08809742975953E-51,1.));
#6828=DIRECTION('',(1.,-1.38777878078145E-17,2.77555756156289E-17));
#6829=DIRECTION('',(-2.16840434497101E-17,2.08809742975953E-51,1.));
#6830=DIRECTION('center_axis',(1.,-1.17774961788137E-16,2.16840434497101E-17));
#6831=DIRECTION('ref_axis',(1.17774961788137E-16,1.,3.46944695195362E-18));
#6832=DIRECTION('',(1.17774961788137E-16,1.,3.46944695195362E-18));
#6833=DIRECTION('',(-2.16840434497101E-17,2.08809742975953E-51,1.));
#6834=DIRECTION('center_axis',(-2.16840434497101E-17,2.08809742975953E-51,
1.));
#6835=DIRECTION('ref_axis',(0.707106781186549,0.707106781186546,1.53329341668338E-17));
#6836=DIRECTION('center_axis',(-2.77555756156289E-17,-3.46944695195361E-18,
1.));
#6837=DIRECTION('ref_axis',(0.707106781186549,0.707106781186546,2.20794252002406E-17));
#6838=DIRECTION('',(-2.16840434497101E-17,2.08809742975953E-51,1.));
#6839=DIRECTION('center_axis',(0.707106781186548,0.707106781186548,1.53329341668337E-17));
#6840=DIRECTION('ref_axis',(-0.707106781186548,0.707106781186548,-1.71728862668538E-17));
#6841=DIRECTION('',(-0.707106781186547,0.707106781186547,-1.71728862668537E-17));
#6842=DIRECTION('',(-2.16840434497101E-17,2.08809742975953E-51,1.));
#6843=DIRECTION('center_axis',(-2.16840434497101E-17,2.08809742975953E-51,
1.));
#6844=DIRECTION('ref_axis',(-1.47890958738614E-14,1.,-3.20587088659469E-31));
#6845=DIRECTION('center_axis',(-2.77555756156289E-17,-3.4694469519537E-18,
1.));
#6846=DIRECTION('ref_axis',(-1.47890958738614E-14,1.,3.46944695195329E-18));
#6847=DIRECTION('',(-2.16840434497101E-17,2.08809742975953E-51,1.));
#6848=DIRECTION('center_axis',(1.5601750857033E-16,1.,3.38309043475455E-33));
#6849=DIRECTION('ref_axis',(-1.,1.5601750857033E-16,-2.77555756156289E-17));
#6850=DIRECTION('',(-1.,1.5601750857033E-16,-2.77555756156289E-17));
#6851=DIRECTION('',(-2.16840434497101E-17,2.08809742975953E-51,1.));
#6852=DIRECTION('center_axis',(-2.16840434497101E-17,2.08809742975953E-51,
1.));
#6853=DIRECTION('ref_axis',(-0.707106781186552,0.707106781186543,-1.53329341668338E-17));
#6854=DIRECTION('center_axis',(-2.77555756156289E-17,-3.46944695195361E-18,
1.));
#6855=DIRECTION('ref_axis',(-0.707106781186552,0.707106781186543,-1.71728862668539E-17));
#6856=DIRECTION('',(-2.16840434497101E-17,2.08809742975953E-51,1.));
#6857=DIRECTION('center_axis',(-0.707106781186546,0.707106781186549,-1.53329341668337E-17));
#6858=DIRECTION('ref_axis',(-0.707106781186549,-0.707106781186546,-2.20794252002406E-17));
#6859=DIRECTION('',(-0.707106781186549,-0.707106781186546,-2.20794252002406E-17));
#6860=DIRECTION('',(-2.16840434497101E-17,2.08809742975953E-51,1.));
#6861=DIRECTION('center_axis',(-2.16840434497101E-17,2.08809742975953E-51,
1.));
#6862=DIRECTION('ref_axis',(-1.,-7.3876090430265E-15,-2.16840434497101E-17));
#6863=DIRECTION('center_axis',(-2.77555756156289E-17,-3.46944695195361E-18,
1.));
#6864=DIRECTION('ref_axis',(-1.,-7.3876090430265E-15,-2.7755575615629E-17));
#6865=DIRECTION('',(-2.16840434497101E-17,2.08809742975953E-51,1.));
#6866=DIRECTION('center_axis',(-1.,1.21833445146743E-16,-2.16840434497101E-17));
#6867=DIRECTION('ref_axis',(-1.21833445146743E-16,-1.,-3.46944695195362E-18));
#6868=DIRECTION('',(-1.21833445146743E-16,-1.,-3.46944695195362E-18));
#6869=DIRECTION('',(-2.16840434497101E-17,2.08809742975953E-51,1.));
#6870=DIRECTION('center_axis',(-1.,1.38777878078145E-17,-2.16840434497101E-17));
#6871=DIRECTION('ref_axis',(-1.38777878078145E-17,-1.,-3.46944695195361E-18));
#6872=DIRECTION('',(-2.16840434497101E-17,2.08809742975953E-51,1.));
#6873=DIRECTION('',(-1.38777878078145E-17,-1.,-3.46944695195361E-18));
#6874=DIRECTION('center_axis',(-2.16840434497101E-17,2.08809742975953E-51,
1.));
#6875=DIRECTION('ref_axis',(0.707106781186556,0.707106781186539,1.53329341668339E-17));
#6876=DIRECTION('',(-2.16840434497101E-17,2.08809742975953E-51,1.));
#6877=DIRECTION('center_axis',(2.77555756156289E-17,3.46944695195361E-18,
-1.));
#6878=DIRECTION('ref_axis',(0.707106781186556,0.707106781186539,2.20794252002408E-17));
#6879=DIRECTION('center_axis',(-0.707106781186547,-0.707106781186548,-1.53329341668337E-17));
#6880=DIRECTION('ref_axis',(0.707106781186548,-0.707106781186547,1.71728862668538E-17));
#6881=DIRECTION('',(-2.16840434497101E-17,2.08809742975953E-51,1.));
#6882=DIRECTION('',(0.707106781186548,-0.707106781186547,1.71728862668538E-17));
#6883=DIRECTION('center_axis',(-2.16840434497101E-17,2.08809742975953E-51,
1.));
#6884=DIRECTION('ref_axis',(-2.21905827046964E-14,1.,-4.80880632989212E-31));
#6885=DIRECTION('',(-2.16840434497101E-17,2.08809742975953E-51,1.));
#6886=DIRECTION('center_axis',(2.77555756156289E-17,3.46944695195375E-18,
-1.));
#6887=DIRECTION('ref_axis',(-2.21905827046964E-14,1.,3.46944695195313E-18));
#6888=DIRECTION('center_axis',(-8.49476481890722E-17,-1.,-1.84200849428253E-33));
#6889=DIRECTION('ref_axis',(1.,-8.49476481890722E-17,2.77555756156289E-17));
#6890=DIRECTION('',(-2.16840434497101E-17,2.08809742975953E-51,1.));
#6891=DIRECTION('',(1.,-8.49476481890722E-17,2.77555756156289E-17));
#6892=DIRECTION('center_axis',(-2.16840434497101E-17,2.08809742975953E-51,
1.));
#6893=DIRECTION('ref_axis',(-0.707106781186556,0.707106781186539,-1.53329341668339E-17));
#6894=DIRECTION('',(-2.16840434497101E-17,2.08809742975953E-51,1.));
#6895=DIRECTION('center_axis',(2.77555756156289E-17,3.46944695195361E-18,
-1.));
#6896=DIRECTION('ref_axis',(-0.707106781186556,0.707106781186539,-1.71728862668541E-17));
#6897=DIRECTION('center_axis',(0.707106781186546,-0.707106781186549,1.53329341668337E-17));
#6898=DIRECTION('ref_axis',(0.707106781186549,0.707106781186546,2.20794252002406E-17));
#6899=DIRECTION('',(-2.16840434497101E-17,2.08809742975953E-51,1.));
#6900=DIRECTION('',(0.707106781186549,0.707106781186546,2.20794252002406E-17));
#6901=DIRECTION('center_axis',(-2.16840434497101E-17,2.08809742975953E-51,
1.));
#6902=DIRECTION('ref_axis',(-1.,-1.10883524584436E-14,-2.16840434497101E-17));
#6903=DIRECTION('',(-2.16840434497101E-17,2.08809742975953E-51,1.));
#6904=DIRECTION('center_axis',(2.7755575615629E-17,3.46944695195361E-18,
-1.));
#6905=DIRECTION('ref_axis',(-1.,-1.10883524584436E-14,-2.7755575615629E-17));
#6906=DIRECTION('center_axis',(1.,-1.21833445146743E-16,2.16840434497101E-17));
#6907=DIRECTION('ref_axis',(1.21833445146743E-16,1.,3.46944695195362E-18));
#6908=DIRECTION('',(-2.16840434497101E-17,2.08809742975953E-51,1.));
#6909=DIRECTION('',(1.21833445146743E-16,1.,3.46944695195362E-18));
#6910=DIRECTION('center_axis',(-1.38777878078145E-17,-1.,-3.00926553810506E-34));
#6911=DIRECTION('ref_axis',(1.,-1.38777878078145E-17,2.77555756156289E-17));
#6912=DIRECTION('',(1.,-1.38777878078145E-17,2.77555756156289E-17));
#6913=DIRECTION('center_axis',(2.77555756156289E-17,3.46944695195361E-18,
-1.));
#6914=DIRECTION('ref_axis',(1.,-1.38777878078145E-17,2.77555756156289E-17));
#6915=DIRECTION('center_axis',(2.77555756156289E-17,3.46944695195361E-18,
-1.));
#6916=DIRECTION('ref_axis',(1.,-1.38777878078145E-17,2.77555756156289E-17));
#6917=DIRECTION('',(1.17774961788137E-16,1.,3.46944695195362E-18));
#6918=DIRECTION('',(-1.,1.38777878078145E-17,-2.77555756156289E-17));
#6919=DIRECTION('',(-1.38777878078145E-17,-1.,-3.46944695195361E-18));
#6920=DIRECTION('center_axis',(2.77555756156289E-17,3.46944695195361E-18,
-1.));
#6921=DIRECTION('ref_axis',(1.,-1.1116108034059E-14,0.));
#6922=DIRECTION('',(-0.707106781186546,-0.707106781186549,-2.20794252002405E-17));
#6923=DIRECTION('center_axis',(2.77555756156289E-17,3.46944695195361E-18,
-1.));
#6924=DIRECTION('ref_axis',(0.707106781186553,-0.707106781186542,0.));
#6925=DIRECTION('',(-1.,-1.28261932954701E-16,-2.77555756156289E-17));
#6926=DIRECTION('center_axis',(2.77555756156289E-17,3.46944695195361E-18,
-1.));
#6927=DIRECTION('ref_axis',(-2.43000064514823E-14,-1.,0.));
#6928=DIRECTION('',(-0.707106781186552,0.707106781186543,-1.71728862668539E-17));
#6929=DIRECTION('center_axis',(2.77555756156289E-17,3.46944695195361E-18,
-1.));
#6930=DIRECTION('ref_axis',(-0.707106781186553,-0.707106781186542,0.));
#6931=DIRECTION('',(1.21833445146743E-16,1.,3.46944695195362E-18));
#6932=DIRECTION('',(-1.,1.38777878078145E-17,-2.77555756156289E-17));
#6933=DIRECTION('',(-1.21833445146743E-16,-1.,-3.46944695195362E-18));
#6934=DIRECTION('center_axis',(-2.77555756156289E-17,-3.46944695195361E-18,
1.));
#6935=DIRECTION('ref_axis',(-0.707106781186554,-0.707106781186541,0.));
#6936=DIRECTION('',(0.707106781186552,-0.707106781186543,1.71728862668539E-17));
#6937=DIRECTION('center_axis',(-2.77555756156289E-17,-3.46944695195361E-18,
1.));
#6938=DIRECTION('ref_axis',(-1.62046302302578E-14,-1.,0.));
#6939=DIRECTION('',(1.,-1.38777878078145E-17,2.77555756156289E-17));
#6940=DIRECTION('center_axis',(-2.77555756156289E-17,-3.46944695195361E-18,
1.));
#6941=DIRECTION('ref_axis',(0.707106781186551,-0.707106781186544,0.));
#6942=DIRECTION('',(0.707106781186549,0.707106781186546,2.20794252002406E-17));
#6943=DIRECTION('center_axis',(-2.77555756156289E-17,-3.46944695195361E-18,
1.));
#6944=DIRECTION('ref_axis',(1.,-7.41536461864208E-15,0.));
#6945=DIRECTION('center_axis',(1.38777878078145E-17,1.,0.));
#6946=DIRECTION('ref_axis',(-1.,1.38777878078145E-17,-2.77555756156289E-17));
#6947=DIRECTION('',(0.,0.,1.));
#6948=DIRECTION('',(-1.,1.38777878078145E-17,-2.77555756156289E-17));
#6949=DIRECTION('',(0.,0.,1.));
#6950=DIRECTION('center_axis',(-1.,1.21833445146743E-16,0.));
#6951=DIRECTION('ref_axis',(-1.21833445146743E-16,-1.,-3.46944695195362E-18));
#6952=DIRECTION('',(-1.21833445146743E-16,-1.,-3.46944695195362E-18));
#6953=DIRECTION('',(0.,0.,1.));
#6954=DIRECTION('center_axis',(0.,0.,1.));
#6955=DIRECTION('ref_axis',(-0.707106781186554,-0.707106781186541,0.));
#6956=DIRECTION('center_axis',(-2.77555756156289E-17,-3.46944695195361E-18,
1.));
#6957=DIRECTION('ref_axis',(-0.707106781186554,-0.707106781186541,-2.20794252002407E-17));
#6958=DIRECTION('',(0.,0.,1.));
#6959=DIRECTION('center_axis',(-0.707106781186543,-0.707106781186552,0.));
#6960=DIRECTION('ref_axis',(0.707106781186552,-0.707106781186543,1.71728862668539E-17));
#6961=DIRECTION('',(0.707106781186552,-0.707106781186543,1.71728862668539E-17));
#6962=DIRECTION('',(0.,0.,1.));
#6963=DIRECTION('center_axis',(0.,0.,1.));
#6964=DIRECTION('ref_axis',(-1.62046302302578E-14,-1.,0.));
#6965=DIRECTION('center_axis',(-2.77555756156289E-17,-3.4694469519537E-18,
1.));
#6966=DIRECTION('ref_axis',(-1.62046302302578E-14,-1.,-3.46944695195415E-18));
#6967=DIRECTION('',(0.,0.,1.));
#6968=DIRECTION('center_axis',(-1.38777878078145E-17,-1.,0.));
#6969=DIRECTION('ref_axis',(1.,-1.38777878078145E-17,2.77555756156289E-17));
#6970=DIRECTION('',(1.,-1.38777878078145E-17,2.77555756156289E-17));
#6971=DIRECTION('',(0.,0.,1.));
#6972=DIRECTION('center_axis',(0.,0.,1.));
#6973=DIRECTION('ref_axis',(0.707106781186551,-0.707106781186544,0.));
#6974=DIRECTION('center_axis',(-2.77555756156289E-17,-3.46944695195361E-18,
1.));
#6975=DIRECTION('ref_axis',(0.707106781186551,-0.707106781186544,1.71728862668539E-17));
#6976=DIRECTION('',(0.,0.,1.));
#6977=DIRECTION('center_axis',(0.707106781186546,-0.707106781186549,0.));
#6978=DIRECTION('ref_axis',(0.707106781186549,0.707106781186546,2.20794252002406E-17));
#6979=DIRECTION('',(0.707106781186549,0.707106781186546,2.20794252002406E-17));
#6980=DIRECTION('',(0.,0.,1.));
#6981=DIRECTION('center_axis',(0.,0.,1.));
#6982=DIRECTION('ref_axis',(1.,-7.41536461864208E-15,0.));
#6983=DIRECTION('center_axis',(-2.77555756156289E-17,-3.46944695195361E-18,
1.));
#6984=DIRECTION('ref_axis',(1.,-7.41536461864208E-15,2.77555756156289E-17));
#6985=DIRECTION('',(0.,0.,1.));
#6986=DIRECTION('center_axis',(1.,-1.17774961788137E-16,0.));
#6987=DIRECTION('ref_axis',(1.17774961788137E-16,1.,3.46944695195362E-18));
#6988=DIRECTION('',(1.17774961788137E-16,1.,3.46944695195362E-18));
#6989=DIRECTION('',(0.,0.,1.));
#6990=DIRECTION('center_axis',(1.,-1.21833445146743E-16,0.));
#6991=DIRECTION('ref_axis',(1.21833445146743E-16,1.,3.46944695195362E-18));
#6992=DIRECTION('',(0.,0.,1.));
#6993=DIRECTION('',(1.21833445146743E-16,1.,3.46944695195362E-18));
#6994=DIRECTION('center_axis',(0.,0.,1.));
#6995=DIRECTION('ref_axis',(-0.707106781186553,-0.707106781186542,0.));
#6996=DIRECTION('',(0.,0.,1.));
#6997=DIRECTION('center_axis',(2.77555756156289E-17,3.46944695195361E-18,
-1.));
#6998=DIRECTION('ref_axis',(-0.707106781186553,-0.707106781186542,-2.20794252002407E-17));
#6999=DIRECTION('center_axis',(0.707106781186543,0.707106781186552,0.));
#7000=DIRECTION('ref_axis',(-0.707106781186552,0.707106781186543,-1.71728862668539E-17));
#7001=DIRECTION('',(0.,0.,1.));
#7002=DIRECTION('',(-0.707106781186552,0.707106781186543,-1.71728862668539E-17));
#7003=DIRECTION('center_axis',(0.,0.,1.));
#7004=DIRECTION('ref_axis',(-2.43000064514823E-14,-1.,0.));
#7005=DIRECTION('',(0.,0.,1.));
#7006=DIRECTION('center_axis',(2.77555756156289E-17,3.46944695195375E-18,
-1.));
#7007=DIRECTION('ref_axis',(-2.43000064514823E-14,-1.,-3.46944695195442E-18));
#7008=DIRECTION('center_axis',(-1.28261932954701E-16,1.,0.));
#7009=DIRECTION('ref_axis',(-1.,-1.28261932954701E-16,-2.77555756156289E-17));
#7010=DIRECTION('',(0.,0.,1.));
#7011=DIRECTION('',(-1.,-1.28261932954701E-16,-2.77555756156289E-17));
#7012=DIRECTION('center_axis',(0.,0.,1.));
#7013=DIRECTION('ref_axis',(0.707106781186553,-0.707106781186542,0.));
#7014=DIRECTION('',(0.,0.,1.));
#7015=DIRECTION('center_axis',(2.77555756156289E-17,3.46944695195361E-18,
-1.));
#7016=DIRECTION('ref_axis',(0.707106781186553,-0.707106781186542,1.7172886266854E-17));
#7017=DIRECTION('center_axis',(-0.707106781186549,0.707106781186546,0.));
#7018=DIRECTION('ref_axis',(-0.707106781186546,-0.707106781186549,-2.20794252002405E-17));
#7019=DIRECTION('',(0.,0.,1.));
#7020=DIRECTION('',(-0.707106781186546,-0.707106781186549,-2.20794252002405E-17));
#7021=DIRECTION('center_axis',(0.,0.,1.));
#7022=DIRECTION('ref_axis',(1.,-1.1116108034059E-14,0.));
#7023=DIRECTION('',(0.,0.,1.));
#7024=DIRECTION('center_axis',(2.77555756156289E-17,3.46944695195361E-18,
-1.));
#7025=DIRECTION('ref_axis',(1.,-1.1116108034059E-14,2.77555756156289E-17));
#7026=DIRECTION('center_axis',(-1.,1.38777878078145E-17,0.));
#7027=DIRECTION('ref_axis',(-1.38777878078145E-17,-1.,-3.46944695195361E-18));
#7028=DIRECTION('',(0.,0.,1.));
#7029=DIRECTION('',(-1.38777878078145E-17,-1.,-3.46944695195361E-18));
#7030=DIRECTION('center_axis',(1.38777878078145E-17,1.,0.));
#7031=DIRECTION('ref_axis',(-1.,1.38777878078145E-17,-2.77555756156289E-17));
#7032=DIRECTION('',(-1.,1.38777878078145E-17,-2.77555756156289E-17));
#7033=DIRECTION('center_axis',(2.77555756156289E-17,3.46944695195361E-18,
-1.));
#7034=DIRECTION('ref_axis',(1.,-1.38777878078145E-17,2.77555756156289E-17));
#7035=DIRECTION('',(0.,-1.73472347597681E-18,1.));
#7036=DIRECTION('',(1.,1.38777878078145E-17,-2.77555756156289E-17));
#7037=CARTESIAN_POINT('',(0.,0.,0.));
#7038=CARTESIAN_POINT('',(0.,0.,0.));
#7039=CARTESIAN_POINT('Origin',(31.000000603497,20.7500003390014,4.));
#7040=CARTESIAN_POINT('',(30.500000603497,30.5000004544854,4.5));
#7041=CARTESIAN_POINT('',(31.500000603497,30.5000004544854,3.5));
#7042=CARTESIAN_POINT('',(23.1250004526228,30.5000004544854,11.8750001508743));
#7043=CARTESIAN_POINT('',(31.500000603497,31.0000004544854,3.5));
#7044=CARTESIAN_POINT('',(31.500000603497,20.7500003390014,3.5));
#7045=CARTESIAN_POINT('',(30.500000603497,31.0000004544854,4.5));
#7046=CARTESIAN_POINT('',(23.2500004526228,31.0000004544854,11.7500001508743));
#7047=CARTESIAN_POINT('',(30.500000603497,20.7500003390014,4.5));
#7048=CARTESIAN_POINT('Origin',(20.2500003017485,15.0000002235174,4.5));
#7049=CARTESIAN_POINT('',(2.,31.0000004544854,4.5));
#7050=CARTESIAN_POINT('',(31.500000603497,31.0000004544854,4.5));
#7051=CARTESIAN_POINT('',(-0.500000000000007,28.5000004544854,4.5));
#7052=CARTESIAN_POINT('Origin',(2.,28.5000004544854,4.5));
#7053=CARTESIAN_POINT('',(-0.499999999999999,0.49999999254942,4.5));
#7054=CARTESIAN_POINT('',(-0.500000000000007,28.5000004544854,4.5));
#7055=CARTESIAN_POINT('',(1.5,-1.50000000745058,4.5));
#7056=CARTESIAN_POINT('Origin',(1.5,0.49999999254942,4.5));
#7057=CARTESIAN_POINT('',(3.23,-1.50000000745058,4.5));
#7058=CARTESIAN_POINT('',(-0.499999999999998,-1.50000000745058,4.5));
#7059=CARTESIAN_POINT('',(3.23,-1.09999998658895,4.5));
#7060=CARTESIAN_POINT('',(3.23,6.75000012852252,4.5));
#7061=CARTESIAN_POINT('',(3.18857865839578,-1.09999998658895,4.5));
#7062=CARTESIAN_POINT('',(11.7192894800721,-1.09999998658895,4.5));
#7063=CARTESIAN_POINT('',(2.68857865839578,-0.600000007450578,4.5));
#7064=CARTESIAN_POINT('',(3.17893419467185,-1.09035552326742,4.5));
#7065=CARTESIAN_POINT('',(-0.1,-0.600000007450578,4.5));
#7066=CARTESIAN_POINT('',(10.0750001508743,-0.600000007450578,4.5));
#7067=CARTESIAN_POINT('',(-0.0999999999999977,17.58,4.5));
#7068=CARTESIAN_POINT('',(-0.0999999999999979,16.2900001117587,4.5));
#7069=CARTESIAN_POINT('',(1.50800314645521E-33,17.58,4.5));
#7070=CARTESIAN_POINT('',(27.1750004526228,17.58,4.5));
#7071=CARTESIAN_POINT('',(-4.44089209850063E-15,28.5000004544854,4.5));
#7072=CARTESIAN_POINT('',(-4.81482465290329E-34,7.25000010803342,4.5));
#7073=CARTESIAN_POINT('',(2.,30.5000004544854,4.5));
#7074=CARTESIAN_POINT('Origin',(2.,28.5000004544854,4.5));
#7075=CARTESIAN_POINT('',(5.87500015087426,30.5000004544854,4.5));
#7076=CARTESIAN_POINT('Origin',(32.7000006034969,33.4727084876906,3.96018244596825));
#7077=CARTESIAN_POINT('',(33.5000006034969,32.2493613768091,3.25210678118653));
#7078=CARTESIAN_POINT('',(33.3535539940902,32.5595419461973,2.89855339059328));
#7079=CARTESIAN_POINT('Ctrl Pts',(33.5000006034969,32.2493613768091,3.25210678118653));
#7080=CARTESIAN_POINT('Ctrl Pts',(33.5000006034969,32.2987620111656,3.19015139582847));
#7081=CARTESIAN_POINT('Ctrl Pts',(33.4877019759281,32.3520789879646,3.12318286916814));
#7082=CARTESIAN_POINT('Ctrl Pts',(33.4366656626764,32.4579136775312,2.99952486086234));
#7083=CARTESIAN_POINT('Ctrl Pts',(33.3979639886548,32.510659640405,2.94301604188086));
#7084=CARTESIAN_POINT('Ctrl Pts',(33.35369396588,32.5593879497037,2.89869340396193));
#7085=CARTESIAN_POINT('Ctrl Pts',(33.3536239949354,32.5594649433941,2.89862339143844));
#7086=CARTESIAN_POINT('Ctrl Pts',(33.3535539940902,32.5595419461973,2.89855339059328));
#7087=CARTESIAN_POINT('',(33.5000006034969,32.6232429530924,3.46851015789101));
#7088=CARTESIAN_POINT('',(33.5000006034969,33.4727084876906,3.96018244596825));
#7089=CARTESIAN_POINT('',(32.7000006034969,33.0239965453858,2.77612546838383));
#7090=CARTESIAN_POINT('Origin',(32.7000006034969,32.6232429530924,3.46851015789101));
#7091=CARTESIAN_POINT('',(32.7000006034969,32.6242480585161,2.54475027399454));
#7092=CARTESIAN_POINT('',(32.7000006034969,33.873462079984,3.26779775646107));
#7093=CARTESIAN_POINT('',(32.7263289213983,32.6238144314678,2.545));
#7094=CARTESIAN_POINT('Origin',(32.7000006034969,31.8237459793529,3.00575976911243));
#7095=CARTESIAN_POINT('',(32.7928938223105,32.6138768205501,2.545));
#7096=CARTESIAN_POINT('Origin',(32.7000006034969,31.0276882126623,2.545));
#7097=CARTESIAN_POINT('',(33.1464472129038,32.6058912150952,2.69144660940676));
#7098=CARTESIAN_POINT('Ctrl Pts',(33.1464472129037,32.6058912150952,2.69144660940673));
#7099=CARTESIAN_POINT('Ctrl Pts',(33.1205672195052,32.5959223430856,2.66556661600817));
#7100=CARTESIAN_POINT('Ctrl Pts',(33.0887949154064,32.5895022359071,2.63989658699687));
#7101=CARTESIAN_POINT('Ctrl Pts',(33.0191701651245,32.584427506111,2.59726654382681));
#7102=CARTESIAN_POINT('Ctrl Pts',(32.9813189020814,32.5856166349216,2.58032334217452));
#7103=CARTESIAN_POINT('Ctrl Pts',(32.898561884264,32.5930735380901,2.55383303913931));
#7104=CARTESIAN_POINT('Ctrl Pts',(32.8408838611044,32.602677145753,2.545));
#7105=CARTESIAN_POINT('Ctrl Pts',(32.7928938223105,32.6138768205501,2.545));
#7106=CARTESIAN_POINT('Origin',(32.7000006034969,30.509376185405,2.24499999999986));
#7107=CARTESIAN_POINT('Origin',(33.5000006034969,32.6226775812916,3.98812509258278));
#7108=CARTESIAN_POINT('',(33.500000603497,28.5000004544854,0.));
#7109=CARTESIAN_POINT('',(33.5000006034969,28.5000004544854,3.25210678118653));
#7110=CARTESIAN_POINT('',(33.500000603497,28.5000004544854,-0.5));
#7111=CARTESIAN_POINT('',(33.500000603497,20.38,0.));
#7112=CARTESIAN_POINT('',(33.500000603497,22.7500003390014,0.));
#7113=CARTESIAN_POINT('',(33.500000603497,20.38,4.5));
#7114=CARTESIAN_POINT('',(33.500000603497,20.38,0.15));
#7115=CARTESIAN_POINT('',(33.500000603497,30.0000004544854,4.5));
#7116=CARTESIAN_POINT('',(33.500000603497,22.7500003390014,4.5));
#7117=CARTESIAN_POINT('',(33.5000006034969,30.0000004544855,3.5));
#7118=CARTESIAN_POINT('',(33.5000006034969,30.0000004544855,4.5));
#7119=CARTESIAN_POINT('',(33.5000006034969,31.3732079503603,3.5));
#7120=CARTESIAN_POINT('',(33.5000006034969,29.5613390178885,3.5));
#7121=CARTESIAN_POINT('',(33.5000006034969,31.3718930825993,4.70845242870448));
#7122=CARTESIAN_POINT('',(33.5000006034969,31.3730709405176,3.6259213147633));
#7123=CARTESIAN_POINT('',(33.5000006034969,32.6211071040672,5.43149991117101));
#7124=CARTESIAN_POINT('',(33.5000006034969,31.6841965879663,4.88921429932112));
#7125=CARTESIAN_POINT('',(33.5000006034969,32.6222849619855,4.34896879722984));
#7126=CARTESIAN_POINT('',(33.5000006034969,31.0920082995901,3.25210678118653));
#7127=CARTESIAN_POINT('Ctrl Pts',(32.7000006034969,33.0239965453858,2.77612546838383));
#7128=CARTESIAN_POINT('Ctrl Pts',(32.7000006034969,33.1249128149099,2.83453599961818));
#7129=CARTESIAN_POINT('Ctrl Pts',(32.6177623825176,33.3607946859865,2.97106488106713));
#7130=CARTESIAN_POINT('Ctrl Pts',(32.3846402886508,33.4737135931143,3.03642256207178));
#7131=CARTESIAN_POINT('Ctrl Pts',(32.2500006034969,33.4737135931143,3.03642256207178));
#7132=CARTESIAN_POINT('Ctrl Pts',(32.9393600437704,33.0239965453858,2.77612546838383));
#7133=CARTESIAN_POINT('Ctrl Pts',(32.9218923785375,33.1649930876431,2.85854857349433));
#7134=CARTESIAN_POINT('Ctrl Pts',(32.7695869703808,33.4736888224827,3.03715472324717));
#7135=CARTESIAN_POINT('Ctrl Pts',(32.43981755012,33.6118209362263,3.11635935835423));
#7136=CARTESIAN_POINT('Ctrl Pts',(32.2500006034969,33.6118209362263,3.11635935835423));
#7137=CARTESIAN_POINT('Ctrl Pts',(33.3536685155327,32.9233172011018,2.95006985184643));
#7138=CARTESIAN_POINT('Ctrl Pts',(33.3083952883061,33.149460896891,3.04557606658363));
#7139=CARTESIAN_POINT('Ctrl Pts',(33.0358476331159,33.6163661344936,3.24537385343376));
#7140=CARTESIAN_POINT('Ctrl Pts',(32.5360230619216,33.8098020685227,3.33055487263076));
#7141=CARTESIAN_POINT('Ctrl Pts',(32.2500006034969,33.8098020685227,3.33055487263076));
#7142=CARTESIAN_POINT('Ctrl Pts',(33.5000006034969,32.7131718489102,3.31313939689002));
#7143=CARTESIAN_POINT('Ctrl Pts',(33.4796683046028,32.9873856589449,3.38274716953319));
#7144=CARTESIAN_POINT('Ctrl Pts',(33.2175505381848,33.5976513930187,3.53852119002018));
#7145=CARTESIAN_POINT('Ctrl Pts',(32.6033633046003,33.8730897458135,3.60999804911527));
#7146=CARTESIAN_POINT('Ctrl Pts',(32.2500006034969,33.8730897458135,3.60999804911527));
#7147=CARTESIAN_POINT('Ctrl Pts',(33.5000006034969,32.6232429530924,3.46851015789101));
#7148=CARTESIAN_POINT('Ctrl Pts',(33.5000006034969,32.9036786965576,3.52711601693732));
#7149=CARTESIAN_POINT('Ctrl Pts',(33.2715611007766,33.5591697110118,3.66410145796758));
#7150=CARTESIAN_POINT('Ctrl Pts',(32.6239997289243,33.8729595272722,3.72967769840931));
#7151=CARTESIAN_POINT('Ctrl Pts',(32.2500006034969,33.8729595272722,3.72967769840931));
#7152=CARTESIAN_POINT('',(32.2500006034969,33.8729595272722,3.72967769840931));
#7153=CARTESIAN_POINT('Origin',(32.2500006034969,32.6232429530924,3.46851015789101));
#7154=CARTESIAN_POINT('',(32.2500006034969,33.4737135931143,3.03642256207178));
#7155=CARTESIAN_POINT('Origin',(32.2500006034969,33.0729600008209,3.72880725157896));
#7156=CARTESIAN_POINT('Origin',(32.2500006034969,33.0239965453858,2.77612546838383));
#7157=CARTESIAN_POINT('Origin',(35.2000006034969,33.0729600008209,3.72880725157896));
#7158=CARTESIAN_POINT('',(0.200000603496941,33.4737135931143,3.03642256207178));
#7159=CARTESIAN_POINT('',(0.200000603496941,33.8729595272722,3.72967769840931));
#7160=CARTESIAN_POINT('Origin',(0.200000603496941,33.0729600008209,3.72880725157896));
#7161=CARTESIAN_POINT('',(35.2000006034969,33.4737135931143,3.03642256207178));
#7162=CARTESIAN_POINT('',(35.2000006034969,33.8729595272722,3.72967769840931));
#7163=CARTESIAN_POINT('Origin',(35.2000006034969,33.8718916027596,4.71117257504931));
#7164=CARTESIAN_POINT('',(32.2500006034969,33.8718916027596,4.71117257504931));
#7165=CARTESIAN_POINT('',(32.2500006034969,33.8722842220657,4.35032887040225));
#7166=CARTESIAN_POINT('',(0.200000603496941,33.8718916027596,4.71117257504931));
#7167=CARTESIAN_POINT('',(35.2000006034969,33.8718916027596,4.71117257504931));
#7168=CARTESIAN_POINT('',(0.200000603496941,33.873462079984,3.26779775646107));
#7169=CARTESIAN_POINT('Origin',(32.2500006034969,32.6222849619855,4.34896879722984));
#7170=CARTESIAN_POINT('Origin',(32.2500006034969,32.6211071040672,5.43149991117102));
#7171=CARTESIAN_POINT('Origin',(35.2000006034969,32.6242480585161,2.54475027399454));
#7172=CARTESIAN_POINT('',(0.200000603496941,32.6242480585161,2.54475027399454));
#7173=CARTESIAN_POINT('',(35.2000006034969,32.6242480585161,2.54475027399454));
#7174=CARTESIAN_POINT('',(0.200000603496941,31.3734635598237,3.26507761011624));
#7175=CARTESIAN_POINT('',(0.200000603496941,31.3734635598237,3.26507761011624));
#7176=CARTESIAN_POINT('',(31.500000603497,31.3734635598237,3.26507761011624));
#7177=CARTESIAN_POINT('',(35.2000006034969,31.3734635598237,3.26507761011624));
#7178=CARTESIAN_POINT('',(31.500000603497,31.3959862532533,3.25210678118655));
#7179=CARTESIAN_POINT('',(31.500000603497,30.3247176246702,3.86905084973294));
#7180=CARTESIAN_POINT('',(31.6464472129038,32.0099003423606,2.89855339059327));
#7181=CARTESIAN_POINT('Origin',(32.000000603497,31.3959862532533,3.25210678118655));
#7182=CARTESIAN_POINT('',(31.8535539940903,32.3695228896276,2.69144660940673));
#7183=CARTESIAN_POINT('',(31.209147100864,31.2505675029869,3.33585350263302));
#7184=CARTESIAN_POINT('',(32.2071073846836,32.6238144314678,2.545));
#7185=CARTESIAN_POINT('Origin',(32.2071073846836,31.7556088005204,3.045));
#7186=CARTESIAN_POINT('',(34.350000603497,32.6238144314678,2.545));
#7187=CARTESIAN_POINT('Origin',(32.7928938223105,28.030669736187,3.045));
#7188=CARTESIAN_POINT('',(32.7928938223105,30.0259189073348,2.545));
#7189=CARTESIAN_POINT('',(32.7928938223105,28.030669736187,2.545));
#7190=CARTESIAN_POINT('',(33.1464472129038,29.6354358610027,2.69144660940676));
#7191=CARTESIAN_POINT('Ctrl Pts',(32.7928938223105,30.0259189073348,2.545));
#7192=CARTESIAN_POINT('Ctrl Pts',(32.8597953758458,29.9692339876837,2.545));
#7193=CARTESIAN_POINT('Ctrl Pts',(32.9276390570666,29.9036165004187,2.55898580714757));
#7194=CARTESIAN_POINT('Ctrl Pts',(33.0492646544102,29.7680976189856,2.61067283104842));
#7195=CARTESIAN_POINT('Ctrl Pts',(33.1031558005311,29.698210897529,2.64815519703413));
#7196=CARTESIAN_POINT('Ctrl Pts',(33.1464472129037,29.6354358610027,2.69144660940673));
#7197=CARTESIAN_POINT('',(33.1464472129038,28.030669736187,2.69144660940676));
#7198=CARTESIAN_POINT('Origin',(32.000000603497,26.5000004544854,3.25210678118655));
#7199=CARTESIAN_POINT('',(31.6464472129038,30.4946315959733,2.89855339059328));
#7200=CARTESIAN_POINT('',(31.500000603497,30.5000004544854,3.25210678118655));
#7201=CARTESIAN_POINT('Ctrl Pts',(31.500000603497,30.5000004544854,3.25210678118655));
#7202=CARTESIAN_POINT('Ctrl Pts',(31.500000603497,30.5000004544854,3.18929934467554));
#7203=CARTESIAN_POINT('Ctrl Pts',(31.5125595001944,30.5001239400704,3.1223105865276));
#7204=CARTESIAN_POINT('Ctrl Pts',(31.5636064560225,30.4991517695331,2.99911265540682));
#7205=CARTESIAN_POINT('Ctrl Pts',(31.6020953786641,30.4978879252315,2.94290522483294));
#7206=CARTESIAN_POINT('Ctrl Pts',(31.6464472129038,30.4946315959733,2.89855339059327));
#7207=CARTESIAN_POINT('',(31.6464472129038,26.5000004544854,2.89855339059328));
#7208=CARTESIAN_POINT('',(31.500000603497,26.5000004544854,3.25210678118655));
#7209=CARTESIAN_POINT('Origin',(31.500000603497,26.5000004544854,2.545));
#7210=CARTESIAN_POINT('',(31.500000603497,30.5000004544854,-0.5));
#7211=CARTESIAN_POINT('',(31.500000603497,31.3732079503603,3.5));
#7212=CARTESIAN_POINT('',(31.500000603497,31.3738524181109,2.90769053629889));
#7213=CARTESIAN_POINT('',(31.500000603497,26.5000004544854,3.5));
#7214=CARTESIAN_POINT('Origin',(33.0000006034969,31.0920082995901,3.25210678118653));
#7215=CARTESIAN_POINT('',(33.3535539940902,29.2512260053158,2.89855339059328));
#7216=CARTESIAN_POINT('',(33.3535539940902,31.0920082995901,2.89855339059328));
#7217=CARTESIAN_POINT('Ctrl Pts',(33.3535539940902,29.2512260053158,2.89855339059327));
#7218=CARTESIAN_POINT('Ctrl Pts',(33.3615830810549,29.2314152556013,2.9065824775579));
#7219=CARTESIAN_POINT('Ctrl Pts',(33.369282821266,29.2115050098626,2.91483010876338));
#7220=CARTESIAN_POINT('Ctrl Pts',(33.4607962118176,28.9631459141303,3.01963818930034));
#7221=CARTESIAN_POINT('Ctrl Pts',(33.5000006034969,28.7230685662361,3.14057272531118));
#7222=CARTESIAN_POINT('Ctrl Pts',(33.5000006034969,28.5000004544854,3.25210678118653));
#7223=CARTESIAN_POINT('Origin',(32.2071073846836,26.5000004544854,3.045));
#7224=CARTESIAN_POINT('',(31.8535539940903,30.4685024229884,2.69144660940673));
#7225=CARTESIAN_POINT('',(32.2071073846836,30.3708291478724,2.545));
#7226=CARTESIAN_POINT('Ctrl Pts',(31.8535539940903,30.4685024229884,2.69144660940673));
#7227=CARTESIAN_POINT('Ctrl Pts',(31.8989046580505,30.4603572032907,2.64609594544653));
#7228=CARTESIAN_POINT('Ctrl Pts',(31.9559995037697,30.4483635712722,2.60754995938883));
#7229=CARTESIAN_POINT('Ctrl Pts',(32.0795953426137,30.4152556147814,2.55689757612041));
#7230=CARTESIAN_POINT('Ctrl Pts',(32.1461214504774,30.3938796643556,2.545));
#7231=CARTESIAN_POINT('Ctrl Pts',(32.2071073846836,30.3708291478724,2.545));
#7232=CARTESIAN_POINT('',(32.2071073846836,26.5000004544854,2.545));
#7233=CARTESIAN_POINT('',(31.8535539940903,26.5000004544854,2.69144660940673));
#7234=CARTESIAN_POINT('Origin',(33.500000603497,26.5000004544854,2.545));
#7235=CARTESIAN_POINT('Origin',(31.500000603497,28.5000004544854,2.545));
#7236=CARTESIAN_POINT('Origin',(35.2000006034969,32.6211071040672,5.43149991117102));
#7237=CARTESIAN_POINT('',(0.200000603496941,32.6211071040672,5.43149991117101));
#7238=CARTESIAN_POINT('',(35.2000006034969,32.6211071040672,5.43149991117101));
#7239=CARTESIAN_POINT('',(0.200000603496941,33.8718916027596,4.71117257504931));
#7240=CARTESIAN_POINT('Origin',(32.5000006034969,29.5613390178885,3.5));
#7241=CARTESIAN_POINT('',(32.5000006034969,30.7912883019634,4.5));
#7242=CARTESIAN_POINT('Ctrl Pts',(33.5000006034969,30.0000004544855,3.5));
#7243=CARTESIAN_POINT('Ctrl Pts',(33.5000006034969,30.0000004544855,3.56606909917948));
#7244=CARTESIAN_POINT('Ctrl Pts',(33.4933870488625,30.0089262685358,3.63184249782325));
#7245=CARTESIAN_POINT('Ctrl Pts',(33.4680295430694,30.0418431764738,3.75911749844259));
#7246=CARTESIAN_POINT('Ctrl Pts',(33.4492771819569,30.065792744629,3.82062816090883));
#7247=CARTESIAN_POINT('Ctrl Pts',(33.378080486145,30.1517735574764,3.9946613528319));
#7248=CARTESIAN_POINT('Ctrl Pts',(33.3099106534822,30.2277385543279,4.09689150198803));
#7249=CARTESIAN_POINT('Ctrl Pts',(33.1477453605637,30.3840358412599,4.27262050232985));
#7250=CARTESIAN_POINT('Ctrl Pts',(33.0365870911096,30.4779880801875,4.35519842538395));
#7251=CARTESIAN_POINT('Ctrl Pts',(32.7832228004797,30.6510174282335,4.46905860712597));
#7252=CARTESIAN_POINT('Ctrl Pts',(32.6407144338731,30.7298757515799,4.5));
#7253=CARTESIAN_POINT('Ctrl Pts',(32.5000006034969,30.7912883019634,4.5));
#7254=CARTESIAN_POINT('Ctrl Pts',(32.500000603497,30.7912883019633,4.5));
#7255=CARTESIAN_POINT('Ctrl Pts',(32.3807096238854,30.8433511537534,4.5));
#7256=CARTESIAN_POINT('Ctrl Pts',(32.2487135226756,30.8886924642993,4.47712597817286));
#7257=CARTESIAN_POINT('Ctrl Pts',(32.0005567623868,30.9527262918091,4.37662780344318));
#7258=CARTESIAN_POINT('Ctrl Pts',(31.8846102633732,30.9719641237819,4.29882322224931));
#7259=CARTESIAN_POINT('Ctrl Pts',(31.7043196685647,30.9932329513358,4.11853262744079));
#7260=CARTESIAN_POINT('Ctrl Pts',(31.6273137625601,30.997279538553,4.00616956552909));
#7261=CARTESIAN_POINT('Ctrl Pts',(31.5251564657225,31.0003961495073,3.75974771636346));
#7262=CARTESIAN_POINT('Ctrl Pts',(31.500000603497,31.0000004544854,3.62569782978557));
#7263=CARTESIAN_POINT('Ctrl Pts',(31.500000603497,31.0000004544854,3.5));
#7264=CARTESIAN_POINT('Origin',(32.500000603497,31.3732079503603,3.5));
#7265=CARTESIAN_POINT('Origin',(33.250000603497,29.5613390178885,2.795));
#7266=CARTESIAN_POINT('Origin',(31.500000603497,28.5000004544854,1.04499999999974));
#7267=CARTESIAN_POINT('Origin',(31.750000603497,26.5000004544854,2.795));
#7268=CARTESIAN_POINT('Origin',(31.500000603497,28.5000004544854,3.045));
#7269=CARTESIAN_POINT('Origin',(-0.349999994412065,5.05000002235174,5.25));
#7270=CARTESIAN_POINT('',(-0.199999999999999,4.90000002235174,5.25));
#7271=CARTESIAN_POINT('',(-0.349999999999999,5.05000002793968,5.4));
#7272=CARTESIAN_POINT('',(-0.650000005898374,5.35000002266218,5.70000000589838));
#7273=CARTESIAN_POINT('',(-0.2,4.90000002235174,5.1));
#7274=CARTESIAN_POINT('',(-0.199999999999999,4.90000002235174,4.6));
#7275=CARTESIAN_POINT('',(-0.5,5.20000002235174,5.1));
#7276=CARTESIAN_POINT('',(2.31250022118911,2.38749990593643,5.1));
#7277=CARTESIAN_POINT('',(-0.5,5.20000002235174,5.4));
#7278=CARTESIAN_POINT('',(-0.5,5.20000002235174,5.25));
#7279=CARTESIAN_POINT('',(1.43750018859282,3.26249990593642,5.4));
#7280=CARTESIAN_POINT('Origin',(-0.5,-1.00000000745058,6.));
#7281=CARTESIAN_POINT('',(-0.5,0.49999999254942,5.4));
#7282=CARTESIAN_POINT('',(-0.5,7.00000010803342,5.4));
#7283=CARTESIAN_POINT('',(-0.499999999999999,0.49999999254942,5.1));
#7284=CARTESIAN_POINT('',(-0.500000000000007,28.5000004544854,5.1));
#7285=CARTESIAN_POINT('',(-0.5,0.49999999254942,6.));
#7286=CARTESIAN_POINT('',(-0.500000000000007,28.5000004544854,5.1));
#7287=CARTESIAN_POINT('',(-0.500000000000007,28.5000004544854,4.5));
#7288=CARTESIAN_POINT('',(-0.5,22.3000000223517,5.1));
#7289=CARTESIAN_POINT('',(-0.500000000000007,28.5000004544854,5.1));
#7290=CARTESIAN_POINT('',(-0.5,22.3000000223517,5.4));
#7291=CARTESIAN_POINT('',(-0.5,22.3000000223517,5.25));
#7292=CARTESIAN_POINT('',(-0.500000000000004,28.5000004544854,5.4));
#7293=CARTESIAN_POINT('',(-0.5,7.00000010803342,5.4));
#7294=CARTESIAN_POINT('',(-0.500000000000003,28.5000004544854,6.));
#7295=CARTESIAN_POINT('',(-0.500000000000003,28.5000004544854,6.));
#7296=CARTESIAN_POINT('',(-0.5,0.49999999254942,6.));
#7297=CARTESIAN_POINT('',(-0.5,7.00000010803342,6.));
#7298=CARTESIAN_POINT('',(-0.5,0.49999999254942,6.));
#7299=CARTESIAN_POINT('',(-0.5,10.5000000223517,5.4));
#7300=CARTESIAN_POINT('',(-0.5,17.0000000223517,5.4));
#7301=CARTESIAN_POINT('',(-0.5,7.00000010803342,5.4));
#7302=CARTESIAN_POINT('',(-0.5,17.0000000223517,5.1));
#7303=CARTESIAN_POINT('',(-0.5,17.0000000223517,5.25));
#7304=CARTESIAN_POINT('',(-0.5,10.5000000223517,5.1));
#7305=CARTESIAN_POINT('',(-0.500000000000007,28.5000004544854,5.1));
#7306=CARTESIAN_POINT('',(-0.5,10.5000000223517,5.25));
#7307=CARTESIAN_POINT('Origin',(-0.35000000372529,10.6500000223517,5.25));
#7308=CARTESIAN_POINT('',(-0.35,10.650000026077,5.4));
#7309=CARTESIAN_POINT('',(5.0125000167638,16.01250017602,5.4));
#7310=CARTESIAN_POINT('',(-0.200000000000001,10.8000000223517,5.1));
#7311=CARTESIAN_POINT('',(5.88749999503294,16.88750017602,5.1));
#7312=CARTESIAN_POINT('',(-0.200000000000001,10.8000000223517,5.25));
#7313=CARTESIAN_POINT('',(-0.200000000000001,10.8000000223517,4.6));
#7314=CARTESIAN_POINT('',(-0.88333332657262,10.1166666862589,5.93333332657262));
#7315=CARTESIAN_POINT('Origin',(-0.350000000000001,16.8500000223517,5.25));
#7316=CARTESIAN_POINT('',(-0.200000000000002,16.7000000223517,5.25));
#7317=CARTESIAN_POINT('',(-0.350000000000003,16.8500000223517,5.4));
#7318=CARTESIAN_POINT('',(1.31666665238638,15.1833333699654,3.73333334761361));
#7319=CARTESIAN_POINT('',(-0.200000000000002,16.7000000223517,5.1));
#7320=CARTESIAN_POINT('',(-0.200000000000002,16.7000000223517,4.6));
#7321=CARTESIAN_POINT('',(5.26250002514568,11.237499997206,5.1));
#7322=CARTESIAN_POINT('',(4.38750002514569,12.112499997206,5.4));
#7323=CARTESIAN_POINT('Origin',(-0.350000000000002,22.4500000223517,5.25));
#7324=CARTESIAN_POINT('',(-0.350000000000003,22.4500000223517,5.4));
#7325=CARTESIAN_POINT('',(2.06250012572851,24.8625001480803,5.4));
#7326=CARTESIAN_POINT('',(-0.200000000000003,22.6000000223517,5.1));
#7327=CARTESIAN_POINT('',(2.93750012572851,25.7375001480803,5.1));
#7328=CARTESIAN_POINT('',(-0.200000000000003,22.6000000223517,5.25));
#7329=CARTESIAN_POINT('',(-0.200000000000003,22.6000000223517,4.6));
#7330=CARTESIAN_POINT('',(-2.84999998571972,19.950000036632,7.89999998571973));
#7331=CARTESIAN_POINT('Origin',(8.05,30.8500004544854,5.25));
#7332=CARTESIAN_POINT('',(7.9,30.7000004544854,5.25));
#7333=CARTESIAN_POINT('',(8.05,30.8500004544854,5.4));
#7334=CARTESIAN_POINT('',(8.22083335847905,31.0208338129645,5.57083335847904));
#7335=CARTESIAN_POINT('',(7.9,30.7000004544854,5.1));
#7336=CARTESIAN_POINT('',(7.9,30.7000004544854,4.6));
#7337=CARTESIAN_POINT('',(8.2,31.0000004544854,5.1));
#7338=CARTESIAN_POINT('',(7.13750001769515,29.9375004721806,5.1));
#7339=CARTESIAN_POINT('',(8.2,31.0000004544854,5.4));
#7340=CARTESIAN_POINT('',(8.2,31.0000004544854,5.25));
#7341=CARTESIAN_POINT('',(6.26250001769515,29.0625004721806,5.4));
#7342=CARTESIAN_POINT('Origin',(2.,31.0000004544854,6.));
#7343=CARTESIAN_POINT('',(2.,31.0000004544854,5.4));
#7344=CARTESIAN_POINT('',(9.37500015087426,31.0000004544854,5.4));
#7345=CARTESIAN_POINT('',(2.,31.0000004544854,5.1));
#7346=CARTESIAN_POINT('',(31.500000603497,31.0000004544854,5.1));
#7347=CARTESIAN_POINT('',(2.,31.0000004544854,4.5));
#7348=CARTESIAN_POINT('',(31.500000603497,31.0000004544854,5.1));
#7349=CARTESIAN_POINT('',(31.500000603497,31.0000004544854,4.5));
#7350=CARTESIAN_POINT('',(25.3,31.0000004544854,5.1));
#7351=CARTESIAN_POINT('',(31.500000603497,31.0000004544854,5.1));
#7352=CARTESIAN_POINT('',(25.3,31.0000004544854,5.4));
#7353=CARTESIAN_POINT('',(25.3,31.0000004544854,5.25));
#7354=CARTESIAN_POINT('',(31.500000603497,31.0000004544854,5.4));
#7355=CARTESIAN_POINT('',(9.37500015087426,31.0000004544854,5.4));
#7356=CARTESIAN_POINT('',(31.500000603497,31.0000004544854,6.));
#7357=CARTESIAN_POINT('',(31.500000603497,31.0000004544854,6.));
#7358=CARTESIAN_POINT('',(2.,31.0000004544854,6.));
#7359=CARTESIAN_POINT('',(9.37500015087426,31.0000004544854,6.));
#7360=CARTESIAN_POINT('',(2.,31.0000004544854,6.));
#7361=CARTESIAN_POINT('',(13.5,31.0000004544854,5.4));
#7362=CARTESIAN_POINT('',(20.,31.0000004544854,5.4));
#7363=CARTESIAN_POINT('',(9.37500015087426,31.0000004544854,5.4));
#7364=CARTESIAN_POINT('',(20.,31.0000004544854,5.1));
#7365=CARTESIAN_POINT('',(20.,31.0000004544854,5.25));
#7366=CARTESIAN_POINT('',(13.5,31.0000004544854,5.1));
#7367=CARTESIAN_POINT('',(31.500000603497,31.0000004544854,5.1));
#7368=CARTESIAN_POINT('',(13.5,31.0000004544854,5.25));
#7369=CARTESIAN_POINT('Origin',(13.65,30.8500004544854,5.25));
#7370=CARTESIAN_POINT('',(13.65,30.8500004544854,5.4));
#7371=CARTESIAN_POINT('',(18.3875001331791,26.1125003213063,5.4));
#7372=CARTESIAN_POINT('',(13.8,30.7000004544854,5.1));
#7373=CARTESIAN_POINT('',(19.2625001331791,25.2375003213063,5.1));
#7374=CARTESIAN_POINT('',(13.8,30.7000004544854,5.25));
#7375=CARTESIAN_POINT('',(13.8,30.7000004544854,4.6));
#7376=CARTESIAN_POINT('',(12.9875000251457,31.5125004293397,6.06249997485429));
#7377=CARTESIAN_POINT('Origin',(19.85,30.8500004544854,5.25));
#7378=CARTESIAN_POINT('',(19.7,30.7000004544854,5.25));
#7379=CARTESIAN_POINT('',(19.85,30.8500004544854,5.4));
#7380=CARTESIAN_POINT('',(18.0541666918123,29.0541671462978,3.60416669181238));
#7381=CARTESIAN_POINT('',(19.7,30.7000004544854,5.1));
#7382=CARTESIAN_POINT('',(19.7,30.7000004544854,4.6));
#7383=CARTESIAN_POINT('',(15.9875000176951,26.9875004721806,5.1));
#7384=CARTESIAN_POINT('',(15.1125000176951,26.1125004721806,5.4));
#7385=CARTESIAN_POINT('Origin',(25.45,30.8500004544854,5.25));
#7386=CARTESIAN_POINT('',(25.45,30.8500004544854,5.4));
#7387=CARTESIAN_POINT('',(27.2375001331792,29.0625003213062,5.4));
#7388=CARTESIAN_POINT('',(25.6,30.7000004544854,5.1));
#7389=CARTESIAN_POINT('',(28.1125001331792,28.1875003213062,5.1));
#7390=CARTESIAN_POINT('',(25.6,30.7000004544854,5.25));
#7391=CARTESIAN_POINT('',(25.6,30.7000004544854,4.6));
#7392=CARTESIAN_POINT('',(22.8208333584791,33.4791670960064,8.02916664152094));
#7393=CARTESIAN_POINT('Origin',(19.85,-1.35000000745058,5.25));
#7394=CARTESIAN_POINT('',(20.,-1.50000000745058,5.4));
#7395=CARTESIAN_POINT('',(19.8500004470348,-1.35000045448541,5.4));
#7396=CARTESIAN_POINT('',(15.1125001294538,3.38749986309558,5.4));
#7397=CARTESIAN_POINT('',(20.,-1.50000000745058,5.1));
#7398=CARTESIAN_POINT('',(20.,-1.50000000745058,5.25));
#7399=CARTESIAN_POINT('',(19.7,-1.20000045448541,5.1));
#7400=CARTESIAN_POINT('',(14.6225001294538,3.87749986309557,5.1));
#7401=CARTESIAN_POINT('',(19.7,-1.20000045448541,5.25));
#7402=CARTESIAN_POINT('',(19.7,-1.20000045448541,4.6));
#7403=CARTESIAN_POINT('',(18.0541669153298,0.445833077219637,3.60416646829496));
#7404=CARTESIAN_POINT('Origin',(10.65,-1.35000000745058,5.25));
#7405=CARTESIAN_POINT('',(10.8,-1.20000045448541,5.25));
#7406=CARTESIAN_POINT('',(10.6499995529652,-1.35000045448541,5.4));
#7407=CARTESIAN_POINT('',(10.4874998016283,-1.51250020582229,5.56249975133687));
#7408=CARTESIAN_POINT('',(10.8,-1.20000045448541,5.1));
#7409=CARTESIAN_POINT('',(10.8,-1.20000045448541,4.6));
#7410=CARTESIAN_POINT('',(10.5,-1.50000000745058,5.1));
#7411=CARTESIAN_POINT('',(18.3775000214204,6.37750001396979,5.1));
#7412=CARTESIAN_POINT('',(10.5,-1.50000000745058,5.4));
#7413=CARTESIAN_POINT('',(10.5,-1.50000000745058,5.25));
#7414=CARTESIAN_POINT('',(16.1375000214204,4.13750001396981,5.4));
#7415=CARTESIAN_POINT('Origin',(33.850000603497,5.04999998509884,5.25));
#7416=CARTESIAN_POINT('',(34.000000603497,5.19999998509884,5.4));
#7417=CARTESIAN_POINT('',(33.850000603497,5.04999998509884,5.4));
#7418=CARTESIAN_POINT('',(32.0625005876646,3.26249996926641,5.4));
#7419=CARTESIAN_POINT('',(34.000000603497,5.19999998509884,5.1));
#7420=CARTESIAN_POINT('',(34.000000603497,5.19999998509884,5.25));
#7421=CARTESIAN_POINT('',(33.700000603497,4.89999998509884,5.1));
#7422=CARTESIAN_POINT('',(32.9375005876646,4.13749996926641,5.1));
#7423=CARTESIAN_POINT('',(33.700000603497,4.89999998509884,5.25));
#7424=CARTESIAN_POINT('',(33.700000603497,4.89999998509884,4.6));
#7425=CARTESIAN_POINT('',(36.5833339958142,7.78333337741603,8.13333339231711));
#7426=CARTESIAN_POINT('Origin',(33.8500005550683,22.4499999850988,5.25));
#7427=CARTESIAN_POINT('',(33.700000603497,22.5999999850988,5.25));
#7428=CARTESIAN_POINT('',(33.850000603497,22.4499999366701,5.4));
#7429=CARTESIAN_POINT('',(33.916667163648,22.383333398043,5.46666656015097));
#7430=CARTESIAN_POINT('',(33.700000603497,22.5999999850988,5.1));
#7431=CARTESIAN_POINT('',(33.700000603497,22.5999999850988,4.6));
#7432=CARTESIAN_POINT('',(34.000000603497,22.2999999850989,5.1));
#7433=CARTESIAN_POINT('',(32.3124993344148,23.9875007093571,5.1));
#7434=CARTESIAN_POINT('',(34.000000603497,22.2999999850989,5.4));
#7435=CARTESIAN_POINT('',(34.000000603497,22.2999999850989,5.25));
#7436=CARTESIAN_POINT('',(31.4374990519136,24.8625007093571,5.4));
#7437=CARTESIAN_POINT('Origin',(34.000000603497,28.5000004544854,6.));
#7438=CARTESIAN_POINT('',(34.000000603497,0.499999992549423,5.4));
#7439=CARTESIAN_POINT('',(34.000000603497,21.7500003390014,5.4));
#7440=CARTESIAN_POINT('',(34.000000603497,0.499999992549423,6.));
#7441=CARTESIAN_POINT('',(34.000000603497,0.499999992549423,6.));
#7442=CARTESIAN_POINT('',(34.000000603497,28.5000004544854,6.));
#7443=CARTESIAN_POINT('',(34.000000603497,21.7500003390014,6.));
#7444=CARTESIAN_POINT('',(34.000000603497,28.5000004544854,5.4));
#7445=CARTESIAN_POINT('',(34.000000603497,28.5000004544854,6.));
#7446=CARTESIAN_POINT('',(34.000000603497,21.7500003390014,5.4));
#7447=CARTESIAN_POINT('',(34.000000603497,28.5000004544854,5.1));
#7448=CARTESIAN_POINT('',(34.000000603497,-1.00000000745058,5.1));
#7449=CARTESIAN_POINT('',(34.000000603497,28.5000004544854,4.5));
#7450=CARTESIAN_POINT('',(34.000000603497,28.5000004544854,4.5));
#7451=CARTESIAN_POINT('',(34.000000603497,17.58,4.5));
#7452=CARTESIAN_POINT('',(34.000000603497,-1.00000000745058,4.5));
#7453=CARTESIAN_POINT('',(34.000000603497,17.58,4.94999999999994));
#7454=CARTESIAN_POINT('',(34.000000603497,17.58,3.));
#7455=CARTESIAN_POINT('',(34.000000603497,0.499999992549423,4.94999999999994));
#7456=CARTESIAN_POINT('',(34.000000603497,18.4950002253801,4.94999999999995));
#7457=CARTESIAN_POINT('',(34.000000603497,0.499999992549423,5.1));
#7458=CARTESIAN_POINT('',(34.000000603497,0.499999992549423,6.));
#7459=CARTESIAN_POINT('',(34.000000603497,-1.00000000745058,5.1));
#7460=CARTESIAN_POINT('',(34.000000603497,16.9999999850988,5.4));
#7461=CARTESIAN_POINT('',(34.000000603497,10.4999999850989,5.4));
#7462=CARTESIAN_POINT('',(34.000000603497,21.7500003390014,5.4));
#7463=CARTESIAN_POINT('',(34.000000603497,10.4999999850989,5.1));
#7464=CARTESIAN_POINT('',(34.000000603497,10.4999999850989,5.25));
#7465=CARTESIAN_POINT('',(34.000000603497,16.9999999850988,5.1));
#7466=CARTESIAN_POINT('',(34.000000603497,-1.00000000745058,5.1));
#7467=CARTESIAN_POINT('',(34.000000603497,16.9999999850988,5.25));
#7468=CARTESIAN_POINT('Origin',(33.8500005550683,10.6499999850988,5.25));
#7469=CARTESIAN_POINT('',(33.700000603497,10.7999999850988,5.25));
#7470=CARTESIAN_POINT('',(33.850000603497,10.6499999366701,5.4));
#7471=CARTESIAN_POINT('',(31.9500007086331,12.5499992181031,3.50000010513605));
#7472=CARTESIAN_POINT('',(33.700000603497,10.7999999850988,5.1));
#7473=CARTESIAN_POINT('',(33.700000603497,10.7999999850988,4.6));
#7474=CARTESIAN_POINT('',(29.3624993344149,15.1374997569246,5.1));
#7475=CARTESIAN_POINT('',(28.4874990519137,16.0124997569246,5.4));
#7476=CARTESIAN_POINT('Origin',(33.8500005550683,16.8499999850988,5.25));
#7477=CARTESIAN_POINT('',(33.850000603497,16.8500000335276,5.4));
#7478=CARTESIAN_POINT('',(29.1124991711231,12.1125001306958,5.4));
#7479=CARTESIAN_POINT('',(33.700000603497,16.6999999850988,5.1));
#7480=CARTESIAN_POINT('',(29.9874994536242,12.9875001306957,5.1));
#7481=CARTESIAN_POINT('',(33.700000603497,16.6999999850988,5.25));
#7482=CARTESIAN_POINT('',(33.700000603497,16.6999999850988,4.6));
#7483=CARTESIAN_POINT('',(34.6166672062818,17.6166663887876,6.16666660278482));
#7484=CARTESIAN_POINT('Origin',(28.555749006834,0.39999999254942,8.98003803428715));
#7485=CARTESIAN_POINT('',(34.100000603497,-0.600000007450583,3.43578643762731));
#7486=CARTESIAN_POINT('',(34.100000603497,0.399999992549418,4.85));
#7487=CARTESIAN_POINT('Origin',(34.100000603497,0.39999999254942,3.43578643762731));
#7488=CARTESIAN_POINT('',(33.0357870411237,-0.600000007450578,4.5));
#7489=CARTESIAN_POINT('',(28.555749006834,-0.600000007450583,8.98003803428715));
#7490=CARTESIAN_POINT('',(33.7536719934787,-0.461580298408979,4.49999999987694));
#7491=CARTESIAN_POINT('Origin',(33.0357870411237,0.39999999254942,4.5));
#7492=CARTESIAN_POINT('',(33.9974990390408,0.39999999254942,4.95250156445613));
#7493=CARTESIAN_POINT('Ctrl Pts',(33.7536719935051,-0.461580298360798,4.49999999984312));
#7494=CARTESIAN_POINT('Ctrl Pts',(33.7634115754763,-0.443817843769225,4.53289616541582));
#7495=CARTESIAN_POINT('Ctrl Pts',(33.7738135758411,-0.424222419206219,4.56441177509381));
#7496=CARTESIAN_POINT('Ctrl Pts',(33.8087065888417,-0.355205182364691,4.6609147126539));
#7497=CARTESIAN_POINT('Ctrl Pts',(33.8348683342903,-0.298670248905715,4.71930237905113));
#7498=CARTESIAN_POINT('Ctrl Pts',(33.8928418215936,-0.152074728708309,4.83196998866962));
#7499=CARTESIAN_POINT('Ctrl Pts',(33.9263930774624,-0.0494043682611633,
4.88362758392975));
#7500=CARTESIAN_POINT('Ctrl Pts',(33.9761111044618,0.171639845840159,4.94650799478148));
#7501=CARTESIAN_POINT('Ctrl Pts',(33.9919920914943,0.28999880146025,4.9580085120027));
#7502=CARTESIAN_POINT('Ctrl Pts',(33.9974990390408,0.39999999254942,4.95250156445612));
#7503=CARTESIAN_POINT('',(29.2628557880204,0.39999999254942,9.68714481547389));
#7504=CARTESIAN_POINT('Origin',(10.0514213416042,-0.600000007450583,-2.21177243187043E-16));
#7505=CARTESIAN_POINT('',(34.100000603497,-0.600000007450583,4.46691295064028E-16));
#7506=CARTESIAN_POINT('',(34.100000603497,-0.600000007450583,4.46691295064028E-16));
#7507=CARTESIAN_POINT('',(10.0514213416042,-0.600000007450583,-2.21177243187043E-16));
#7508=CARTESIAN_POINT('',(10.0514213416042,-0.600000007450583,-2.21177243187043E-16));
#7509=CARTESIAN_POINT('',(10.0514213416042,-0.600000007450583,4.5));
#7510=CARTESIAN_POINT('',(10.0514213416042,-0.600000007450583,-2.21177243187043E-16));
#7511=CARTESIAN_POINT('',(15.1507108216764,-0.600000007450578,4.5));
#7512=CARTESIAN_POINT('Origin',(34.100000603497,-0.600000007450583,4.46691295064028E-16));
#7513=CARTESIAN_POINT('',(34.1000006034969,17.58,4.85));
#7514=CARTESIAN_POINT('',(34.100000603497,8.48999999627472,4.85));
#7515=CARTESIAN_POINT('',(34.100000603497,17.58,5.09575021068187E-16));
#7516=CARTESIAN_POINT('',(34.1000006034969,17.58,4.5));
#7517=CARTESIAN_POINT('',(34.100000603497,-0.600000007450583,4.46691295064028E-16));
#7518=CARTESIAN_POINT('Origin',(34.025000603497,8.48999999627472,4.925));
#7519=CARTESIAN_POINT('Origin',(32.000000603497,0.499999992549423,6.9499999999988));
#7520=CARTESIAN_POINT('',(35.275000603497,17.58,3.67500000000069));
#7521=CARTESIAN_POINT('Origin',(32.000000603497,0.499999992549423,6.));
#7522=CARTESIAN_POINT('',(32.000000603497,-1.50000000745058,4.5));
#7523=CARTESIAN_POINT('Origin',(32.000000603497,0.499999992549423,4.5));
#7524=CARTESIAN_POINT('',(32.000000603497,-1.50000000745058,6.));
#7525=CARTESIAN_POINT('',(32.000000603497,-1.50000000745058,6.));
#7526=CARTESIAN_POINT('Origin',(32.000000603497,0.499999992549423,6.));
#7527=CARTESIAN_POINT('',(33.850000603497,-0.259934215129098,5.4));
#7528=CARTESIAN_POINT('Origin',(32.000000603497,0.499999992549423,5.4));
#7529=CARTESIAN_POINT('',(33.700000603497,-0.553565382735846,5.25));
#7530=CARTESIAN_POINT('Origin',(32.000000603497,0.499999992549423,3.55000000000001));
#7531=CARTESIAN_POINT('',(33.700000603497,-0.553565382735837,5.1));
#7532=CARTESIAN_POINT('',(33.700000603497,-0.553565382735846,6.));
#7533=CARTESIAN_POINT('Origin',(32.000000603497,0.499999992549423,5.1));
#7534=CARTESIAN_POINT('Origin',(20.2500003017485,15.0000002235174,5.1));
#7535=CARTESIAN_POINT('',(33.700000603497,7.15000010803342,5.1));
#7536=CARTESIAN_POINT('Origin',(33.700000603497,28.5000004544854,4.7));
#7537=CARTESIAN_POINT('',(33.700000603497,21.7500003390014,5.25));
#7538=CARTESIAN_POINT('Origin',(33.775000603497,21.7500003390014,5.325));
#7539=CARTESIAN_POINT('',(33.850000603497,7.15000010803342,5.4));
#7540=CARTESIAN_POINT('Origin',(16.7500003017485,15.0000002235174,5.4));
#7541=CARTESIAN_POINT('Origin',(34.100000603497,17.58,5.09575021068187E-16));
#7542=CARTESIAN_POINT('',(32.9924836021382,17.58,4.5));
#7543=CARTESIAN_POINT('',(27.1750004526228,17.58,4.5));
#7544=CARTESIAN_POINT('',(32.0029640322782,17.58,3.23877490177658));
#7545=CARTESIAN_POINT('',(32.1107923312624,17.58,3.3762110486906));
#7546=CARTESIAN_POINT('',(30.6654797851255,17.58,2.58812512387522));
#7547=CARTESIAN_POINT('Origin',(30.6654797851255,17.58,4.28812512387522));
#7548=CARTESIAN_POINT('',(30.3194875309097,17.58,2.58812512387522));
#7549=CARTESIAN_POINT('',(32.7962421195814,17.58,2.58812512387522));
#7550=CARTESIAN_POINT('',(28.982003283757,17.58,3.23877490177658));
#7551=CARTESIAN_POINT('Origin',(30.3194875309097,17.58,4.28812512387522));
#7552=CARTESIAN_POINT('',(27.9924837138969,17.58,4.5));
#7553=CARTESIAN_POINT('',(30.9986962058868,17.58,0.668331823870345));
#7554=CARTESIAN_POINT('',(7.50000004470348,17.58,4.5));
#7555=CARTESIAN_POINT('',(27.1750004526228,17.58,4.5));
#7556=CARTESIAN_POINT('',(5.,17.58,1.99999995529652));
#7557=CARTESIAN_POINT('Origin',(5.,17.58,4.5));
#7558=CARTESIAN_POINT('',(1.50800314645521E-33,17.58,1.99999995529652));
#7559=CARTESIAN_POINT('',(19.5500003017485,17.58,1.99999995529652));
#7560=CARTESIAN_POINT('',(1.50800314645521E-33,17.58,-0.25));
#7561=CARTESIAN_POINT('',(-0.0999999999999976,17.58,-4.40186082029115E-16));
#7562=CARTESIAN_POINT('',(-0.0999999999999976,17.58,-4.40186082029115E-16));
#7563=CARTESIAN_POINT('',(34.100000603497,17.58,5.09575021068187E-16));
#7564=CARTESIAN_POINT('Origin',(1.5,0.49999999254942,6.));
#7565=CARTESIAN_POINT('',(-0.199999999999999,-0.553565382735854,5.1));
#7566=CARTESIAN_POINT('Origin',(1.5,0.49999999254942,5.1));
#7567=CARTESIAN_POINT('',(-0.199999999999998,-0.553565382735854,5.25));
#7568=CARTESIAN_POINT('',(-0.199999999999998,-0.553565382735854,6.));
#7569=CARTESIAN_POINT('',(-0.350000000000001,-0.259934215129107,5.4));
#7570=CARTESIAN_POINT('Origin',(1.5,0.49999999254942,3.54999999999999));
#7571=CARTESIAN_POINT('Origin',(1.5,0.49999999254942,5.4));
#7572=CARTESIAN_POINT('',(1.5,-1.50000000745058,6.));
#7573=CARTESIAN_POINT('Origin',(1.5,0.49999999254942,6.));
#7574=CARTESIAN_POINT('',(1.5,-1.50000000745058,6.));
#7575=CARTESIAN_POINT('Origin',(16.7500003017485,15.0000002235174,5.4));
#7576=CARTESIAN_POINT('',(-0.350000000000001,7.15000010803342,5.4));
#7577=CARTESIAN_POINT('Origin',(-0.275,7.15000010803342,5.325));
#7578=CARTESIAN_POINT('',(-0.2,7.15000010803342,5.25));
#7579=CARTESIAN_POINT('Origin',(-0.199999999999998,-0.700000007450581,4.7));
#7580=CARTESIAN_POINT('',(-0.2,7.15000010803342,5.1));
#7581=CARTESIAN_POINT('Origin',(20.2500003017485,15.0000002235174,5.1));
#7582=CARTESIAN_POINT('Origin',(16.7500003017485,15.0000002235174,5.4));
#7583=CARTESIAN_POINT('',(33.850000603497,29.352936559947,5.4));
#7584=CARTESIAN_POINT('Origin',(31.500000603497,28.5000004544854,5.4));
#7585=CARTESIAN_POINT('',(33.850000603497,7.15000010803342,5.4));
#7586=CARTESIAN_POINT('Origin',(31.500000603497,28.5000004544854,4.5));
#7587=CARTESIAN_POINT('',(33.700000603497,29.6874346631892,5.25));
#7588=CARTESIAN_POINT('Origin',(31.500000603497,28.5000004544854,3.05));
#7589=CARTESIAN_POINT('Origin',(31.500000603497,28.5000004544854,6.));
#7590=CARTESIAN_POINT('',(32.3529367089586,30.8500004544854,5.4));
#7591=CARTESIAN_POINT('Origin',(31.500000603497,28.5000004544854,5.4));
#7592=CARTESIAN_POINT('',(32.6874348122008,30.7000004544854,5.25));
#7593=CARTESIAN_POINT('Origin',(31.500000603497,28.5000004544854,3.05));
#7594=CARTESIAN_POINT('',(32.6874348122008,30.7000004544854,5.1));
#7595=CARTESIAN_POINT('',(32.6874348122008,30.7000004544854,4.5));
#7596=CARTESIAN_POINT('Origin',(31.500000603497,28.5000004544854,5.1));
#7597=CARTESIAN_POINT('Origin',(31.500000603497,28.5000004544854,4.5));
#7598=CARTESIAN_POINT('',(33.700000603497,29.6874346631892,5.1));
#7599=CARTESIAN_POINT('Origin',(31.500000603497,28.5000004544854,5.1));
#7600=CARTESIAN_POINT('',(33.700000603497,29.6874346631892,4.5));
#7601=CARTESIAN_POINT('Origin',(33.775000603497,21.7500003390014,5.325));
#7602=CARTESIAN_POINT('',(33.700000603497,21.7500003390014,5.25));
#7603=CARTESIAN_POINT('Origin',(33.700000603497,28.5000004544854,4.7));
#7604=CARTESIAN_POINT('',(33.700000603497,7.15000010803342,5.1));
#7605=CARTESIAN_POINT('Origin',(20.2500003017485,15.0000002235174,5.1));
#7606=CARTESIAN_POINT('Origin',(9.37500015087426,30.7750004544854,5.325));
#7607=CARTESIAN_POINT('',(9.37500015087426,30.7000004544854,5.25));
#7608=CARTESIAN_POINT('',(13.0625002263114,30.8500004544854,5.4));
#7609=CARTESIAN_POINT('Origin',(2.,30.7000004544854,4.7));
#7610=CARTESIAN_POINT('',(11.1250001508743,30.7000004544854,5.1));
#7611=CARTESIAN_POINT('Origin',(20.2500003017485,15.0000002235174,5.1));
#7612=CARTESIAN_POINT('Origin',(20.2500003017485,15.0000002235174,5.1));
#7613=CARTESIAN_POINT('',(-0.200000000000007,29.6874346631892,5.1));
#7614=CARTESIAN_POINT('Origin',(2.,28.5000004544854,5.1));
#7615=CARTESIAN_POINT('',(-0.2,7.15000010803342,5.1));
#7616=CARTESIAN_POINT('Origin',(2.,28.5000004544854,6.));
#7617=CARTESIAN_POINT('',(-0.200000000000005,29.6874346631892,5.25));
#7618=CARTESIAN_POINT('',(-0.200000000000005,29.6874346631892,6.));
#7619=CARTESIAN_POINT('',(0.812565791296212,30.7000004544854,5.1));
#7620=CARTESIAN_POINT('Origin',(2.,28.5000004544854,5.1));
#7621=CARTESIAN_POINT('',(0.812565791296212,30.7000004544854,5.25));
#7622=CARTESIAN_POINT('',(0.812565791296212,30.7000004544854,6.));
#7623=CARTESIAN_POINT('',(1.14706389453841,30.8500004544854,5.4));
#7624=CARTESIAN_POINT('Origin',(2.,28.5000004544854,3.05000000000001));
#7625=CARTESIAN_POINT('Origin',(2.,28.5000004544854,5.4));
#7626=CARTESIAN_POINT('Origin',(2.,28.5000004544854,6.));
#7627=CARTESIAN_POINT('',(-0.350000000000006,29.352936559947,5.4));
#7628=CARTESIAN_POINT('Origin',(2.,28.5000004544854,5.4));
#7629=CARTESIAN_POINT('Origin',(2.,28.5000004544854,3.04999999999998));
#7630=CARTESIAN_POINT('Origin',(-0.199999999999998,-0.700000007450581,4.7));
#7631=CARTESIAN_POINT('',(-0.2,7.15000010803342,5.25));
#7632=CARTESIAN_POINT('Origin',(-0.275,7.15000010803342,5.325));
#7633=CARTESIAN_POINT('',(-0.350000000000001,7.15000010803342,5.4));
#7634=CARTESIAN_POINT('Origin',(16.7500003017485,15.0000002235174,5.4));
#7635=CARTESIAN_POINT('Origin',(9.37500015087426,30.7750004544854,5.325));
#7636=CARTESIAN_POINT('',(9.37500015087426,30.7000004544854,5.25));
#7637=CARTESIAN_POINT('',(9.37500015087426,30.8500004544854,5.4));
#7638=CARTESIAN_POINT('Origin',(2.,30.7000004544854,4.7));
#7639=CARTESIAN_POINT('',(11.1250001508743,30.7000004544854,5.1));
#7640=CARTESIAN_POINT('Origin',(16.7500003017485,15.0000002235174,5.4));
#7641=CARTESIAN_POINT('Origin',(32.2000006034969,30.3713514267386,1.16221985317858));
#7642=CARTESIAN_POINT('',(1.3,31.63408449937,-0.38874925911315));
#7643=CARTESIAN_POINT('',(1.30000060349694,32.2499302497247,0.475968000118506));
#7644=CARTESIAN_POINT('Origin',(1.3,30.3713514267386,1.16221985317858));
#7645=CARTESIAN_POINT('',(32.2000006034969,32.2499302497247,0.475968000118506));
#7646=CARTESIAN_POINT('',(32.2000006034969,32.2499302497247,0.475968000118506));
#7647=CARTESIAN_POINT('',(32.200000603497,31.63408449937,-0.388749259113149));
#7648=CARTESIAN_POINT('Origin',(32.200000603497,30.3713514267386,1.16221985317858));
#7649=CARTESIAN_POINT('',(32.2000006034969,31.63408449937,-0.388749259113148));
#7650=CARTESIAN_POINT('Origin',(32.2000006034969,37.1342351894884,-1.30828681783768));
#7651=CARTESIAN_POINT('',(1.30000060349694,33.8551535389972,2.7275059827669));
#7652=CARTESIAN_POINT('Origin',(1.30000060349694,37.1342351894884,-1.30828681783768));
#7653=CARTESIAN_POINT('',(32.2000006034969,33.8551535389972,2.7275059827669));
#7654=CARTESIAN_POINT('',(32.2000006034969,33.8551535389972,2.7275059827669));
#7655=CARTESIAN_POINT('Origin',(32.2000006034969,37.1342351894884,-1.30828681783768));
#7656=CARTESIAN_POINT('Origin',(32.2000006034969,-0.371350979703808,1.16221985317858));
#7657=CARTESIAN_POINT('',(32.200000603497,-1.63408405233515,-0.388749259113149));
#7658=CARTESIAN_POINT('',(32.2000006034969,-2.24992980268985,0.47596800011851));
#7659=CARTESIAN_POINT('Origin',(32.200000603497,-0.371350979703808,1.16221985317858));
#7660=CARTESIAN_POINT('',(1.30000060349694,-2.24992980268985,0.47596800011851));
#7661=CARTESIAN_POINT('',(32.2000006034969,-2.24992980268985,0.47596800011851));
#7662=CARTESIAN_POINT('',(1.3,-1.63408405233515,-0.388749259113149));
#7663=CARTESIAN_POINT('Origin',(1.3,-0.371350979703808,1.16221985317858));
#7664=CARTESIAN_POINT('',(32.2000006034969,-1.63408405233515,-0.388749259113149));
#7665=CARTESIAN_POINT('Origin',(32.2000006034969,-7.13423474245355,-1.30828681783768));
#7666=CARTESIAN_POINT('',(32.2000006034969,-3.85515309196233,2.7275059827669));
#7667=CARTESIAN_POINT('Origin',(32.2000006034969,-7.13423474245355,-1.30828681783768));
#7668=CARTESIAN_POINT('',(1.30000060349694,-3.85515309196233,2.7275059827669));
#7669=CARTESIAN_POINT('',(32.2000006034969,-3.85515309196233,2.7275059827669));
#7670=CARTESIAN_POINT('Origin',(1.30000060349694,-7.13423474245355,-1.30828681783768));
#7671=CARTESIAN_POINT('Origin',(0.999999999999999,-8.05036797309461,5.22536796564404));
#7672=CARTESIAN_POINT('',(0.999999999999999,-9.04804544339887,4.65195456405171));
#7673=CARTESIAN_POINT('',(1.3,-8.83591340904291,4.43982252969574));
#7674=CARTESIAN_POINT('Origin',(0.999999999999999,-8.83591340904291,4.43982252969574));
#7675=CARTESIAN_POINT('',(1.3,-7.63431458250134,5.64142135623731));
#7676=CARTESIAN_POINT('',(1.3,-8.05036797309461,5.22536796564404));
#7677=CARTESIAN_POINT('',(0.999999999999999,-7.84644661685731,5.85355339059327));
#7678=CARTESIAN_POINT('Origin',(0.999999999999999,-7.63431458250134,5.64142135623731));
#7679=CARTESIAN_POINT('',(0.999999999999999,-8.26250000745058,5.4375));
#7680=CARTESIAN_POINT('Ctrl Pts',(1.3,-7.63431458250134,5.64142135623731));
#7681=CARTESIAN_POINT('Ctrl Pts',(1.3,-7.57573593873865,5.7));
#7682=CARTESIAN_POINT('Ctrl Pts',(1.3,-7.49289322626403,5.7));
#7683=CARTESIAN_POINT('Ctrl Pts',(1.3,-7.84644661685731,5.85355339059327));
#7684=CARTESIAN_POINT('Ctrl Pts',(1.3,-7.70000000745058,6.));
#7685=CARTESIAN_POINT('Ctrl Pts',(1.3,-7.49289322626403,6.));
#7686=CARTESIAN_POINT('Ctrl Pts',(0.999999999999999,-7.84644661685731,5.85355339059327));
#7687=CARTESIAN_POINT('Ctrl Pts',(0.999999999999999,-7.70000000745058,6.));
#7688=CARTESIAN_POINT('Ctrl Pts',(0.999999999999999,-7.49289322626403,6.));
#7689=CARTESIAN_POINT('',(1.3,-7.49289322626403,5.7));
#7690=CARTESIAN_POINT('',(0.999999999999999,-7.49289322626403,6.));
#7691=CARTESIAN_POINT('Origin',(0.999999999999999,-7.49289322626403,5.7));
#7692=CARTESIAN_POINT('Origin',(0.999999999999999,-7.49289322626403,5.5));
#7693=CARTESIAN_POINT('Origin',(1.3,-7.49289322626403,5.5));
#7694=CARTESIAN_POINT('Origin',(0.999999999999999,4.90000010803342,5.7));
#7695=CARTESIAN_POINT('',(1.3,-7.33786431021641,5.7));
#7696=CARTESIAN_POINT('',(0.999999999999999,-7.03786431021641,6.));
#7697=CARTESIAN_POINT('Origin',(0.999999999999999,-7.03786431021641,5.7));
#7698=CARTESIAN_POINT('',(0.999999999999999,4.90000010803342,6.));
#7699=CARTESIAN_POINT('',(1.3,4.90000010803342,5.7));
#7700=CARTESIAN_POINT('Ctrl Pts',(1.3,-8.89514202911998,4.29717967028163));
#7701=CARTESIAN_POINT('Ctrl Pts',(1.3,-8.89514202911998,4.35000787090115));
#7702=CARTESIAN_POINT('Ctrl Pts',(1.3,-8.87326858793885,4.4024673507998));
#7703=CARTESIAN_POINT('Ctrl Pts',(1.3,-8.83591340904291,4.43982252969574));
#7704=CARTESIAN_POINT('Ctrl Pts',(1.3,-8.97746271596962,4.29717967028163));
#7705=CARTESIAN_POINT('Ctrl Pts',(1.2999670271242,-8.97657618903281,4.37175424837931));
#7706=CARTESIAN_POINT('Ctrl Pts',(1.30005156693427,-8.94441651782696,4.44465028304876));
#7707=CARTESIAN_POINT('Ctrl Pts',(1.3,-8.89144944576989,4.49535856642272));
#7708=CARTESIAN_POINT('Ctrl Pts',(1.22827167756412,-9.14136218161111,4.29717967028163));
#7709=CARTESIAN_POINT('Ctrl Pts',(1.22989896830481,-9.13879965736583,4.41478308180874));
#7710=CARTESIAN_POINT('Ctrl Pts',(1.23226927910731,-9.08595052665585,4.52876226278908));
#7711=CARTESIAN_POINT('Ctrl Pts',(1.23504490138735,-9.00211525269723,4.60602437335006));
#7712=CARTESIAN_POINT('Ctrl Pts',(1.05942183418097,-9.20050368536707,4.29717967028163));
#7713=CARTESIAN_POINT('Ctrl Pts',(1.06390349013469,-9.19936059360977,4.43069667773848));
#7714=CARTESIAN_POINT('Ctrl Pts',(1.07062702124644,-9.14253052302596,4.56106248389607));
#7715=CARTESIAN_POINT('Ctrl Pts',(1.07853981633974,-9.04804544339888,4.65195456405171));
#7716=CARTESIAN_POINT('Ctrl Pts',(0.977336389750671,-9.19428473882635,4.29717967028163));
#7717=CARTESIAN_POINT('Ctrl Pts',(0.982577013039479,-9.19468177823205,4.42885313242472));
#7718=CARTESIAN_POINT('Ctrl Pts',(0.990509961818212,-9.14061787721984,4.55938213023074));
#7719=CARTESIAN_POINT('Ctrl Pts',(0.999999999999998,-9.04804544339888,4.65195456405171));
#7720=CARTESIAN_POINT('',(0.977336389750671,-9.19428473882634,4.29717967028163));
#7721=CARTESIAN_POINT('Ctrl Pts',(0.999999999999998,-9.04804544339888,4.65195456405171));
#7722=CARTESIAN_POINT('Ctrl Pts',(0.990509961818212,-9.14061787721984,4.55938213023074));
#7723=CARTESIAN_POINT('Ctrl Pts',(0.982577013039479,-9.19468177823205,4.42885313242472));
#7724=CARTESIAN_POINT('Ctrl Pts',(0.977336389750671,-9.19428473882635,4.29717967028163));
#7725=CARTESIAN_POINT('',(1.3,-8.89514202911998,4.29717967028163));
#7726=CARTESIAN_POINT('Origin',(0.999999999999998,-8.89514202911998,4.29717967028163));
#7727=CARTESIAN_POINT('Ctrl Pts',(1.3,-8.89514202911998,4.29717967028163));
#7728=CARTESIAN_POINT('Ctrl Pts',(1.3,-8.89514202911998,4.35000787090115));
#7729=CARTESIAN_POINT('Ctrl Pts',(1.3,-8.87326858793885,4.4024673507998));
#7730=CARTESIAN_POINT('Ctrl Pts',(1.3,-8.83591340904291,4.43982252969574));
#7731=CARTESIAN_POINT('Origin',(0.999999999999998,-8.89514202911998,4.375));
#7732=CARTESIAN_POINT('',(0.977336389750671,-9.19428473882635,0.842413411585669));
#7733=CARTESIAN_POINT('',(1.3,-8.89514202911998,1.35361293934448));
#7734=CARTESIAN_POINT('Ctrl Pts',(1.3,-8.89514202911998,1.35361293934448));
#7735=CARTESIAN_POINT('Ctrl Pts',(1.3,-8.94533405883117,1.31659819012191));
#7736=CARTESIAN_POINT('Ctrl Pts',(1.28712287893399,-8.9930147191398,1.27120850735378));
#7737=CARTESIAN_POINT('Ctrl Pts',(1.24585306326035,-9.07283538389217,1.17261010445983));
#7738=CARTESIAN_POINT('Ctrl Pts',(1.21757864936384,-9.10504300553237,1.11940666306042));
#7739=CARTESIAN_POINT('Ctrl Pts',(1.15573093601243,-9.15498776518705,1.01333675895457));
#7740=CARTESIAN_POINT('Ctrl Pts',(1.11295157050691,-9.1765733737638,0.944068079273319));
#7741=CARTESIAN_POINT('Ctrl Pts',(1.06045132776631,-9.18914818855463,0.877699310546225));
#7742=CARTESIAN_POINT('Ctrl Pts',(1.04979450098079,-9.19120452354202,0.865011307584802));
#7743=CARTESIAN_POINT('Ctrl Pts',(1.0326657874529,-9.19341392629137,0.849315765870594));
#7744=CARTESIAN_POINT('Ctrl Pts',(1.02678899041163,-9.19400661057974,0.844701429118179));
#7745=CARTESIAN_POINT('Ctrl Pts',(1.01430279704635,-9.19486872854615,0.837645627967795));
#7746=CARTESIAN_POINT('Ctrl Pts',(1.00768168351564,-9.19514202911998,0.835225392591853));
#7747=CARTESIAN_POINT('Ctrl Pts',(0.995261110736707,-9.19514202911998,0.835225392591853));
#7748=CARTESIAN_POINT('Ctrl Pts',(0.991026249862391,-9.19503456173176,0.836170915767733));
#7749=CARTESIAN_POINT('Ctrl Pts',(0.98365284181519,-9.19471530386325,0.838887312725019));
#7750=CARTESIAN_POINT('Ctrl Pts',(0.980447678675832,-9.19452045588475,0.840514979264191));
#7751=CARTESIAN_POINT('Ctrl Pts',(0.97733638975066,-9.19428473882635,0.84241341158565));
#7752=CARTESIAN_POINT('',(1.3,-8.89514202911998,4.375));
#7753=CARTESIAN_POINT('',(0.977336389750671,-9.19428473882635,4.375));
#7754=CARTESIAN_POINT('Origin',(7.52500015087425,-8.45000000745058,5.25));
#7755=CARTESIAN_POINT('',(-0.34644660940673,-7.84644661685731,5.85355339059327));
#7756=CARTESIAN_POINT('',(12.1375002263114,-7.84644661685731,5.85355339059327));
#7757=CARTESIAN_POINT('',(-0.450000000000005,-8.09644661685731,5.60355339059327));
#7758=CARTESIAN_POINT('Origin',(-0.0964466094067311,-8.09644661685731,5.60355339059327));
#7759=CARTESIAN_POINT('',(0.0677669529663633,-8.61421356982367,5.08578643762691));
#7760=CARTESIAN_POINT('',(1.44820228554122,-9.99464890239853,3.70535110505205));
#7761=CARTESIAN_POINT('Origin',(1.12842712474619,-7.55355339804385,6.14644660940673));
#7762=CARTESIAN_POINT('Origin',(12.1375002263114,-7.49289322626403,5.5));
#7763=CARTESIAN_POINT('',(-0.34644660940673,-7.49289322626403,6.));
#7764=CARTESIAN_POINT('',(12.1375002263114,-7.49289322626403,6.));
#7765=CARTESIAN_POINT('Origin',(-0.34644660940673,-7.49289322626403,5.5));
#7766=CARTESIAN_POINT('Origin',(16.7500003017485,15.0000002235174,6.));
#7767=CARTESIAN_POINT('',(32.500000603497,-7.03786431021641,6.));
#7768=CARTESIAN_POINT('',(16.7500003017485,-7.03786431021641,6.));
#7769=CARTESIAN_POINT('',(32.500000603497,-7.49289322626403,6.));
#7770=CARTESIAN_POINT('',(32.500000603497,4.90000010803342,6.));
#7771=CARTESIAN_POINT('',(33.8464472129038,-7.49289322626403,6.));
#7772=CARTESIAN_POINT('',(12.1375002263114,-7.49289322626403,6.));
#7773=CARTESIAN_POINT('',(34.0838840799802,-7.25545635918758,6.));
#7774=CARTESIAN_POINT('',(36.5446704822169,-4.79466995695094,6.));
#7775=CARTESIAN_POINT('',(34.450000603497,-6.37157288270439,6.));
#7776=CARTESIAN_POINT('Origin',(33.200000603497,-6.37157288270439,6.));
#7777=CARTESIAN_POINT('',(34.450000603497,36.3715733297392,6.));
#7778=CARTESIAN_POINT('',(34.450000603497,6.40000010803342,6.));
#7779=CARTESIAN_POINT('',(34.0838840799802,37.2554568062224,6.));
#7780=CARTESIAN_POINT('Origin',(33.200000603497,36.3715733297392,6.));
#7781=CARTESIAN_POINT('',(33.8464472129038,37.4928936732989,6.));
#7782=CARTESIAN_POINT('',(33.6696705176071,37.6696703685955,6.));
#7783=CARTESIAN_POINT('',(32.500000603497,37.4928936732989,6.));
#7784=CARTESIAN_POINT('',(12.1375002263114,37.4928936732989,6.));
#7785=CARTESIAN_POINT('',(32.500000603497,37.0378647572513,6.));
#7786=CARTESIAN_POINT('',(32.500000603497,25.1000003390014,6.));
#7787=CARTESIAN_POINT('',(0.999999999999999,37.0378647572513,6.));
#7788=CARTESIAN_POINT('',(16.7500003017485,37.0378647572513,6.));
#7789=CARTESIAN_POINT('',(0.999999999999999,37.4928936732989,6.));
#7790=CARTESIAN_POINT('',(0.999999999999999,25.1000003390014,6.));
#7791=CARTESIAN_POINT('',(-0.346446609406715,37.4928936732989,6.));
#7792=CARTESIAN_POINT('',(12.1375002263114,37.4928936732989,6.));
#7793=CARTESIAN_POINT('',(-0.583883476483183,37.2554568062224,6.));
#7794=CARTESIAN_POINT('',(-3.04466987871983,34.7946704039858,6.));
#7795=CARTESIAN_POINT('',(-0.95,36.3715733297392,6.));
#7796=CARTESIAN_POINT('Origin',(0.3,36.3715733297392,6.));
#7797=CARTESIAN_POINT('',(-0.950000000000007,-6.37157288270439,6.));
#7798=CARTESIAN_POINT('',(-0.950000000000001,21.8750003390014,6.));
#7799=CARTESIAN_POINT('',(-0.583883476483191,-7.25545635918758,6.));
#7800=CARTESIAN_POINT('Origin',(0.299999999999994,-6.37157288270439,6.));
#7801=CARTESIAN_POINT('',(-0.169669914110093,-7.66966992156067,6.));
#7802=CARTESIAN_POINT('',(21.3750004526228,-1.50000000745058,6.));
#7803=CARTESIAN_POINT('',(25.3750004526228,-1.50000000745058,6.));
#7804=CARTESIAN_POINT('',(29.3750004526228,-1.50000000745058,6.));
#7805=CARTESIAN_POINT('',(25.3750004526228,-1.50000000745058,6.));
#7806=CARTESIAN_POINT('',(28.8750004526228,-2.00000000745058,6.));
#7807=CARTESIAN_POINT('',(30.0937504726462,-0.781249987427133,6.));
#7808=CARTESIAN_POINT('',(21.8750004526228,-2.00000000745058,6.));
#7809=CARTESIAN_POINT('',(23.0625003771856,-2.00000000745058,6.));
#7810=CARTESIAN_POINT('',(16.3437503571622,3.53125008801,6.));
#7811=CARTESIAN_POINT('Origin',(1.3,-5.20000000745058,2.75));
#7812=CARTESIAN_POINT('',(1.3,-8.45000000745058,1.5));
#7813=CARTESIAN_POINT('Origin',(1.3,-8.45000000745058,0.75));
#7814=CARTESIAN_POINT('',(1.3,-6.56966168056629,1.5));
#7815=CARTESIAN_POINT('',(1.3,-6.70000000745058,1.5));
#7816=CARTESIAN_POINT('',(1.3,-5.9748400694221,1.20682299735874));
#7817=CARTESIAN_POINT('Origin',(1.3,-6.56966168056629,0.75));
#7818=CARTESIAN_POINT('',(1.3,-5.28189338209826,0.304548664905829));
#7819=CARTESIAN_POINT('',(1.3,-5.54842044141057,0.65158910671873));
#7820=CARTESIAN_POINT('',(1.3,-5.67844112286106,-0.5));
#7821=CARTESIAN_POINT('Origin',(1.3,-5.67844112286106,0.));
#7822=CARTESIAN_POINT('',(1.3,-1.4974388130721,-0.5));
#7823=CARTESIAN_POINT('',(1.3,-8.20000000745058,-0.5));
#7824=CARTESIAN_POINT('',(1.3,-3.55672352923374,1.17658201343499));
#7825=CARTESIAN_POINT('',(1.30000060349694,-7.22704209774475,5.46716579996512));
#7826=CARTESIAN_POINT('',(1.30000060349694,-8.12899188240307,6.2));
#7827=CARTESIAN_POINT('Origin',(1.3,-7.03786431021641,5.7));
#7828=CARTESIAN_POINT('Origin',(32.500000603497,-8.05036797309461,5.22536796564404));
#7829=CARTESIAN_POINT('',(32.500000603497,-7.84644661685731,5.85355339059327));
#7830=CARTESIAN_POINT('',(32.200000603497,-7.63431458250134,5.64142135623731));
#7831=CARTESIAN_POINT('Origin',(32.500000603497,-7.63431458250134,5.64142135623731));
#7832=CARTESIAN_POINT('',(32.200000603497,-8.83591340904291,4.43982252969574));
#7833=CARTESIAN_POINT('',(32.200000603497,-8.05036797309461,5.22536796564404));
#7834=CARTESIAN_POINT('',(32.500000603497,-9.04804544339887,4.65195456405171));
#7835=CARTESIAN_POINT('Origin',(32.500000603497,-8.83591340904291,4.43982252969574));
#7836=CARTESIAN_POINT('',(32.500000603497,-8.26250000745058,5.4375));
#7837=CARTESIAN_POINT('Ctrl Pts',(32.500000603497,-7.84644661685731,5.85355339059327));
#7838=CARTESIAN_POINT('Ctrl Pts',(32.500000603497,-7.70000000745058,6.));
#7839=CARTESIAN_POINT('Ctrl Pts',(32.500000603497,-7.49289322626403,6.));
#7840=CARTESIAN_POINT('Ctrl Pts',(32.200000603497,-7.84644661685731,5.85355339059327));
#7841=CARTESIAN_POINT('Ctrl Pts',(32.200000603497,-7.70000000745058,6.));
#7842=CARTESIAN_POINT('Ctrl Pts',(32.200000603497,-7.49289322626403,6.));
#7843=CARTESIAN_POINT('Ctrl Pts',(32.200000603497,-7.63431458250134,5.64142135623731));
#7844=CARTESIAN_POINT('Ctrl Pts',(32.200000603497,-7.57573593873865,5.7));
#7845=CARTESIAN_POINT('Ctrl Pts',(32.200000603497,-7.49289322626403,5.7));
#7846=CARTESIAN_POINT('',(32.200000603497,-7.49289322626403,5.7));
#7847=CARTESIAN_POINT('Origin',(32.500000603497,-7.49289322626403,5.7));
#7848=CARTESIAN_POINT('Origin',(32.200000603497,-7.49289322626403,5.5));
#7849=CARTESIAN_POINT('Origin',(32.500000603497,-7.49289322626403,5.5));
#7850=CARTESIAN_POINT('Origin',(32.500000603497,4.90000010803342,5.7));
#7851=CARTESIAN_POINT('',(32.200000603497,-7.33786431021641,5.7));
#7852=CARTESIAN_POINT('Origin',(32.500000603497,-7.03786431021641,5.7));
#7853=CARTESIAN_POINT('',(32.200000603497,4.90000010803342,5.7));
#7854=CARTESIAN_POINT('Ctrl Pts',(32.200000603497,-8.83591340904291,4.43982252969574));
#7855=CARTESIAN_POINT('Ctrl Pts',(32.200000603497,-8.87326858793885,4.4024673507998));
#7856=CARTESIAN_POINT('Ctrl Pts',(32.200000603497,-8.89514202911998,4.35000787090114));
#7857=CARTESIAN_POINT('Ctrl Pts',(32.200000603497,-8.89514202911998,4.29717967028163));
#7858=CARTESIAN_POINT('Ctrl Pts',(32.200000603497,-8.89144944576989,4.49535856642272));
#7859=CARTESIAN_POINT('Ctrl Pts',(32.1999490365628,-8.94441651782696,4.44465028304876));
#7860=CARTESIAN_POINT('Ctrl Pts',(32.2000335763728,-8.97657618903281,4.37175424837931));
#7861=CARTESIAN_POINT('Ctrl Pts',(32.200000603497,-8.97746271596962,4.29717967028163));
#7862=CARTESIAN_POINT('Ctrl Pts',(32.2650445252885,-9.00205244522517,4.605961565878));
#7863=CARTESIAN_POINT('Ctrl Pts',(32.2678201475685,-9.08588771918379,4.52869945531702));
#7864=CARTESIAN_POINT('Ctrl Pts',(32.2702036235219,-9.13868964992927,4.41478308180873));
#7865=CARTESIAN_POINT('Ctrl Pts',(32.2718309142626,-9.14125217417455,4.29717967028163));
#7866=CARTESIAN_POINT('Ctrl Pts',(32.4214607871573,-9.04804544339888,4.6519545640517));
#7867=CARTESIAN_POINT('Ctrl Pts',(32.4293735822506,-9.14253052302596,4.56106248389606));
#7868=CARTESIAN_POINT('Ctrl Pts',(32.4360971133623,-9.19936059360977,4.43069667773847));
#7869=CARTESIAN_POINT('Ctrl Pts',(32.4405787693161,-9.20050368536707,4.29717967028163));
#7870=CARTESIAN_POINT('Ctrl Pts',(32.500000603497,-9.04804544339888,4.6519545640517));
#7871=CARTESIAN_POINT('Ctrl Pts',(32.5094906416788,-9.14061787721984,4.55938213023074));
#7872=CARTESIAN_POINT('Ctrl Pts',(32.5174235904575,-9.19468177823205,4.42885313242472));
#7873=CARTESIAN_POINT('Ctrl Pts',(32.5226642137464,-9.19428473882635,4.29717967028163));
#7874=CARTESIAN_POINT('',(32.200000603497,-8.89514202911998,4.29717967028163));
#7875=CARTESIAN_POINT('',(32.5226642137464,-9.19428473882635,4.29717967028163));
#7876=CARTESIAN_POINT('Origin',(32.500000603497,-8.89514202911998,4.29717967028163));
#7877=CARTESIAN_POINT('Ctrl Pts',(32.5226642137464,-9.19428473882635,4.29717967028163));
#7878=CARTESIAN_POINT('Ctrl Pts',(32.5174235904575,-9.19468177823205,4.42885313242472));
#7879=CARTESIAN_POINT('Ctrl Pts',(32.5094906416788,-9.14061787721984,4.55938213023074));
#7880=CARTESIAN_POINT('Ctrl Pts',(32.500000603497,-9.04804544339888,4.6519545640517));
#7881=CARTESIAN_POINT('Ctrl Pts',(32.200000603497,-8.83591340904291,4.43982252969574));
#7882=CARTESIAN_POINT('Ctrl Pts',(32.200000603497,-8.87326858793885,4.4024673507998));
#7883=CARTESIAN_POINT('Ctrl Pts',(32.200000603497,-8.89514202911998,4.35000787090114));
#7884=CARTESIAN_POINT('Ctrl Pts',(32.200000603497,-8.89514202911998,4.29717967028163));
#7885=CARTESIAN_POINT('Origin',(32.500000603497,-8.89514202911998,4.375));
#7886=CARTESIAN_POINT('',(32.5226642137464,-9.19428473882635,0.842413411585669));
#7887=CARTESIAN_POINT('',(32.200000603497,-8.89514202911998,1.35361293934448));
#7888=CARTESIAN_POINT('Ctrl Pts',(32.5226642137464,-9.19428473882635,0.842413411585654));
#7889=CARTESIAN_POINT('Ctrl Pts',(32.5219633327717,-9.19433783887768,0.841985751176164));
#7890=CARTESIAN_POINT('Ctrl Pts',(32.5212561093582,-9.19438867389625,0.841574522020507));
#7891=CARTESIAN_POINT('Ctrl Pts',(32.5143034005434,-9.19486872854615,0.837645627967797));
#7892=CARTESIAN_POINT('Ctrl Pts',(32.5076822870127,-9.19514202911998,0.835225392591853));
#7893=CARTESIAN_POINT('Ctrl Pts',(32.500000603497,-9.19514202911998,0.835225392591853));
#7894=CARTESIAN_POINT('Ctrl Pts',(32.4923189199814,-9.19514202911998,0.835225392591853));
#7895=CARTESIAN_POINT('Ctrl Pts',(32.4856978064507,-9.19486872854615,0.837645627967796));
#7896=CARTESIAN_POINT('Ctrl Pts',(32.4732116130854,-9.19400661057974,0.84470142911818));
#7897=CARTESIAN_POINT('Ctrl Pts',(32.4673348160441,-9.19341392629137,0.849315765870597));
#7898=CARTESIAN_POINT('Ctrl Pts',(32.4502061025162,-9.19120452354202,0.865011307584804));
#7899=CARTESIAN_POINT('Ctrl Pts',(32.4395492757307,-9.18914818855463,0.877699310546226));
#7900=CARTESIAN_POINT('Ctrl Pts',(32.3870490329901,-9.1765733737638,0.944068079273319));
#7901=CARTESIAN_POINT('Ctrl Pts',(32.3442696674846,-9.15498776518705,1.01333675895457));
#7902=CARTESIAN_POINT('Ctrl Pts',(32.2824219541332,-9.10504300553237,1.11940666306042));
#7903=CARTESIAN_POINT('Ctrl Pts',(32.2541475402367,-9.07283538389217,1.17261010445983));
#7904=CARTESIAN_POINT('Ctrl Pts',(32.212877724563,-8.9930147191398,1.27120850735378));
#7905=CARTESIAN_POINT('Ctrl Pts',(32.200000603497,-8.94533405883117,1.31659819012191));
#7906=CARTESIAN_POINT('Ctrl Pts',(32.200000603497,-8.89514202911998,1.35361293934448));
#7907=CARTESIAN_POINT('',(32.5226642137464,-9.19428473882635,4.375));
#7908=CARTESIAN_POINT('',(32.200000603497,-8.89514202911998,4.375));
#7909=CARTESIAN_POINT('Ctrl Pts',(33.4322336505307,-8.61421356982368,5.08578643762691));
#7910=CARTESIAN_POINT('Ctrl Pts',(33.1812882586591,-8.86515896169522,4.83484104575537));
#7911=CARTESIAN_POINT('Ctrl Pts',(32.83876775968,-9.02245662265403,4.67754338479655));
#7912=CARTESIAN_POINT('Ctrl Pts',(32.4848915299975,-9.04926694657568,4.6507330608749));
#7913=CARTESIAN_POINT('Ctrl Pts',(33.513665385779,-8.65492943744786,5.04507057000272));
#7914=CARTESIAN_POINT('Ctrl Pts',(33.2391974244024,-8.91327704690501,4.7864845912221));
#7915=CARTESIAN_POINT('Ctrl Pts',(32.8717871159853,-9.07455799938685,4.62545552262018));
#7916=CARTESIAN_POINT('Ctrl Pts',(32.492889185831,-9.10204848515268,4.5979515222979));
#7917=CARTESIAN_POINT('Ctrl Pts',(33.6558662909356,-8.68793719274604,4.93587742014438));
#7918=CARTESIAN_POINT('Ctrl Pts',(33.3406577877321,-8.96992336522437,4.67442905135179));
#7919=CARTESIAN_POINT('Ctrl Pts',(32.9295081610337,-9.14336236701691,4.51207244705201));
#7920=CARTESIAN_POINT('Ctrl Pts',(32.5068754737484,-9.17305229649111,4.4843467906759));
#7921=CARTESIAN_POINT('Ctrl Pts',(33.7552501404058,-8.64475047054182,4.79330684846991));
#7922=CARTESIAN_POINT('Ctrl Pts',(33.4221890665058,-8.96331969304223,4.5392275810547));
#7923=CARTESIAN_POINT('Ctrl Pts',(32.9771236349621,-9.16086180628627,4.38040733611228));
#7924=CARTESIAN_POINT('Ctrl Pts',(32.5184349366043,-9.19460515675958,4.35332338425898));
#7925=CARTESIAN_POINT('Ctrl Pts',(33.7857870411239,-8.61421356982368,4.73223304703363));
#7926=CARTESIAN_POINT('Ctrl Pts',(33.4511931852952,-8.94880742565239,4.48128765516209));
#7927=CARTESIAN_POINT('Ctrl Pts',(32.9944991866564,-9.15853764026415,4.32398999420328));
#7928=CARTESIAN_POINT('Ctrl Pts',(32.5226642137464,-9.19428473882635,4.29717967028163));
#7929=CARTESIAN_POINT('',(33.7857870411239,-8.61421356982368,4.73223304703363));
#7930=CARTESIAN_POINT('Origin',(32.3715734787508,-7.20000000745058,5.79289321881345));
#7931=CARTESIAN_POINT('',(33.4322336505306,-8.61421356982368,5.0857864376269));
#7932=CARTESIAN_POINT('Origin',(33.4322336505306,-8.2606601792304,4.73223304703363));
#7933=CARTESIAN_POINT('Origin',(32.3715734787508,-7.55355339804385,6.14644660940673));
#7934=CARTESIAN_POINT('Origin',(32.3715734787508,-7.20000000745058,4.375));
#7935=CARTESIAN_POINT('',(32.3715734787508,-9.20000000745058,0.75));
#7936=CARTESIAN_POINT('Ctrl Pts',(32.3715734787508,-9.20000000745058,0.75));
#7937=CARTESIAN_POINT('Ctrl Pts',(32.4213968967981,-9.20000000745058,0.780510487864278));
#7938=CARTESIAN_POINT('Ctrl Pts',(32.4718475884047,-9.19813470124749,0.811406351059932));
#7939=CARTESIAN_POINT('Ctrl Pts',(32.5226642137463,-9.19428473882635,0.842413411585675));
#7940=CARTESIAN_POINT('',(32.3715734787508,-9.20000000745058,-5.55111512312578E-16));
#7941=CARTESIAN_POINT('',(32.3715734787508,-9.20000000745058,4.375));
#7942=CARTESIAN_POINT('',(33.7857870411239,-8.61421356982368,0.));
#7943=CARTESIAN_POINT('Origin',(32.3715734787508,-7.20000000745058,0.));
#7944=CARTESIAN_POINT('',(33.7857870411239,-8.61421356982368,4.375));
#7945=CARTESIAN_POINT('Origin',(-1.7,-9.20000000745058,6.));
#7946=CARTESIAN_POINT('',(1.12842712474619,-9.20000000745058,0.75));
#7947=CARTESIAN_POINT('',(15.2500003017485,-9.20000000745058,0.75));
#7948=CARTESIAN_POINT('',(1.12842712474619,-9.20000000745058,0.));
#7949=CARTESIAN_POINT('',(1.12842712474619,-9.20000000745058,4.375));
#7950=CARTESIAN_POINT('',(9.27500015087426,-9.20000000745058,-5.55111512312578E-16));
#7951=CARTESIAN_POINT('Origin',(32.200000603497,-5.20000000745058,2.75));
#7952=CARTESIAN_POINT('',(32.2000006034969,-7.22704209774475,5.46716579996512));
#7953=CARTESIAN_POINT('Origin',(32.200000603497,-7.03786431021641,5.7));
#7954=CARTESIAN_POINT('',(32.2000006034969,-8.12899188240307,6.2));
#7955=CARTESIAN_POINT('',(32.200000603497,-1.4974388130721,-0.5));
#7956=CARTESIAN_POINT('',(32.200000603497,-3.55672352923374,1.17658201343499));
#7957=CARTESIAN_POINT('',(32.200000603497,-5.67844112286106,-0.5));
#7958=CARTESIAN_POINT('',(32.2000006034969,4.95064040662804,-0.5));
#7959=CARTESIAN_POINT('',(32.200000603497,-5.28189338209826,0.304548664905829));
#7960=CARTESIAN_POINT('Origin',(32.200000603497,-5.67844112286106,0.));
#7961=CARTESIAN_POINT('',(32.200000603497,-5.9748400694221,1.20682299735874));
#7962=CARTESIAN_POINT('',(32.200000603497,-5.54842044141057,0.651589106718728));
#7963=CARTESIAN_POINT('',(32.200000603497,-6.56966168056629,1.5));
#7964=CARTESIAN_POINT('Origin',(32.200000603497,-6.56966168056629,0.75));
#7965=CARTESIAN_POINT('',(32.200000603497,-8.45000000745058,1.5));
#7966=CARTESIAN_POINT('',(32.200000603497,-6.70000000745058,1.5));
#7967=CARTESIAN_POINT('Origin',(32.200000603497,-8.45000000745058,0.75));
#7968=CARTESIAN_POINT('Origin',(0.999999999999999,38.0503684201295,5.22536796564404));
#7969=CARTESIAN_POINT('',(0.999999999999999,37.8464470638921,5.85355339059328));
#7970=CARTESIAN_POINT('',(1.3,37.6343150295362,5.64142135623731));
#7971=CARTESIAN_POINT('Origin',(0.999999999999999,37.6343150295362,5.64142135623731));
#7972=CARTESIAN_POINT('',(1.3,38.8359138560778,4.43982252969575));
#7973=CARTESIAN_POINT('',(1.3,38.0503684201295,5.22536796564404));
#7974=CARTESIAN_POINT('',(0.999999999999999,39.0480458904337,4.65195456405171));
#7975=CARTESIAN_POINT('Origin',(0.999999999999999,38.8359138560778,4.43982252969575));
#7976=CARTESIAN_POINT('',(0.999999999999999,38.2625004544854,5.4375));
#7977=CARTESIAN_POINT('Ctrl Pts',(0.999999999999999,37.8464470638921,5.85355339059327));
#7978=CARTESIAN_POINT('Ctrl Pts',(0.999999999999999,37.7000004544854,6.));
#7979=CARTESIAN_POINT('Ctrl Pts',(0.999999999999999,37.4928936732989,6.));
#7980=CARTESIAN_POINT('Ctrl Pts',(1.3,37.8464470638921,5.85355339059327));
#7981=CARTESIAN_POINT('Ctrl Pts',(1.3,37.7000004544854,6.));
#7982=CARTESIAN_POINT('Ctrl Pts',(1.3,37.4928936732989,6.));
#7983=CARTESIAN_POINT('Ctrl Pts',(1.3,37.6343150295362,5.64142135623731));
#7984=CARTESIAN_POINT('Ctrl Pts',(1.3,37.5757363857735,5.7));
#7985=CARTESIAN_POINT('Ctrl Pts',(1.3,37.4928936732989,5.7));
#7986=CARTESIAN_POINT('',(1.3,37.4928936732989,5.7));
#7987=CARTESIAN_POINT('Origin',(0.999999999999999,37.4928936732989,5.7));
#7988=CARTESIAN_POINT('Origin',(1.3,37.4928936732989,5.5));
#7989=CARTESIAN_POINT('Origin',(0.999999999999999,37.4928936732989,5.5));
#7990=CARTESIAN_POINT('Origin',(0.999999999999999,25.1000003390014,5.7));
#7991=CARTESIAN_POINT('',(1.3,37.3378647572513,5.7));
#7992=CARTESIAN_POINT('Origin',(0.999999999999999,37.0378647572513,5.7));
#7993=CARTESIAN_POINT('',(1.3,25.1000003390014,5.7));
#7994=CARTESIAN_POINT('Ctrl Pts',(1.3,38.8359138560778,4.43982252969575));
#7995=CARTESIAN_POINT('Ctrl Pts',(1.3,38.8732690349737,4.40246735079979));
#7996=CARTESIAN_POINT('Ctrl Pts',(1.3,38.8951424761548,4.35000787090115));
#7997=CARTESIAN_POINT('Ctrl Pts',(1.3,38.8951424761548,4.29717967028163));
#7998=CARTESIAN_POINT('Ctrl Pts',(1.3,38.8914498928047,4.49535856642273));
#7999=CARTESIAN_POINT('Ctrl Pts',(1.30005156693427,38.9444169648618,4.44465028304876));
#8000=CARTESIAN_POINT('Ctrl Pts',(1.2999670271242,38.9765766360677,4.37175424837931));
#8001=CARTESIAN_POINT('Ctrl Pts',(1.3,38.9774631630045,4.29717967028163));
#8002=CARTESIAN_POINT('Ctrl Pts',(1.23495811377806,39.002054331625,4.60596300524302));
#8003=CARTESIAN_POINT('Ctrl Pts',(1.23218249149802,39.0858896055837,4.52870089468201));
#8004=CARTESIAN_POINT('Ctrl Pts',(1.22979931725169,39.1386926180153,4.41478308180874));
#8005=CARTESIAN_POINT('Ctrl Pts',(1.228172026511,39.1412551422606,4.29717967028163));
#8006=CARTESIAN_POINT('Ctrl Pts',(1.07853981633974,39.0480458904337,4.65195456405171));
#8007=CARTESIAN_POINT('Ctrl Pts',(1.07062702124644,39.1425309700608,4.56106248389605));
#8008=CARTESIAN_POINT('Ctrl Pts',(1.06390349013469,39.1993610406446,4.43069667773848));
#8009=CARTESIAN_POINT('Ctrl Pts',(1.05942183418097,39.2005041324019,4.29717967028163));
#8010=CARTESIAN_POINT('Ctrl Pts',(0.999999999999999,39.0480458904337,4.65195456405171));
#8011=CARTESIAN_POINT('Ctrl Pts',(0.990509961818209,39.1406183242547,4.55938213023072));
#8012=CARTESIAN_POINT('Ctrl Pts',(0.982577013039479,39.1946822252669,4.42885313242472));
#8013=CARTESIAN_POINT('Ctrl Pts',(0.977336389750671,39.1942851858612,4.29717967028163));
#8014=CARTESIAN_POINT('',(1.3,38.8951424761548,4.29717967028163));
#8015=CARTESIAN_POINT('',(0.977336389750671,39.1942851858612,4.29717967028163));
#8016=CARTESIAN_POINT('Origin',(0.999999999999999,38.8951424761548,4.29717967028163));
#8017=CARTESIAN_POINT('Ctrl Pts',(0.977336389750671,39.1942851858612,4.29717967028163));
#8018=CARTESIAN_POINT('Ctrl Pts',(0.982577013039479,39.1946822252669,4.42885313242472));
#8019=CARTESIAN_POINT('Ctrl Pts',(0.990509961818209,39.1406183242547,4.55938213023072));
#8020=CARTESIAN_POINT('Ctrl Pts',(0.999999999999999,39.0480458904337,4.65195456405171));
#8021=CARTESIAN_POINT('Ctrl Pts',(1.3,38.8359138560778,4.43982252969575));
#8022=CARTESIAN_POINT('Ctrl Pts',(1.3,38.8732690349737,4.40246735079979));
#8023=CARTESIAN_POINT('Ctrl Pts',(1.3,38.8951424761548,4.35000787090115));
#8024=CARTESIAN_POINT('Ctrl Pts',(1.3,38.8951424761548,4.29717967028163));
#8025=CARTESIAN_POINT('Origin',(0.999999999999998,38.8951424761548,-0.5));
#8026=CARTESIAN_POINT('',(0.97733638975067,39.1942851858612,0.84241341158566));
#8027=CARTESIAN_POINT('',(1.3,38.8951424761548,1.35361293934448));
#8028=CARTESIAN_POINT('Ctrl Pts',(0.977336389750685,39.1942851858612,0.842413411585682));
#8029=CARTESIAN_POINT('Ctrl Pts',(0.980447678675853,39.1945209029196,0.84051497926423));
#8030=CARTESIAN_POINT('Ctrl Pts',(0.983652841815186,39.1947157508981,0.83888731272503));
#8031=CARTESIAN_POINT('Ctrl Pts',(0.991026249862382,39.1950350087666,0.836170915767745));
#8032=CARTESIAN_POINT('Ctrl Pts',(0.995261110736708,39.1951424761548,0.835225392591892));
#8033=CARTESIAN_POINT('Ctrl Pts',(0.999999999999999,39.1951424761548,0.835225392591892));
#8034=CARTESIAN_POINT('Ctrl Pts',(1.00768168351564,39.1951424761548,0.835225392591892));
#8035=CARTESIAN_POINT('Ctrl Pts',(1.01430279704635,39.194869175581,0.837645627967825));
#8036=CARTESIAN_POINT('Ctrl Pts',(1.02678899041164,39.1940070576146,0.844701429118206));
#8037=CARTESIAN_POINT('Ctrl Pts',(1.0326657874529,39.1934143733262,0.849315765870626));
#8038=CARTESIAN_POINT('Ctrl Pts',(1.04979450098079,39.1912049705768,0.865011307584833));
#8039=CARTESIAN_POINT('Ctrl Pts',(1.06045132776632,39.1891486355895,0.87769931054624));
#8040=CARTESIAN_POINT('Ctrl Pts',(1.11295157050691,39.1765738207986,0.944068079273329));
#8041=CARTESIAN_POINT('Ctrl Pts',(1.15573093601244,39.1549882122219,1.01333675895458));
#8042=CARTESIAN_POINT('Ctrl Pts',(1.21757864936385,39.1050434525672,1.11940666306042));
#8043=CARTESIAN_POINT('Ctrl Pts',(1.24585306326035,39.072835830927,1.17261010445983));
#8044=CARTESIAN_POINT('Ctrl Pts',(1.28712287893399,38.9930151661746,1.27120850735378));
#8045=CARTESIAN_POINT('Ctrl Pts',(1.3,38.945334505866,1.31659819012192));
#8046=CARTESIAN_POINT('Ctrl Pts',(1.3,38.8951424761548,1.35361293934448));
#8047=CARTESIAN_POINT('',(0.97733638975067,39.1942851858612,-0.5));
#8048=CARTESIAN_POINT('',(1.3,38.8951424761548,-0.5));
#8049=CARTESIAN_POINT('Ctrl Pts',(0.067766952966366,38.6142140168585,5.08578643762691));
#8050=CARTESIAN_POINT('Ctrl Pts',(0.318712344837905,38.8651594087301,4.83484104575537));
#8051=CARTESIAN_POINT('Ctrl Pts',(0.661232843817,39.0224570696889,4.67754338479655));
#8052=CARTESIAN_POINT('Ctrl Pts',(1.01510907349955,39.0492673936105,4.6507330608749));
#8053=CARTESIAN_POINT('Ctrl Pts',(-0.0136647822820067,38.6549298844827,
5.04507057000273));
#8054=CARTESIAN_POINT('Ctrl Pts',(0.260803179094634,38.9132774939399,4.7864845912221));
#8055=CARTESIAN_POINT('Ctrl Pts',(0.628213487511763,39.0745584464217,4.62545552262018));
#8056=CARTESIAN_POINT('Ctrl Pts',(1.00711141766603,39.1020489321875,4.59795152229791));
#8057=CARTESIAN_POINT('Ctrl Pts',(-0.155866284232784,38.6879387235585,4.93587790712776));
#8058=CARTESIAN_POINT('Ctrl Pts',(0.159342218970699,38.9699248960368,4.67442953833518));
#8059=CARTESIAN_POINT('Ctrl Pts',(0.570492422821856,39.1433632223149,4.51207259606267));
#8060=CARTESIAN_POINT('Ctrl Pts',(0.993125110107158,39.1730531517891,4.48434693968657));
#8061=CARTESIAN_POINT('Ctrl Pts',(-0.255249536908769,38.6447509175767,4.79330684846992));
#8062=CARTESIAN_POINT('Ctrl Pts',(0.0778115369912426,38.9633201400771,4.5392275810547));
#8063=CARTESIAN_POINT('Ctrl Pts',(0.522876968534891,39.1608622533211,4.38040733611228));
#8064=CARTESIAN_POINT('Ctrl Pts',(0.981565666892737,39.1946056037944,4.35332338425898));
#8065=CARTESIAN_POINT('Ctrl Pts',(-0.285786437626909,38.6142140168585,4.73223304703364));
#8066=CARTESIAN_POINT('Ctrl Pts',(0.0488074182018099,38.9488078726872,4.4812876551621));
#8067=CARTESIAN_POINT('Ctrl Pts',(0.505501416840604,39.158538087299,4.32398999420328));
#8068=CARTESIAN_POINT('Ctrl Pts',(0.977336389750671,39.1942851858612,4.29717967028163));
#8069=CARTESIAN_POINT('',(-0.285786437626905,38.6142140168585,4.73223304703364));
#8070=CARTESIAN_POINT('Origin',(1.12842712474619,37.2000004544854,5.79289321881346));
#8071=CARTESIAN_POINT('',(0.0677669529663677,38.6142140168585,5.08578643762691));
#8072=CARTESIAN_POINT('Origin',(0.0677669529663677,38.2606606262652,4.73223304703364));
#8073=CARTESIAN_POINT('Origin',(1.12842712474619,37.5535538450787,6.14644660940673));
#8074=CARTESIAN_POINT('Origin',(1.12842712474619,37.2000004544854,-0.5));
#8075=CARTESIAN_POINT('',(1.12842712474619,39.2000004544854,0.75));
#8076=CARTESIAN_POINT('Ctrl Pts',(1.12842712474619,39.2000004544854,0.75));
#8077=CARTESIAN_POINT('Ctrl Pts',(1.07860370669895,39.2000004544854,0.780510487864278));
#8078=CARTESIAN_POINT('Ctrl Pts',(1.02815301509228,39.1981351482823,0.811406351059913));
#8079=CARTESIAN_POINT('Ctrl Pts',(0.97733638975067,39.1942851858612,0.84241341158566));
#8080=CARTESIAN_POINT('',(1.12842712474619,39.2000004544854,0.));
#8081=CARTESIAN_POINT('',(1.12842712474619,39.2000004544854,-0.5));
#8082=CARTESIAN_POINT('',(-0.285786437626905,38.6142140168585,0.));
#8083=CARTESIAN_POINT('Origin',(1.12842712474619,37.2000004544854,0.));
#8084=CARTESIAN_POINT('',(-0.285786437626905,38.6142140168585,-0.5));
#8085=CARTESIAN_POINT('Origin',(-1.7,39.2000004544854,-0.5));
#8086=CARTESIAN_POINT('',(32.3715734787508,39.2000004544854,0.75));
#8087=CARTESIAN_POINT('',(15.2500003017485,39.2000004544854,0.75));
#8088=CARTESIAN_POINT('',(32.3715734787508,39.2000004544854,0.));
#8089=CARTESIAN_POINT('',(32.3715734787508,39.2000004544854,-0.5));
#8090=CARTESIAN_POINT('',(9.27500015087426,39.2000004544854,0.));
#8091=CARTESIAN_POINT('Origin',(1.3,35.2000004544854,2.75));
#8092=CARTESIAN_POINT('',(1.30000060349694,37.2270425447796,5.46716579996512));
#8093=CARTESIAN_POINT('Origin',(1.3,37.0378647572513,5.7));
#8094=CARTESIAN_POINT('',(1.30000060349694,33.8551535389972,2.7275059827669));
#8095=CARTESIAN_POINT('',(1.3,31.4974392601069,-0.5));
#8096=CARTESIAN_POINT('',(1.3,33.5567239762686,1.176582013435));
#8097=CARTESIAN_POINT('',(1.3,35.6784415698959,-0.5));
#8098=CARTESIAN_POINT('',(1.30000060349694,25.0493600404068,-0.5));
#8099=CARTESIAN_POINT('',(1.3,35.2818938291331,0.304548664905826));
#8100=CARTESIAN_POINT('Origin',(1.3,35.6784415698959,0.));
#8101=CARTESIAN_POINT('',(1.3,35.9748405164569,1.20682299735874));
#8102=CARTESIAN_POINT('',(1.3,36.3164208884454,1.65158910671873));
#8103=CARTESIAN_POINT('',(1.3,36.5696621276011,1.5));
#8104=CARTESIAN_POINT('Origin',(1.3,36.5696621276011,0.75));
#8105=CARTESIAN_POINT('',(1.3,38.4500004544854,1.5));
#8106=CARTESIAN_POINT('',(1.3,35.7000004544854,1.5));
#8107=CARTESIAN_POINT('Origin',(1.3,38.4500004544854,0.75));
#8108=CARTESIAN_POINT('Origin',(32.500000603497,38.0503684201295,5.22536796564404));
#8109=CARTESIAN_POINT('',(32.200000603497,37.6343150295362,5.64142135623731));
#8110=CARTESIAN_POINT('',(32.500000603497,37.8464470638921,5.85355339059328));
#8111=CARTESIAN_POINT('Origin',(32.500000603497,37.6343150295362,5.64142135623731));
#8112=CARTESIAN_POINT('',(32.500000603497,39.0480458904337,4.65195456405171));
#8113=CARTESIAN_POINT('',(32.500000603497,38.2625004544854,5.4375));
#8114=CARTESIAN_POINT('',(32.200000603497,38.8359138560778,4.43982252969575));
#8115=CARTESIAN_POINT('Origin',(32.500000603497,38.8359138560778,4.43982252969575));
#8116=CARTESIAN_POINT('',(32.200000603497,38.0503684201295,5.22536796564404));
#8117=CARTESIAN_POINT('Ctrl Pts',(32.200000603497,37.6343150295362,5.64142135623731));
#8118=CARTESIAN_POINT('Ctrl Pts',(32.200000603497,37.5757363857735,5.7));
#8119=CARTESIAN_POINT('Ctrl Pts',(32.200000603497,37.4928936732989,5.7));
#8120=CARTESIAN_POINT('Ctrl Pts',(32.200000603497,37.8464470638921,5.85355339059327));
#8121=CARTESIAN_POINT('Ctrl Pts',(32.200000603497,37.7000004544854,6.));
#8122=CARTESIAN_POINT('Ctrl Pts',(32.200000603497,37.4928936732989,6.));
#8123=CARTESIAN_POINT('Ctrl Pts',(32.500000603497,37.8464470638921,5.85355339059327));
#8124=CARTESIAN_POINT('Ctrl Pts',(32.500000603497,37.7000004544854,6.));
#8125=CARTESIAN_POINT('Ctrl Pts',(32.500000603497,37.4928936732989,6.));
#8126=CARTESIAN_POINT('',(32.200000603497,37.4928936732989,5.7));
#8127=CARTESIAN_POINT('Origin',(32.500000603497,37.4928936732989,5.7));
#8128=CARTESIAN_POINT('Origin',(32.500000603497,37.4928936732989,5.5));
#8129=CARTESIAN_POINT('Origin',(32.200000603497,37.4928936732989,5.5));
#8130=CARTESIAN_POINT('Origin',(32.500000603497,25.1000003390014,5.7));
#8131=CARTESIAN_POINT('',(32.200000603497,37.3378647572513,5.7));
#8132=CARTESIAN_POINT('Origin',(32.500000603497,37.0378647572513,5.7));
#8133=CARTESIAN_POINT('',(32.200000603497,25.1000003390014,5.7));
#8134=CARTESIAN_POINT('Ctrl Pts',(32.200000603497,38.8951424761548,4.29717967028163));
#8135=CARTESIAN_POINT('Ctrl Pts',(32.200000603497,38.8951424761548,4.35000787090115));
#8136=CARTESIAN_POINT('Ctrl Pts',(32.200000603497,38.8732690349737,4.4024673507998));
#8137=CARTESIAN_POINT('Ctrl Pts',(32.200000603497,38.8359138560778,4.43982252969575));
#8138=CARTESIAN_POINT('Ctrl Pts',(32.200000603497,38.9774631630045,4.29717967028163));
#8139=CARTESIAN_POINT('Ctrl Pts',(32.2000335763728,38.9765766360677,4.37175424837931));
#8140=CARTESIAN_POINT('Ctrl Pts',(32.1999490365628,38.9444169648618,4.44465028304877));
#8141=CARTESIAN_POINT('Ctrl Pts',(32.200000603497,38.8914498928047,4.49535856642273));
#8142=CARTESIAN_POINT('Ctrl Pts',(32.2718639384302,39.1412170004277,4.29717967028163));
#8143=CARTESIAN_POINT('Ctrl Pts',(32.2702366476895,39.1386544761824,4.41478308180874));
#8144=CARTESIAN_POINT('Ctrl Pts',(32.2678489088156,39.0858678289458,4.52867911804421));
#8145=CARTESIAN_POINT('Ctrl Pts',(32.2650732865355,39.0020325549872,4.60594122860519));
#8146=CARTESIAN_POINT('Ctrl Pts',(32.4405787693161,39.2005041324019,4.29717967028163));
#8147=CARTESIAN_POINT('Ctrl Pts',(32.4360971133623,39.1993610406446,4.43069667773848));
#8148=CARTESIAN_POINT('Ctrl Pts',(32.4293735822506,39.1425309700608,4.56106248389607));
#8149=CARTESIAN_POINT('Ctrl Pts',(32.4214607871573,39.0480458904337,4.65195456405171));
#8150=CARTESIAN_POINT('Ctrl Pts',(32.5226642137464,39.1942851858612,4.29717967028163));
#8151=CARTESIAN_POINT('Ctrl Pts',(32.5174235904575,39.1946822252669,4.42885313242472));
#8152=CARTESIAN_POINT('Ctrl Pts',(32.5094906416788,39.1406183242547,4.55938213023074));
#8153=CARTESIAN_POINT('Ctrl Pts',(32.500000603497,39.0480458904337,4.65195456405171));
#8154=CARTESIAN_POINT('',(32.5226642137464,39.1942851858612,4.29717967028163));
#8155=CARTESIAN_POINT('Ctrl Pts',(32.500000603497,39.0480458904337,4.65195456405171));
#8156=CARTESIAN_POINT('Ctrl Pts',(32.5094906416788,39.1406183242547,4.55938213023074));
#8157=CARTESIAN_POINT('Ctrl Pts',(32.5174235904575,39.1946822252669,4.42885313242472));
#8158=CARTESIAN_POINT('Ctrl Pts',(32.5226642137464,39.1942851858612,4.29717967028163));
#8159=CARTESIAN_POINT('',(32.200000603497,38.8951424761548,4.29717967028163));
#8160=CARTESIAN_POINT('Origin',(32.500000603497,38.8951424761548,4.29717967028163));
#8161=CARTESIAN_POINT('Ctrl Pts',(32.200000603497,38.8951424761548,4.29717967028163));
#8162=CARTESIAN_POINT('Ctrl Pts',(32.200000603497,38.8951424761548,4.35000787090115));
#8163=CARTESIAN_POINT('Ctrl Pts',(32.200000603497,38.8732690349737,4.4024673507998));
#8164=CARTESIAN_POINT('Ctrl Pts',(32.200000603497,38.8359138560778,4.43982252969575));
#8165=CARTESIAN_POINT('Origin',(32.500000603497,38.8951424761548,-0.5));
#8166=CARTESIAN_POINT('',(32.5226642137463,39.1942851858612,0.84241341158566));
#8167=CARTESIAN_POINT('',(32.200000603497,38.8951424761548,1.35361293934448));
#8168=CARTESIAN_POINT('Ctrl Pts',(32.200000603497,38.8951424761548,1.35361293934448));
#8169=CARTESIAN_POINT('Ctrl Pts',(32.200000603497,38.945334505866,1.31659819012192));
#8170=CARTESIAN_POINT('Ctrl Pts',(32.212877724563,38.9930151661746,1.27120850735378));
#8171=CARTESIAN_POINT('Ctrl Pts',(32.2541475402367,39.072835830927,1.17261010445983));
#8172=CARTESIAN_POINT('Ctrl Pts',(32.2824219541332,39.1050434525672,1.11940666306043));
#8173=CARTESIAN_POINT('Ctrl Pts',(32.3442696674846,39.1549882122219,1.01333675895458));
#8174=CARTESIAN_POINT('Ctrl Pts',(32.3870490329901,39.1765738207986,0.94406807927333));
#8175=CARTESIAN_POINT('Ctrl Pts',(32.4395492757307,39.1891486355895,0.87769931054624));
#8176=CARTESIAN_POINT('Ctrl Pts',(32.4502061025162,39.1912049705768,0.865011307584831));
#8177=CARTESIAN_POINT('Ctrl Pts',(32.4673348160441,39.1934143733262,0.849315765870626));
#8178=CARTESIAN_POINT('Ctrl Pts',(32.4732116130854,39.1940070576146,0.844701429118207));
#8179=CARTESIAN_POINT('Ctrl Pts',(32.4856978064507,39.194869175581,0.837645627967825));
#8180=CARTESIAN_POINT('Ctrl Pts',(32.4923189199814,39.1951424761548,0.835225392591892));
#8181=CARTESIAN_POINT('Ctrl Pts',(32.5076822870127,39.1951424761548,0.835225392591892));
#8182=CARTESIAN_POINT('Ctrl Pts',(32.5143034005434,39.194869175581,0.837645627967821));
#8183=CARTESIAN_POINT('Ctrl Pts',(32.5212561093582,39.1943891209311,0.841574522020527));
#8184=CARTESIAN_POINT('Ctrl Pts',(32.5219633327717,39.1943382859125,0.841985751176184));
#8185=CARTESIAN_POINT('Ctrl Pts',(32.5226642137463,39.1942851858612,0.842413411585666));
#8186=CARTESIAN_POINT('',(32.200000603497,38.8951424761548,-0.5));
#8187=CARTESIAN_POINT('',(32.5226642137463,39.1942851858612,-0.5));
#8188=CARTESIAN_POINT('Origin',(7.52500015087425,38.4500004544854,5.25));
#8189=CARTESIAN_POINT('',(33.8464472129037,37.8464470638921,5.85355339059328));
#8190=CARTESIAN_POINT('',(12.1375002263114,37.8464470638921,5.85355339059328));
#8191=CARTESIAN_POINT('',(33.950000603497,38.0964470638922,5.60355339059327));
#8192=CARTESIAN_POINT('Origin',(33.5964472129037,38.0964470638921,5.60355339059327));
#8193=CARTESIAN_POINT('',(33.4322336505307,38.6142140168585,5.08578643762691));
#8194=CARTESIAN_POINT('',(28.4351316009977,43.6113160663915,0.0886843880939649));
#8195=CARTESIAN_POINT('Origin',(32.3715734787508,37.5535538450787,6.14644660940673));
#8196=CARTESIAN_POINT('Origin',(12.1375002263114,37.4928936732989,5.5));
#8197=CARTESIAN_POINT('Origin',(33.8464472129037,37.4928936732989,5.5));
#8198=CARTESIAN_POINT('Origin',(32.200000603497,35.2000004544854,2.75));
#8199=CARTESIAN_POINT('',(32.200000603497,38.4500004544854,1.5));
#8200=CARTESIAN_POINT('Origin',(32.200000603497,38.4500004544854,0.75));
#8201=CARTESIAN_POINT('',(32.200000603497,36.5696621276011,1.5));
#8202=CARTESIAN_POINT('',(32.200000603497,35.7000004544854,1.5));
#8203=CARTESIAN_POINT('',(32.200000603497,35.9748405164569,1.20682299735874));
#8204=CARTESIAN_POINT('Origin',(32.200000603497,36.5696621276011,0.75));
#8205=CARTESIAN_POINT('',(32.200000603497,35.2818938291331,0.304548664905825));
#8206=CARTESIAN_POINT('',(32.200000603497,36.3164208884454,1.65158910671873));
#8207=CARTESIAN_POINT('',(32.200000603497,35.6784415698959,-0.5));
#8208=CARTESIAN_POINT('Origin',(32.200000603497,35.6784415698959,0.));
#8209=CARTESIAN_POINT('',(32.200000603497,31.4974392601069,-0.5));
#8210=CARTESIAN_POINT('',(32.200000603497,38.2000004544854,-0.5));
#8211=CARTESIAN_POINT('',(32.200000603497,33.5567239762686,1.176582013435));
#8212=CARTESIAN_POINT('',(32.2000006034969,37.2270425447796,5.46716579996512));
#8213=CARTESIAN_POINT('',(32.2000006034969,33.8551535389972,2.7275059827669));
#8214=CARTESIAN_POINT('Origin',(32.200000603497,37.0378647572513,5.7));
#8215=CARTESIAN_POINT('Origin',(16.7500003017485,37.0378647572513,5.7));
#8216=CARTESIAN_POINT('',(16.7500003017485,37.2270425447796,5.46716579996512));
#8217=CARTESIAN_POINT('Origin',(12.1375002263114,37.4928936732989,5.5));
#8218=CARTESIAN_POINT('',(-0.346446609406717,37.8464470638921,5.85355339059327));
#8219=CARTESIAN_POINT('',(12.1375002263114,37.8464470638921,5.85355339059328));
#8220=CARTESIAN_POINT('Origin',(-0.346446609406717,37.4928936732989,5.5));
#8221=CARTESIAN_POINT('Origin',(16.7500003017485,-7.03786431021641,5.7));
#8222=CARTESIAN_POINT('',(16.7500003017485,-7.22704209774475,5.46716579996512));
#8223=CARTESIAN_POINT('Origin',(12.1375002263114,-7.49289322626403,5.5));
#8224=CARTESIAN_POINT('',(33.8464472129038,-7.84644661685731,5.85355339059327));
#8225=CARTESIAN_POINT('',(12.1375002263114,-7.84644661685731,5.85355339059327));
#8226=CARTESIAN_POINT('Origin',(33.8464472129038,-7.49289322626403,5.5));
#8227=CARTESIAN_POINT('Ctrl Pts',(33.950000603497,38.0964470638922,5.60355339059327));
#8228=CARTESIAN_POINT('Ctrl Pts',(34.0061004723111,38.040347195078,5.65965325940738));
#8229=CARTESIAN_POINT('Ctrl Pts',(34.0529072126799,37.9471866093669,5.75281384511854));
#8230=CARTESIAN_POINT('Ctrl Pts',(33.9878310659945,37.8635525434206,5.83644791106484));
#8231=CARTESIAN_POINT('Ctrl Pts',(33.8993386764532,37.8464470638921,5.85355339059327));
#8232=CARTESIAN_POINT('Ctrl Pts',(33.8464472129037,37.8464470638921,5.85355339059327));
#8233=CARTESIAN_POINT('Ctrl Pts',(34.0314323387454,38.1371629315163,5.56283752296908));
#8234=CARTESIAN_POINT('Ctrl Pts',(34.081845149099,38.0651274975033,5.63455322635846));
#8235=CARTESIAN_POINT('Ctrl Pts',(34.1138916516871,37.9474839343912,5.75237344933884));
#8236=CARTESIAN_POINT('Ctrl Pts',(34.0194815993563,37.8332031685919,5.86661770590705));
#8237=CARTESIAN_POINT('Ctrl Pts',(33.9105317257664,37.8006493385726,5.89927175771314));
#8238=CARTESIAN_POINT('Ctrl Pts',(33.8464472129037,37.7935556003426,5.90644485414278));
#8239=CARTESIAN_POINT('Ctrl Pts',(34.1736287039135,38.1701624422011,5.45364066848576));
#8240=CARTESIAN_POINT('Ctrl Pts',(34.2144915593067,38.0847376592551,5.56661331155957));
#8241=CARTESIAN_POINT('Ctrl Pts',(34.2206406195876,37.9382659905908,5.74186601663648));
#8242=CARTESIAN_POINT('Ctrl Pts',(34.0749225123537,37.7723054930838,5.91157618367322));
#8243=CARTESIAN_POINT('Ctrl Pts',(33.9300967568966,37.7052642076528,5.96405766854714));
#8244=CARTESIAN_POINT('Ctrl Pts',(33.8464472129037,37.6799132224993,5.97779537395098));
#8245=CARTESIAN_POINT('Ctrl Pts',(34.2730170933722,38.1269839646103,5.31107380143627));
#8246=CARTESIAN_POINT('Ctrl Pts',(34.3214995963033,38.0590631857341,5.46549653979757));
#8247=CARTESIAN_POINT('Ctrl Pts',(34.319882410785,37.9136815455441,5.71325829842639));
#8248=CARTESIAN_POINT('Ctrl Pts',(34.125864373283,37.7006018135981,5.93979305703972));
#8249=CARTESIAN_POINT('Ctrl Pts',(33.9462983199249,37.5943367636505,5.99405741923441));
#8250=CARTESIAN_POINT('Ctrl Pts',(33.8464472129037,37.548993542113,6.));
#8251=CARTESIAN_POINT('Ctrl Pts',(34.3035539940903,38.0964470638922,5.24999999999999));
#8252=CARTESIAN_POINT('Ctrl Pts',(34.3596538629044,38.0403471950781,5.4182996064423));
#8253=CARTESIAN_POINT('Ctrl Pts',(34.3601067579309,37.9008327640245,5.69778136357578));
#8254=CARTESIAN_POINT('Ctrl Pts',(34.1463203986137,37.6684884854465,5.9486835614147));
#8255=CARTESIAN_POINT('Ctrl Pts',(33.9522301400027,37.5457851368484,6.));
#8256=CARTESIAN_POINT('Ctrl Pts',(33.8464472129037,37.4928936732989,6.));
#8257=CARTESIAN_POINT('',(34.3035539940903,38.0964470638921,5.25));
#8258=CARTESIAN_POINT('Origin',(33.950000603497,37.7428936732989,5.25));
#8259=CARTESIAN_POINT('Origin',(33.5964472129037,37.7428936732989,5.25));
#8260=CARTESIAN_POINT('Origin',(28.4351316009977,43.2577626757982,-0.264869002499311));
#8261=CARTESIAN_POINT('',(33.7857870411239,38.6142140168585,4.73223304703363));
#8262=CARTESIAN_POINT('Origin',(33.4322336505307,38.2606606262652,4.73223304703363));
#8263=CARTESIAN_POINT('',(28.788684991591,43.6113160663915,-0.264869002499311));
#8264=CARTESIAN_POINT('Ctrl Pts',(32.4848915299975,39.0492673936105,4.65073306087491));
#8265=CARTESIAN_POINT('Ctrl Pts',(32.83876775968,39.0224570696889,4.67754338479655));
#8266=CARTESIAN_POINT('Ctrl Pts',(33.1812882586591,38.8651594087301,4.83484104575537));
#8267=CARTESIAN_POINT('Ctrl Pts',(33.4322336505306,38.6142140168585,5.08578643762691));
#8268=CARTESIAN_POINT('Ctrl Pts',(32.492889185831,39.1020489321875,4.59795152229791));
#8269=CARTESIAN_POINT('Ctrl Pts',(32.8717871159853,39.0745584464217,4.62545552262018));
#8270=CARTESIAN_POINT('Ctrl Pts',(33.2391974244024,38.9132774939399,4.7864845912221));
#8271=CARTESIAN_POINT('Ctrl Pts',(33.513665385779,38.6549298844827,5.04507057000272));
#8272=CARTESIAN_POINT('Ctrl Pts',(32.5068753264064,39.173049680905,4.48434567285957));
#8273=CARTESIAN_POINT('Ctrl Pts',(32.9295080136917,39.1433597514308,4.51207132923567));
#8274=CARTESIAN_POINT('Ctrl Pts',(33.3406533108285,38.9699156822079,4.67442539820401));
#8275=CARTESIAN_POINT('Ctrl Pts',(33.655861814032,38.6879295097296,4.9358737669966));
#8276=CARTESIAN_POINT('Ctrl Pts',(32.5184349366043,39.1946056037944,4.35332338425899));
#8277=CARTESIAN_POINT('Ctrl Pts',(32.9771236349621,39.1608622533211,4.38040733611228));
#8278=CARTESIAN_POINT('Ctrl Pts',(33.4221890665058,38.9633201400771,4.5392275810547));
#8279=CARTESIAN_POINT('Ctrl Pts',(33.7552501404058,38.6447509175767,4.79330684846992));
#8280=CARTESIAN_POINT('Ctrl Pts',(32.5226642137464,39.1942851858612,4.29717967028163));
#8281=CARTESIAN_POINT('Ctrl Pts',(32.9944991866564,39.158538087299,4.32398999420328));
#8282=CARTESIAN_POINT('Ctrl Pts',(33.4511931852952,38.9488078726872,4.4812876551621));
#8283=CARTESIAN_POINT('Ctrl Pts',(33.7857870411239,38.6142140168585,4.73223304703364));
#8284=CARTESIAN_POINT('Origin',(32.3715734787508,37.2000004544854,5.79289321881346));
#8285=CARTESIAN_POINT('Origin',(1.98986895220789,40.1827626255068,2.81013104779211));
#8286=CARTESIAN_POINT('',(-0.803553390593274,38.0964470638921,5.25));
#8287=CARTESIAN_POINT('',(-0.449999999999999,38.0964470638921,5.60355339059328));
#8288=CARTESIAN_POINT('Origin',(-0.449999999999999,37.7428936732989,5.25));
#8289=CARTESIAN_POINT('',(1.98986895220789,40.5363160161,3.16368443838538));
#8290=CARTESIAN_POINT('',(1.63631556161462,40.5363160161,2.81013104779211));
#8291=CARTESIAN_POINT('Ctrl Pts',(-0.346446609406716,37.8464470638921,5.85355339059327));
#8292=CARTESIAN_POINT('Ctrl Pts',(-0.399338072956221,37.8464470638921,5.85355339059327));
#8293=CARTESIAN_POINT('Ctrl Pts',(-0.487846226273294,37.8635472901006,5.83645316438486));
#8294=CARTESIAN_POINT('Ctrl Pts',(-0.552939246507768,37.9471794800595,5.7528209744259));
#8295=CARTESIAN_POINT('Ctrl Pts',(-0.506099868814095,38.040347195078,5.65965325940738));
#8296=CARTESIAN_POINT('Ctrl Pts',(-0.44999999999999,38.0964470638921,5.60355339059327));
#8297=CARTESIAN_POINT('Ctrl Pts',(-0.346446609406716,37.7935556003426,5.90644485414278));
#8298=CARTESIAN_POINT('Ctrl Pts',(-0.410531122269343,37.8006493385726,5.89927175771314));
#8299=CARTESIAN_POINT('Ctrl Pts',(-0.51949769497122,37.8332128571011,5.8666367520246));
#8300=CARTESIAN_POINT('Ctrl Pts',(-0.61392636667511,37.9475040597075,5.75240169406471));
#8301=CARTESIAN_POINT('Ctrl Pts',(-0.581844545601933,38.0651274975033,5.63455322635846));
#8302=CARTESIAN_POINT('Ctrl Pts',(-0.531431735248363,38.1371629315163,5.56283752296909));
#8303=CARTESIAN_POINT('Ctrl Pts',(-0.346446609406715,37.6799145061283,5.97779889740905));
#8304=CARTESIAN_POINT('Ctrl Pts',(-0.430096153399601,37.7052654912818,5.9640611920052));
#8305=CARTESIAN_POINT('Ctrl Pts',(-0.574934028502249,37.7722995803019,5.91157896139537));
#8306=CARTESIAN_POINT('Ctrl Pts',(-0.720662201428117,37.9382533129498,5.74186858105371));
#8307=CARTESIAN_POINT('Ctrl Pts',(-0.714496174221237,38.0847471358841,5.566617569777));
#8308=CARTESIAN_POINT('Ctrl Pts',(-0.673633318828019,38.1701719188301,5.45364492670319));
#8309=CARTESIAN_POINT('Ctrl Pts',(-0.346446609406715,37.548993542113,6.));
#8310=CARTESIAN_POINT('Ctrl Pts',(-0.446297716427882,37.5943367636505,5.99405741923441));
#8311=CARTESIAN_POINT('Ctrl Pts',(-0.625885270066002,37.7006018060528,5.93980426561118));
#8312=CARTESIAN_POINT('Ctrl Pts',(-0.819927881888701,37.9136874241421,5.71327303383673));
#8313=CARTESIAN_POINT('Ctrl Pts',(-0.82149899280625,38.0590631857341,5.46549653979757));
#8314=CARTESIAN_POINT('Ctrl Pts',(-0.773016489875126,38.1269839646103,5.31107380143628));
#8315=CARTESIAN_POINT('Ctrl Pts',(-0.346446609406715,37.4928936732989,6.));
#8316=CARTESIAN_POINT('Ctrl Pts',(-0.452229536505724,37.5457851368484,6.));
#8317=CARTESIAN_POINT('Ctrl Pts',(-0.646346069348286,37.6684937425823,5.94869932137475));
#8318=CARTESIAN_POINT('Ctrl Pts',(-0.860164299776192,37.9008511427347,5.69780275149788));
#8319=CARTESIAN_POINT('Ctrl Pts',(-0.85965325940737,38.040347195078,5.41829960644231));
#8320=CARTESIAN_POINT('Ctrl Pts',(-0.803553390593265,38.0964470638921,5.25));
#8321=CARTESIAN_POINT('Origin',(-0.096446609406719,38.0964470638921,5.60355339059327));
#8322=CARTESIAN_POINT('Origin',(-0.096446609406719,37.7428936732989,5.25));
#8323=CARTESIAN_POINT('Origin',(7.52500015087425,38.4500004544854,5.25));
#8324=CARTESIAN_POINT('Origin',(28.9767982676644,-12.7160955620967,0.276797664167359));
#8325=CARTESIAN_POINT('',(34.3035539940903,-8.09644661685731,5.25));
#8326=CARTESIAN_POINT('',(33.950000603497,-8.09644661685731,5.60355339059327));
#8327=CARTESIAN_POINT('Origin',(33.950000603497,-7.74289322626403,5.25));
#8328=CARTESIAN_POINT('',(28.9767982676644,-13.06964895269,0.630351054760633));
#8329=CARTESIAN_POINT('',(29.3303516582576,-13.06964895269,0.276797664167359));
#8330=CARTESIAN_POINT('Ctrl Pts',(33.8464472129038,-7.84644661685731,5.85355339059327));
#8331=CARTESIAN_POINT('Ctrl Pts',(33.8993386764533,-7.84644661685731,5.85355339059327));
#8332=CARTESIAN_POINT('Ctrl Pts',(33.9878446077269,-7.86354760971768,5.83645239773291));
#8333=CARTESIAN_POINT('Ctrl Pts',(34.0529350525518,-7.947180062333,5.75281994511759));
#8334=CARTESIAN_POINT('Ctrl Pts',(34.0061004723111,-8.04034674804321,5.65965325940737));
#8335=CARTESIAN_POINT('Ctrl Pts',(33.950000603497,-8.09644661685731,5.60355339059327));
#8336=CARTESIAN_POINT('Ctrl Pts',(33.8464472129038,-7.7935551533078,5.90644485414278));
#8337=CARTESIAN_POINT('Ctrl Pts',(33.9105317257664,-7.8006488915378,5.89927175771314));
#8338=CARTESIAN_POINT('Ctrl Pts',(34.0194959497775,-7.83321104484743,5.86663398922669));
#8339=CARTESIAN_POINT('Ctrl Pts',(34.1139217749019,-7.94750065406567,5.75239759797424));
#8340=CARTESIAN_POINT('Ctrl Pts',(34.081845149099,-8.06512705046843,5.63455322635846));
#8341=CARTESIAN_POINT('Ctrl Pts',(34.0314323387454,-8.1371624844815,5.56283752296908));
#8342=CARTESIAN_POINT('Ctrl Pts',(33.8464472129038,-7.67991385676225,5.97779834202622));
#8343=CARTESIAN_POINT('Ctrl Pts',(33.9300967568966,-7.70526484191572,5.96406063662237));
#8344=CARTESIAN_POINT('Ctrl Pts',(34.0749329159252,-7.77229999623181,5.91157858030828));
#8345=CARTESIAN_POINT('Ctrl Pts',(34.2206595943913,-7.93825480000361,5.74186824706743));
#8346=CARTESIAN_POINT('Ctrl Pts',(34.2144959551695,-8.08474519510166,5.56661689857819));
#8347=CARTESIAN_POINT('Ctrl Pts',(34.1736330997763,-8.17016997804765,5.45364425550437));
#8348=CARTESIAN_POINT('Ctrl Pts',(33.8464472129038,-7.54899309507814,6.));
#8349=CARTESIAN_POINT('Ctrl Pts',(33.9462983199249,-7.59433631661566,5.99405741923441));
#8350=CARTESIAN_POINT('Ctrl Pts',(34.1258828537983,-7.70060140121511,5.93980262654932));
#8351=CARTESIAN_POINT('Ctrl Pts',(34.3199217049835,-7.91368608366122,5.7132709099943));
#8352=CARTESIAN_POINT('Ctrl Pts',(34.3214995963033,-8.05906273869924,5.46549653979757));
#8353=CARTESIAN_POINT('Ctrl Pts',(34.2730170933722,-8.12698351757545,5.31107380143627));
#8354=CARTESIAN_POINT('Ctrl Pts',(33.8464472129038,-7.49289322626403,6.));
#8355=CARTESIAN_POINT('Ctrl Pts',(33.9522301400028,-7.54578468981354,6.));
#8356=CARTESIAN_POINT('Ctrl Pts',(34.1463429954105,-7.66849260680794,5.9486970214189));
#8357=CARTESIAN_POINT('Ctrl Pts',(34.3601563376755,-7.90084795686343,5.69779966357293));
#8358=CARTESIAN_POINT('Ctrl Pts',(34.3596538629044,-8.04034674804321,5.4182996064423));
#8359=CARTESIAN_POINT('Ctrl Pts',(34.3035539940903,-8.09644661685731,5.24999999999999));
#8360=CARTESIAN_POINT('Origin',(33.5964472129038,-8.09644661685731,5.60355339059327));
#8361=CARTESIAN_POINT('Origin',(33.5964472129038,-7.74289322626403,5.25));
#8362=CARTESIAN_POINT('Ctrl Pts',(-0.450000000000005,-8.09644661685731,
5.60355339059327));
#8363=CARTESIAN_POINT('Ctrl Pts',(-0.506099868814109,-8.0403467480432,5.65965325940738));
#8364=CARTESIAN_POINT('Ctrl Pts',(-0.55301622744705,-7.9471637825848,5.75283622486579));
#8365=CARTESIAN_POINT('Ctrl Pts',(-0.487875424089338,-7.86353491789005,
5.83646508956053));
#8366=CARTESIAN_POINT('Ctrl Pts',(-0.399338072956235,-7.84644661685731,
5.85355339059327));
#8367=CARTESIAN_POINT('Ctrl Pts',(-0.34644660940673,-7.84644661685731,5.85355339059327));
#8368=CARTESIAN_POINT('Ctrl Pts',(-0.531431735248377,-8.13716248448149,
5.56283752296909));
#8369=CARTESIAN_POINT('Ctrl Pts',(-0.581844545601946,-8.06512705046842,
5.63455322635846));
#8370=CARTESIAN_POINT('Ctrl Pts',(-0.614009982665614,-7.94755110947677,
5.75246364057562));
#8371=CARTESIAN_POINT('Ctrl Pts',(-0.519528189048279,-7.83323031642382,
5.86667858307529));
#8372=CARTESIAN_POINT('Ctrl Pts',(-0.410531122269356,-7.8006488915378,5.89927175771314));
#8373=CARTESIAN_POINT('Ctrl Pts',(-0.346446609406729,-7.7935551533078,5.90644485414278));
#8374=CARTESIAN_POINT('Ctrl Pts',(-0.673649640656411,-8.17020111221554,
5.45365824529511));
#8375=CARTESIAN_POINT('Ctrl Pts',(-0.714512496049628,-8.08477632926956,
5.56663088836892));
#8376=CARTESIAN_POINT('Ctrl Pts',(-0.720710389561437,-7.9382174219955,5.74187159827923));
#8377=CARTESIAN_POINT('Ctrl Pts',(-0.574957498364519,-7.77228631403546,
5.91158323745596));
#8378=CARTESIAN_POINT('Ctrl Pts',(-0.430096153399614,-7.70526905910309,
5.96407221246177));
#8379=CARTESIAN_POINT('Ctrl Pts',(-0.346446609406729,-7.67991807394962,
5.97780991786562));
#8380=CARTESIAN_POINT('Ctrl Pts',(-0.773016489875138,-8.12698351757545,
5.31107380143628));
#8381=CARTESIAN_POINT('Ctrl Pts',(-0.821498992806262,-8.05906273869924,
5.46549653979758));
#8382=CARTESIAN_POINT('Ctrl Pts',(-0.820037208865725,-7.91370330501298,
5.71330425141844));
#8383=CARTESIAN_POINT('Ctrl Pts',(-0.625924179066473,-7.70059789246714,
5.93982998806767));
#8384=CARTESIAN_POINT('Ctrl Pts',(-0.446297716427895,-7.59433631661566,
5.99405741923441));
#8385=CARTESIAN_POINT('Ctrl Pts',(-0.346446609406728,-7.54899309507814,
6.));
#8386=CARTESIAN_POINT('Ctrl Pts',(-0.803553390593278,-8.09644661685731,
5.25));
#8387=CARTESIAN_POINT('Ctrl Pts',(-0.859653259407381,-8.0403467480432,5.41829960644231));
#8388=CARTESIAN_POINT('Ctrl Pts',(-0.860303011214857,-7.90089717575933,
5.69784850281754));
#8389=CARTESIAN_POINT('Ctrl Pts',(-0.646392539804692,-7.66849864301213,
5.94873509690176));
#8390=CARTESIAN_POINT('Ctrl Pts',(-0.452229536505737,-7.54578468981354,
6.));
#8391=CARTESIAN_POINT('Ctrl Pts',(-0.346446609406728,-7.49289322626403,
6.));
#8392=CARTESIAN_POINT('',(-0.803553390593279,-8.09644661685731,5.25));
#8393=CARTESIAN_POINT('Origin',(-0.450000000000005,-7.74289322626403,5.25));
#8394=CARTESIAN_POINT('Origin',(-0.0964466094067312,-7.74289322626403,5.25));
#8395=CARTESIAN_POINT('Origin',(1.44820228554122,-9.64109551180526,3.35179771445878));
#8396=CARTESIAN_POINT('',(-0.28578643762691,-8.61421356982367,4.73223304703363));
#8397=CARTESIAN_POINT('Origin',(0.0677669529663633,-8.2606601792304,4.73223304703363));
#8398=CARTESIAN_POINT('',(1.09464889494795,-9.99464890239853,3.35179771445878));
#8399=CARTESIAN_POINT('Ctrl Pts',(1.01510907349955,-9.04926694657568,4.6507330608749));
#8400=CARTESIAN_POINT('Ctrl Pts',(0.661232843816998,-9.02245662265403,4.67754338479655));
#8401=CARTESIAN_POINT('Ctrl Pts',(0.318712344837903,-8.86515896169522,4.83484104575537));
#8402=CARTESIAN_POINT('Ctrl Pts',(0.0677669529663627,-8.61421356982367,
5.08578643762691));
#8403=CARTESIAN_POINT('Ctrl Pts',(1.00711141766603,-9.10204848515268,4.5979515222979));
#8404=CARTESIAN_POINT('Ctrl Pts',(0.628213487511761,-9.07455799938685,4.62545552262017));
#8405=CARTESIAN_POINT('Ctrl Pts',(0.260803179094632,-8.91327704690501,4.7864845912221));
#8406=CARTESIAN_POINT('Ctrl Pts',(-0.0136647822820098,-8.65492943744786,
5.04507057000272));
#8407=CARTESIAN_POINT('Ctrl Pts',(0.993124582895203,-9.17306366327298,4.48435093940173));
#8408=CARTESIAN_POINT('Ctrl Pts',(0.570491895609899,-9.14337373379878,4.51207659577783));
#8409=CARTESIAN_POINT('Ctrl Pts',(0.159326199935834,-8.96995353954964,4.67444260984795));
#8410=CARTESIAN_POINT('Ctrl Pts',(-0.15588230326765,-8.68796736707132,4.93589097864054));
#8411=CARTESIAN_POINT('Ctrl Pts',(0.981565666892737,-9.19460515675958,4.35332338425898));
#8412=CARTESIAN_POINT('Ctrl Pts',(0.52287696853489,-9.16086180628627,4.38040733611228));
#8413=CARTESIAN_POINT('Ctrl Pts',(0.0778115369912408,-8.96331969304223,
4.5392275810547));
#8414=CARTESIAN_POINT('Ctrl Pts',(-0.255249536908772,-8.64475047054181,
4.79330684846991));
#8415=CARTESIAN_POINT('Ctrl Pts',(0.977336389750671,-9.19428473882635,4.29717967028163));
#8416=CARTESIAN_POINT('Ctrl Pts',(0.505501416840602,-9.15853764026415,4.32398999420328));
#8417=CARTESIAN_POINT('Ctrl Pts',(0.0488074182018079,-8.9488074256524,4.48128765516209));
#8418=CARTESIAN_POINT('Ctrl Pts',(-0.285786437626912,-8.61421356982367,
4.73223304703363));
#8419=CARTESIAN_POINT('Origin',(1.12842712474619,-7.20000000745058,5.79289321881345));
#8420=CARTESIAN_POINT('Origin',(32.2000006034969,-7.88283803624922,6.));
#8421=CARTESIAN_POINT('Origin',(7.52500015087425,-8.45000000745058,5.25));
#8422=CARTESIAN_POINT('Origin',(32.2000006034969,31.7981274085173,-0.255192500909944));
#8423=CARTESIAN_POINT('',(32.2000006034969,31.4974392601069,-0.5));
#8424=CARTESIAN_POINT('Origin',(32.2000006034969,-1.79812696148248,-0.255192500909944));
#8425=CARTESIAN_POINT('',(32.2000006034969,-1.4974388130721,-0.5));
#8426=CARTESIAN_POINT('Origin',(10.7750001508743,-5.67844112286106,0.));
#8427=CARTESIAN_POINT('',(10.7750001508743,-5.67844112286106,-0.5));
#8428=CARTESIAN_POINT('',(10.7750001508743,-5.28189338209826,0.304548664905829));
#8429=CARTESIAN_POINT('Origin',(20.2500003017485,15.0000002235174,-0.5));
#8430=CARTESIAN_POINT('',(-1.2,36.3715733297392,-0.5));
#8431=CARTESIAN_POINT('',(-1.2,-6.37157288270439,-0.5));
#8432=CARTESIAN_POINT('',(-1.2,21.8750003390014,-0.5));
#8433=CARTESIAN_POINT('',(-0.760660171779818,37.4322335015191,-0.5));
#8434=CARTESIAN_POINT('Origin',(0.3,36.3715733297392,-0.5));
#8435=CARTESIAN_POINT('',(0.06776695296637,38.2606606262652,-0.5));
#8436=CARTESIAN_POINT('',(-0.908946591711591,37.2839470815873,-0.5));
#8437=CARTESIAN_POINT('',(1.12842712474619,38.7000004544854,-0.5));
#8438=CARTESIAN_POINT('Origin',(1.12842712474619,37.2000004544854,-0.5));
#8439=CARTESIAN_POINT('',(32.3715734787508,38.7000004544854,-0.5));
#8440=CARTESIAN_POINT('',(9.27500015087426,38.7000004544854,-0.5));
#8441=CARTESIAN_POINT('',(33.4322336505306,38.2606606262652,-0.5));
#8442=CARTESIAN_POINT('Origin',(32.3715734787508,37.2000004544854,-0.5));
#8443=CARTESIAN_POINT('',(34.2606607752768,37.4322335015191,-0.5));
#8444=CARTESIAN_POINT('',(36.1589471952086,35.5339470815873,-0.5));
#8445=CARTESIAN_POINT('',(34.700000603497,36.3715733297392,-0.5));
#8446=CARTESIAN_POINT('Origin',(33.200000603497,36.3715733297392,-0.5));
#8447=CARTESIAN_POINT('',(34.700000603497,-6.37157288270439,-0.5));
#8448=CARTESIAN_POINT('',(34.700000603497,6.40000010803342,-0.5));
#8449=CARTESIAN_POINT('',(34.2606607752768,-7.43223305448421,-0.5));
#8450=CARTESIAN_POINT('Origin',(33.200000603497,-6.37157288270439,-0.5));
#8451=CARTESIAN_POINT('',(33.4322336505306,-8.2606601792304,-0.5));
#8452=CARTESIAN_POINT('',(36.1589471952086,-5.53394663455244,-0.5));
#8453=CARTESIAN_POINT('',(32.3715734787508,-8.70000000745058,-0.5));
#8454=CARTESIAN_POINT('Origin',(32.3715734787508,-7.20000000745058,-0.5));
#8455=CARTESIAN_POINT('',(1.12842712474619,-8.70000000745058,-0.5));
#8456=CARTESIAN_POINT('',(9.27500015087426,-8.70000000745058,-0.5));
#8457=CARTESIAN_POINT('',(0.0677669529663616,-8.2606601792304,-0.5));
#8458=CARTESIAN_POINT('Origin',(1.12842712474619,-7.20000000745058,-0.5));
#8459=CARTESIAN_POINT('',(-0.760660171779828,-7.43223305448421,-0.5));
#8460=CARTESIAN_POINT('',(-0.908946591711605,-7.28394663455243,-0.5));
#8461=CARTESIAN_POINT('Origin',(0.299999999999994,-6.37157288270439,-0.5));
#8462=CARTESIAN_POINT('',(10.7750001508742,35.6784415698959,-0.5));
#8463=CARTESIAN_POINT('Origin',(10.7750001508742,35.6784415698959,0.));
#8464=CARTESIAN_POINT('',(10.7750001508742,35.2818938291331,0.304548664905827));
#8465=CARTESIAN_POINT('Origin',(1.29999999999992,36.2000004544854,1.5));
#8466=CARTESIAN_POINT('',(16.7500003017485,35.9748405164569,1.20682299735874));
#8467=CARTESIAN_POINT('Origin',(15.2500003017485,38.4500004544854,0.75));
#8468=CARTESIAN_POINT('',(15.2500003017485,38.4500004544854,1.5));
#8469=CARTESIAN_POINT('Ctrl Pts',(32.5226642137463,39.1942851858612,0.84241341158566));
#8470=CARTESIAN_POINT('Ctrl Pts',(32.4718475884047,39.1981351482823,0.811406351059913));
#8471=CARTESIAN_POINT('Ctrl Pts',(32.4213968967981,39.2000004544854,0.780510487864277));
#8472=CARTESIAN_POINT('Ctrl Pts',(32.3715734787508,39.2000004544854,0.75));
#8473=CARTESIAN_POINT('Origin',(32.200000603497,36.2000004544854,1.5));
#8474=CARTESIAN_POINT('',(16.7500003017485,36.5696621276011,1.5));
#8475=CARTESIAN_POINT('Origin',(16.7500003017485,36.5696621276011,0.75));
#8476=CARTESIAN_POINT('Origin',(15.2500003017485,-8.45000000745058,0.75));
#8477=CARTESIAN_POINT('',(15.2500003017485,-8.45000000745058,1.5));
#8478=CARTESIAN_POINT('Ctrl Pts',(0.977336389750671,-9.19428473882635,0.842413411585668));
#8479=CARTESIAN_POINT('Ctrl Pts',(1.02815301509229,-9.19813470124749,0.811406351059924));
#8480=CARTESIAN_POINT('Ctrl Pts',(1.07860370669895,-9.20000000745058,0.780510487864278));
#8481=CARTESIAN_POINT('Ctrl Pts',(1.12842712474619,-9.20000000745058,0.75));
#8482=CARTESIAN_POINT('Origin',(32.200000603497,-8.20000000745058,1.5));
#8483=CARTESIAN_POINT('',(16.7500003017485,-6.56966168056629,1.5));
#8484=CARTESIAN_POINT('Origin',(16.7500003017485,-6.56966168056629,0.75));
#8485=CARTESIAN_POINT('',(16.7500003017485,-5.9748400694221,1.20682299735874));
#8486=CARTESIAN_POINT('Origin',(1.3,-4.66400000745058,-0.500000000000001));
#8487=CARTESIAN_POINT('Origin',(-1.45,21.8750003390014,-0.25));
#8488=CARTESIAN_POINT('',(-1.7,-6.37157288270439,0.));
#8489=CARTESIAN_POINT('',(-1.2,-6.37157288270439,-0.5));
#8490=CARTESIAN_POINT('',(-1.7,36.3715733297392,0.));
#8491=CARTESIAN_POINT('',(-1.7,21.8750003390014,0.));
#8492=CARTESIAN_POINT('',(-1.7,36.3715733297392,0.));
#8493=CARTESIAN_POINT('Origin',(0.299999999999994,-6.37157288270439,-0.25));
#8494=CARTESIAN_POINT('',(-1.1142135623731,-7.78578644507748,1.38777878078145E-16));
#8495=CARTESIAN_POINT('',(-0.760660171779828,-7.43223305448421,-0.5));
#8496=CARTESIAN_POINT('Origin',(0.299999999999994,-6.37157288270439,1.38777878078145E-16));
#8497=CARTESIAN_POINT('Origin',(-1.08572328700824,-7.46072332984907,-0.25));
#8498=CARTESIAN_POINT('',(-0.28578643762691,-8.61421356982367,0.));
#8499=CARTESIAN_POINT('',(0.0677669529663616,-8.2606601792304,-0.5));
#8500=CARTESIAN_POINT('',(-1.26249998230488,-7.63750002514571,-2.77555756156289E-16));
#8501=CARTESIAN_POINT('Origin',(1.12842712474619,-7.20000000745058,-0.25));
#8502=CARTESIAN_POINT('',(1.12842712474619,-8.70000000745058,-0.5));
#8503=CARTESIAN_POINT('Origin',(1.12842712474619,-7.20000000745058,0.));
#8504=CARTESIAN_POINT('Origin',(9.27500015087426,-8.95000000745058,-0.25));
#8505=CARTESIAN_POINT('',(32.3715734787508,-8.70000000745058,-0.5));
#8506=CARTESIAN_POINT('Origin',(32.3715734787508,-7.20000000745058,-0.25));
#8507=CARTESIAN_POINT('',(33.4322336505306,-8.2606601792304,-0.5));
#8508=CARTESIAN_POINT('Origin',(36.3357238905053,-5.71072332984908,-0.25));
#8509=CARTESIAN_POINT('',(34.6142141658701,-7.78578644507748,0.));
#8510=CARTESIAN_POINT('',(34.2606607752768,-7.43223305448421,-0.5));
#8511=CARTESIAN_POINT('',(36.5125005858019,-5.88750002514571,0.));
#8512=CARTESIAN_POINT('Origin',(33.200000603497,-6.37157288270439,-0.25));
#8513=CARTESIAN_POINT('',(35.200000603497,-6.37157288270439,1.38777878078145E-16));
#8514=CARTESIAN_POINT('',(34.700000603497,-6.37157288270439,-0.5));
#8515=CARTESIAN_POINT('Origin',(33.200000603497,-6.37157288270439,1.38777878078145E-16));
#8516=CARTESIAN_POINT('Origin',(34.950000603497,6.40000010803342,-0.25));
#8517=CARTESIAN_POINT('',(35.200000603497,36.3715733297392,0.));
#8518=CARTESIAN_POINT('',(34.700000603497,36.3715733297392,-0.5));
#8519=CARTESIAN_POINT('',(35.200000603497,6.40000010803342,0.));
#8520=CARTESIAN_POINT('Origin',(33.200000603497,36.3715733297392,-0.25));
#8521=CARTESIAN_POINT('',(34.6142141658701,37.7857868921123,0.));
#8522=CARTESIAN_POINT('',(34.2606607752768,37.4322335015191,-0.5));
#8523=CARTESIAN_POINT('Origin',(33.200000603497,36.3715733297392,0.));
#8524=CARTESIAN_POINT('Origin',(36.3357238905053,35.7107237768839,-0.25));
#8525=CARTESIAN_POINT('',(33.7857870411239,38.6142140168585,0.));
#8526=CARTESIAN_POINT('',(33.4322336505306,38.2606606262652,-0.5));
#8527=CARTESIAN_POINT('',(36.5125005858019,35.8875004721805,3.46944695195361E-17));
#8528=CARTESIAN_POINT('Origin',(32.3715734787508,37.2000004544854,-0.25));
#8529=CARTESIAN_POINT('',(32.3715734787508,38.7000004544854,-0.5));
#8530=CARTESIAN_POINT('Origin',(32.3715734787508,37.2000004544854,0.));
#8531=CARTESIAN_POINT('Origin',(9.27500015087426,38.9500004544854,-0.25));
#8532=CARTESIAN_POINT('',(1.12842712474619,38.7000004544854,-0.5));
#8533=CARTESIAN_POINT('Origin',(1.12842712474619,37.2000004544854,-0.25));
#8534=CARTESIAN_POINT('',(0.06776695296637,38.2606606262652,-0.5));
#8535=CARTESIAN_POINT('Origin',(-1.08572328700823,37.4607237768839,-0.25));
#8536=CARTESIAN_POINT('',(-1.11421356237309,37.7857868921123,0.));
#8537=CARTESIAN_POINT('',(-0.760660171779818,37.4322335015191,-0.5));
#8538=CARTESIAN_POINT('',(-1.26249998230487,37.6375004721806,0.));
#8539=CARTESIAN_POINT('Origin',(0.3,36.3715733297392,-0.25));
#8540=CARTESIAN_POINT('Origin',(0.3,36.3715733297392,0.));
#8541=CARTESIAN_POINT('Origin',(33.200000603497,36.3715733297392,-0.5));
#8542=CARTESIAN_POINT('',(34.6142141658701,37.7857868921123,5.25));
#8543=CARTESIAN_POINT('',(34.6142141658701,37.7857868921123,-0.5));
#8544=CARTESIAN_POINT('',(35.200000603497,36.3715733297392,5.25));
#8545=CARTESIAN_POINT('Origin',(33.200000603497,36.3715733297392,5.25));
#8546=CARTESIAN_POINT('',(35.200000603497,36.3715733297392,-0.5));
#8547=CARTESIAN_POINT('Origin',(34.200000603497,38.2000004544854,-0.5));
#8548=CARTESIAN_POINT('',(34.200000603497,38.2000004544854,5.25));
#8549=CARTESIAN_POINT('',(33.7857870411239,38.6142140168585,-0.5));
#8550=CARTESIAN_POINT('Origin',(32.3715734787508,37.2000004544854,-0.5));
#8551=CARTESIAN_POINT('Origin',(-0.7,38.2000004544854,-0.5));
#8552=CARTESIAN_POINT('',(-1.11421356237309,37.7857868921123,5.25));
#8553=CARTESIAN_POINT('',(-1.11421356237309,37.7857868921123,-0.5));
#8554=CARTESIAN_POINT('',(-3.57499996460974,35.3250004898757,5.25));
#8555=CARTESIAN_POINT('Origin',(0.3,36.3715733297392,-0.5));
#8556=CARTESIAN_POINT('',(-1.7,36.3715733297392,5.25));
#8557=CARTESIAN_POINT('',(-1.7,36.3715733297392,-0.5));
#8558=CARTESIAN_POINT('Origin',(0.3,36.3715733297392,5.25));
#8559=CARTESIAN_POINT('Origin',(-1.7,28.7500004544854,-0.5));
#8560=CARTESIAN_POINT('',(-1.7,-6.37157288270439,5.25));
#8561=CARTESIAN_POINT('',(-1.7,-6.37157288270439,1.125));
#8562=CARTESIAN_POINT('',(-1.7,21.8750003390014,5.25));
#8563=CARTESIAN_POINT('',(-1.7,11.3626783087619,3.98812518197009));
#8564=CARTESIAN_POINT('',(-1.7,5.66267830876186,3.98812518197009));
#8565=CARTESIAN_POINT('',(-1.7,17.2063393816236,3.98812518197009));
#8566=CARTESIAN_POINT('',(-1.7,5.66267830876186,0.288125181970087));
#8567=CARTESIAN_POINT('Origin',(-1.7,5.66267830876186,2.13812518197009));
#8568=CARTESIAN_POINT('',(-1.7,11.3626783087619,0.288125181970088));
#8569=CARTESIAN_POINT('',(-1.7,20.0563393816236,0.288125181970089));
#8570=CARTESIAN_POINT('Origin',(-1.7,11.3626783087619,2.13812518197009));
#8571=CARTESIAN_POINT('Origin',(0.299999999999994,-6.37157288270439,5.25));
#8572=CARTESIAN_POINT('',(-1.1142135623731,-7.78578644507748,5.25));
#8573=CARTESIAN_POINT('Origin',(-0.583883476483191,-7.25545635918758,5.25));
#8574=CARTESIAN_POINT('Origin',(-0.950000000000007,-6.37157288270439,5.25));
#8575=CARTESIAN_POINT('Origin',(0.299999999999994,-6.37157288270439,5.25));
#8576=CARTESIAN_POINT('Origin',(-0.950000000000001,21.8750003390014,5.25));
#8577=CARTESIAN_POINT('Origin',(-0.95,36.3715733297392,5.25));
#8578=CARTESIAN_POINT('Origin',(0.3,36.3715733297392,5.25));
#8579=CARTESIAN_POINT('Origin',(-0.583883476483183,37.2554568062224,5.25));
#8580=CARTESIAN_POINT('Origin',(-0.169669914110093,-7.66966992156067,5.25));
#8581=CARTESIAN_POINT('',(-0.700000000000004,-8.20000000745058,5.25));
#8582=CARTESIAN_POINT('Origin',(-3.04466987871983,34.7946704039858,5.25));
#8583=CARTESIAN_POINT('Origin',(-0.700000000000004,-8.20000000745058,2.75));
#8584=CARTESIAN_POINT('',(-1.1142135623731,-7.78578644507748,1.125));
#8585=CARTESIAN_POINT('',(-0.28578643762691,-8.61421356982367,4.375));
#8586=CARTESIAN_POINT('Origin',(0.299999999999994,-6.37157288270439,1.125));
#8587=CARTESIAN_POINT('Origin',(33.200000603497,36.3715733297392,5.25));
#8588=CARTESIAN_POINT('Origin',(34.0838840799802,37.2554568062224,5.25));
#8589=CARTESIAN_POINT('Origin',(34.450000603497,36.3715733297392,5.25));
#8590=CARTESIAN_POINT('Origin',(34.450000603497,6.40000010803342,5.25));
#8591=CARTESIAN_POINT('',(35.200000603497,-6.37157288270439,5.25));
#8592=CARTESIAN_POINT('Origin',(34.450000603497,-6.37157288270439,5.25));
#8593=CARTESIAN_POINT('',(35.200000603497,6.40000010803342,5.25));
#8594=CARTESIAN_POINT('Origin',(33.200000603497,-6.37157288270439,5.25));
#8595=CARTESIAN_POINT('',(34.6142141658701,-7.78578644507748,5.25));
#8596=CARTESIAN_POINT('Origin',(34.0838840799802,-7.25545635918758,5.25));
#8597=CARTESIAN_POINT('Origin',(33.200000603497,-6.37157288270439,5.25));
#8598=CARTESIAN_POINT('Origin',(33.6696705176071,37.6696703685955,5.25));
#8599=CARTESIAN_POINT('Origin',(36.5446704822169,-4.79466995695094,5.25));
#8600=CARTESIAN_POINT('',(37.0750005681068,-5.32500004284084,5.25));
#8601=CARTESIAN_POINT('Origin',(33.200000603497,-6.37157288270439,1.125));
#8602=CARTESIAN_POINT('',(35.200000603497,-6.37157288270439,1.125));
#8603=CARTESIAN_POINT('',(34.6142141658701,-7.78578644507748,1.125));
#8604=CARTESIAN_POINT('Origin',(35.200000603497,-2.20000000745058,-0.5));
#8605=CARTESIAN_POINT('Origin',(34.200000603497,-8.20000000745058,2.75));
#8606=CARTESIAN_POINT('Origin',(1.12842712474619,-7.20000000745058,4.375));
#8607=CARTESIAN_POINT('Origin',(32.2000006034969,33.8551535389972,2.7275059827669));
#8608=CARTESIAN_POINT('Origin',(30.6654797851255,17.58,4.28812512387522));
#8609=CARTESIAN_POINT('',(31.500000603497,18.38,2.80705287590602));
#8610=CARTESIAN_POINT('',(30.6654797851255,18.38,2.58812512387522));
#8611=CARTESIAN_POINT('Origin',(30.6654797851255,18.38,4.28812512387522));
#8612=CARTESIAN_POINT('',(30.6654797851255,17.58,2.58812512387522));
#8613=CARTESIAN_POINT('',(32.0029640322782,18.4442759005197,3.23877490177658));
#8614=CARTESIAN_POINT('',(32.0029640322782,17.58,3.23877490177658));
#8615=CARTESIAN_POINT('Ctrl Pts',(32.0029640322782,18.4442759005197,3.23877490177658));
#8616=CARTESIAN_POINT('Ctrl Pts',(31.9320886610821,18.4258601977228,3.14843833874019));
#8617=CARTESIAN_POINT('Ctrl Pts',(31.8488998314434,18.4084993763607,3.06182179208323));
#8618=CARTESIAN_POINT('Ctrl Pts',(31.6766387130341,18.3861588388362,2.91750098836023));
#8619=CARTESIAN_POINT('Ctrl Pts',(31.5894130620615,18.38,2.85743296924456));
#8620=CARTESIAN_POINT('Ctrl Pts',(31.500000603497,18.38,2.80705287590602));
#8621=CARTESIAN_POINT('Origin',(32.9924836021382,17.58,4.5));
#8622=CARTESIAN_POINT('',(32.9924836021382,19.0486493704636,4.5));
#8623=CARTESIAN_POINT('',(32.9924836021382,16.2900001117587,4.5));
#8624=CARTESIAN_POINT('Origin',(31.500000603497,20.38,2.59770612538341));
#8625=CARTESIAN_POINT('Origin',(30.3194875309097,17.58,4.28812512387522));
#8626=CARTESIAN_POINT('',(30.3194875309097,18.38,2.58812512387522));
#8627=CARTESIAN_POINT('',(30.3194875309097,17.58,2.58812512387522));
#8628=CARTESIAN_POINT('',(28.982003283757,18.38,3.23877490177658));
#8629=CARTESIAN_POINT('Origin',(30.3194875309097,18.38,4.28812512387522));
#8630=CARTESIAN_POINT('',(28.982003283757,17.58,3.23877490177658));
#8631=CARTESIAN_POINT('Origin',(31.4924836356658,17.58,2.58812512387522));
#8632=CARTESIAN_POINT('',(23.9962418178329,18.38,2.58812512387522));
#8633=CARTESIAN_POINT('Origin',(29.4924836803693,17.58,2.58812512387522));
#8634=CARTESIAN_POINT('',(27.9924837138969,18.38,4.5));
#8635=CARTESIAN_POINT('',(27.4515017737657,18.38,5.18952653526155));
#8636=CARTESIAN_POINT('',(27.9924837138969,16.2900001117587,4.5));
#8637=CARTESIAN_POINT('Origin',(31.500000603497,20.38,0.15));
#8638=CARTESIAN_POINT('Origin',(31.500000603497,20.38,4.5));
#8639=CARTESIAN_POINT('',(31.500000603497,18.38,0.));
#8640=CARTESIAN_POINT('Origin',(31.500000603497,20.38,0.));
#8641=CARTESIAN_POINT('',(31.500000603497,18.38,0.15));
#8642=CARTESIAN_POINT('Origin',(20.2500003017485,15.0000002235174,4.5));
#8643=CARTESIAN_POINT('Origin',(20.2500003017485,15.0000002235174,4.5));
#8644=CARTESIAN_POINT('',(7.50000004470348,18.38,4.5));
#8645=CARTESIAN_POINT('',(24.75,18.38,4.5));
#8646=CARTESIAN_POINT('',(7.50000004470348,17.98,4.5));
#8647=CARTESIAN_POINT('Origin',(9.55142134160422,-1.09999998658895,-2.38524477946811E-16));
#8648=CARTESIAN_POINT('',(9.55142134160422,-1.09999998658895,4.5));
#8649=CARTESIAN_POINT('',(16.2510662457618,5.59964463803763,4.5));
#8650=CARTESIAN_POINT('',(9.55142134160422,-1.09999998658895,-2.38524477946811E-16));
#8651=CARTESIAN_POINT('',(9.55142134160422,-1.09999998658895,-2.38524477946811E-16));
#8652=CARTESIAN_POINT('',(9.55142134160422,-1.09999998658895,-2.38524477946811E-16));
#8653=CARTESIAN_POINT('Origin',(3.18857865839578,-1.09999998658895,-4.14165229889463E-16));
#8654=CARTESIAN_POINT('',(9.51,-1.09999998658895,4.5));
#8655=CARTESIAN_POINT('',(11.7192894800721,-1.09999998658895,4.5));
#8656=CARTESIAN_POINT('',(3.18857865839578,-1.09999998658895,-4.14165229889463E-16));
#8657=CARTESIAN_POINT('',(3.18857865839578,-1.09999998658895,-4.14165229889463E-16));
#8658=CARTESIAN_POINT('',(3.18857865839578,-1.09999998658895,-4.14165229889463E-16));
#8659=CARTESIAN_POINT('',(3.23,-1.09999998658895,1.2));
#8660=CARTESIAN_POINT('',(3.23,-1.09999998658895,3.));
#8661=CARTESIAN_POINT('',(9.51,-1.09999998658895,1.2));
#8662=CARTESIAN_POINT('',(5.56428932584513,-1.09999998658895,1.2));
#8663=CARTESIAN_POINT('',(9.51,-1.09999998658895,3.));
#8664=CARTESIAN_POINT('Origin',(2.68857865839578,-0.600000007450578,-4.25007251614318E-16));
#8665=CARTESIAN_POINT('',(2.68857865839578,-0.600000007450578,-4.25007251614318E-16));
#8666=CARTESIAN_POINT('',(2.68857865839578,-0.600000007450578,-4.25007251614318E-16));
#8667=CARTESIAN_POINT('',(2.68857865839578,-0.600000007450578,-4.25007251614318E-16));
#8668=CARTESIAN_POINT('Origin',(-0.1,-0.600000007450578,-5.03069808033274E-16));
#8669=CARTESIAN_POINT('',(-0.1,-0.600000007450578,-5.03069808033274E-16));
#8670=CARTESIAN_POINT('',(-0.1,-0.600000007450578,-5.03069808033274E-16));
#8671=CARTESIAN_POINT('',(-0.1,-0.600000007450578,-5.03069808033274E-16));
#8672=CARTESIAN_POINT('Origin',(-0.0999999999999976,17.58,-4.40186082029115E-16));
#8673=CARTESIAN_POINT('',(-0.0999999999999976,17.58,-4.40186082029115E-16));
#8674=CARTESIAN_POINT('',(-0.0999999999999991,5.66267830876186,0.288125181970088));
#8675=CARTESIAN_POINT('',(-0.0999999999999984,11.3626783087619,0.288125181970088));
#8676=CARTESIAN_POINT('',(-0.099999999999998,14.4713391543809,0.288125181970088));
#8677=CARTESIAN_POINT('',(-0.0999999999999993,5.66267830876186,3.98812518197009));
#8678=CARTESIAN_POINT('Origin',(-0.0999999999999977,5.66267830876186,2.13812518197009));
#8679=CARTESIAN_POINT('',(-0.0999999999999986,11.3626783087619,3.98812518197009));
#8680=CARTESIAN_POINT('',(-0.0999999999999985,11.6213391543809,3.98812518197009));
#8681=CARTESIAN_POINT('Origin',(-0.0999999999999977,11.3626783087619,2.13812518197009));
#8682=CARTESIAN_POINT('Origin',(-1.97407819443185E-33,-0.500000007450581,
-0.5));
#8683=CARTESIAN_POINT('',(1.66207754200618E-33,18.38,1.99999995529652));
#8684=CARTESIAN_POINT('',(-1.65629975934767E-34,8.88999999627471,1.99999995529652));
#8685=CARTESIAN_POINT('',(1.66207754200618E-33,18.38,0.));
#8686=CARTESIAN_POINT('',(1.66207754200618E-33,18.38,0.15));
#8687=CARTESIAN_POINT('',(3.61111873325677E-33,28.5000004544854,0.));
#8688=CARTESIAN_POINT('',(-1.97407819443185E-33,-0.500000007450581,0.));
#8689=CARTESIAN_POINT('',(3.61111873325677E-33,28.5000004544854,-0.5));
#8690=CARTESIAN_POINT('Origin',(20.2500003017485,15.0000002235174,4.5));
#8691=CARTESIAN_POINT('',(9.51,-1.50000000745058,4.5));
#8692=CARTESIAN_POINT('',(9.51,7.00000010803342,4.5));
#8693=CARTESIAN_POINT('',(21.3750004526228,-1.50000000745058,4.5));
#8694=CARTESIAN_POINT('',(-0.499999999999998,-1.50000000745058,4.5));
#8695=CARTESIAN_POINT('',(21.8750004526228,-2.00000000745058,4.5));
#8696=CARTESIAN_POINT('',(17.2187503571622,2.65625008801,4.5));
#8697=CARTESIAN_POINT('',(28.8750004526228,-2.00000000745058,4.5));
#8698=CARTESIAN_POINT('',(27.3750004526228,-2.00000000745058,4.5));
#8699=CARTESIAN_POINT('',(29.3750004526228,-1.50000000745058,4.5));
#8700=CARTESIAN_POINT('',(30.9687504726462,0.0937500125728707,4.5));
#8701=CARTESIAN_POINT('',(-0.499999999999998,-1.50000000745058,4.5));
#8702=CARTESIAN_POINT('Origin',(9.51,-1.00000000745058,6.));
#8703=CARTESIAN_POINT('',(9.51,-1.49999996647239,1.6));
#8704=CARTESIAN_POINT('',(9.51,-2.34999999180436,2.45000000521541));
#8705=CARTESIAN_POINT('',(9.51,-1.49999996647239,6.));
#8706=CARTESIAN_POINT('Origin',(7.93999999329448,-1.24999998658895,1.35));
#8707=CARTESIAN_POINT('',(3.23,-1.49999996647239,1.6));
#8708=CARTESIAN_POINT('',(3.23,-2.47499998155981,2.57499999497086));
#8709=CARTESIAN_POINT('',(7.94,-1.49999996647239,1.6));
#8710=CARTESIAN_POINT('Origin',(-0.756644547385674,5.66267830876186,3.98812518197009));
#8711=CARTESIAN_POINT('',(-0.756644547385674,5.66267830876186,3.98812518197009));
#8712=CARTESIAN_POINT('',(-0.756644547385674,11.3626783087619,3.98812518197009));
#8713=CARTESIAN_POINT('Origin',(-0.756644547385674,5.66267830876186,2.13812518197009));
#8714=CARTESIAN_POINT('',(-0.756644547385674,5.66267830876186,0.288125181970088));
#8715=CARTESIAN_POINT('Origin',(3.23,-1.49999996647239,6.));
#8716=CARTESIAN_POINT('',(3.23,-1.49999996647239,6.));
#8717=CARTESIAN_POINT('Origin',(9.37500015087426,-1.27500045448541,5.325));
#8718=CARTESIAN_POINT('',(13.8,-1.35000045448542,5.4));
#8719=CARTESIAN_POINT('',(9.37500015087426,-1.20000045448541,5.25));
#8720=CARTESIAN_POINT('Origin',(2.,-1.20000045448541,4.7));
#8721=CARTESIAN_POINT('',(13.8,-1.20000045448541,5.1));
#8722=CARTESIAN_POINT('Origin',(20.2500003017485,19.9599997764826,5.1));
#8723=CARTESIAN_POINT('',(23.9000003017485,-1.50000000745058,5.1));
#8724=CARTESIAN_POINT('Origin',(16.7500003017485,14.4999997764826,5.4));
#8725=CARTESIAN_POINT('',(25.3750004526228,-1.50000000745058,5.4));
#8726=CARTESIAN_POINT('Origin',(-0.756644547385674,11.3626783087619,0.288125181970088));
#8727=CARTESIAN_POINT('',(-0.756644547385674,11.3626783087619,0.288125181970088));
#8728=CARTESIAN_POINT('Origin',(-0.756644547385674,11.3626783087619,2.13812518197009));
#8729=CARTESIAN_POINT('Origin',(21.6250004526228,-1.75000000745058,6.));
#8730=CARTESIAN_POINT('',(21.3750004526228,-1.50000000745058,6.));
#8731=CARTESIAN_POINT('',(21.8750004526228,-2.00000000745058,6.));
#8732=CARTESIAN_POINT('Origin',(29.3750004526228,-2.00000000745058,6.));
#8733=CARTESIAN_POINT('',(28.8750004526228,-2.00000000745058,6.));
#8734=CARTESIAN_POINT('Origin',(29.1250004526228,-1.75000000745058,6.));
#8735=CARTESIAN_POINT('',(29.3750004526228,-1.50000000745058,6.));
#8736=CARTESIAN_POINT('Origin',(34.000000603497,-1.50000000745058,6.));
#8737=CARTESIAN_POINT('Origin',(34.000000603497,-1.50000000745058,6.));
#8738=CARTESIAN_POINT('Origin',(16.7500003017485,15.0000002235174,5.4));
#8739=CARTESIAN_POINT('Origin',(9.37500015087426,30.7750004544854,5.325));
#8740=CARTESIAN_POINT('',(9.37500015087426,30.7000004544854,5.25));
#8741=CARTESIAN_POINT('',(13.0625002263114,30.8500004544854,5.4));
#8742=CARTESIAN_POINT('Origin',(2.,30.7000004544854,4.7));
#8743=CARTESIAN_POINT('',(11.1250001508743,30.7000004544854,5.1));
#8744=CARTESIAN_POINT('Origin',(20.2500003017485,15.0000002235174,5.1));
#8745=CARTESIAN_POINT('Origin',(20.2500003017485,15.0000002235174,5.1));
#8746=CARTESIAN_POINT('Origin',(33.775000603497,21.7500003390014,5.325));
#8747=CARTESIAN_POINT('',(33.700000603497,21.7500003390014,5.25));
#8748=CARTESIAN_POINT('',(33.850000603497,7.15000010803342,5.4));
#8749=CARTESIAN_POINT('Origin',(33.700000603497,28.5000004544854,4.7));
#8750=CARTESIAN_POINT('',(33.700000603497,7.15000010803342,5.1));
#8751=CARTESIAN_POINT('Origin',(20.2500003017485,15.0000002235174,5.1));
#8752=CARTESIAN_POINT('Origin',(16.7500003017485,15.0000002235174,5.4));
#8753=CARTESIAN_POINT('',(-0.350000000000001,7.15000010803342,5.4));
#8754=CARTESIAN_POINT('Origin',(-0.275,7.15000010803342,5.325));
#8755=CARTESIAN_POINT('',(-0.2,7.15000010803342,5.25));
#8756=CARTESIAN_POINT('Origin',(-0.199999999999998,-0.700000007450581,4.7));
#8757=CARTESIAN_POINT('',(-0.2,7.15000010803342,5.1));
#8758=CARTESIAN_POINT('Origin',(20.2500003017485,15.0000002235174,5.1));
#8759=CARTESIAN_POINT('Origin',(16.7500003017485,15.0000002235174,5.4));
#8760=CARTESIAN_POINT('Origin',(16.7500003017485,15.0000002235174,5.4));
#8761=CARTESIAN_POINT('Origin',(20.2500003017485,15.0000002235174,0.));
#8762=CARTESIAN_POINT('Origin',(2.,28.5000004544854,-0.5));
#8763=CARTESIAN_POINT('',(2.,30.5000004544854,0.));
#8764=CARTESIAN_POINT('Origin',(2.,28.5000004544854,0.));
#8765=CARTESIAN_POINT('',(2.,30.5000004544854,-0.5));
#8766=CARTESIAN_POINT('Origin',(-5.,30.5000004544854,-0.5));
#8767=CARTESIAN_POINT('',(31.500000603497,30.5000004544854,0.));
#8768=CARTESIAN_POINT('',(-5.,30.5000004544854,0.));
#8769=CARTESIAN_POINT('',(31.500000603497,30.5000004544854,-0.5));
#8770=CARTESIAN_POINT('Origin',(16.5,18.38,0.8));
#8771=CARTESIAN_POINT('',(18.3750001508743,18.38,0.));
#8772=CARTESIAN_POINT('',(5.,18.38,1.99999995529652));
#8773=CARTESIAN_POINT('',(10.75,18.38,1.99999995529652));
#8774=CARTESIAN_POINT('Origin',(5.,18.38,4.5));
#8775=CARTESIAN_POINT('Origin',(31.500000603497,28.5000004544854,-0.5));
#8776=CARTESIAN_POINT('Origin',(31.500000603497,28.5000004544854,0.));
#8777=CARTESIAN_POINT('Origin',(20.2500003017485,15.0000002235174,0.));
#8778=CARTESIAN_POINT('Origin',(5.,17.98,4.5));
#8779=CARTESIAN_POINT('',(5.,18.28,1.99999995529652));
#8780=CARTESIAN_POINT('Origin',(5.,17.98,1.99999995529652));
#8781=CARTESIAN_POINT('Origin',(35.2000006034969,31.3718930825993,4.70845242870448));
#8782=CARTESIAN_POINT('',(0.200000603496941,31.3718930825993,4.70845242870448));
#8783=CARTESIAN_POINT('',(35.2000006034969,31.3718930825993,4.70845242870448));
#8784=CARTESIAN_POINT('',(0.200000603496941,32.6211071040672,5.43149991117101));
#8785=CARTESIAN_POINT('Origin',(35.2000006034969,31.3734635598237,3.26507761011624));
#8786=CARTESIAN_POINT('',(0.200000603496941,31.3718930825993,4.70845242870448));
#8787=CARTESIAN_POINT('Origin',(35.2000006034969,33.873462079984,3.26779775646107));
#8788=CARTESIAN_POINT('',(0.200000603496941,32.6242480585161,2.54475027399454));
#8789=CARTESIAN_POINT('Origin',(0.200000603496941,32.6226775812916,3.98812509258278));
#8790=CARTESIAN_POINT('Origin',(16.7500003017485,36.7392210121907,-0.1));
#8791=CARTESIAN_POINT('',(-0.3,36.3715733297392,-0.100000000000001));
#8792=CARTESIAN_POINT('',(-0.299999999999999,35.6784415698959,-0.100000000000001));
#8793=CARTESIAN_POINT('',(-0.299999999999999,36.5553971709649,-0.100000000000001));
#8794=CARTESIAN_POINT('',(-0.0999999999999996,35.6784415698959,-0.100000000000001));
#8795=CARTESIAN_POINT('',(8.22500015087426,35.6784415698959,-0.1));
#8796=CARTESIAN_POINT('',(-0.0999999999999995,36.3715733297392,-0.100000000000001));
#8797=CARTESIAN_POINT('',(-0.1,36.2088312910433,-0.100000000000001));
#8798=CARTESIAN_POINT('',(0.0171572875253829,36.6544160422139,-0.100000000000001));
#8799=CARTESIAN_POINT('Origin',(0.300000000000006,36.3715733297392,-0.1));
#8800=CARTESIAN_POINT('',(0.84558441227157,37.48284316696,-0.100000000000001));
#8801=CARTESIAN_POINT('',(4.22156928357539,40.8588280382639,-0.1));
#8802=CARTESIAN_POINT('',(1.12842712474619,37.6000004544854,-0.100000000000001));
#8803=CARTESIAN_POINT('Origin',(1.12842712474619,37.2000004544854,-0.1));
#8804=CARTESIAN_POINT('',(32.3715734787508,37.6000004544854,-0.0999999999999997));
#8805=CARTESIAN_POINT('',(8.93921371324735,37.6000004544854,-0.1));
#8806=CARTESIAN_POINT('',(32.6544161912255,37.48284316696,-0.0999999999999996));
#8807=CARTESIAN_POINT('Origin',(32.3715734787508,37.2000004544854,-0.0999999999999997));
#8808=CARTESIAN_POINT('',(33.4828433159716,36.6544160422138,-0.0999999999999996));
#8809=CARTESIAN_POINT('',(28.8642177575485,41.2730416006369,-0.0999999999999998));
#8810=CARTESIAN_POINT('',(33.600000603497,36.3715733297392,-0.0999999999999996));
#8811=CARTESIAN_POINT('Origin',(33.200000603497,36.3715733297392,-0.0999999999999997));
#8812=CARTESIAN_POINT('',(33.600000603497,35.6784415698959,-0.0999999999999996));
#8813=CARTESIAN_POINT('',(33.600000603497,36.5553971709649,-0.0999999999999996));
#8814=CARTESIAN_POINT('',(33.800000603497,35.6784415698959,-0.0999999999999996));
#8815=CARTESIAN_POINT('',(25.1750004526228,35.6784415698959,-0.0999999999999998));
#8816=CARTESIAN_POINT('',(33.800000603497,36.3715733297392,-0.0999999999999996));
#8817=CARTESIAN_POINT('',(33.800000603497,36.2088312910433,-0.0999999999999996));
#8818=CARTESIAN_POINT('',(33.624264672209,36.7958373984512,-0.0999999999999996));
#8819=CARTESIAN_POINT('Origin',(33.200000603497,36.3715733297392,-0.0999999999999997));
#8820=CARTESIAN_POINT('',(32.7958375474628,37.6242645231974,-0.0999999999999996));
#8821=CARTESIAN_POINT('',(29.419852676159,41.0002493945011,-0.0999999999999997));
#8822=CARTESIAN_POINT('',(32.3715734787508,37.8000004544854,-0.0999999999999997));
#8823=CARTESIAN_POINT('Origin',(32.3715734787508,37.2000004544854,-0.0999999999999997));
#8824=CARTESIAN_POINT('',(1.12842712474619,37.8000004544854,-0.100000000000001));
#8825=CARTESIAN_POINT('',(24.5607868902497,37.8000004544854,-0.0999999999999999));
#8826=CARTESIAN_POINT('',(0.704163056034261,37.6242645231974,-0.100000000000001));
#8827=CARTESIAN_POINT('Origin',(1.12842712474619,37.2000004544854,-0.1));
#8828=CARTESIAN_POINT('',(-0.124264068711926,36.7958373984512,-0.100000000000001));
#8829=CARTESIAN_POINT('',(4.49436148971117,41.4144629568742,-0.1));
#8830=CARTESIAN_POINT('Origin',(0.300000000000006,36.3715733297392,-0.1));
#8831=CARTESIAN_POINT('Origin',(33.600000603497,35.6784415698959,-0.5));
#8832=CARTESIAN_POINT('',(33.600000603497,35.6784415698959,1.1));
#8833=CARTESIAN_POINT('',(33.600000603497,35.6784415698959,-0.5));
#8834=CARTESIAN_POINT('',(33.800000603497,35.6784415698959,1.1));
#8835=CARTESIAN_POINT('',(32.200000603497,35.6784415698959,1.1));
#8836=CARTESIAN_POINT('',(33.800000603497,35.6784415698959,-0.5));
#8837=CARTESIAN_POINT('Origin',(33.800000603497,35.6784415698959,-0.5));
#8838=CARTESIAN_POINT('',(33.800000603497,36.3715733297392,1.1));
#8839=CARTESIAN_POINT('',(33.800000603497,36.3715733297392,1.1));
#8840=CARTESIAN_POINT('',(33.800000603497,36.3715733297392,-0.5));
#8841=CARTESIAN_POINT('Origin',(33.200000603497,36.3715733297392,-0.5));
#8842=CARTESIAN_POINT('',(33.624264672209,36.7958373984512,1.1));
#8843=CARTESIAN_POINT('Origin',(33.200000603497,36.3715733297392,1.1));
#8844=CARTESIAN_POINT('',(33.624264672209,36.7958373984512,-0.5));
#8845=CARTESIAN_POINT('Origin',(33.624264672209,36.7958373984512,-0.5));
#8846=CARTESIAN_POINT('',(32.7958375474628,37.6242645231974,1.1));
#8847=CARTESIAN_POINT('',(32.7958375474628,37.6242645231974,1.1));
#8848=CARTESIAN_POINT('',(32.7958375474628,37.6242645231974,-0.5));
#8849=CARTESIAN_POINT('Origin',(32.3715734787508,37.2000004544854,-0.5));
#8850=CARTESIAN_POINT('',(32.3715734787508,37.8000004544854,1.1));
#8851=CARTESIAN_POINT('Origin',(32.3715734787508,37.2000004544854,1.1));
#8852=CARTESIAN_POINT('',(32.3715734787508,37.8000004544854,-0.5));
#8853=CARTESIAN_POINT('Origin',(32.3715734787508,37.8000004544854,-0.5));
#8854=CARTESIAN_POINT('',(1.12842712474619,37.8000004544854,1.1));
#8855=CARTESIAN_POINT('',(1.12842712474619,37.8000004544854,1.1));
#8856=CARTESIAN_POINT('',(1.12842712474619,37.8000004544854,-0.500000000000001));
#8857=CARTESIAN_POINT('Origin',(1.12842712474619,37.2000004544854,-0.500000000000001));
#8858=CARTESIAN_POINT('',(0.704163056034261,37.6242645231974,1.1));
#8859=CARTESIAN_POINT('Origin',(1.12842712474619,37.2000004544854,1.1));
#8860=CARTESIAN_POINT('',(0.704163056034261,37.6242645231974,-0.500000000000001));
#8861=CARTESIAN_POINT('Origin',(0.704163056034261,37.6242645231974,-0.500000000000001));
#8862=CARTESIAN_POINT('',(-0.124264068711926,36.7958373984512,1.1));
#8863=CARTESIAN_POINT('',(-0.124264068711926,36.7958373984512,1.1));
#8864=CARTESIAN_POINT('',(-0.124264068711926,36.7958373984512,-0.500000000000001));
#8865=CARTESIAN_POINT('Origin',(0.300000000000006,36.3715733297392,-0.500000000000001));
#8866=CARTESIAN_POINT('',(-0.3,36.3715733297392,1.1));
#8867=CARTESIAN_POINT('Origin',(0.300000000000006,36.3715733297392,1.1));
#8868=CARTESIAN_POINT('',(-0.3,36.3715733297392,-0.500000000000001));
#8869=CARTESIAN_POINT('Origin',(-0.3,36.3715733297392,-0.500000000000001));
#8870=CARTESIAN_POINT('',(-0.3,35.6784415698959,1.1));
#8871=CARTESIAN_POINT('',(-0.300000000000005,-6.3715728827044,1.1));
#8872=CARTESIAN_POINT('',(-0.299999999999999,35.6784415698959,-0.500000000000001));
#8873=CARTESIAN_POINT('Origin',(33.600000603497,36.3715733297392,-0.5));
#8874=CARTESIAN_POINT('',(33.600000603497,36.3715733297392,1.1));
#8875=CARTESIAN_POINT('',(33.600000603497,36.3715733297392,-0.5));
#8876=CARTESIAN_POINT('',(33.600000603497,36.3715733297392,1.1));
#8877=CARTESIAN_POINT('Origin',(33.200000603497,36.3715733297392,-0.5));
#8878=CARTESIAN_POINT('',(33.4828433159716,36.6544160422138,1.1));
#8879=CARTESIAN_POINT('',(33.4828433159716,36.6544160422138,-0.5));
#8880=CARTESIAN_POINT('Origin',(33.200000603497,36.3715733297392,1.1));
#8881=CARTESIAN_POINT('Origin',(32.6544161912255,37.48284316696,-0.5));
#8882=CARTESIAN_POINT('',(32.6544161912255,37.48284316696,1.1));
#8883=CARTESIAN_POINT('',(32.6544161912255,37.48284316696,-0.5));
#8884=CARTESIAN_POINT('',(32.6544161912255,37.48284316696,1.1));
#8885=CARTESIAN_POINT('Origin',(32.3715734787508,37.2000004544854,-0.5));
#8886=CARTESIAN_POINT('',(32.3715734787508,37.6000004544854,1.1));
#8887=CARTESIAN_POINT('',(32.3715734787508,37.6000004544854,-0.5));
#8888=CARTESIAN_POINT('Origin',(32.3715734787508,37.2000004544854,1.1));
#8889=CARTESIAN_POINT('Origin',(1.12842712474619,37.6000004544854,-0.500000000000001));
#8890=CARTESIAN_POINT('',(1.12842712474619,37.6000004544854,1.1));
#8891=CARTESIAN_POINT('',(1.12842712474619,37.6000004544854,-0.500000000000001));
#8892=CARTESIAN_POINT('',(1.12842712474619,37.6000004544854,1.1));
#8893=CARTESIAN_POINT('Origin',(1.12842712474619,37.2000004544854,-0.500000000000001));
#8894=CARTESIAN_POINT('',(0.84558441227157,37.48284316696,1.1));
#8895=CARTESIAN_POINT('',(0.84558441227157,37.48284316696,-0.500000000000001));
#8896=CARTESIAN_POINT('Origin',(1.12842712474619,37.2000004544854,1.1));
#8897=CARTESIAN_POINT('Origin',(0.0171572875253829,36.6544160422139,-0.500000000000001));
#8898=CARTESIAN_POINT('',(0.0171572875253828,36.6544160422139,1.1));
#8899=CARTESIAN_POINT('',(0.0171572875253829,36.6544160422139,-0.500000000000001));
#8900=CARTESIAN_POINT('',(0.0171572875253829,36.6544160422139,1.1));
#8901=CARTESIAN_POINT('Origin',(0.300000000000006,36.3715733297392,-0.500000000000001));
#8902=CARTESIAN_POINT('',(-0.0999999999999995,36.3715733297392,1.1));
#8903=CARTESIAN_POINT('',(-0.0999999999999995,36.3715733297392,-0.500000000000001));
#8904=CARTESIAN_POINT('Origin',(0.300000000000006,36.3715733297392,1.1));
#8905=CARTESIAN_POINT('Origin',(-0.0999999999999996,35.6784415698959,-0.500000000000001));
#8906=CARTESIAN_POINT('',(-0.0999999999999996,35.6784415698959,1.1));
#8907=CARTESIAN_POINT('',(-0.0999999999999996,35.6784415698959,-0.500000000000001));
#8908=CARTESIAN_POINT('',(-0.100000000000005,-6.3715728827044,1.1));
#8909=CARTESIAN_POINT('Origin',(-0.299999999999999,35.6784415698959,-0.500000000000001));
#8910=CARTESIAN_POINT('',(1.3,35.6784415698959,1.1));
#8911=CARTESIAN_POINT('Origin',(16.7500003017485,36.7392210121907,1.1));
#8912=CARTESIAN_POINT('Origin',(16.7500003017485,-6.73922056515582,-0.1));
#8913=CARTESIAN_POINT('',(33.800000603497,-6.37157288270439,-0.0999999999999997));
#8914=CARTESIAN_POINT('',(33.800000603497,-5.67844112286107,-0.0999999999999997));
#8915=CARTESIAN_POINT('',(33.800000603497,-6.55539672393011,-0.0999999999999997));
#8916=CARTESIAN_POINT('',(33.600000603497,-5.67844112286107,-0.0999999999999997));
#8917=CARTESIAN_POINT('',(25.2750004526228,-5.67844112286107,-0.1));
#8918=CARTESIAN_POINT('',(33.600000603497,-6.37157288270439,-0.0999999999999997));
#8919=CARTESIAN_POINT('',(33.600000603497,-6.20883084400844,-0.0999999999999998));
#8920=CARTESIAN_POINT('',(33.4828433159716,-6.65441559517902,-0.0999999999999997));
#8921=CARTESIAN_POINT('Origin',(33.200000603497,-6.37157288270439,-0.1));
#8922=CARTESIAN_POINT('',(32.6544161912255,-7.4828427199252,-0.0999999999999998));
#8923=CARTESIAN_POINT('',(29.2784313199217,-10.858827591229,-0.0999999999999999));
#8924=CARTESIAN_POINT('',(32.3715734787508,-7.60000000745058,-0.0999999999999998));
#8925=CARTESIAN_POINT('Origin',(32.3715734787508,-7.2000000074506,-0.1));
#8926=CARTESIAN_POINT('',(1.12842712474619,-7.60000000745058,-0.100000000000001));
#8927=CARTESIAN_POINT('',(24.5607868902497,-7.60000000745058,-0.1));
#8928=CARTESIAN_POINT('',(0.845584412271565,-7.4828427199252,-0.100000000000001));
#8929=CARTESIAN_POINT('Origin',(1.12842712474619,-7.20000000745057,-0.1));
#8930=CARTESIAN_POINT('',(0.0171572875253734,-6.65441559517901,-0.100000000000001));
#8931=CARTESIAN_POINT('',(4.63578284594851,-11.2730411536021,-0.100000000000001));
#8932=CARTESIAN_POINT('',(-0.100000000000007,-6.3715728827044,-0.100000000000001));
#8933=CARTESIAN_POINT('Origin',(0.299999999999992,-6.3715728827044,-0.1));
#8934=CARTESIAN_POINT('',(-0.100000000000007,-5.67844112286106,-0.100000000000001));
#8935=CARTESIAN_POINT('',(-0.100000000000005,-6.55539672393011,-0.100000000000001));
#8936=CARTESIAN_POINT('',(-0.300000000000007,-5.67844112286106,-0.100000000000001));
#8937=CARTESIAN_POINT('',(8.32500015087425,-5.67844112286106,-0.1));
#8938=CARTESIAN_POINT('',(-0.300000000000007,-6.3715728827044,-0.100000000000001));
#8939=CARTESIAN_POINT('',(-0.300000000000005,-6.20883084400844,-0.100000000000001));
#8940=CARTESIAN_POINT('',(-0.124264068711937,-6.79583695141632,-0.100000000000001));
#8941=CARTESIAN_POINT('Origin',(0.299999999999992,-6.3715728827044,-0.1));
#8942=CARTESIAN_POINT('',(0.704163056034255,-7.6242640761625,-0.100000000000001));
#8943=CARTESIAN_POINT('',(4.0801479273381,-11.0002489474663,-0.100000000000001));
#8944=CARTESIAN_POINT('',(1.12842712474619,-7.80000000745058,-0.100000000000001));
#8945=CARTESIAN_POINT('Origin',(1.12842712474619,-7.20000000745057,-0.1));
#8946=CARTESIAN_POINT('',(32.3715734787508,-7.80000000745058,-0.0999999999999998));
#8947=CARTESIAN_POINT('',(8.93921371324735,-7.80000000745058,-0.1));
#8948=CARTESIAN_POINT('',(32.7958375474628,-7.62426407616251,-0.0999999999999998));
#8949=CARTESIAN_POINT('Origin',(32.3715734787508,-7.2000000074506,-0.1));
#8950=CARTESIAN_POINT('',(33.6242646722089,-6.79583695141633,-0.0999999999999997));
#8951=CARTESIAN_POINT('',(29.0056391137858,-11.4144625098394,-0.0999999999999999));
#8952=CARTESIAN_POINT('Origin',(33.200000603497,-6.37157288270439,-0.1));
#8953=CARTESIAN_POINT('Origin',(-0.100000000000005,-5.67844112286106,-0.500000000000001));
#8954=CARTESIAN_POINT('',(-0.100000000000007,-5.67844112286106,1.1));
#8955=CARTESIAN_POINT('',(-0.100000000000005,-5.67844112286106,-0.500000000000001));
#8956=CARTESIAN_POINT('',(-0.300000000000007,-5.67844112286106,1.1));
#8957=CARTESIAN_POINT('',(1.3,-5.67844112286106,1.1));
#8958=CARTESIAN_POINT('',(-0.300000000000005,-5.67844112286106,-0.500000000000001));
#8959=CARTESIAN_POINT('Origin',(-0.300000000000005,-5.67844112286106,-0.500000000000001));
#8960=CARTESIAN_POINT('',(-0.300000000000007,-6.3715728827044,1.1));
#8961=CARTESIAN_POINT('',(-0.300000000000005,-6.3715728827044,1.1));
#8962=CARTESIAN_POINT('',(-0.300000000000005,-6.3715728827044,-0.500000000000001));
#8963=CARTESIAN_POINT('Origin',(0.299999999999992,-6.3715728827044,-0.500000000000001));
#8964=CARTESIAN_POINT('',(-0.124264068711937,-6.79583695141632,1.1));
#8965=CARTESIAN_POINT('Origin',(0.299999999999992,-6.3715728827044,1.1));
#8966=CARTESIAN_POINT('',(-0.124264068711937,-6.79583695141632,-0.500000000000001));
#8967=CARTESIAN_POINT('Origin',(-0.124264068711937,-6.79583695141632,-0.500000000000001));
#8968=CARTESIAN_POINT('',(0.704163056034255,-7.6242640761625,1.1));
#8969=CARTESIAN_POINT('',(0.704163056034256,-7.6242640761625,1.1));
#8970=CARTESIAN_POINT('',(0.704163056034256,-7.6242640761625,-0.500000000000001));
#8971=CARTESIAN_POINT('Origin',(1.12842712474619,-7.20000000745057,-0.500000000000001));
#8972=CARTESIAN_POINT('',(1.12842712474619,-7.80000000745058,1.1));
#8973=CARTESIAN_POINT('Origin',(1.12842712474619,-7.20000000745057,1.1));
#8974=CARTESIAN_POINT('',(1.12842712474618,-7.80000000745058,-0.500000000000001));
#8975=CARTESIAN_POINT('Origin',(1.12842712474619,-7.80000000745058,-0.500000000000001));
#8976=CARTESIAN_POINT('',(32.3715734787508,-7.80000000745058,1.1));
#8977=CARTESIAN_POINT('',(32.3715734787508,-7.80000000745058,1.1));
#8978=CARTESIAN_POINT('',(32.3715734787508,-7.80000000745058,-0.5));
#8979=CARTESIAN_POINT('Origin',(32.3715734787508,-7.2000000074506,-0.5));
#8980=CARTESIAN_POINT('',(32.7958375474628,-7.62426407616251,1.1));
#8981=CARTESIAN_POINT('Origin',(32.3715734787508,-7.2000000074506,1.1));
#8982=CARTESIAN_POINT('',(32.7958375474628,-7.62426407616251,-0.5));
#8983=CARTESIAN_POINT('Origin',(32.7958375474628,-7.62426407616251,-0.5));
#8984=CARTESIAN_POINT('',(33.6242646722089,-6.79583695141633,1.1));
#8985=CARTESIAN_POINT('',(33.6242646722089,-6.79583695141633,1.1));
#8986=CARTESIAN_POINT('',(33.6242646722089,-6.79583695141633,-0.5));
#8987=CARTESIAN_POINT('Origin',(33.200000603497,-6.37157288270439,-0.5));
#8988=CARTESIAN_POINT('',(33.800000603497,-6.37157288270439,1.1));
#8989=CARTESIAN_POINT('Origin',(33.200000603497,-6.37157288270439,1.1));
#8990=CARTESIAN_POINT('',(33.800000603497,-6.37157288270439,-0.5));
#8991=CARTESIAN_POINT('Origin',(33.800000603497,-6.37157288270439,-0.5));
#8992=CARTESIAN_POINT('',(33.800000603497,-5.67844112286107,1.1));
#8993=CARTESIAN_POINT('',(33.800000603497,36.3715733297392,1.1));
#8994=CARTESIAN_POINT('',(33.800000603497,-5.67844112286107,-0.5));
#8995=CARTESIAN_POINT('Origin',(-0.100000000000005,-6.3715728827044,-0.500000000000001));
#8996=CARTESIAN_POINT('',(-0.100000000000007,-6.3715728827044,1.1));
#8997=CARTESIAN_POINT('',(-0.100000000000005,-6.3715728827044,-0.500000000000001));
#8998=CARTESIAN_POINT('',(-0.100000000000005,-6.3715728827044,1.1));
#8999=CARTESIAN_POINT('Origin',(0.299999999999992,-6.3715728827044,-0.500000000000001));
#9000=CARTESIAN_POINT('',(0.0171572875253734,-6.65441559517901,1.1));
#9001=CARTESIAN_POINT('',(0.0171572875253722,-6.65441559517901,-0.500000000000001));
#9002=CARTESIAN_POINT('Origin',(0.299999999999992,-6.3715728827044,1.1));
#9003=CARTESIAN_POINT('Origin',(0.845584412271565,-7.4828427199252,-0.500000000000001));
#9004=CARTESIAN_POINT('',(0.845584412271565,-7.4828427199252,1.1));
#9005=CARTESIAN_POINT('',(0.845584412271565,-7.4828427199252,-0.500000000000001));
#9006=CARTESIAN_POINT('',(0.845584412271565,-7.4828427199252,1.1));
#9007=CARTESIAN_POINT('Origin',(1.12842712474619,-7.20000000745057,-0.500000000000001));
#9008=CARTESIAN_POINT('',(1.12842712474619,-7.60000000745058,1.1));
#9009=CARTESIAN_POINT('',(1.12842712474618,-7.60000000745058,-0.500000000000001));
#9010=CARTESIAN_POINT('Origin',(1.12842712474619,-7.20000000745057,1.1));
#9011=CARTESIAN_POINT('Origin',(32.3715734787508,-7.60000000745058,-0.5));
#9012=CARTESIAN_POINT('',(32.3715734787508,-7.60000000745058,1.1));
#9013=CARTESIAN_POINT('',(32.3715734787508,-7.60000000745058,-0.5));
#9014=CARTESIAN_POINT('',(32.3715734787508,-7.60000000745058,1.1));
#9015=CARTESIAN_POINT('Origin',(32.3715734787508,-7.2000000074506,-0.5));
#9016=CARTESIAN_POINT('',(32.6544161912255,-7.4828427199252,1.1));
#9017=CARTESIAN_POINT('',(32.6544161912255,-7.4828427199252,-0.5));
#9018=CARTESIAN_POINT('Origin',(32.3715734787508,-7.2000000074506,1.1));
#9019=CARTESIAN_POINT('Origin',(33.4828433159716,-6.65441559517902,-0.5));
#9020=CARTESIAN_POINT('',(33.4828433159716,-6.65441559517902,1.1));
#9021=CARTESIAN_POINT('',(33.4828433159716,-6.65441559517902,-0.5));
#9022=CARTESIAN_POINT('',(33.4828433159716,-6.65441559517902,1.1));
#9023=CARTESIAN_POINT('Origin',(33.200000603497,-6.37157288270439,-0.5));
#9024=CARTESIAN_POINT('',(33.600000603497,-6.37157288270439,1.1));
#9025=CARTESIAN_POINT('',(33.600000603497,-6.37157288270439,-0.5));
#9026=CARTESIAN_POINT('Origin',(33.200000603497,-6.37157288270439,1.1));
#9027=CARTESIAN_POINT('Origin',(33.600000603497,-5.67844112286106,-0.5));
#9028=CARTESIAN_POINT('',(33.600000603497,-5.67844112286107,1.1));
#9029=CARTESIAN_POINT('',(33.600000603497,-5.67844112286107,-0.5));
#9030=CARTESIAN_POINT('',(33.600000603497,36.3715733297392,1.1));
#9031=CARTESIAN_POINT('Origin',(33.800000603497,-5.67844112286107,-0.5));
#9032=CARTESIAN_POINT('',(32.200000603497,-5.67844112286107,1.1));
#9033=CARTESIAN_POINT('Origin',(16.7500003017485,-6.73922056515582,1.1));
#9034=CARTESIAN_POINT('',(0.00751566025420147,-0.0226783087618623,0.0118748180299125));
#9035=UNCERTAINTY_MEASURE_WITH_UNIT(LENGTH_MEASURE(0.01),#9041,
'DISTANCE_ACCURACY_VALUE',
'Maximum model space distance between geometric entities at asserted c
onnectivities');
#9036=UNCERTAINTY_MEASURE_WITH_UNIT(LENGTH_MEASURE(0.01),#9041,
'DISTANCE_ACCURACY_VALUE',
'Maximum model space distance between geometric entities at asserted c
onnectivities');
#9037=UNCERTAINTY_MEASURE_WITH_UNIT(LENGTH_MEASURE(0.01),#9041,
'DISTANCE_ACCURACY_VALUE',
'Maximum model space distance between geometric entities at asserted c
onnectivities');
#9038=(
GEOMETRIC_REPRESENTATION_CONTEXT(3)
GLOBAL_UNCERTAINTY_ASSIGNED_CONTEXT((#9035))
GLOBAL_UNIT_ASSIGNED_CONTEXT((#9041,#9043,#9044))
REPRESENTATION_CONTEXT('','3D')
);
#9039=(
GEOMETRIC_REPRESENTATION_CONTEXT(3)
GLOBAL_UNCERTAINTY_ASSIGNED_CONTEXT((#9036))
GLOBAL_UNIT_ASSIGNED_CONTEXT((#9041,#9043,#9044))
REPRESENTATION_CONTEXT('','3D')
);
#9040=(
GEOMETRIC_REPRESENTATION_CONTEXT(3)
GLOBAL_UNCERTAINTY_ASSIGNED_CONTEXT((#9037))
GLOBAL_UNIT_ASSIGNED_CONTEXT((#9041,#9043,#9044))
REPRESENTATION_CONTEXT('','3D')
);
#9041=(
LENGTH_UNIT()
NAMED_UNIT(*)
SI_UNIT(.MILLI.,.METRE.)
);
#9042=(
LENGTH_UNIT()
NAMED_UNIT(*)
SI_UNIT($,.METRE.)
);
#9043=(
NAMED_UNIT(*)
PLANE_ANGLE_UNIT()
SI_UNIT($,.RADIAN.)
);
#9044=(
NAMED_UNIT(*)
SI_UNIT($,.STERADIAN.)
SOLID_ANGLE_UNIT()
);
#9045=SHAPE_DEFINITION_REPRESENTATION(#9047,#9050);
#9046=SHAPE_DEFINITION_REPRESENTATION(#9048,#9051);
#9047=PRODUCT_DEFINITION_SHAPE('',$,#9053);
#9048=PRODUCT_DEFINITION_SHAPE('',$,#9054);
#9049=PRODUCT_DEFINITION_SHAPE($,$,#14);
#9050=SHAPE_REPRESENTATION('',(#5125,#5590),#9038);
#9051=SHAPE_REPRESENTATION('',(#5126),#9039);
#9052=PRODUCT_DEFINITION_CONTEXT('part definition',#9060,'design');
#9053=PRODUCT_DEFINITION('track','track v17',#9055,#9052);
#9054=PRODUCT_DEFINITION('Case','Case',#9056,#9052);
#9055=PRODUCT_DEFINITION_FORMATION('',$,#9062);
#9056=PRODUCT_DEFINITION_FORMATION('',$,#9063);
#9057=PRODUCT_RELATED_PRODUCT_CATEGORY('track v17','track v17',(#9062));
#9058=PRODUCT_RELATED_PRODUCT_CATEGORY('Case','Case',(#9063));
#9059=APPLICATION_PROTOCOL_DEFINITION('international standard',
'automotive_design',2009,#9060);
#9060=APPLICATION_CONTEXT(
'Core Data for Automotive Mechanical Design Process');
#9061=PRODUCT_CONTEXT('part definition',#9060,'mechanical');
#9062=PRODUCT('track','track v17',$,(#9061));
#9063=PRODUCT('Case','Case',$,(#9061));
#9064=PRESENTATION_STYLE_ASSIGNMENT((#9067));
#9065=PRESENTATION_STYLE_ASSIGNMENT((#9068));
#9066=PRESENTATION_STYLE_ASSIGNMENT((#9069));
#9067=SURFACE_STYLE_USAGE(.BOTH.,#9070);
#9068=SURFACE_STYLE_USAGE(.BOTH.,#9071);
#9069=SURFACE_STYLE_USAGE(.BOTH.,#9072);
#9070=SURFACE_SIDE_STYLE('',(#9073));
#9071=SURFACE_SIDE_STYLE('',(#9074));
#9072=SURFACE_SIDE_STYLE('',(#9075));
#9073=SURFACE_STYLE_FILL_AREA(#9076);
#9074=SURFACE_STYLE_FILL_AREA(#9077);
#9075=SURFACE_STYLE_FILL_AREA(#9078);
#9076=FILL_AREA_STYLE('Steel - Satin',(#9079));
#9077=FILL_AREA_STYLE('ABS (White)',(#9080));
#9078=FILL_AREA_STYLE('ABS (White)',(#9081));
#9079=FILL_AREA_STYLE_COLOUR('Steel - Satin',#9082);
#9080=FILL_AREA_STYLE_COLOUR('ABS (White)',#9083);
#9081=FILL_AREA_STYLE_COLOUR('ABS (White)',#9084);
#9082=COLOUR_RGB('Steel - Satin',0.627450980392157,0.627450980392157,0.627450980392157);
#9083=COLOUR_RGB('ABS (White)',0.988235294117647,0.,0.);
#9084=COLOUR_RGB('ABS (White)',0.964705882352941,0.964705882352941,0.952941176470588);
ENDSEC;
END-ISO-10303-21;
