ISO-10303-21;
HEADER;
/* Generated by software containing ST-Developer
 * from STEP Tools, Inc. (www.steptools.com) 
 */

FILE_DESCRIPTION(
/* description */ (''),
/* implementation_level */ '2;1');

FILE_NAME(
/* name */ 'caseR1.step',
/* time_stamp */ '2026-09-24T04:56:06+05:00',
/* author */ (''),
/* organization */ (''),
/* preprocessor_version */ 'ST-DEVELOPER v20.2',
/* originating_system */ 'Autodesk Translation Framework v15.15.0.0',
/* authorisation */ '');

FILE_SCHEMA (('AUTOMOTIVE_DESIGN { 1 0 10303 214 3 1 1 }'));
ENDSEC;

DATA;
#10=MECHANICAL_DESIGN_GEOMETRIC_PRESENTATION_REPRESENTATION('',(#21,#22,
#23),#3484);
#11=ITEM_DEFINED_TRANSFORMATION($,$,#2118,#2286);
#12=(
REPRESENTATION_RELATIONSHIP($,$,#3495,#3494)
REPRESENTATION_RELATIONSHIP_WITH_TRANSFORMATION(#11)
SHAPE_REPRESENTATION_RELATIONSHIP()
);
#13=CONTEXT_DEPENDENT_SHAPE_REPRESENTATION(#12,#3493);
#14=NEXT_ASSEMBLY_USAGE_OCCURRENCE('Cover:1','Cover:1','Cover:1',#3497,
#3498,'Cover:1');
#15=B_SPLINE_CURVE_WITH_KNOTS('',3,(#3375,#3376,#3377,#3378,#3379),
 .UNSPECIFIED.,.F.,.F.,(4,1,4),(0.,0.249632596969604,0.998530507087708),
 .UNSPECIFIED.);
#16=B_SPLINE_CURVE_WITH_KNOTS('',3,(#3381,#3382,#3383,#3384,#3385),
 .UNSPECIFIED.,.F.,.F.,(4,1,4),(-0.998530507087708,-0.249632596969604,0.),
 .UNSPECIFIED.);
#17=SHAPE_REPRESENTATION_RELATIONSHIP('SRR','None',#3495,#19);
#18=SHAPE_REPRESENTATION_RELATIONSHIP('SRR','None',#3494,#20);
#19=ADVANCED_BREP_SHAPE_REPRESENTATION('',(#24),#3483);
#20=ADVANCED_BREP_SHAPE_REPRESENTATION('',(#25,#26),#3482);
#21=STYLED_ITEM('',(#3510),#24);
#22=STYLED_ITEM('',(#3509),#25);
#23=STYLED_ITEM('',(#3509),#26);
#24=MANIFOLD_SOLID_BREP('Cover',#2102);
#25=MANIFOLD_SOLID_BREP('1 (1)',#2103);
#26=MANIFOLD_SOLID_BREP('R (1)',#2104);
#27=CONICAL_SURFACE('',#2222,1.67873815390345,0.785398163397447);
#28=CONICAL_SURFACE('',#2225,1.67873815390345,0.785398163397448);
#29=CONICAL_SURFACE('',#2228,0.97,0.785398163397448);
#30=CONICAL_SURFACE('',#2231,0.970000000000001,0.785398163397447);
#31=CYLINDRICAL_SURFACE('',#2140,2.);
#32=CYLINDRICAL_SURFACE('',#2160,2.);
#33=CYLINDRICAL_SURFACE('',#2191,2.50000000000001);
#34=CYLINDRICAL_SURFACE('',#2210,2.5);
#35=CYLINDRICAL_SURFACE('',#2236,1.52873815390345);
#36=CYLINDRICAL_SURFACE('',#2238,1.52873815390345);
#37=CYLINDRICAL_SURFACE('',#2246,1.02999998793006);
#38=CYLINDRICAL_SURFACE('',#2249,1.02999998793006);
#39=CYLINDRICAL_SURFACE('',#2259,1.12);
#40=CYLINDRICAL_SURFACE('',#2260,1.12);
#41=FACE_BOUND('',#223,.T.);
#42=FACE_BOUND('',#224,.T.);
#43=FACE_BOUND('',#242,.T.);
#44=FACE_BOUND('',#298,.T.);
#45=FACE_BOUND('',#328,.T.);
#46=FACE_BOUND('',#330,.T.);
#47=CIRCLE('',#2127,2.);
#48=CIRCLE('',#2130,2.);
#49=CIRCLE('',#2131,2.5);
#50=CIRCLE('',#2132,2.50000000000001);
#51=CIRCLE('',#2133,2.);
#52=CIRCLE('',#2134,1.52873815390345);
#53=CIRCLE('',#2135,1.52873815390345);
#54=CIRCLE('',#2141,2.);
#55=CIRCLE('',#2142,2.);
#56=CIRCLE('',#2145,2.);
#57=CIRCLE('',#2146,2.);
#58=CIRCLE('',#2149,2.);
#59=CIRCLE('',#2158,2.50000000000001);
#60=CIRCLE('',#2161,2.);
#61=CIRCLE('',#2162,2.);
#62=CIRCLE('',#2164,2.);
#63=CIRCLE('',#2165,2.);
#64=CIRCLE('',#2172,2.50000000000001);
#65=CIRCLE('',#2173,2.5);
#66=CIRCLE('',#2174,1.82873815390345);
#67=CIRCLE('',#2175,1.82873815390345);
#68=CIRCLE('',#2176,0.820000000000001);
#69=CIRCLE('',#2177,0.82);
#70=CIRCLE('',#2179,2.5);
#71=CIRCLE('',#2190,2.50000000000001);
#72=CIRCLE('',#2192,2.50000000000001);
#73=CIRCLE('',#2193,2.50000000000001);
#74=CIRCLE('',#2197,2.5);
#75=CIRCLE('',#2199,2.5);
#76=CIRCLE('',#2209,2.5);
#77=CIRCLE('',#2223,1.52873815390345);
#78=CIRCLE('',#2226,1.52873815390345);
#79=CIRCLE('',#2229,1.12);
#80=CIRCLE('',#2232,1.12);
#81=CIRCLE('',#2242,1.02999998793006);
#82=CIRCLE('',#2243,1.02999998793006);
#83=CIRCLE('',#2247,1.02999998793006);
#84=CIRCLE('',#2250,1.02999998793006);
#85=CIRCLE('',#2254,1.12);
#86=CIRCLE('',#2255,1.12);
#87=ELLIPSE('',#2125,2.82842712474619,2.);
#88=ELLIPSE('',#2143,2.82842712474619,2.);
#89=ELLIPSE('',#2144,2.82842923209253,2.);
#90=ELLIPSE('',#2147,2.82840157373687,2.);
#91=ELLIPSE('',#2148,2.82842601839161,2.);
#92=ELLIPSE('',#2152,3.53550196717111,2.50000000000001);
#93=ELLIPSE('',#2163,2.82842923209253,2.);
#94=ELLIPSE('',#2166,2.82842601839161,2.);
#95=ELLIPSE('',#2167,2.82843691076872,2.);
#96=ELLIPSE('',#2169,3.53553252298951,2.5);
#97=ELLIPSE('',#2183,3.53553252298953,2.50000000000001);
#98=ELLIPSE('',#2186,3.5355461384609,2.5);
#99=ELLIPSE('',#2194,3.53554869259581,2.50000000000001);
#100=ELLIPSE('',#2195,3.53553390593274,2.50000000000001);
#101=ELLIPSE('',#2203,3.5355486925958,2.5);
#102=ELLIPSE('',#2205,3.53553390593273,2.5);
#103=FACE_OUTER_BOUND('',#214,.T.);
#104=FACE_OUTER_BOUND('',#215,.T.);
#105=FACE_OUTER_BOUND('',#216,.T.);
#106=FACE_OUTER_BOUND('',#217,.T.);
#107=FACE_OUTER_BOUND('',#218,.T.);
#108=FACE_OUTER_BOUND('',#219,.T.);
#109=FACE_OUTER_BOUND('',#220,.T.);
#110=FACE_OUTER_BOUND('',#221,.T.);
#111=FACE_OUTER_BOUND('',#222,.T.);
#112=FACE_OUTER_BOUND('',#225,.T.);
#113=FACE_OUTER_BOUND('',#226,.T.);
#114=FACE_OUTER_BOUND('',#227,.T.);
#115=FACE_OUTER_BOUND('',#228,.T.);
#116=FACE_OUTER_BOUND('',#229,.T.);
#117=FACE_OUTER_BOUND('',#230,.T.);
#118=FACE_OUTER_BOUND('',#231,.T.);
#119=FACE_OUTER_BOUND('',#232,.T.);
#120=FACE_OUTER_BOUND('',#233,.T.);
#121=FACE_OUTER_BOUND('',#234,.T.);
#122=FACE_OUTER_BOUND('',#235,.T.);
#123=FACE_OUTER_BOUND('',#236,.T.);
#124=FACE_OUTER_BOUND('',#237,.T.);
#125=FACE_OUTER_BOUND('',#238,.T.);
#126=FACE_OUTER_BOUND('',#239,.T.);
#127=FACE_OUTER_BOUND('',#240,.T.);
#128=FACE_OUTER_BOUND('',#241,.T.);
#129=FACE_OUTER_BOUND('',#243,.T.);
#130=FACE_OUTER_BOUND('',#244,.T.);
#131=FACE_OUTER_BOUND('',#245,.T.);
#132=FACE_OUTER_BOUND('',#246,.T.);
#133=FACE_OUTER_BOUND('',#247,.T.);
#134=FACE_OUTER_BOUND('',#248,.T.);
#135=FACE_OUTER_BOUND('',#249,.T.);
#136=FACE_OUTER_BOUND('',#250,.T.);
#137=FACE_OUTER_BOUND('',#251,.T.);
#138=FACE_OUTER_BOUND('',#252,.T.);
#139=FACE_OUTER_BOUND('',#253,.T.);
#140=FACE_OUTER_BOUND('',#254,.T.);
#141=FACE_OUTER_BOUND('',#255,.T.);
#142=FACE_OUTER_BOUND('',#256,.T.);
#143=FACE_OUTER_BOUND('',#257,.T.);
#144=FACE_OUTER_BOUND('',#258,.T.);
#145=FACE_OUTER_BOUND('',#259,.T.);
#146=FACE_OUTER_BOUND('',#260,.T.);
#147=FACE_OUTER_BOUND('',#261,.T.);
#148=FACE_OUTER_BOUND('',#262,.T.);
#149=FACE_OUTER_BOUND('',#263,.T.);
#150=FACE_OUTER_BOUND('',#264,.T.);
#151=FACE_OUTER_BOUND('',#265,.T.);
#152=FACE_OUTER_BOUND('',#266,.T.);
#153=FACE_OUTER_BOUND('',#267,.T.);
#154=FACE_OUTER_BOUND('',#268,.T.);
#155=FACE_OUTER_BOUND('',#269,.T.);
#156=FACE_OUTER_BOUND('',#270,.T.);
#157=FACE_OUTER_BOUND('',#271,.T.);
#158=FACE_OUTER_BOUND('',#272,.T.);
#159=FACE_OUTER_BOUND('',#273,.T.);
#160=FACE_OUTER_BOUND('',#274,.T.);
#161=FACE_OUTER_BOUND('',#275,.T.);
#162=FACE_OUTER_BOUND('',#276,.T.);
#163=FACE_OUTER_BOUND('',#277,.T.);
#164=FACE_OUTER_BOUND('',#278,.T.);
#165=FACE_OUTER_BOUND('',#279,.T.);
#166=FACE_OUTER_BOUND('',#280,.T.);
#167=FACE_OUTER_BOUND('',#281,.T.);
#168=FACE_OUTER_BOUND('',#282,.T.);
#169=FACE_OUTER_BOUND('',#283,.T.);
#170=FACE_OUTER_BOUND('',#284,.T.);
#171=FACE_OUTER_BOUND('',#285,.T.);
#172=FACE_OUTER_BOUND('',#286,.T.);
#173=FACE_OUTER_BOUND('',#287,.T.);
#174=FACE_OUTER_BOUND('',#288,.T.);
#175=FACE_OUTER_BOUND('',#289,.T.);
#176=FACE_OUTER_BOUND('',#290,.T.);
#177=FACE_OUTER_BOUND('',#291,.T.);
#178=FACE_OUTER_BOUND('',#292,.T.);
#179=FACE_OUTER_BOUND('',#293,.T.);
#180=FACE_OUTER_BOUND('',#294,.T.);
#181=FACE_OUTER_BOUND('',#295,.T.);
#182=FACE_OUTER_BOUND('',#296,.T.);
#183=FACE_OUTER_BOUND('',#297,.T.);
#184=FACE_OUTER_BOUND('',#299,.T.);
#185=FACE_OUTER_BOUND('',#300,.T.);
#186=FACE_OUTER_BOUND('',#301,.T.);
#187=FACE_OUTER_BOUND('',#302,.T.);
#188=FACE_OUTER_BOUND('',#303,.T.);
#189=FACE_OUTER_BOUND('',#304,.T.);
#190=FACE_OUTER_BOUND('',#305,.T.);
#191=FACE_OUTER_BOUND('',#306,.T.);
#192=FACE_OUTER_BOUND('',#307,.T.);
#193=FACE_OUTER_BOUND('',#308,.T.);
#194=FACE_OUTER_BOUND('',#309,.T.);
#195=FACE_OUTER_BOUND('',#310,.T.);
#196=FACE_OUTER_BOUND('',#311,.T.);
#197=FACE_OUTER_BOUND('',#312,.T.);
#198=FACE_OUTER_BOUND('',#313,.T.);
#199=FACE_OUTER_BOUND('',#314,.T.);
#200=FACE_OUTER_BOUND('',#315,.T.);
#201=FACE_OUTER_BOUND('',#316,.T.);
#202=FACE_OUTER_BOUND('',#317,.T.);
#203=FACE_OUTER_BOUND('',#318,.T.);
#204=FACE_OUTER_BOUND('',#319,.T.);
#205=FACE_OUTER_BOUND('',#320,.T.);
#206=FACE_OUTER_BOUND('',#321,.T.);
#207=FACE_OUTER_BOUND('',#322,.T.);
#208=FACE_OUTER_BOUND('',#323,.T.);
#209=FACE_OUTER_BOUND('',#324,.T.);
#210=FACE_OUTER_BOUND('',#325,.T.);
#211=FACE_OUTER_BOUND('',#326,.T.);
#212=FACE_OUTER_BOUND('',#327,.T.);
#213=FACE_OUTER_BOUND('',#329,.T.);
#214=EDGE_LOOP('',(#1300,#1301,#1302,#1303,#1304,#1305));
#215=EDGE_LOOP('',(#1306,#1307,#1308,#1309));
#216=EDGE_LOOP('',(#1310,#1311,#1312,#1313));
#217=EDGE_LOOP('',(#1314,#1315,#1316,#1317));
#218=EDGE_LOOP('',(#1318,#1319,#1320,#1321,#1322,#1323));
#219=EDGE_LOOP('',(#1324,#1325,#1326,#1327));
#220=EDGE_LOOP('',(#1328,#1329,#1330,#1331));
#221=EDGE_LOOP('',(#1332,#1333,#1334,#1335,#1336,#1337,#1338,#1339,#1340,
#1341,#1342,#1343,#1344,#1345,#1346,#1347));
#222=EDGE_LOOP('',(#1348,#1349,#1350,#1351,#1352,#1353,#1354,#1355,#1356,
#1357,#1358,#1359));
#223=EDGE_LOOP('',(#1360,#1361,#1362,#1363,#1364,#1365));
#224=EDGE_LOOP('',(#1366,#1367,#1368,#1369,#1370,#1371));
#225=EDGE_LOOP('',(#1372,#1373,#1374,#1375));
#226=EDGE_LOOP('',(#1376,#1377,#1378,#1379));
#227=EDGE_LOOP('',(#1380,#1381,#1382,#1383));
#228=EDGE_LOOP('',(#1384,#1385,#1386,#1387));
#229=EDGE_LOOP('',(#1388,#1389,#1390,#1391,#1392,#1393,#1394,#1395,#1396,
#1397,#1398,#1399,#1400,#1401,#1402,#1403));
#230=EDGE_LOOP('',(#1404,#1405,#1406,#1407));
#231=EDGE_LOOP('',(#1408,#1409,#1410,#1411));
#232=EDGE_LOOP('',(#1412,#1413,#1414,#1415));
#233=EDGE_LOOP('',(#1416,#1417,#1418,#1419));
#234=EDGE_LOOP('',(#1420,#1421,#1422,#1423));
#235=EDGE_LOOP('',(#1424,#1425,#1426,#1427));
#236=EDGE_LOOP('',(#1428,#1429,#1430,#1431));
#237=EDGE_LOOP('',(#1432,#1433,#1434,#1435));
#238=EDGE_LOOP('',(#1436,#1437,#1438,#1439,#1440,#1441,#1442,#1443,#1444,
#1445,#1446,#1447,#1448,#1449,#1450,#1451));
#239=EDGE_LOOP('',(#1452,#1453,#1454,#1455));
#240=EDGE_LOOP('',(#1456,#1457,#1458,#1459));
#241=EDGE_LOOP('',(#1460,#1461,#1462,#1463,#1464,#1465,#1466,#1467));
#242=EDGE_LOOP('',(#1468,#1469,#1470,#1471,#1472,#1473,#1474,#1475,#1476,
#1477,#1478,#1479));
#243=EDGE_LOOP('',(#1480,#1481,#1482,#1483));
#244=EDGE_LOOP('',(#1484,#1485,#1486,#1487));
#245=EDGE_LOOP('',(#1488,#1489,#1490,#1491));
#246=EDGE_LOOP('',(#1492,#1493,#1494,#1495));
#247=EDGE_LOOP('',(#1496,#1497,#1498,#1499));
#248=EDGE_LOOP('',(#1500,#1501,#1502,#1503));
#249=EDGE_LOOP('',(#1504,#1505,#1506,#1507));
#250=EDGE_LOOP('',(#1508,#1509,#1510,#1511));
#251=EDGE_LOOP('',(#1512,#1513,#1514,#1515));
#252=EDGE_LOOP('',(#1516,#1517,#1518,#1519,#1520,#1521,#1522,#1523,#1524,
#1525,#1526,#1527,#1528,#1529,#1530,#1531));
#253=EDGE_LOOP('',(#1532,#1533,#1534,#1535));
#254=EDGE_LOOP('',(#1536,#1537,#1538,#1539));
#255=EDGE_LOOP('',(#1540,#1541,#1542,#1543));
#256=EDGE_LOOP('',(#1544,#1545,#1546,#1547));
#257=EDGE_LOOP('',(#1548,#1549,#1550,#1551));
#258=EDGE_LOOP('',(#1552,#1553,#1554,#1555));
#259=EDGE_LOOP('',(#1556,#1557,#1558,#1559));
#260=EDGE_LOOP('',(#1560,#1561,#1562,#1563));
#261=EDGE_LOOP('',(#1564,#1565,#1566,#1567));
#262=EDGE_LOOP('',(#1568,#1569,#1570,#1571,#1572,#1573,#1574,#1575,#1576,
#1577,#1578,#1579,#1580,#1581,#1582,#1583));
#263=EDGE_LOOP('',(#1584,#1585,#1586,#1587));
#264=EDGE_LOOP('',(#1588,#1589,#1590,#1591));
#265=EDGE_LOOP('',(#1592,#1593,#1594,#1595,#1596));
#266=EDGE_LOOP('',(#1597,#1598,#1599,#1600));
#267=EDGE_LOOP('',(#1601,#1602,#1603,#1604,#1605));
#268=EDGE_LOOP('',(#1606,#1607,#1608,#1609,#1610,#1611));
#269=EDGE_LOOP('',(#1612,#1613,#1614,#1615));
#270=EDGE_LOOP('',(#1616,#1617,#1618,#1619,#1620,#1621,#1622,#1623));
#271=EDGE_LOOP('',(#1624,#1625,#1626,#1627));
#272=EDGE_LOOP('',(#1628,#1629,#1630,#1631));
#273=EDGE_LOOP('',(#1632,#1633,#1634,#1635));
#274=EDGE_LOOP('',(#1636,#1637,#1638,#1639));
#275=EDGE_LOOP('',(#1640,#1641,#1642,#1643));
#276=EDGE_LOOP('',(#1644,#1645,#1646,#1647));
#277=EDGE_LOOP('',(#1648,#1649,#1650,#1651));
#278=EDGE_LOOP('',(#1652,#1653,#1654,#1655));
#279=EDGE_LOOP('',(#1656,#1657,#1658,#1659));
#280=EDGE_LOOP('',(#1660,#1661,#1662,#1663));
#281=EDGE_LOOP('',(#1664,#1665,#1666,#1667));
#282=EDGE_LOOP('',(#1668,#1669,#1670,#1671));
#283=EDGE_LOOP('',(#1672,#1673,#1674,#1675));
#284=EDGE_LOOP('',(#1676,#1677,#1678,#1679));
#285=EDGE_LOOP('',(#1680,#1681,#1682,#1683));
#286=EDGE_LOOP('',(#1684,#1685,#1686,#1687));
#287=EDGE_LOOP('',(#1688,#1689,#1690,#1691));
#288=EDGE_LOOP('',(#1692,#1693,#1694,#1695));
#289=EDGE_LOOP('',(#1696,#1697,#1698,#1699));
#290=EDGE_LOOP('',(#1700,#1701,#1702,#1703,#1704,#1705,#1706,#1707,#1708,
#1709));
#291=EDGE_LOOP('',(#1710,#1711,#1712,#1713,#1714,#1715,#1716,#1717,#1718,
#1719));
#292=EDGE_LOOP('',(#1720,#1721,#1722,#1723));
#293=EDGE_LOOP('',(#1724,#1725,#1726,#1727));
#294=EDGE_LOOP('',(#1728,#1729,#1730,#1731));
#295=EDGE_LOOP('',(#1732,#1733,#1734,#1735));
#296=EDGE_LOOP('',(#1736,#1737,#1738,#1739));
#297=EDGE_LOOP('',(#1740,#1741,#1742,#1743,#1744,#1745));
#298=EDGE_LOOP('',(#1746,#1747,#1748,#1749));
#299=EDGE_LOOP('',(#1750,#1751,#1752,#1753));
#300=EDGE_LOOP('',(#1754,#1755,#1756,#1757));
#301=EDGE_LOOP('',(#1758,#1759,#1760,#1761));
#302=EDGE_LOOP('',(#1762,#1763,#1764,#1765));
#303=EDGE_LOOP('',(#1766,#1767,#1768,#1769));
#304=EDGE_LOOP('',(#1770,#1771,#1772,#1773));
#305=EDGE_LOOP('',(#1774,#1775,#1776,#1777));
#306=EDGE_LOOP('',(#1778,#1779,#1780,#1781));
#307=EDGE_LOOP('',(#1782,#1783,#1784,#1785));
#308=EDGE_LOOP('',(#1786,#1787,#1788,#1789));
#309=EDGE_LOOP('',(#1790,#1791,#1792,#1793));
#310=EDGE_LOOP('',(#1794,#1795,#1796,#1797));
#311=EDGE_LOOP('',(#1798,#1799,#1800,#1801,#1802,#1803));
#312=EDGE_LOOP('',(#1804,#1805,#1806,#1807,#1808,#1809));
#313=EDGE_LOOP('',(#1810,#1811,#1812,#1813));
#314=EDGE_LOOP('',(#1814,#1815,#1816,#1817));
#315=EDGE_LOOP('',(#1818,#1819,#1820,#1821));
#316=EDGE_LOOP('',(#1822,#1823,#1824,#1825));
#317=EDGE_LOOP('',(#1826,#1827,#1828,#1829));
#318=EDGE_LOOP('',(#1830,#1831,#1832,#1833));
#319=EDGE_LOOP('',(#1834,#1835,#1836,#1837));
#320=EDGE_LOOP('',(#1838,#1839,#1840,#1841));
#321=EDGE_LOOP('',(#1842,#1843,#1844,#1845));
#322=EDGE_LOOP('',(#1846,#1847,#1848,#1849));
#323=EDGE_LOOP('',(#1850,#1851,#1852,#1853));
#324=EDGE_LOOP('',(#1854,#1855,#1856,#1857));
#325=EDGE_LOOP('',(#1858,#1859,#1860,#1861));
#326=EDGE_LOOP('',(#1862,#1863,#1864,#1865));
#327=EDGE_LOOP('',(#1866,#1867,#1868,#1869,#1870,#1871,#1872,#1873,#1874,
#1875));
#328=EDGE_LOOP('',(#1876,#1877,#1878,#1879));
#329=EDGE_LOOP('',(#1880,#1881,#1882,#1883,#1884,#1885,#1886,#1887,#1888,
#1889));
#330=EDGE_LOOP('',(#1890,#1891,#1892,#1893));
#331=LINE('',#2871,#570);
#332=LINE('',#2873,#571);
#333=LINE('',#2875,#572);
#334=LINE('',#2877,#573);
#335=LINE('',#2879,#574);
#336=LINE('',#2880,#575);
#337=LINE('',#2883,#576);
#338=LINE('',#2885,#577);
#339=LINE('',#2886,#578);
#340=LINE('',#2889,#579);
#341=LINE('',#2890,#580);
#342=LINE('',#2893,#581);
#343=LINE('',#2894,#582);
#344=LINE('',#2898,#583);
#345=LINE('',#2900,#584);
#346=LINE('',#2902,#585);
#347=LINE('',#2904,#586);
#348=LINE('',#2906,#587);
#349=LINE('',#2907,#588);
#350=LINE('',#2910,#589);
#351=LINE('',#2913,#590);
#352=LINE('',#2916,#591);
#353=LINE('',#2920,#592);
#354=LINE('',#2922,#593);
#355=LINE('',#2924,#594);
#356=LINE('',#2926,#595);
#357=LINE('',#2928,#596);
#358=LINE('',#2930,#597);
#359=LINE('',#2932,#598);
#360=LINE('',#2933,#599);
#361=LINE('',#2935,#600);
#362=LINE('',#2937,#601);
#363=LINE('',#2939,#602);
#364=LINE('',#2940,#603);
#365=LINE('',#2945,#604);
#366=LINE('',#2949,#605);
#367=LINE('',#2953,#606);
#368=LINE('',#2957,#607);
#369=LINE('',#2959,#608);
#370=LINE('',#2961,#609);
#371=LINE('',#2962,#610);
#372=LINE('',#2965,#611);
#373=LINE('',#2967,#612);
#374=LINE('',#2969,#613);
#375=LINE('',#2971,#614);
#376=LINE('',#2973,#615);
#377=LINE('',#2974,#616);
#378=LINE('',#2977,#617);
#379=LINE('',#2981,#618);
#380=LINE('',#2983,#619);
#381=LINE('',#2985,#620);
#382=LINE('',#2989,#621);
#383=LINE('',#2990,#622);
#384=LINE('',#2992,#623);
#385=LINE('',#2996,#624);
#386=LINE('',#2998,#625);
#387=LINE('',#3000,#626);
#388=LINE('',#3001,#627);
#389=LINE('',#3003,#628);
#390=LINE('',#3004,#629);
#391=LINE('',#3013,#630);
#392=LINE('',#3018,#631);
#393=LINE('',#3020,#632);
#394=LINE('',#3026,#633);
#395=LINE('',#3031,#634);
#396=LINE('',#3034,#635);
#397=LINE('',#3036,#636);
#398=LINE('',#3037,#637);
#399=LINE('',#3040,#638);
#400=LINE('',#3044,#639);
#401=LINE('',#3045,#640);
#402=LINE('',#3048,#641);
#403=LINE('',#3049,#642);
#404=LINE('',#3052,#643);
#405=LINE('',#3053,#644);
#406=LINE('',#3056,#645);
#407=LINE('',#3057,#646);
#408=LINE('',#3062,#647);
#409=LINE('',#3063,#648);
#410=LINE('',#3068,#649);
#411=LINE('',#3073,#650);
#412=LINE('',#3077,#651);
#413=LINE('',#3083,#652);
#414=LINE('',#3087,#653);
#415=LINE('',#3090,#654);
#416=LINE('',#3093,#655);
#417=LINE('',#3095,#656);
#418=LINE('',#3096,#657);
#419=LINE('',#3099,#658);
#420=LINE('',#3103,#659);
#421=LINE('',#3109,#660);
#422=LINE('',#3113,#661);
#423=LINE('',#3115,#662);
#424=LINE('',#3117,#663);
#425=LINE('',#3121,#664);
#426=LINE('',#3125,#665);
#427=LINE('',#3127,#666);
#428=LINE('',#3128,#667);
#429=LINE('',#3132,#668);
#430=LINE('',#3134,#669);
#431=LINE('',#3138,#670);
#432=LINE('',#3141,#671);
#433=LINE('',#3142,#672);
#434=LINE('',#3146,#673);
#435=LINE('',#3149,#674);
#436=LINE('',#3150,#675);
#437=LINE('',#3152,#676);
#438=LINE('',#3156,#677);
#439=LINE('',#3161,#678);
#440=LINE('',#3162,#679);
#441=LINE('',#3164,#680);
#442=LINE('',#3170,#681);
#443=LINE('',#3174,#682);
#444=LINE('',#3177,#683);
#445=LINE('',#3180,#684);
#446=LINE('',#3183,#685);
#447=LINE('',#3187,#686);
#448=LINE('',#3189,#687);
#449=LINE('',#3190,#688);
#450=LINE('',#3198,#689);
#451=LINE('',#3199,#690);
#452=LINE('',#3203,#691);
#453=LINE('',#3204,#692);
#454=LINE('',#3209,#693);
#455=LINE('',#3210,#694);
#456=LINE('',#3213,#695);
#457=LINE('',#3214,#696);
#458=LINE('',#3217,#697);
#459=LINE('',#3218,#698);
#460=LINE('',#3221,#699);
#461=LINE('',#3222,#700);
#462=LINE('',#3225,#701);
#463=LINE('',#3227,#702);
#464=LINE('',#3228,#703);
#465=LINE('',#3231,#704);
#466=LINE('',#3233,#705);
#467=LINE('',#3235,#706);
#468=LINE('',#3237,#707);
#469=LINE('',#3238,#708);
#470=LINE('',#3239,#709);
#471=LINE('',#3242,#710);
#472=LINE('',#3243,#711);
#473=LINE('',#3244,#712);
#474=LINE('',#3246,#713);
#475=LINE('',#3249,#714);
#476=LINE('',#3250,#715);
#477=LINE('',#3253,#716);
#478=LINE('',#3257,#717);
#479=LINE('',#3258,#718);
#480=LINE('',#3261,#719);
#481=LINE('',#3264,#720);
#482=LINE('',#3267,#721);
#483=LINE('',#3271,#722);
#484=LINE('',#3272,#723);
#485=LINE('',#3275,#724);
#486=LINE('',#3278,#725);
#487=LINE('',#3280,#726);
#488=LINE('',#3282,#727);
#489=LINE('',#3283,#728);
#490=LINE('',#3286,#729);
#491=LINE('',#3289,#730);
#492=LINE('',#3296,#731);
#493=LINE('',#3299,#732);
#494=LINE('',#3302,#733);
#495=LINE('',#3303,#734);
#496=LINE('',#3306,#735);
#497=LINE('',#3307,#736);
#498=LINE('',#3312,#737);
#499=LINE('',#3313,#738);
#500=LINE('',#3316,#739);
#501=LINE('',#3317,#740);
#502=LINE('',#3321,#741);
#503=LINE('',#3323,#742);
#504=LINE('',#3326,#743);
#505=LINE('',#3327,#744);
#506=LINE('',#3330,#745);
#507=LINE('',#3334,#746);
#508=LINE('',#3337,#747);
#509=LINE('',#3339,#748);
#510=LINE('',#3342,#749);
#511=LINE('',#3344,#750);
#512=LINE('',#3349,#751);
#513=LINE('',#3351,#752);
#514=LINE('',#3353,#753);
#515=LINE('',#3354,#754);
#516=LINE('',#3357,#755);
#517=LINE('',#3359,#756);
#518=LINE('',#3360,#757);
#519=LINE('',#3363,#758);
#520=LINE('',#3365,#759);
#521=LINE('',#3366,#760);
#522=LINE('',#3369,#761);
#523=LINE('',#3371,#762);
#524=LINE('',#3372,#763);
#525=LINE('',#3386,#764);
#526=LINE('',#3388,#765);
#527=LINE('',#3389,#766);
#528=LINE('',#3395,#767);
#529=LINE('',#3397,#768);
#530=LINE('',#3399,#769);
#531=LINE('',#3400,#770);
#532=LINE('',#3403,#771);
#533=LINE('',#3405,#772);
#534=LINE('',#3406,#773);
#535=LINE('',#3409,#774);
#536=LINE('',#3411,#775);
#537=LINE('',#3412,#776);
#538=LINE('',#3414,#777);
#539=LINE('',#3415,#778);
#540=LINE('',#3419,#779);
#541=LINE('',#3421,#780);
#542=LINE('',#3423,#781);
#543=LINE('',#3424,#782);
#544=LINE('',#3427,#783);
#545=LINE('',#3429,#784);
#546=LINE('',#3430,#785);
#547=LINE('',#3433,#786);
#548=LINE('',#3435,#787);
#549=LINE('',#3436,#788);
#550=LINE('',#3439,#789);
#551=LINE('',#3441,#790);
#552=LINE('',#3442,#791);
#553=LINE('',#3445,#792);
#554=LINE('',#3447,#793);
#555=LINE('',#3448,#794);
#556=LINE('',#3451,#795);
#557=LINE('',#3453,#796);
#558=LINE('',#3454,#797);
#559=LINE('',#3457,#798);
#560=LINE('',#3459,#799);
#561=LINE('',#3460,#800);
#562=LINE('',#3463,#801);
#563=LINE('',#3465,#802);
#564=LINE('',#3466,#803);
#565=LINE('',#3469,#804);
#566=LINE('',#3471,#805);
#567=LINE('',#3472,#806);
#568=LINE('',#3474,#807);
#569=LINE('',#3475,#808);
#570=VECTOR('',#2293,10.);
#571=VECTOR('',#2294,10.);
#572=VECTOR('',#2295,10.);
#573=VECTOR('',#2296,10.);
#574=VECTOR('',#2297,10.);
#575=VECTOR('',#2298,10.);
#576=VECTOR('',#2301,10.);
#577=VECTOR('',#2302,10.);
#578=VECTOR('',#2303,10.);
#579=VECTOR('',#2306,10.);
#580=VECTOR('',#2307,10.);
#581=VECTOR('',#2310,10.);
#582=VECTOR('',#2311,10.);
#583=VECTOR('',#2314,10.);
#584=VECTOR('',#2315,10.);
#585=VECTOR('',#2316,10.);
#586=VECTOR('',#2317,10.);
#587=VECTOR('',#2318,10.);
#588=VECTOR('',#2319,10.);
#589=VECTOR('',#2322,10.);
#590=VECTOR('',#2325,10.);
#591=VECTOR('',#2328,10.);
#592=VECTOR('',#2333,10.);
#593=VECTOR('',#2334,10.);
#594=VECTOR('',#2335,10.);
#595=VECTOR('',#2336,10.);
#596=VECTOR('',#2337,10.);
#597=VECTOR('',#2338,10.);
#598=VECTOR('',#2339,10.);
#599=VECTOR('',#2340,10.);
#600=VECTOR('',#2341,10.);
#601=VECTOR('',#2342,10.);
#602=VECTOR('',#2343,10.);
#603=VECTOR('',#2344,10.);
#604=VECTOR('',#2349,10.);
#605=VECTOR('',#2352,10.);
#606=VECTOR('',#2355,10.);
#607=VECTOR('',#2358,10.);
#608=VECTOR('',#2359,10.);
#609=VECTOR('',#2360,10.);
#610=VECTOR('',#2361,10.);
#611=VECTOR('',#2362,10.);
#612=VECTOR('',#2363,10.);
#613=VECTOR('',#2364,10.);
#614=VECTOR('',#2365,10.);
#615=VECTOR('',#2366,10.);
#616=VECTOR('',#2367,10.);
#617=VECTOR('',#2368,10.);
#618=VECTOR('',#2371,10.);
#619=VECTOR('',#2372,10.);
#620=VECTOR('',#2373,10.);
#621=VECTOR('',#2378,10.);
#622=VECTOR('',#2379,10.);
#623=VECTOR('',#2382,10.);
#624=VECTOR('',#2385,10.);
#625=VECTOR('',#2386,10.);
#626=VECTOR('',#2387,10.);
#627=VECTOR('',#2388,10.);
#628=VECTOR('',#2391,10.);
#629=VECTOR('',#2392,10.);
#630=VECTOR('',#2401,10.);
#631=VECTOR('',#2406,10.);
#632=VECTOR('',#2407,10.);
#633=VECTOR('',#2412,10.);
#634=VECTOR('',#2417,10.);
#635=VECTOR('',#2420,10.);
#636=VECTOR('',#2421,10.);
#637=VECTOR('',#2422,10.);
#638=VECTOR('',#2425,10.);
#639=VECTOR('',#2430,10.);
#640=VECTOR('',#2431,10.);
#641=VECTOR('',#2434,10.);
#642=VECTOR('',#2435,10.);
#643=VECTOR('',#2438,10.);
#644=VECTOR('',#2439,10.);
#645=VECTOR('',#2442,10.);
#646=VECTOR('',#2443,10.);
#647=VECTOR('',#2450,10.);
#648=VECTOR('',#2451,10.);
#649=VECTOR('',#2456,10.);
#650=VECTOR('',#2461,10.);
#651=VECTOR('',#2464,10.);
#652=VECTOR('',#2469,10.);
#653=VECTOR('',#2474,10.);
#654=VECTOR('',#2477,10.);
#655=VECTOR('',#2480,10.);
#656=VECTOR('',#2481,10.);
#657=VECTOR('',#2482,10.);
#658=VECTOR('',#2485,10.);
#659=VECTOR('',#2488,10.);
#660=VECTOR('',#2493,10.);
#661=VECTOR('',#2496,10.);
#662=VECTOR('',#2497,10.);
#663=VECTOR('',#2498,10.);
#664=VECTOR('',#2501,10.);
#665=VECTOR('',#2504,10.);
#666=VECTOR('',#2505,10.);
#667=VECTOR('',#2506,10.);
#668=VECTOR('',#2513,10.);
#669=VECTOR('',#2516,10.);
#670=VECTOR('',#2521,10.);
#671=VECTOR('',#2524,10.);
#672=VECTOR('',#2525,10.);
#673=VECTOR('',#2530,10.);
#674=VECTOR('',#2533,10.);
#675=VECTOR('',#2534,10.);
#676=VECTOR('',#2537,10.);
#677=VECTOR('',#2542,10.);
#678=VECTOR('',#2547,10.);
#679=VECTOR('',#2548,10.);
#680=VECTOR('',#2549,10.);
#681=VECTOR('',#2554,10.);
#682=VECTOR('',#2559,10.);
#683=VECTOR('',#2562,10.);
#684=VECTOR('',#2565,10.);
#685=VECTOR('',#2568,10.);
#686=VECTOR('',#2573,10.);
#687=VECTOR('',#2574,10.);
#688=VECTOR('',#2575,10.);
#689=VECTOR('',#2588,10.);
#690=VECTOR('',#2589,10.);
#691=VECTOR('',#2596,10.);
#692=VECTOR('',#2597,10.);
#693=VECTOR('',#2604,10.);
#694=VECTOR('',#2605,10.);
#695=VECTOR('',#2608,10.);
#696=VECTOR('',#2609,10.);
#697=VECTOR('',#2612,10.);
#698=VECTOR('',#2613,10.);
#699=VECTOR('',#2616,10.);
#700=VECTOR('',#2617,10.);
#701=VECTOR('',#2620,10.);
#702=VECTOR('',#2621,10.);
#703=VECTOR('',#2622,10.);
#704=VECTOR('',#2625,10.);
#705=VECTOR('',#2626,10.);
#706=VECTOR('',#2627,10.);
#707=VECTOR('',#2628,10.);
#708=VECTOR('',#2629,10.);
#709=VECTOR('',#2630,10.);
#710=VECTOR('',#2633,10.);
#711=VECTOR('',#2634,10.);
#712=VECTOR('',#2635,10.);
#713=VECTOR('',#2638,10.);
#714=VECTOR('',#2641,10.);
#715=VECTOR('',#2642,10.);
#716=VECTOR('',#2645,10.);
#717=VECTOR('',#2650,10.);
#718=VECTOR('',#2651,10.);
#719=VECTOR('',#2654,10.);
#720=VECTOR('',#2659,10.);
#721=VECTOR('',#2662,10.);
#722=VECTOR('',#2667,10.);
#723=VECTOR('',#2668,10.);
#724=VECTOR('',#2671,10.);
#725=VECTOR('',#2676,10.);
#726=VECTOR('',#2679,10.);
#727=VECTOR('',#2682,10.);
#728=VECTOR('',#2683,10.);
#729=VECTOR('',#2688,10.);
#730=VECTOR('',#2693,10.);
#731=VECTOR('',#2700,10.);
#732=VECTOR('',#2703,10.);
#733=VECTOR('',#2706,10.);
#734=VECTOR('',#2707,10.);
#735=VECTOR('',#2710,10.);
#736=VECTOR('',#2711,10.);
#737=VECTOR('',#2716,10.);
#738=VECTOR('',#2717,10.);
#739=VECTOR('',#2720,10.);
#740=VECTOR('',#2721,10.);
#741=VECTOR('',#2726,10.);
#742=VECTOR('',#2729,10.);
#743=VECTOR('',#2732,10.);
#744=VECTOR('',#2733,10.);
#745=VECTOR('',#2736,10.);
#746=VECTOR('',#2739,10.);
#747=VECTOR('',#2744,10.);
#748=VECTOR('',#2747,10.);
#749=VECTOR('',#2752,10.);
#750=VECTOR('',#2755,10.);
#751=VECTOR('',#2760,10.);
#752=VECTOR('',#2761,10.);
#753=VECTOR('',#2762,10.);
#754=VECTOR('',#2763,10.);
#755=VECTOR('',#2766,10.);
#756=VECTOR('',#2767,10.);
#757=VECTOR('',#2768,10.);
#758=VECTOR('',#2771,10.);
#759=VECTOR('',#2772,10.);
#760=VECTOR('',#2773,10.);
#761=VECTOR('',#2776,10.);
#762=VECTOR('',#2777,10.);
#763=VECTOR('',#2778,10.);
#764=VECTOR('',#2781,10.);
#765=VECTOR('',#2784,10.);
#766=VECTOR('',#2785,10.);
#767=VECTOR('',#2792,10.);
#768=VECTOR('',#2793,10.);
#769=VECTOR('',#2794,10.);
#770=VECTOR('',#2795,10.);
#771=VECTOR('',#2798,10.);
#772=VECTOR('',#2799,10.);
#773=VECTOR('',#2800,10.);
#774=VECTOR('',#2803,10.);
#775=VECTOR('',#2804,10.);
#776=VECTOR('',#2805,10.);
#777=VECTOR('',#2808,10.);
#778=VECTOR('',#2809,10.);
#779=VECTOR('',#2812,10.);
#780=VECTOR('',#2813,10.);
#781=VECTOR('',#2814,10.);
#782=VECTOR('',#2815,10.);
#783=VECTOR('',#2818,10.);
#784=VECTOR('',#2819,10.);
#785=VECTOR('',#2820,10.);
#786=VECTOR('',#2823,10.);
#787=VECTOR('',#2824,10.);
#788=VECTOR('',#2825,10.);
#789=VECTOR('',#2828,10.);
#790=VECTOR('',#2829,10.);
#791=VECTOR('',#2830,10.);
#792=VECTOR('',#2833,10.);
#793=VECTOR('',#2834,10.);
#794=VECTOR('',#2835,10.);
#795=VECTOR('',#2838,10.);
#796=VECTOR('',#2839,10.);
#797=VECTOR('',#2840,10.);
#798=VECTOR('',#2843,10.);
#799=VECTOR('',#2844,10.);
#800=VECTOR('',#2845,10.);
#801=VECTOR('',#2848,10.);
#802=VECTOR('',#2849,10.);
#803=VECTOR('',#2850,10.);
#804=VECTOR('',#2853,10.);
#805=VECTOR('',#2854,10.);
#806=VECTOR('',#2855,10.);
#807=VECTOR('',#2858,10.);
#808=VECTOR('',#2859,10.);
#809=VERTEX_POINT('',#2869);
#810=VERTEX_POINT('',#2870);
#811=VERTEX_POINT('',#2872);
#812=VERTEX_POINT('',#2874);
#813=VERTEX_POINT('',#2876);
#814=VERTEX_POINT('',#2878);
#815=VERTEX_POINT('',#2882);
#816=VERTEX_POINT('',#2884);
#817=VERTEX_POINT('',#2888);
#818=VERTEX_POINT('',#2892);
#819=VERTEX_POINT('',#2896);
#820=VERTEX_POINT('',#2897);
#821=VERTEX_POINT('',#2899);
#822=VERTEX_POINT('',#2901);
#823=VERTEX_POINT('',#2903);
#824=VERTEX_POINT('',#2905);
#825=VERTEX_POINT('',#2909);
#826=VERTEX_POINT('',#2911);
#827=VERTEX_POINT('',#2915);
#828=VERTEX_POINT('',#2919);
#829=VERTEX_POINT('',#2921);
#830=VERTEX_POINT('',#2923);
#831=VERTEX_POINT('',#2925);
#832=VERTEX_POINT('',#2927);
#833=VERTEX_POINT('',#2929);
#834=VERTEX_POINT('',#2931);
#835=VERTEX_POINT('',#2934);
#836=VERTEX_POINT('',#2936);
#837=VERTEX_POINT('',#2938);
#838=VERTEX_POINT('',#2942);
#839=VERTEX_POINT('',#2944);
#840=VERTEX_POINT('',#2946);
#841=VERTEX_POINT('',#2948);
#842=VERTEX_POINT('',#2950);
#843=VERTEX_POINT('',#2952);
#844=VERTEX_POINT('',#2954);
#845=VERTEX_POINT('',#2956);
#846=VERTEX_POINT('',#2958);
#847=VERTEX_POINT('',#2960);
#848=VERTEX_POINT('',#2963);
#849=VERTEX_POINT('',#2964);
#850=VERTEX_POINT('',#2966);
#851=VERTEX_POINT('',#2968);
#852=VERTEX_POINT('',#2970);
#853=VERTEX_POINT('',#2972);
#854=VERTEX_POINT('',#2975);
#855=VERTEX_POINT('',#2976);
#856=VERTEX_POINT('',#2978);
#857=VERTEX_POINT('',#2980);
#858=VERTEX_POINT('',#2982);
#859=VERTEX_POINT('',#2984);
#860=VERTEX_POINT('',#2988);
#861=VERTEX_POINT('',#2994);
#862=VERTEX_POINT('',#2995);
#863=VERTEX_POINT('',#2997);
#864=VERTEX_POINT('',#2999);
#865=VERTEX_POINT('',#3006);
#866=VERTEX_POINT('',#3008);
#867=VERTEX_POINT('',#3010);
#868=VERTEX_POINT('',#3012);
#869=VERTEX_POINT('',#3014);
#870=VERTEX_POINT('',#3016);
#871=VERTEX_POINT('',#3019);
#872=VERTEX_POINT('',#3021);
#873=VERTEX_POINT('',#3023);
#874=VERTEX_POINT('',#3025);
#875=VERTEX_POINT('',#3027);
#876=VERTEX_POINT('',#3029);
#877=VERTEX_POINT('',#3033);
#878=VERTEX_POINT('',#3035);
#879=VERTEX_POINT('',#3039);
#880=VERTEX_POINT('',#3043);
#881=VERTEX_POINT('',#3047);
#882=VERTEX_POINT('',#3051);
#883=VERTEX_POINT('',#3055);
#884=VERTEX_POINT('',#3061);
#885=VERTEX_POINT('',#3065);
#886=VERTEX_POINT('',#3066);
#887=VERTEX_POINT('',#3069);
#888=VERTEX_POINT('',#3071);
#889=VERTEX_POINT('',#3074);
#890=VERTEX_POINT('',#3076);
#891=VERTEX_POINT('',#3078);
#892=VERTEX_POINT('',#3080);
#893=VERTEX_POINT('',#3082);
#894=VERTEX_POINT('',#3086);
#895=VERTEX_POINT('',#3088);
#896=VERTEX_POINT('',#3092);
#897=VERTEX_POINT('',#3094);
#898=VERTEX_POINT('',#3098);
#899=VERTEX_POINT('',#3100);
#900=VERTEX_POINT('',#3102);
#901=VERTEX_POINT('',#3105);
#902=VERTEX_POINT('',#3106);
#903=VERTEX_POINT('',#3108);
#904=VERTEX_POINT('',#3110);
#905=VERTEX_POINT('',#3112);
#906=VERTEX_POINT('',#3114);
#907=VERTEX_POINT('',#3116);
#908=VERTEX_POINT('',#3118);
#909=VERTEX_POINT('',#3120);
#910=VERTEX_POINT('',#3122);
#911=VERTEX_POINT('',#3124);
#912=VERTEX_POINT('',#3126);
#913=VERTEX_POINT('',#3136);
#914=VERTEX_POINT('',#3140);
#915=VERTEX_POINT('',#3144);
#916=VERTEX_POINT('',#3148);
#917=VERTEX_POINT('',#3154);
#918=VERTEX_POINT('',#3158);
#919=VERTEX_POINT('',#3159);
#920=VERTEX_POINT('',#3163);
#921=VERTEX_POINT('',#3165);
#922=VERTEX_POINT('',#3167);
#923=VERTEX_POINT('',#3169);
#924=VERTEX_POINT('',#3173);
#925=VERTEX_POINT('',#3175);
#926=VERTEX_POINT('',#3179);
#927=VERTEX_POINT('',#3181);
#928=VERTEX_POINT('',#3186);
#929=VERTEX_POINT('',#3188);
#930=VERTEX_POINT('',#3197);
#931=VERTEX_POINT('',#3208);
#932=VERTEX_POINT('',#3212);
#933=VERTEX_POINT('',#3216);
#934=VERTEX_POINT('',#3220);
#935=VERTEX_POINT('',#3224);
#936=VERTEX_POINT('',#3226);
#937=VERTEX_POINT('',#3230);
#938=VERTEX_POINT('',#3232);
#939=VERTEX_POINT('',#3234);
#940=VERTEX_POINT('',#3236);
#941=VERTEX_POINT('',#3241);
#942=VERTEX_POINT('',#3248);
#943=VERTEX_POINT('',#3252);
#944=VERTEX_POINT('',#3256);
#945=VERTEX_POINT('',#3260);
#946=VERTEX_POINT('',#3266);
#947=VERTEX_POINT('',#3270);
#948=VERTEX_POINT('',#3274);
#949=VERTEX_POINT('',#3292);
#950=VERTEX_POINT('',#3293);
#951=VERTEX_POINT('',#3295);
#952=VERTEX_POINT('',#3297);
#953=VERTEX_POINT('',#3301);
#954=VERTEX_POINT('',#3305);
#955=VERTEX_POINT('',#3309);
#956=VERTEX_POINT('',#3310);
#957=VERTEX_POINT('',#3315);
#958=VERTEX_POINT('',#3319);
#959=VERTEX_POINT('',#3325);
#960=VERTEX_POINT('',#3329);
#961=VERTEX_POINT('',#3331);
#962=VERTEX_POINT('',#3333);
#963=VERTEX_POINT('',#3347);
#964=VERTEX_POINT('',#3348);
#965=VERTEX_POINT('',#3350);
#966=VERTEX_POINT('',#3352);
#967=VERTEX_POINT('',#3356);
#968=VERTEX_POINT('',#3358);
#969=VERTEX_POINT('',#3362);
#970=VERTEX_POINT('',#3364);
#971=VERTEX_POINT('',#3368);
#972=VERTEX_POINT('',#3370);
#973=VERTEX_POINT('',#3374);
#974=VERTEX_POINT('',#3380);
#975=VERTEX_POINT('',#3393);
#976=VERTEX_POINT('',#3394);
#977=VERTEX_POINT('',#3396);
#978=VERTEX_POINT('',#3398);
#979=VERTEX_POINT('',#3402);
#980=VERTEX_POINT('',#3404);
#981=VERTEX_POINT('',#3408);
#982=VERTEX_POINT('',#3410);
#983=VERTEX_POINT('',#3417);
#984=VERTEX_POINT('',#3418);
#985=VERTEX_POINT('',#3420);
#986=VERTEX_POINT('',#3422);
#987=VERTEX_POINT('',#3426);
#988=VERTEX_POINT('',#3428);
#989=VERTEX_POINT('',#3432);
#990=VERTEX_POINT('',#3434);
#991=VERTEX_POINT('',#3438);
#992=VERTEX_POINT('',#3440);
#993=VERTEX_POINT('',#3444);
#994=VERTEX_POINT('',#3446);
#995=VERTEX_POINT('',#3450);
#996=VERTEX_POINT('',#3452);
#997=VERTEX_POINT('',#3456);
#998=VERTEX_POINT('',#3458);
#999=VERTEX_POINT('',#3462);
#1000=VERTEX_POINT('',#3464);
#1001=VERTEX_POINT('',#3468);
#1002=VERTEX_POINT('',#3470);
#1003=EDGE_CURVE('',#809,#810,#331,.T.);
#1004=EDGE_CURVE('',#809,#811,#332,.T.);
#1005=EDGE_CURVE('',#812,#811,#333,.T.);
#1006=EDGE_CURVE('',#813,#812,#334,.T.);
#1007=EDGE_CURVE('',#814,#813,#335,.T.);
#1008=EDGE_CURVE('',#810,#814,#336,.T.);
#1009=EDGE_CURVE('',#809,#815,#337,.T.);
#1010=EDGE_CURVE('',#816,#815,#338,.T.);
#1011=EDGE_CURVE('',#811,#816,#339,.T.);
#1012=EDGE_CURVE('',#810,#817,#340,.T.);
#1013=EDGE_CURVE('',#815,#817,#341,.T.);
#1014=EDGE_CURVE('',#814,#818,#342,.T.);
#1015=EDGE_CURVE('',#817,#818,#343,.T.);
#1016=EDGE_CURVE('',#819,#820,#344,.T.);
#1017=EDGE_CURVE('',#819,#821,#345,.T.);
#1018=EDGE_CURVE('',#822,#821,#346,.T.);
#1019=EDGE_CURVE('',#823,#822,#347,.T.);
#1020=EDGE_CURVE('',#823,#824,#348,.T.);
#1021=EDGE_CURVE('',#820,#824,#349,.T.);
#1022=EDGE_CURVE('',#825,#820,#350,.T.);
#1023=EDGE_CURVE('',#826,#825,#87,.T.);
#1024=EDGE_CURVE('',#826,#819,#351,.T.);
#1025=EDGE_CURVE('',#827,#824,#352,.T.);
#1026=EDGE_CURVE('',#825,#827,#47,.T.);
#1027=EDGE_CURVE('',#813,#828,#353,.T.);
#1028=EDGE_CURVE('',#828,#829,#354,.T.);
#1029=EDGE_CURVE('',#830,#829,#355,.T.);
#1030=EDGE_CURVE('',#830,#831,#356,.T.);
#1031=EDGE_CURVE('',#831,#832,#357,.T.);
#1032=EDGE_CURVE('',#833,#832,#358,.T.);
#1033=EDGE_CURVE('',#834,#833,#359,.T.);
#1034=EDGE_CURVE('',#827,#834,#360,.T.);
#1035=EDGE_CURVE('',#835,#823,#361,.T.);
#1036=EDGE_CURVE('',#836,#835,#362,.T.);
#1037=EDGE_CURVE('',#836,#837,#363,.T.);
#1038=EDGE_CURVE('',#837,#818,#364,.T.);
#1039=EDGE_CURVE('',#838,#836,#48,.T.);
#1040=EDGE_CURVE('',#838,#839,#365,.T.);
#1041=EDGE_CURVE('',#840,#839,#49,.T.);
#1042=EDGE_CURVE('',#841,#840,#366,.T.);
#1043=EDGE_CURVE('',#842,#841,#50,.T.);
#1044=EDGE_CURVE('',#842,#843,#367,.T.);
#1045=EDGE_CURVE('',#844,#843,#51,.T.);
#1046=EDGE_CURVE('',#844,#845,#368,.T.);
#1047=EDGE_CURVE('',#846,#845,#369,.T.);
#1048=EDGE_CURVE('',#846,#847,#370,.T.);
#1049=EDGE_CURVE('',#837,#847,#371,.T.);
#1050=EDGE_CURVE('',#848,#849,#372,.T.);
#1051=EDGE_CURVE('',#849,#850,#373,.T.);
#1052=EDGE_CURVE('',#850,#851,#374,.T.);
#1053=EDGE_CURVE('',#851,#852,#375,.T.);
#1054=EDGE_CURVE('',#852,#853,#376,.T.);
#1055=EDGE_CURVE('',#848,#853,#377,.T.);
#1056=EDGE_CURVE('',#854,#855,#378,.T.);
#1057=EDGE_CURVE('',#855,#856,#52,.T.);
#1058=EDGE_CURVE('',#856,#857,#379,.T.);
#1059=EDGE_CURVE('',#857,#858,#380,.T.);
#1060=EDGE_CURVE('',#858,#859,#381,.T.);
#1061=EDGE_CURVE('',#859,#854,#53,.T.);
#1062=EDGE_CURVE('',#812,#860,#382,.T.);
#1063=EDGE_CURVE('',#828,#860,#383,.T.);
#1064=EDGE_CURVE('',#860,#816,#384,.T.);
#1065=EDGE_CURVE('',#861,#862,#385,.T.);
#1066=EDGE_CURVE('',#863,#861,#386,.T.);
#1067=EDGE_CURVE('',#864,#863,#387,.F.);
#1068=EDGE_CURVE('',#864,#862,#388,.T.);
#1069=EDGE_CURVE('',#861,#848,#389,.T.);
#1070=EDGE_CURVE('',#853,#863,#390,.F.);
#1071=EDGE_CURVE('',#865,#833,#54,.T.);
#1072=EDGE_CURVE('',#832,#866,#55,.T.);
#1073=EDGE_CURVE('',#866,#867,#88,.T.);
#1074=EDGE_CURVE('',#867,#868,#391,.T.);
#1075=EDGE_CURVE('',#868,#869,#89,.T.);
#1076=EDGE_CURVE('',#869,#870,#56,.T.);
#1077=EDGE_CURVE('',#844,#870,#392,.T.);
#1078=EDGE_CURVE('',#843,#871,#393,.T.);
#1079=EDGE_CURVE('',#871,#872,#57,.T.);
#1080=EDGE_CURVE('',#872,#873,#90,.T.);
#1081=EDGE_CURVE('',#873,#874,#394,.T.);
#1082=EDGE_CURVE('',#874,#875,#91,.T.);
#1083=EDGE_CURVE('',#875,#876,#58,.T.);
#1084=EDGE_CURVE('',#876,#865,#395,.T.);
#1085=EDGE_CURVE('',#873,#877,#396,.T.);
#1086=EDGE_CURVE('',#878,#877,#397,.T.);
#1087=EDGE_CURVE('',#878,#874,#398,.T.);
#1088=EDGE_CURVE('',#879,#872,#399,.T.);
#1089=EDGE_CURVE('',#877,#879,#92,.T.);
#1090=EDGE_CURVE('',#880,#842,#400,.T.);
#1091=EDGE_CURVE('',#880,#871,#401,.T.);
#1092=EDGE_CURVE('',#881,#831,#402,.T.);
#1093=EDGE_CURVE('',#866,#881,#403,.T.);
#1094=EDGE_CURVE('',#870,#882,#404,.T.);
#1095=EDGE_CURVE('',#882,#845,#405,.T.);
#1096=EDGE_CURVE('',#869,#883,#406,.T.);
#1097=EDGE_CURVE('',#882,#883,#407,.T.);
#1098=EDGE_CURVE('',#879,#880,#59,.T.);
#1099=EDGE_CURVE('',#884,#868,#408,.T.);
#1100=EDGE_CURVE('',#883,#884,#409,.T.);
#1101=EDGE_CURVE('',#885,#886,#60,.T.);
#1102=EDGE_CURVE('',#886,#838,#410,.T.);
#1103=EDGE_CURVE('',#835,#887,#61,.T.);
#1104=EDGE_CURVE('',#887,#888,#93,.T.);
#1105=EDGE_CURVE('',#888,#826,#411,.T.);
#1106=EDGE_CURVE('',#834,#889,#62,.T.);
#1107=EDGE_CURVE('',#890,#889,#412,.T.);
#1108=EDGE_CURVE('',#890,#891,#63,.T.);
#1109=EDGE_CURVE('',#891,#892,#94,.T.);
#1110=EDGE_CURVE('',#892,#893,#413,.T.);
#1111=EDGE_CURVE('',#893,#885,#95,.T.);
#1112=EDGE_CURVE('',#891,#894,#414,.T.);
#1113=EDGE_CURVE('',#895,#894,#96,.T.);
#1114=EDGE_CURVE('',#892,#895,#415,.T.);
#1115=EDGE_CURVE('',#889,#896,#416,.T.);
#1116=EDGE_CURVE('',#897,#896,#417,.T.);
#1117=EDGE_CURVE('',#897,#890,#418,.T.);
#1118=EDGE_CURVE('',#865,#898,#419,.T.);
#1119=EDGE_CURVE('',#899,#898,#64,.T.);
#1120=EDGE_CURVE('',#899,#900,#420,.T.);
#1121=EDGE_CURVE('',#896,#900,#65,.T.);
#1122=EDGE_CURVE('',#901,#902,#66,.T.);
#1123=EDGE_CURVE('',#903,#901,#421,.T.);
#1124=EDGE_CURVE('',#904,#903,#67,.T.);
#1125=EDGE_CURVE('',#905,#904,#422,.T.);
#1126=EDGE_CURVE('',#906,#905,#423,.T.);
#1127=EDGE_CURVE('',#907,#906,#424,.T.);
#1128=EDGE_CURVE('',#908,#907,#68,.T.);
#1129=EDGE_CURVE('',#909,#908,#425,.T.);
#1130=EDGE_CURVE('',#910,#909,#69,.T.);
#1131=EDGE_CURVE('',#911,#910,#426,.T.);
#1132=EDGE_CURVE('',#912,#911,#427,.T.);
#1133=EDGE_CURVE('',#902,#912,#428,.T.);
#1134=EDGE_CURVE('',#894,#897,#70,.T.);
#1135=EDGE_CURVE('',#887,#822,#429,.T.);
#1136=EDGE_CURVE('',#888,#821,#430,.T.);
#1137=EDGE_CURVE('',#913,#878,#97,.T.);
#1138=EDGE_CURVE('',#913,#875,#431,.T.);
#1139=EDGE_CURVE('',#914,#895,#432,.T.);
#1140=EDGE_CURVE('',#893,#914,#433,.T.);
#1141=EDGE_CURVE('',#915,#914,#98,.T.);
#1142=EDGE_CURVE('',#915,#885,#434,.T.);
#1143=EDGE_CURVE('',#867,#916,#435,.T.);
#1144=EDGE_CURVE('',#884,#916,#436,.T.);
#1145=EDGE_CURVE('',#916,#881,#437,.T.);
#1146=EDGE_CURVE('',#917,#913,#71,.T.);
#1147=EDGE_CURVE('',#917,#876,#438,.T.);
#1148=EDGE_CURVE('',#918,#919,#72,.T.);
#1149=EDGE_CURVE('',#919,#899,#439,.T.);
#1150=EDGE_CURVE('',#898,#917,#440,.T.);
#1151=EDGE_CURVE('',#920,#841,#441,.T.);
#1152=EDGE_CURVE('',#920,#921,#73,.T.);
#1153=EDGE_CURVE('',#921,#922,#99,.T.);
#1154=EDGE_CURVE('',#922,#923,#442,.T.);
#1155=EDGE_CURVE('',#923,#918,#100,.T.);
#1156=EDGE_CURVE('',#920,#924,#443,.T.);
#1157=EDGE_CURVE('',#925,#924,#74,.T.);
#1158=EDGE_CURVE('',#921,#925,#444,.T.);
#1159=EDGE_CURVE('',#926,#918,#445,.T.);
#1160=EDGE_CURVE('',#927,#926,#75,.T.);
#1161=EDGE_CURVE('',#927,#919,#446,.T.);
#1162=EDGE_CURVE('',#928,#922,#447,.T.);
#1163=EDGE_CURVE('',#929,#928,#448,.T.);
#1164=EDGE_CURVE('',#929,#923,#449,.T.);
#1165=EDGE_CURVE('',#928,#925,#101,.T.);
#1166=EDGE_CURVE('',#926,#929,#102,.T.);
#1167=EDGE_CURVE('',#930,#886,#450,.T.);
#1168=EDGE_CURVE('',#839,#930,#451,.T.);
#1169=EDGE_CURVE('',#930,#915,#76,.T.);
#1170=EDGE_CURVE('',#900,#927,#452,.T.);
#1171=EDGE_CURVE('',#840,#924,#453,.T.);
#1172=EDGE_CURVE('',#862,#931,#454,.T.);
#1173=EDGE_CURVE('',#931,#849,#455,.T.);
#1174=EDGE_CURVE('',#931,#932,#456,.T.);
#1175=EDGE_CURVE('',#850,#932,#457,.T.);
#1176=EDGE_CURVE('',#933,#864,#458,.T.);
#1177=EDGE_CURVE('',#933,#852,#459,.T.);
#1178=EDGE_CURVE('',#934,#933,#460,.T.);
#1179=EDGE_CURVE('',#932,#934,#461,.T.);
#1180=EDGE_CURVE('',#905,#935,#462,.F.);
#1181=EDGE_CURVE('',#935,#936,#463,.T.);
#1182=EDGE_CURVE('',#936,#906,#464,.F.);
#1183=EDGE_CURVE('',#857,#937,#465,.T.);
#1184=EDGE_CURVE('',#938,#937,#466,.T.);
#1185=EDGE_CURVE('',#939,#938,#467,.T.);
#1186=EDGE_CURVE('',#939,#940,#468,.T.);
#1187=EDGE_CURVE('',#936,#940,#469,.T.);
#1188=EDGE_CURVE('',#858,#935,#470,.T.);
#1189=EDGE_CURVE('',#910,#941,#471,.T.);
#1190=EDGE_CURVE('',#941,#938,#472,.T.);
#1191=EDGE_CURVE('',#938,#911,#473,.T.);
#1192=EDGE_CURVE('',#937,#912,#474,.T.);
#1193=EDGE_CURVE('',#937,#942,#475,.T.);
#1194=EDGE_CURVE('',#942,#902,#476,.T.);
#1195=EDGE_CURVE('',#943,#901,#477,.T.);
#1196=EDGE_CURVE('',#942,#943,#77,.T.);
#1197=EDGE_CURVE('',#944,#903,#478,.T.);
#1198=EDGE_CURVE('',#943,#944,#479,.T.);
#1199=EDGE_CURVE('',#945,#904,#480,.T.);
#1200=EDGE_CURVE('',#944,#945,#78,.T.);
#1201=EDGE_CURVE('',#945,#935,#481,.T.);
#1202=EDGE_CURVE('',#909,#946,#482,.T.);
#1203=EDGE_CURVE('',#946,#941,#79,.T.);
#1204=EDGE_CURVE('',#908,#947,#483,.T.);
#1205=EDGE_CURVE('',#947,#946,#484,.T.);
#1206=EDGE_CURVE('',#907,#948,#485,.T.);
#1207=EDGE_CURVE('',#948,#947,#80,.T.);
#1208=EDGE_CURVE('',#936,#948,#486,.T.);
#1209=EDGE_CURVE('',#859,#945,#487,.T.);
#1210=EDGE_CURVE('',#854,#944,#488,.T.);
#1211=EDGE_CURVE('',#855,#943,#489,.T.);
#1212=EDGE_CURVE('',#856,#942,#490,.T.);
#1213=EDGE_CURVE('',#934,#851,#491,.T.);
#1214=EDGE_CURVE('',#949,#950,#81,.T.);
#1215=EDGE_CURVE('',#950,#951,#492,.T.);
#1216=EDGE_CURVE('',#951,#952,#82,.T.);
#1217=EDGE_CURVE('',#952,#949,#493,.T.);
#1218=EDGE_CURVE('',#847,#953,#494,.T.);
#1219=EDGE_CURVE('',#829,#953,#495,.F.);
#1220=EDGE_CURVE('',#954,#830,#496,.F.);
#1221=EDGE_CURVE('',#954,#846,#497,.T.);
#1222=EDGE_CURVE('',#955,#956,#83,.T.);
#1223=EDGE_CURVE('',#956,#952,#498,.T.);
#1224=EDGE_CURVE('',#955,#951,#499,.T.);
#1225=EDGE_CURVE('',#956,#957,#500,.T.);
#1226=EDGE_CURVE('',#957,#949,#501,.T.);
#1227=EDGE_CURVE('',#957,#958,#84,.T.);
#1228=EDGE_CURVE('',#958,#950,#502,.T.);
#1229=EDGE_CURVE('',#958,#955,#503,.T.);
#1230=EDGE_CURVE('',#948,#959,#504,.T.);
#1231=EDGE_CURVE('',#959,#940,#505,.T.);
#1232=EDGE_CURVE('',#939,#960,#506,.T.);
#1233=EDGE_CURVE('',#961,#960,#85,.T.);
#1234=EDGE_CURVE('',#962,#961,#507,.T.);
#1235=EDGE_CURVE('',#959,#962,#86,.T.);
#1236=EDGE_CURVE('',#941,#960,#508,.T.);
#1237=EDGE_CURVE('',#953,#954,#509,.T.);
#1238=EDGE_CURVE('',#946,#961,#510,.T.);
#1239=EDGE_CURVE('',#947,#962,#511,.T.);
#1240=EDGE_CURVE('',#963,#964,#512,.T.);
#1241=EDGE_CURVE('',#963,#965,#513,.T.);
#1242=EDGE_CURVE('',#966,#965,#514,.T.);
#1243=EDGE_CURVE('',#964,#966,#515,.T.);
#1244=EDGE_CURVE('',#964,#967,#516,.T.);
#1245=EDGE_CURVE('',#968,#966,#517,.T.);
#1246=EDGE_CURVE('',#967,#968,#518,.T.);
#1247=EDGE_CURVE('',#967,#969,#519,.T.);
#1248=EDGE_CURVE('',#970,#968,#520,.T.);
#1249=EDGE_CURVE('',#969,#970,#521,.T.);
#1250=EDGE_CURVE('',#969,#971,#522,.T.);
#1251=EDGE_CURVE('',#972,#970,#523,.T.);
#1252=EDGE_CURVE('',#971,#972,#524,.T.);
#1253=EDGE_CURVE('',#971,#973,#15,.T.);
#1254=EDGE_CURVE('',#974,#972,#16,.T.);
#1255=EDGE_CURVE('',#973,#974,#525,.T.);
#1256=EDGE_CURVE('',#973,#963,#526,.T.);
#1257=EDGE_CURVE('',#965,#974,#527,.T.);
#1258=EDGE_CURVE('',#975,#976,#528,.T.);
#1259=EDGE_CURVE('',#976,#977,#529,.T.);
#1260=EDGE_CURVE('',#978,#977,#530,.T.);
#1261=EDGE_CURVE('',#975,#978,#531,.T.);
#1262=EDGE_CURVE('',#979,#975,#532,.T.);
#1263=EDGE_CURVE('',#980,#978,#533,.T.);
#1264=EDGE_CURVE('',#979,#980,#534,.T.);
#1265=EDGE_CURVE('',#981,#979,#535,.T.);
#1266=EDGE_CURVE('',#982,#980,#536,.T.);
#1267=EDGE_CURVE('',#981,#982,#537,.T.);
#1268=EDGE_CURVE('',#976,#981,#538,.T.);
#1269=EDGE_CURVE('',#977,#982,#539,.T.);
#1270=EDGE_CURVE('',#983,#984,#540,.T.);
#1271=EDGE_CURVE('',#984,#985,#541,.T.);
#1272=EDGE_CURVE('',#986,#985,#542,.T.);
#1273=EDGE_CURVE('',#983,#986,#543,.T.);
#1274=EDGE_CURVE('',#987,#983,#544,.T.);
#1275=EDGE_CURVE('',#988,#986,#545,.T.);
#1276=EDGE_CURVE('',#987,#988,#546,.T.);
#1277=EDGE_CURVE('',#989,#987,#547,.T.);
#1278=EDGE_CURVE('',#990,#988,#548,.T.);
#1279=EDGE_CURVE('',#989,#990,#549,.T.);
#1280=EDGE_CURVE('',#991,#989,#550,.T.);
#1281=EDGE_CURVE('',#992,#990,#551,.T.);
#1282=EDGE_CURVE('',#991,#992,#552,.T.);
#1283=EDGE_CURVE('',#993,#991,#553,.T.);
#1284=EDGE_CURVE('',#994,#992,#554,.T.);
#1285=EDGE_CURVE('',#993,#994,#555,.T.);
#1286=EDGE_CURVE('',#995,#993,#556,.T.);
#1287=EDGE_CURVE('',#996,#994,#557,.T.);
#1288=EDGE_CURVE('',#995,#996,#558,.T.);
#1289=EDGE_CURVE('',#997,#995,#559,.T.);
#1290=EDGE_CURVE('',#998,#996,#560,.T.);
#1291=EDGE_CURVE('',#997,#998,#561,.T.);
#1292=EDGE_CURVE('',#999,#997,#562,.T.);
#1293=EDGE_CURVE('',#1000,#998,#563,.T.);
#1294=EDGE_CURVE('',#999,#1000,#564,.T.);
#1295=EDGE_CURVE('',#1001,#999,#565,.T.);
#1296=EDGE_CURVE('',#1002,#1000,#566,.T.);
#1297=EDGE_CURVE('',#1001,#1002,#567,.T.);
#1298=EDGE_CURVE('',#984,#1001,#568,.T.);
#1299=EDGE_CURVE('',#985,#1002,#569,.T.);
#1300=ORIENTED_EDGE('',*,*,#1003,.F.);
#1301=ORIENTED_EDGE('',*,*,#1004,.T.);
#1302=ORIENTED_EDGE('',*,*,#1005,.F.);
#1303=ORIENTED_EDGE('',*,*,#1006,.F.);
#1304=ORIENTED_EDGE('',*,*,#1007,.F.);
#1305=ORIENTED_EDGE('',*,*,#1008,.F.);
#1306=ORIENTED_EDGE('',*,*,#1004,.F.);
#1307=ORIENTED_EDGE('',*,*,#1009,.T.);
#1308=ORIENTED_EDGE('',*,*,#1010,.F.);
#1309=ORIENTED_EDGE('',*,*,#1011,.F.);
#1310=ORIENTED_EDGE('',*,*,#1003,.T.);
#1311=ORIENTED_EDGE('',*,*,#1012,.T.);
#1312=ORIENTED_EDGE('',*,*,#1013,.F.);
#1313=ORIENTED_EDGE('',*,*,#1009,.F.);
#1314=ORIENTED_EDGE('',*,*,#1008,.T.);
#1315=ORIENTED_EDGE('',*,*,#1014,.T.);
#1316=ORIENTED_EDGE('',*,*,#1015,.F.);
#1317=ORIENTED_EDGE('',*,*,#1012,.F.);
#1318=ORIENTED_EDGE('',*,*,#1016,.F.);
#1319=ORIENTED_EDGE('',*,*,#1017,.T.);
#1320=ORIENTED_EDGE('',*,*,#1018,.F.);
#1321=ORIENTED_EDGE('',*,*,#1019,.F.);
#1322=ORIENTED_EDGE('',*,*,#1020,.T.);
#1323=ORIENTED_EDGE('',*,*,#1021,.F.);
#1324=ORIENTED_EDGE('',*,*,#1016,.T.);
#1325=ORIENTED_EDGE('',*,*,#1022,.F.);
#1326=ORIENTED_EDGE('',*,*,#1023,.F.);
#1327=ORIENTED_EDGE('',*,*,#1024,.T.);
#1328=ORIENTED_EDGE('',*,*,#1021,.T.);
#1329=ORIENTED_EDGE('',*,*,#1025,.F.);
#1330=ORIENTED_EDGE('',*,*,#1026,.F.);
#1331=ORIENTED_EDGE('',*,*,#1022,.T.);
#1332=ORIENTED_EDGE('',*,*,#1027,.T.);
#1333=ORIENTED_EDGE('',*,*,#1028,.T.);
#1334=ORIENTED_EDGE('',*,*,#1029,.F.);
#1335=ORIENTED_EDGE('',*,*,#1030,.T.);
#1336=ORIENTED_EDGE('',*,*,#1031,.T.);
#1337=ORIENTED_EDGE('',*,*,#1032,.F.);
#1338=ORIENTED_EDGE('',*,*,#1033,.F.);
#1339=ORIENTED_EDGE('',*,*,#1034,.F.);
#1340=ORIENTED_EDGE('',*,*,#1025,.T.);
#1341=ORIENTED_EDGE('',*,*,#1020,.F.);
#1342=ORIENTED_EDGE('',*,*,#1035,.F.);
#1343=ORIENTED_EDGE('',*,*,#1036,.F.);
#1344=ORIENTED_EDGE('',*,*,#1037,.T.);
#1345=ORIENTED_EDGE('',*,*,#1038,.T.);
#1346=ORIENTED_EDGE('',*,*,#1014,.F.);
#1347=ORIENTED_EDGE('',*,*,#1007,.T.);
#1348=ORIENTED_EDGE('',*,*,#1037,.F.);
#1349=ORIENTED_EDGE('',*,*,#1039,.F.);
#1350=ORIENTED_EDGE('',*,*,#1040,.T.);
#1351=ORIENTED_EDGE('',*,*,#1041,.F.);
#1352=ORIENTED_EDGE('',*,*,#1042,.F.);
#1353=ORIENTED_EDGE('',*,*,#1043,.F.);
#1354=ORIENTED_EDGE('',*,*,#1044,.T.);
#1355=ORIENTED_EDGE('',*,*,#1045,.F.);
#1356=ORIENTED_EDGE('',*,*,#1046,.T.);
#1357=ORIENTED_EDGE('',*,*,#1047,.F.);
#1358=ORIENTED_EDGE('',*,*,#1048,.T.);
#1359=ORIENTED_EDGE('',*,*,#1049,.F.);
#1360=ORIENTED_EDGE('',*,*,#1050,.T.);
#1361=ORIENTED_EDGE('',*,*,#1051,.T.);
#1362=ORIENTED_EDGE('',*,*,#1052,.T.);
#1363=ORIENTED_EDGE('',*,*,#1053,.T.);
#1364=ORIENTED_EDGE('',*,*,#1054,.T.);
#1365=ORIENTED_EDGE('',*,*,#1055,.F.);
#1366=ORIENTED_EDGE('',*,*,#1056,.T.);
#1367=ORIENTED_EDGE('',*,*,#1057,.T.);
#1368=ORIENTED_EDGE('',*,*,#1058,.T.);
#1369=ORIENTED_EDGE('',*,*,#1059,.T.);
#1370=ORIENTED_EDGE('',*,*,#1060,.T.);
#1371=ORIENTED_EDGE('',*,*,#1061,.T.);
#1372=ORIENTED_EDGE('',*,*,#1006,.T.);
#1373=ORIENTED_EDGE('',*,*,#1062,.T.);
#1374=ORIENTED_EDGE('',*,*,#1063,.F.);
#1375=ORIENTED_EDGE('',*,*,#1027,.F.);
#1376=ORIENTED_EDGE('',*,*,#1005,.T.);
#1377=ORIENTED_EDGE('',*,*,#1011,.T.);
#1378=ORIENTED_EDGE('',*,*,#1064,.F.);
#1379=ORIENTED_EDGE('',*,*,#1062,.F.);
#1380=ORIENTED_EDGE('',*,*,#1065,.F.);
#1381=ORIENTED_EDGE('',*,*,#1066,.F.);
#1382=ORIENTED_EDGE('',*,*,#1067,.F.);
#1383=ORIENTED_EDGE('',*,*,#1068,.T.);
#1384=ORIENTED_EDGE('',*,*,#1069,.T.);
#1385=ORIENTED_EDGE('',*,*,#1055,.T.);
#1386=ORIENTED_EDGE('',*,*,#1070,.T.);
#1387=ORIENTED_EDGE('',*,*,#1066,.T.);
#1388=ORIENTED_EDGE('',*,*,#1071,.T.);
#1389=ORIENTED_EDGE('',*,*,#1032,.T.);
#1390=ORIENTED_EDGE('',*,*,#1072,.T.);
#1391=ORIENTED_EDGE('',*,*,#1073,.T.);
#1392=ORIENTED_EDGE('',*,*,#1074,.T.);
#1393=ORIENTED_EDGE('',*,*,#1075,.T.);
#1394=ORIENTED_EDGE('',*,*,#1076,.T.);
#1395=ORIENTED_EDGE('',*,*,#1077,.F.);
#1396=ORIENTED_EDGE('',*,*,#1045,.T.);
#1397=ORIENTED_EDGE('',*,*,#1078,.T.);
#1398=ORIENTED_EDGE('',*,*,#1079,.T.);
#1399=ORIENTED_EDGE('',*,*,#1080,.T.);
#1400=ORIENTED_EDGE('',*,*,#1081,.T.);
#1401=ORIENTED_EDGE('',*,*,#1082,.T.);
#1402=ORIENTED_EDGE('',*,*,#1083,.T.);
#1403=ORIENTED_EDGE('',*,*,#1084,.T.);
#1404=ORIENTED_EDGE('',*,*,#1081,.F.);
#1405=ORIENTED_EDGE('',*,*,#1085,.T.);
#1406=ORIENTED_EDGE('',*,*,#1086,.F.);
#1407=ORIENTED_EDGE('',*,*,#1087,.T.);
#1408=ORIENTED_EDGE('',*,*,#1080,.F.);
#1409=ORIENTED_EDGE('',*,*,#1088,.F.);
#1410=ORIENTED_EDGE('',*,*,#1089,.F.);
#1411=ORIENTED_EDGE('',*,*,#1085,.F.);
#1412=ORIENTED_EDGE('',*,*,#1078,.F.);
#1413=ORIENTED_EDGE('',*,*,#1044,.F.);
#1414=ORIENTED_EDGE('',*,*,#1090,.F.);
#1415=ORIENTED_EDGE('',*,*,#1091,.T.);
#1416=ORIENTED_EDGE('',*,*,#1072,.F.);
#1417=ORIENTED_EDGE('',*,*,#1031,.F.);
#1418=ORIENTED_EDGE('',*,*,#1092,.F.);
#1419=ORIENTED_EDGE('',*,*,#1093,.F.);
#1420=ORIENTED_EDGE('',*,*,#1077,.T.);
#1421=ORIENTED_EDGE('',*,*,#1094,.T.);
#1422=ORIENTED_EDGE('',*,*,#1095,.T.);
#1423=ORIENTED_EDGE('',*,*,#1046,.F.);
#1424=ORIENTED_EDGE('',*,*,#1076,.F.);
#1425=ORIENTED_EDGE('',*,*,#1096,.T.);
#1426=ORIENTED_EDGE('',*,*,#1097,.F.);
#1427=ORIENTED_EDGE('',*,*,#1094,.F.);
#1428=ORIENTED_EDGE('',*,*,#1079,.F.);
#1429=ORIENTED_EDGE('',*,*,#1091,.F.);
#1430=ORIENTED_EDGE('',*,*,#1098,.F.);
#1431=ORIENTED_EDGE('',*,*,#1088,.T.);
#1432=ORIENTED_EDGE('',*,*,#1075,.F.);
#1433=ORIENTED_EDGE('',*,*,#1099,.F.);
#1434=ORIENTED_EDGE('',*,*,#1100,.F.);
#1435=ORIENTED_EDGE('',*,*,#1096,.F.);
#1436=ORIENTED_EDGE('',*,*,#1101,.T.);
#1437=ORIENTED_EDGE('',*,*,#1102,.T.);
#1438=ORIENTED_EDGE('',*,*,#1039,.T.);
#1439=ORIENTED_EDGE('',*,*,#1036,.T.);
#1440=ORIENTED_EDGE('',*,*,#1103,.T.);
#1441=ORIENTED_EDGE('',*,*,#1104,.T.);
#1442=ORIENTED_EDGE('',*,*,#1105,.T.);
#1443=ORIENTED_EDGE('',*,*,#1023,.T.);
#1444=ORIENTED_EDGE('',*,*,#1026,.T.);
#1445=ORIENTED_EDGE('',*,*,#1034,.T.);
#1446=ORIENTED_EDGE('',*,*,#1106,.T.);
#1447=ORIENTED_EDGE('',*,*,#1107,.F.);
#1448=ORIENTED_EDGE('',*,*,#1108,.T.);
#1449=ORIENTED_EDGE('',*,*,#1109,.T.);
#1450=ORIENTED_EDGE('',*,*,#1110,.T.);
#1451=ORIENTED_EDGE('',*,*,#1111,.T.);
#1452=ORIENTED_EDGE('',*,*,#1109,.F.);
#1453=ORIENTED_EDGE('',*,*,#1112,.T.);
#1454=ORIENTED_EDGE('',*,*,#1113,.F.);
#1455=ORIENTED_EDGE('',*,*,#1114,.F.);
#1456=ORIENTED_EDGE('',*,*,#1107,.T.);
#1457=ORIENTED_EDGE('',*,*,#1115,.T.);
#1458=ORIENTED_EDGE('',*,*,#1116,.F.);
#1459=ORIENTED_EDGE('',*,*,#1117,.T.);
#1460=ORIENTED_EDGE('',*,*,#1071,.F.);
#1461=ORIENTED_EDGE('',*,*,#1118,.T.);
#1462=ORIENTED_EDGE('',*,*,#1119,.F.);
#1463=ORIENTED_EDGE('',*,*,#1120,.T.);
#1464=ORIENTED_EDGE('',*,*,#1121,.F.);
#1465=ORIENTED_EDGE('',*,*,#1115,.F.);
#1466=ORIENTED_EDGE('',*,*,#1106,.F.);
#1467=ORIENTED_EDGE('',*,*,#1033,.T.);
#1468=ORIENTED_EDGE('',*,*,#1122,.F.);
#1469=ORIENTED_EDGE('',*,*,#1123,.F.);
#1470=ORIENTED_EDGE('',*,*,#1124,.F.);
#1471=ORIENTED_EDGE('',*,*,#1125,.F.);
#1472=ORIENTED_EDGE('',*,*,#1126,.F.);
#1473=ORIENTED_EDGE('',*,*,#1127,.F.);
#1474=ORIENTED_EDGE('',*,*,#1128,.F.);
#1475=ORIENTED_EDGE('',*,*,#1129,.F.);
#1476=ORIENTED_EDGE('',*,*,#1130,.F.);
#1477=ORIENTED_EDGE('',*,*,#1131,.F.);
#1478=ORIENTED_EDGE('',*,*,#1132,.F.);
#1479=ORIENTED_EDGE('',*,*,#1133,.F.);
#1480=ORIENTED_EDGE('',*,*,#1108,.F.);
#1481=ORIENTED_EDGE('',*,*,#1117,.F.);
#1482=ORIENTED_EDGE('',*,*,#1134,.F.);
#1483=ORIENTED_EDGE('',*,*,#1112,.F.);
#1484=ORIENTED_EDGE('',*,*,#1019,.T.);
#1485=ORIENTED_EDGE('',*,*,#1135,.F.);
#1486=ORIENTED_EDGE('',*,*,#1103,.F.);
#1487=ORIENTED_EDGE('',*,*,#1035,.T.);
#1488=ORIENTED_EDGE('',*,*,#1017,.F.);
#1489=ORIENTED_EDGE('',*,*,#1024,.F.);
#1490=ORIENTED_EDGE('',*,*,#1105,.F.);
#1491=ORIENTED_EDGE('',*,*,#1136,.T.);
#1492=ORIENTED_EDGE('',*,*,#1082,.F.);
#1493=ORIENTED_EDGE('',*,*,#1087,.F.);
#1494=ORIENTED_EDGE('',*,*,#1137,.F.);
#1495=ORIENTED_EDGE('',*,*,#1138,.T.);
#1496=ORIENTED_EDGE('',*,*,#1110,.F.);
#1497=ORIENTED_EDGE('',*,*,#1114,.T.);
#1498=ORIENTED_EDGE('',*,*,#1139,.F.);
#1499=ORIENTED_EDGE('',*,*,#1140,.F.);
#1500=ORIENTED_EDGE('',*,*,#1111,.F.);
#1501=ORIENTED_EDGE('',*,*,#1140,.T.);
#1502=ORIENTED_EDGE('',*,*,#1141,.F.);
#1503=ORIENTED_EDGE('',*,*,#1142,.T.);
#1504=ORIENTED_EDGE('',*,*,#1074,.F.);
#1505=ORIENTED_EDGE('',*,*,#1143,.T.);
#1506=ORIENTED_EDGE('',*,*,#1144,.F.);
#1507=ORIENTED_EDGE('',*,*,#1099,.T.);
#1508=ORIENTED_EDGE('',*,*,#1073,.F.);
#1509=ORIENTED_EDGE('',*,*,#1093,.T.);
#1510=ORIENTED_EDGE('',*,*,#1145,.F.);
#1511=ORIENTED_EDGE('',*,*,#1143,.F.);
#1512=ORIENTED_EDGE('',*,*,#1083,.F.);
#1513=ORIENTED_EDGE('',*,*,#1138,.F.);
#1514=ORIENTED_EDGE('',*,*,#1146,.F.);
#1515=ORIENTED_EDGE('',*,*,#1147,.T.);
#1516=ORIENTED_EDGE('',*,*,#1148,.T.);
#1517=ORIENTED_EDGE('',*,*,#1149,.T.);
#1518=ORIENTED_EDGE('',*,*,#1119,.T.);
#1519=ORIENTED_EDGE('',*,*,#1150,.T.);
#1520=ORIENTED_EDGE('',*,*,#1146,.T.);
#1521=ORIENTED_EDGE('',*,*,#1137,.T.);
#1522=ORIENTED_EDGE('',*,*,#1086,.T.);
#1523=ORIENTED_EDGE('',*,*,#1089,.T.);
#1524=ORIENTED_EDGE('',*,*,#1098,.T.);
#1525=ORIENTED_EDGE('',*,*,#1090,.T.);
#1526=ORIENTED_EDGE('',*,*,#1043,.T.);
#1527=ORIENTED_EDGE('',*,*,#1151,.F.);
#1528=ORIENTED_EDGE('',*,*,#1152,.T.);
#1529=ORIENTED_EDGE('',*,*,#1153,.T.);
#1530=ORIENTED_EDGE('',*,*,#1154,.T.);
#1531=ORIENTED_EDGE('',*,*,#1155,.T.);
#1532=ORIENTED_EDGE('',*,*,#1152,.F.);
#1533=ORIENTED_EDGE('',*,*,#1156,.T.);
#1534=ORIENTED_EDGE('',*,*,#1157,.F.);
#1535=ORIENTED_EDGE('',*,*,#1158,.F.);
#1536=ORIENTED_EDGE('',*,*,#1148,.F.);
#1537=ORIENTED_EDGE('',*,*,#1159,.F.);
#1538=ORIENTED_EDGE('',*,*,#1160,.F.);
#1539=ORIENTED_EDGE('',*,*,#1161,.T.);
#1540=ORIENTED_EDGE('',*,*,#1084,.F.);
#1541=ORIENTED_EDGE('',*,*,#1147,.F.);
#1542=ORIENTED_EDGE('',*,*,#1150,.F.);
#1543=ORIENTED_EDGE('',*,*,#1118,.F.);
#1544=ORIENTED_EDGE('',*,*,#1154,.F.);
#1545=ORIENTED_EDGE('',*,*,#1162,.F.);
#1546=ORIENTED_EDGE('',*,*,#1163,.F.);
#1547=ORIENTED_EDGE('',*,*,#1164,.T.);
#1548=ORIENTED_EDGE('',*,*,#1153,.F.);
#1549=ORIENTED_EDGE('',*,*,#1158,.T.);
#1550=ORIENTED_EDGE('',*,*,#1165,.F.);
#1551=ORIENTED_EDGE('',*,*,#1162,.T.);
#1552=ORIENTED_EDGE('',*,*,#1155,.F.);
#1553=ORIENTED_EDGE('',*,*,#1164,.F.);
#1554=ORIENTED_EDGE('',*,*,#1166,.F.);
#1555=ORIENTED_EDGE('',*,*,#1159,.T.);
#1556=ORIENTED_EDGE('',*,*,#1018,.T.);
#1557=ORIENTED_EDGE('',*,*,#1136,.F.);
#1558=ORIENTED_EDGE('',*,*,#1104,.F.);
#1559=ORIENTED_EDGE('',*,*,#1135,.T.);
#1560=ORIENTED_EDGE('',*,*,#1102,.F.);
#1561=ORIENTED_EDGE('',*,*,#1167,.F.);
#1562=ORIENTED_EDGE('',*,*,#1168,.F.);
#1563=ORIENTED_EDGE('',*,*,#1040,.F.);
#1564=ORIENTED_EDGE('',*,*,#1101,.F.);
#1565=ORIENTED_EDGE('',*,*,#1142,.F.);
#1566=ORIENTED_EDGE('',*,*,#1169,.F.);
#1567=ORIENTED_EDGE('',*,*,#1167,.T.);
#1568=ORIENTED_EDGE('',*,*,#1121,.T.);
#1569=ORIENTED_EDGE('',*,*,#1170,.T.);
#1570=ORIENTED_EDGE('',*,*,#1160,.T.);
#1571=ORIENTED_EDGE('',*,*,#1166,.T.);
#1572=ORIENTED_EDGE('',*,*,#1163,.T.);
#1573=ORIENTED_EDGE('',*,*,#1165,.T.);
#1574=ORIENTED_EDGE('',*,*,#1157,.T.);
#1575=ORIENTED_EDGE('',*,*,#1171,.F.);
#1576=ORIENTED_EDGE('',*,*,#1041,.T.);
#1577=ORIENTED_EDGE('',*,*,#1168,.T.);
#1578=ORIENTED_EDGE('',*,*,#1169,.T.);
#1579=ORIENTED_EDGE('',*,*,#1141,.T.);
#1580=ORIENTED_EDGE('',*,*,#1139,.T.);
#1581=ORIENTED_EDGE('',*,*,#1113,.T.);
#1582=ORIENTED_EDGE('',*,*,#1134,.T.);
#1583=ORIENTED_EDGE('',*,*,#1116,.T.);
#1584=ORIENTED_EDGE('',*,*,#1151,.T.);
#1585=ORIENTED_EDGE('',*,*,#1042,.T.);
#1586=ORIENTED_EDGE('',*,*,#1171,.T.);
#1587=ORIENTED_EDGE('',*,*,#1156,.F.);
#1588=ORIENTED_EDGE('',*,*,#1149,.F.);
#1589=ORIENTED_EDGE('',*,*,#1161,.F.);
#1590=ORIENTED_EDGE('',*,*,#1170,.F.);
#1591=ORIENTED_EDGE('',*,*,#1120,.F.);
#1592=ORIENTED_EDGE('',*,*,#1065,.T.);
#1593=ORIENTED_EDGE('',*,*,#1172,.T.);
#1594=ORIENTED_EDGE('',*,*,#1173,.T.);
#1595=ORIENTED_EDGE('',*,*,#1050,.F.);
#1596=ORIENTED_EDGE('',*,*,#1069,.F.);
#1597=ORIENTED_EDGE('',*,*,#1173,.F.);
#1598=ORIENTED_EDGE('',*,*,#1174,.T.);
#1599=ORIENTED_EDGE('',*,*,#1175,.F.);
#1600=ORIENTED_EDGE('',*,*,#1051,.F.);
#1601=ORIENTED_EDGE('',*,*,#1176,.T.);
#1602=ORIENTED_EDGE('',*,*,#1067,.T.);
#1603=ORIENTED_EDGE('',*,*,#1070,.F.);
#1604=ORIENTED_EDGE('',*,*,#1054,.F.);
#1605=ORIENTED_EDGE('',*,*,#1177,.F.);
#1606=ORIENTED_EDGE('',*,*,#1068,.F.);
#1607=ORIENTED_EDGE('',*,*,#1176,.F.);
#1608=ORIENTED_EDGE('',*,*,#1178,.F.);
#1609=ORIENTED_EDGE('',*,*,#1179,.F.);
#1610=ORIENTED_EDGE('',*,*,#1174,.F.);
#1611=ORIENTED_EDGE('',*,*,#1172,.F.);
#1612=ORIENTED_EDGE('',*,*,#1180,.T.);
#1613=ORIENTED_EDGE('',*,*,#1181,.T.);
#1614=ORIENTED_EDGE('',*,*,#1182,.T.);
#1615=ORIENTED_EDGE('',*,*,#1126,.T.);
#1616=ORIENTED_EDGE('',*,*,#1183,.T.);
#1617=ORIENTED_EDGE('',*,*,#1184,.F.);
#1618=ORIENTED_EDGE('',*,*,#1185,.F.);
#1619=ORIENTED_EDGE('',*,*,#1186,.T.);
#1620=ORIENTED_EDGE('',*,*,#1187,.F.);
#1621=ORIENTED_EDGE('',*,*,#1181,.F.);
#1622=ORIENTED_EDGE('',*,*,#1188,.F.);
#1623=ORIENTED_EDGE('',*,*,#1059,.F.);
#1624=ORIENTED_EDGE('',*,*,#1131,.T.);
#1625=ORIENTED_EDGE('',*,*,#1189,.T.);
#1626=ORIENTED_EDGE('',*,*,#1190,.T.);
#1627=ORIENTED_EDGE('',*,*,#1191,.T.);
#1628=ORIENTED_EDGE('',*,*,#1184,.T.);
#1629=ORIENTED_EDGE('',*,*,#1192,.T.);
#1630=ORIENTED_EDGE('',*,*,#1132,.T.);
#1631=ORIENTED_EDGE('',*,*,#1191,.F.);
#1632=ORIENTED_EDGE('',*,*,#1193,.T.);
#1633=ORIENTED_EDGE('',*,*,#1194,.T.);
#1634=ORIENTED_EDGE('',*,*,#1133,.T.);
#1635=ORIENTED_EDGE('',*,*,#1192,.F.);
#1636=ORIENTED_EDGE('',*,*,#1195,.T.);
#1637=ORIENTED_EDGE('',*,*,#1122,.T.);
#1638=ORIENTED_EDGE('',*,*,#1194,.F.);
#1639=ORIENTED_EDGE('',*,*,#1196,.T.);
#1640=ORIENTED_EDGE('',*,*,#1197,.T.);
#1641=ORIENTED_EDGE('',*,*,#1123,.T.);
#1642=ORIENTED_EDGE('',*,*,#1195,.F.);
#1643=ORIENTED_EDGE('',*,*,#1198,.T.);
#1644=ORIENTED_EDGE('',*,*,#1199,.T.);
#1645=ORIENTED_EDGE('',*,*,#1124,.T.);
#1646=ORIENTED_EDGE('',*,*,#1197,.F.);
#1647=ORIENTED_EDGE('',*,*,#1200,.T.);
#1648=ORIENTED_EDGE('',*,*,#1125,.T.);
#1649=ORIENTED_EDGE('',*,*,#1199,.F.);
#1650=ORIENTED_EDGE('',*,*,#1201,.T.);
#1651=ORIENTED_EDGE('',*,*,#1180,.F.);
#1652=ORIENTED_EDGE('',*,*,#1189,.F.);
#1653=ORIENTED_EDGE('',*,*,#1130,.T.);
#1654=ORIENTED_EDGE('',*,*,#1202,.T.);
#1655=ORIENTED_EDGE('',*,*,#1203,.T.);
#1656=ORIENTED_EDGE('',*,*,#1202,.F.);
#1657=ORIENTED_EDGE('',*,*,#1129,.T.);
#1658=ORIENTED_EDGE('',*,*,#1204,.T.);
#1659=ORIENTED_EDGE('',*,*,#1205,.T.);
#1660=ORIENTED_EDGE('',*,*,#1204,.F.);
#1661=ORIENTED_EDGE('',*,*,#1128,.T.);
#1662=ORIENTED_EDGE('',*,*,#1206,.T.);
#1663=ORIENTED_EDGE('',*,*,#1207,.T.);
#1664=ORIENTED_EDGE('',*,*,#1208,.T.);
#1665=ORIENTED_EDGE('',*,*,#1206,.F.);
#1666=ORIENTED_EDGE('',*,*,#1127,.T.);
#1667=ORIENTED_EDGE('',*,*,#1182,.F.);
#1668=ORIENTED_EDGE('',*,*,#1209,.F.);
#1669=ORIENTED_EDGE('',*,*,#1060,.F.);
#1670=ORIENTED_EDGE('',*,*,#1188,.T.);
#1671=ORIENTED_EDGE('',*,*,#1201,.F.);
#1672=ORIENTED_EDGE('',*,*,#1210,.T.);
#1673=ORIENTED_EDGE('',*,*,#1198,.F.);
#1674=ORIENTED_EDGE('',*,*,#1211,.F.);
#1675=ORIENTED_EDGE('',*,*,#1056,.F.);
#1676=ORIENTED_EDGE('',*,*,#1200,.F.);
#1677=ORIENTED_EDGE('',*,*,#1210,.F.);
#1678=ORIENTED_EDGE('',*,*,#1061,.F.);
#1679=ORIENTED_EDGE('',*,*,#1209,.T.);
#1680=ORIENTED_EDGE('',*,*,#1212,.T.);
#1681=ORIENTED_EDGE('',*,*,#1193,.F.);
#1682=ORIENTED_EDGE('',*,*,#1183,.F.);
#1683=ORIENTED_EDGE('',*,*,#1058,.F.);
#1684=ORIENTED_EDGE('',*,*,#1196,.F.);
#1685=ORIENTED_EDGE('',*,*,#1212,.F.);
#1686=ORIENTED_EDGE('',*,*,#1057,.F.);
#1687=ORIENTED_EDGE('',*,*,#1211,.T.);
#1688=ORIENTED_EDGE('',*,*,#1177,.T.);
#1689=ORIENTED_EDGE('',*,*,#1053,.F.);
#1690=ORIENTED_EDGE('',*,*,#1213,.F.);
#1691=ORIENTED_EDGE('',*,*,#1178,.T.);
#1692=ORIENTED_EDGE('',*,*,#1213,.T.);
#1693=ORIENTED_EDGE('',*,*,#1052,.F.);
#1694=ORIENTED_EDGE('',*,*,#1175,.T.);
#1695=ORIENTED_EDGE('',*,*,#1179,.T.);
#1696=ORIENTED_EDGE('',*,*,#1214,.T.);
#1697=ORIENTED_EDGE('',*,*,#1215,.T.);
#1698=ORIENTED_EDGE('',*,*,#1216,.T.);
#1699=ORIENTED_EDGE('',*,*,#1217,.T.);
#1700=ORIENTED_EDGE('',*,*,#1038,.F.);
#1701=ORIENTED_EDGE('',*,*,#1049,.T.);
#1702=ORIENTED_EDGE('',*,*,#1218,.T.);
#1703=ORIENTED_EDGE('',*,*,#1219,.F.);
#1704=ORIENTED_EDGE('',*,*,#1028,.F.);
#1705=ORIENTED_EDGE('',*,*,#1063,.T.);
#1706=ORIENTED_EDGE('',*,*,#1064,.T.);
#1707=ORIENTED_EDGE('',*,*,#1010,.T.);
#1708=ORIENTED_EDGE('',*,*,#1013,.T.);
#1709=ORIENTED_EDGE('',*,*,#1015,.T.);
#1710=ORIENTED_EDGE('',*,*,#1097,.T.);
#1711=ORIENTED_EDGE('',*,*,#1100,.T.);
#1712=ORIENTED_EDGE('',*,*,#1144,.T.);
#1713=ORIENTED_EDGE('',*,*,#1145,.T.);
#1714=ORIENTED_EDGE('',*,*,#1092,.T.);
#1715=ORIENTED_EDGE('',*,*,#1030,.F.);
#1716=ORIENTED_EDGE('',*,*,#1220,.F.);
#1717=ORIENTED_EDGE('',*,*,#1221,.T.);
#1718=ORIENTED_EDGE('',*,*,#1047,.T.);
#1719=ORIENTED_EDGE('',*,*,#1095,.F.);
#1720=ORIENTED_EDGE('',*,*,#1222,.T.);
#1721=ORIENTED_EDGE('',*,*,#1223,.T.);
#1722=ORIENTED_EDGE('',*,*,#1216,.F.);
#1723=ORIENTED_EDGE('',*,*,#1224,.F.);
#1724=ORIENTED_EDGE('',*,*,#1225,.T.);
#1725=ORIENTED_EDGE('',*,*,#1226,.T.);
#1726=ORIENTED_EDGE('',*,*,#1217,.F.);
#1727=ORIENTED_EDGE('',*,*,#1223,.F.);
#1728=ORIENTED_EDGE('',*,*,#1227,.T.);
#1729=ORIENTED_EDGE('',*,*,#1228,.T.);
#1730=ORIENTED_EDGE('',*,*,#1214,.F.);
#1731=ORIENTED_EDGE('',*,*,#1226,.F.);
#1732=ORIENTED_EDGE('',*,*,#1229,.T.);
#1733=ORIENTED_EDGE('',*,*,#1224,.T.);
#1734=ORIENTED_EDGE('',*,*,#1215,.F.);
#1735=ORIENTED_EDGE('',*,*,#1228,.F.);
#1736=ORIENTED_EDGE('',*,*,#1230,.F.);
#1737=ORIENTED_EDGE('',*,*,#1208,.F.);
#1738=ORIENTED_EDGE('',*,*,#1187,.T.);
#1739=ORIENTED_EDGE('',*,*,#1231,.F.);
#1740=ORIENTED_EDGE('',*,*,#1232,.T.);
#1741=ORIENTED_EDGE('',*,*,#1233,.F.);
#1742=ORIENTED_EDGE('',*,*,#1234,.F.);
#1743=ORIENTED_EDGE('',*,*,#1235,.F.);
#1744=ORIENTED_EDGE('',*,*,#1231,.T.);
#1745=ORIENTED_EDGE('',*,*,#1186,.F.);
#1746=ORIENTED_EDGE('',*,*,#1222,.F.);
#1747=ORIENTED_EDGE('',*,*,#1229,.F.);
#1748=ORIENTED_EDGE('',*,*,#1227,.F.);
#1749=ORIENTED_EDGE('',*,*,#1225,.F.);
#1750=ORIENTED_EDGE('',*,*,#1185,.T.);
#1751=ORIENTED_EDGE('',*,*,#1190,.F.);
#1752=ORIENTED_EDGE('',*,*,#1236,.T.);
#1753=ORIENTED_EDGE('',*,*,#1232,.F.);
#1754=ORIENTED_EDGE('',*,*,#1219,.T.);
#1755=ORIENTED_EDGE('',*,*,#1237,.T.);
#1756=ORIENTED_EDGE('',*,*,#1220,.T.);
#1757=ORIENTED_EDGE('',*,*,#1029,.T.);
#1758=ORIENTED_EDGE('',*,*,#1221,.F.);
#1759=ORIENTED_EDGE('',*,*,#1237,.F.);
#1760=ORIENTED_EDGE('',*,*,#1218,.F.);
#1761=ORIENTED_EDGE('',*,*,#1048,.F.);
#1762=ORIENTED_EDGE('',*,*,#1236,.F.);
#1763=ORIENTED_EDGE('',*,*,#1203,.F.);
#1764=ORIENTED_EDGE('',*,*,#1238,.T.);
#1765=ORIENTED_EDGE('',*,*,#1233,.T.);
#1766=ORIENTED_EDGE('',*,*,#1239,.F.);
#1767=ORIENTED_EDGE('',*,*,#1207,.F.);
#1768=ORIENTED_EDGE('',*,*,#1230,.T.);
#1769=ORIENTED_EDGE('',*,*,#1235,.T.);
#1770=ORIENTED_EDGE('',*,*,#1238,.F.);
#1771=ORIENTED_EDGE('',*,*,#1205,.F.);
#1772=ORIENTED_EDGE('',*,*,#1239,.T.);
#1773=ORIENTED_EDGE('',*,*,#1234,.T.);
#1774=ORIENTED_EDGE('',*,*,#1240,.F.);
#1775=ORIENTED_EDGE('',*,*,#1241,.T.);
#1776=ORIENTED_EDGE('',*,*,#1242,.F.);
#1777=ORIENTED_EDGE('',*,*,#1243,.F.);
#1778=ORIENTED_EDGE('',*,*,#1244,.F.);
#1779=ORIENTED_EDGE('',*,*,#1243,.T.);
#1780=ORIENTED_EDGE('',*,*,#1245,.F.);
#1781=ORIENTED_EDGE('',*,*,#1246,.F.);
#1782=ORIENTED_EDGE('',*,*,#1247,.F.);
#1783=ORIENTED_EDGE('',*,*,#1246,.T.);
#1784=ORIENTED_EDGE('',*,*,#1248,.F.);
#1785=ORIENTED_EDGE('',*,*,#1249,.F.);
#1786=ORIENTED_EDGE('',*,*,#1250,.F.);
#1787=ORIENTED_EDGE('',*,*,#1249,.T.);
#1788=ORIENTED_EDGE('',*,*,#1251,.F.);
#1789=ORIENTED_EDGE('',*,*,#1252,.F.);
#1790=ORIENTED_EDGE('',*,*,#1253,.F.);
#1791=ORIENTED_EDGE('',*,*,#1252,.T.);
#1792=ORIENTED_EDGE('',*,*,#1254,.F.);
#1793=ORIENTED_EDGE('',*,*,#1255,.F.);
#1794=ORIENTED_EDGE('',*,*,#1256,.F.);
#1795=ORIENTED_EDGE('',*,*,#1255,.T.);
#1796=ORIENTED_EDGE('',*,*,#1257,.F.);
#1797=ORIENTED_EDGE('',*,*,#1241,.F.);
#1798=ORIENTED_EDGE('',*,*,#1256,.T.);
#1799=ORIENTED_EDGE('',*,*,#1240,.T.);
#1800=ORIENTED_EDGE('',*,*,#1244,.T.);
#1801=ORIENTED_EDGE('',*,*,#1247,.T.);
#1802=ORIENTED_EDGE('',*,*,#1250,.T.);
#1803=ORIENTED_EDGE('',*,*,#1253,.T.);
#1804=ORIENTED_EDGE('',*,*,#1257,.T.);
#1805=ORIENTED_EDGE('',*,*,#1254,.T.);
#1806=ORIENTED_EDGE('',*,*,#1251,.T.);
#1807=ORIENTED_EDGE('',*,*,#1248,.T.);
#1808=ORIENTED_EDGE('',*,*,#1245,.T.);
#1809=ORIENTED_EDGE('',*,*,#1242,.T.);
#1810=ORIENTED_EDGE('',*,*,#1258,.T.);
#1811=ORIENTED_EDGE('',*,*,#1259,.T.);
#1812=ORIENTED_EDGE('',*,*,#1260,.F.);
#1813=ORIENTED_EDGE('',*,*,#1261,.F.);
#1814=ORIENTED_EDGE('',*,*,#1262,.T.);
#1815=ORIENTED_EDGE('',*,*,#1261,.T.);
#1816=ORIENTED_EDGE('',*,*,#1263,.F.);
#1817=ORIENTED_EDGE('',*,*,#1264,.F.);
#1818=ORIENTED_EDGE('',*,*,#1265,.T.);
#1819=ORIENTED_EDGE('',*,*,#1264,.T.);
#1820=ORIENTED_EDGE('',*,*,#1266,.F.);
#1821=ORIENTED_EDGE('',*,*,#1267,.F.);
#1822=ORIENTED_EDGE('',*,*,#1268,.T.);
#1823=ORIENTED_EDGE('',*,*,#1267,.T.);
#1824=ORIENTED_EDGE('',*,*,#1269,.F.);
#1825=ORIENTED_EDGE('',*,*,#1259,.F.);
#1826=ORIENTED_EDGE('',*,*,#1270,.T.);
#1827=ORIENTED_EDGE('',*,*,#1271,.T.);
#1828=ORIENTED_EDGE('',*,*,#1272,.F.);
#1829=ORIENTED_EDGE('',*,*,#1273,.F.);
#1830=ORIENTED_EDGE('',*,*,#1274,.T.);
#1831=ORIENTED_EDGE('',*,*,#1273,.T.);
#1832=ORIENTED_EDGE('',*,*,#1275,.F.);
#1833=ORIENTED_EDGE('',*,*,#1276,.F.);
#1834=ORIENTED_EDGE('',*,*,#1277,.T.);
#1835=ORIENTED_EDGE('',*,*,#1276,.T.);
#1836=ORIENTED_EDGE('',*,*,#1278,.F.);
#1837=ORIENTED_EDGE('',*,*,#1279,.F.);
#1838=ORIENTED_EDGE('',*,*,#1280,.T.);
#1839=ORIENTED_EDGE('',*,*,#1279,.T.);
#1840=ORIENTED_EDGE('',*,*,#1281,.F.);
#1841=ORIENTED_EDGE('',*,*,#1282,.F.);
#1842=ORIENTED_EDGE('',*,*,#1283,.T.);
#1843=ORIENTED_EDGE('',*,*,#1282,.T.);
#1844=ORIENTED_EDGE('',*,*,#1284,.F.);
#1845=ORIENTED_EDGE('',*,*,#1285,.F.);
#1846=ORIENTED_EDGE('',*,*,#1286,.T.);
#1847=ORIENTED_EDGE('',*,*,#1285,.T.);
#1848=ORIENTED_EDGE('',*,*,#1287,.F.);
#1849=ORIENTED_EDGE('',*,*,#1288,.F.);
#1850=ORIENTED_EDGE('',*,*,#1289,.T.);
#1851=ORIENTED_EDGE('',*,*,#1288,.T.);
#1852=ORIENTED_EDGE('',*,*,#1290,.F.);
#1853=ORIENTED_EDGE('',*,*,#1291,.F.);
#1854=ORIENTED_EDGE('',*,*,#1292,.T.);
#1855=ORIENTED_EDGE('',*,*,#1291,.T.);
#1856=ORIENTED_EDGE('',*,*,#1293,.F.);
#1857=ORIENTED_EDGE('',*,*,#1294,.F.);
#1858=ORIENTED_EDGE('',*,*,#1295,.T.);
#1859=ORIENTED_EDGE('',*,*,#1294,.T.);
#1860=ORIENTED_EDGE('',*,*,#1296,.F.);
#1861=ORIENTED_EDGE('',*,*,#1297,.F.);
#1862=ORIENTED_EDGE('',*,*,#1298,.T.);
#1863=ORIENTED_EDGE('',*,*,#1297,.T.);
#1864=ORIENTED_EDGE('',*,*,#1299,.F.);
#1865=ORIENTED_EDGE('',*,*,#1271,.F.);
#1866=ORIENTED_EDGE('',*,*,#1298,.F.);
#1867=ORIENTED_EDGE('',*,*,#1270,.F.);
#1868=ORIENTED_EDGE('',*,*,#1274,.F.);
#1869=ORIENTED_EDGE('',*,*,#1277,.F.);
#1870=ORIENTED_EDGE('',*,*,#1280,.F.);
#1871=ORIENTED_EDGE('',*,*,#1283,.F.);
#1872=ORIENTED_EDGE('',*,*,#1286,.F.);
#1873=ORIENTED_EDGE('',*,*,#1289,.F.);
#1874=ORIENTED_EDGE('',*,*,#1292,.F.);
#1875=ORIENTED_EDGE('',*,*,#1295,.F.);
#1876=ORIENTED_EDGE('',*,*,#1268,.F.);
#1877=ORIENTED_EDGE('',*,*,#1258,.F.);
#1878=ORIENTED_EDGE('',*,*,#1262,.F.);
#1879=ORIENTED_EDGE('',*,*,#1265,.F.);
#1880=ORIENTED_EDGE('',*,*,#1299,.T.);
#1881=ORIENTED_EDGE('',*,*,#1296,.T.);
#1882=ORIENTED_EDGE('',*,*,#1293,.T.);
#1883=ORIENTED_EDGE('',*,*,#1290,.T.);
#1884=ORIENTED_EDGE('',*,*,#1287,.T.);
#1885=ORIENTED_EDGE('',*,*,#1284,.T.);
#1886=ORIENTED_EDGE('',*,*,#1281,.T.);
#1887=ORIENTED_EDGE('',*,*,#1278,.T.);
#1888=ORIENTED_EDGE('',*,*,#1275,.T.);
#1889=ORIENTED_EDGE('',*,*,#1272,.T.);
#1890=ORIENTED_EDGE('',*,*,#1269,.T.);
#1891=ORIENTED_EDGE('',*,*,#1266,.T.);
#1892=ORIENTED_EDGE('',*,*,#1263,.T.);
#1893=ORIENTED_EDGE('',*,*,#1260,.T.);
#1894=PLANE('',#2119);
#1895=PLANE('',#2120);
#1896=PLANE('',#2121);
#1897=PLANE('',#2122);
#1898=PLANE('',#2123);
#1899=PLANE('',#2124);
#1900=PLANE('',#2126);
#1901=PLANE('',#2128);
#1902=PLANE('',#2129);
#1903=PLANE('',#2136);
#1904=PLANE('',#2137);
#1905=PLANE('',#2138);
#1906=PLANE('',#2139);
#1907=PLANE('',#2150);
#1908=PLANE('',#2151);
#1909=PLANE('',#2153);
#1910=PLANE('',#2154);
#1911=PLANE('',#2155);
#1912=PLANE('',#2156);
#1913=PLANE('',#2157);
#1914=PLANE('',#2159);
#1915=PLANE('',#2168);
#1916=PLANE('',#2170);
#1917=PLANE('',#2171);
#1918=PLANE('',#2178);
#1919=PLANE('',#2180);
#1920=PLANE('',#2181);
#1921=PLANE('',#2182);
#1922=PLANE('',#2184);
#1923=PLANE('',#2185);
#1924=PLANE('',#2187);
#1925=PLANE('',#2188);
#1926=PLANE('',#2189);
#1927=PLANE('',#2196);
#1928=PLANE('',#2198);
#1929=PLANE('',#2200);
#1930=PLANE('',#2201);
#1931=PLANE('',#2202);
#1932=PLANE('',#2204);
#1933=PLANE('',#2206);
#1934=PLANE('',#2207);
#1935=PLANE('',#2208);
#1936=PLANE('',#2211);
#1937=PLANE('',#2212);
#1938=PLANE('',#2213);
#1939=PLANE('',#2214);
#1940=PLANE('',#2215);
#1941=PLANE('',#2216);
#1942=PLANE('',#2217);
#1943=PLANE('',#2218);
#1944=PLANE('',#2219);
#1945=PLANE('',#2220);
#1946=PLANE('',#2221);
#1947=PLANE('',#2224);
#1948=PLANE('',#2227);
#1949=PLANE('',#2230);
#1950=PLANE('',#2233);
#1951=PLANE('',#2234);
#1952=PLANE('',#2235);
#1953=PLANE('',#2237);
#1954=PLANE('',#2239);
#1955=PLANE('',#2240);
#1956=PLANE('',#2241);
#1957=PLANE('',#2244);
#1958=PLANE('',#2245);
#1959=PLANE('',#2248);
#1960=PLANE('',#2251);
#1961=PLANE('',#2252);
#1962=PLANE('',#2253);
#1963=PLANE('',#2256);
#1964=PLANE('',#2257);
#1965=PLANE('',#2258);
#1966=PLANE('',#2261);
#1967=PLANE('',#2262);
#1968=PLANE('',#2263);
#1969=PLANE('',#2264);
#1970=PLANE('',#2265);
#1971=PLANE('',#2266);
#1972=PLANE('',#2267);
#1973=PLANE('',#2268);
#1974=PLANE('',#2269);
#1975=PLANE('',#2270);
#1976=PLANE('',#2271);
#1977=PLANE('',#2272);
#1978=PLANE('',#2273);
#1979=PLANE('',#2274);
#1980=PLANE('',#2275);
#1981=PLANE('',#2276);
#1982=PLANE('',#2277);
#1983=PLANE('',#2278);
#1984=PLANE('',#2279);
#1985=PLANE('',#2280);
#1986=PLANE('',#2281);
#1987=PLANE('',#2282);
#1988=PLANE('',#2283);
#1989=PLANE('',#2284);
#1990=PLANE('',#2285);
#1991=ADVANCED_FACE('',(#103),#1894,.T.);
#1992=ADVANCED_FACE('',(#104),#1895,.F.);
#1993=ADVANCED_FACE('',(#105),#1896,.F.);
#1994=ADVANCED_FACE('',(#106),#1897,.F.);
#1995=ADVANCED_FACE('',(#107),#1898,.T.);
#1996=ADVANCED_FACE('',(#108),#1899,.F.);
#1997=ADVANCED_FACE('',(#109),#1900,.F.);
#1998=ADVANCED_FACE('',(#110),#1901,.T.);
#1999=ADVANCED_FACE('',(#111,#41,#42),#1902,.F.);
#2000=ADVANCED_FACE('',(#112),#1903,.F.);
#2001=ADVANCED_FACE('',(#113),#1904,.F.);
#2002=ADVANCED_FACE('',(#114),#1905,.F.);
#2003=ADVANCED_FACE('',(#115),#1906,.T.);
#2004=ADVANCED_FACE('',(#116),#31,.T.);
#2005=ADVANCED_FACE('',(#117),#1907,.F.);
#2006=ADVANCED_FACE('',(#118),#1908,.F.);
#2007=ADVANCED_FACE('',(#119),#1909,.T.);
#2008=ADVANCED_FACE('',(#120),#1910,.F.);
#2009=ADVANCED_FACE('',(#121),#1911,.T.);
#2010=ADVANCED_FACE('',(#122),#1912,.F.);
#2011=ADVANCED_FACE('',(#123),#1913,.F.);
#2012=ADVANCED_FACE('',(#124),#1914,.F.);
#2013=ADVANCED_FACE('',(#125),#32,.T.);
#2014=ADVANCED_FACE('',(#126),#1915,.F.);
#2015=ADVANCED_FACE('',(#127),#1916,.T.);
#2016=ADVANCED_FACE('',(#128,#43),#1917,.T.);
#2017=ADVANCED_FACE('',(#129),#1918,.F.);
#2018=ADVANCED_FACE('',(#130),#1919,.F.);
#2019=ADVANCED_FACE('',(#131),#1920,.F.);
#2020=ADVANCED_FACE('',(#132),#1921,.F.);
#2021=ADVANCED_FACE('',(#133),#1922,.F.);
#2022=ADVANCED_FACE('',(#134),#1923,.F.);
#2023=ADVANCED_FACE('',(#135),#1924,.F.);
#2024=ADVANCED_FACE('',(#136),#1925,.F.);
#2025=ADVANCED_FACE('',(#137),#1926,.F.);
#2026=ADVANCED_FACE('',(#138),#33,.T.);
#2027=ADVANCED_FACE('',(#139),#1927,.F.);
#2028=ADVANCED_FACE('',(#140),#1928,.F.);
#2029=ADVANCED_FACE('',(#141),#1929,.T.);
#2030=ADVANCED_FACE('',(#142),#1930,.F.);
#2031=ADVANCED_FACE('',(#143),#1931,.F.);
#2032=ADVANCED_FACE('',(#144),#1932,.F.);
#2033=ADVANCED_FACE('',(#145),#1933,.F.);
#2034=ADVANCED_FACE('',(#146),#1934,.T.);
#2035=ADVANCED_FACE('',(#147),#1935,.F.);
#2036=ADVANCED_FACE('',(#148),#34,.T.);
#2037=ADVANCED_FACE('',(#149),#1936,.T.);
#2038=ADVANCED_FACE('',(#150),#1937,.T.);
#2039=ADVANCED_FACE('',(#151),#1938,.F.);
#2040=ADVANCED_FACE('',(#152),#1939,.T.);
#2041=ADVANCED_FACE('',(#153),#1940,.T.);
#2042=ADVANCED_FACE('',(#154),#1941,.T.);
#2043=ADVANCED_FACE('',(#155),#1942,.T.);
#2044=ADVANCED_FACE('',(#156),#1943,.F.);
#2045=ADVANCED_FACE('',(#157),#1944,.T.);
#2046=ADVANCED_FACE('',(#158),#1945,.T.);
#2047=ADVANCED_FACE('',(#159),#1946,.T.);
#2048=ADVANCED_FACE('',(#160),#27,.F.);
#2049=ADVANCED_FACE('',(#161),#1947,.T.);
#2050=ADVANCED_FACE('',(#162),#28,.F.);
#2051=ADVANCED_FACE('',(#163),#1948,.T.);
#2052=ADVANCED_FACE('',(#164),#29,.T.);
#2053=ADVANCED_FACE('',(#165),#1949,.T.);
#2054=ADVANCED_FACE('',(#166),#30,.T.);
#2055=ADVANCED_FACE('',(#167),#1950,.T.);
#2056=ADVANCED_FACE('',(#168),#1951,.F.);
#2057=ADVANCED_FACE('',(#169),#1952,.F.);
#2058=ADVANCED_FACE('',(#170),#35,.F.);
#2059=ADVANCED_FACE('',(#171),#1953,.F.);
#2060=ADVANCED_FACE('',(#172),#36,.F.);
#2061=ADVANCED_FACE('',(#173),#1954,.T.);
#2062=ADVANCED_FACE('',(#174),#1955,.T.);
#2063=ADVANCED_FACE('',(#175),#1956,.F.);
#2064=ADVANCED_FACE('',(#176),#1957,.T.);
#2065=ADVANCED_FACE('',(#177),#1958,.T.);
#2066=ADVANCED_FACE('',(#178),#37,.T.);
#2067=ADVANCED_FACE('',(#179),#1959,.F.);
#2068=ADVANCED_FACE('',(#180),#38,.T.);
#2069=ADVANCED_FACE('',(#181),#1960,.F.);
#2070=ADVANCED_FACE('',(#182),#1961,.T.);
#2071=ADVANCED_FACE('',(#183,#44),#1962,.F.);
#2072=ADVANCED_FACE('',(#184),#1963,.T.);
#2073=ADVANCED_FACE('',(#185),#1964,.T.);
#2074=ADVANCED_FACE('',(#186),#1965,.F.);
#2075=ADVANCED_FACE('',(#187),#39,.T.);
#2076=ADVANCED_FACE('',(#188),#40,.T.);
#2077=ADVANCED_FACE('',(#189),#1966,.T.);
#2078=ADVANCED_FACE('',(#190),#1967,.T.);
#2079=ADVANCED_FACE('',(#191),#1968,.T.);
#2080=ADVANCED_FACE('',(#192),#1969,.T.);
#2081=ADVANCED_FACE('',(#193),#1970,.T.);
#2082=ADVANCED_FACE('',(#194),#1971,.T.);
#2083=ADVANCED_FACE('',(#195),#1972,.T.);
#2084=ADVANCED_FACE('',(#196),#1973,.T.);
#2085=ADVANCED_FACE('',(#197),#1974,.F.);
#2086=ADVANCED_FACE('',(#198),#1975,.T.);
#2087=ADVANCED_FACE('',(#199),#1976,.T.);
#2088=ADVANCED_FACE('',(#200),#1977,.T.);
#2089=ADVANCED_FACE('',(#201),#1978,.T.);
#2090=ADVANCED_FACE('',(#202),#1979,.T.);
#2091=ADVANCED_FACE('',(#203),#1980,.T.);
#2092=ADVANCED_FACE('',(#204),#1981,.T.);
#2093=ADVANCED_FACE('',(#205),#1982,.T.);
#2094=ADVANCED_FACE('',(#206),#1983,.T.);
#2095=ADVANCED_FACE('',(#207),#1984,.T.);
#2096=ADVANCED_FACE('',(#208),#1985,.T.);
#2097=ADVANCED_FACE('',(#209),#1986,.T.);
#2098=ADVANCED_FACE('',(#210),#1987,.T.);
#2099=ADVANCED_FACE('',(#211),#1988,.T.);
#2100=ADVANCED_FACE('',(#212,#45),#1989,.T.);
#2101=ADVANCED_FACE('',(#213,#46),#1990,.T.);
#2102=CLOSED_SHELL('',(#1991,#1992,#1993,#1994,#1995,#1996,#1997,#1998,
#1999,#2000,#2001,#2002,#2003,#2004,#2005,#2006,#2007,#2008,#2009,#2010,
#2011,#2012,#2013,#2014,#2015,#2016,#2017,#2018,#2019,#2020,#2021,#2022,
#2023,#2024,#2025,#2026,#2027,#2028,#2029,#2030,#2031,#2032,#2033,#2034,
#2035,#2036,#2037,#2038,#2039,#2040,#2041,#2042,#2043,#2044,#2045,#2046,
#2047,#2048,#2049,#2050,#2051,#2052,#2053,#2054,#2055,#2056,#2057,#2058,
#2059,#2060,#2061,#2062,#2063,#2064,#2065,#2066,#2067,#2068,#2069,#2070,
#2071,#2072,#2073,#2074,#2075,#2076,#2077));
#2103=CLOSED_SHELL('',(#2078,#2079,#2080,#2081,#2082,#2083,#2084,#2085));
#2104=CLOSED_SHELL('',(#2086,#2087,#2088,#2089,#2090,#2091,#2092,#2093,
#2094,#2095,#2096,#2097,#2098,#2099,#2100,#2101));
#2105=DERIVED_UNIT_ELEMENT(#2107,1.);
#2106=DERIVED_UNIT_ELEMENT(#3486,-3.);
#2107=(
MASS_UNIT()
NAMED_UNIT(*)
SI_UNIT(.KILO.,.GRAM.)
);
#2108=DERIVED_UNIT((#2105,#2106));
#2109=MEASURE_REPRESENTATION_ITEM('density measure',
POSITIVE_RATIO_MEASURE(7850.),#2108);
#2110=PROPERTY_DEFINITION_REPRESENTATION(#2115,#2112);
#2111=PROPERTY_DEFINITION_REPRESENTATION(#2116,#2113);
#2112=REPRESENTATION('material name',(#2114),#3483);
#2113=REPRESENTATION('density',(#2109),#3483);
#2114=DESCRIPTIVE_REPRESENTATION_ITEM('Steel','Steel');
#2115=PROPERTY_DEFINITION('material property','material name',#3498);
#2116=PROPERTY_DEFINITION('material property','density of part',#3498);
#2117=AXIS2_PLACEMENT_3D('',#2866,#2287,#2288);
#2118=AXIS2_PLACEMENT_3D('',#2867,#2289,#2290);
#2119=AXIS2_PLACEMENT_3D('',#2868,#2291,#2292);
#2120=AXIS2_PLACEMENT_3D('',#2881,#2299,#2300);
#2121=AXIS2_PLACEMENT_3D('',#2887,#2304,#2305);
#2122=AXIS2_PLACEMENT_3D('',#2891,#2308,#2309);
#2123=AXIS2_PLACEMENT_3D('',#2895,#2312,#2313);
#2124=AXIS2_PLACEMENT_3D('',#2908,#2320,#2321);
#2125=AXIS2_PLACEMENT_3D('',#2912,#2323,#2324);
#2126=AXIS2_PLACEMENT_3D('',#2914,#2326,#2327);
#2127=AXIS2_PLACEMENT_3D('',#2917,#2329,#2330);
#2128=AXIS2_PLACEMENT_3D('',#2918,#2331,#2332);
#2129=AXIS2_PLACEMENT_3D('',#2941,#2345,#2346);
#2130=AXIS2_PLACEMENT_3D('',#2943,#2347,#2348);
#2131=AXIS2_PLACEMENT_3D('',#2947,#2350,#2351);
#2132=AXIS2_PLACEMENT_3D('',#2951,#2353,#2354);
#2133=AXIS2_PLACEMENT_3D('',#2955,#2356,#2357);
#2134=AXIS2_PLACEMENT_3D('',#2979,#2369,#2370);
#2135=AXIS2_PLACEMENT_3D('',#2986,#2374,#2375);
#2136=AXIS2_PLACEMENT_3D('',#2987,#2376,#2377);
#2137=AXIS2_PLACEMENT_3D('',#2991,#2380,#2381);
#2138=AXIS2_PLACEMENT_3D('',#2993,#2383,#2384);
#2139=AXIS2_PLACEMENT_3D('',#3002,#2389,#2390);
#2140=AXIS2_PLACEMENT_3D('',#3005,#2393,#2394);
#2141=AXIS2_PLACEMENT_3D('',#3007,#2395,#2396);
#2142=AXIS2_PLACEMENT_3D('',#3009,#2397,#2398);
#2143=AXIS2_PLACEMENT_3D('',#3011,#2399,#2400);
#2144=AXIS2_PLACEMENT_3D('',#3015,#2402,#2403);
#2145=AXIS2_PLACEMENT_3D('',#3017,#2404,#2405);
#2146=AXIS2_PLACEMENT_3D('',#3022,#2408,#2409);
#2147=AXIS2_PLACEMENT_3D('',#3024,#2410,#2411);
#2148=AXIS2_PLACEMENT_3D('',#3028,#2413,#2414);
#2149=AXIS2_PLACEMENT_3D('',#3030,#2415,#2416);
#2150=AXIS2_PLACEMENT_3D('',#3032,#2418,#2419);
#2151=AXIS2_PLACEMENT_3D('',#3038,#2423,#2424);
#2152=AXIS2_PLACEMENT_3D('',#3041,#2426,#2427);
#2153=AXIS2_PLACEMENT_3D('',#3042,#2428,#2429);
#2154=AXIS2_PLACEMENT_3D('',#3046,#2432,#2433);
#2155=AXIS2_PLACEMENT_3D('',#3050,#2436,#2437);
#2156=AXIS2_PLACEMENT_3D('',#3054,#2440,#2441);
#2157=AXIS2_PLACEMENT_3D('',#3058,#2444,#2445);
#2158=AXIS2_PLACEMENT_3D('',#3059,#2446,#2447);
#2159=AXIS2_PLACEMENT_3D('',#3060,#2448,#2449);
#2160=AXIS2_PLACEMENT_3D('',#3064,#2452,#2453);
#2161=AXIS2_PLACEMENT_3D('',#3067,#2454,#2455);
#2162=AXIS2_PLACEMENT_3D('',#3070,#2457,#2458);
#2163=AXIS2_PLACEMENT_3D('',#3072,#2459,#2460);
#2164=AXIS2_PLACEMENT_3D('',#3075,#2462,#2463);
#2165=AXIS2_PLACEMENT_3D('',#3079,#2465,#2466);
#2166=AXIS2_PLACEMENT_3D('',#3081,#2467,#2468);
#2167=AXIS2_PLACEMENT_3D('',#3084,#2470,#2471);
#2168=AXIS2_PLACEMENT_3D('',#3085,#2472,#2473);
#2169=AXIS2_PLACEMENT_3D('',#3089,#2475,#2476);
#2170=AXIS2_PLACEMENT_3D('',#3091,#2478,#2479);
#2171=AXIS2_PLACEMENT_3D('',#3097,#2483,#2484);
#2172=AXIS2_PLACEMENT_3D('',#3101,#2486,#2487);
#2173=AXIS2_PLACEMENT_3D('',#3104,#2489,#2490);
#2174=AXIS2_PLACEMENT_3D('',#3107,#2491,#2492);
#2175=AXIS2_PLACEMENT_3D('',#3111,#2494,#2495);
#2176=AXIS2_PLACEMENT_3D('',#3119,#2499,#2500);
#2177=AXIS2_PLACEMENT_3D('',#3123,#2502,#2503);
#2178=AXIS2_PLACEMENT_3D('',#3129,#2507,#2508);
#2179=AXIS2_PLACEMENT_3D('',#3130,#2509,#2510);
#2180=AXIS2_PLACEMENT_3D('',#3131,#2511,#2512);
#2181=AXIS2_PLACEMENT_3D('',#3133,#2514,#2515);
#2182=AXIS2_PLACEMENT_3D('',#3135,#2517,#2518);
#2183=AXIS2_PLACEMENT_3D('',#3137,#2519,#2520);
#2184=AXIS2_PLACEMENT_3D('',#3139,#2522,#2523);
#2185=AXIS2_PLACEMENT_3D('',#3143,#2526,#2527);
#2186=AXIS2_PLACEMENT_3D('',#3145,#2528,#2529);
#2187=AXIS2_PLACEMENT_3D('',#3147,#2531,#2532);
#2188=AXIS2_PLACEMENT_3D('',#3151,#2535,#2536);
#2189=AXIS2_PLACEMENT_3D('',#3153,#2538,#2539);
#2190=AXIS2_PLACEMENT_3D('',#3155,#2540,#2541);
#2191=AXIS2_PLACEMENT_3D('',#3157,#2543,#2544);
#2192=AXIS2_PLACEMENT_3D('',#3160,#2545,#2546);
#2193=AXIS2_PLACEMENT_3D('',#3166,#2550,#2551);
#2194=AXIS2_PLACEMENT_3D('',#3168,#2552,#2553);
#2195=AXIS2_PLACEMENT_3D('',#3171,#2555,#2556);
#2196=AXIS2_PLACEMENT_3D('',#3172,#2557,#2558);
#2197=AXIS2_PLACEMENT_3D('',#3176,#2560,#2561);
#2198=AXIS2_PLACEMENT_3D('',#3178,#2563,#2564);
#2199=AXIS2_PLACEMENT_3D('',#3182,#2566,#2567);
#2200=AXIS2_PLACEMENT_3D('',#3184,#2569,#2570);
#2201=AXIS2_PLACEMENT_3D('',#3185,#2571,#2572);
#2202=AXIS2_PLACEMENT_3D('',#3191,#2576,#2577);
#2203=AXIS2_PLACEMENT_3D('',#3192,#2578,#2579);
#2204=AXIS2_PLACEMENT_3D('',#3193,#2580,#2581);
#2205=AXIS2_PLACEMENT_3D('',#3194,#2582,#2583);
#2206=AXIS2_PLACEMENT_3D('',#3195,#2584,#2585);
#2207=AXIS2_PLACEMENT_3D('',#3196,#2586,#2587);
#2208=AXIS2_PLACEMENT_3D('',#3200,#2590,#2591);
#2209=AXIS2_PLACEMENT_3D('',#3201,#2592,#2593);
#2210=AXIS2_PLACEMENT_3D('',#3202,#2594,#2595);
#2211=AXIS2_PLACEMENT_3D('',#3205,#2598,#2599);
#2212=AXIS2_PLACEMENT_3D('',#3206,#2600,#2601);
#2213=AXIS2_PLACEMENT_3D('',#3207,#2602,#2603);
#2214=AXIS2_PLACEMENT_3D('',#3211,#2606,#2607);
#2215=AXIS2_PLACEMENT_3D('',#3215,#2610,#2611);
#2216=AXIS2_PLACEMENT_3D('',#3219,#2614,#2615);
#2217=AXIS2_PLACEMENT_3D('',#3223,#2618,#2619);
#2218=AXIS2_PLACEMENT_3D('',#3229,#2623,#2624);
#2219=AXIS2_PLACEMENT_3D('',#3240,#2631,#2632);
#2220=AXIS2_PLACEMENT_3D('',#3245,#2636,#2637);
#2221=AXIS2_PLACEMENT_3D('',#3247,#2639,#2640);
#2222=AXIS2_PLACEMENT_3D('',#3251,#2643,#2644);
#2223=AXIS2_PLACEMENT_3D('',#3254,#2646,#2647);
#2224=AXIS2_PLACEMENT_3D('',#3255,#2648,#2649);
#2225=AXIS2_PLACEMENT_3D('',#3259,#2652,#2653);
#2226=AXIS2_PLACEMENT_3D('',#3262,#2655,#2656);
#2227=AXIS2_PLACEMENT_3D('',#3263,#2657,#2658);
#2228=AXIS2_PLACEMENT_3D('',#3265,#2660,#2661);
#2229=AXIS2_PLACEMENT_3D('',#3268,#2663,#2664);
#2230=AXIS2_PLACEMENT_3D('',#3269,#2665,#2666);
#2231=AXIS2_PLACEMENT_3D('',#3273,#2669,#2670);
#2232=AXIS2_PLACEMENT_3D('',#3276,#2672,#2673);
#2233=AXIS2_PLACEMENT_3D('',#3277,#2674,#2675);
#2234=AXIS2_PLACEMENT_3D('',#3279,#2677,#2678);
#2235=AXIS2_PLACEMENT_3D('',#3281,#2680,#2681);
#2236=AXIS2_PLACEMENT_3D('',#3284,#2684,#2685);
#2237=AXIS2_PLACEMENT_3D('',#3285,#2686,#2687);
#2238=AXIS2_PLACEMENT_3D('',#3287,#2689,#2690);
#2239=AXIS2_PLACEMENT_3D('',#3288,#2691,#2692);
#2240=AXIS2_PLACEMENT_3D('',#3290,#2694,#2695);
#2241=AXIS2_PLACEMENT_3D('',#3291,#2696,#2697);
#2242=AXIS2_PLACEMENT_3D('',#3294,#2698,#2699);
#2243=AXIS2_PLACEMENT_3D('',#3298,#2701,#2702);
#2244=AXIS2_PLACEMENT_3D('',#3300,#2704,#2705);
#2245=AXIS2_PLACEMENT_3D('',#3304,#2708,#2709);
#2246=AXIS2_PLACEMENT_3D('',#3308,#2712,#2713);
#2247=AXIS2_PLACEMENT_3D('',#3311,#2714,#2715);
#2248=AXIS2_PLACEMENT_3D('',#3314,#2718,#2719);
#2249=AXIS2_PLACEMENT_3D('',#3318,#2722,#2723);
#2250=AXIS2_PLACEMENT_3D('',#3320,#2724,#2725);
#2251=AXIS2_PLACEMENT_3D('',#3322,#2727,#2728);
#2252=AXIS2_PLACEMENT_3D('',#3324,#2730,#2731);
#2253=AXIS2_PLACEMENT_3D('',#3328,#2734,#2735);
#2254=AXIS2_PLACEMENT_3D('',#3332,#2737,#2738);
#2255=AXIS2_PLACEMENT_3D('',#3335,#2740,#2741);
#2256=AXIS2_PLACEMENT_3D('',#3336,#2742,#2743);
#2257=AXIS2_PLACEMENT_3D('',#3338,#2745,#2746);
#2258=AXIS2_PLACEMENT_3D('',#3340,#2748,#2749);
#2259=AXIS2_PLACEMENT_3D('',#3341,#2750,#2751);
#2260=AXIS2_PLACEMENT_3D('',#3343,#2753,#2754);
#2261=AXIS2_PLACEMENT_3D('',#3345,#2756,#2757);
#2262=AXIS2_PLACEMENT_3D('',#3346,#2758,#2759);
#2263=AXIS2_PLACEMENT_3D('',#3355,#2764,#2765);
#2264=AXIS2_PLACEMENT_3D('',#3361,#2769,#2770);
#2265=AXIS2_PLACEMENT_3D('',#3367,#2774,#2775);
#2266=AXIS2_PLACEMENT_3D('',#3373,#2779,#2780);
#2267=AXIS2_PLACEMENT_3D('',#3387,#2782,#2783);
#2268=AXIS2_PLACEMENT_3D('',#3390,#2786,#2787);
#2269=AXIS2_PLACEMENT_3D('',#3391,#2788,#2789);
#2270=AXIS2_PLACEMENT_3D('',#3392,#2790,#2791);
#2271=AXIS2_PLACEMENT_3D('',#3401,#2796,#2797);
#2272=AXIS2_PLACEMENT_3D('',#3407,#2801,#2802);
#2273=AXIS2_PLACEMENT_3D('',#3413,#2806,#2807);
#2274=AXIS2_PLACEMENT_3D('',#3416,#2810,#2811);
#2275=AXIS2_PLACEMENT_3D('',#3425,#2816,#2817);
#2276=AXIS2_PLACEMENT_3D('',#3431,#2821,#2822);
#2277=AXIS2_PLACEMENT_3D('',#3437,#2826,#2827);
#2278=AXIS2_PLACEMENT_3D('',#3443,#2831,#2832);
#2279=AXIS2_PLACEMENT_3D('',#3449,#2836,#2837);
#2280=AXIS2_PLACEMENT_3D('',#3455,#2841,#2842);
#2281=AXIS2_PLACEMENT_3D('',#3461,#2846,#2847);
#2282=AXIS2_PLACEMENT_3D('',#3467,#2851,#2852);
#2283=AXIS2_PLACEMENT_3D('',#3473,#2856,#2857);
#2284=AXIS2_PLACEMENT_3D('',#3476,#2860,#2861);
#2285=AXIS2_PLACEMENT_3D('',#3477,#2862,#2863);
#2286=AXIS2_PLACEMENT_3D('',#3478,#2864,#2865);
#2287=DIRECTION('axis',(0.,0.,1.));
#2288=DIRECTION('refdir',(1.,0.,0.));
#2289=DIRECTION('axis',(0.,0.,1.));
#2290=DIRECTION('refdir',(1.,0.,0.));
#2291=DIRECTION('center_axis',(0.707106781186546,-0.707106781186549,-2.55344648206209E-34));
#2292=DIRECTION('ref_axis',(-3.61111864572608E-34,0.,-1.));
#2293=DIRECTION('',(-0.57734998241622,-0.577349982416218,-0.577350842736011));
#2294=DIRECTION('',(0.,-3.61111864572606E-34,1.));
#2295=DIRECTION('',(0.577350269189627,0.577350269189625,-0.577350269189625));
#2296=DIRECTION('',(0.707106781186549,0.707106781186546,0.));
#2297=DIRECTION('',(0.,0.,1.));
#2298=DIRECTION('',(-0.707106781186549,-0.707106781186546,1.3170890527582E-8));
#2299=DIRECTION('center_axis',(-1.30104260698261E-17,1.,3.61111864572606E-34));
#2300=DIRECTION('ref_axis',(2.77555756156293E-17,5.79321751111624E-48,1.));
#2301=DIRECTION('',(1.,1.30104260698261E-17,-3.46944695195361E-17));
#2302=DIRECTION('',(3.61111864572608E-34,3.61111864572606E-34,-1.));
#2303=DIRECTION('',(1.,1.30104260698261E-17,-3.46944695195361E-17));
#2304=DIRECTION('center_axis',(-3.37324437430902E-17,0.707107308022348,
-0.707106254350355));
#2305=DIRECTION('ref_axis',(9.81309980072264E-18,0.707106254350355,0.707107308022348));
#2306=DIRECTION('',(1.,-1.86264242093566E-8,-1.86264520126377E-8));
#2307=DIRECTION('',(-0.577349982416221,-0.577349982416218,-0.577350842736011));
#2308=DIRECTION('center_axis',(-1.86264520126377E-8,0.,-1.));
#2309=DIRECTION('ref_axis',(-1.,0.,1.86264520126377E-8));
#2310=DIRECTION('',(1.,0.,-1.86264520126377E-8));
#2311=DIRECTION('',(-0.707106781186549,-0.707106781186546,1.3170890527582E-8));
#2312=DIRECTION('center_axis',(-0.707106781186547,-0.707106781186548,-2.55344648206208E-34));
#2313=DIRECTION('ref_axis',(-3.61111864572607E-34,0.,1.));
#2314=DIRECTION('',(0.577350269189627,-0.577350269189625,0.577350269189625));
#2315=DIRECTION('',(-1.36026791405428E-49,3.61111864572606E-34,-1.));
#2316=DIRECTION('',(-0.57734998241622,0.577349982416219,0.577350842736012));
#2317=DIRECTION('',(-0.707106781186548,0.707106781186547,1.3170890527582E-8));
#2318=DIRECTION('',(0.,0.,1.));
#2319=DIRECTION('',(0.707106781186548,-0.707106781186547,0.));
#2320=DIRECTION('center_axis',(1.53329341668337E-17,0.707106781186548,0.707106781186548));
#2321=DIRECTION('ref_axis',(2.94392336003199E-17,-0.707106781186548,0.707106781186548));
#2322=DIRECTION('',(1.,-2.16840434497101E-17,0.));
#2323=DIRECTION('center_axis',(1.53329341668337E-17,0.707106781186548,0.707106781186548));
#2324=DIRECTION('ref_axis',(-4.9065389333868E-17,-0.707106781186547,0.707106781186547));
#2325=DIRECTION('',(1.,1.30104260698261E-17,-3.46944695195361E-17));
#2326=DIRECTION('center_axis',(0.,0.,1.));
#2327=DIRECTION('ref_axis',(0.,1.,0.));
#2328=DIRECTION('',(1.,0.,-3.46944695195361E-17));
#2329=DIRECTION('center_axis',(0.,0.,1.));
#2330=DIRECTION('ref_axis',(-0.707106781186548,-0.707106781186547,0.));
#2331=DIRECTION('center_axis',(0.,-1.,0.));
#2332=DIRECTION('ref_axis',(1.,0.,0.));
#2333=DIRECTION('',(1.,0.,-3.46944695195361E-17));
#2334=DIRECTION('',(0.,0.,1.));
#2335=DIRECTION('',(-1.,0.,0.));
#2336=DIRECTION('',(0.,0.,-1.));
#2337=DIRECTION('',(1.,0.,0.));
#2338=DIRECTION('',(0.,0.,-1.));
#2339=DIRECTION('',(1.,0.,0.));
#2340=DIRECTION('',(0.,0.,1.));
#2341=DIRECTION('',(1.,0.,-1.86264520126377E-8));
#2342=DIRECTION('',(0.,0.,1.));
#2343=DIRECTION('',(1.,0.,0.));
#2344=DIRECTION('',(0.,0.,1.));
#2345=DIRECTION('center_axis',(0.,0.,1.));
#2346=DIRECTION('ref_axis',(-1.,0.,0.));
#2347=DIRECTION('center_axis',(0.,0.,1.));
#2348=DIRECTION('ref_axis',(-0.707106781186548,-0.707106781186547,0.));
#2349=DIRECTION('',(-2.06990730163454E-16,1.,0.));
#2350=DIRECTION('center_axis',(0.,0.,1.));
#2351=DIRECTION('ref_axis',(-0.707106781186548,0.707106781186547,0.));
#2352=DIRECTION('',(-1.,0.,0.));
#2353=DIRECTION('center_axis',(0.,0.,1.));
#2354=DIRECTION('ref_axis',(0.707106781186547,0.707106781186547,0.));
#2355=DIRECTION('',(0.,-1.,0.));
#2356=DIRECTION('center_axis',(0.,0.,1.));
#2357=DIRECTION('ref_axis',(0.707106781186548,-0.707106781186547,0.));
#2358=DIRECTION('',(-1.,0.,0.));
#2359=DIRECTION('',(0.707106781186549,-0.707106781186546,0.));
#2360=DIRECTION('',(-1.,0.,0.));
#2361=DIRECTION('',(0.707106781186549,0.707106781186546,0.));
#2362=DIRECTION('',(-1.,0.,0.));
#2363=DIRECTION('',(0.,-1.,0.));
#2364=DIRECTION('',(1.,1.38777878078145E-17,0.));
#2365=DIRECTION('',(0.,1.,0.));
#2366=DIRECTION('',(1.,0.,0.));
#2367=DIRECTION('',(0.,-1.,0.));
#2368=DIRECTION('',(1.,-2.08166817117217E-16,0.));
#2369=DIRECTION('center_axis',(0.,0.,1.));
#2370=DIRECTION('ref_axis',(1.,-5.44676186921056E-16,0.));
#2371=DIRECTION('',(0.,1.,0.));
#2372=DIRECTION('',(-1.,0.,0.));
#2373=DIRECTION('',(0.,-1.,0.));
#2374=DIRECTION('center_axis',(0.,0.,1.));
#2375=DIRECTION('ref_axis',(0.,-1.,0.));
#2376=DIRECTION('center_axis',(0.,0.,1.));
#2377=DIRECTION('ref_axis',(0.,1.,0.));
#2378=DIRECTION('',(1.,-2.16840434497101E-17,0.));
#2379=DIRECTION('',(0.707106781186549,0.707106781186546,-2.45326946669341E-17));
#2380=DIRECTION('center_axis',(1.53329341668337E-17,0.707106781186548,0.707106781186548));
#2381=DIRECTION('ref_axis',(2.94392336003199E-17,-0.707106781186548,0.707106781186548));
#2382=DIRECTION('',(0.577350269189628,0.577350269189625,-0.577350269189625));
#2383=DIRECTION('center_axis',(1.,0.,0.));
#2384=DIRECTION('ref_axis',(0.,1.,0.));
#2385=DIRECTION('',(0.,0.,1.));
#2386=DIRECTION('',(0.,1.,0.));
#2387=DIRECTION('',(0.,0.98058067569092,0.196116135138184));
#2388=DIRECTION('',(0.,1.,0.));
#2389=DIRECTION('center_axis',(-0.707106781186549,0.,-0.707106781186546));
#2390=DIRECTION('ref_axis',(-0.707106781186546,0.,0.707106781186549));
#2391=DIRECTION('',(0.707106781186546,0.,-0.707106781186549));
#2392=DIRECTION('',(0.192450089729875,-0.962250448649376,-0.192450089729875));
#2393=DIRECTION('center_axis',(0.,0.,1.));
#2394=DIRECTION('ref_axis',(0.707106781186548,-0.707106781186547,0.));
#2395=DIRECTION('center_axis',(0.,0.,-1.));
#2396=DIRECTION('ref_axis',(0.707106781186548,-0.707106781186547,0.));
#2397=DIRECTION('center_axis',(0.,0.,1.));
#2398=DIRECTION('ref_axis',(0.707106781186548,-0.707106781186547,0.));
#2399=DIRECTION('center_axis',(1.53329341668337E-17,0.707106781186548,0.707106781186548));
#2400=DIRECTION('ref_axis',(-4.9065389333868E-17,-0.707106781186547,0.707106781186547));
#2401=DIRECTION('',(0.,0.,-1.));
#2402=DIRECTION('center_axis',(-3.37324437430902E-17,0.707107308022348,
-0.707106254350355));
#2403=DIRECTION('ref_axis',(-4.90653527772635E-17,-0.707106254350355,-0.707107308022347));
#2404=DIRECTION('center_axis',(0.,0.,-1.));
#2405=DIRECTION('ref_axis',(0.707106781186548,-0.707106781186547,0.));
#2406=DIRECTION('',(0.,0.,1.));
#2407=DIRECTION('',(0.,0.,1.));
#2408=DIRECTION('center_axis',(0.,0.,-1.));
#2409=DIRECTION('ref_axis',(0.707106781186548,-0.707106781186547,0.));
#2410=DIRECTION('center_axis',(-0.707100393318807,0.,-0.707113168996582));
#2411=DIRECTION('ref_axis',(0.707113168996582,9.81316651544581E-17,-0.707100393318807));
#2412=DIRECTION('',(0.,0.,1.));
#2413=DIRECTION('center_axis',(-0.707106504597685,0.,0.707107057775302));
#2414=DIRECTION('ref_axis',(0.707107057775302,9.81308170521363E-17,0.707106504597685));
#2415=DIRECTION('center_axis',(0.,0.,1.));
#2416=DIRECTION('ref_axis',(0.707106781186548,-0.707106781186547,0.));
#2417=DIRECTION('',(0.,0.,1.));
#2418=DIRECTION('center_axis',(-1.,0.,0.));
#2419=DIRECTION('ref_axis',(0.,0.,1.));
#2420=DIRECTION('',(0.,1.,0.));
#2421=DIRECTION('',(0.,0.,-1.));
#2422=DIRECTION('',(0.,-1.,0.));
#2423=DIRECTION('center_axis',(-0.707100393318807,0.,-0.707113168996582));
#2424=DIRECTION('ref_axis',(-0.707113168996582,0.,0.707100393318807));
#2425=DIRECTION('',(0.,-1.,0.));
#2426=DIRECTION('center_axis',(-0.707100393318807,0.,-0.707113168996582));
#2427=DIRECTION('ref_axis',(0.707113168996582,0.,-0.707100393318807));
#2428=DIRECTION('center_axis',(1.,0.,0.));
#2429=DIRECTION('ref_axis',(0.,1.,0.));
#2430=DIRECTION('',(0.,0.,-1.));
#2431=DIRECTION('',(0.,-1.,0.));
#2432=DIRECTION('center_axis',(0.,0.,1.));
#2433=DIRECTION('ref_axis',(0.,1.,0.));
#2434=DIRECTION('',(0.707106781186549,-0.707106781186546,-2.45326946669341E-17));
#2435=DIRECTION('',(-1.,2.16840434497101E-17,0.));
#2436=DIRECTION('center_axis',(0.,-1.,0.));
#2437=DIRECTION('ref_axis',(1.,0.,0.));
#2438=DIRECTION('',(-1.,0.,3.46944695195361E-17));
#2439=DIRECTION('',(0.,0.,-1.));
#2440=DIRECTION('center_axis',(0.,0.,-1.));
#2441=DIRECTION('ref_axis',(0.,1.,0.));
#2442=DIRECTION('',(-1.,-4.77048438905742E-17,0.));
#2443=DIRECTION('',(-0.707106781186549,0.707106781186546,2.45326946669341E-17));
#2444=DIRECTION('center_axis',(0.,0.,-1.));
#2445=DIRECTION('ref_axis',(0.,1.,0.));
#2446=DIRECTION('center_axis',(0.,0.,-1.));
#2447=DIRECTION('ref_axis',(0.707106781186547,0.707106781186547,0.));
#2448=DIRECTION('center_axis',(-3.37324437430902E-17,0.707107308022348,
-0.707106254350355));
#2449=DIRECTION('ref_axis',(9.81309980072264E-18,0.707106254350355,0.707107308022348));
#2450=DIRECTION('',(1.,1.30104260698261E-17,-3.46944695195361E-17));
#2451=DIRECTION('',(-0.577349982416221,0.577349982416218,0.577350842736011));
#2452=DIRECTION('center_axis',(0.,0.,1.));
#2453=DIRECTION('ref_axis',(-0.707106781186548,-0.707106781186547,0.));
#2454=DIRECTION('center_axis',(-1.86264520126377E-8,0.,-1.));
#2455=DIRECTION('ref_axis',(-0.707106781186548,-0.707106781186547,1.3170890527582E-8));
#2456=DIRECTION('',(0.,0.,-1.));
#2457=DIRECTION('center_axis',(-1.86264520126377E-8,0.,-1.));
#2458=DIRECTION('ref_axis',(-0.707106781186548,-0.707106781186547,1.3170890527582E-8));
#2459=DIRECTION('center_axis',(-3.37324437430902E-17,0.707107308022348,
-0.707106254350355));
#2460=DIRECTION('ref_axis',(-4.90653527772635E-17,-0.707106254350355,-0.707107308022348));
#2461=DIRECTION('',(0.,0.,1.));
#2462=DIRECTION('center_axis',(0.,0.,-1.));
#2463=DIRECTION('ref_axis',(-0.707106781186548,-0.707106781186547,0.));
#2464=DIRECTION('',(0.,0.,1.));
#2465=DIRECTION('center_axis',(0.,0.,1.));
#2466=DIRECTION('ref_axis',(-0.707106781186548,-0.707106781186547,0.));
#2467=DIRECTION('center_axis',(0.707106504597685,0.,0.707107057775302));
#2468=DIRECTION('ref_axis',(-0.707107057775302,-4.90654085260682E-17,0.707106504597685));
#2469=DIRECTION('',(0.,0.,-1.));
#2470=DIRECTION('center_axis',(0.70710922767525,0.,-0.70710433468938));
#2471=DIRECTION('ref_axis',(-0.70710433468938,-4.90652195740252E-17,-0.70710922767525));
#2472=DIRECTION('center_axis',(0.707106504597685,0.,0.707107057775302));
#2473=DIRECTION('ref_axis',(0.707107057775302,0.,-0.707106504597685));
#2474=DIRECTION('',(0.,1.,0.));
#2475=DIRECTION('center_axis',(0.707106504597685,0.,0.707107057775302));
#2476=DIRECTION('ref_axis',(-0.707107057775302,0.,0.707106504597685));
#2477=DIRECTION('',(0.,1.,0.));
#2478=DIRECTION('center_axis',(-1.,-2.06990730163454E-16,0.));
#2479=DIRECTION('ref_axis',(2.06990730163454E-16,-1.,0.));
#2480=DIRECTION('',(-2.06990730163454E-16,1.,0.));
#2481=DIRECTION('',(0.,0.,1.));
#2482=DIRECTION('',(2.06990730163454E-16,-1.,0.));
#2483=DIRECTION('center_axis',(0.,0.,1.));
#2484=DIRECTION('ref_axis',(-1.,0.,0.));
#2485=DIRECTION('',(0.,1.,0.));
#2486=DIRECTION('center_axis',(0.,0.,-1.));
#2487=DIRECTION('ref_axis',(0.707106781186547,0.707106781186547,0.));
#2488=DIRECTION('',(-1.,0.,0.));
#2489=DIRECTION('center_axis',(0.,0.,-1.));
#2490=DIRECTION('ref_axis',(-0.707106781186548,0.707106781186547,0.));
#2491=DIRECTION('center_axis',(0.,0.,1.));
#2492=DIRECTION('ref_axis',(1.,-5.44676186921056E-16,0.));
#2493=DIRECTION('',(1.,-2.08166817117217E-16,0.));
#2494=DIRECTION('center_axis',(0.,0.,1.));
#2495=DIRECTION('ref_axis',(0.,-1.,0.));
#2496=DIRECTION('',(0.,-1.,0.));
#2497=DIRECTION('',(-1.,0.,0.));
#2498=DIRECTION('',(0.,1.,0.));
#2499=DIRECTION('center_axis',(0.,0.,-1.));
#2500=DIRECTION('ref_axis',(0.,-1.,0.));
#2501=DIRECTION('',(-1.,1.38777878078145E-16,0.));
#2502=DIRECTION('center_axis',(0.,0.,-1.));
#2503=DIRECTION('ref_axis',(1.,0.,0.));
#2504=DIRECTION('',(0.,-1.,0.));
#2505=DIRECTION('',(-1.,0.,0.));
#2506=DIRECTION('',(0.,1.,0.));
#2507=DIRECTION('center_axis',(0.,0.,1.));
#2508=DIRECTION('ref_axis',(0.,1.,0.));
#2509=DIRECTION('center_axis',(0.,0.,1.));
#2510=DIRECTION('ref_axis',(-0.707106781186548,0.707106781186547,0.));
#2511=DIRECTION('center_axis',(-1.86264520126377E-8,0.,-1.));
#2512=DIRECTION('ref_axis',(-1.,0.,1.86264520126377E-8));
#2513=DIRECTION('',(1.,-1.86264242093566E-8,-1.86264520126377E-8));
#2514=DIRECTION('center_axis',(-1.30104260698261E-17,1.,3.61111864572606E-34));
#2515=DIRECTION('ref_axis',(2.77555756156293E-17,5.79321751111624E-48,1.));
#2516=DIRECTION('',(1.,1.30104260698261E-17,-3.46944695195361E-17));
#2517=DIRECTION('center_axis',(-0.707106504597685,0.,0.707107057775302));
#2518=DIRECTION('ref_axis',(0.707107057775302,0.,0.707106504597685));
#2519=DIRECTION('center_axis',(-0.707106504597685,0.,0.707107057775302));
#2520=DIRECTION('ref_axis',(0.707107057775302,0.,0.707106504597685));
#2521=DIRECTION('',(0.,-1.,0.));
#2522=DIRECTION('center_axis',(1.,0.,0.));
#2523=DIRECTION('ref_axis',(0.,0.,-1.));
#2524=DIRECTION('',(0.,0.,1.));
#2525=DIRECTION('',(0.,1.,0.));
#2526=DIRECTION('center_axis',(0.70710922767525,0.,-0.70710433468938));
#2527=DIRECTION('ref_axis',(-0.70710433468938,0.,-0.70710922767525));
#2528=DIRECTION('center_axis',(0.70710922767525,0.,-0.70710433468938));
#2529=DIRECTION('ref_axis',(-0.70710433468938,-7.85043513184402E-17,-0.70710922767525));
#2530=DIRECTION('',(0.,-1.,0.));
#2531=DIRECTION('center_axis',(-1.30104260698261E-17,1.,3.61111864572606E-34));
#2532=DIRECTION('ref_axis',(2.77555756156293E-17,5.79321751111624E-48,1.));
#2533=DIRECTION('',(-1.,-1.51394048812521E-17,4.03717463500057E-17));
#2534=DIRECTION('',(3.61111864572608E-34,-3.61111864572606E-34,1.));
#2535=DIRECTION('center_axis',(1.53329341668337E-17,0.707106781186548,0.707106781186548));
#2536=DIRECTION('ref_axis',(2.94392336003199E-17,-0.707106781186548,0.707106781186548));
#2537=DIRECTION('',(0.577350269189628,-0.577350269189625,0.577350269189625));
#2538=DIRECTION('center_axis',(0.,0.,1.));
#2539=DIRECTION('ref_axis',(0.,1.,0.));
#2540=DIRECTION('center_axis',(0.,0.,1.));
#2541=DIRECTION('ref_axis',(0.707106781186547,0.707106781186547,0.));
#2542=DIRECTION('',(0.,-1.,0.));
#2543=DIRECTION('center_axis',(0.,0.,-1.));
#2544=DIRECTION('ref_axis',(0.707106781186547,0.707106781186547,0.));
#2545=DIRECTION('center_axis',(0.,0.,1.));
#2546=DIRECTION('ref_axis',(0.707106781186547,0.707106781186547,0.));
#2547=DIRECTION('',(0.,0.,1.));
#2548=DIRECTION('',(0.,0.,-1.));
#2549=DIRECTION('',(0.,0.,-1.));
#2550=DIRECTION('center_axis',(0.,0.,-1.));
#2551=DIRECTION('ref_axis',(0.707106781186547,0.707106781186547,0.));
#2552=DIRECTION('center_axis',(0.,-0.707109738494421,-0.707103823866305));
#2553=DIRECTION('ref_axis',(0.,0.707103823866305,-0.707109738494421));
#2554=DIRECTION('',(0.,0.,1.));
#2555=DIRECTION('center_axis',(0.,-0.707106781186545,0.70710678118655));
#2556=DIRECTION('ref_axis',(0.,0.70710678118655,0.707106781186545));
#2557=DIRECTION('center_axis',(0.,0.,-1.));
#2558=DIRECTION('ref_axis',(0.,1.,0.));
#2559=DIRECTION('',(-1.,0.,0.));
#2560=DIRECTION('center_axis',(0.,0.,-1.));
#2561=DIRECTION('ref_axis',(-0.707106781186548,0.707106781186547,0.));
#2562=DIRECTION('',(-1.,0.,0.));
#2563=DIRECTION('center_axis',(0.,0.,1.));
#2564=DIRECTION('ref_axis',(0.,1.,0.));
#2565=DIRECTION('',(1.,0.,0.));
#2566=DIRECTION('center_axis',(0.,0.,1.));
#2567=DIRECTION('ref_axis',(-0.707106781186548,0.707106781186547,0.));
#2568=DIRECTION('',(1.,0.,0.));
#2569=DIRECTION('center_axis',(1.,0.,0.));
#2570=DIRECTION('ref_axis',(0.,1.,0.));
#2571=DIRECTION('center_axis',(0.,-1.,0.));
#2572=DIRECTION('ref_axis',(0.,0.,1.));
#2573=DIRECTION('',(1.,0.,0.));
#2574=DIRECTION('',(0.,0.,-1.));
#2575=DIRECTION('',(1.,0.,0.));
#2576=DIRECTION('center_axis',(0.,-0.707109738494421,-0.707103823866305));
#2577=DIRECTION('ref_axis',(0.,0.707103823866305,-0.707109738494421));
#2578=DIRECTION('center_axis',(0.,-0.707109738494421,-0.707103823866305));
#2579=DIRECTION('ref_axis',(0.,0.707103823866305,-0.707109738494421));
#2580=DIRECTION('center_axis',(0.,-0.707106781186545,0.70710678118655));
#2581=DIRECTION('ref_axis',(0.,0.70710678118655,0.707106781186545));
#2582=DIRECTION('center_axis',(0.,-0.707106781186545,0.70710678118655));
#2583=DIRECTION('ref_axis',(0.,0.70710678118655,0.707106781186545));
#2584=DIRECTION('center_axis',(-3.37324437430902E-17,0.707107308022348,
-0.707106254350355));
#2585=DIRECTION('ref_axis',(9.81309980072264E-18,0.707106254350355,0.707107308022348));
#2586=DIRECTION('center_axis',(-1.,-2.06990730163454E-16,0.));
#2587=DIRECTION('ref_axis',(2.06990730163454E-16,-1.,0.));
#2588=DIRECTION('',(2.06990730163454E-16,-1.,-3.85550290245042E-24));
#2589=DIRECTION('',(0.,0.,1.));
#2590=DIRECTION('center_axis',(-1.86264520126377E-8,0.,-1.));
#2591=DIRECTION('ref_axis',(-1.,0.,1.86264520126377E-8));
#2592=DIRECTION('center_axis',(-1.86264520126377E-8,0.,-1.));
#2593=DIRECTION('ref_axis',(-0.707106781186548,0.707106781186547,1.3170890527582E-8));
#2594=DIRECTION('center_axis',(0.,0.,1.));
#2595=DIRECTION('ref_axis',(-0.707106781186548,0.707106781186547,0.));
#2596=DIRECTION('',(0.,0.,-1.));
#2597=DIRECTION('',(0.,0.,1.));
#2598=DIRECTION('center_axis',(0.,1.,0.));
#2599=DIRECTION('ref_axis',(-1.,0.,0.));
#2600=DIRECTION('center_axis',(0.,1.,0.));
#2601=DIRECTION('ref_axis',(-1.,0.,0.));
#2602=DIRECTION('center_axis',(0.,1.,0.));
#2603=DIRECTION('ref_axis',(0.,0.,-1.));
#2604=DIRECTION('',(-1.,0.,0.));
#2605=DIRECTION('',(-0.447213595499958,0.,-0.894427190999916));
#2606=DIRECTION('center_axis',(0.894427190999916,0.,-0.447213595499958));
#2607=DIRECTION('ref_axis',(-0.447213595499958,0.,-0.894427190999916));
#2608=DIRECTION('',(0.,-1.,0.));
#2609=DIRECTION('',(0.447213595499958,7.75791922889772E-18,0.894427190999916));
#2610=DIRECTION('center_axis',(0.,0.196116135138184,-0.98058067569092));
#2611=DIRECTION('ref_axis',(-1.,0.,0.));
#2612=DIRECTION('',(1.,0.,0.));
#2613=DIRECTION('',(0.0975900072948539,-0.975900072948533,-0.195180014589707));
#2614=DIRECTION('center_axis',(0.,0.,-1.));
#2615=DIRECTION('ref_axis',(1.,0.,0.));
#2616=DIRECTION('',(0.,1.,0.));
#2617=DIRECTION('',(1.,0.,0.));
#2618=DIRECTION('center_axis',(0.,-0.707106781186548,0.707106781186548));
#2619=DIRECTION('ref_axis',(1.,0.,0.));
#2620=DIRECTION('',(-0.577350269189627,0.577350269189625,0.577350269189625));
#2621=DIRECTION('',(1.,0.,0.));
#2622=DIRECTION('',(-0.577350269189627,-0.577350269189625,-0.577350269189625));
#2623=DIRECTION('center_axis',(0.,1.,0.));
#2624=DIRECTION('ref_axis',(0.,0.,1.));
#2625=DIRECTION('',(0.,0.,1.));
#2626=DIRECTION('',(1.,0.,0.));
#2627=DIRECTION('',(0.,0.,1.));
#2628=DIRECTION('',(-1.,0.,0.));
#2629=DIRECTION('',(0.,0.,-1.));
#2630=DIRECTION('',(0.,0.,1.));
#2631=DIRECTION('center_axis',(0.707106781186548,0.,0.707106781186548));
#2632=DIRECTION('ref_axis',(0.707106781186548,0.,-0.707106781186548));
#2633=DIRECTION('',(0.707106781186548,6.54205191118239E-16,-0.707106781186548));
#2634=DIRECTION('',(0.,1.,0.));
#2635=DIRECTION('',(-0.577350269189626,0.577350269189626,0.577350269189626));
#2636=DIRECTION('center_axis',(0.,-0.707106781186548,0.707106781186548));
#2637=DIRECTION('ref_axis',(1.,0.,0.));
#2638=DIRECTION('',(0.577350269189624,0.577350269189626,0.577350269189626));
#2639=DIRECTION('center_axis',(-0.707106781186549,0.,0.707106781186546));
#2640=DIRECTION('ref_axis',(0.707106781186546,0.,0.707106781186549));
#2641=DIRECTION('',(0.,-1.,0.));
#2642=DIRECTION('',(0.707106781186546,0.,0.707106781186549));
#2643=DIRECTION('center_axis',(0.,0.,1.));
#2644=DIRECTION('ref_axis',(1.,-5.44676186921056E-16,0.));
#2645=DIRECTION('',(0.,-0.707106781186547,0.707106781186548));
#2646=DIRECTION('center_axis',(0.,0.,-1.));
#2647=DIRECTION('ref_axis',(1.,-5.44676186921056E-16,0.));
#2648=DIRECTION('center_axis',(1.47196168001604E-16,0.707106781186548,0.707106781186547));
#2649=DIRECTION('ref_axis',(1.,0.,-2.08166817117217E-16));
#2650=DIRECTION('',(0.,-0.707106781186547,0.707106781186548));
#2651=DIRECTION('',(-1.,2.08166817117217E-16,0.));
#2652=DIRECTION('center_axis',(0.,0.,1.));
#2653=DIRECTION('ref_axis',(0.,-1.,0.));
#2654=DIRECTION('',(-0.707106781186547,-3.2710259555912E-16,0.707106781186548));
#2655=DIRECTION('center_axis',(0.,0.,-1.));
#2656=DIRECTION('ref_axis',(0.,-1.,0.));
#2657=DIRECTION('center_axis',(0.707106781186546,0.,0.707106781186549));
#2658=DIRECTION('ref_axis',(0.707106781186549,0.,-0.707106781186546));
#2659=DIRECTION('',(0.,1.,0.));
#2660=DIRECTION('center_axis',(0.,0.,-1.));
#2661=DIRECTION('ref_axis',(1.,0.,0.));
#2662=DIRECTION('',(0.,-0.707106781186548,-0.707106781186547));
#2663=DIRECTION('center_axis',(0.,0.,1.));
#2664=DIRECTION('ref_axis',(1.,0.,0.));
#2665=DIRECTION('center_axis',(-9.81307786677362E-17,-0.707106781186549,
0.707106781186546));
#2666=DIRECTION('ref_axis',(1.,0.,1.38777878078145E-16));
#2667=DIRECTION('',(0.,-0.707106781186546,-0.707106781186549));
#2668=DIRECTION('',(1.,-1.38777878078145E-16,0.));
#2669=DIRECTION('center_axis',(0.,0.,-1.));
#2670=DIRECTION('ref_axis',(0.,-1.,0.));
#2671=DIRECTION('',(-0.707106781186548,0.,-0.707106781186548));
#2672=DIRECTION('center_axis',(0.,0.,1.));
#2673=DIRECTION('ref_axis',(0.,-1.,0.));
#2674=DIRECTION('center_axis',(-0.707106781186546,0.,0.707106781186549));
#2675=DIRECTION('ref_axis',(0.707106781186549,0.,0.707106781186546));
#2676=DIRECTION('',(0.,-1.,0.));
#2677=DIRECTION('center_axis',(-1.,0.,0.));
#2678=DIRECTION('ref_axis',(0.,-1.,0.));
#2679=DIRECTION('',(0.,0.,1.));
#2680=DIRECTION('center_axis',(-2.08166817117217E-16,-1.,0.));
#2681=DIRECTION('ref_axis',(1.,-2.08166817117217E-16,0.));
#2682=DIRECTION('',(0.,0.,1.));
#2683=DIRECTION('',(0.,0.,1.));
#2684=DIRECTION('center_axis',(0.,0.,1.));
#2685=DIRECTION('ref_axis',(0.,-1.,0.));
#2686=DIRECTION('center_axis',(1.,0.,0.));
#2687=DIRECTION('ref_axis',(0.,1.,0.));
#2688=DIRECTION('',(0.,0.,1.));
#2689=DIRECTION('center_axis',(0.,0.,1.));
#2690=DIRECTION('ref_axis',(1.,-5.44676186921056E-16,0.));
#2691=DIRECTION('center_axis',(-0.894427190999915,0.,-0.44721359549996));
#2692=DIRECTION('ref_axis',(-0.44721359549996,0.,0.894427190999915));
#2693=DIRECTION('',(0.44721359549996,4.65475153733867E-18,-0.894427190999915));
#2694=DIRECTION('center_axis',(-1.38777878078145E-17,1.,-1.73472347597681E-18));
#2695=DIRECTION('ref_axis',(0.,1.73472347597681E-18,1.));
#2696=DIRECTION('center_axis',(0.,0.,1.));
#2697=DIRECTION('ref_axis',(1.,0.,0.));
#2698=DIRECTION('center_axis',(0.,0.,-1.));
#2699=DIRECTION('ref_axis',(0.,-1.,0.));
#2700=DIRECTION('',(1.,0.,0.));
#2701=DIRECTION('center_axis',(0.,0.,-1.));
#2702=DIRECTION('ref_axis',(0.,1.,0.));
#2703=DIRECTION('',(-1.,0.,0.));
#2704=DIRECTION('center_axis',(0.707106781186546,-0.707106781186549,0.));
#2705=DIRECTION('ref_axis',(0.,0.,-1.));
#2706=DIRECTION('',(0.,0.,1.));
#2707=DIRECTION('',(-0.577350269189628,-0.577350269189625,0.577350269189625));
#2708=DIRECTION('center_axis',(-0.707106781186546,-0.707106781186549,0.));
#2709=DIRECTION('ref_axis',(0.,0.,1.));
#2710=DIRECTION('',(-0.577350269189628,0.577350269189625,-0.577350269189625));
#2711=DIRECTION('',(0.,0.,-1.));
#2712=DIRECTION('center_axis',(0.,0.,1.));
#2713=DIRECTION('ref_axis',(0.,1.,0.));
#2714=DIRECTION('center_axis',(0.,0.,-1.));
#2715=DIRECTION('ref_axis',(0.,1.,0.));
#2716=DIRECTION('',(0.,0.,-1.));
#2717=DIRECTION('',(0.,0.,-1.));
#2718=DIRECTION('center_axis',(0.,1.,0.));
#2719=DIRECTION('ref_axis',(-1.,0.,0.));
#2720=DIRECTION('',(-1.,0.,0.));
#2721=DIRECTION('',(0.,0.,-1.));
#2722=DIRECTION('center_axis',(0.,0.,1.));
#2723=DIRECTION('ref_axis',(0.,-1.,0.));
#2724=DIRECTION('center_axis',(0.,0.,-1.));
#2725=DIRECTION('ref_axis',(0.,-1.,0.));
#2726=DIRECTION('',(0.,0.,-1.));
#2727=DIRECTION('center_axis',(0.,-1.,0.));
#2728=DIRECTION('ref_axis',(1.,0.,0.));
#2729=DIRECTION('',(1.,0.,0.));
#2730=DIRECTION('center_axis',(-1.,0.,0.));
#2731=DIRECTION('ref_axis',(0.,1.,0.));
#2732=DIRECTION('',(0.,0.,-1.));
#2733=DIRECTION('',(0.,1.,0.));
#2734=DIRECTION('center_axis',(0.,0.,1.));
#2735=DIRECTION('ref_axis',(1.,0.,0.));
#2736=DIRECTION('',(0.,-1.,0.));
#2737=DIRECTION('center_axis',(0.,0.,1.));
#2738=DIRECTION('ref_axis',(-1.,0.,0.));
#2739=DIRECTION('',(1.,-1.38777878078145E-16,0.));
#2740=DIRECTION('center_axis',(0.,0.,1.));
#2741=DIRECTION('ref_axis',(0.,1.,0.));
#2742=DIRECTION('center_axis',(1.,0.,0.));
#2743=DIRECTION('ref_axis',(0.,-1.,0.));
#2744=DIRECTION('',(0.,0.,-1.));
#2745=DIRECTION('center_axis',(0.,-0.707106781186548,-0.707106781186547));
#2746=DIRECTION('ref_axis',(-1.,0.,0.));
#2747=DIRECTION('',(1.,0.,0.));
#2748=DIRECTION('center_axis',(0.,1.,0.));
#2749=DIRECTION('ref_axis',(0.,0.,1.));
#2750=DIRECTION('center_axis',(0.,0.,-1.));
#2751=DIRECTION('ref_axis',(-1.,0.,0.));
#2752=DIRECTION('',(0.,0.,-1.));
#2753=DIRECTION('center_axis',(0.,0.,-1.));
#2754=DIRECTION('ref_axis',(0.,1.,0.));
#2755=DIRECTION('',(0.,0.,-1.));
#2756=DIRECTION('center_axis',(-1.38777878078145E-16,-1.,0.));
#2757=DIRECTION('ref_axis',(-1.,1.38777878078145E-16,0.));
#2758=DIRECTION('center_axis',(-1.,0.,0.));
#2759=DIRECTION('ref_axis',(0.,1.,0.));
#2760=DIRECTION('',(0.,-1.,0.));
#2761=DIRECTION('',(0.,0.,-1.));
#2762=DIRECTION('',(0.,1.,0.));
#2763=DIRECTION('',(0.,0.,-1.));
#2764=DIRECTION('center_axis',(0.,-1.,0.));
#2765=DIRECTION('ref_axis',(-1.,0.,0.));
#2766=DIRECTION('',(1.,0.,0.));
#2767=DIRECTION('',(-1.,0.,0.));
#2768=DIRECTION('',(0.,0.,-1.));
#2769=DIRECTION('center_axis',(-1.,0.,0.));
#2770=DIRECTION('ref_axis',(0.,1.,0.));
#2771=DIRECTION('',(0.,-1.,0.));
#2772=DIRECTION('',(0.,1.,0.));
#2773=DIRECTION('',(0.,0.,-1.));
#2774=DIRECTION('center_axis',(0.,-1.,0.));
#2775=DIRECTION('ref_axis',(-1.,0.,0.));
#2776=DIRECTION('',(1.,0.,0.));
#2777=DIRECTION('',(-1.,0.,0.));
#2778=DIRECTION('',(0.,0.,-1.));
#2779=DIRECTION('center_axis',(1.,0.,0.));
#2780=DIRECTION('ref_axis',(0.,-1.,0.));
#2781=DIRECTION('',(0.,0.,-1.));
#2782=DIRECTION('center_axis',(0.,1.,0.));
#2783=DIRECTION('ref_axis',(1.,0.,0.));
#2784=DIRECTION('',(-1.,0.,0.));
#2785=DIRECTION('',(1.,0.,0.));
#2786=DIRECTION('center_axis',(0.,0.,1.));
#2787=DIRECTION('ref_axis',(-1.,0.,0.));
#2788=DIRECTION('center_axis',(0.,0.,1.));
#2789=DIRECTION('ref_axis',(-1.,0.,0.));
#2790=DIRECTION('center_axis',(0.,-1.,0.));
#2791=DIRECTION('ref_axis',(-1.,0.,0.));
#2792=DIRECTION('',(-1.,0.,0.));
#2793=DIRECTION('',(0.,0.,-1.));
#2794=DIRECTION('',(-1.,0.,0.));
#2795=DIRECTION('',(0.,0.,-1.));
#2796=DIRECTION('center_axis',(-1.,0.,0.));
#2797=DIRECTION('ref_axis',(0.,1.,0.));
#2798=DIRECTION('',(0.,1.,0.));
#2799=DIRECTION('',(0.,1.,0.));
#2800=DIRECTION('',(0.,0.,-1.));
#2801=DIRECTION('center_axis',(0.,1.,0.));
#2802=DIRECTION('ref_axis',(1.,0.,0.));
#2803=DIRECTION('',(1.,0.,0.));
#2804=DIRECTION('',(1.,0.,0.));
#2805=DIRECTION('',(0.,0.,-1.));
#2806=DIRECTION('center_axis',(1.,0.,0.));
#2807=DIRECTION('ref_axis',(0.,-1.,0.));
#2808=DIRECTION('',(0.,-1.,0.));
#2809=DIRECTION('',(0.,-1.,0.));
#2810=DIRECTION('center_axis',(0.,-1.,0.));
#2811=DIRECTION('ref_axis',(-1.,0.,0.));
#2812=DIRECTION('',(-1.,0.,0.));
#2813=DIRECTION('',(0.,0.,-1.));
#2814=DIRECTION('',(-1.,0.,0.));
#2815=DIRECTION('',(0.,0.,-1.));
#2816=DIRECTION('center_axis',(0.851554310552309,0.524266398102893,0.));
#2817=DIRECTION('ref_axis',(0.524266398102893,-0.851554310552309,0.));
#2818=DIRECTION('',(0.524266398102893,-0.851554310552309,0.));
#2819=DIRECTION('',(0.524266398102893,-0.851554310552309,0.));
#2820=DIRECTION('',(0.,0.,-1.));
#2821=DIRECTION('center_axis',(0.,-1.,0.));
#2822=DIRECTION('ref_axis',(-1.,0.,0.));
#2823=DIRECTION('',(-1.,0.,0.));
#2824=DIRECTION('',(-1.,0.,0.));
#2825=DIRECTION('',(0.,0.,-1.));
#2826=DIRECTION('center_axis',(1.,0.,0.));
#2827=DIRECTION('ref_axis',(0.,-1.,0.));
#2828=DIRECTION('',(0.,-1.,0.));
#2829=DIRECTION('',(0.,-1.,0.));
#2830=DIRECTION('',(0.,0.,-1.));
#2831=DIRECTION('center_axis',(0.,1.,0.));
#2832=DIRECTION('ref_axis',(1.,0.,0.));
#2833=DIRECTION('',(1.,0.,0.));
#2834=DIRECTION('',(1.,0.,0.));
#2835=DIRECTION('',(0.,0.,-1.));
#2836=DIRECTION('center_axis',(-1.,0.,0.));
#2837=DIRECTION('ref_axis',(0.,1.,0.));
#2838=DIRECTION('',(0.,1.,0.));
#2839=DIRECTION('',(0.,1.,0.));
#2840=DIRECTION('',(0.,0.,-1.));
#2841=DIRECTION('center_axis',(0.,-1.,0.));
#2842=DIRECTION('ref_axis',(-1.,0.,0.));
#2843=DIRECTION('',(-1.,0.,0.));
#2844=DIRECTION('',(-1.,0.,0.));
#2845=DIRECTION('',(0.,0.,-1.));
#2846=DIRECTION('center_axis',(1.,0.,0.));
#2847=DIRECTION('ref_axis',(0.,-1.,0.));
#2848=DIRECTION('',(0.,-1.,0.));
#2849=DIRECTION('',(0.,-1.,0.));
#2850=DIRECTION('',(0.,0.,-1.));
#2851=DIRECTION('center_axis',(0.,-1.,0.));
#2852=DIRECTION('ref_axis',(-1.,0.,0.));
#2853=DIRECTION('',(-1.,0.,0.));
#2854=DIRECTION('',(-1.,0.,0.));
#2855=DIRECTION('',(0.,0.,-1.));
#2856=DIRECTION('center_axis',(-0.852906515470252,-0.522063670320386,0.));
#2857=DIRECTION('ref_axis',(-0.522063670320386,0.852906515470252,0.));
#2858=DIRECTION('',(-0.522063670320386,0.852906515470252,0.));
#2859=DIRECTION('',(-0.522063670320386,0.852906515470252,0.));
#2860=DIRECTION('center_axis',(0.,0.,1.));
#2861=DIRECTION('ref_axis',(-1.,0.,0.));
#2862=DIRECTION('center_axis',(0.,0.,-1.));
#2863=DIRECTION('ref_axis',(-1.,0.,0.));
#2864=DIRECTION('',(0.,0.,1.));
#2865=DIRECTION('',(1.,0.,0.));
#2866=CARTESIAN_POINT('',(0.,0.,0.));
#2867=CARTESIAN_POINT('',(0.,0.,0.));
#2868=CARTESIAN_POINT('Origin',(9.64999977201223,-1.27267876324728,4.81187481802991));
#2869=CARTESIAN_POINT('',(9.79999977201224,-1.12267876324728,5.11187481802991));
#2870=CARTESIAN_POINT('',(9.64999981343331,-1.2726787218262,4.96187463593331));
#2871=CARTESIAN_POINT('',(11.3012508541843,0.378572318924784,6.61312813724373));
#2872=CARTESIAN_POINT('',(9.79999977201224,-1.12267876324728,5.26187481802991));
#2873=CARTESIAN_POINT('',(9.79999977201224,-1.12267876324728,4.81187481802991));
#2874=CARTESIAN_POINT('',(9.64999977201224,-1.27267876324728,5.41187481802991));
#2875=CARTESIAN_POINT('',(11.4762524200526,0.55357388479304,3.5856221699896));
#2876=CARTESIAN_POINT('',(9.49999977201223,-1.42267831621243,5.41187481802991));
#2877=CARTESIAN_POINT('',(23.1643790467526,12.241700511493,5.41187481802991));
#2878=CARTESIAN_POINT('',(9.49999977201223,-1.42267831621243,4.96187463872727));
#2879=CARTESIAN_POINT('',(9.49999977201223,-1.42267831621243,4.51187481802991));
#2880=CARTESIAN_POINT('',(7.26437878304866,-3.65829975221084,4.96187468036896));
#2881=CARTESIAN_POINT('Origin',(19.7075156602541,-1.12267876324728,5.11187481802991));
#2882=CARTESIAN_POINT('',(21.6825155149679,-1.12267876324728,5.11187481802991));
#2883=CARTESIAN_POINT('',(19.7075156602541,-1.12267876324728,5.11187481802991));
#2884=CARTESIAN_POINT('',(21.6825155149679,-1.12267876324728,5.26187481802991));
#2885=CARTESIAN_POINT('',(21.6825155149679,-1.12267876324728,4.90562481802991));
#2886=CARTESIAN_POINT('',(19.7075156602541,-1.12267876324728,5.26187481802991));
#2887=CARTESIAN_POINT('Origin',(19.7075156602541,-1.27267853972986,4.96187481802991));
#2888=CARTESIAN_POINT('',(21.5325153350602,-1.27267894315497,4.9618744146042));
#2889=CARTESIAN_POINT('',(9.73251551003201,-1.27267872336317,4.96187463439633));
#2890=CARTESIAN_POINT('',(21.2179327139374,-1.58726156427774,4.6472913247161));
#2891=CARTESIAN_POINT('Origin',(-0.242484633670832,-0.922678316212433,4.96187482019519));
#2892=CARTESIAN_POINT('',(21.3825159620027,-1.42267831621243,4.96187441739816));
#2893=CARTESIAN_POINT('',(-0.367484633391613,-1.42267831621243,4.9618748225235));
#2894=CARTESIAN_POINT('',(16.0762658143067,-6.72892846390847,4.96187451437212));
#2895=CARTESIAN_POINT('Origin',(3.04477720460225,-1.27267876324728,4.81187481802991));
#2896=CARTESIAN_POINT('',(2.89477720460225,-1.12267876324728,5.26187481802991));
#2897=CARTESIAN_POINT('',(3.04477720460225,-1.27267876324728,5.41187481802991));
#2898=CARTESIAN_POINT('',(5.67190028054423,-3.89980183918926,8.03899789397189));
#2899=CARTESIAN_POINT('',(2.89477720460225,-1.12267876324728,5.11187481802991));
#2900=CARTESIAN_POINT('',(2.89477720460225,-1.12267876324728,4.81187481802991));
#2901=CARTESIAN_POINT('',(3.04477704014949,-1.27267859879451,4.96187475896517));
#2902=CARTESIAN_POINT('',(5.84689742237572,-4.07479898102074,2.15975020124799));
#2903=CARTESIAN_POINT('',(3.19477720460225,-1.42267831621243,4.9618747561712));
#2904=CARTESIAN_POINT('',(2.13546163397376,-0.363363192618787,4.96187477590249));
#2905=CARTESIAN_POINT('',(3.19477720460225,-1.42267831621243,5.41187481802991));
#2906=CARTESIAN_POINT('',(3.19477720460225,-1.42267831621243,4.51187481802991));
#2907=CARTESIAN_POINT('',(2.16046166670967,-0.3883632253547,5.41187481802991));
#2908=CARTESIAN_POINT('Origin',(19.7075156602541,-1.12267876324728,5.26187481802991));
#2909=CARTESIAN_POINT('',(0.847582239099209,-1.27267876324728,5.41187481802991));
#2910=CARTESIAN_POINT('',(25.6575158111284,-1.27267876324728,5.41187481802991));
#2911=CARTESIAN_POINT('',(0.55395070454215,-1.12267876324728,5.26187481802991));
#2912=CARTESIAN_POINT('Origin',(1.6075153585057,0.577321683787566,3.56187437099507));
#2913=CARTESIAN_POINT('',(19.7075156602541,-1.12267876324728,5.26187481802991));
#2914=CARTESIAN_POINT('Origin',(31.6075159620027,30.8273221457236,5.41187481802991));
#2915=CARTESIAN_POINT('',(1.6075153585057,-1.42267831621243,5.41187481802991));
#2916=CARTESIAN_POINT('',(9.70751550937991,-1.42267831621243,5.41187481802991));
#2917=CARTESIAN_POINT('Origin',(1.6075153585057,0.577321683787566,5.41187481802991));
#2918=CARTESIAN_POINT('Origin',(-0.492484641494297,-1.42267831621243,4.51187481802991));
#2919=CARTESIAN_POINT('',(21.3825159620027,-1.42267831621243,5.41187481802991));
#2920=CARTESIAN_POINT('',(9.70751550937991,-1.42267831621243,5.41187481802991));
#2921=CARTESIAN_POINT('',(21.3825159620027,-1.42267831621243,5.76187481802991));
#2922=CARTESIAN_POINT('',(21.3825159620027,-1.42267831621243,4.51187481802991));
#2923=CARTESIAN_POINT('',(29.3825159620027,-1.42267831621243,5.76187481802991));
#2924=CARTESIAN_POINT('',(10.4450156602542,-1.42267831621243,5.76187481802991));
#2925=CARTESIAN_POINT('',(29.3825159620027,-1.42267831621243,5.41187481802991));
#2926=CARTESIAN_POINT('',(29.3825159620027,-1.42267831621243,4.88687481802991));
#2927=CARTESIAN_POINT('',(31.9075159620027,-1.42267831621243,5.41187481802991));
#2928=CARTESIAN_POINT('',(15.5575156602542,-1.42267831621243,5.41187481802991));
#2929=CARTESIAN_POINT('',(31.9075159620027,-1.42267831621243,6.01187481802991));
#2930=CARTESIAN_POINT('',(31.9075159620027,-1.42267831621243,4.51187481802991));
#2931=CARTESIAN_POINT('',(1.6075153585057,-1.42267831621243,6.01187481802991));
#2932=CARTESIAN_POINT('',(8.13251550937996,-1.42267831621243,6.01187481802991));
#2933=CARTESIAN_POINT('',(1.6075153585057,-1.42267831621243,4.51187481802991));
#2934=CARTESIAN_POINT('',(1.6075153585057,-1.42267831621243,4.96187478573626));
#2935=CARTESIAN_POINT('',(-0.367484633391613,-1.42267831621243,4.9618748225235));
#2936=CARTESIAN_POINT('',(1.6075153585057,-1.42267831621243,4.51187481802991));
#2937=CARTESIAN_POINT('',(1.6075153585057,-1.42267831621243,4.51187481802991));
#2938=CARTESIAN_POINT('',(21.3825159620027,-1.42267831621243,4.51187481802991));
#2939=CARTESIAN_POINT('',(-0.492484641494297,-1.42267831621243,4.51187481802991));
#2940=CARTESIAN_POINT('',(21.3825159620027,-1.42267831621243,4.51187481802991));
#2941=CARTESIAN_POINT('Origin',(16.7575156602542,14.9773219147556,4.51187481802991));
#2942=CARTESIAN_POINT('',(-0.392484641494299,0.577321683787564,4.51187481802991));
#2943=CARTESIAN_POINT('Origin',(1.6075153585057,0.577321683787566,4.51187481802991));
#2944=CARTESIAN_POINT('',(-0.392484641494304,28.3773221457236,4.51187481802991));
#2945=CARTESIAN_POINT('',(-0.392484641494303,21.7273220302396,4.51187481802991));
#2946=CARTESIAN_POINT('',(2.1075153585057,30.8773221457236,4.51187481802991));
#2947=CARTESIAN_POINT('Origin',(2.1075153585057,28.3773221457236,4.51187481802991));
#2948=CARTESIAN_POINT('',(31.4075159620027,30.8773221457236,4.51187481802991));
#2949=CARTESIAN_POINT('',(24.1325158111285,30.8773221457236,4.51187481802991));
#2950=CARTESIAN_POINT('',(33.9075159620027,28.3773221457236,4.51187481802991));
#2951=CARTESIAN_POINT('Origin',(31.4075159620027,28.3773221457236,4.51187481802991));
#2952=CARTESIAN_POINT('',(33.9075159620027,0.577321683787567,4.51187481802991));
#2953=CARTESIAN_POINT('',(33.9075159620027,6.97732179927157,4.51187481802991));
#2954=CARTESIAN_POINT('',(31.9075159620027,-1.42267831621243,4.51187481802991));
#2955=CARTESIAN_POINT('Origin',(31.9075159620027,0.577321683787567,4.51187481802991));
#2956=CARTESIAN_POINT('',(29.3825159620027,-1.42267831621243,4.51187481802991));
#2957=CARTESIAN_POINT('',(8.13251550937996,-1.42267831621243,4.51187481802991));
#2958=CARTESIAN_POINT('',(28.8825159620027,-0.922678316212433,4.51187481802991));
#2959=CARTESIAN_POINT('',(22.1012658288236,5.85857181696667,4.51187481802991));
#2960=CARTESIAN_POINT('',(21.8825159620027,-0.922678316212433,4.51187481802991));
#2961=CARTESIAN_POINT('',(21.0700158111285,-0.922678316212433,4.51187481802991));
#2962=CARTESIAN_POINT('',(24.3512659443076,1.54607166609242,4.51187481802991));
#2963=CARTESIAN_POINT('',(32.5000004768372,18.4511257366999,4.51187481802991));
#2964=CARTESIAN_POINT('',(9.49999977201223,18.4511257366999,4.51187481802991));
#2965=CARTESIAN_POINT('',(23.3787580536445,18.4511257366999,4.51187481802991));
#2966=CARTESIAN_POINT('',(9.49999977201223,-0.522678316212443,4.51187481802991));
#2967=CARTESIAN_POINT('',(9.49999977201223,7.28866096184813,4.51187481802991));
#2968=CARTESIAN_POINT('',(29.6999993517995,-0.522678316212443,4.51187481802991));
#2969=CARTESIAN_POINT('',(18.17875761108,-0.522678316212444,4.51187481802991));
#2970=CARTESIAN_POINT('',(29.6999993517995,6.50000017136336,4.51187481802991));
#2971=CARTESIAN_POINT('',(29.6999993517995,7.28866096184813,4.51187481802991));
#2972=CARTESIAN_POINT('',(32.5000004768372,6.50000017136335,4.51187481802991));
#2973=CARTESIAN_POINT('',(23.3787580536445,6.50000017136336,4.51187481802991));
#2974=CARTESIAN_POINT('',(32.5000004768372,13.2386610430595,4.51187481802991));
#2975=CARTESIAN_POINT('',(5.3475153585057,-0.681416462665308,4.51187481802991));
#2976=CARTESIAN_POINT('',(7.3475153585057,-0.681416462665308,4.51187481802991));
#2977=CARTESIAN_POINT('',(11.05251550938,-0.681416462665309,4.51187481802991));
#2978=CARTESIAN_POINT('',(8.87625351240916,0.847321691238145,4.51187481802991));
#2979=CARTESIAN_POINT('Origin',(7.3475153585057,0.847321691238146,4.51187481802991));
#2980=CARTESIAN_POINT('',(8.87625351240916,15.8473216912381,4.51187481802991));
#2981=CARTESIAN_POINT('',(8.87625351240915,7.91232180299685,4.51187481802991));
#2982=CARTESIAN_POINT('',(3.81877720460225,15.8473216912381,4.51187481802991));
#2983=CARTESIAN_POINT('',(12.8168845863317,15.8473216912381,4.51187481802991));
#2984=CARTESIAN_POINT('',(3.81877720460225,0.847321691238145,4.51187481802991));
#2985=CARTESIAN_POINT('',(3.81877720460225,15.4123218029969,4.51187481802991));
#2986=CARTESIAN_POINT('Origin',(5.3475153585057,0.847321691238146,4.51187481802991));
#2987=CARTESIAN_POINT('Origin',(31.6075159620027,30.8273221457236,5.41187481802991));
#2988=CARTESIAN_POINT('',(21.5325155149679,-1.27267876324728,5.41187481802991));
#2989=CARTESIAN_POINT('',(25.6575158111284,-1.27267876324728,5.41187481802991));
#2990=CARTESIAN_POINT('',(21.1262657748069,-1.6789285034083,5.41187481802991));
#2991=CARTESIAN_POINT('Origin',(19.7075156602541,-1.12267876324728,5.26187481802991));
#2992=CARTESIAN_POINT('',(21.4304323548605,-1.37476192335462,5.51395797813726));
#2993=CARTESIAN_POINT('Origin',(32.0000004768372,11.5000001713634,4.51187481802991));
#2994=CARTESIAN_POINT('',(32.0000004768372,18.4511257366999,5.01187481802992));
#2995=CARTESIAN_POINT('',(32.0000004768372,18.4511257366999,5.51187481802991));
#2996=CARTESIAN_POINT('',(32.0000004768372,18.4511257366999,5.01187481802991));
#2997=CARTESIAN_POINT('',(32.0000004768372,9.00000017136335,5.01187481802991));
#2998=CARTESIAN_POINT('',(32.0000004768372,13.2386610430595,5.01187481802991));
#2999=CARTESIAN_POINT('',(32.0000004768372,11.5000001713634,5.51187481802991));
#3000=CARTESIAN_POINT('',(32.0000004768372,10.1538463252095,5.24264404879914));
#3001=CARTESIAN_POINT('',(32.0000004768372,17.5000002607703,5.51187481802991));
#3002=CARTESIAN_POINT('Origin',(32.2500004768372,13.2386610430595,4.76187481802991));
#3003=CARTESIAN_POINT('',(31.5000004693866,18.4511257366999,5.51187482548049));
#3004=CARTESIAN_POINT('',(31.4571384993988,11.7143100585553,5.5547367954683));
#3005=CARTESIAN_POINT('Origin',(31.9075159620027,0.577321683787567,4.51187481802991));
#3006=CARTESIAN_POINT('',(33.9075159620027,0.577321683787567,6.01187481802991));
#3007=CARTESIAN_POINT('Origin',(31.9075159620027,0.577321683787567,6.01187481802991));
#3008=CARTESIAN_POINT('',(32.6674490814092,-1.27267876324727,5.41187481802991));
#3009=CARTESIAN_POINT('Origin',(31.9075159620027,0.577321683787567,5.41187481802991));
#3010=CARTESIAN_POINT('',(32.9610806159663,-1.12267876324728,5.26187481802991));
#3011=CARTESIAN_POINT('Origin',(31.9075159620027,0.577321683787567,3.56187437099507));
#3012=CARTESIAN_POINT('',(32.9610806159663,-1.12267876324728,5.11187481802991));
#3013=CARTESIAN_POINT('',(32.9610806159663,-1.12267876324728,4.51187481802991));
#3014=CARTESIAN_POINT('',(32.6674493561985,-1.27267865037081,4.96187470738879));
#3015=CARTESIAN_POINT('Origin',(31.9075159620027,0.577321683787567,6.81187779826659));
#3016=CARTESIAN_POINT('',(31.9075159620027,-1.42267831621243,4.96187481802991));
#3017=CARTESIAN_POINT('Origin',(31.9075159620027,0.577321683787567,4.96187470738879));
#3018=CARTESIAN_POINT('',(31.9075159620027,-1.42267831621243,4.51187481802991));
#3019=CARTESIAN_POINT('',(33.9075159620027,0.577321683787567,4.96187470738879));
#3020=CARTESIAN_POINT('',(33.9075159620027,0.577321683787567,4.51187481802991));
#3021=CARTESIAN_POINT('',(33.7575173120542,-0.182609237288674,4.96187470738879));
#3022=CARTESIAN_POINT('Origin',(31.9075159620027,0.577321683787567,4.96187470738879));
#3023=CARTESIAN_POINT('',(33.607514605252,-0.476245880704911,5.11187470403603));
#3024=CARTESIAN_POINT('Origin',(31.9075159620027,0.577321683787567,6.81184263277477));
#3025=CARTESIAN_POINT('',(33.607514605252,-0.476245880704911,5.26187481802991));
#3026=CARTESIAN_POINT('',(33.607514605252,-0.476245880704911,4.51187481802991));
#3027=CARTESIAN_POINT('',(33.7575147225987,-0.182615541115387,5.41187481802991));
#3028=CARTESIAN_POINT('Origin',(31.9075159620027,0.577321683787567,3.56187750470824));
#3029=CARTESIAN_POINT('',(33.9075159620027,0.577321683787566,5.41187481802991));
#3030=CARTESIAN_POINT('Origin',(31.9075159620027,0.577321683787567,5.41187481802991));
#3031=CARTESIAN_POINT('',(33.9075159620027,0.577321683787567,4.51187481802991));
#3032=CARTESIAN_POINT('Origin',(33.607514605252,-1.02267831621243,5.11187470403603));
#3033=CARTESIAN_POINT('',(33.607514605252,29.5647588681224,5.11187470403603));
#3034=CARTESIAN_POINT('',(33.607514605252,-1.02267831621243,5.11187470403603));
#3035=CARTESIAN_POINT('',(33.607514605252,29.5647588681224,5.26187481802991));
#3036=CARTESIAN_POINT('',(33.607514605252,29.5647588681224,4.51187481802991));
#3037=CARTESIAN_POINT('',(33.607514605252,-1.02267831621243,5.26187481802991));
#3038=CARTESIAN_POINT('Origin',(33.7575169662944,-1.02267831621243,4.9618750531423));
#3039=CARTESIAN_POINT('',(33.7575173120542,29.2302545315293,4.96187470738879));
#3040=CARTESIAN_POINT('',(33.7575173120542,14.9523213427372,4.96187470738879));
#3041=CARTESIAN_POINT('Origin',(31.4075159620027,28.3773221457236,7.311833599088));
#3042=CARTESIAN_POINT('Origin',(33.9075159620027,-1.02267831621243,4.51187481802991));
#3043=CARTESIAN_POINT('',(33.9075159620027,28.3773221457236,4.96187470738879));
#3044=CARTESIAN_POINT('',(33.9075159620027,28.3773221457236,4.51187481802991));
#3045=CARTESIAN_POINT('',(33.9075159620027,14.9523213427372,4.96187470738879));
#3046=CARTESIAN_POINT('Origin',(31.6075159620027,30.8273221457236,5.41187481802991));
#3047=CARTESIAN_POINT('',(29.2325164090376,-1.27267876324728,5.41187481802991));
#3048=CARTESIAN_POINT('',(26.8012659983243,1.15857164746601,5.41187481802991));
#3049=CARTESIAN_POINT('',(25.5575158111284,-1.27267876324727,5.41187481802991));
#3050=CARTESIAN_POINT('Origin',(-0.492484641494297,-1.42267831621243,4.51187481802991));
#3051=CARTESIAN_POINT('',(29.3825159620027,-1.42267831621243,4.96187481802991));
#3052=CARTESIAN_POINT('',(9.50751550937991,-1.42267831621243,4.96187481802991));
#3053=CARTESIAN_POINT('',(29.3825159620027,-1.42267831621243,4.88687481802991));
#3054=CARTESIAN_POINT('Origin',(31.4075159620027,30.8273210016869,4.96187470738879));
#3055=CARTESIAN_POINT('',(29.2325161855202,-1.27267853972986,4.96187481802991));
#3056=CARTESIAN_POINT('',(25.5575158111284,-1.27267865037081,4.96187470738879));
#3057=CARTESIAN_POINT('',(26.8387658865656,1.12107175922472,4.96187481802991));
#3058=CARTESIAN_POINT('Origin',(31.4075159620027,30.8273210016869,4.96187470738879));
#3059=CARTESIAN_POINT('Origin',(31.4075159620027,28.3773221457236,4.96187470738879));
#3060=CARTESIAN_POINT('Origin',(19.7075156602541,-1.27267853972986,4.96187481802991));
#3061=CARTESIAN_POINT('',(29.0825164090376,-1.12267876324728,5.11187481802991));
#3062=CARTESIAN_POINT('',(19.7075156602541,-1.12267876324728,5.11187481802991));
#3063=CARTESIAN_POINT('',(27.5929342909789,0.366903354811437,6.60145915574225));
#3064=CARTESIAN_POINT('Origin',(1.6075153585057,0.577321683787566,4.51187481802991));
#3065=CARTESIAN_POINT('',(-0.24248474647645,-0.182612268320132,4.96187470738879));
#3066=CARTESIAN_POINT('',(-0.392484641494298,0.577321683787566,4.96187482298916));
#3067=CARTESIAN_POINT('Origin',(1.6075153585057,0.577321683787566,4.96187478573626));
#3068=CARTESIAN_POINT('',(-0.392484641494298,0.577321683787566,4.51187481802991));
#3069=CARTESIAN_POINT('',(0.847581739120401,-1.27267855786862,4.96187479989112));
#3070=CARTESIAN_POINT('Origin',(1.6075153585057,0.577321683787566,4.96187478573626));
#3071=CARTESIAN_POINT('',(0.55395070454215,-1.12267876324728,5.11187481802991));
#3072=CARTESIAN_POINT('Origin',(1.6075153585057,0.577321683787566,6.81187779826659));
#3073=CARTESIAN_POINT('',(0.55395070454215,-1.12267876324728,4.51187481802991));
#3074=CARTESIAN_POINT('',(-0.392484641494298,0.577321683787566,6.01187481802991));
#3075=CARTESIAN_POINT('Origin',(1.6075153585057,0.577321683787566,6.01187481802991));
#3076=CARTESIAN_POINT('',(-0.392484641494298,0.577321683787566,5.41187469733051));
#3077=CARTESIAN_POINT('',(-0.392484641494298,0.577321683787566,4.51187481802991));
#3078=CARTESIAN_POINT('',(-0.242484754370691,-0.182612249102217,5.41187481802991));
#3079=CARTESIAN_POINT('Origin',(1.6075153585057,0.577321683787566,5.41187481802991));
#3080=CARTESIAN_POINT('',(-0.0924846370239507,-0.47624369871092,5.26187481802991));
#3081=CARTESIAN_POINT('Origin',(1.6075153585057,0.577321683787566,3.56187615242893));
#3082=CARTESIAN_POINT('',(-0.0924846370239507,-0.47624369871092,5.11187470403603));
#3083=CARTESIAN_POINT('',(-0.0924846370239507,-0.47624369871092,4.51187481802991));
#3084=CARTESIAN_POINT('Origin',(1.6075153585057,0.577321683787566,6.81188761391087));
#3085=CARTESIAN_POINT('Origin',(-0.242484633671189,-1.02267831621243,5.41187469733051));
#3086=CARTESIAN_POINT('',(-0.242484754370691,29.2302579401893,5.41187481802991));
#3087=CARTESIAN_POINT('',(-0.242484754370691,14.9523219147556,5.41187481802991));
#3088=CARTESIAN_POINT('',(-0.0924846370239507,29.5647563627097,5.26187481802991));
#3089=CARTESIAN_POINT('Origin',(2.1075153585057,28.3773221457236,3.06187654358442));
#3090=CARTESIAN_POINT('',(-0.0924846370239508,-1.02267831621243,5.26187481802991));
#3091=CARTESIAN_POINT('Origin',(-0.392484641494303,28.4773221457236,4.51187481802991));
#3092=CARTESIAN_POINT('',(-0.392484641494304,28.3773221457236,6.01187481802991));
#3093=CARTESIAN_POINT('',(-0.392484641494303,21.7273220302396,6.01187481802991));
#3094=CARTESIAN_POINT('',(-0.392484641494303,28.3773221457236,5.41187481802991));
#3095=CARTESIAN_POINT('',(-0.392484641494303,28.3773221457236,4.51187481802991));
#3096=CARTESIAN_POINT('',(-0.3924846414943,13.7273219147556,5.41187469733051));
#3097=CARTESIAN_POINT('Origin',(16.7575156602542,14.9773219147556,6.01187481802991));
#3098=CARTESIAN_POINT('',(33.9075159620027,28.3773221457236,6.01187481802991));
#3099=CARTESIAN_POINT('',(33.9075159620027,6.97732179927157,6.01187481802991));
#3100=CARTESIAN_POINT('',(31.4075159620027,30.8773221457236,6.01187481802991));
#3101=CARTESIAN_POINT('Origin',(31.4075159620027,28.3773221457236,6.01187481802991));
#3102=CARTESIAN_POINT('',(2.1075153585057,30.8773221457236,6.01187481802991));
#3103=CARTESIAN_POINT('',(31.5075159620027,30.8773221457236,6.01187481802991));
#3104=CARTESIAN_POINT('Origin',(2.1075153585057,28.3773221457236,6.01187481802991));
#3105=CARTESIAN_POINT('',(7.3475153585057,-0.981416462665307,6.01187481802991));
#3106=CARTESIAN_POINT('',(9.17625351240915,0.847321691238145,6.01187481802991));
#3107=CARTESIAN_POINT('Origin',(7.3475153585057,0.847321691238146,6.01187481802991));
#3108=CARTESIAN_POINT('',(5.3475153585057,-0.981416462665308,6.01187481802991));
#3109=CARTESIAN_POINT('',(11.05251550938,-0.981416462665309,6.01187481802991));
#3110=CARTESIAN_POINT('',(3.51877720460225,0.847321691238145,6.01187481802991));
#3111=CARTESIAN_POINT('Origin',(5.3475153585057,0.847321691238146,6.01187481802991));
#3112=CARTESIAN_POINT('',(3.51877720460225,16.1473216912381,6.01187481802991));
#3113=CARTESIAN_POINT('',(3.51877720460225,15.4123218029969,6.01187481802991));
#3114=CARTESIAN_POINT('',(4.5275153585057,16.1473216912381,6.01187481802991));
#3115=CARTESIAN_POINT('',(11.41751550938,16.1473216912381,6.01187481802991));
#3116=CARTESIAN_POINT('',(4.5275153585057,0.847321691238146,6.01187481802991));
#3117=CARTESIAN_POINT('',(4.5275153585057,7.91232180299685,6.01187481802991));
#3118=CARTESIAN_POINT('',(5.3475153585057,0.0273216912381445,6.01187481802991));
#3119=CARTESIAN_POINT('Origin',(5.3475153585057,0.847321691238146,6.01187481802991));
#3120=CARTESIAN_POINT('',(7.3475153585057,0.0273216912381456,6.01187481802991));
#3121=CARTESIAN_POINT('',(12.05251550938,0.0273216912381435,6.01187481802991));
#3122=CARTESIAN_POINT('',(8.1675153585057,0.847321691238145,6.01187481802991));
#3123=CARTESIAN_POINT('Origin',(7.3475153585057,0.847321691238146,6.01187481802991));
#3124=CARTESIAN_POINT('',(8.1675153585057,16.1473216912381,6.01187481802991));
#3125=CARTESIAN_POINT('',(8.1675153585057,10.9123218029969,6.01187481802991));
#3126=CARTESIAN_POINT('',(9.17625351240915,16.1473216912381,6.01187481802991));
#3127=CARTESIAN_POINT('',(11.41751550938,16.1473216912381,6.01187481802991));
#3128=CARTESIAN_POINT('',(9.17625351240915,7.91232180299685,6.01187481802991));
#3129=CARTESIAN_POINT('Origin',(31.6075159620027,30.8273221457236,5.41187481802991));
#3130=CARTESIAN_POINT('Origin',(2.1075153585057,28.3773221457236,5.41187481802991));
#3131=CARTESIAN_POINT('Origin',(-0.242484633670832,-0.922678316212433,4.96187482019519));
#3132=CARTESIAN_POINT('',(9.73251551003201,-1.27267872336317,4.96187463439633));
#3133=CARTESIAN_POINT('Origin',(19.7075156602541,-1.12267876324728,5.11187481802991));
#3134=CARTESIAN_POINT('',(19.7075156602541,-1.12267876324728,5.11187481802991));
#3135=CARTESIAN_POINT('Origin',(33.607514605252,-1.02267831621243,5.26187481802991));
#3136=CARTESIAN_POINT('',(33.7575147225987,29.2302616659694,5.41187481802991));
#3137=CARTESIAN_POINT('Origin',(31.4075159620027,28.3773221457236,3.06187789586372));
#3138=CARTESIAN_POINT('',(33.7575147225987,14.9523219147556,5.41187481802991));
#3139=CARTESIAN_POINT('Origin',(-0.0924846370239508,-1.02267831621243,5.26187481802991));
#3140=CARTESIAN_POINT('',(-0.0924846370239507,29.5647563627097,5.11187470403603));
#3141=CARTESIAN_POINT('',(-0.0924846370239507,29.5647563627097,4.51187481802991));
#3142=CARTESIAN_POINT('',(-0.0924846370239508,-1.02267831621243,5.11187470403603));
#3143=CARTESIAN_POINT('Origin',(-0.0924850973308263,-1.02267831621243,5.11187539449463));
#3144=CARTESIAN_POINT('',(-0.242484633670832,29.2302582727403,4.96187482019519));
#3145=CARTESIAN_POINT('Origin',(2.1075153585057,28.3773221457236,7.31189107378633));
#3146=CARTESIAN_POINT('',(-0.24248474647645,15.0023213427372,4.96187470738879));
#3147=CARTESIAN_POINT('Origin',(19.7075156602541,-1.12267876324728,5.11187481802991));
#3148=CARTESIAN_POINT('',(29.0825164090376,-1.12267876324728,5.26187481802991));
#3149=CARTESIAN_POINT('',(19.7075156602541,-1.12267876324728,5.26187481802991));
#3150=CARTESIAN_POINT('',(29.0825164090376,-1.12267876324728,5.09312481802991));
#3151=CARTESIAN_POINT('Origin',(19.7075156602541,-1.12267876324728,5.26187481802991));
#3152=CARTESIAN_POINT('',(27.5054328018954,0.454404843894916,3.68479121088772));
#3153=CARTESIAN_POINT('Origin',(31.6075159620027,30.8273221457236,5.41187481802991));
#3154=CARTESIAN_POINT('',(33.9075159620027,28.3773221457236,5.41187481802991));
#3155=CARTESIAN_POINT('Origin',(31.4075159620027,28.3773221457236,5.41187481802991));
#3156=CARTESIAN_POINT('',(33.9075159620027,14.9523219147556,5.41187481802991));
#3157=CARTESIAN_POINT('Origin',(31.4075159620027,28.3773221457236,4.51187481802991));
#3158=CARTESIAN_POINT('',(32.2604520674643,30.7273221457236,5.41187481802991));
#3159=CARTESIAN_POINT('',(31.4075159620027,30.8773221457236,5.41187481802991));
#3160=CARTESIAN_POINT('Origin',(31.4075159620027,28.3773221457236,5.41187481802991));
#3161=CARTESIAN_POINT('',(31.4075159620027,30.8773221457236,4.51187481802991));
#3162=CARTESIAN_POINT('',(33.9075159620027,28.3773221457236,4.51187481802991));
#3163=CARTESIAN_POINT('',(31.4075159620027,30.8773221457236,4.96187470738879));
#3164=CARTESIAN_POINT('',(31.4075159620027,30.8773221457236,4.51187481802991));
#3165=CARTESIAN_POINT('',(32.2604552194947,30.7273210016869,4.96187470738879));
#3166=CARTESIAN_POINT('Origin',(31.4075159620027,28.3773221457236,4.96187470738879));
#3167=CARTESIAN_POINT('',(32.5949501707065,30.5773221457236,5.11187481802991));
#3168=CARTESIAN_POINT('Origin',(31.4075159620027,28.3773221457236,7.31189322011095));
#3169=CARTESIAN_POINT('',(32.5949501707065,30.5773221457236,5.26187481802991));
#3170=CARTESIAN_POINT('',(32.5949501707065,30.5773221457236,4.51187481802991));
#3171=CARTESIAN_POINT('Origin',(31.4075159620027,28.3773221457236,3.06187481802991));
#3172=CARTESIAN_POINT('Origin',(31.4075159620027,30.7273210016869,4.96187470738879));
#3173=CARTESIAN_POINT('',(2.1075153585057,30.8773221457236,4.96187470738879));
#3174=CARTESIAN_POINT('',(31.4075159620027,30.8773221457236,4.96187470738879));
#3175=CARTESIAN_POINT('',(1.25457610101373,30.7273210016869,4.96187470738879));
#3176=CARTESIAN_POINT('Origin',(2.1075153585057,28.3773221457236,4.96187470738879));
#3177=CARTESIAN_POINT('',(31.4075159620027,30.7273210016869,4.96187470738879));
#3178=CARTESIAN_POINT('Origin',(31.5075159620027,30.7273221457236,5.41187481802991));
#3179=CARTESIAN_POINT('',(1.2545792530441,30.7273221457236,5.41187481802991));
#3180=CARTESIAN_POINT('',(31.5075159620027,30.7273221457236,5.41187481802991));
#3181=CARTESIAN_POINT('',(2.1075153585057,30.8773221457236,5.41187481802991));
#3182=CARTESIAN_POINT('Origin',(2.1075153585057,28.3773221457236,5.41187481802991));
#3183=CARTESIAN_POINT('',(31.4575159620027,30.8773221457236,5.41187481802991));
#3184=CARTESIAN_POINT('Origin',(33.9075159620027,-1.02267831621243,4.51187481802991));
#3185=CARTESIAN_POINT('Origin',(31.5075159620027,30.5773221457236,5.11187481802991));
#3186=CARTESIAN_POINT('',(0.920081149801906,30.5773221457236,5.11187481802991));
#3187=CARTESIAN_POINT('',(31.5075159620027,30.5773221457236,5.11187481802991));
#3188=CARTESIAN_POINT('',(0.920081149801906,30.5773221457236,5.26187481802991));
#3189=CARTESIAN_POINT('',(0.920081149801906,30.5773221457236,4.51187481802991));
#3190=CARTESIAN_POINT('',(31.5075159620027,30.5773221457236,5.26187481802991));
#3191=CARTESIAN_POINT('Origin',(31.5075159620027,30.5773221457236,5.11187481802991));
#3192=CARTESIAN_POINT('Origin',(2.1075153585057,28.3773221457236,7.31189322011093));
#3193=CARTESIAN_POINT('Origin',(31.5075159620027,30.5773221457236,5.26187481802991));
#3194=CARTESIAN_POINT('Origin',(2.1075153585057,28.3773221457236,3.06187481802993));
#3195=CARTESIAN_POINT('Origin',(19.7075156602541,-1.27267853972986,4.96187481802991));
#3196=CARTESIAN_POINT('Origin',(-0.392484641494303,28.4773221457236,4.51187481802991));
#3197=CARTESIAN_POINT('',(-0.392484641494303,28.3773221457236,4.96187482298916));
#3198=CARTESIAN_POINT('',(-0.3924846414943,13.8273219147556,4.96187482298916));
#3199=CARTESIAN_POINT('',(-0.392484641494303,28.3773221457236,4.51187481802991));
#3200=CARTESIAN_POINT('Origin',(-0.242484633670832,-0.922678316212433,4.96187482019519));
#3201=CARTESIAN_POINT('Origin',(2.1075153585057,28.3773221457236,4.96187477642303));
#3202=CARTESIAN_POINT('Origin',(2.1075153585057,28.3773221457236,4.51187481802991));
#3203=CARTESIAN_POINT('',(2.1075153585057,30.8773221457236,4.51187481802991));
#3204=CARTESIAN_POINT('',(2.1075153585057,30.8773221457236,4.51187481802991));
#3205=CARTESIAN_POINT('Origin',(31.5075159620027,30.8773221457236,4.51187481802991));
#3206=CARTESIAN_POINT('Origin',(31.5075159620027,30.8773221457236,4.51187481802991));
#3207=CARTESIAN_POINT('Origin',(30.0000004470348,18.4511257366999,5.51187481802991));
#3208=CARTESIAN_POINT('',(9.99999977201223,18.4511257366999,5.51187481802991));
#3209=CARTESIAN_POINT('',(30.0000004470348,18.4511257366999,5.51187481802991));
#3210=CARTESIAN_POINT('',(11.8749998395145,18.4511257366999,9.26187495303443));
#3211=CARTESIAN_POINT('Origin',(9.74999977201223,12.9193301292567,5.01187481802991));
#3212=CARTESIAN_POINT('',(9.99999977201223,-0.522678316212444,5.51187481802991));
#3213=CARTESIAN_POINT('',(9.99999977201223,12.9193301292567,5.51187481802991));
#3214=CARTESIAN_POINT('',(10.7049997510016,-0.522678316212443,6.92187477600864));
#3215=CARTESIAN_POINT('Origin',(23.3787580536445,9.00000017136335,5.01187481802991));
#3216=CARTESIAN_POINT('',(29.1999993517995,11.5000001713634,5.51187481802991));
#3217=CARTESIAN_POINT('',(32.0000004768372,11.5000001713634,5.51187481802991));
#3218=CARTESIAN_POINT('',(29.8165235953841,5.3347577355175,4.27882633086074));
#3219=CARTESIAN_POINT('Origin',(31.000000461936,14.5000002160668,5.51187481802991));
#3220=CARTESIAN_POINT('',(29.1999993517995,-0.522678316212444,5.51187481802991));
#3221=CARTESIAN_POINT('',(29.1999993517995,3.95799116561059,5.51187481802991));
#3222=CARTESIAN_POINT('',(9.49999977201223,-0.522678316212444,5.51187481802991));
#3223=CARTESIAN_POINT('Origin',(11.41751550938,15.9973216912381,5.86187481802991));
#3224=CARTESIAN_POINT('',(3.81877720460225,15.8473216912381,5.71187481802991));
#3225=CARTESIAN_POINT('',(5.05773357010542,14.608365325735,4.47291845252674));
#3226=CARTESIAN_POINT('',(4.2275153585057,15.8473216912381,5.71187481802991));
#3227=CARTESIAN_POINT('',(11.41751550938,15.8473216912381,5.71187481802991));
#3228=CARTESIAN_POINT('',(4.2033487356112,15.8231550683436,5.68770819513541));
#3229=CARTESIAN_POINT('Origin',(6.0775153585057,15.8473216912381,6.01187481802991));
#3230=CARTESIAN_POINT('',(8.87625351240916,15.8473216912381,5.71187481802991));
#3231=CARTESIAN_POINT('',(8.87625351240916,15.8473216912381,4.51187481802991));
#3232=CARTESIAN_POINT('',(8.4675153585057,15.8473216912381,5.71187481802991));
#3233=CARTESIAN_POINT('',(11.41751550938,15.8473216912381,5.71187481802991));
#3234=CARTESIAN_POINT('',(8.4675153585057,15.8473216912381,5.16187481802991));
#3235=CARTESIAN_POINT('',(8.4675153585057,15.8473216912381,6.01187481802991));
#3236=CARTESIAN_POINT('',(4.2275153585057,15.8473216912381,5.16187481802991));
#3237=CARTESIAN_POINT('',(6.7125153585057,15.8473216912381,5.16187481802991));
#3238=CARTESIAN_POINT('',(4.2275153585057,15.8473216912381,6.01187481802991));
#3239=CARTESIAN_POINT('',(3.81877720460225,15.8473216912381,4.51187481802991));
#3240=CARTESIAN_POINT('Origin',(8.3175153585057,10.9123218029969,5.86187481802991));
#3241=CARTESIAN_POINT('',(8.4675153585057,0.847321691238146,5.71187481802991));
#3242=CARTESIAN_POINT('',(8.1675153585057,0.847321691238145,6.01187481802991));
#3243=CARTESIAN_POINT('',(8.4675153585057,10.9123218029969,5.71187481802991));
#3244=CARTESIAN_POINT('',(8.4675153585057,15.8473216912381,5.71187481802991));
#3245=CARTESIAN_POINT('Origin',(11.41751550938,15.9973216912381,5.86187481802991));
#3246=CARTESIAN_POINT('',(8.87625351240916,15.8473216912381,5.71187481802991));
#3247=CARTESIAN_POINT('Origin',(9.02625351240916,7.91232180299685,5.86187481802991));
#3248=CARTESIAN_POINT('',(8.87625351240916,0.847321691238145,5.71187481802991));
#3249=CARTESIAN_POINT('',(8.87625351240916,7.91232180299685,5.71187481802991));
#3250=CARTESIAN_POINT('',(8.87625351240916,0.847321691238145,5.71187481802991));
#3251=CARTESIAN_POINT('Origin',(7.3475153585057,0.847321691238146,5.86187481802991));
#3252=CARTESIAN_POINT('',(7.3475153585057,-0.681416462665308,5.71187481802991));
#3253=CARTESIAN_POINT('',(7.3475153585057,-0.681416462665308,5.71187481802991));
#3254=CARTESIAN_POINT('Origin',(7.3475153585057,0.847321691238146,5.71187481802991));
#3255=CARTESIAN_POINT('Origin',(11.05251550938,-0.831416462665309,5.86187481802991));
#3256=CARTESIAN_POINT('',(5.3475153585057,-0.681416462665308,5.71187481802991));
#3257=CARTESIAN_POINT('',(5.3475153585057,-0.681416462665308,5.71187481802991));
#3258=CARTESIAN_POINT('',(11.05251550938,-0.681416462665309,5.71187481802991));
#3259=CARTESIAN_POINT('Origin',(5.3475153585057,0.847321691238146,5.86187481802991));
#3260=CARTESIAN_POINT('',(3.81877720460225,0.847321691238145,5.71187481802991));
#3261=CARTESIAN_POINT('',(3.81877720460225,0.847321691238145,5.71187481802991));
#3262=CARTESIAN_POINT('Origin',(5.3475153585057,0.847321691238146,5.71187481802991));
#3263=CARTESIAN_POINT('Origin',(3.66877720460225,15.4123218029969,5.86187481802991));
#3264=CARTESIAN_POINT('',(3.81877720460225,15.4123218029969,5.71187481802991));
#3265=CARTESIAN_POINT('Origin',(7.3475153585057,0.847321691238146,5.86187481802991));
#3266=CARTESIAN_POINT('',(7.3475153585057,-0.272678308761855,5.71187481802991));
#3267=CARTESIAN_POINT('',(7.3475153585057,0.0273216912381456,6.01187481802991));
#3268=CARTESIAN_POINT('Origin',(7.3475153585057,0.847321691238146,5.71187481802991));
#3269=CARTESIAN_POINT('Origin',(12.05251550938,-0.122678308761856,5.86187481802991));
#3270=CARTESIAN_POINT('',(5.3475153585057,-0.272678308761855,5.71187481802991));
#3271=CARTESIAN_POINT('',(5.3475153585057,0.0273216912381445,6.01187481802991));
#3272=CARTESIAN_POINT('',(12.05251550938,-0.272678308761855,5.71187481802991));
#3273=CARTESIAN_POINT('Origin',(5.3475153585057,0.847321691238146,5.86187481802991));
#3274=CARTESIAN_POINT('',(4.2275153585057,0.847321691238146,5.71187481802991));
#3275=CARTESIAN_POINT('',(4.5275153585057,0.847321691238146,6.01187481802991));
#3276=CARTESIAN_POINT('Origin',(5.3475153585057,0.847321691238146,5.71187481802991));
#3277=CARTESIAN_POINT('Origin',(4.3775153585057,7.91232180299685,5.86187481802991));
#3278=CARTESIAN_POINT('',(4.2275153585057,7.91232180299685,5.71187481802991));
#3279=CARTESIAN_POINT('Origin',(3.81877720460225,15.8473216912381,4.51187481802991));
#3280=CARTESIAN_POINT('',(3.81877720460225,0.847321691238145,4.51187481802991));
#3281=CARTESIAN_POINT('Origin',(5.3475153585057,-0.681416462665308,4.51187481802991));
#3282=CARTESIAN_POINT('',(5.3475153585057,-0.681416462665308,4.51187481802991));
#3283=CARTESIAN_POINT('',(7.3475153585057,-0.681416462665308,4.51187481802991));
#3284=CARTESIAN_POINT('Origin',(5.3475153585057,0.847321691238146,4.51187481802991));
#3285=CARTESIAN_POINT('Origin',(8.87625351240916,0.847321691238145,4.51187481802991));
#3286=CARTESIAN_POINT('',(8.87625351240916,0.847321691238145,4.51187481802991));
#3287=CARTESIAN_POINT('Origin',(7.3475153585057,0.847321691238146,4.51187481802991));
#3288=CARTESIAN_POINT('Origin',(29.4499993517995,3.95799116561059,5.01187481802991));
#3289=CARTESIAN_POINT('',(28.4949993728101,-0.522678316212443,6.92187477600864));
#3290=CARTESIAN_POINT('Origin',(19.5999995619059,-0.522678316212443,4.86187481802991));
#3291=CARTESIAN_POINT('Origin',(4.07751531827257,-1.02267831621243,4.31187471744708));
#3292=CARTESIAN_POINT('',(5.3475153585057,-0.182678296691914,4.31187471744708));
#3293=CARTESIAN_POINT('',(5.3475153585057,1.87732167916821,4.31187471744708));
#3294=CARTESIAN_POINT('Origin',(5.3475153585057,0.847321691238146,4.31187471744708));
#3295=CARTESIAN_POINT('',(7.3475153585057,1.87732167916821,4.31187471744708));
#3296=CARTESIAN_POINT('',(5.21251533838913,1.87732167916821,4.31187471744708));
#3297=CARTESIAN_POINT('',(7.3475153585057,-0.182678296691914,4.31187471744708));
#3298=CARTESIAN_POINT('Origin',(7.3475153585057,0.847321691238146,4.31187471744708));
#3299=CARTESIAN_POINT('',(5.71251533838913,-0.182678296691914,4.31187471744708));
#3300=CARTESIAN_POINT('Origin',(21.6325159620027,-1.17267831621243,4.69937481802991));
#3301=CARTESIAN_POINT('',(21.8825159620027,-0.922678316212433,5.26187481802991));
#3302=CARTESIAN_POINT('',(21.8825159620027,-0.922678316212433,4.69937481802991));
#3303=CARTESIAN_POINT('',(19.9033492450446,-2.90184503317052,7.241041534988));
#3304=CARTESIAN_POINT('Origin',(29.1325159620027,-1.17267831621243,5.07437481802991));
#3305=CARTESIAN_POINT('',(28.8825159620027,-0.922678316212433,5.26187481802991));
#3306=CARTESIAN_POINT('',(25.9450159117113,2.01482173407899,2.32437476773849));
#3307=CARTESIAN_POINT('',(28.8825159620027,-0.922678316212433,5.07437481802991));
#3308=CARTESIAN_POINT('Origin',(7.3475153585057,0.847321691238146,4.51187471744707));
#3309=CARTESIAN_POINT('',(7.3475153585057,1.87732167916821,5.16187481802991));
#3310=CARTESIAN_POINT('',(7.3475153585057,-0.182678296691914,5.16187481802991));
#3311=CARTESIAN_POINT('Origin',(7.3475153585057,0.847321691238146,5.16187481802991));
#3312=CARTESIAN_POINT('',(7.3475153585057,-0.182678296691914,4.51187471744707));
#3313=CARTESIAN_POINT('',(7.3475153585057,1.87732167916821,4.51187471744707));
#3314=CARTESIAN_POINT('Origin',(7.3475153585057,-0.182678296691914,4.51187471744707));
#3315=CARTESIAN_POINT('',(5.3475153585057,-0.182678296691914,5.16187481802991));
#3316=CARTESIAN_POINT('',(6.8475153585057,-0.182678296691914,5.16187481802991));
#3317=CARTESIAN_POINT('',(5.3475153585057,-0.182678296691914,4.51187471744707));
#3318=CARTESIAN_POINT('Origin',(5.3475153585057,0.847321691238146,4.51187471744707));
#3319=CARTESIAN_POINT('',(5.3475153585057,1.87732167916821,5.16187481802991));
#3320=CARTESIAN_POINT('Origin',(5.3475153585057,0.847321691238146,5.16187481802991));
#3321=CARTESIAN_POINT('',(5.3475153585057,1.87732167916821,4.51187471744707));
#3322=CARTESIAN_POINT('Origin',(5.3475153585057,1.87732167916821,4.51187471744707));
#3323=CARTESIAN_POINT('',(5.8475153585057,1.87732167916821,5.16187481802991));
#3324=CARTESIAN_POINT('Origin',(4.2275153585057,0.847321691238146,6.01187481802991));
#3325=CARTESIAN_POINT('',(4.2275153585057,0.847321691238146,5.16187481802991));
#3326=CARTESIAN_POINT('',(4.2275153585057,0.847321691238146,6.01187481802991));
#3327=CARTESIAN_POINT('',(4.2275153585057,3.09732169123815,5.16187481802991));
#3328=CARTESIAN_POINT('Origin',(7.3475153585057,5.34732169123815,5.16187481802991));
#3329=CARTESIAN_POINT('',(8.4675153585057,0.847321691238146,5.16187481802991));
#3330=CARTESIAN_POINT('',(8.4675153585057,11.3473216912381,5.16187481802991));
#3331=CARTESIAN_POINT('',(7.3475153585057,-0.272678308761854,5.16187481802991));
#3332=CARTESIAN_POINT('Origin',(7.3475153585057,0.847321691238146,5.16187481802991));
#3333=CARTESIAN_POINT('',(5.3475153585057,-0.272678308761854,5.16187481802991));
#3334=CARTESIAN_POINT('',(6.8475153585057,-0.272678308761855,5.16187481802991));
#3335=CARTESIAN_POINT('Origin',(5.3475153585057,0.847321691238146,5.16187481802991));
#3336=CARTESIAN_POINT('Origin',(8.4675153585057,6.84732169123815,6.01187481802991));
#3337=CARTESIAN_POINT('',(8.4675153585057,0.847321691238146,6.01187481802991));
#3338=CARTESIAN_POINT('Origin',(10.4450156602542,-1.17267831621243,5.51187481802991));
#3339=CARTESIAN_POINT('',(21.3825159620027,-0.922678316212433,5.26187481802991));
#3340=CARTESIAN_POINT('Origin',(25.3825159620027,-0.922678316212433,4.88687481802991));
#3341=CARTESIAN_POINT('Origin',(7.3475153585057,0.847321691238146,6.01187481802991));
#3342=CARTESIAN_POINT('',(7.3475153585057,-0.272678308761855,6.01187481802991));
#3343=CARTESIAN_POINT('Origin',(5.3475153585057,0.847321691238146,6.01187481802991));
#3344=CARTESIAN_POINT('',(5.3475153585057,-0.272678308761855,6.01187481802991));
#3345=CARTESIAN_POINT('Origin',(7.3475153585057,-0.272678308761855,6.01187481802991));
#3346=CARTESIAN_POINT('Origin',(21.6219687089324,26.5459222346544,6.01187481802991));
#3347=CARTESIAN_POINT('',(21.6219687089324,29.0000004321337,6.01187481802991));
#3348=CARTESIAN_POINT('',(21.6219687089324,26.5459222346544,6.01187481802991));
#3349=CARTESIAN_POINT('',(21.6219687089324,29.0000004321337,6.01187481802991));
#3350=CARTESIAN_POINT('',(21.6219687089324,29.0000004321337,5.91187481802991));
#3351=CARTESIAN_POINT('',(21.6219687089324,29.0000004321337,6.01187481802991));
#3352=CARTESIAN_POINT('',(21.6219687089324,26.5459222346544,5.91187481802991));
#3353=CARTESIAN_POINT('',(21.6219687089324,29.0000004321337,5.91187481802991));
#3354=CARTESIAN_POINT('',(21.6219687089324,26.5459222346544,6.01187481802991));
#3355=CARTESIAN_POINT('Origin',(23.8850104436278,26.5459222346544,6.01187481802991));
#3356=CARTESIAN_POINT('',(23.8850104436278,26.5459222346544,6.01187481802991));
#3357=CARTESIAN_POINT('',(21.6219687089324,26.5459222346544,6.01187481802991));
#3358=CARTESIAN_POINT('',(23.8850104436278,26.5459222346544,5.91187481802991));
#3359=CARTESIAN_POINT('',(21.6219687089324,26.5459222346544,5.91187481802991));
#3360=CARTESIAN_POINT('',(23.8850104436278,26.5459222346544,6.01187481802991));
#3361=CARTESIAN_POINT('Origin',(23.8850104436278,19.0146953612566,6.01187481802991));
#3362=CARTESIAN_POINT('',(23.8850104436278,19.0146953612566,6.01187481802991));
#3363=CARTESIAN_POINT('',(23.8850104436278,26.5459222346544,6.01187481802991));
#3364=CARTESIAN_POINT('',(23.8850104436278,19.0146953612566,5.91187481802991));
#3365=CARTESIAN_POINT('',(23.8850104436278,26.5459222346544,5.91187481802991));
#3366=CARTESIAN_POINT('',(23.8850104436278,19.0146953612566,6.01187481802991));
#3367=CARTESIAN_POINT('Origin',(26.3390886411071,19.0146953612566,6.01187481802991));
#3368=CARTESIAN_POINT('',(26.3390886411071,19.0146953612566,6.01187481802991));
#3369=CARTESIAN_POINT('',(23.8850104436278,19.0146953612566,6.01187481802991));
#3370=CARTESIAN_POINT('',(26.3390886411071,19.0146953612566,5.91187481802991));
#3371=CARTESIAN_POINT('',(23.8850104436278,19.0146953612566,5.91187481802991));
#3372=CARTESIAN_POINT('',(26.3390886411071,19.0146953612566,6.01187481802991));
#3373=CARTESIAN_POINT('Origin',(26.3390886411071,29.0000004321337,6.01187481802991));
#3374=CARTESIAN_POINT('',(26.3390886411071,29.0000004321337,6.01187481802991));
#3375=CARTESIAN_POINT('Ctrl Pts',(26.3390886411071,19.0146953612566,6.01187481802991));
#3376=CARTESIAN_POINT('Ctrl Pts',(26.3390886411071,19.8468040178219,6.01187481802991));
#3377=CARTESIAN_POINT('Ctrl Pts',(26.3390886411071,23.1752390414476,6.01187481802991));
#3378=CARTESIAN_POINT('Ctrl Pts',(26.3390886411071,26.5036740650733,6.01187481802991));
#3379=CARTESIAN_POINT('Ctrl Pts',(26.3390886411071,29.0000004321337,6.01187481802991));
#3380=CARTESIAN_POINT('',(26.3390886411071,29.0000004321337,5.91187481802991));
#3381=CARTESIAN_POINT('Ctrl Pts',(26.3390886411071,29.0000004321337,5.91187481802991));
#3382=CARTESIAN_POINT('Ctrl Pts',(26.3390886411071,26.5036740650733,5.91187481802991));
#3383=CARTESIAN_POINT('Ctrl Pts',(26.3390886411071,23.1752390414476,5.91187481802991));
#3384=CARTESIAN_POINT('Ctrl Pts',(26.3390886411071,19.8468040178219,5.91187481802991));
#3385=CARTESIAN_POINT('Ctrl Pts',(26.3390886411071,19.0146953612566,5.91187481802991));
#3386=CARTESIAN_POINT('',(26.3390886411071,29.0000004321337,6.01187481802991));
#3387=CARTESIAN_POINT('Origin',(21.6219687089324,29.0000004321337,6.01187481802991));
#3388=CARTESIAN_POINT('',(26.3390886411071,29.0000004321337,6.01187481802991));
#3389=CARTESIAN_POINT('',(26.3390886411071,29.0000004321337,5.91187481802991));
#3390=CARTESIAN_POINT('Origin',(16.9195443764329,24.0073478966951,6.01187481802991));
#3391=CARTESIAN_POINT('Origin',(16.9195443764329,24.0073478966951,5.91187481802991));
#3392=CARTESIAN_POINT('Origin',(15.0312268361449,26.5459222346544,6.01187481802991));
#3393=CARTESIAN_POINT('',(15.0312268361449,26.5459222346544,6.01187481802991));
#3394=CARTESIAN_POINT('',(9.95407816022635,26.5459222346544,6.01187481802991));
#3395=CARTESIAN_POINT('',(15.0312268361449,26.5459222346544,6.01187481802991));
#3396=CARTESIAN_POINT('',(9.95407816022635,26.5459222346544,5.91187481802991));
#3397=CARTESIAN_POINT('',(9.95407816022635,26.5459222346544,6.01187481802991));
#3398=CARTESIAN_POINT('',(15.0312268361449,26.5459222346544,5.91187481802991));
#3399=CARTESIAN_POINT('',(15.0312268361449,26.5459222346544,5.91187481802991));
#3400=CARTESIAN_POINT('',(15.0312268361449,26.5459222346544,6.01187481802991));
#3401=CARTESIAN_POINT('Origin',(15.0312268361449,23.2542247325182,6.01187481802991));
#3402=CARTESIAN_POINT('',(15.0312268361449,23.2542247325182,6.01187481802991));
#3403=CARTESIAN_POINT('',(15.0312268361449,23.2542247325182,6.01187481802991));
#3404=CARTESIAN_POINT('',(15.0312268361449,23.2542247325182,5.91187481802991));
#3405=CARTESIAN_POINT('',(15.0312268361449,23.2542247325182,5.91187481802991));
#3406=CARTESIAN_POINT('',(15.0312268361449,23.2542247325182,6.01187481802991));
#3407=CARTESIAN_POINT('Origin',(9.95407816022635,23.2542247325182,6.01187481802991));
#3408=CARTESIAN_POINT('',(9.95407816022635,23.2542247325182,6.01187481802991));
#3409=CARTESIAN_POINT('',(9.95407816022635,23.2542247325182,6.01187481802991));
#3410=CARTESIAN_POINT('',(9.95407816022635,23.2542247325182,5.91187481802991));
#3411=CARTESIAN_POINT('',(9.95407816022635,23.2542247325182,5.91187481802991));
#3412=CARTESIAN_POINT('',(9.95407816022635,23.2542247325182,6.01187481802991));
#3413=CARTESIAN_POINT('Origin',(9.95407816022635,26.5459222346544,6.01187481802991));
#3414=CARTESIAN_POINT('',(9.95407816022635,26.5459222346544,6.01187481802991));
#3415=CARTESIAN_POINT('',(9.95407816022635,26.5459222346544,5.91187481802991));
#3416=CARTESIAN_POINT('Origin',(16.2215280160308,19.0146953612566,6.01187481802991));
#3417=CARTESIAN_POINT('',(16.2215280160308,19.0146953612566,6.01187481802991));
#3418=CARTESIAN_POINT('',(13.5249816998839,19.0146953612566,6.01187481802991));
#3419=CARTESIAN_POINT('',(16.2215280160308,19.0146953612566,6.01187481802991));
#3420=CARTESIAN_POINT('',(13.5249816998839,19.0146953612566,5.91187481802991));
#3421=CARTESIAN_POINT('',(13.5249816998839,19.0146953612566,6.01187481802991));
#3422=CARTESIAN_POINT('',(16.2215280160308,19.0146953612566,5.91187481802991));
#3423=CARTESIAN_POINT('',(16.2215280160308,19.0146953612566,5.91187481802991));
#3424=CARTESIAN_POINT('',(16.2215280160308,19.0146953612566,6.01187481802991));
#3425=CARTESIAN_POINT('Origin',(14.9504041299224,21.0793537646532,6.01187481802991));
#3426=CARTESIAN_POINT('',(14.9504041299224,21.0793537646532,6.01187481802991));
#3427=CARTESIAN_POINT('',(14.9504041299224,21.0793537646532,6.01187481802991));
#3428=CARTESIAN_POINT('',(14.9504041299224,21.0793537646532,5.91187481802991));
#3429=CARTESIAN_POINT('',(14.9504041299224,21.0793537646532,5.91187481802991));
#3430=CARTESIAN_POINT('',(14.9504041299224,21.0793537646532,6.01187481802991));
#3431=CARTESIAN_POINT('Origin',(17.4853050336242,21.0793537646532,6.01187481802991));
#3432=CARTESIAN_POINT('',(17.4853050336242,21.0793537646532,6.01187481802991));
#3433=CARTESIAN_POINT('',(17.4853050336242,21.0793537646532,6.01187481802991));
#3434=CARTESIAN_POINT('',(17.4853050336242,21.0793537646532,5.91187481802991));
#3435=CARTESIAN_POINT('',(17.4853050336242,21.0793537646532,5.91187481802991));
#3436=CARTESIAN_POINT('',(17.4853050336242,21.0793537646532,6.01187481802991));
#3437=CARTESIAN_POINT('Origin',(17.4853050336242,29.0000004321337,6.01187481802991));
#3438=CARTESIAN_POINT('',(17.4853050336242,29.0000004321337,6.01187481802991));
#3439=CARTESIAN_POINT('',(17.4853050336242,29.0000004321337,6.01187481802991));
#3440=CARTESIAN_POINT('',(17.4853050336242,29.0000004321337,5.91187481802991));
#3441=CARTESIAN_POINT('',(17.4853050336242,29.0000004321337,5.91187481802991));
#3442=CARTESIAN_POINT('',(17.4853050336242,29.0000004321337,6.01187481802991));
#3443=CARTESIAN_POINT('Origin',(7.50000011175871,29.0000004321337,6.01187481802991));
#3444=CARTESIAN_POINT('',(7.50000011175871,29.0000004321337,6.01187481802991));
#3445=CARTESIAN_POINT('',(7.50000011175871,29.0000004321337,6.01187481802991));
#3446=CARTESIAN_POINT('',(7.50000011175871,29.0000004321337,5.91187481802991));
#3447=CARTESIAN_POINT('',(7.50000011175871,29.0000004321337,5.91187481802991));
#3448=CARTESIAN_POINT('',(7.50000011175871,29.0000004321337,6.01187481802991));
#3449=CARTESIAN_POINT('Origin',(7.50000011175871,19.0146953612566,6.01187481802991));
#3450=CARTESIAN_POINT('',(7.50000011175871,19.0146953612566,6.01187481802991));
#3451=CARTESIAN_POINT('',(7.50000011175871,19.0146953612566,6.01187481802991));
#3452=CARTESIAN_POINT('',(7.50000011175871,19.0146953612566,5.91187481802991));
#3453=CARTESIAN_POINT('',(7.50000011175871,19.0146953612566,5.91187481802991));
#3454=CARTESIAN_POINT('',(7.50000011175871,19.0146953612566,6.01187481802991));
#3455=CARTESIAN_POINT('Origin',(9.95407816022635,19.0146953612566,6.01187481802991));
#3456=CARTESIAN_POINT('',(9.95407816022635,19.0146953612566,6.01187481802991));
#3457=CARTESIAN_POINT('',(9.95407816022635,19.0146953612566,6.01187481802991));
#3458=CARTESIAN_POINT('',(9.95407816022635,19.0146953612566,5.91187481802991));
#3459=CARTESIAN_POINT('',(9.95407816022635,19.0146953612566,5.91187481802991));
#3460=CARTESIAN_POINT('',(9.95407816022635,19.0146953612566,6.01187481802991));
#3461=CARTESIAN_POINT('Origin',(9.95407816022635,21.0793537646532,6.01187481802991));
#3462=CARTESIAN_POINT('',(9.95407816022635,21.0793537646532,6.01187481802991));
#3463=CARTESIAN_POINT('',(9.95407816022635,21.0793537646532,6.01187481802991));
#3464=CARTESIAN_POINT('',(9.95407816022635,21.0793537646532,5.91187481802991));
#3465=CARTESIAN_POINT('',(9.95407816022635,21.0793537646532,5.91187481802991));
#3466=CARTESIAN_POINT('',(9.95407816022635,21.0793537646532,6.01187481802991));
#3467=CARTESIAN_POINT('Origin',(12.261205278337,21.0793537646532,6.01187481802991));
#3468=CARTESIAN_POINT('',(12.261205278337,21.0793537646532,6.01187481802991));
#3469=CARTESIAN_POINT('',(12.261205278337,21.0793537646532,6.01187481802991));
#3470=CARTESIAN_POINT('',(12.261205278337,21.0793537646532,5.91187481802991));
#3471=CARTESIAN_POINT('',(12.261205278337,21.0793537646532,5.91187481802991));
#3472=CARTESIAN_POINT('',(12.261205278337,21.0793537646532,6.01187481802991));
#3473=CARTESIAN_POINT('Origin',(13.5249816998839,19.0146953612566,6.01187481802991));
#3474=CARTESIAN_POINT('',(13.5249816998839,19.0146953612566,6.01187481802991));
#3475=CARTESIAN_POINT('',(13.5249816998839,19.0146953612566,5.91187481802991));
#3476=CARTESIAN_POINT('Origin',(16.9195443764329,24.0073478966951,6.01187481802991));
#3477=CARTESIAN_POINT('Origin',(16.9195443764329,24.0073478966951,5.91187481802991));
#3478=CARTESIAN_POINT('',(0.,0.,-1.11022302462516E-16));
#3479=UNCERTAINTY_MEASURE_WITH_UNIT(LENGTH_MEASURE(0.01),#3485,
'DISTANCE_ACCURACY_VALUE',
'Maximum model space distance between geometric entities at asserted c
onnectivities');
#3480=UNCERTAINTY_MEASURE_WITH_UNIT(LENGTH_MEASURE(0.01),#3485,
'DISTANCE_ACCURACY_VALUE',
'Maximum model space distance between geometric entities at asserted c
onnectivities');
#3481=UNCERTAINTY_MEASURE_WITH_UNIT(LENGTH_MEASURE(0.01),#3485,
'DISTANCE_ACCURACY_VALUE',
'Maximum model space distance between geometric entities at asserted c
onnectivities');
#3482=(
GEOMETRIC_REPRESENTATION_CONTEXT(3)
GLOBAL_UNCERTAINTY_ASSIGNED_CONTEXT((#3479))
GLOBAL_UNIT_ASSIGNED_CONTEXT((#3485,#3487,#3488))
REPRESENTATION_CONTEXT('','3D')
);
#3483=(
GEOMETRIC_REPRESENTATION_CONTEXT(3)
GLOBAL_UNCERTAINTY_ASSIGNED_CONTEXT((#3480))
GLOBAL_UNIT_ASSIGNED_CONTEXT((#3485,#3487,#3488))
REPRESENTATION_CONTEXT('','3D')
);
#3484=(
GEOMETRIC_REPRESENTATION_CONTEXT(3)
GLOBAL_UNCERTAINTY_ASSIGNED_CONTEXT((#3481))
GLOBAL_UNIT_ASSIGNED_CONTEXT((#3485,#3487,#3488))
REPRESENTATION_CONTEXT('','3D')
);
#3485=(
LENGTH_UNIT()
NAMED_UNIT(*)
SI_UNIT(.MILLI.,.METRE.)
);
#3486=(
LENGTH_UNIT()
NAMED_UNIT(*)
SI_UNIT($,.METRE.)
);
#3487=(
NAMED_UNIT(*)
PLANE_ANGLE_UNIT()
SI_UNIT($,.RADIAN.)
);
#3488=(
NAMED_UNIT(*)
SI_UNIT($,.STERADIAN.)
SOLID_ANGLE_UNIT()
);
#3489=SHAPE_DEFINITION_REPRESENTATION(#3491,#3494);
#3490=SHAPE_DEFINITION_REPRESENTATION(#3492,#3495);
#3491=PRODUCT_DEFINITION_SHAPE('',$,#3497);
#3492=PRODUCT_DEFINITION_SHAPE('',$,#3498);
#3493=PRODUCT_DEFINITION_SHAPE($,$,#14);
#3494=SHAPE_REPRESENTATION('',(#2117,#2286),#3482);
#3495=SHAPE_REPRESENTATION('',(#2118),#3483);
#3496=PRODUCT_DEFINITION_CONTEXT('part definition',#3504,'design');
#3497=PRODUCT_DEFINITION('track','track v17',#3499,#3496);
#3498=PRODUCT_DEFINITION('Cover','Cover',#3500,#3496);
#3499=PRODUCT_DEFINITION_FORMATION('',$,#3506);
#3500=PRODUCT_DEFINITION_FORMATION('',$,#3507);
#3501=PRODUCT_RELATED_PRODUCT_CATEGORY('track v17','track v17',(#3506));
#3502=PRODUCT_RELATED_PRODUCT_CATEGORY('Cover','Cover',(#3507));
#3503=APPLICATION_PROTOCOL_DEFINITION('international standard',
'automotive_design',2009,#3504);
#3504=APPLICATION_CONTEXT(
'Core Data for Automotive Mechanical Design Process');
#3505=PRODUCT_CONTEXT('part definition',#3504,'mechanical');
#3506=PRODUCT('track','track v17',$,(#3505));
#3507=PRODUCT('Cover','Cover',$,(#3505));
#3508=PRESENTATION_STYLE_ASSIGNMENT((#3511));
#3509=PRESENTATION_STYLE_ASSIGNMENT((#3512));
#3510=PRESENTATION_STYLE_ASSIGNMENT((#3513));
#3511=SURFACE_STYLE_USAGE(.BOTH.,#3514);
#3512=SURFACE_STYLE_USAGE(.BOTH.,#3515);
#3513=SURFACE_STYLE_USAGE(.BOTH.,#3516);
#3514=SURFACE_SIDE_STYLE('',(#3517));
#3515=SURFACE_SIDE_STYLE('',(#3518));
#3516=SURFACE_SIDE_STYLE('',(#3519));
#3517=SURFACE_STYLE_FILL_AREA(#3520);
#3518=SURFACE_STYLE_FILL_AREA(#3521);
#3519=SURFACE_STYLE_FILL_AREA(#3522);
#3520=FILL_AREA_STYLE('Steel - Satin',(#3523));
#3521=FILL_AREA_STYLE('ABS (White)',(#3524));
#3522=FILL_AREA_STYLE('ABS (White)',(#3525));
#3523=FILL_AREA_STYLE_COLOUR('Steel - Satin',#3526);
#3524=FILL_AREA_STYLE_COLOUR('ABS (White)',#3527);
#3525=FILL_AREA_STYLE_COLOUR('ABS (White)',#3528);
#3526=COLOUR_RGB('Steel - Satin',0.627450980392157,0.627450980392157,0.627450980392157);
#3527=COLOUR_RGB('ABS (White)',0.988235294117647,0.,0.);
#3528=COLOUR_RGB('ABS (White)',0.964705882352941,0.964705882352941,0.952941176470588);
ENDSEC;
END-ISO-10303-21;
