ISO-10303-21;
HEADER;
/* Generated by software containing ST-Developer
 * from STEP Tools, Inc. (www.steptools.com) 
 */

FILE_DESCRIPTION(
/* description */ (''),
/* implementation_level */ '2;1');

FILE_NAME(
/* name */ 'caseRF.step',
/* time_stamp */ '2026-09-24T04:54:05+05:00',
/* author */ (''),
/* organization */ (''),
/* preprocessor_version */ 'ST-DEVELOPER v20.2',
/* originating_system */ 'Autodesk Translation Framework v15.15.0.0',
/* authorisation */ '');

FILE_SCHEMA (('AUTOMOTIVE_DESIGN { 1 0 10303 214 3 1 1 }'));
ENDSEC;

DATA;
#10=MECHANICAL_DESIGN_GEOMETRIC_PRESENTATION_REPRESENTATION('',(#19,#20,
#21),#3612);
#11=ITEM_DEFINED_TRANSFORMATION($,$,#2204,#2376);
#12=(
REPRESENTATION_RELATIONSHIP($,$,#3623,#3622)
REPRESENTATION_RELATIONSHIP_WITH_TRANSFORMATION(#11)
SHAPE_REPRESENTATION_RELATIONSHIP()
);
#13=CONTEXT_DEPENDENT_SHAPE_REPRESENTATION(#12,#3621);
#14=NEXT_ASSEMBLY_USAGE_OCCURRENCE('Cover:1','Cover:1','Cover:1',#3625,
#3626,'Cover:1');
#15=SHAPE_REPRESENTATION_RELATIONSHIP('SRR','None',#3623,#17);
#16=SHAPE_REPRESENTATION_RELATIONSHIP('SRR','None',#3622,#18);
#17=ADVANCED_BREP_SHAPE_REPRESENTATION('',(#22),#3611);
#18=ADVANCED_BREP_SHAPE_REPRESENTATION('',(#23,#24),#3610);
#19=STYLED_ITEM('',(#3638),#22);
#20=STYLED_ITEM('',(#3637),#23);
#21=STYLED_ITEM('',(#3637),#24);
#22=MANIFOLD_SOLID_BREP('Cover',#2188);
#23=MANIFOLD_SOLID_BREP('R (2)',#2189);
#24=MANIFOLD_SOLID_BREP('F (1)',#2190);
#25=CONICAL_SURFACE('',#2308,1.67873815390345,0.785398163397447);
#26=CONICAL_SURFACE('',#2311,1.67873815390345,0.785398163397448);
#27=CONICAL_SURFACE('',#2314,0.97,0.785398163397448);
#28=CONICAL_SURFACE('',#2317,0.970000000000001,0.785398163397447);
#29=CYLINDRICAL_SURFACE('',#2226,2.);
#30=CYLINDRICAL_SURFACE('',#2246,2.);
#31=CYLINDRICAL_SURFACE('',#2277,2.50000000000001);
#32=CYLINDRICAL_SURFACE('',#2296,2.5);
#33=CYLINDRICAL_SURFACE('',#2322,1.52873815390345);
#34=CYLINDRICAL_SURFACE('',#2324,1.52873815390345);
#35=CYLINDRICAL_SURFACE('',#2332,1.02999998793006);
#36=CYLINDRICAL_SURFACE('',#2335,1.02999998793006);
#37=CYLINDRICAL_SURFACE('',#2345,1.12);
#38=CYLINDRICAL_SURFACE('',#2346,1.12);
#39=FACE_BOUND('',#225,.T.);
#40=FACE_BOUND('',#226,.T.);
#41=FACE_BOUND('',#244,.T.);
#42=FACE_BOUND('',#300,.T.);
#43=FACE_BOUND('',#322,.T.);
#44=FACE_BOUND('',#324,.T.);
#45=CIRCLE('',#2213,2.);
#46=CIRCLE('',#2216,2.);
#47=CIRCLE('',#2217,2.5);
#48=CIRCLE('',#2218,2.50000000000001);
#49=CIRCLE('',#2219,2.);
#50=CIRCLE('',#2220,1.52873815390345);
#51=CIRCLE('',#2221,1.52873815390345);
#52=CIRCLE('',#2227,2.);
#53=CIRCLE('',#2228,2.);
#54=CIRCLE('',#2231,2.);
#55=CIRCLE('',#2232,2.);
#56=CIRCLE('',#2235,2.);
#57=CIRCLE('',#2244,2.50000000000001);
#58=CIRCLE('',#2247,2.);
#59=CIRCLE('',#2248,2.);
#60=CIRCLE('',#2250,2.);
#61=CIRCLE('',#2251,2.);
#62=CIRCLE('',#2258,2.50000000000001);
#63=CIRCLE('',#2259,2.5);
#64=CIRCLE('',#2260,1.82873815390345);
#65=CIRCLE('',#2261,1.82873815390345);
#66=CIRCLE('',#2262,0.820000000000001);
#67=CIRCLE('',#2263,0.82);
#68=CIRCLE('',#2265,2.5);
#69=CIRCLE('',#2276,2.50000000000001);
#70=CIRCLE('',#2278,2.50000000000001);
#71=CIRCLE('',#2279,2.50000000000001);
#72=CIRCLE('',#2283,2.5);
#73=CIRCLE('',#2285,2.5);
#74=CIRCLE('',#2295,2.5);
#75=CIRCLE('',#2309,1.52873815390345);
#76=CIRCLE('',#2312,1.52873815390345);
#77=CIRCLE('',#2315,1.12);
#78=CIRCLE('',#2318,1.12);
#79=CIRCLE('',#2328,1.02999998793006);
#80=CIRCLE('',#2329,1.02999998793006);
#81=CIRCLE('',#2333,1.02999998793006);
#82=CIRCLE('',#2336,1.02999998793006);
#83=CIRCLE('',#2340,1.12);
#84=CIRCLE('',#2341,1.12);
#85=ELLIPSE('',#2211,2.82842712474619,2.);
#86=ELLIPSE('',#2229,2.82842712474619,2.);
#87=ELLIPSE('',#2230,2.82842923209253,2.);
#88=ELLIPSE('',#2233,2.82840157373687,2.);
#89=ELLIPSE('',#2234,2.82842601839161,2.);
#90=ELLIPSE('',#2238,3.53550196717111,2.50000000000001);
#91=ELLIPSE('',#2249,2.82842923209253,2.);
#92=ELLIPSE('',#2252,2.82842601839161,2.);
#93=ELLIPSE('',#2253,2.82843691076872,2.);
#94=ELLIPSE('',#2255,3.53553252298951,2.5);
#95=ELLIPSE('',#2269,3.53553252298953,2.50000000000001);
#96=ELLIPSE('',#2272,3.5355461384609,2.5);
#97=ELLIPSE('',#2280,3.53554869259581,2.50000000000001);
#98=ELLIPSE('',#2281,3.53553390593274,2.50000000000001);
#99=ELLIPSE('',#2289,3.5355486925958,2.5);
#100=ELLIPSE('',#2291,3.53553390593273,2.5);
#101=FACE_OUTER_BOUND('',#216,.T.);
#102=FACE_OUTER_BOUND('',#217,.T.);
#103=FACE_OUTER_BOUND('',#218,.T.);
#104=FACE_OUTER_BOUND('',#219,.T.);
#105=FACE_OUTER_BOUND('',#220,.T.);
#106=FACE_OUTER_BOUND('',#221,.T.);
#107=FACE_OUTER_BOUND('',#222,.T.);
#108=FACE_OUTER_BOUND('',#223,.T.);
#109=FACE_OUTER_BOUND('',#224,.T.);
#110=FACE_OUTER_BOUND('',#227,.T.);
#111=FACE_OUTER_BOUND('',#228,.T.);
#112=FACE_OUTER_BOUND('',#229,.T.);
#113=FACE_OUTER_BOUND('',#230,.T.);
#114=FACE_OUTER_BOUND('',#231,.T.);
#115=FACE_OUTER_BOUND('',#232,.T.);
#116=FACE_OUTER_BOUND('',#233,.T.);
#117=FACE_OUTER_BOUND('',#234,.T.);
#118=FACE_OUTER_BOUND('',#235,.T.);
#119=FACE_OUTER_BOUND('',#236,.T.);
#120=FACE_OUTER_BOUND('',#237,.T.);
#121=FACE_OUTER_BOUND('',#238,.T.);
#122=FACE_OUTER_BOUND('',#239,.T.);
#123=FACE_OUTER_BOUND('',#240,.T.);
#124=FACE_OUTER_BOUND('',#241,.T.);
#125=FACE_OUTER_BOUND('',#242,.T.);
#126=FACE_OUTER_BOUND('',#243,.T.);
#127=FACE_OUTER_BOUND('',#245,.T.);
#128=FACE_OUTER_BOUND('',#246,.T.);
#129=FACE_OUTER_BOUND('',#247,.T.);
#130=FACE_OUTER_BOUND('',#248,.T.);
#131=FACE_OUTER_BOUND('',#249,.T.);
#132=FACE_OUTER_BOUND('',#250,.T.);
#133=FACE_OUTER_BOUND('',#251,.T.);
#134=FACE_OUTER_BOUND('',#252,.T.);
#135=FACE_OUTER_BOUND('',#253,.T.);
#136=FACE_OUTER_BOUND('',#254,.T.);
#137=FACE_OUTER_BOUND('',#255,.T.);
#138=FACE_OUTER_BOUND('',#256,.T.);
#139=FACE_OUTER_BOUND('',#257,.T.);
#140=FACE_OUTER_BOUND('',#258,.T.);
#141=FACE_OUTER_BOUND('',#259,.T.);
#142=FACE_OUTER_BOUND('',#260,.T.);
#143=FACE_OUTER_BOUND('',#261,.T.);
#144=FACE_OUTER_BOUND('',#262,.T.);
#145=FACE_OUTER_BOUND('',#263,.T.);
#146=FACE_OUTER_BOUND('',#264,.T.);
#147=FACE_OUTER_BOUND('',#265,.T.);
#148=FACE_OUTER_BOUND('',#266,.T.);
#149=FACE_OUTER_BOUND('',#267,.T.);
#150=FACE_OUTER_BOUND('',#268,.T.);
#151=FACE_OUTER_BOUND('',#269,.T.);
#152=FACE_OUTER_BOUND('',#270,.T.);
#153=FACE_OUTER_BOUND('',#271,.T.);
#154=FACE_OUTER_BOUND('',#272,.T.);
#155=FACE_OUTER_BOUND('',#273,.T.);
#156=FACE_OUTER_BOUND('',#274,.T.);
#157=FACE_OUTER_BOUND('',#275,.T.);
#158=FACE_OUTER_BOUND('',#276,.T.);
#159=FACE_OUTER_BOUND('',#277,.T.);
#160=FACE_OUTER_BOUND('',#278,.T.);
#161=FACE_OUTER_BOUND('',#279,.T.);
#162=FACE_OUTER_BOUND('',#280,.T.);
#163=FACE_OUTER_BOUND('',#281,.T.);
#164=FACE_OUTER_BOUND('',#282,.T.);
#165=FACE_OUTER_BOUND('',#283,.T.);
#166=FACE_OUTER_BOUND('',#284,.T.);
#167=FACE_OUTER_BOUND('',#285,.T.);
#168=FACE_OUTER_BOUND('',#286,.T.);
#169=FACE_OUTER_BOUND('',#287,.T.);
#170=FACE_OUTER_BOUND('',#288,.T.);
#171=FACE_OUTER_BOUND('',#289,.T.);
#172=FACE_OUTER_BOUND('',#290,.T.);
#173=FACE_OUTER_BOUND('',#291,.T.);
#174=FACE_OUTER_BOUND('',#292,.T.);
#175=FACE_OUTER_BOUND('',#293,.T.);
#176=FACE_OUTER_BOUND('',#294,.T.);
#177=FACE_OUTER_BOUND('',#295,.T.);
#178=FACE_OUTER_BOUND('',#296,.T.);
#179=FACE_OUTER_BOUND('',#297,.T.);
#180=FACE_OUTER_BOUND('',#298,.T.);
#181=FACE_OUTER_BOUND('',#299,.T.);
#182=FACE_OUTER_BOUND('',#301,.T.);
#183=FACE_OUTER_BOUND('',#302,.T.);
#184=FACE_OUTER_BOUND('',#303,.T.);
#185=FACE_OUTER_BOUND('',#304,.T.);
#186=FACE_OUTER_BOUND('',#305,.T.);
#187=FACE_OUTER_BOUND('',#306,.T.);
#188=FACE_OUTER_BOUND('',#307,.T.);
#189=FACE_OUTER_BOUND('',#308,.T.);
#190=FACE_OUTER_BOUND('',#309,.T.);
#191=FACE_OUTER_BOUND('',#310,.T.);
#192=FACE_OUTER_BOUND('',#311,.T.);
#193=FACE_OUTER_BOUND('',#312,.T.);
#194=FACE_OUTER_BOUND('',#313,.T.);
#195=FACE_OUTER_BOUND('',#314,.T.);
#196=FACE_OUTER_BOUND('',#315,.T.);
#197=FACE_OUTER_BOUND('',#316,.T.);
#198=FACE_OUTER_BOUND('',#317,.T.);
#199=FACE_OUTER_BOUND('',#318,.T.);
#200=FACE_OUTER_BOUND('',#319,.T.);
#201=FACE_OUTER_BOUND('',#320,.T.);
#202=FACE_OUTER_BOUND('',#321,.T.);
#203=FACE_OUTER_BOUND('',#323,.T.);
#204=FACE_OUTER_BOUND('',#325,.T.);
#205=FACE_OUTER_BOUND('',#326,.T.);
#206=FACE_OUTER_BOUND('',#327,.T.);
#207=FACE_OUTER_BOUND('',#328,.T.);
#208=FACE_OUTER_BOUND('',#329,.T.);
#209=FACE_OUTER_BOUND('',#330,.T.);
#210=FACE_OUTER_BOUND('',#331,.T.);
#211=FACE_OUTER_BOUND('',#332,.T.);
#212=FACE_OUTER_BOUND('',#333,.T.);
#213=FACE_OUTER_BOUND('',#334,.T.);
#214=FACE_OUTER_BOUND('',#335,.T.);
#215=FACE_OUTER_BOUND('',#336,.T.);
#216=EDGE_LOOP('',(#1354,#1355,#1356,#1357,#1358,#1359));
#217=EDGE_LOOP('',(#1360,#1361,#1362,#1363));
#218=EDGE_LOOP('',(#1364,#1365,#1366,#1367));
#219=EDGE_LOOP('',(#1368,#1369,#1370,#1371));
#220=EDGE_LOOP('',(#1372,#1373,#1374,#1375,#1376,#1377));
#221=EDGE_LOOP('',(#1378,#1379,#1380,#1381));
#222=EDGE_LOOP('',(#1382,#1383,#1384,#1385));
#223=EDGE_LOOP('',(#1386,#1387,#1388,#1389,#1390,#1391,#1392,#1393,#1394,
#1395,#1396,#1397,#1398,#1399,#1400,#1401));
#224=EDGE_LOOP('',(#1402,#1403,#1404,#1405,#1406,#1407,#1408,#1409,#1410,
#1411,#1412,#1413));
#225=EDGE_LOOP('',(#1414,#1415,#1416,#1417,#1418,#1419));
#226=EDGE_LOOP('',(#1420,#1421,#1422,#1423,#1424,#1425));
#227=EDGE_LOOP('',(#1426,#1427,#1428,#1429));
#228=EDGE_LOOP('',(#1430,#1431,#1432,#1433));
#229=EDGE_LOOP('',(#1434,#1435,#1436,#1437));
#230=EDGE_LOOP('',(#1438,#1439,#1440,#1441));
#231=EDGE_LOOP('',(#1442,#1443,#1444,#1445,#1446,#1447,#1448,#1449,#1450,
#1451,#1452,#1453,#1454,#1455,#1456,#1457));
#232=EDGE_LOOP('',(#1458,#1459,#1460,#1461));
#233=EDGE_LOOP('',(#1462,#1463,#1464,#1465));
#234=EDGE_LOOP('',(#1466,#1467,#1468,#1469));
#235=EDGE_LOOP('',(#1470,#1471,#1472,#1473));
#236=EDGE_LOOP('',(#1474,#1475,#1476,#1477));
#237=EDGE_LOOP('',(#1478,#1479,#1480,#1481));
#238=EDGE_LOOP('',(#1482,#1483,#1484,#1485));
#239=EDGE_LOOP('',(#1486,#1487,#1488,#1489));
#240=EDGE_LOOP('',(#1490,#1491,#1492,#1493,#1494,#1495,#1496,#1497,#1498,
#1499,#1500,#1501,#1502,#1503,#1504,#1505));
#241=EDGE_LOOP('',(#1506,#1507,#1508,#1509));
#242=EDGE_LOOP('',(#1510,#1511,#1512,#1513));
#243=EDGE_LOOP('',(#1514,#1515,#1516,#1517,#1518,#1519,#1520,#1521));
#244=EDGE_LOOP('',(#1522,#1523,#1524,#1525,#1526,#1527,#1528,#1529,#1530,
#1531,#1532,#1533));
#245=EDGE_LOOP('',(#1534,#1535,#1536,#1537));
#246=EDGE_LOOP('',(#1538,#1539,#1540,#1541));
#247=EDGE_LOOP('',(#1542,#1543,#1544,#1545));
#248=EDGE_LOOP('',(#1546,#1547,#1548,#1549));
#249=EDGE_LOOP('',(#1550,#1551,#1552,#1553));
#250=EDGE_LOOP('',(#1554,#1555,#1556,#1557));
#251=EDGE_LOOP('',(#1558,#1559,#1560,#1561));
#252=EDGE_LOOP('',(#1562,#1563,#1564,#1565));
#253=EDGE_LOOP('',(#1566,#1567,#1568,#1569));
#254=EDGE_LOOP('',(#1570,#1571,#1572,#1573,#1574,#1575,#1576,#1577,#1578,
#1579,#1580,#1581,#1582,#1583,#1584,#1585));
#255=EDGE_LOOP('',(#1586,#1587,#1588,#1589));
#256=EDGE_LOOP('',(#1590,#1591,#1592,#1593));
#257=EDGE_LOOP('',(#1594,#1595,#1596,#1597));
#258=EDGE_LOOP('',(#1598,#1599,#1600,#1601));
#259=EDGE_LOOP('',(#1602,#1603,#1604,#1605));
#260=EDGE_LOOP('',(#1606,#1607,#1608,#1609));
#261=EDGE_LOOP('',(#1610,#1611,#1612,#1613));
#262=EDGE_LOOP('',(#1614,#1615,#1616,#1617));
#263=EDGE_LOOP('',(#1618,#1619,#1620,#1621));
#264=EDGE_LOOP('',(#1622,#1623,#1624,#1625,#1626,#1627,#1628,#1629,#1630,
#1631,#1632,#1633,#1634,#1635,#1636,#1637));
#265=EDGE_LOOP('',(#1638,#1639,#1640,#1641));
#266=EDGE_LOOP('',(#1642,#1643,#1644,#1645));
#267=EDGE_LOOP('',(#1646,#1647,#1648,#1649,#1650));
#268=EDGE_LOOP('',(#1651,#1652,#1653,#1654));
#269=EDGE_LOOP('',(#1655,#1656,#1657,#1658,#1659));
#270=EDGE_LOOP('',(#1660,#1661,#1662,#1663,#1664,#1665));
#271=EDGE_LOOP('',(#1666,#1667,#1668,#1669));
#272=EDGE_LOOP('',(#1670,#1671,#1672,#1673,#1674,#1675,#1676,#1677));
#273=EDGE_LOOP('',(#1678,#1679,#1680,#1681));
#274=EDGE_LOOP('',(#1682,#1683,#1684,#1685));
#275=EDGE_LOOP('',(#1686,#1687,#1688,#1689));
#276=EDGE_LOOP('',(#1690,#1691,#1692,#1693));
#277=EDGE_LOOP('',(#1694,#1695,#1696,#1697));
#278=EDGE_LOOP('',(#1698,#1699,#1700,#1701));
#279=EDGE_LOOP('',(#1702,#1703,#1704,#1705));
#280=EDGE_LOOP('',(#1706,#1707,#1708,#1709));
#281=EDGE_LOOP('',(#1710,#1711,#1712,#1713));
#282=EDGE_LOOP('',(#1714,#1715,#1716,#1717));
#283=EDGE_LOOP('',(#1718,#1719,#1720,#1721));
#284=EDGE_LOOP('',(#1722,#1723,#1724,#1725));
#285=EDGE_LOOP('',(#1726,#1727,#1728,#1729));
#286=EDGE_LOOP('',(#1730,#1731,#1732,#1733));
#287=EDGE_LOOP('',(#1734,#1735,#1736,#1737));
#288=EDGE_LOOP('',(#1738,#1739,#1740,#1741));
#289=EDGE_LOOP('',(#1742,#1743,#1744,#1745));
#290=EDGE_LOOP('',(#1746,#1747,#1748,#1749));
#291=EDGE_LOOP('',(#1750,#1751,#1752,#1753));
#292=EDGE_LOOP('',(#1754,#1755,#1756,#1757,#1758,#1759,#1760,#1761,#1762,
#1763));
#293=EDGE_LOOP('',(#1764,#1765,#1766,#1767,#1768,#1769,#1770,#1771,#1772,
#1773));
#294=EDGE_LOOP('',(#1774,#1775,#1776,#1777));
#295=EDGE_LOOP('',(#1778,#1779,#1780,#1781));
#296=EDGE_LOOP('',(#1782,#1783,#1784,#1785));
#297=EDGE_LOOP('',(#1786,#1787,#1788,#1789));
#298=EDGE_LOOP('',(#1790,#1791,#1792,#1793));
#299=EDGE_LOOP('',(#1794,#1795,#1796,#1797,#1798,#1799));
#300=EDGE_LOOP('',(#1800,#1801,#1802,#1803));
#301=EDGE_LOOP('',(#1804,#1805,#1806,#1807));
#302=EDGE_LOOP('',(#1808,#1809,#1810,#1811));
#303=EDGE_LOOP('',(#1812,#1813,#1814,#1815));
#304=EDGE_LOOP('',(#1816,#1817,#1818,#1819));
#305=EDGE_LOOP('',(#1820,#1821,#1822,#1823));
#306=EDGE_LOOP('',(#1824,#1825,#1826,#1827));
#307=EDGE_LOOP('',(#1828,#1829,#1830,#1831));
#308=EDGE_LOOP('',(#1832,#1833,#1834,#1835));
#309=EDGE_LOOP('',(#1836,#1837,#1838,#1839));
#310=EDGE_LOOP('',(#1840,#1841,#1842,#1843));
#311=EDGE_LOOP('',(#1844,#1845,#1846,#1847));
#312=EDGE_LOOP('',(#1848,#1849,#1850,#1851));
#313=EDGE_LOOP('',(#1852,#1853,#1854,#1855));
#314=EDGE_LOOP('',(#1856,#1857,#1858,#1859));
#315=EDGE_LOOP('',(#1860,#1861,#1862,#1863));
#316=EDGE_LOOP('',(#1864,#1865,#1866,#1867));
#317=EDGE_LOOP('',(#1868,#1869,#1870,#1871));
#318=EDGE_LOOP('',(#1872,#1873,#1874,#1875));
#319=EDGE_LOOP('',(#1876,#1877,#1878,#1879));
#320=EDGE_LOOP('',(#1880,#1881,#1882,#1883));
#321=EDGE_LOOP('',(#1884,#1885,#1886,#1887,#1888,#1889,#1890,#1891,#1892,
#1893));
#322=EDGE_LOOP('',(#1894,#1895,#1896,#1897));
#323=EDGE_LOOP('',(#1898,#1899,#1900,#1901,#1902,#1903,#1904,#1905,#1906,
#1907));
#324=EDGE_LOOP('',(#1908,#1909,#1910,#1911));
#325=EDGE_LOOP('',(#1912,#1913,#1914,#1915));
#326=EDGE_LOOP('',(#1916,#1917,#1918,#1919));
#327=EDGE_LOOP('',(#1920,#1921,#1922,#1923));
#328=EDGE_LOOP('',(#1924,#1925,#1926,#1927));
#329=EDGE_LOOP('',(#1928,#1929,#1930,#1931));
#330=EDGE_LOOP('',(#1932,#1933,#1934,#1935));
#331=EDGE_LOOP('',(#1936,#1937,#1938,#1939));
#332=EDGE_LOOP('',(#1940,#1941,#1942,#1943));
#333=EDGE_LOOP('',(#1944,#1945,#1946,#1947));
#334=EDGE_LOOP('',(#1948,#1949,#1950,#1951));
#335=EDGE_LOOP('',(#1952,#1953,#1954,#1955,#1956,#1957,#1958,#1959,#1960,
#1961));
#336=EDGE_LOOP('',(#1962,#1963,#1964,#1965,#1966,#1967,#1968,#1969,#1970,
#1971));
#337=LINE('',#2983,#590);
#338=LINE('',#2985,#591);
#339=LINE('',#2987,#592);
#340=LINE('',#2989,#593);
#341=LINE('',#2991,#594);
#342=LINE('',#2992,#595);
#343=LINE('',#2995,#596);
#344=LINE('',#2997,#597);
#345=LINE('',#2998,#598);
#346=LINE('',#3001,#599);
#347=LINE('',#3002,#600);
#348=LINE('',#3005,#601);
#349=LINE('',#3006,#602);
#350=LINE('',#3010,#603);
#351=LINE('',#3012,#604);
#352=LINE('',#3014,#605);
#353=LINE('',#3016,#606);
#354=LINE('',#3018,#607);
#355=LINE('',#3019,#608);
#356=LINE('',#3022,#609);
#357=LINE('',#3025,#610);
#358=LINE('',#3028,#611);
#359=LINE('',#3032,#612);
#360=LINE('',#3034,#613);
#361=LINE('',#3036,#614);
#362=LINE('',#3038,#615);
#363=LINE('',#3040,#616);
#364=LINE('',#3042,#617);
#365=LINE('',#3044,#618);
#366=LINE('',#3045,#619);
#367=LINE('',#3047,#620);
#368=LINE('',#3049,#621);
#369=LINE('',#3051,#622);
#370=LINE('',#3052,#623);
#371=LINE('',#3057,#624);
#372=LINE('',#3061,#625);
#373=LINE('',#3065,#626);
#374=LINE('',#3069,#627);
#375=LINE('',#3071,#628);
#376=LINE('',#3073,#629);
#377=LINE('',#3074,#630);
#378=LINE('',#3077,#631);
#379=LINE('',#3079,#632);
#380=LINE('',#3081,#633);
#381=LINE('',#3083,#634);
#382=LINE('',#3085,#635);
#383=LINE('',#3086,#636);
#384=LINE('',#3089,#637);
#385=LINE('',#3093,#638);
#386=LINE('',#3095,#639);
#387=LINE('',#3097,#640);
#388=LINE('',#3101,#641);
#389=LINE('',#3102,#642);
#390=LINE('',#3104,#643);
#391=LINE('',#3108,#644);
#392=LINE('',#3110,#645);
#393=LINE('',#3112,#646);
#394=LINE('',#3113,#647);
#395=LINE('',#3115,#648);
#396=LINE('',#3116,#649);
#397=LINE('',#3125,#650);
#398=LINE('',#3130,#651);
#399=LINE('',#3132,#652);
#400=LINE('',#3138,#653);
#401=LINE('',#3143,#654);
#402=LINE('',#3146,#655);
#403=LINE('',#3148,#656);
#404=LINE('',#3149,#657);
#405=LINE('',#3152,#658);
#406=LINE('',#3156,#659);
#407=LINE('',#3157,#660);
#408=LINE('',#3160,#661);
#409=LINE('',#3161,#662);
#410=LINE('',#3164,#663);
#411=LINE('',#3165,#664);
#412=LINE('',#3168,#665);
#413=LINE('',#3169,#666);
#414=LINE('',#3174,#667);
#415=LINE('',#3175,#668);
#416=LINE('',#3180,#669);
#417=LINE('',#3185,#670);
#418=LINE('',#3189,#671);
#419=LINE('',#3195,#672);
#420=LINE('',#3199,#673);
#421=LINE('',#3202,#674);
#422=LINE('',#3205,#675);
#423=LINE('',#3207,#676);
#424=LINE('',#3208,#677);
#425=LINE('',#3211,#678);
#426=LINE('',#3215,#679);
#427=LINE('',#3221,#680);
#428=LINE('',#3225,#681);
#429=LINE('',#3227,#682);
#430=LINE('',#3229,#683);
#431=LINE('',#3233,#684);
#432=LINE('',#3237,#685);
#433=LINE('',#3239,#686);
#434=LINE('',#3240,#687);
#435=LINE('',#3244,#688);
#436=LINE('',#3246,#689);
#437=LINE('',#3250,#690);
#438=LINE('',#3253,#691);
#439=LINE('',#3254,#692);
#440=LINE('',#3258,#693);
#441=LINE('',#3261,#694);
#442=LINE('',#3262,#695);
#443=LINE('',#3264,#696);
#444=LINE('',#3268,#697);
#445=LINE('',#3273,#698);
#446=LINE('',#3274,#699);
#447=LINE('',#3276,#700);
#448=LINE('',#3282,#701);
#449=LINE('',#3286,#702);
#450=LINE('',#3289,#703);
#451=LINE('',#3292,#704);
#452=LINE('',#3295,#705);
#453=LINE('',#3299,#706);
#454=LINE('',#3301,#707);
#455=LINE('',#3302,#708);
#456=LINE('',#3310,#709);
#457=LINE('',#3311,#710);
#458=LINE('',#3315,#711);
#459=LINE('',#3316,#712);
#460=LINE('',#3321,#713);
#461=LINE('',#3322,#714);
#462=LINE('',#3325,#715);
#463=LINE('',#3326,#716);
#464=LINE('',#3329,#717);
#465=LINE('',#3330,#718);
#466=LINE('',#3333,#719);
#467=LINE('',#3334,#720);
#468=LINE('',#3337,#721);
#469=LINE('',#3339,#722);
#470=LINE('',#3340,#723);
#471=LINE('',#3343,#724);
#472=LINE('',#3345,#725);
#473=LINE('',#3347,#726);
#474=LINE('',#3349,#727);
#475=LINE('',#3350,#728);
#476=LINE('',#3351,#729);
#477=LINE('',#3354,#730);
#478=LINE('',#3355,#731);
#479=LINE('',#3356,#732);
#480=LINE('',#3358,#733);
#481=LINE('',#3361,#734);
#482=LINE('',#3362,#735);
#483=LINE('',#3365,#736);
#484=LINE('',#3369,#737);
#485=LINE('',#3370,#738);
#486=LINE('',#3373,#739);
#487=LINE('',#3376,#740);
#488=LINE('',#3379,#741);
#489=LINE('',#3383,#742);
#490=LINE('',#3384,#743);
#491=LINE('',#3387,#744);
#492=LINE('',#3390,#745);
#493=LINE('',#3392,#746);
#494=LINE('',#3394,#747);
#495=LINE('',#3395,#748);
#496=LINE('',#3398,#749);
#497=LINE('',#3401,#750);
#498=LINE('',#3408,#751);
#499=LINE('',#3411,#752);
#500=LINE('',#3414,#753);
#501=LINE('',#3415,#754);
#502=LINE('',#3418,#755);
#503=LINE('',#3419,#756);
#504=LINE('',#3424,#757);
#505=LINE('',#3425,#758);
#506=LINE('',#3428,#759);
#507=LINE('',#3429,#760);
#508=LINE('',#3433,#761);
#509=LINE('',#3435,#762);
#510=LINE('',#3438,#763);
#511=LINE('',#3439,#764);
#512=LINE('',#3442,#765);
#513=LINE('',#3446,#766);
#514=LINE('',#3449,#767);
#515=LINE('',#3451,#768);
#516=LINE('',#3454,#769);
#517=LINE('',#3456,#770);
#518=LINE('',#3461,#771);
#519=LINE('',#3463,#772);
#520=LINE('',#3465,#773);
#521=LINE('',#3466,#774);
#522=LINE('',#3469,#775);
#523=LINE('',#3471,#776);
#524=LINE('',#3472,#777);
#525=LINE('',#3475,#778);
#526=LINE('',#3477,#779);
#527=LINE('',#3478,#780);
#528=LINE('',#3480,#781);
#529=LINE('',#3481,#782);
#530=LINE('',#3485,#783);
#531=LINE('',#3487,#784);
#532=LINE('',#3489,#785);
#533=LINE('',#3490,#786);
#534=LINE('',#3493,#787);
#535=LINE('',#3495,#788);
#536=LINE('',#3496,#789);
#537=LINE('',#3499,#790);
#538=LINE('',#3501,#791);
#539=LINE('',#3502,#792);
#540=LINE('',#3505,#793);
#541=LINE('',#3507,#794);
#542=LINE('',#3508,#795);
#543=LINE('',#3511,#796);
#544=LINE('',#3513,#797);
#545=LINE('',#3514,#798);
#546=LINE('',#3517,#799);
#547=LINE('',#3519,#800);
#548=LINE('',#3520,#801);
#549=LINE('',#3523,#802);
#550=LINE('',#3525,#803);
#551=LINE('',#3526,#804);
#552=LINE('',#3529,#805);
#553=LINE('',#3531,#806);
#554=LINE('',#3532,#807);
#555=LINE('',#3535,#808);
#556=LINE('',#3537,#809);
#557=LINE('',#3538,#810);
#558=LINE('',#3540,#811);
#559=LINE('',#3541,#812);
#560=LINE('',#3547,#813);
#561=LINE('',#3549,#814);
#562=LINE('',#3551,#815);
#563=LINE('',#3552,#816);
#564=LINE('',#3555,#817);
#565=LINE('',#3557,#818);
#566=LINE('',#3558,#819);
#567=LINE('',#3561,#820);
#568=LINE('',#3563,#821);
#569=LINE('',#3564,#822);
#570=LINE('',#3567,#823);
#571=LINE('',#3569,#824);
#572=LINE('',#3570,#825);
#573=LINE('',#3573,#826);
#574=LINE('',#3575,#827);
#575=LINE('',#3576,#828);
#576=LINE('',#3579,#829);
#577=LINE('',#3581,#830);
#578=LINE('',#3582,#831);
#579=LINE('',#3585,#832);
#580=LINE('',#3587,#833);
#581=LINE('',#3588,#834);
#582=LINE('',#3591,#835);
#583=LINE('',#3593,#836);
#584=LINE('',#3594,#837);
#585=LINE('',#3597,#838);
#586=LINE('',#3599,#839);
#587=LINE('',#3600,#840);
#588=LINE('',#3602,#841);
#589=LINE('',#3603,#842);
#590=VECTOR('',#2383,10.);
#591=VECTOR('',#2384,10.);
#592=VECTOR('',#2385,10.);
#593=VECTOR('',#2386,10.);
#594=VECTOR('',#2387,10.);
#595=VECTOR('',#2388,10.);
#596=VECTOR('',#2391,10.);
#597=VECTOR('',#2392,10.);
#598=VECTOR('',#2393,10.);
#599=VECTOR('',#2396,10.);
#600=VECTOR('',#2397,10.);
#601=VECTOR('',#2400,10.);
#602=VECTOR('',#2401,10.);
#603=VECTOR('',#2404,10.);
#604=VECTOR('',#2405,10.);
#605=VECTOR('',#2406,10.);
#606=VECTOR('',#2407,10.);
#607=VECTOR('',#2408,10.);
#608=VECTOR('',#2409,10.);
#609=VECTOR('',#2412,10.);
#610=VECTOR('',#2415,10.);
#611=VECTOR('',#2418,10.);
#612=VECTOR('',#2423,10.);
#613=VECTOR('',#2424,10.);
#614=VECTOR('',#2425,10.);
#615=VECTOR('',#2426,10.);
#616=VECTOR('',#2427,10.);
#617=VECTOR('',#2428,10.);
#618=VECTOR('',#2429,10.);
#619=VECTOR('',#2430,10.);
#620=VECTOR('',#2431,10.);
#621=VECTOR('',#2432,10.);
#622=VECTOR('',#2433,10.);
#623=VECTOR('',#2434,10.);
#624=VECTOR('',#2439,10.);
#625=VECTOR('',#2442,10.);
#626=VECTOR('',#2445,10.);
#627=VECTOR('',#2448,10.);
#628=VECTOR('',#2449,10.);
#629=VECTOR('',#2450,10.);
#630=VECTOR('',#2451,10.);
#631=VECTOR('',#2452,10.);
#632=VECTOR('',#2453,10.);
#633=VECTOR('',#2454,10.);
#634=VECTOR('',#2455,10.);
#635=VECTOR('',#2456,10.);
#636=VECTOR('',#2457,10.);
#637=VECTOR('',#2458,10.);
#638=VECTOR('',#2461,10.);
#639=VECTOR('',#2462,10.);
#640=VECTOR('',#2463,10.);
#641=VECTOR('',#2468,10.);
#642=VECTOR('',#2469,10.);
#643=VECTOR('',#2472,10.);
#644=VECTOR('',#2475,10.);
#645=VECTOR('',#2476,10.);
#646=VECTOR('',#2477,10.);
#647=VECTOR('',#2478,10.);
#648=VECTOR('',#2481,10.);
#649=VECTOR('',#2482,10.);
#650=VECTOR('',#2491,10.);
#651=VECTOR('',#2496,10.);
#652=VECTOR('',#2497,10.);
#653=VECTOR('',#2502,10.);
#654=VECTOR('',#2507,10.);
#655=VECTOR('',#2510,10.);
#656=VECTOR('',#2511,10.);
#657=VECTOR('',#2512,10.);
#658=VECTOR('',#2515,10.);
#659=VECTOR('',#2520,10.);
#660=VECTOR('',#2521,10.);
#661=VECTOR('',#2524,10.);
#662=VECTOR('',#2525,10.);
#663=VECTOR('',#2528,10.);
#664=VECTOR('',#2529,10.);
#665=VECTOR('',#2532,10.);
#666=VECTOR('',#2533,10.);
#667=VECTOR('',#2540,10.);
#668=VECTOR('',#2541,10.);
#669=VECTOR('',#2546,10.);
#670=VECTOR('',#2551,10.);
#671=VECTOR('',#2554,10.);
#672=VECTOR('',#2559,10.);
#673=VECTOR('',#2564,10.);
#674=VECTOR('',#2567,10.);
#675=VECTOR('',#2570,10.);
#676=VECTOR('',#2571,10.);
#677=VECTOR('',#2572,10.);
#678=VECTOR('',#2575,10.);
#679=VECTOR('',#2578,10.);
#680=VECTOR('',#2583,10.);
#681=VECTOR('',#2586,10.);
#682=VECTOR('',#2587,10.);
#683=VECTOR('',#2588,10.);
#684=VECTOR('',#2591,10.);
#685=VECTOR('',#2594,10.);
#686=VECTOR('',#2595,10.);
#687=VECTOR('',#2596,10.);
#688=VECTOR('',#2603,10.);
#689=VECTOR('',#2606,10.);
#690=VECTOR('',#2611,10.);
#691=VECTOR('',#2614,10.);
#692=VECTOR('',#2615,10.);
#693=VECTOR('',#2620,10.);
#694=VECTOR('',#2623,10.);
#695=VECTOR('',#2624,10.);
#696=VECTOR('',#2627,10.);
#697=VECTOR('',#2632,10.);
#698=VECTOR('',#2637,10.);
#699=VECTOR('',#2638,10.);
#700=VECTOR('',#2639,10.);
#701=VECTOR('',#2644,10.);
#702=VECTOR('',#2649,10.);
#703=VECTOR('',#2652,10.);
#704=VECTOR('',#2655,10.);
#705=VECTOR('',#2658,10.);
#706=VECTOR('',#2663,10.);
#707=VECTOR('',#2664,10.);
#708=VECTOR('',#2665,10.);
#709=VECTOR('',#2678,10.);
#710=VECTOR('',#2679,10.);
#711=VECTOR('',#2686,10.);
#712=VECTOR('',#2687,10.);
#713=VECTOR('',#2694,10.);
#714=VECTOR('',#2695,10.);
#715=VECTOR('',#2698,10.);
#716=VECTOR('',#2699,10.);
#717=VECTOR('',#2702,10.);
#718=VECTOR('',#2703,10.);
#719=VECTOR('',#2706,10.);
#720=VECTOR('',#2707,10.);
#721=VECTOR('',#2710,10.);
#722=VECTOR('',#2711,10.);
#723=VECTOR('',#2712,10.);
#724=VECTOR('',#2715,10.);
#725=VECTOR('',#2716,10.);
#726=VECTOR('',#2717,10.);
#727=VECTOR('',#2718,10.);
#728=VECTOR('',#2719,10.);
#729=VECTOR('',#2720,10.);
#730=VECTOR('',#2723,10.);
#731=VECTOR('',#2724,10.);
#732=VECTOR('',#2725,10.);
#733=VECTOR('',#2728,10.);
#734=VECTOR('',#2731,10.);
#735=VECTOR('',#2732,10.);
#736=VECTOR('',#2735,10.);
#737=VECTOR('',#2740,10.);
#738=VECTOR('',#2741,10.);
#739=VECTOR('',#2744,10.);
#740=VECTOR('',#2749,10.);
#741=VECTOR('',#2752,10.);
#742=VECTOR('',#2757,10.);
#743=VECTOR('',#2758,10.);
#744=VECTOR('',#2761,10.);
#745=VECTOR('',#2766,10.);
#746=VECTOR('',#2769,10.);
#747=VECTOR('',#2772,10.);
#748=VECTOR('',#2773,10.);
#749=VECTOR('',#2778,10.);
#750=VECTOR('',#2783,10.);
#751=VECTOR('',#2790,10.);
#752=VECTOR('',#2793,10.);
#753=VECTOR('',#2796,10.);
#754=VECTOR('',#2797,10.);
#755=VECTOR('',#2800,10.);
#756=VECTOR('',#2801,10.);
#757=VECTOR('',#2806,10.);
#758=VECTOR('',#2807,10.);
#759=VECTOR('',#2810,10.);
#760=VECTOR('',#2811,10.);
#761=VECTOR('',#2816,10.);
#762=VECTOR('',#2819,10.);
#763=VECTOR('',#2822,10.);
#764=VECTOR('',#2823,10.);
#765=VECTOR('',#2826,10.);
#766=VECTOR('',#2829,10.);
#767=VECTOR('',#2834,10.);
#768=VECTOR('',#2837,10.);
#769=VECTOR('',#2842,10.);
#770=VECTOR('',#2845,10.);
#771=VECTOR('',#2850,10.);
#772=VECTOR('',#2851,10.);
#773=VECTOR('',#2852,10.);
#774=VECTOR('',#2853,10.);
#775=VECTOR('',#2856,10.);
#776=VECTOR('',#2857,10.);
#777=VECTOR('',#2858,10.);
#778=VECTOR('',#2861,10.);
#779=VECTOR('',#2862,10.);
#780=VECTOR('',#2863,10.);
#781=VECTOR('',#2866,10.);
#782=VECTOR('',#2867,10.);
#783=VECTOR('',#2870,10.);
#784=VECTOR('',#2871,10.);
#785=VECTOR('',#2872,10.);
#786=VECTOR('',#2873,10.);
#787=VECTOR('',#2876,10.);
#788=VECTOR('',#2877,10.);
#789=VECTOR('',#2878,10.);
#790=VECTOR('',#2881,10.);
#791=VECTOR('',#2882,10.);
#792=VECTOR('',#2883,10.);
#793=VECTOR('',#2886,10.);
#794=VECTOR('',#2887,10.);
#795=VECTOR('',#2888,10.);
#796=VECTOR('',#2891,10.);
#797=VECTOR('',#2892,10.);
#798=VECTOR('',#2893,10.);
#799=VECTOR('',#2896,10.);
#800=VECTOR('',#2897,10.);
#801=VECTOR('',#2898,10.);
#802=VECTOR('',#2901,10.);
#803=VECTOR('',#2902,10.);
#804=VECTOR('',#2903,10.);
#805=VECTOR('',#2906,10.);
#806=VECTOR('',#2907,10.);
#807=VECTOR('',#2908,10.);
#808=VECTOR('',#2911,10.);
#809=VECTOR('',#2912,10.);
#810=VECTOR('',#2913,10.);
#811=VECTOR('',#2916,10.);
#812=VECTOR('',#2917,10.);
#813=VECTOR('',#2924,10.);
#814=VECTOR('',#2925,10.);
#815=VECTOR('',#2926,10.);
#816=VECTOR('',#2927,10.);
#817=VECTOR('',#2930,10.);
#818=VECTOR('',#2931,10.);
#819=VECTOR('',#2932,10.);
#820=VECTOR('',#2935,10.);
#821=VECTOR('',#2936,10.);
#822=VECTOR('',#2937,10.);
#823=VECTOR('',#2940,10.);
#824=VECTOR('',#2941,10.);
#825=VECTOR('',#2942,10.);
#826=VECTOR('',#2945,10.);
#827=VECTOR('',#2946,10.);
#828=VECTOR('',#2947,10.);
#829=VECTOR('',#2950,10.);
#830=VECTOR('',#2951,10.);
#831=VECTOR('',#2952,10.);
#832=VECTOR('',#2955,10.);
#833=VECTOR('',#2956,10.);
#834=VECTOR('',#2957,10.);
#835=VECTOR('',#2960,10.);
#836=VECTOR('',#2961,10.);
#837=VECTOR('',#2962,10.);
#838=VECTOR('',#2965,10.);
#839=VECTOR('',#2966,10.);
#840=VECTOR('',#2967,10.);
#841=VECTOR('',#2970,10.);
#842=VECTOR('',#2971,10.);
#843=VERTEX_POINT('',#2981);
#844=VERTEX_POINT('',#2982);
#845=VERTEX_POINT('',#2984);
#846=VERTEX_POINT('',#2986);
#847=VERTEX_POINT('',#2988);
#848=VERTEX_POINT('',#2990);
#849=VERTEX_POINT('',#2994);
#850=VERTEX_POINT('',#2996);
#851=VERTEX_POINT('',#3000);
#852=VERTEX_POINT('',#3004);
#853=VERTEX_POINT('',#3008);
#854=VERTEX_POINT('',#3009);
#855=VERTEX_POINT('',#3011);
#856=VERTEX_POINT('',#3013);
#857=VERTEX_POINT('',#3015);
#858=VERTEX_POINT('',#3017);
#859=VERTEX_POINT('',#3021);
#860=VERTEX_POINT('',#3023);
#861=VERTEX_POINT('',#3027);
#862=VERTEX_POINT('',#3031);
#863=VERTEX_POINT('',#3033);
#864=VERTEX_POINT('',#3035);
#865=VERTEX_POINT('',#3037);
#866=VERTEX_POINT('',#3039);
#867=VERTEX_POINT('',#3041);
#868=VERTEX_POINT('',#3043);
#869=VERTEX_POINT('',#3046);
#870=VERTEX_POINT('',#3048);
#871=VERTEX_POINT('',#3050);
#872=VERTEX_POINT('',#3054);
#873=VERTEX_POINT('',#3056);
#874=VERTEX_POINT('',#3058);
#875=VERTEX_POINT('',#3060);
#876=VERTEX_POINT('',#3062);
#877=VERTEX_POINT('',#3064);
#878=VERTEX_POINT('',#3066);
#879=VERTEX_POINT('',#3068);
#880=VERTEX_POINT('',#3070);
#881=VERTEX_POINT('',#3072);
#882=VERTEX_POINT('',#3075);
#883=VERTEX_POINT('',#3076);
#884=VERTEX_POINT('',#3078);
#885=VERTEX_POINT('',#3080);
#886=VERTEX_POINT('',#3082);
#887=VERTEX_POINT('',#3084);
#888=VERTEX_POINT('',#3087);
#889=VERTEX_POINT('',#3088);
#890=VERTEX_POINT('',#3090);
#891=VERTEX_POINT('',#3092);
#892=VERTEX_POINT('',#3094);
#893=VERTEX_POINT('',#3096);
#894=VERTEX_POINT('',#3100);
#895=VERTEX_POINT('',#3106);
#896=VERTEX_POINT('',#3107);
#897=VERTEX_POINT('',#3109);
#898=VERTEX_POINT('',#3111);
#899=VERTEX_POINT('',#3118);
#900=VERTEX_POINT('',#3120);
#901=VERTEX_POINT('',#3122);
#902=VERTEX_POINT('',#3124);
#903=VERTEX_POINT('',#3126);
#904=VERTEX_POINT('',#3128);
#905=VERTEX_POINT('',#3131);
#906=VERTEX_POINT('',#3133);
#907=VERTEX_POINT('',#3135);
#908=VERTEX_POINT('',#3137);
#909=VERTEX_POINT('',#3139);
#910=VERTEX_POINT('',#3141);
#911=VERTEX_POINT('',#3145);
#912=VERTEX_POINT('',#3147);
#913=VERTEX_POINT('',#3151);
#914=VERTEX_POINT('',#3155);
#915=VERTEX_POINT('',#3159);
#916=VERTEX_POINT('',#3163);
#917=VERTEX_POINT('',#3167);
#918=VERTEX_POINT('',#3173);
#919=VERTEX_POINT('',#3177);
#920=VERTEX_POINT('',#3178);
#921=VERTEX_POINT('',#3181);
#922=VERTEX_POINT('',#3183);
#923=VERTEX_POINT('',#3186);
#924=VERTEX_POINT('',#3188);
#925=VERTEX_POINT('',#3190);
#926=VERTEX_POINT('',#3192);
#927=VERTEX_POINT('',#3194);
#928=VERTEX_POINT('',#3198);
#929=VERTEX_POINT('',#3200);
#930=VERTEX_POINT('',#3204);
#931=VERTEX_POINT('',#3206);
#932=VERTEX_POINT('',#3210);
#933=VERTEX_POINT('',#3212);
#934=VERTEX_POINT('',#3214);
#935=VERTEX_POINT('',#3217);
#936=VERTEX_POINT('',#3218);
#937=VERTEX_POINT('',#3220);
#938=VERTEX_POINT('',#3222);
#939=VERTEX_POINT('',#3224);
#940=VERTEX_POINT('',#3226);
#941=VERTEX_POINT('',#3228);
#942=VERTEX_POINT('',#3230);
#943=VERTEX_POINT('',#3232);
#944=VERTEX_POINT('',#3234);
#945=VERTEX_POINT('',#3236);
#946=VERTEX_POINT('',#3238);
#947=VERTEX_POINT('',#3248);
#948=VERTEX_POINT('',#3252);
#949=VERTEX_POINT('',#3256);
#950=VERTEX_POINT('',#3260);
#951=VERTEX_POINT('',#3266);
#952=VERTEX_POINT('',#3270);
#953=VERTEX_POINT('',#3271);
#954=VERTEX_POINT('',#3275);
#955=VERTEX_POINT('',#3277);
#956=VERTEX_POINT('',#3279);
#957=VERTEX_POINT('',#3281);
#958=VERTEX_POINT('',#3285);
#959=VERTEX_POINT('',#3287);
#960=VERTEX_POINT('',#3291);
#961=VERTEX_POINT('',#3293);
#962=VERTEX_POINT('',#3298);
#963=VERTEX_POINT('',#3300);
#964=VERTEX_POINT('',#3309);
#965=VERTEX_POINT('',#3320);
#966=VERTEX_POINT('',#3324);
#967=VERTEX_POINT('',#3328);
#968=VERTEX_POINT('',#3332);
#969=VERTEX_POINT('',#3336);
#970=VERTEX_POINT('',#3338);
#971=VERTEX_POINT('',#3342);
#972=VERTEX_POINT('',#3344);
#973=VERTEX_POINT('',#3346);
#974=VERTEX_POINT('',#3348);
#975=VERTEX_POINT('',#3353);
#976=VERTEX_POINT('',#3360);
#977=VERTEX_POINT('',#3364);
#978=VERTEX_POINT('',#3368);
#979=VERTEX_POINT('',#3372);
#980=VERTEX_POINT('',#3378);
#981=VERTEX_POINT('',#3382);
#982=VERTEX_POINT('',#3386);
#983=VERTEX_POINT('',#3404);
#984=VERTEX_POINT('',#3405);
#985=VERTEX_POINT('',#3407);
#986=VERTEX_POINT('',#3409);
#987=VERTEX_POINT('',#3413);
#988=VERTEX_POINT('',#3417);
#989=VERTEX_POINT('',#3421);
#990=VERTEX_POINT('',#3422);
#991=VERTEX_POINT('',#3427);
#992=VERTEX_POINT('',#3431);
#993=VERTEX_POINT('',#3437);
#994=VERTEX_POINT('',#3441);
#995=VERTEX_POINT('',#3443);
#996=VERTEX_POINT('',#3445);
#997=VERTEX_POINT('',#3459);
#998=VERTEX_POINT('',#3460);
#999=VERTEX_POINT('',#3462);
#1000=VERTEX_POINT('',#3464);
#1001=VERTEX_POINT('',#3468);
#1002=VERTEX_POINT('',#3470);
#1003=VERTEX_POINT('',#3474);
#1004=VERTEX_POINT('',#3476);
#1005=VERTEX_POINT('',#3483);
#1006=VERTEX_POINT('',#3484);
#1007=VERTEX_POINT('',#3486);
#1008=VERTEX_POINT('',#3488);
#1009=VERTEX_POINT('',#3492);
#1010=VERTEX_POINT('',#3494);
#1011=VERTEX_POINT('',#3498);
#1012=VERTEX_POINT('',#3500);
#1013=VERTEX_POINT('',#3504);
#1014=VERTEX_POINT('',#3506);
#1015=VERTEX_POINT('',#3510);
#1016=VERTEX_POINT('',#3512);
#1017=VERTEX_POINT('',#3516);
#1018=VERTEX_POINT('',#3518);
#1019=VERTEX_POINT('',#3522);
#1020=VERTEX_POINT('',#3524);
#1021=VERTEX_POINT('',#3528);
#1022=VERTEX_POINT('',#3530);
#1023=VERTEX_POINT('',#3534);
#1024=VERTEX_POINT('',#3536);
#1025=VERTEX_POINT('',#3545);
#1026=VERTEX_POINT('',#3546);
#1027=VERTEX_POINT('',#3548);
#1028=VERTEX_POINT('',#3550);
#1029=VERTEX_POINT('',#3554);
#1030=VERTEX_POINT('',#3556);
#1031=VERTEX_POINT('',#3560);
#1032=VERTEX_POINT('',#3562);
#1033=VERTEX_POINT('',#3566);
#1034=VERTEX_POINT('',#3568);
#1035=VERTEX_POINT('',#3572);
#1036=VERTEX_POINT('',#3574);
#1037=VERTEX_POINT('',#3578);
#1038=VERTEX_POINT('',#3580);
#1039=VERTEX_POINT('',#3584);
#1040=VERTEX_POINT('',#3586);
#1041=VERTEX_POINT('',#3590);
#1042=VERTEX_POINT('',#3592);
#1043=VERTEX_POINT('',#3596);
#1044=VERTEX_POINT('',#3598);
#1045=EDGE_CURVE('',#843,#844,#337,.T.);
#1046=EDGE_CURVE('',#843,#845,#338,.T.);
#1047=EDGE_CURVE('',#846,#845,#339,.T.);
#1048=EDGE_CURVE('',#847,#846,#340,.T.);
#1049=EDGE_CURVE('',#848,#847,#341,.T.);
#1050=EDGE_CURVE('',#844,#848,#342,.T.);
#1051=EDGE_CURVE('',#843,#849,#343,.T.);
#1052=EDGE_CURVE('',#850,#849,#344,.T.);
#1053=EDGE_CURVE('',#845,#850,#345,.T.);
#1054=EDGE_CURVE('',#844,#851,#346,.T.);
#1055=EDGE_CURVE('',#849,#851,#347,.T.);
#1056=EDGE_CURVE('',#848,#852,#348,.T.);
#1057=EDGE_CURVE('',#851,#852,#349,.T.);
#1058=EDGE_CURVE('',#853,#854,#350,.T.);
#1059=EDGE_CURVE('',#853,#855,#351,.T.);
#1060=EDGE_CURVE('',#856,#855,#352,.T.);
#1061=EDGE_CURVE('',#857,#856,#353,.T.);
#1062=EDGE_CURVE('',#857,#858,#354,.T.);
#1063=EDGE_CURVE('',#854,#858,#355,.T.);
#1064=EDGE_CURVE('',#859,#854,#356,.T.);
#1065=EDGE_CURVE('',#860,#859,#85,.T.);
#1066=EDGE_CURVE('',#860,#853,#357,.T.);
#1067=EDGE_CURVE('',#861,#858,#358,.T.);
#1068=EDGE_CURVE('',#859,#861,#45,.T.);
#1069=EDGE_CURVE('',#847,#862,#359,.T.);
#1070=EDGE_CURVE('',#862,#863,#360,.T.);
#1071=EDGE_CURVE('',#864,#863,#361,.T.);
#1072=EDGE_CURVE('',#864,#865,#362,.T.);
#1073=EDGE_CURVE('',#865,#866,#363,.T.);
#1074=EDGE_CURVE('',#867,#866,#364,.T.);
#1075=EDGE_CURVE('',#868,#867,#365,.T.);
#1076=EDGE_CURVE('',#861,#868,#366,.T.);
#1077=EDGE_CURVE('',#869,#857,#367,.T.);
#1078=EDGE_CURVE('',#870,#869,#368,.T.);
#1079=EDGE_CURVE('',#870,#871,#369,.T.);
#1080=EDGE_CURVE('',#871,#852,#370,.T.);
#1081=EDGE_CURVE('',#872,#870,#46,.T.);
#1082=EDGE_CURVE('',#872,#873,#371,.T.);
#1083=EDGE_CURVE('',#874,#873,#47,.T.);
#1084=EDGE_CURVE('',#875,#874,#372,.T.);
#1085=EDGE_CURVE('',#876,#875,#48,.T.);
#1086=EDGE_CURVE('',#876,#877,#373,.T.);
#1087=EDGE_CURVE('',#878,#877,#49,.T.);
#1088=EDGE_CURVE('',#878,#879,#374,.T.);
#1089=EDGE_CURVE('',#880,#879,#375,.T.);
#1090=EDGE_CURVE('',#880,#881,#376,.T.);
#1091=EDGE_CURVE('',#871,#881,#377,.T.);
#1092=EDGE_CURVE('',#882,#883,#378,.T.);
#1093=EDGE_CURVE('',#883,#884,#379,.T.);
#1094=EDGE_CURVE('',#884,#885,#380,.T.);
#1095=EDGE_CURVE('',#885,#886,#381,.T.);
#1096=EDGE_CURVE('',#886,#887,#382,.T.);
#1097=EDGE_CURVE('',#882,#887,#383,.T.);
#1098=EDGE_CURVE('',#888,#889,#384,.T.);
#1099=EDGE_CURVE('',#889,#890,#50,.T.);
#1100=EDGE_CURVE('',#890,#891,#385,.T.);
#1101=EDGE_CURVE('',#891,#892,#386,.T.);
#1102=EDGE_CURVE('',#892,#893,#387,.T.);
#1103=EDGE_CURVE('',#893,#888,#51,.T.);
#1104=EDGE_CURVE('',#846,#894,#388,.T.);
#1105=EDGE_CURVE('',#862,#894,#389,.T.);
#1106=EDGE_CURVE('',#894,#850,#390,.T.);
#1107=EDGE_CURVE('',#895,#896,#391,.T.);
#1108=EDGE_CURVE('',#897,#895,#392,.T.);
#1109=EDGE_CURVE('',#898,#897,#393,.F.);
#1110=EDGE_CURVE('',#898,#896,#394,.T.);
#1111=EDGE_CURVE('',#895,#882,#395,.T.);
#1112=EDGE_CURVE('',#887,#897,#396,.F.);
#1113=EDGE_CURVE('',#899,#867,#52,.T.);
#1114=EDGE_CURVE('',#866,#900,#53,.T.);
#1115=EDGE_CURVE('',#900,#901,#86,.T.);
#1116=EDGE_CURVE('',#901,#902,#397,.T.);
#1117=EDGE_CURVE('',#902,#903,#87,.T.);
#1118=EDGE_CURVE('',#903,#904,#54,.T.);
#1119=EDGE_CURVE('',#878,#904,#398,.T.);
#1120=EDGE_CURVE('',#877,#905,#399,.T.);
#1121=EDGE_CURVE('',#905,#906,#55,.T.);
#1122=EDGE_CURVE('',#906,#907,#88,.T.);
#1123=EDGE_CURVE('',#907,#908,#400,.T.);
#1124=EDGE_CURVE('',#908,#909,#89,.T.);
#1125=EDGE_CURVE('',#909,#910,#56,.T.);
#1126=EDGE_CURVE('',#910,#899,#401,.T.);
#1127=EDGE_CURVE('',#907,#911,#402,.T.);
#1128=EDGE_CURVE('',#912,#911,#403,.T.);
#1129=EDGE_CURVE('',#912,#908,#404,.T.);
#1130=EDGE_CURVE('',#913,#906,#405,.T.);
#1131=EDGE_CURVE('',#911,#913,#90,.T.);
#1132=EDGE_CURVE('',#914,#876,#406,.T.);
#1133=EDGE_CURVE('',#914,#905,#407,.T.);
#1134=EDGE_CURVE('',#915,#865,#408,.T.);
#1135=EDGE_CURVE('',#900,#915,#409,.T.);
#1136=EDGE_CURVE('',#904,#916,#410,.T.);
#1137=EDGE_CURVE('',#916,#879,#411,.T.);
#1138=EDGE_CURVE('',#903,#917,#412,.T.);
#1139=EDGE_CURVE('',#916,#917,#413,.T.);
#1140=EDGE_CURVE('',#913,#914,#57,.T.);
#1141=EDGE_CURVE('',#918,#902,#414,.T.);
#1142=EDGE_CURVE('',#917,#918,#415,.T.);
#1143=EDGE_CURVE('',#919,#920,#58,.T.);
#1144=EDGE_CURVE('',#920,#872,#416,.T.);
#1145=EDGE_CURVE('',#869,#921,#59,.T.);
#1146=EDGE_CURVE('',#921,#922,#91,.T.);
#1147=EDGE_CURVE('',#922,#860,#417,.T.);
#1148=EDGE_CURVE('',#868,#923,#60,.T.);
#1149=EDGE_CURVE('',#924,#923,#418,.T.);
#1150=EDGE_CURVE('',#924,#925,#61,.T.);
#1151=EDGE_CURVE('',#925,#926,#92,.T.);
#1152=EDGE_CURVE('',#926,#927,#419,.T.);
#1153=EDGE_CURVE('',#927,#919,#93,.T.);
#1154=EDGE_CURVE('',#925,#928,#420,.T.);
#1155=EDGE_CURVE('',#929,#928,#94,.T.);
#1156=EDGE_CURVE('',#926,#929,#421,.T.);
#1157=EDGE_CURVE('',#923,#930,#422,.T.);
#1158=EDGE_CURVE('',#931,#930,#423,.T.);
#1159=EDGE_CURVE('',#931,#924,#424,.T.);
#1160=EDGE_CURVE('',#899,#932,#425,.T.);
#1161=EDGE_CURVE('',#933,#932,#62,.T.);
#1162=EDGE_CURVE('',#933,#934,#426,.T.);
#1163=EDGE_CURVE('',#930,#934,#63,.T.);
#1164=EDGE_CURVE('',#935,#936,#64,.T.);
#1165=EDGE_CURVE('',#937,#935,#427,.T.);
#1166=EDGE_CURVE('',#938,#937,#65,.T.);
#1167=EDGE_CURVE('',#939,#938,#428,.T.);
#1168=EDGE_CURVE('',#940,#939,#429,.T.);
#1169=EDGE_CURVE('',#941,#940,#430,.T.);
#1170=EDGE_CURVE('',#942,#941,#66,.T.);
#1171=EDGE_CURVE('',#943,#942,#431,.T.);
#1172=EDGE_CURVE('',#944,#943,#67,.T.);
#1173=EDGE_CURVE('',#945,#944,#432,.T.);
#1174=EDGE_CURVE('',#946,#945,#433,.T.);
#1175=EDGE_CURVE('',#936,#946,#434,.T.);
#1176=EDGE_CURVE('',#928,#931,#68,.T.);
#1177=EDGE_CURVE('',#921,#856,#435,.T.);
#1178=EDGE_CURVE('',#922,#855,#436,.T.);
#1179=EDGE_CURVE('',#947,#912,#95,.T.);
#1180=EDGE_CURVE('',#947,#909,#437,.T.);
#1181=EDGE_CURVE('',#948,#929,#438,.T.);
#1182=EDGE_CURVE('',#927,#948,#439,.T.);
#1183=EDGE_CURVE('',#949,#948,#96,.T.);
#1184=EDGE_CURVE('',#949,#919,#440,.T.);
#1185=EDGE_CURVE('',#901,#950,#441,.T.);
#1186=EDGE_CURVE('',#918,#950,#442,.T.);
#1187=EDGE_CURVE('',#950,#915,#443,.T.);
#1188=EDGE_CURVE('',#951,#947,#69,.T.);
#1189=EDGE_CURVE('',#951,#910,#444,.T.);
#1190=EDGE_CURVE('',#952,#953,#70,.T.);
#1191=EDGE_CURVE('',#953,#933,#445,.T.);
#1192=EDGE_CURVE('',#932,#951,#446,.T.);
#1193=EDGE_CURVE('',#954,#875,#447,.T.);
#1194=EDGE_CURVE('',#954,#955,#71,.T.);
#1195=EDGE_CURVE('',#955,#956,#97,.T.);
#1196=EDGE_CURVE('',#956,#957,#448,.T.);
#1197=EDGE_CURVE('',#957,#952,#98,.T.);
#1198=EDGE_CURVE('',#954,#958,#449,.T.);
#1199=EDGE_CURVE('',#959,#958,#72,.T.);
#1200=EDGE_CURVE('',#955,#959,#450,.T.);
#1201=EDGE_CURVE('',#960,#952,#451,.T.);
#1202=EDGE_CURVE('',#961,#960,#73,.T.);
#1203=EDGE_CURVE('',#961,#953,#452,.T.);
#1204=EDGE_CURVE('',#962,#956,#453,.T.);
#1205=EDGE_CURVE('',#963,#962,#454,.T.);
#1206=EDGE_CURVE('',#963,#957,#455,.T.);
#1207=EDGE_CURVE('',#962,#959,#99,.T.);
#1208=EDGE_CURVE('',#960,#963,#100,.T.);
#1209=EDGE_CURVE('',#964,#920,#456,.T.);
#1210=EDGE_CURVE('',#873,#964,#457,.T.);
#1211=EDGE_CURVE('',#964,#949,#74,.T.);
#1212=EDGE_CURVE('',#934,#961,#458,.T.);
#1213=EDGE_CURVE('',#874,#958,#459,.T.);
#1214=EDGE_CURVE('',#896,#965,#460,.T.);
#1215=EDGE_CURVE('',#965,#883,#461,.T.);
#1216=EDGE_CURVE('',#965,#966,#462,.T.);
#1217=EDGE_CURVE('',#884,#966,#463,.T.);
#1218=EDGE_CURVE('',#967,#898,#464,.T.);
#1219=EDGE_CURVE('',#967,#886,#465,.T.);
#1220=EDGE_CURVE('',#968,#967,#466,.T.);
#1221=EDGE_CURVE('',#966,#968,#467,.T.);
#1222=EDGE_CURVE('',#939,#969,#468,.F.);
#1223=EDGE_CURVE('',#969,#970,#469,.T.);
#1224=EDGE_CURVE('',#970,#940,#470,.F.);
#1225=EDGE_CURVE('',#891,#971,#471,.T.);
#1226=EDGE_CURVE('',#972,#971,#472,.T.);
#1227=EDGE_CURVE('',#973,#972,#473,.T.);
#1228=EDGE_CURVE('',#973,#974,#474,.T.);
#1229=EDGE_CURVE('',#970,#974,#475,.T.);
#1230=EDGE_CURVE('',#892,#969,#476,.T.);
#1231=EDGE_CURVE('',#944,#975,#477,.T.);
#1232=EDGE_CURVE('',#975,#972,#478,.T.);
#1233=EDGE_CURVE('',#972,#945,#479,.T.);
#1234=EDGE_CURVE('',#971,#946,#480,.T.);
#1235=EDGE_CURVE('',#971,#976,#481,.T.);
#1236=EDGE_CURVE('',#976,#936,#482,.T.);
#1237=EDGE_CURVE('',#977,#935,#483,.T.);
#1238=EDGE_CURVE('',#976,#977,#75,.T.);
#1239=EDGE_CURVE('',#978,#937,#484,.T.);
#1240=EDGE_CURVE('',#977,#978,#485,.T.);
#1241=EDGE_CURVE('',#979,#938,#486,.T.);
#1242=EDGE_CURVE('',#978,#979,#76,.T.);
#1243=EDGE_CURVE('',#979,#969,#487,.T.);
#1244=EDGE_CURVE('',#943,#980,#488,.T.);
#1245=EDGE_CURVE('',#980,#975,#77,.T.);
#1246=EDGE_CURVE('',#942,#981,#489,.T.);
#1247=EDGE_CURVE('',#981,#980,#490,.T.);
#1248=EDGE_CURVE('',#941,#982,#491,.T.);
#1249=EDGE_CURVE('',#982,#981,#78,.T.);
#1250=EDGE_CURVE('',#970,#982,#492,.T.);
#1251=EDGE_CURVE('',#893,#979,#493,.T.);
#1252=EDGE_CURVE('',#888,#978,#494,.T.);
#1253=EDGE_CURVE('',#889,#977,#495,.T.);
#1254=EDGE_CURVE('',#890,#976,#496,.T.);
#1255=EDGE_CURVE('',#968,#885,#497,.T.);
#1256=EDGE_CURVE('',#983,#984,#79,.T.);
#1257=EDGE_CURVE('',#984,#985,#498,.T.);
#1258=EDGE_CURVE('',#985,#986,#80,.T.);
#1259=EDGE_CURVE('',#986,#983,#499,.T.);
#1260=EDGE_CURVE('',#881,#987,#500,.T.);
#1261=EDGE_CURVE('',#863,#987,#501,.F.);
#1262=EDGE_CURVE('',#988,#864,#502,.F.);
#1263=EDGE_CURVE('',#988,#880,#503,.T.);
#1264=EDGE_CURVE('',#989,#990,#81,.T.);
#1265=EDGE_CURVE('',#990,#986,#504,.T.);
#1266=EDGE_CURVE('',#989,#985,#505,.T.);
#1267=EDGE_CURVE('',#990,#991,#506,.T.);
#1268=EDGE_CURVE('',#991,#983,#507,.T.);
#1269=EDGE_CURVE('',#991,#992,#82,.T.);
#1270=EDGE_CURVE('',#992,#984,#508,.T.);
#1271=EDGE_CURVE('',#992,#989,#509,.T.);
#1272=EDGE_CURVE('',#982,#993,#510,.T.);
#1273=EDGE_CURVE('',#993,#974,#511,.T.);
#1274=EDGE_CURVE('',#973,#994,#512,.T.);
#1275=EDGE_CURVE('',#995,#994,#83,.T.);
#1276=EDGE_CURVE('',#996,#995,#513,.T.);
#1277=EDGE_CURVE('',#993,#996,#84,.T.);
#1278=EDGE_CURVE('',#975,#994,#514,.T.);
#1279=EDGE_CURVE('',#987,#988,#515,.T.);
#1280=EDGE_CURVE('',#980,#995,#516,.T.);
#1281=EDGE_CURVE('',#981,#996,#517,.T.);
#1282=EDGE_CURVE('',#997,#998,#518,.T.);
#1283=EDGE_CURVE('',#998,#999,#519,.T.);
#1284=EDGE_CURVE('',#1000,#999,#520,.T.);
#1285=EDGE_CURVE('',#997,#1000,#521,.T.);
#1286=EDGE_CURVE('',#1001,#997,#522,.T.);
#1287=EDGE_CURVE('',#1002,#1000,#523,.T.);
#1288=EDGE_CURVE('',#1001,#1002,#524,.T.);
#1289=EDGE_CURVE('',#1003,#1001,#525,.T.);
#1290=EDGE_CURVE('',#1004,#1002,#526,.T.);
#1291=EDGE_CURVE('',#1003,#1004,#527,.T.);
#1292=EDGE_CURVE('',#998,#1003,#528,.T.);
#1293=EDGE_CURVE('',#999,#1004,#529,.T.);
#1294=EDGE_CURVE('',#1005,#1006,#530,.T.);
#1295=EDGE_CURVE('',#1006,#1007,#531,.T.);
#1296=EDGE_CURVE('',#1008,#1007,#532,.T.);
#1297=EDGE_CURVE('',#1005,#1008,#533,.T.);
#1298=EDGE_CURVE('',#1009,#1005,#534,.T.);
#1299=EDGE_CURVE('',#1010,#1008,#535,.T.);
#1300=EDGE_CURVE('',#1009,#1010,#536,.T.);
#1301=EDGE_CURVE('',#1011,#1009,#537,.T.);
#1302=EDGE_CURVE('',#1012,#1010,#538,.T.);
#1303=EDGE_CURVE('',#1011,#1012,#539,.T.);
#1304=EDGE_CURVE('',#1013,#1011,#540,.T.);
#1305=EDGE_CURVE('',#1014,#1012,#541,.T.);
#1306=EDGE_CURVE('',#1013,#1014,#542,.T.);
#1307=EDGE_CURVE('',#1015,#1013,#543,.T.);
#1308=EDGE_CURVE('',#1016,#1014,#544,.T.);
#1309=EDGE_CURVE('',#1015,#1016,#545,.T.);
#1310=EDGE_CURVE('',#1017,#1015,#546,.T.);
#1311=EDGE_CURVE('',#1018,#1016,#547,.T.);
#1312=EDGE_CURVE('',#1017,#1018,#548,.T.);
#1313=EDGE_CURVE('',#1019,#1017,#549,.T.);
#1314=EDGE_CURVE('',#1020,#1018,#550,.T.);
#1315=EDGE_CURVE('',#1019,#1020,#551,.T.);
#1316=EDGE_CURVE('',#1021,#1019,#552,.T.);
#1317=EDGE_CURVE('',#1022,#1020,#553,.T.);
#1318=EDGE_CURVE('',#1021,#1022,#554,.T.);
#1319=EDGE_CURVE('',#1023,#1021,#555,.T.);
#1320=EDGE_CURVE('',#1024,#1022,#556,.T.);
#1321=EDGE_CURVE('',#1023,#1024,#557,.T.);
#1322=EDGE_CURVE('',#1006,#1023,#558,.T.);
#1323=EDGE_CURVE('',#1007,#1024,#559,.T.);
#1324=EDGE_CURVE('',#1025,#1026,#560,.T.);
#1325=EDGE_CURVE('',#1026,#1027,#561,.T.);
#1326=EDGE_CURVE('',#1028,#1027,#562,.T.);
#1327=EDGE_CURVE('',#1025,#1028,#563,.T.);
#1328=EDGE_CURVE('',#1029,#1025,#564,.T.);
#1329=EDGE_CURVE('',#1030,#1028,#565,.T.);
#1330=EDGE_CURVE('',#1029,#1030,#566,.T.);
#1331=EDGE_CURVE('',#1031,#1029,#567,.T.);
#1332=EDGE_CURVE('',#1032,#1030,#568,.T.);
#1333=EDGE_CURVE('',#1031,#1032,#569,.T.);
#1334=EDGE_CURVE('',#1033,#1031,#570,.T.);
#1335=EDGE_CURVE('',#1034,#1032,#571,.T.);
#1336=EDGE_CURVE('',#1033,#1034,#572,.T.);
#1337=EDGE_CURVE('',#1035,#1033,#573,.T.);
#1338=EDGE_CURVE('',#1036,#1034,#574,.T.);
#1339=EDGE_CURVE('',#1035,#1036,#575,.T.);
#1340=EDGE_CURVE('',#1037,#1035,#576,.T.);
#1341=EDGE_CURVE('',#1038,#1036,#577,.T.);
#1342=EDGE_CURVE('',#1037,#1038,#578,.T.);
#1343=EDGE_CURVE('',#1039,#1037,#579,.T.);
#1344=EDGE_CURVE('',#1040,#1038,#580,.T.);
#1345=EDGE_CURVE('',#1039,#1040,#581,.T.);
#1346=EDGE_CURVE('',#1041,#1039,#582,.T.);
#1347=EDGE_CURVE('',#1042,#1040,#583,.T.);
#1348=EDGE_CURVE('',#1041,#1042,#584,.T.);
#1349=EDGE_CURVE('',#1043,#1041,#585,.T.);
#1350=EDGE_CURVE('',#1044,#1042,#586,.T.);
#1351=EDGE_CURVE('',#1043,#1044,#587,.T.);
#1352=EDGE_CURVE('',#1026,#1043,#588,.T.);
#1353=EDGE_CURVE('',#1027,#1044,#589,.T.);
#1354=ORIENTED_EDGE('',*,*,#1045,.F.);
#1355=ORIENTED_EDGE('',*,*,#1046,.T.);
#1356=ORIENTED_EDGE('',*,*,#1047,.F.);
#1357=ORIENTED_EDGE('',*,*,#1048,.F.);
#1358=ORIENTED_EDGE('',*,*,#1049,.F.);
#1359=ORIENTED_EDGE('',*,*,#1050,.F.);
#1360=ORIENTED_EDGE('',*,*,#1046,.F.);
#1361=ORIENTED_EDGE('',*,*,#1051,.T.);
#1362=ORIENTED_EDGE('',*,*,#1052,.F.);
#1363=ORIENTED_EDGE('',*,*,#1053,.F.);
#1364=ORIENTED_EDGE('',*,*,#1045,.T.);
#1365=ORIENTED_EDGE('',*,*,#1054,.T.);
#1366=ORIENTED_EDGE('',*,*,#1055,.F.);
#1367=ORIENTED_EDGE('',*,*,#1051,.F.);
#1368=ORIENTED_EDGE('',*,*,#1050,.T.);
#1369=ORIENTED_EDGE('',*,*,#1056,.T.);
#1370=ORIENTED_EDGE('',*,*,#1057,.F.);
#1371=ORIENTED_EDGE('',*,*,#1054,.F.);
#1372=ORIENTED_EDGE('',*,*,#1058,.F.);
#1373=ORIENTED_EDGE('',*,*,#1059,.T.);
#1374=ORIENTED_EDGE('',*,*,#1060,.F.);
#1375=ORIENTED_EDGE('',*,*,#1061,.F.);
#1376=ORIENTED_EDGE('',*,*,#1062,.T.);
#1377=ORIENTED_EDGE('',*,*,#1063,.F.);
#1378=ORIENTED_EDGE('',*,*,#1058,.T.);
#1379=ORIENTED_EDGE('',*,*,#1064,.F.);
#1380=ORIENTED_EDGE('',*,*,#1065,.F.);
#1381=ORIENTED_EDGE('',*,*,#1066,.T.);
#1382=ORIENTED_EDGE('',*,*,#1063,.T.);
#1383=ORIENTED_EDGE('',*,*,#1067,.F.);
#1384=ORIENTED_EDGE('',*,*,#1068,.F.);
#1385=ORIENTED_EDGE('',*,*,#1064,.T.);
#1386=ORIENTED_EDGE('',*,*,#1069,.T.);
#1387=ORIENTED_EDGE('',*,*,#1070,.T.);
#1388=ORIENTED_EDGE('',*,*,#1071,.F.);
#1389=ORIENTED_EDGE('',*,*,#1072,.T.);
#1390=ORIENTED_EDGE('',*,*,#1073,.T.);
#1391=ORIENTED_EDGE('',*,*,#1074,.F.);
#1392=ORIENTED_EDGE('',*,*,#1075,.F.);
#1393=ORIENTED_EDGE('',*,*,#1076,.F.);
#1394=ORIENTED_EDGE('',*,*,#1067,.T.);
#1395=ORIENTED_EDGE('',*,*,#1062,.F.);
#1396=ORIENTED_EDGE('',*,*,#1077,.F.);
#1397=ORIENTED_EDGE('',*,*,#1078,.F.);
#1398=ORIENTED_EDGE('',*,*,#1079,.T.);
#1399=ORIENTED_EDGE('',*,*,#1080,.T.);
#1400=ORIENTED_EDGE('',*,*,#1056,.F.);
#1401=ORIENTED_EDGE('',*,*,#1049,.T.);
#1402=ORIENTED_EDGE('',*,*,#1079,.F.);
#1403=ORIENTED_EDGE('',*,*,#1081,.F.);
#1404=ORIENTED_EDGE('',*,*,#1082,.T.);
#1405=ORIENTED_EDGE('',*,*,#1083,.F.);
#1406=ORIENTED_EDGE('',*,*,#1084,.F.);
#1407=ORIENTED_EDGE('',*,*,#1085,.F.);
#1408=ORIENTED_EDGE('',*,*,#1086,.T.);
#1409=ORIENTED_EDGE('',*,*,#1087,.F.);
#1410=ORIENTED_EDGE('',*,*,#1088,.T.);
#1411=ORIENTED_EDGE('',*,*,#1089,.F.);
#1412=ORIENTED_EDGE('',*,*,#1090,.T.);
#1413=ORIENTED_EDGE('',*,*,#1091,.F.);
#1414=ORIENTED_EDGE('',*,*,#1092,.T.);
#1415=ORIENTED_EDGE('',*,*,#1093,.T.);
#1416=ORIENTED_EDGE('',*,*,#1094,.T.);
#1417=ORIENTED_EDGE('',*,*,#1095,.T.);
#1418=ORIENTED_EDGE('',*,*,#1096,.T.);
#1419=ORIENTED_EDGE('',*,*,#1097,.F.);
#1420=ORIENTED_EDGE('',*,*,#1098,.T.);
#1421=ORIENTED_EDGE('',*,*,#1099,.T.);
#1422=ORIENTED_EDGE('',*,*,#1100,.T.);
#1423=ORIENTED_EDGE('',*,*,#1101,.T.);
#1424=ORIENTED_EDGE('',*,*,#1102,.T.);
#1425=ORIENTED_EDGE('',*,*,#1103,.T.);
#1426=ORIENTED_EDGE('',*,*,#1048,.T.);
#1427=ORIENTED_EDGE('',*,*,#1104,.T.);
#1428=ORIENTED_EDGE('',*,*,#1105,.F.);
#1429=ORIENTED_EDGE('',*,*,#1069,.F.);
#1430=ORIENTED_EDGE('',*,*,#1047,.T.);
#1431=ORIENTED_EDGE('',*,*,#1053,.T.);
#1432=ORIENTED_EDGE('',*,*,#1106,.F.);
#1433=ORIENTED_EDGE('',*,*,#1104,.F.);
#1434=ORIENTED_EDGE('',*,*,#1107,.F.);
#1435=ORIENTED_EDGE('',*,*,#1108,.F.);
#1436=ORIENTED_EDGE('',*,*,#1109,.F.);
#1437=ORIENTED_EDGE('',*,*,#1110,.T.);
#1438=ORIENTED_EDGE('',*,*,#1111,.T.);
#1439=ORIENTED_EDGE('',*,*,#1097,.T.);
#1440=ORIENTED_EDGE('',*,*,#1112,.T.);
#1441=ORIENTED_EDGE('',*,*,#1108,.T.);
#1442=ORIENTED_EDGE('',*,*,#1113,.T.);
#1443=ORIENTED_EDGE('',*,*,#1074,.T.);
#1444=ORIENTED_EDGE('',*,*,#1114,.T.);
#1445=ORIENTED_EDGE('',*,*,#1115,.T.);
#1446=ORIENTED_EDGE('',*,*,#1116,.T.);
#1447=ORIENTED_EDGE('',*,*,#1117,.T.);
#1448=ORIENTED_EDGE('',*,*,#1118,.T.);
#1449=ORIENTED_EDGE('',*,*,#1119,.F.);
#1450=ORIENTED_EDGE('',*,*,#1087,.T.);
#1451=ORIENTED_EDGE('',*,*,#1120,.T.);
#1452=ORIENTED_EDGE('',*,*,#1121,.T.);
#1453=ORIENTED_EDGE('',*,*,#1122,.T.);
#1454=ORIENTED_EDGE('',*,*,#1123,.T.);
#1455=ORIENTED_EDGE('',*,*,#1124,.T.);
#1456=ORIENTED_EDGE('',*,*,#1125,.T.);
#1457=ORIENTED_EDGE('',*,*,#1126,.T.);
#1458=ORIENTED_EDGE('',*,*,#1123,.F.);
#1459=ORIENTED_EDGE('',*,*,#1127,.T.);
#1460=ORIENTED_EDGE('',*,*,#1128,.F.);
#1461=ORIENTED_EDGE('',*,*,#1129,.T.);
#1462=ORIENTED_EDGE('',*,*,#1122,.F.);
#1463=ORIENTED_EDGE('',*,*,#1130,.F.);
#1464=ORIENTED_EDGE('',*,*,#1131,.F.);
#1465=ORIENTED_EDGE('',*,*,#1127,.F.);
#1466=ORIENTED_EDGE('',*,*,#1120,.F.);
#1467=ORIENTED_EDGE('',*,*,#1086,.F.);
#1468=ORIENTED_EDGE('',*,*,#1132,.F.);
#1469=ORIENTED_EDGE('',*,*,#1133,.T.);
#1470=ORIENTED_EDGE('',*,*,#1114,.F.);
#1471=ORIENTED_EDGE('',*,*,#1073,.F.);
#1472=ORIENTED_EDGE('',*,*,#1134,.F.);
#1473=ORIENTED_EDGE('',*,*,#1135,.F.);
#1474=ORIENTED_EDGE('',*,*,#1119,.T.);
#1475=ORIENTED_EDGE('',*,*,#1136,.T.);
#1476=ORIENTED_EDGE('',*,*,#1137,.T.);
#1477=ORIENTED_EDGE('',*,*,#1088,.F.);
#1478=ORIENTED_EDGE('',*,*,#1118,.F.);
#1479=ORIENTED_EDGE('',*,*,#1138,.T.);
#1480=ORIENTED_EDGE('',*,*,#1139,.F.);
#1481=ORIENTED_EDGE('',*,*,#1136,.F.);
#1482=ORIENTED_EDGE('',*,*,#1121,.F.);
#1483=ORIENTED_EDGE('',*,*,#1133,.F.);
#1484=ORIENTED_EDGE('',*,*,#1140,.F.);
#1485=ORIENTED_EDGE('',*,*,#1130,.T.);
#1486=ORIENTED_EDGE('',*,*,#1117,.F.);
#1487=ORIENTED_EDGE('',*,*,#1141,.F.);
#1488=ORIENTED_EDGE('',*,*,#1142,.F.);
#1489=ORIENTED_EDGE('',*,*,#1138,.F.);
#1490=ORIENTED_EDGE('',*,*,#1143,.T.);
#1491=ORIENTED_EDGE('',*,*,#1144,.T.);
#1492=ORIENTED_EDGE('',*,*,#1081,.T.);
#1493=ORIENTED_EDGE('',*,*,#1078,.T.);
#1494=ORIENTED_EDGE('',*,*,#1145,.T.);
#1495=ORIENTED_EDGE('',*,*,#1146,.T.);
#1496=ORIENTED_EDGE('',*,*,#1147,.T.);
#1497=ORIENTED_EDGE('',*,*,#1065,.T.);
#1498=ORIENTED_EDGE('',*,*,#1068,.T.);
#1499=ORIENTED_EDGE('',*,*,#1076,.T.);
#1500=ORIENTED_EDGE('',*,*,#1148,.T.);
#1501=ORIENTED_EDGE('',*,*,#1149,.F.);
#1502=ORIENTED_EDGE('',*,*,#1150,.T.);
#1503=ORIENTED_EDGE('',*,*,#1151,.T.);
#1504=ORIENTED_EDGE('',*,*,#1152,.T.);
#1505=ORIENTED_EDGE('',*,*,#1153,.T.);
#1506=ORIENTED_EDGE('',*,*,#1151,.F.);
#1507=ORIENTED_EDGE('',*,*,#1154,.T.);
#1508=ORIENTED_EDGE('',*,*,#1155,.F.);
#1509=ORIENTED_EDGE('',*,*,#1156,.F.);
#1510=ORIENTED_EDGE('',*,*,#1149,.T.);
#1511=ORIENTED_EDGE('',*,*,#1157,.T.);
#1512=ORIENTED_EDGE('',*,*,#1158,.F.);
#1513=ORIENTED_EDGE('',*,*,#1159,.T.);
#1514=ORIENTED_EDGE('',*,*,#1113,.F.);
#1515=ORIENTED_EDGE('',*,*,#1160,.T.);
#1516=ORIENTED_EDGE('',*,*,#1161,.F.);
#1517=ORIENTED_EDGE('',*,*,#1162,.T.);
#1518=ORIENTED_EDGE('',*,*,#1163,.F.);
#1519=ORIENTED_EDGE('',*,*,#1157,.F.);
#1520=ORIENTED_EDGE('',*,*,#1148,.F.);
#1521=ORIENTED_EDGE('',*,*,#1075,.T.);
#1522=ORIENTED_EDGE('',*,*,#1164,.F.);
#1523=ORIENTED_EDGE('',*,*,#1165,.F.);
#1524=ORIENTED_EDGE('',*,*,#1166,.F.);
#1525=ORIENTED_EDGE('',*,*,#1167,.F.);
#1526=ORIENTED_EDGE('',*,*,#1168,.F.);
#1527=ORIENTED_EDGE('',*,*,#1169,.F.);
#1528=ORIENTED_EDGE('',*,*,#1170,.F.);
#1529=ORIENTED_EDGE('',*,*,#1171,.F.);
#1530=ORIENTED_EDGE('',*,*,#1172,.F.);
#1531=ORIENTED_EDGE('',*,*,#1173,.F.);
#1532=ORIENTED_EDGE('',*,*,#1174,.F.);
#1533=ORIENTED_EDGE('',*,*,#1175,.F.);
#1534=ORIENTED_EDGE('',*,*,#1150,.F.);
#1535=ORIENTED_EDGE('',*,*,#1159,.F.);
#1536=ORIENTED_EDGE('',*,*,#1176,.F.);
#1537=ORIENTED_EDGE('',*,*,#1154,.F.);
#1538=ORIENTED_EDGE('',*,*,#1061,.T.);
#1539=ORIENTED_EDGE('',*,*,#1177,.F.);
#1540=ORIENTED_EDGE('',*,*,#1145,.F.);
#1541=ORIENTED_EDGE('',*,*,#1077,.T.);
#1542=ORIENTED_EDGE('',*,*,#1059,.F.);
#1543=ORIENTED_EDGE('',*,*,#1066,.F.);
#1544=ORIENTED_EDGE('',*,*,#1147,.F.);
#1545=ORIENTED_EDGE('',*,*,#1178,.T.);
#1546=ORIENTED_EDGE('',*,*,#1124,.F.);
#1547=ORIENTED_EDGE('',*,*,#1129,.F.);
#1548=ORIENTED_EDGE('',*,*,#1179,.F.);
#1549=ORIENTED_EDGE('',*,*,#1180,.T.);
#1550=ORIENTED_EDGE('',*,*,#1152,.F.);
#1551=ORIENTED_EDGE('',*,*,#1156,.T.);
#1552=ORIENTED_EDGE('',*,*,#1181,.F.);
#1553=ORIENTED_EDGE('',*,*,#1182,.F.);
#1554=ORIENTED_EDGE('',*,*,#1153,.F.);
#1555=ORIENTED_EDGE('',*,*,#1182,.T.);
#1556=ORIENTED_EDGE('',*,*,#1183,.F.);
#1557=ORIENTED_EDGE('',*,*,#1184,.T.);
#1558=ORIENTED_EDGE('',*,*,#1116,.F.);
#1559=ORIENTED_EDGE('',*,*,#1185,.T.);
#1560=ORIENTED_EDGE('',*,*,#1186,.F.);
#1561=ORIENTED_EDGE('',*,*,#1141,.T.);
#1562=ORIENTED_EDGE('',*,*,#1115,.F.);
#1563=ORIENTED_EDGE('',*,*,#1135,.T.);
#1564=ORIENTED_EDGE('',*,*,#1187,.F.);
#1565=ORIENTED_EDGE('',*,*,#1185,.F.);
#1566=ORIENTED_EDGE('',*,*,#1125,.F.);
#1567=ORIENTED_EDGE('',*,*,#1180,.F.);
#1568=ORIENTED_EDGE('',*,*,#1188,.F.);
#1569=ORIENTED_EDGE('',*,*,#1189,.T.);
#1570=ORIENTED_EDGE('',*,*,#1190,.T.);
#1571=ORIENTED_EDGE('',*,*,#1191,.T.);
#1572=ORIENTED_EDGE('',*,*,#1161,.T.);
#1573=ORIENTED_EDGE('',*,*,#1192,.T.);
#1574=ORIENTED_EDGE('',*,*,#1188,.T.);
#1575=ORIENTED_EDGE('',*,*,#1179,.T.);
#1576=ORIENTED_EDGE('',*,*,#1128,.T.);
#1577=ORIENTED_EDGE('',*,*,#1131,.T.);
#1578=ORIENTED_EDGE('',*,*,#1140,.T.);
#1579=ORIENTED_EDGE('',*,*,#1132,.T.);
#1580=ORIENTED_EDGE('',*,*,#1085,.T.);
#1581=ORIENTED_EDGE('',*,*,#1193,.F.);
#1582=ORIENTED_EDGE('',*,*,#1194,.T.);
#1583=ORIENTED_EDGE('',*,*,#1195,.T.);
#1584=ORIENTED_EDGE('',*,*,#1196,.T.);
#1585=ORIENTED_EDGE('',*,*,#1197,.T.);
#1586=ORIENTED_EDGE('',*,*,#1194,.F.);
#1587=ORIENTED_EDGE('',*,*,#1198,.T.);
#1588=ORIENTED_EDGE('',*,*,#1199,.F.);
#1589=ORIENTED_EDGE('',*,*,#1200,.F.);
#1590=ORIENTED_EDGE('',*,*,#1190,.F.);
#1591=ORIENTED_EDGE('',*,*,#1201,.F.);
#1592=ORIENTED_EDGE('',*,*,#1202,.F.);
#1593=ORIENTED_EDGE('',*,*,#1203,.T.);
#1594=ORIENTED_EDGE('',*,*,#1126,.F.);
#1595=ORIENTED_EDGE('',*,*,#1189,.F.);
#1596=ORIENTED_EDGE('',*,*,#1192,.F.);
#1597=ORIENTED_EDGE('',*,*,#1160,.F.);
#1598=ORIENTED_EDGE('',*,*,#1196,.F.);
#1599=ORIENTED_EDGE('',*,*,#1204,.F.);
#1600=ORIENTED_EDGE('',*,*,#1205,.F.);
#1601=ORIENTED_EDGE('',*,*,#1206,.T.);
#1602=ORIENTED_EDGE('',*,*,#1195,.F.);
#1603=ORIENTED_EDGE('',*,*,#1200,.T.);
#1604=ORIENTED_EDGE('',*,*,#1207,.F.);
#1605=ORIENTED_EDGE('',*,*,#1204,.T.);
#1606=ORIENTED_EDGE('',*,*,#1197,.F.);
#1607=ORIENTED_EDGE('',*,*,#1206,.F.);
#1608=ORIENTED_EDGE('',*,*,#1208,.F.);
#1609=ORIENTED_EDGE('',*,*,#1201,.T.);
#1610=ORIENTED_EDGE('',*,*,#1060,.T.);
#1611=ORIENTED_EDGE('',*,*,#1178,.F.);
#1612=ORIENTED_EDGE('',*,*,#1146,.F.);
#1613=ORIENTED_EDGE('',*,*,#1177,.T.);
#1614=ORIENTED_EDGE('',*,*,#1144,.F.);
#1615=ORIENTED_EDGE('',*,*,#1209,.F.);
#1616=ORIENTED_EDGE('',*,*,#1210,.F.);
#1617=ORIENTED_EDGE('',*,*,#1082,.F.);
#1618=ORIENTED_EDGE('',*,*,#1143,.F.);
#1619=ORIENTED_EDGE('',*,*,#1184,.F.);
#1620=ORIENTED_EDGE('',*,*,#1211,.F.);
#1621=ORIENTED_EDGE('',*,*,#1209,.T.);
#1622=ORIENTED_EDGE('',*,*,#1163,.T.);
#1623=ORIENTED_EDGE('',*,*,#1212,.T.);
#1624=ORIENTED_EDGE('',*,*,#1202,.T.);
#1625=ORIENTED_EDGE('',*,*,#1208,.T.);
#1626=ORIENTED_EDGE('',*,*,#1205,.T.);
#1627=ORIENTED_EDGE('',*,*,#1207,.T.);
#1628=ORIENTED_EDGE('',*,*,#1199,.T.);
#1629=ORIENTED_EDGE('',*,*,#1213,.F.);
#1630=ORIENTED_EDGE('',*,*,#1083,.T.);
#1631=ORIENTED_EDGE('',*,*,#1210,.T.);
#1632=ORIENTED_EDGE('',*,*,#1211,.T.);
#1633=ORIENTED_EDGE('',*,*,#1183,.T.);
#1634=ORIENTED_EDGE('',*,*,#1181,.T.);
#1635=ORIENTED_EDGE('',*,*,#1155,.T.);
#1636=ORIENTED_EDGE('',*,*,#1176,.T.);
#1637=ORIENTED_EDGE('',*,*,#1158,.T.);
#1638=ORIENTED_EDGE('',*,*,#1193,.T.);
#1639=ORIENTED_EDGE('',*,*,#1084,.T.);
#1640=ORIENTED_EDGE('',*,*,#1213,.T.);
#1641=ORIENTED_EDGE('',*,*,#1198,.F.);
#1642=ORIENTED_EDGE('',*,*,#1191,.F.);
#1643=ORIENTED_EDGE('',*,*,#1203,.F.);
#1644=ORIENTED_EDGE('',*,*,#1212,.F.);
#1645=ORIENTED_EDGE('',*,*,#1162,.F.);
#1646=ORIENTED_EDGE('',*,*,#1107,.T.);
#1647=ORIENTED_EDGE('',*,*,#1214,.T.);
#1648=ORIENTED_EDGE('',*,*,#1215,.T.);
#1649=ORIENTED_EDGE('',*,*,#1092,.F.);
#1650=ORIENTED_EDGE('',*,*,#1111,.F.);
#1651=ORIENTED_EDGE('',*,*,#1215,.F.);
#1652=ORIENTED_EDGE('',*,*,#1216,.T.);
#1653=ORIENTED_EDGE('',*,*,#1217,.F.);
#1654=ORIENTED_EDGE('',*,*,#1093,.F.);
#1655=ORIENTED_EDGE('',*,*,#1218,.T.);
#1656=ORIENTED_EDGE('',*,*,#1109,.T.);
#1657=ORIENTED_EDGE('',*,*,#1112,.F.);
#1658=ORIENTED_EDGE('',*,*,#1096,.F.);
#1659=ORIENTED_EDGE('',*,*,#1219,.F.);
#1660=ORIENTED_EDGE('',*,*,#1110,.F.);
#1661=ORIENTED_EDGE('',*,*,#1218,.F.);
#1662=ORIENTED_EDGE('',*,*,#1220,.F.);
#1663=ORIENTED_EDGE('',*,*,#1221,.F.);
#1664=ORIENTED_EDGE('',*,*,#1216,.F.);
#1665=ORIENTED_EDGE('',*,*,#1214,.F.);
#1666=ORIENTED_EDGE('',*,*,#1222,.T.);
#1667=ORIENTED_EDGE('',*,*,#1223,.T.);
#1668=ORIENTED_EDGE('',*,*,#1224,.T.);
#1669=ORIENTED_EDGE('',*,*,#1168,.T.);
#1670=ORIENTED_EDGE('',*,*,#1225,.T.);
#1671=ORIENTED_EDGE('',*,*,#1226,.F.);
#1672=ORIENTED_EDGE('',*,*,#1227,.F.);
#1673=ORIENTED_EDGE('',*,*,#1228,.T.);
#1674=ORIENTED_EDGE('',*,*,#1229,.F.);
#1675=ORIENTED_EDGE('',*,*,#1223,.F.);
#1676=ORIENTED_EDGE('',*,*,#1230,.F.);
#1677=ORIENTED_EDGE('',*,*,#1101,.F.);
#1678=ORIENTED_EDGE('',*,*,#1173,.T.);
#1679=ORIENTED_EDGE('',*,*,#1231,.T.);
#1680=ORIENTED_EDGE('',*,*,#1232,.T.);
#1681=ORIENTED_EDGE('',*,*,#1233,.T.);
#1682=ORIENTED_EDGE('',*,*,#1226,.T.);
#1683=ORIENTED_EDGE('',*,*,#1234,.T.);
#1684=ORIENTED_EDGE('',*,*,#1174,.T.);
#1685=ORIENTED_EDGE('',*,*,#1233,.F.);
#1686=ORIENTED_EDGE('',*,*,#1235,.T.);
#1687=ORIENTED_EDGE('',*,*,#1236,.T.);
#1688=ORIENTED_EDGE('',*,*,#1175,.T.);
#1689=ORIENTED_EDGE('',*,*,#1234,.F.);
#1690=ORIENTED_EDGE('',*,*,#1237,.T.);
#1691=ORIENTED_EDGE('',*,*,#1164,.T.);
#1692=ORIENTED_EDGE('',*,*,#1236,.F.);
#1693=ORIENTED_EDGE('',*,*,#1238,.T.);
#1694=ORIENTED_EDGE('',*,*,#1239,.T.);
#1695=ORIENTED_EDGE('',*,*,#1165,.T.);
#1696=ORIENTED_EDGE('',*,*,#1237,.F.);
#1697=ORIENTED_EDGE('',*,*,#1240,.T.);
#1698=ORIENTED_EDGE('',*,*,#1241,.T.);
#1699=ORIENTED_EDGE('',*,*,#1166,.T.);
#1700=ORIENTED_EDGE('',*,*,#1239,.F.);
#1701=ORIENTED_EDGE('',*,*,#1242,.T.);
#1702=ORIENTED_EDGE('',*,*,#1167,.T.);
#1703=ORIENTED_EDGE('',*,*,#1241,.F.);
#1704=ORIENTED_EDGE('',*,*,#1243,.T.);
#1705=ORIENTED_EDGE('',*,*,#1222,.F.);
#1706=ORIENTED_EDGE('',*,*,#1231,.F.);
#1707=ORIENTED_EDGE('',*,*,#1172,.T.);
#1708=ORIENTED_EDGE('',*,*,#1244,.T.);
#1709=ORIENTED_EDGE('',*,*,#1245,.T.);
#1710=ORIENTED_EDGE('',*,*,#1244,.F.);
#1711=ORIENTED_EDGE('',*,*,#1171,.T.);
#1712=ORIENTED_EDGE('',*,*,#1246,.T.);
#1713=ORIENTED_EDGE('',*,*,#1247,.T.);
#1714=ORIENTED_EDGE('',*,*,#1246,.F.);
#1715=ORIENTED_EDGE('',*,*,#1170,.T.);
#1716=ORIENTED_EDGE('',*,*,#1248,.T.);
#1717=ORIENTED_EDGE('',*,*,#1249,.T.);
#1718=ORIENTED_EDGE('',*,*,#1250,.T.);
#1719=ORIENTED_EDGE('',*,*,#1248,.F.);
#1720=ORIENTED_EDGE('',*,*,#1169,.T.);
#1721=ORIENTED_EDGE('',*,*,#1224,.F.);
#1722=ORIENTED_EDGE('',*,*,#1251,.F.);
#1723=ORIENTED_EDGE('',*,*,#1102,.F.);
#1724=ORIENTED_EDGE('',*,*,#1230,.T.);
#1725=ORIENTED_EDGE('',*,*,#1243,.F.);
#1726=ORIENTED_EDGE('',*,*,#1252,.T.);
#1727=ORIENTED_EDGE('',*,*,#1240,.F.);
#1728=ORIENTED_EDGE('',*,*,#1253,.F.);
#1729=ORIENTED_EDGE('',*,*,#1098,.F.);
#1730=ORIENTED_EDGE('',*,*,#1242,.F.);
#1731=ORIENTED_EDGE('',*,*,#1252,.F.);
#1732=ORIENTED_EDGE('',*,*,#1103,.F.);
#1733=ORIENTED_EDGE('',*,*,#1251,.T.);
#1734=ORIENTED_EDGE('',*,*,#1254,.T.);
#1735=ORIENTED_EDGE('',*,*,#1235,.F.);
#1736=ORIENTED_EDGE('',*,*,#1225,.F.);
#1737=ORIENTED_EDGE('',*,*,#1100,.F.);
#1738=ORIENTED_EDGE('',*,*,#1238,.F.);
#1739=ORIENTED_EDGE('',*,*,#1254,.F.);
#1740=ORIENTED_EDGE('',*,*,#1099,.F.);
#1741=ORIENTED_EDGE('',*,*,#1253,.T.);
#1742=ORIENTED_EDGE('',*,*,#1219,.T.);
#1743=ORIENTED_EDGE('',*,*,#1095,.F.);
#1744=ORIENTED_EDGE('',*,*,#1255,.F.);
#1745=ORIENTED_EDGE('',*,*,#1220,.T.);
#1746=ORIENTED_EDGE('',*,*,#1255,.T.);
#1747=ORIENTED_EDGE('',*,*,#1094,.F.);
#1748=ORIENTED_EDGE('',*,*,#1217,.T.);
#1749=ORIENTED_EDGE('',*,*,#1221,.T.);
#1750=ORIENTED_EDGE('',*,*,#1256,.T.);
#1751=ORIENTED_EDGE('',*,*,#1257,.T.);
#1752=ORIENTED_EDGE('',*,*,#1258,.T.);
#1753=ORIENTED_EDGE('',*,*,#1259,.T.);
#1754=ORIENTED_EDGE('',*,*,#1080,.F.);
#1755=ORIENTED_EDGE('',*,*,#1091,.T.);
#1756=ORIENTED_EDGE('',*,*,#1260,.T.);
#1757=ORIENTED_EDGE('',*,*,#1261,.F.);
#1758=ORIENTED_EDGE('',*,*,#1070,.F.);
#1759=ORIENTED_EDGE('',*,*,#1105,.T.);
#1760=ORIENTED_EDGE('',*,*,#1106,.T.);
#1761=ORIENTED_EDGE('',*,*,#1052,.T.);
#1762=ORIENTED_EDGE('',*,*,#1055,.T.);
#1763=ORIENTED_EDGE('',*,*,#1057,.T.);
#1764=ORIENTED_EDGE('',*,*,#1139,.T.);
#1765=ORIENTED_EDGE('',*,*,#1142,.T.);
#1766=ORIENTED_EDGE('',*,*,#1186,.T.);
#1767=ORIENTED_EDGE('',*,*,#1187,.T.);
#1768=ORIENTED_EDGE('',*,*,#1134,.T.);
#1769=ORIENTED_EDGE('',*,*,#1072,.F.);
#1770=ORIENTED_EDGE('',*,*,#1262,.F.);
#1771=ORIENTED_EDGE('',*,*,#1263,.T.);
#1772=ORIENTED_EDGE('',*,*,#1089,.T.);
#1773=ORIENTED_EDGE('',*,*,#1137,.F.);
#1774=ORIENTED_EDGE('',*,*,#1264,.T.);
#1775=ORIENTED_EDGE('',*,*,#1265,.T.);
#1776=ORIENTED_EDGE('',*,*,#1258,.F.);
#1777=ORIENTED_EDGE('',*,*,#1266,.F.);
#1778=ORIENTED_EDGE('',*,*,#1267,.T.);
#1779=ORIENTED_EDGE('',*,*,#1268,.T.);
#1780=ORIENTED_EDGE('',*,*,#1259,.F.);
#1781=ORIENTED_EDGE('',*,*,#1265,.F.);
#1782=ORIENTED_EDGE('',*,*,#1269,.T.);
#1783=ORIENTED_EDGE('',*,*,#1270,.T.);
#1784=ORIENTED_EDGE('',*,*,#1256,.F.);
#1785=ORIENTED_EDGE('',*,*,#1268,.F.);
#1786=ORIENTED_EDGE('',*,*,#1271,.T.);
#1787=ORIENTED_EDGE('',*,*,#1266,.T.);
#1788=ORIENTED_EDGE('',*,*,#1257,.F.);
#1789=ORIENTED_EDGE('',*,*,#1270,.F.);
#1790=ORIENTED_EDGE('',*,*,#1272,.F.);
#1791=ORIENTED_EDGE('',*,*,#1250,.F.);
#1792=ORIENTED_EDGE('',*,*,#1229,.T.);
#1793=ORIENTED_EDGE('',*,*,#1273,.F.);
#1794=ORIENTED_EDGE('',*,*,#1274,.T.);
#1795=ORIENTED_EDGE('',*,*,#1275,.F.);
#1796=ORIENTED_EDGE('',*,*,#1276,.F.);
#1797=ORIENTED_EDGE('',*,*,#1277,.F.);
#1798=ORIENTED_EDGE('',*,*,#1273,.T.);
#1799=ORIENTED_EDGE('',*,*,#1228,.F.);
#1800=ORIENTED_EDGE('',*,*,#1264,.F.);
#1801=ORIENTED_EDGE('',*,*,#1271,.F.);
#1802=ORIENTED_EDGE('',*,*,#1269,.F.);
#1803=ORIENTED_EDGE('',*,*,#1267,.F.);
#1804=ORIENTED_EDGE('',*,*,#1227,.T.);
#1805=ORIENTED_EDGE('',*,*,#1232,.F.);
#1806=ORIENTED_EDGE('',*,*,#1278,.T.);
#1807=ORIENTED_EDGE('',*,*,#1274,.F.);
#1808=ORIENTED_EDGE('',*,*,#1261,.T.);
#1809=ORIENTED_EDGE('',*,*,#1279,.T.);
#1810=ORIENTED_EDGE('',*,*,#1262,.T.);
#1811=ORIENTED_EDGE('',*,*,#1071,.T.);
#1812=ORIENTED_EDGE('',*,*,#1263,.F.);
#1813=ORIENTED_EDGE('',*,*,#1279,.F.);
#1814=ORIENTED_EDGE('',*,*,#1260,.F.);
#1815=ORIENTED_EDGE('',*,*,#1090,.F.);
#1816=ORIENTED_EDGE('',*,*,#1278,.F.);
#1817=ORIENTED_EDGE('',*,*,#1245,.F.);
#1818=ORIENTED_EDGE('',*,*,#1280,.T.);
#1819=ORIENTED_EDGE('',*,*,#1275,.T.);
#1820=ORIENTED_EDGE('',*,*,#1281,.F.);
#1821=ORIENTED_EDGE('',*,*,#1249,.F.);
#1822=ORIENTED_EDGE('',*,*,#1272,.T.);
#1823=ORIENTED_EDGE('',*,*,#1277,.T.);
#1824=ORIENTED_EDGE('',*,*,#1280,.F.);
#1825=ORIENTED_EDGE('',*,*,#1247,.F.);
#1826=ORIENTED_EDGE('',*,*,#1281,.T.);
#1827=ORIENTED_EDGE('',*,*,#1276,.T.);
#1828=ORIENTED_EDGE('',*,*,#1282,.T.);
#1829=ORIENTED_EDGE('',*,*,#1283,.T.);
#1830=ORIENTED_EDGE('',*,*,#1284,.F.);
#1831=ORIENTED_EDGE('',*,*,#1285,.F.);
#1832=ORIENTED_EDGE('',*,*,#1286,.T.);
#1833=ORIENTED_EDGE('',*,*,#1285,.T.);
#1834=ORIENTED_EDGE('',*,*,#1287,.F.);
#1835=ORIENTED_EDGE('',*,*,#1288,.F.);
#1836=ORIENTED_EDGE('',*,*,#1289,.T.);
#1837=ORIENTED_EDGE('',*,*,#1288,.T.);
#1838=ORIENTED_EDGE('',*,*,#1290,.F.);
#1839=ORIENTED_EDGE('',*,*,#1291,.F.);
#1840=ORIENTED_EDGE('',*,*,#1292,.T.);
#1841=ORIENTED_EDGE('',*,*,#1291,.T.);
#1842=ORIENTED_EDGE('',*,*,#1293,.F.);
#1843=ORIENTED_EDGE('',*,*,#1283,.F.);
#1844=ORIENTED_EDGE('',*,*,#1294,.T.);
#1845=ORIENTED_EDGE('',*,*,#1295,.T.);
#1846=ORIENTED_EDGE('',*,*,#1296,.F.);
#1847=ORIENTED_EDGE('',*,*,#1297,.F.);
#1848=ORIENTED_EDGE('',*,*,#1298,.T.);
#1849=ORIENTED_EDGE('',*,*,#1297,.T.);
#1850=ORIENTED_EDGE('',*,*,#1299,.F.);
#1851=ORIENTED_EDGE('',*,*,#1300,.F.);
#1852=ORIENTED_EDGE('',*,*,#1301,.T.);
#1853=ORIENTED_EDGE('',*,*,#1300,.T.);
#1854=ORIENTED_EDGE('',*,*,#1302,.F.);
#1855=ORIENTED_EDGE('',*,*,#1303,.F.);
#1856=ORIENTED_EDGE('',*,*,#1304,.T.);
#1857=ORIENTED_EDGE('',*,*,#1303,.T.);
#1858=ORIENTED_EDGE('',*,*,#1305,.F.);
#1859=ORIENTED_EDGE('',*,*,#1306,.F.);
#1860=ORIENTED_EDGE('',*,*,#1307,.T.);
#1861=ORIENTED_EDGE('',*,*,#1306,.T.);
#1862=ORIENTED_EDGE('',*,*,#1308,.F.);
#1863=ORIENTED_EDGE('',*,*,#1309,.F.);
#1864=ORIENTED_EDGE('',*,*,#1310,.T.);
#1865=ORIENTED_EDGE('',*,*,#1309,.T.);
#1866=ORIENTED_EDGE('',*,*,#1311,.F.);
#1867=ORIENTED_EDGE('',*,*,#1312,.F.);
#1868=ORIENTED_EDGE('',*,*,#1313,.T.);
#1869=ORIENTED_EDGE('',*,*,#1312,.T.);
#1870=ORIENTED_EDGE('',*,*,#1314,.F.);
#1871=ORIENTED_EDGE('',*,*,#1315,.F.);
#1872=ORIENTED_EDGE('',*,*,#1316,.T.);
#1873=ORIENTED_EDGE('',*,*,#1315,.T.);
#1874=ORIENTED_EDGE('',*,*,#1317,.F.);
#1875=ORIENTED_EDGE('',*,*,#1318,.F.);
#1876=ORIENTED_EDGE('',*,*,#1319,.T.);
#1877=ORIENTED_EDGE('',*,*,#1318,.T.);
#1878=ORIENTED_EDGE('',*,*,#1320,.F.);
#1879=ORIENTED_EDGE('',*,*,#1321,.F.);
#1880=ORIENTED_EDGE('',*,*,#1322,.T.);
#1881=ORIENTED_EDGE('',*,*,#1321,.T.);
#1882=ORIENTED_EDGE('',*,*,#1323,.F.);
#1883=ORIENTED_EDGE('',*,*,#1295,.F.);
#1884=ORIENTED_EDGE('',*,*,#1322,.F.);
#1885=ORIENTED_EDGE('',*,*,#1294,.F.);
#1886=ORIENTED_EDGE('',*,*,#1298,.F.);
#1887=ORIENTED_EDGE('',*,*,#1301,.F.);
#1888=ORIENTED_EDGE('',*,*,#1304,.F.);
#1889=ORIENTED_EDGE('',*,*,#1307,.F.);
#1890=ORIENTED_EDGE('',*,*,#1310,.F.);
#1891=ORIENTED_EDGE('',*,*,#1313,.F.);
#1892=ORIENTED_EDGE('',*,*,#1316,.F.);
#1893=ORIENTED_EDGE('',*,*,#1319,.F.);
#1894=ORIENTED_EDGE('',*,*,#1292,.F.);
#1895=ORIENTED_EDGE('',*,*,#1282,.F.);
#1896=ORIENTED_EDGE('',*,*,#1286,.F.);
#1897=ORIENTED_EDGE('',*,*,#1289,.F.);
#1898=ORIENTED_EDGE('',*,*,#1323,.T.);
#1899=ORIENTED_EDGE('',*,*,#1320,.T.);
#1900=ORIENTED_EDGE('',*,*,#1317,.T.);
#1901=ORIENTED_EDGE('',*,*,#1314,.T.);
#1902=ORIENTED_EDGE('',*,*,#1311,.T.);
#1903=ORIENTED_EDGE('',*,*,#1308,.T.);
#1904=ORIENTED_EDGE('',*,*,#1305,.T.);
#1905=ORIENTED_EDGE('',*,*,#1302,.T.);
#1906=ORIENTED_EDGE('',*,*,#1299,.T.);
#1907=ORIENTED_EDGE('',*,*,#1296,.T.);
#1908=ORIENTED_EDGE('',*,*,#1293,.T.);
#1909=ORIENTED_EDGE('',*,*,#1290,.T.);
#1910=ORIENTED_EDGE('',*,*,#1287,.T.);
#1911=ORIENTED_EDGE('',*,*,#1284,.T.);
#1912=ORIENTED_EDGE('',*,*,#1324,.T.);
#1913=ORIENTED_EDGE('',*,*,#1325,.T.);
#1914=ORIENTED_EDGE('',*,*,#1326,.F.);
#1915=ORIENTED_EDGE('',*,*,#1327,.F.);
#1916=ORIENTED_EDGE('',*,*,#1328,.T.);
#1917=ORIENTED_EDGE('',*,*,#1327,.T.);
#1918=ORIENTED_EDGE('',*,*,#1329,.F.);
#1919=ORIENTED_EDGE('',*,*,#1330,.F.);
#1920=ORIENTED_EDGE('',*,*,#1331,.T.);
#1921=ORIENTED_EDGE('',*,*,#1330,.T.);
#1922=ORIENTED_EDGE('',*,*,#1332,.F.);
#1923=ORIENTED_EDGE('',*,*,#1333,.F.);
#1924=ORIENTED_EDGE('',*,*,#1334,.T.);
#1925=ORIENTED_EDGE('',*,*,#1333,.T.);
#1926=ORIENTED_EDGE('',*,*,#1335,.F.);
#1927=ORIENTED_EDGE('',*,*,#1336,.F.);
#1928=ORIENTED_EDGE('',*,*,#1337,.T.);
#1929=ORIENTED_EDGE('',*,*,#1336,.T.);
#1930=ORIENTED_EDGE('',*,*,#1338,.F.);
#1931=ORIENTED_EDGE('',*,*,#1339,.F.);
#1932=ORIENTED_EDGE('',*,*,#1340,.T.);
#1933=ORIENTED_EDGE('',*,*,#1339,.T.);
#1934=ORIENTED_EDGE('',*,*,#1341,.F.);
#1935=ORIENTED_EDGE('',*,*,#1342,.F.);
#1936=ORIENTED_EDGE('',*,*,#1343,.T.);
#1937=ORIENTED_EDGE('',*,*,#1342,.T.);
#1938=ORIENTED_EDGE('',*,*,#1344,.F.);
#1939=ORIENTED_EDGE('',*,*,#1345,.F.);
#1940=ORIENTED_EDGE('',*,*,#1346,.T.);
#1941=ORIENTED_EDGE('',*,*,#1345,.T.);
#1942=ORIENTED_EDGE('',*,*,#1347,.F.);
#1943=ORIENTED_EDGE('',*,*,#1348,.F.);
#1944=ORIENTED_EDGE('',*,*,#1349,.T.);
#1945=ORIENTED_EDGE('',*,*,#1348,.T.);
#1946=ORIENTED_EDGE('',*,*,#1350,.F.);
#1947=ORIENTED_EDGE('',*,*,#1351,.F.);
#1948=ORIENTED_EDGE('',*,*,#1352,.T.);
#1949=ORIENTED_EDGE('',*,*,#1351,.T.);
#1950=ORIENTED_EDGE('',*,*,#1353,.F.);
#1951=ORIENTED_EDGE('',*,*,#1325,.F.);
#1952=ORIENTED_EDGE('',*,*,#1352,.F.);
#1953=ORIENTED_EDGE('',*,*,#1324,.F.);
#1954=ORIENTED_EDGE('',*,*,#1328,.F.);
#1955=ORIENTED_EDGE('',*,*,#1331,.F.);
#1956=ORIENTED_EDGE('',*,*,#1334,.F.);
#1957=ORIENTED_EDGE('',*,*,#1337,.F.);
#1958=ORIENTED_EDGE('',*,*,#1340,.F.);
#1959=ORIENTED_EDGE('',*,*,#1343,.F.);
#1960=ORIENTED_EDGE('',*,*,#1346,.F.);
#1961=ORIENTED_EDGE('',*,*,#1349,.F.);
#1962=ORIENTED_EDGE('',*,*,#1353,.T.);
#1963=ORIENTED_EDGE('',*,*,#1350,.T.);
#1964=ORIENTED_EDGE('',*,*,#1347,.T.);
#1965=ORIENTED_EDGE('',*,*,#1344,.T.);
#1966=ORIENTED_EDGE('',*,*,#1341,.T.);
#1967=ORIENTED_EDGE('',*,*,#1338,.T.);
#1968=ORIENTED_EDGE('',*,*,#1335,.T.);
#1969=ORIENTED_EDGE('',*,*,#1332,.T.);
#1970=ORIENTED_EDGE('',*,*,#1329,.T.);
#1971=ORIENTED_EDGE('',*,*,#1326,.T.);
#1972=PLANE('',#2205);
#1973=PLANE('',#2206);
#1974=PLANE('',#2207);
#1975=PLANE('',#2208);
#1976=PLANE('',#2209);
#1977=PLANE('',#2210);
#1978=PLANE('',#2212);
#1979=PLANE('',#2214);
#1980=PLANE('',#2215);
#1981=PLANE('',#2222);
#1982=PLANE('',#2223);
#1983=PLANE('',#2224);
#1984=PLANE('',#2225);
#1985=PLANE('',#2236);
#1986=PLANE('',#2237);
#1987=PLANE('',#2239);
#1988=PLANE('',#2240);
#1989=PLANE('',#2241);
#1990=PLANE('',#2242);
#1991=PLANE('',#2243);
#1992=PLANE('',#2245);
#1993=PLANE('',#2254);
#1994=PLANE('',#2256);
#1995=PLANE('',#2257);
#1996=PLANE('',#2264);
#1997=PLANE('',#2266);
#1998=PLANE('',#2267);
#1999=PLANE('',#2268);
#2000=PLANE('',#2270);
#2001=PLANE('',#2271);
#2002=PLANE('',#2273);
#2003=PLANE('',#2274);
#2004=PLANE('',#2275);
#2005=PLANE('',#2282);
#2006=PLANE('',#2284);
#2007=PLANE('',#2286);
#2008=PLANE('',#2287);
#2009=PLANE('',#2288);
#2010=PLANE('',#2290);
#2011=PLANE('',#2292);
#2012=PLANE('',#2293);
#2013=PLANE('',#2294);
#2014=PLANE('',#2297);
#2015=PLANE('',#2298);
#2016=PLANE('',#2299);
#2017=PLANE('',#2300);
#2018=PLANE('',#2301);
#2019=PLANE('',#2302);
#2020=PLANE('',#2303);
#2021=PLANE('',#2304);
#2022=PLANE('',#2305);
#2023=PLANE('',#2306);
#2024=PLANE('',#2307);
#2025=PLANE('',#2310);
#2026=PLANE('',#2313);
#2027=PLANE('',#2316);
#2028=PLANE('',#2319);
#2029=PLANE('',#2320);
#2030=PLANE('',#2321);
#2031=PLANE('',#2323);
#2032=PLANE('',#2325);
#2033=PLANE('',#2326);
#2034=PLANE('',#2327);
#2035=PLANE('',#2330);
#2036=PLANE('',#2331);
#2037=PLANE('',#2334);
#2038=PLANE('',#2337);
#2039=PLANE('',#2338);
#2040=PLANE('',#2339);
#2041=PLANE('',#2342);
#2042=PLANE('',#2343);
#2043=PLANE('',#2344);
#2044=PLANE('',#2347);
#2045=PLANE('',#2348);
#2046=PLANE('',#2349);
#2047=PLANE('',#2350);
#2048=PLANE('',#2351);
#2049=PLANE('',#2352);
#2050=PLANE('',#2353);
#2051=PLANE('',#2354);
#2052=PLANE('',#2355);
#2053=PLANE('',#2356);
#2054=PLANE('',#2357);
#2055=PLANE('',#2358);
#2056=PLANE('',#2359);
#2057=PLANE('',#2360);
#2058=PLANE('',#2361);
#2059=PLANE('',#2362);
#2060=PLANE('',#2363);
#2061=PLANE('',#2364);
#2062=PLANE('',#2365);
#2063=PLANE('',#2366);
#2064=PLANE('',#2367);
#2065=PLANE('',#2368);
#2066=PLANE('',#2369);
#2067=PLANE('',#2370);
#2068=PLANE('',#2371);
#2069=PLANE('',#2372);
#2070=PLANE('',#2373);
#2071=PLANE('',#2374);
#2072=PLANE('',#2375);
#2073=ADVANCED_FACE('',(#101),#1972,.T.);
#2074=ADVANCED_FACE('',(#102),#1973,.F.);
#2075=ADVANCED_FACE('',(#103),#1974,.F.);
#2076=ADVANCED_FACE('',(#104),#1975,.F.);
#2077=ADVANCED_FACE('',(#105),#1976,.T.);
#2078=ADVANCED_FACE('',(#106),#1977,.F.);
#2079=ADVANCED_FACE('',(#107),#1978,.F.);
#2080=ADVANCED_FACE('',(#108),#1979,.T.);
#2081=ADVANCED_FACE('',(#109,#39,#40),#1980,.F.);
#2082=ADVANCED_FACE('',(#110),#1981,.F.);
#2083=ADVANCED_FACE('',(#111),#1982,.F.);
#2084=ADVANCED_FACE('',(#112),#1983,.F.);
#2085=ADVANCED_FACE('',(#113),#1984,.T.);
#2086=ADVANCED_FACE('',(#114),#29,.T.);
#2087=ADVANCED_FACE('',(#115),#1985,.F.);
#2088=ADVANCED_FACE('',(#116),#1986,.F.);
#2089=ADVANCED_FACE('',(#117),#1987,.T.);
#2090=ADVANCED_FACE('',(#118),#1988,.F.);
#2091=ADVANCED_FACE('',(#119),#1989,.T.);
#2092=ADVANCED_FACE('',(#120),#1990,.F.);
#2093=ADVANCED_FACE('',(#121),#1991,.F.);
#2094=ADVANCED_FACE('',(#122),#1992,.F.);
#2095=ADVANCED_FACE('',(#123),#30,.T.);
#2096=ADVANCED_FACE('',(#124),#1993,.F.);
#2097=ADVANCED_FACE('',(#125),#1994,.T.);
#2098=ADVANCED_FACE('',(#126,#41),#1995,.T.);
#2099=ADVANCED_FACE('',(#127),#1996,.F.);
#2100=ADVANCED_FACE('',(#128),#1997,.F.);
#2101=ADVANCED_FACE('',(#129),#1998,.F.);
#2102=ADVANCED_FACE('',(#130),#1999,.F.);
#2103=ADVANCED_FACE('',(#131),#2000,.F.);
#2104=ADVANCED_FACE('',(#132),#2001,.F.);
#2105=ADVANCED_FACE('',(#133),#2002,.F.);
#2106=ADVANCED_FACE('',(#134),#2003,.F.);
#2107=ADVANCED_FACE('',(#135),#2004,.F.);
#2108=ADVANCED_FACE('',(#136),#31,.T.);
#2109=ADVANCED_FACE('',(#137),#2005,.F.);
#2110=ADVANCED_FACE('',(#138),#2006,.F.);
#2111=ADVANCED_FACE('',(#139),#2007,.T.);
#2112=ADVANCED_FACE('',(#140),#2008,.F.);
#2113=ADVANCED_FACE('',(#141),#2009,.F.);
#2114=ADVANCED_FACE('',(#142),#2010,.F.);
#2115=ADVANCED_FACE('',(#143),#2011,.F.);
#2116=ADVANCED_FACE('',(#144),#2012,.T.);
#2117=ADVANCED_FACE('',(#145),#2013,.F.);
#2118=ADVANCED_FACE('',(#146),#32,.T.);
#2119=ADVANCED_FACE('',(#147),#2014,.T.);
#2120=ADVANCED_FACE('',(#148),#2015,.T.);
#2121=ADVANCED_FACE('',(#149),#2016,.F.);
#2122=ADVANCED_FACE('',(#150),#2017,.T.);
#2123=ADVANCED_FACE('',(#151),#2018,.T.);
#2124=ADVANCED_FACE('',(#152),#2019,.T.);
#2125=ADVANCED_FACE('',(#153),#2020,.T.);
#2126=ADVANCED_FACE('',(#154),#2021,.F.);
#2127=ADVANCED_FACE('',(#155),#2022,.T.);
#2128=ADVANCED_FACE('',(#156),#2023,.T.);
#2129=ADVANCED_FACE('',(#157),#2024,.T.);
#2130=ADVANCED_FACE('',(#158),#25,.F.);
#2131=ADVANCED_FACE('',(#159),#2025,.T.);
#2132=ADVANCED_FACE('',(#160),#26,.F.);
#2133=ADVANCED_FACE('',(#161),#2026,.T.);
#2134=ADVANCED_FACE('',(#162),#27,.T.);
#2135=ADVANCED_FACE('',(#163),#2027,.T.);
#2136=ADVANCED_FACE('',(#164),#28,.T.);
#2137=ADVANCED_FACE('',(#165),#2028,.T.);
#2138=ADVANCED_FACE('',(#166),#2029,.F.);
#2139=ADVANCED_FACE('',(#167),#2030,.F.);
#2140=ADVANCED_FACE('',(#168),#33,.F.);
#2141=ADVANCED_FACE('',(#169),#2031,.F.);
#2142=ADVANCED_FACE('',(#170),#34,.F.);
#2143=ADVANCED_FACE('',(#171),#2032,.T.);
#2144=ADVANCED_FACE('',(#172),#2033,.T.);
#2145=ADVANCED_FACE('',(#173),#2034,.F.);
#2146=ADVANCED_FACE('',(#174),#2035,.T.);
#2147=ADVANCED_FACE('',(#175),#2036,.T.);
#2148=ADVANCED_FACE('',(#176),#35,.T.);
#2149=ADVANCED_FACE('',(#177),#2037,.F.);
#2150=ADVANCED_FACE('',(#178),#36,.T.);
#2151=ADVANCED_FACE('',(#179),#2038,.F.);
#2152=ADVANCED_FACE('',(#180),#2039,.T.);
#2153=ADVANCED_FACE('',(#181,#42),#2040,.F.);
#2154=ADVANCED_FACE('',(#182),#2041,.T.);
#2155=ADVANCED_FACE('',(#183),#2042,.T.);
#2156=ADVANCED_FACE('',(#184),#2043,.F.);
#2157=ADVANCED_FACE('',(#185),#37,.T.);
#2158=ADVANCED_FACE('',(#186),#38,.T.);
#2159=ADVANCED_FACE('',(#187),#2044,.T.);
#2160=ADVANCED_FACE('',(#188),#2045,.T.);
#2161=ADVANCED_FACE('',(#189),#2046,.T.);
#2162=ADVANCED_FACE('',(#190),#2047,.T.);
#2163=ADVANCED_FACE('',(#191),#2048,.T.);
#2164=ADVANCED_FACE('',(#192),#2049,.T.);
#2165=ADVANCED_FACE('',(#193),#2050,.T.);
#2166=ADVANCED_FACE('',(#194),#2051,.T.);
#2167=ADVANCED_FACE('',(#195),#2052,.T.);
#2168=ADVANCED_FACE('',(#196),#2053,.T.);
#2169=ADVANCED_FACE('',(#197),#2054,.T.);
#2170=ADVANCED_FACE('',(#198),#2055,.T.);
#2171=ADVANCED_FACE('',(#199),#2056,.T.);
#2172=ADVANCED_FACE('',(#200),#2057,.T.);
#2173=ADVANCED_FACE('',(#201),#2058,.T.);
#2174=ADVANCED_FACE('',(#202,#43),#2059,.T.);
#2175=ADVANCED_FACE('',(#203,#44),#2060,.T.);
#2176=ADVANCED_FACE('',(#204),#2061,.T.);
#2177=ADVANCED_FACE('',(#205),#2062,.T.);
#2178=ADVANCED_FACE('',(#206),#2063,.T.);
#2179=ADVANCED_FACE('',(#207),#2064,.T.);
#2180=ADVANCED_FACE('',(#208),#2065,.T.);
#2181=ADVANCED_FACE('',(#209),#2066,.T.);
#2182=ADVANCED_FACE('',(#210),#2067,.T.);
#2183=ADVANCED_FACE('',(#211),#2068,.T.);
#2184=ADVANCED_FACE('',(#212),#2069,.T.);
#2185=ADVANCED_FACE('',(#213),#2070,.T.);
#2186=ADVANCED_FACE('',(#214),#2071,.T.);
#2187=ADVANCED_FACE('',(#215),#2072,.T.);
#2188=CLOSED_SHELL('',(#2073,#2074,#2075,#2076,#2077,#2078,#2079,#2080,
#2081,#2082,#2083,#2084,#2085,#2086,#2087,#2088,#2089,#2090,#2091,#2092,
#2093,#2094,#2095,#2096,#2097,#2098,#2099,#2100,#2101,#2102,#2103,#2104,
#2105,#2106,#2107,#2108,#2109,#2110,#2111,#2112,#2113,#2114,#2115,#2116,
#2117,#2118,#2119,#2120,#2121,#2122,#2123,#2124,#2125,#2126,#2127,#2128,
#2129,#2130,#2131,#2132,#2133,#2134,#2135,#2136,#2137,#2138,#2139,#2140,
#2141,#2142,#2143,#2144,#2145,#2146,#2147,#2148,#2149,#2150,#2151,#2152,
#2153,#2154,#2155,#2156,#2157,#2158,#2159));
#2189=CLOSED_SHELL('',(#2160,#2161,#2162,#2163,#2164,#2165,#2166,#2167,
#2168,#2169,#2170,#2171,#2172,#2173,#2174,#2175));
#2190=CLOSED_SHELL('',(#2176,#2177,#2178,#2179,#2180,#2181,#2182,#2183,
#2184,#2185,#2186,#2187));
#2191=DERIVED_UNIT_ELEMENT(#2193,1.);
#2192=DERIVED_UNIT_ELEMENT(#3614,-3.);
#2193=(
MASS_UNIT()
NAMED_UNIT(*)
SI_UNIT(.KILO.,.GRAM.)
);
#2194=DERIVED_UNIT((#2191,#2192));
#2195=MEASURE_REPRESENTATION_ITEM('density measure',
POSITIVE_RATIO_MEASURE(7850.),#2194);
#2196=PROPERTY_DEFINITION_REPRESENTATION(#2201,#2198);
#2197=PROPERTY_DEFINITION_REPRESENTATION(#2202,#2199);
#2198=REPRESENTATION('material name',(#2200),#3611);
#2199=REPRESENTATION('density',(#2195),#3611);
#2200=DESCRIPTIVE_REPRESENTATION_ITEM('Steel','Steel');
#2201=PROPERTY_DEFINITION('material property','material name',#3626);
#2202=PROPERTY_DEFINITION('material property','density of part',#3626);
#2203=AXIS2_PLACEMENT_3D('',#2978,#2377,#2378);
#2204=AXIS2_PLACEMENT_3D('',#2979,#2379,#2380);
#2205=AXIS2_PLACEMENT_3D('',#2980,#2381,#2382);
#2206=AXIS2_PLACEMENT_3D('',#2993,#2389,#2390);
#2207=AXIS2_PLACEMENT_3D('',#2999,#2394,#2395);
#2208=AXIS2_PLACEMENT_3D('',#3003,#2398,#2399);
#2209=AXIS2_PLACEMENT_3D('',#3007,#2402,#2403);
#2210=AXIS2_PLACEMENT_3D('',#3020,#2410,#2411);
#2211=AXIS2_PLACEMENT_3D('',#3024,#2413,#2414);
#2212=AXIS2_PLACEMENT_3D('',#3026,#2416,#2417);
#2213=AXIS2_PLACEMENT_3D('',#3029,#2419,#2420);
#2214=AXIS2_PLACEMENT_3D('',#3030,#2421,#2422);
#2215=AXIS2_PLACEMENT_3D('',#3053,#2435,#2436);
#2216=AXIS2_PLACEMENT_3D('',#3055,#2437,#2438);
#2217=AXIS2_PLACEMENT_3D('',#3059,#2440,#2441);
#2218=AXIS2_PLACEMENT_3D('',#3063,#2443,#2444);
#2219=AXIS2_PLACEMENT_3D('',#3067,#2446,#2447);
#2220=AXIS2_PLACEMENT_3D('',#3091,#2459,#2460);
#2221=AXIS2_PLACEMENT_3D('',#3098,#2464,#2465);
#2222=AXIS2_PLACEMENT_3D('',#3099,#2466,#2467);
#2223=AXIS2_PLACEMENT_3D('',#3103,#2470,#2471);
#2224=AXIS2_PLACEMENT_3D('',#3105,#2473,#2474);
#2225=AXIS2_PLACEMENT_3D('',#3114,#2479,#2480);
#2226=AXIS2_PLACEMENT_3D('',#3117,#2483,#2484);
#2227=AXIS2_PLACEMENT_3D('',#3119,#2485,#2486);
#2228=AXIS2_PLACEMENT_3D('',#3121,#2487,#2488);
#2229=AXIS2_PLACEMENT_3D('',#3123,#2489,#2490);
#2230=AXIS2_PLACEMENT_3D('',#3127,#2492,#2493);
#2231=AXIS2_PLACEMENT_3D('',#3129,#2494,#2495);
#2232=AXIS2_PLACEMENT_3D('',#3134,#2498,#2499);
#2233=AXIS2_PLACEMENT_3D('',#3136,#2500,#2501);
#2234=AXIS2_PLACEMENT_3D('',#3140,#2503,#2504);
#2235=AXIS2_PLACEMENT_3D('',#3142,#2505,#2506);
#2236=AXIS2_PLACEMENT_3D('',#3144,#2508,#2509);
#2237=AXIS2_PLACEMENT_3D('',#3150,#2513,#2514);
#2238=AXIS2_PLACEMENT_3D('',#3153,#2516,#2517);
#2239=AXIS2_PLACEMENT_3D('',#3154,#2518,#2519);
#2240=AXIS2_PLACEMENT_3D('',#3158,#2522,#2523);
#2241=AXIS2_PLACEMENT_3D('',#3162,#2526,#2527);
#2242=AXIS2_PLACEMENT_3D('',#3166,#2530,#2531);
#2243=AXIS2_PLACEMENT_3D('',#3170,#2534,#2535);
#2244=AXIS2_PLACEMENT_3D('',#3171,#2536,#2537);
#2245=AXIS2_PLACEMENT_3D('',#3172,#2538,#2539);
#2246=AXIS2_PLACEMENT_3D('',#3176,#2542,#2543);
#2247=AXIS2_PLACEMENT_3D('',#3179,#2544,#2545);
#2248=AXIS2_PLACEMENT_3D('',#3182,#2547,#2548);
#2249=AXIS2_PLACEMENT_3D('',#3184,#2549,#2550);
#2250=AXIS2_PLACEMENT_3D('',#3187,#2552,#2553);
#2251=AXIS2_PLACEMENT_3D('',#3191,#2555,#2556);
#2252=AXIS2_PLACEMENT_3D('',#3193,#2557,#2558);
#2253=AXIS2_PLACEMENT_3D('',#3196,#2560,#2561);
#2254=AXIS2_PLACEMENT_3D('',#3197,#2562,#2563);
#2255=AXIS2_PLACEMENT_3D('',#3201,#2565,#2566);
#2256=AXIS2_PLACEMENT_3D('',#3203,#2568,#2569);
#2257=AXIS2_PLACEMENT_3D('',#3209,#2573,#2574);
#2258=AXIS2_PLACEMENT_3D('',#3213,#2576,#2577);
#2259=AXIS2_PLACEMENT_3D('',#3216,#2579,#2580);
#2260=AXIS2_PLACEMENT_3D('',#3219,#2581,#2582);
#2261=AXIS2_PLACEMENT_3D('',#3223,#2584,#2585);
#2262=AXIS2_PLACEMENT_3D('',#3231,#2589,#2590);
#2263=AXIS2_PLACEMENT_3D('',#3235,#2592,#2593);
#2264=AXIS2_PLACEMENT_3D('',#3241,#2597,#2598);
#2265=AXIS2_PLACEMENT_3D('',#3242,#2599,#2600);
#2266=AXIS2_PLACEMENT_3D('',#3243,#2601,#2602);
#2267=AXIS2_PLACEMENT_3D('',#3245,#2604,#2605);
#2268=AXIS2_PLACEMENT_3D('',#3247,#2607,#2608);
#2269=AXIS2_PLACEMENT_3D('',#3249,#2609,#2610);
#2270=AXIS2_PLACEMENT_3D('',#3251,#2612,#2613);
#2271=AXIS2_PLACEMENT_3D('',#3255,#2616,#2617);
#2272=AXIS2_PLACEMENT_3D('',#3257,#2618,#2619);
#2273=AXIS2_PLACEMENT_3D('',#3259,#2621,#2622);
#2274=AXIS2_PLACEMENT_3D('',#3263,#2625,#2626);
#2275=AXIS2_PLACEMENT_3D('',#3265,#2628,#2629);
#2276=AXIS2_PLACEMENT_3D('',#3267,#2630,#2631);
#2277=AXIS2_PLACEMENT_3D('',#3269,#2633,#2634);
#2278=AXIS2_PLACEMENT_3D('',#3272,#2635,#2636);
#2279=AXIS2_PLACEMENT_3D('',#3278,#2640,#2641);
#2280=AXIS2_PLACEMENT_3D('',#3280,#2642,#2643);
#2281=AXIS2_PLACEMENT_3D('',#3283,#2645,#2646);
#2282=AXIS2_PLACEMENT_3D('',#3284,#2647,#2648);
#2283=AXIS2_PLACEMENT_3D('',#3288,#2650,#2651);
#2284=AXIS2_PLACEMENT_3D('',#3290,#2653,#2654);
#2285=AXIS2_PLACEMENT_3D('',#3294,#2656,#2657);
#2286=AXIS2_PLACEMENT_3D('',#3296,#2659,#2660);
#2287=AXIS2_PLACEMENT_3D('',#3297,#2661,#2662);
#2288=AXIS2_PLACEMENT_3D('',#3303,#2666,#2667);
#2289=AXIS2_PLACEMENT_3D('',#3304,#2668,#2669);
#2290=AXIS2_PLACEMENT_3D('',#3305,#2670,#2671);
#2291=AXIS2_PLACEMENT_3D('',#3306,#2672,#2673);
#2292=AXIS2_PLACEMENT_3D('',#3307,#2674,#2675);
#2293=AXIS2_PLACEMENT_3D('',#3308,#2676,#2677);
#2294=AXIS2_PLACEMENT_3D('',#3312,#2680,#2681);
#2295=AXIS2_PLACEMENT_3D('',#3313,#2682,#2683);
#2296=AXIS2_PLACEMENT_3D('',#3314,#2684,#2685);
#2297=AXIS2_PLACEMENT_3D('',#3317,#2688,#2689);
#2298=AXIS2_PLACEMENT_3D('',#3318,#2690,#2691);
#2299=AXIS2_PLACEMENT_3D('',#3319,#2692,#2693);
#2300=AXIS2_PLACEMENT_3D('',#3323,#2696,#2697);
#2301=AXIS2_PLACEMENT_3D('',#3327,#2700,#2701);
#2302=AXIS2_PLACEMENT_3D('',#3331,#2704,#2705);
#2303=AXIS2_PLACEMENT_3D('',#3335,#2708,#2709);
#2304=AXIS2_PLACEMENT_3D('',#3341,#2713,#2714);
#2305=AXIS2_PLACEMENT_3D('',#3352,#2721,#2722);
#2306=AXIS2_PLACEMENT_3D('',#3357,#2726,#2727);
#2307=AXIS2_PLACEMENT_3D('',#3359,#2729,#2730);
#2308=AXIS2_PLACEMENT_3D('',#3363,#2733,#2734);
#2309=AXIS2_PLACEMENT_3D('',#3366,#2736,#2737);
#2310=AXIS2_PLACEMENT_3D('',#3367,#2738,#2739);
#2311=AXIS2_PLACEMENT_3D('',#3371,#2742,#2743);
#2312=AXIS2_PLACEMENT_3D('',#3374,#2745,#2746);
#2313=AXIS2_PLACEMENT_3D('',#3375,#2747,#2748);
#2314=AXIS2_PLACEMENT_3D('',#3377,#2750,#2751);
#2315=AXIS2_PLACEMENT_3D('',#3380,#2753,#2754);
#2316=AXIS2_PLACEMENT_3D('',#3381,#2755,#2756);
#2317=AXIS2_PLACEMENT_3D('',#3385,#2759,#2760);
#2318=AXIS2_PLACEMENT_3D('',#3388,#2762,#2763);
#2319=AXIS2_PLACEMENT_3D('',#3389,#2764,#2765);
#2320=AXIS2_PLACEMENT_3D('',#3391,#2767,#2768);
#2321=AXIS2_PLACEMENT_3D('',#3393,#2770,#2771);
#2322=AXIS2_PLACEMENT_3D('',#3396,#2774,#2775);
#2323=AXIS2_PLACEMENT_3D('',#3397,#2776,#2777);
#2324=AXIS2_PLACEMENT_3D('',#3399,#2779,#2780);
#2325=AXIS2_PLACEMENT_3D('',#3400,#2781,#2782);
#2326=AXIS2_PLACEMENT_3D('',#3402,#2784,#2785);
#2327=AXIS2_PLACEMENT_3D('',#3403,#2786,#2787);
#2328=AXIS2_PLACEMENT_3D('',#3406,#2788,#2789);
#2329=AXIS2_PLACEMENT_3D('',#3410,#2791,#2792);
#2330=AXIS2_PLACEMENT_3D('',#3412,#2794,#2795);
#2331=AXIS2_PLACEMENT_3D('',#3416,#2798,#2799);
#2332=AXIS2_PLACEMENT_3D('',#3420,#2802,#2803);
#2333=AXIS2_PLACEMENT_3D('',#3423,#2804,#2805);
#2334=AXIS2_PLACEMENT_3D('',#3426,#2808,#2809);
#2335=AXIS2_PLACEMENT_3D('',#3430,#2812,#2813);
#2336=AXIS2_PLACEMENT_3D('',#3432,#2814,#2815);
#2337=AXIS2_PLACEMENT_3D('',#3434,#2817,#2818);
#2338=AXIS2_PLACEMENT_3D('',#3436,#2820,#2821);
#2339=AXIS2_PLACEMENT_3D('',#3440,#2824,#2825);
#2340=AXIS2_PLACEMENT_3D('',#3444,#2827,#2828);
#2341=AXIS2_PLACEMENT_3D('',#3447,#2830,#2831);
#2342=AXIS2_PLACEMENT_3D('',#3448,#2832,#2833);
#2343=AXIS2_PLACEMENT_3D('',#3450,#2835,#2836);
#2344=AXIS2_PLACEMENT_3D('',#3452,#2838,#2839);
#2345=AXIS2_PLACEMENT_3D('',#3453,#2840,#2841);
#2346=AXIS2_PLACEMENT_3D('',#3455,#2843,#2844);
#2347=AXIS2_PLACEMENT_3D('',#3457,#2846,#2847);
#2348=AXIS2_PLACEMENT_3D('',#3458,#2848,#2849);
#2349=AXIS2_PLACEMENT_3D('',#3467,#2854,#2855);
#2350=AXIS2_PLACEMENT_3D('',#3473,#2859,#2860);
#2351=AXIS2_PLACEMENT_3D('',#3479,#2864,#2865);
#2352=AXIS2_PLACEMENT_3D('',#3482,#2868,#2869);
#2353=AXIS2_PLACEMENT_3D('',#3491,#2874,#2875);
#2354=AXIS2_PLACEMENT_3D('',#3497,#2879,#2880);
#2355=AXIS2_PLACEMENT_3D('',#3503,#2884,#2885);
#2356=AXIS2_PLACEMENT_3D('',#3509,#2889,#2890);
#2357=AXIS2_PLACEMENT_3D('',#3515,#2894,#2895);
#2358=AXIS2_PLACEMENT_3D('',#3521,#2899,#2900);
#2359=AXIS2_PLACEMENT_3D('',#3527,#2904,#2905);
#2360=AXIS2_PLACEMENT_3D('',#3533,#2909,#2910);
#2361=AXIS2_PLACEMENT_3D('',#3539,#2914,#2915);
#2362=AXIS2_PLACEMENT_3D('',#3542,#2918,#2919);
#2363=AXIS2_PLACEMENT_3D('',#3543,#2920,#2921);
#2364=AXIS2_PLACEMENT_3D('',#3544,#2922,#2923);
#2365=AXIS2_PLACEMENT_3D('',#3553,#2928,#2929);
#2366=AXIS2_PLACEMENT_3D('',#3559,#2933,#2934);
#2367=AXIS2_PLACEMENT_3D('',#3565,#2938,#2939);
#2368=AXIS2_PLACEMENT_3D('',#3571,#2943,#2944);
#2369=AXIS2_PLACEMENT_3D('',#3577,#2948,#2949);
#2370=AXIS2_PLACEMENT_3D('',#3583,#2953,#2954);
#2371=AXIS2_PLACEMENT_3D('',#3589,#2958,#2959);
#2372=AXIS2_PLACEMENT_3D('',#3595,#2963,#2964);
#2373=AXIS2_PLACEMENT_3D('',#3601,#2968,#2969);
#2374=AXIS2_PLACEMENT_3D('',#3604,#2972,#2973);
#2375=AXIS2_PLACEMENT_3D('',#3605,#2974,#2975);
#2376=AXIS2_PLACEMENT_3D('',#3606,#2976,#2977);
#2377=DIRECTION('axis',(0.,0.,1.));
#2378=DIRECTION('refdir',(1.,0.,0.));
#2379=DIRECTION('axis',(0.,0.,1.));
#2380=DIRECTION('refdir',(1.,0.,0.));
#2381=DIRECTION('center_axis',(0.707106781186546,-0.707106781186549,-2.55344648206209E-34));
#2382=DIRECTION('ref_axis',(-3.61111864572608E-34,0.,-1.));
#2383=DIRECTION('',(-0.57734998241622,-0.577349982416218,-0.577350842736011));
#2384=DIRECTION('',(0.,-3.61111864572606E-34,1.));
#2385=DIRECTION('',(0.577350269189627,0.577350269189625,-0.577350269189625));
#2386=DIRECTION('',(0.707106781186549,0.707106781186546,0.));
#2387=DIRECTION('',(0.,0.,1.));
#2388=DIRECTION('',(-0.707106781186549,-0.707106781186546,1.3170890527582E-8));
#2389=DIRECTION('center_axis',(-1.30104260698261E-17,1.,3.61111864572606E-34));
#2390=DIRECTION('ref_axis',(2.77555756156293E-17,5.79321751111624E-48,1.));
#2391=DIRECTION('',(1.,1.30104260698261E-17,-3.46944695195361E-17));
#2392=DIRECTION('',(3.61111864572608E-34,3.61111864572606E-34,-1.));
#2393=DIRECTION('',(1.,1.30104260698261E-17,-3.46944695195361E-17));
#2394=DIRECTION('center_axis',(-3.37324437430902E-17,0.707107308022348,
-0.707106254350355));
#2395=DIRECTION('ref_axis',(9.81309980072264E-18,0.707106254350355,0.707107308022348));
#2396=DIRECTION('',(1.,-1.86264242093566E-8,-1.86264520126377E-8));
#2397=DIRECTION('',(-0.577349982416221,-0.577349982416218,-0.577350842736011));
#2398=DIRECTION('center_axis',(-1.86264520126377E-8,0.,-1.));
#2399=DIRECTION('ref_axis',(-1.,0.,1.86264520126377E-8));
#2400=DIRECTION('',(1.,0.,-1.86264520126377E-8));
#2401=DIRECTION('',(-0.707106781186549,-0.707106781186546,1.3170890527582E-8));
#2402=DIRECTION('center_axis',(-0.707106781186547,-0.707106781186548,-2.55344648206208E-34));
#2403=DIRECTION('ref_axis',(-3.61111864572607E-34,0.,1.));
#2404=DIRECTION('',(0.577350269189627,-0.577350269189625,0.577350269189625));
#2405=DIRECTION('',(-1.36026791405428E-49,3.61111864572606E-34,-1.));
#2406=DIRECTION('',(-0.57734998241622,0.577349982416219,0.577350842736012));
#2407=DIRECTION('',(-0.707106781186548,0.707106781186547,1.3170890527582E-8));
#2408=DIRECTION('',(0.,0.,1.));
#2409=DIRECTION('',(0.707106781186548,-0.707106781186547,0.));
#2410=DIRECTION('center_axis',(1.53329341668337E-17,0.707106781186548,0.707106781186548));
#2411=DIRECTION('ref_axis',(2.94392336003199E-17,-0.707106781186548,0.707106781186548));
#2412=DIRECTION('',(1.,-2.16840434497101E-17,0.));
#2413=DIRECTION('center_axis',(1.53329341668337E-17,0.707106781186548,0.707106781186548));
#2414=DIRECTION('ref_axis',(-4.9065389333868E-17,-0.707106781186547,0.707106781186547));
#2415=DIRECTION('',(1.,1.30104260698261E-17,-3.46944695195361E-17));
#2416=DIRECTION('center_axis',(0.,0.,1.));
#2417=DIRECTION('ref_axis',(0.,1.,0.));
#2418=DIRECTION('',(1.,0.,-3.46944695195361E-17));
#2419=DIRECTION('center_axis',(0.,0.,1.));
#2420=DIRECTION('ref_axis',(-0.707106781186548,-0.707106781186547,0.));
#2421=DIRECTION('center_axis',(0.,-1.,0.));
#2422=DIRECTION('ref_axis',(1.,0.,0.));
#2423=DIRECTION('',(1.,0.,-3.46944695195361E-17));
#2424=DIRECTION('',(0.,0.,1.));
#2425=DIRECTION('',(-1.,0.,0.));
#2426=DIRECTION('',(0.,0.,-1.));
#2427=DIRECTION('',(1.,0.,0.));
#2428=DIRECTION('',(0.,0.,-1.));
#2429=DIRECTION('',(1.,0.,0.));
#2430=DIRECTION('',(0.,0.,1.));
#2431=DIRECTION('',(1.,0.,-1.86264520126377E-8));
#2432=DIRECTION('',(0.,0.,1.));
#2433=DIRECTION('',(1.,0.,0.));
#2434=DIRECTION('',(0.,0.,1.));
#2435=DIRECTION('center_axis',(0.,0.,1.));
#2436=DIRECTION('ref_axis',(-1.,0.,0.));
#2437=DIRECTION('center_axis',(0.,0.,1.));
#2438=DIRECTION('ref_axis',(-0.707106781186548,-0.707106781186547,0.));
#2439=DIRECTION('',(-2.06990730163454E-16,1.,0.));
#2440=DIRECTION('center_axis',(0.,0.,1.));
#2441=DIRECTION('ref_axis',(-0.707106781186548,0.707106781186547,0.));
#2442=DIRECTION('',(-1.,0.,0.));
#2443=DIRECTION('center_axis',(0.,0.,1.));
#2444=DIRECTION('ref_axis',(0.707106781186547,0.707106781186547,0.));
#2445=DIRECTION('',(0.,-1.,0.));
#2446=DIRECTION('center_axis',(0.,0.,1.));
#2447=DIRECTION('ref_axis',(0.707106781186548,-0.707106781186547,0.));
#2448=DIRECTION('',(-1.,0.,0.));
#2449=DIRECTION('',(0.707106781186549,-0.707106781186546,0.));
#2450=DIRECTION('',(-1.,0.,0.));
#2451=DIRECTION('',(0.707106781186549,0.707106781186546,0.));
#2452=DIRECTION('',(-1.,0.,0.));
#2453=DIRECTION('',(0.,-1.,0.));
#2454=DIRECTION('',(1.,1.38777878078145E-17,0.));
#2455=DIRECTION('',(0.,1.,0.));
#2456=DIRECTION('',(1.,0.,0.));
#2457=DIRECTION('',(0.,-1.,0.));
#2458=DIRECTION('',(1.,-2.08166817117217E-16,0.));
#2459=DIRECTION('center_axis',(0.,0.,1.));
#2460=DIRECTION('ref_axis',(1.,-5.44676186921056E-16,0.));
#2461=DIRECTION('',(0.,1.,0.));
#2462=DIRECTION('',(-1.,0.,0.));
#2463=DIRECTION('',(0.,-1.,0.));
#2464=DIRECTION('center_axis',(0.,0.,1.));
#2465=DIRECTION('ref_axis',(0.,-1.,0.));
#2466=DIRECTION('center_axis',(0.,0.,1.));
#2467=DIRECTION('ref_axis',(0.,1.,0.));
#2468=DIRECTION('',(1.,-2.16840434497101E-17,0.));
#2469=DIRECTION('',(0.707106781186549,0.707106781186546,-2.45326946669341E-17));
#2470=DIRECTION('center_axis',(1.53329341668337E-17,0.707106781186548,0.707106781186548));
#2471=DIRECTION('ref_axis',(2.94392336003199E-17,-0.707106781186548,0.707106781186548));
#2472=DIRECTION('',(0.577350269189628,0.577350269189625,-0.577350269189625));
#2473=DIRECTION('center_axis',(1.,0.,0.));
#2474=DIRECTION('ref_axis',(0.,1.,0.));
#2475=DIRECTION('',(0.,0.,1.));
#2476=DIRECTION('',(0.,1.,0.));
#2477=DIRECTION('',(0.,0.98058067569092,0.196116135138184));
#2478=DIRECTION('',(0.,1.,0.));
#2479=DIRECTION('center_axis',(-0.707106781186549,0.,-0.707106781186546));
#2480=DIRECTION('ref_axis',(-0.707106781186546,0.,0.707106781186549));
#2481=DIRECTION('',(0.707106781186546,0.,-0.707106781186549));
#2482=DIRECTION('',(0.192450089729875,-0.962250448649376,-0.192450089729875));
#2483=DIRECTION('center_axis',(0.,0.,1.));
#2484=DIRECTION('ref_axis',(0.707106781186548,-0.707106781186547,0.));
#2485=DIRECTION('center_axis',(0.,0.,-1.));
#2486=DIRECTION('ref_axis',(0.707106781186548,-0.707106781186547,0.));
#2487=DIRECTION('center_axis',(0.,0.,1.));
#2488=DIRECTION('ref_axis',(0.707106781186548,-0.707106781186547,0.));
#2489=DIRECTION('center_axis',(1.53329341668337E-17,0.707106781186548,0.707106781186548));
#2490=DIRECTION('ref_axis',(-4.9065389333868E-17,-0.707106781186547,0.707106781186547));
#2491=DIRECTION('',(0.,0.,-1.));
#2492=DIRECTION('center_axis',(-3.37324437430902E-17,0.707107308022348,
-0.707106254350355));
#2493=DIRECTION('ref_axis',(-4.90653527772635E-17,-0.707106254350355,-0.707107308022347));
#2494=DIRECTION('center_axis',(0.,0.,-1.));
#2495=DIRECTION('ref_axis',(0.707106781186548,-0.707106781186547,0.));
#2496=DIRECTION('',(0.,0.,1.));
#2497=DIRECTION('',(0.,0.,1.));
#2498=DIRECTION('center_axis',(0.,0.,-1.));
#2499=DIRECTION('ref_axis',(0.707106781186548,-0.707106781186547,0.));
#2500=DIRECTION('center_axis',(-0.707100393318807,0.,-0.707113168996582));
#2501=DIRECTION('ref_axis',(0.707113168996582,9.81316651544581E-17,-0.707100393318807));
#2502=DIRECTION('',(0.,0.,1.));
#2503=DIRECTION('center_axis',(-0.707106504597685,0.,0.707107057775302));
#2504=DIRECTION('ref_axis',(0.707107057775302,9.81308170521363E-17,0.707106504597685));
#2505=DIRECTION('center_axis',(0.,0.,1.));
#2506=DIRECTION('ref_axis',(0.707106781186548,-0.707106781186547,0.));
#2507=DIRECTION('',(0.,0.,1.));
#2508=DIRECTION('center_axis',(-1.,0.,0.));
#2509=DIRECTION('ref_axis',(0.,0.,1.));
#2510=DIRECTION('',(0.,1.,0.));
#2511=DIRECTION('',(0.,0.,-1.));
#2512=DIRECTION('',(0.,-1.,0.));
#2513=DIRECTION('center_axis',(-0.707100393318807,0.,-0.707113168996582));
#2514=DIRECTION('ref_axis',(-0.707113168996582,0.,0.707100393318807));
#2515=DIRECTION('',(0.,-1.,0.));
#2516=DIRECTION('center_axis',(-0.707100393318807,0.,-0.707113168996582));
#2517=DIRECTION('ref_axis',(0.707113168996582,0.,-0.707100393318807));
#2518=DIRECTION('center_axis',(1.,0.,0.));
#2519=DIRECTION('ref_axis',(0.,1.,0.));
#2520=DIRECTION('',(0.,0.,-1.));
#2521=DIRECTION('',(0.,-1.,0.));
#2522=DIRECTION('center_axis',(0.,0.,1.));
#2523=DIRECTION('ref_axis',(0.,1.,0.));
#2524=DIRECTION('',(0.707106781186549,-0.707106781186546,-2.45326946669341E-17));
#2525=DIRECTION('',(-1.,2.16840434497101E-17,0.));
#2526=DIRECTION('center_axis',(0.,-1.,0.));
#2527=DIRECTION('ref_axis',(1.,0.,0.));
#2528=DIRECTION('',(-1.,0.,3.46944695195361E-17));
#2529=DIRECTION('',(0.,0.,-1.));
#2530=DIRECTION('center_axis',(0.,0.,-1.));
#2531=DIRECTION('ref_axis',(0.,1.,0.));
#2532=DIRECTION('',(-1.,-4.77048438905742E-17,0.));
#2533=DIRECTION('',(-0.707106781186549,0.707106781186546,2.45326946669341E-17));
#2534=DIRECTION('center_axis',(0.,0.,-1.));
#2535=DIRECTION('ref_axis',(0.,1.,0.));
#2536=DIRECTION('center_axis',(0.,0.,-1.));
#2537=DIRECTION('ref_axis',(0.707106781186547,0.707106781186547,0.));
#2538=DIRECTION('center_axis',(-3.37324437430902E-17,0.707107308022348,
-0.707106254350355));
#2539=DIRECTION('ref_axis',(9.81309980072264E-18,0.707106254350355,0.707107308022348));
#2540=DIRECTION('',(1.,1.30104260698261E-17,-3.46944695195361E-17));
#2541=DIRECTION('',(-0.577349982416221,0.577349982416218,0.577350842736011));
#2542=DIRECTION('center_axis',(0.,0.,1.));
#2543=DIRECTION('ref_axis',(-0.707106781186548,-0.707106781186547,0.));
#2544=DIRECTION('center_axis',(-1.86264520126377E-8,0.,-1.));
#2545=DIRECTION('ref_axis',(-0.707106781186548,-0.707106781186547,1.3170890527582E-8));
#2546=DIRECTION('',(0.,0.,-1.));
#2547=DIRECTION('center_axis',(-1.86264520126377E-8,0.,-1.));
#2548=DIRECTION('ref_axis',(-0.707106781186548,-0.707106781186547,1.3170890527582E-8));
#2549=DIRECTION('center_axis',(-3.37324437430902E-17,0.707107308022348,
-0.707106254350355));
#2550=DIRECTION('ref_axis',(-4.90653527772635E-17,-0.707106254350355,-0.707107308022348));
#2551=DIRECTION('',(0.,0.,1.));
#2552=DIRECTION('center_axis',(0.,0.,-1.));
#2553=DIRECTION('ref_axis',(-0.707106781186548,-0.707106781186547,0.));
#2554=DIRECTION('',(0.,0.,1.));
#2555=DIRECTION('center_axis',(0.,0.,1.));
#2556=DIRECTION('ref_axis',(-0.707106781186548,-0.707106781186547,0.));
#2557=DIRECTION('center_axis',(0.707106504597685,0.,0.707107057775302));
#2558=DIRECTION('ref_axis',(-0.707107057775302,-4.90654085260682E-17,0.707106504597685));
#2559=DIRECTION('',(0.,0.,-1.));
#2560=DIRECTION('center_axis',(0.70710922767525,0.,-0.70710433468938));
#2561=DIRECTION('ref_axis',(-0.70710433468938,-4.90652195740252E-17,-0.70710922767525));
#2562=DIRECTION('center_axis',(0.707106504597685,0.,0.707107057775302));
#2563=DIRECTION('ref_axis',(0.707107057775302,0.,-0.707106504597685));
#2564=DIRECTION('',(0.,1.,0.));
#2565=DIRECTION('center_axis',(0.707106504597685,0.,0.707107057775302));
#2566=DIRECTION('ref_axis',(-0.707107057775302,0.,0.707106504597685));
#2567=DIRECTION('',(0.,1.,0.));
#2568=DIRECTION('center_axis',(-1.,-2.06990730163454E-16,0.));
#2569=DIRECTION('ref_axis',(2.06990730163454E-16,-1.,0.));
#2570=DIRECTION('',(-2.06990730163454E-16,1.,0.));
#2571=DIRECTION('',(0.,0.,1.));
#2572=DIRECTION('',(2.06990730163454E-16,-1.,0.));
#2573=DIRECTION('center_axis',(0.,0.,1.));
#2574=DIRECTION('ref_axis',(-1.,0.,0.));
#2575=DIRECTION('',(0.,1.,0.));
#2576=DIRECTION('center_axis',(0.,0.,-1.));
#2577=DIRECTION('ref_axis',(0.707106781186547,0.707106781186547,0.));
#2578=DIRECTION('',(-1.,0.,0.));
#2579=DIRECTION('center_axis',(0.,0.,-1.));
#2580=DIRECTION('ref_axis',(-0.707106781186548,0.707106781186547,0.));
#2581=DIRECTION('center_axis',(0.,0.,1.));
#2582=DIRECTION('ref_axis',(1.,-5.44676186921056E-16,0.));
#2583=DIRECTION('',(1.,-2.08166817117217E-16,0.));
#2584=DIRECTION('center_axis',(0.,0.,1.));
#2585=DIRECTION('ref_axis',(0.,-1.,0.));
#2586=DIRECTION('',(0.,-1.,0.));
#2587=DIRECTION('',(-1.,0.,0.));
#2588=DIRECTION('',(0.,1.,0.));
#2589=DIRECTION('center_axis',(0.,0.,-1.));
#2590=DIRECTION('ref_axis',(0.,-1.,0.));
#2591=DIRECTION('',(-1.,1.38777878078145E-16,0.));
#2592=DIRECTION('center_axis',(0.,0.,-1.));
#2593=DIRECTION('ref_axis',(1.,0.,0.));
#2594=DIRECTION('',(0.,-1.,0.));
#2595=DIRECTION('',(-1.,0.,0.));
#2596=DIRECTION('',(0.,1.,0.));
#2597=DIRECTION('center_axis',(0.,0.,1.));
#2598=DIRECTION('ref_axis',(0.,1.,0.));
#2599=DIRECTION('center_axis',(0.,0.,1.));
#2600=DIRECTION('ref_axis',(-0.707106781186548,0.707106781186547,0.));
#2601=DIRECTION('center_axis',(-1.86264520126377E-8,0.,-1.));
#2602=DIRECTION('ref_axis',(-1.,0.,1.86264520126377E-8));
#2603=DIRECTION('',(1.,-1.86264242093566E-8,-1.86264520126377E-8));
#2604=DIRECTION('center_axis',(-1.30104260698261E-17,1.,3.61111864572606E-34));
#2605=DIRECTION('ref_axis',(2.77555756156293E-17,5.79321751111624E-48,1.));
#2606=DIRECTION('',(1.,1.30104260698261E-17,-3.46944695195361E-17));
#2607=DIRECTION('center_axis',(-0.707106504597685,0.,0.707107057775302));
#2608=DIRECTION('ref_axis',(0.707107057775302,0.,0.707106504597685));
#2609=DIRECTION('center_axis',(-0.707106504597685,0.,0.707107057775302));
#2610=DIRECTION('ref_axis',(0.707107057775302,0.,0.707106504597685));
#2611=DIRECTION('',(0.,-1.,0.));
#2612=DIRECTION('center_axis',(1.,0.,0.));
#2613=DIRECTION('ref_axis',(0.,0.,-1.));
#2614=DIRECTION('',(0.,0.,1.));
#2615=DIRECTION('',(0.,1.,0.));
#2616=DIRECTION('center_axis',(0.70710922767525,0.,-0.70710433468938));
#2617=DIRECTION('ref_axis',(-0.70710433468938,0.,-0.70710922767525));
#2618=DIRECTION('center_axis',(0.70710922767525,0.,-0.70710433468938));
#2619=DIRECTION('ref_axis',(-0.70710433468938,-7.85043513184402E-17,-0.70710922767525));
#2620=DIRECTION('',(0.,-1.,0.));
#2621=DIRECTION('center_axis',(-1.30104260698261E-17,1.,3.61111864572606E-34));
#2622=DIRECTION('ref_axis',(2.77555756156293E-17,5.79321751111624E-48,1.));
#2623=DIRECTION('',(-1.,-1.51394048812521E-17,4.03717463500057E-17));
#2624=DIRECTION('',(3.61111864572608E-34,-3.61111864572606E-34,1.));
#2625=DIRECTION('center_axis',(1.53329341668337E-17,0.707106781186548,0.707106781186548));
#2626=DIRECTION('ref_axis',(2.94392336003199E-17,-0.707106781186548,0.707106781186548));
#2627=DIRECTION('',(0.577350269189628,-0.577350269189625,0.577350269189625));
#2628=DIRECTION('center_axis',(0.,0.,1.));
#2629=DIRECTION('ref_axis',(0.,1.,0.));
#2630=DIRECTION('center_axis',(0.,0.,1.));
#2631=DIRECTION('ref_axis',(0.707106781186547,0.707106781186547,0.));
#2632=DIRECTION('',(0.,-1.,0.));
#2633=DIRECTION('center_axis',(0.,0.,-1.));
#2634=DIRECTION('ref_axis',(0.707106781186547,0.707106781186547,0.));
#2635=DIRECTION('center_axis',(0.,0.,1.));
#2636=DIRECTION('ref_axis',(0.707106781186547,0.707106781186547,0.));
#2637=DIRECTION('',(0.,0.,1.));
#2638=DIRECTION('',(0.,0.,-1.));
#2639=DIRECTION('',(0.,0.,-1.));
#2640=DIRECTION('center_axis',(0.,0.,-1.));
#2641=DIRECTION('ref_axis',(0.707106781186547,0.707106781186547,0.));
#2642=DIRECTION('center_axis',(0.,-0.707109738494421,-0.707103823866305));
#2643=DIRECTION('ref_axis',(0.,0.707103823866305,-0.707109738494421));
#2644=DIRECTION('',(0.,0.,1.));
#2645=DIRECTION('center_axis',(0.,-0.707106781186545,0.70710678118655));
#2646=DIRECTION('ref_axis',(0.,0.70710678118655,0.707106781186545));
#2647=DIRECTION('center_axis',(0.,0.,-1.));
#2648=DIRECTION('ref_axis',(0.,1.,0.));
#2649=DIRECTION('',(-1.,0.,0.));
#2650=DIRECTION('center_axis',(0.,0.,-1.));
#2651=DIRECTION('ref_axis',(-0.707106781186548,0.707106781186547,0.));
#2652=DIRECTION('',(-1.,0.,0.));
#2653=DIRECTION('center_axis',(0.,0.,1.));
#2654=DIRECTION('ref_axis',(0.,1.,0.));
#2655=DIRECTION('',(1.,0.,0.));
#2656=DIRECTION('center_axis',(0.,0.,1.));
#2657=DIRECTION('ref_axis',(-0.707106781186548,0.707106781186547,0.));
#2658=DIRECTION('',(1.,0.,0.));
#2659=DIRECTION('center_axis',(1.,0.,0.));
#2660=DIRECTION('ref_axis',(0.,1.,0.));
#2661=DIRECTION('center_axis',(0.,-1.,0.));
#2662=DIRECTION('ref_axis',(0.,0.,1.));
#2663=DIRECTION('',(1.,0.,0.));
#2664=DIRECTION('',(0.,0.,-1.));
#2665=DIRECTION('',(1.,0.,0.));
#2666=DIRECTION('center_axis',(0.,-0.707109738494421,-0.707103823866305));
#2667=DIRECTION('ref_axis',(0.,0.707103823866305,-0.707109738494421));
#2668=DIRECTION('center_axis',(0.,-0.707109738494421,-0.707103823866305));
#2669=DIRECTION('ref_axis',(0.,0.707103823866305,-0.707109738494421));
#2670=DIRECTION('center_axis',(0.,-0.707106781186545,0.70710678118655));
#2671=DIRECTION('ref_axis',(0.,0.70710678118655,0.707106781186545));
#2672=DIRECTION('center_axis',(0.,-0.707106781186545,0.70710678118655));
#2673=DIRECTION('ref_axis',(0.,0.70710678118655,0.707106781186545));
#2674=DIRECTION('center_axis',(-3.37324437430902E-17,0.707107308022348,
-0.707106254350355));
#2675=DIRECTION('ref_axis',(9.81309980072264E-18,0.707106254350355,0.707107308022348));
#2676=DIRECTION('center_axis',(-1.,-2.06990730163454E-16,0.));
#2677=DIRECTION('ref_axis',(2.06990730163454E-16,-1.,0.));
#2678=DIRECTION('',(2.06990730163454E-16,-1.,-3.85550290245042E-24));
#2679=DIRECTION('',(0.,0.,1.));
#2680=DIRECTION('center_axis',(-1.86264520126377E-8,0.,-1.));
#2681=DIRECTION('ref_axis',(-1.,0.,1.86264520126377E-8));
#2682=DIRECTION('center_axis',(-1.86264520126377E-8,0.,-1.));
#2683=DIRECTION('ref_axis',(-0.707106781186548,0.707106781186547,1.3170890527582E-8));
#2684=DIRECTION('center_axis',(0.,0.,1.));
#2685=DIRECTION('ref_axis',(-0.707106781186548,0.707106781186547,0.));
#2686=DIRECTION('',(0.,0.,-1.));
#2687=DIRECTION('',(0.,0.,1.));
#2688=DIRECTION('center_axis',(0.,1.,0.));
#2689=DIRECTION('ref_axis',(-1.,0.,0.));
#2690=DIRECTION('center_axis',(0.,1.,0.));
#2691=DIRECTION('ref_axis',(-1.,0.,0.));
#2692=DIRECTION('center_axis',(0.,1.,0.));
#2693=DIRECTION('ref_axis',(0.,0.,-1.));
#2694=DIRECTION('',(-1.,0.,0.));
#2695=DIRECTION('',(-0.447213595499958,0.,-0.894427190999916));
#2696=DIRECTION('center_axis',(0.894427190999916,0.,-0.447213595499958));
#2697=DIRECTION('ref_axis',(-0.447213595499958,0.,-0.894427190999916));
#2698=DIRECTION('',(0.,-1.,0.));
#2699=DIRECTION('',(0.447213595499958,7.75791922889772E-18,0.894427190999916));
#2700=DIRECTION('center_axis',(0.,0.196116135138184,-0.98058067569092));
#2701=DIRECTION('ref_axis',(-1.,0.,0.));
#2702=DIRECTION('',(1.,0.,0.));
#2703=DIRECTION('',(0.0975900072948539,-0.975900072948533,-0.195180014589707));
#2704=DIRECTION('center_axis',(0.,0.,-1.));
#2705=DIRECTION('ref_axis',(1.,0.,0.));
#2706=DIRECTION('',(0.,1.,0.));
#2707=DIRECTION('',(1.,0.,0.));
#2708=DIRECTION('center_axis',(0.,-0.707106781186548,0.707106781186548));
#2709=DIRECTION('ref_axis',(1.,0.,0.));
#2710=DIRECTION('',(-0.577350269189627,0.577350269189625,0.577350269189625));
#2711=DIRECTION('',(1.,0.,0.));
#2712=DIRECTION('',(-0.577350269189627,-0.577350269189625,-0.577350269189625));
#2713=DIRECTION('center_axis',(0.,1.,0.));
#2714=DIRECTION('ref_axis',(0.,0.,1.));
#2715=DIRECTION('',(0.,0.,1.));
#2716=DIRECTION('',(1.,0.,0.));
#2717=DIRECTION('',(0.,0.,1.));
#2718=DIRECTION('',(-1.,0.,0.));
#2719=DIRECTION('',(0.,0.,-1.));
#2720=DIRECTION('',(0.,0.,1.));
#2721=DIRECTION('center_axis',(0.707106781186548,0.,0.707106781186548));
#2722=DIRECTION('ref_axis',(0.707106781186548,0.,-0.707106781186548));
#2723=DIRECTION('',(0.707106781186548,6.54205191118239E-16,-0.707106781186548));
#2724=DIRECTION('',(0.,1.,0.));
#2725=DIRECTION('',(-0.577350269189626,0.577350269189626,0.577350269189626));
#2726=DIRECTION('center_axis',(0.,-0.707106781186548,0.707106781186548));
#2727=DIRECTION('ref_axis',(1.,0.,0.));
#2728=DIRECTION('',(0.577350269189624,0.577350269189626,0.577350269189626));
#2729=DIRECTION('center_axis',(-0.707106781186549,0.,0.707106781186546));
#2730=DIRECTION('ref_axis',(0.707106781186546,0.,0.707106781186549));
#2731=DIRECTION('',(0.,-1.,0.));
#2732=DIRECTION('',(0.707106781186546,0.,0.707106781186549));
#2733=DIRECTION('center_axis',(0.,0.,1.));
#2734=DIRECTION('ref_axis',(1.,-5.44676186921056E-16,0.));
#2735=DIRECTION('',(0.,-0.707106781186547,0.707106781186548));
#2736=DIRECTION('center_axis',(0.,0.,-1.));
#2737=DIRECTION('ref_axis',(1.,-5.44676186921056E-16,0.));
#2738=DIRECTION('center_axis',(1.47196168001604E-16,0.707106781186548,0.707106781186547));
#2739=DIRECTION('ref_axis',(1.,0.,-2.08166817117217E-16));
#2740=DIRECTION('',(0.,-0.707106781186547,0.707106781186548));
#2741=DIRECTION('',(-1.,2.08166817117217E-16,0.));
#2742=DIRECTION('center_axis',(0.,0.,1.));
#2743=DIRECTION('ref_axis',(0.,-1.,0.));
#2744=DIRECTION('',(-0.707106781186547,-3.2710259555912E-16,0.707106781186548));
#2745=DIRECTION('center_axis',(0.,0.,-1.));
#2746=DIRECTION('ref_axis',(0.,-1.,0.));
#2747=DIRECTION('center_axis',(0.707106781186546,0.,0.707106781186549));
#2748=DIRECTION('ref_axis',(0.707106781186549,0.,-0.707106781186546));
#2749=DIRECTION('',(0.,1.,0.));
#2750=DIRECTION('center_axis',(0.,0.,-1.));
#2751=DIRECTION('ref_axis',(1.,0.,0.));
#2752=DIRECTION('',(0.,-0.707106781186548,-0.707106781186547));
#2753=DIRECTION('center_axis',(0.,0.,1.));
#2754=DIRECTION('ref_axis',(1.,0.,0.));
#2755=DIRECTION('center_axis',(-9.81307786677362E-17,-0.707106781186549,
0.707106781186546));
#2756=DIRECTION('ref_axis',(1.,0.,1.38777878078145E-16));
#2757=DIRECTION('',(0.,-0.707106781186546,-0.707106781186549));
#2758=DIRECTION('',(1.,-1.38777878078145E-16,0.));
#2759=DIRECTION('center_axis',(0.,0.,-1.));
#2760=DIRECTION('ref_axis',(0.,-1.,0.));
#2761=DIRECTION('',(-0.707106781186548,0.,-0.707106781186548));
#2762=DIRECTION('center_axis',(0.,0.,1.));
#2763=DIRECTION('ref_axis',(0.,-1.,0.));
#2764=DIRECTION('center_axis',(-0.707106781186546,0.,0.707106781186549));
#2765=DIRECTION('ref_axis',(0.707106781186549,0.,0.707106781186546));
#2766=DIRECTION('',(0.,-1.,0.));
#2767=DIRECTION('center_axis',(-1.,0.,0.));
#2768=DIRECTION('ref_axis',(0.,-1.,0.));
#2769=DIRECTION('',(0.,0.,1.));
#2770=DIRECTION('center_axis',(-2.08166817117217E-16,-1.,0.));
#2771=DIRECTION('ref_axis',(1.,-2.08166817117217E-16,0.));
#2772=DIRECTION('',(0.,0.,1.));
#2773=DIRECTION('',(0.,0.,1.));
#2774=DIRECTION('center_axis',(0.,0.,1.));
#2775=DIRECTION('ref_axis',(0.,-1.,0.));
#2776=DIRECTION('center_axis',(1.,0.,0.));
#2777=DIRECTION('ref_axis',(0.,1.,0.));
#2778=DIRECTION('',(0.,0.,1.));
#2779=DIRECTION('center_axis',(0.,0.,1.));
#2780=DIRECTION('ref_axis',(1.,-5.44676186921056E-16,0.));
#2781=DIRECTION('center_axis',(-0.894427190999915,0.,-0.44721359549996));
#2782=DIRECTION('ref_axis',(-0.44721359549996,0.,0.894427190999915));
#2783=DIRECTION('',(0.44721359549996,4.65475153733867E-18,-0.894427190999915));
#2784=DIRECTION('center_axis',(-1.38777878078145E-17,1.,-1.73472347597681E-18));
#2785=DIRECTION('ref_axis',(0.,1.73472347597681E-18,1.));
#2786=DIRECTION('center_axis',(0.,0.,1.));
#2787=DIRECTION('ref_axis',(1.,0.,0.));
#2788=DIRECTION('center_axis',(0.,0.,-1.));
#2789=DIRECTION('ref_axis',(0.,-1.,0.));
#2790=DIRECTION('',(1.,0.,0.));
#2791=DIRECTION('center_axis',(0.,0.,-1.));
#2792=DIRECTION('ref_axis',(0.,1.,0.));
#2793=DIRECTION('',(-1.,0.,0.));
#2794=DIRECTION('center_axis',(0.707106781186546,-0.707106781186549,0.));
#2795=DIRECTION('ref_axis',(0.,0.,-1.));
#2796=DIRECTION('',(0.,0.,1.));
#2797=DIRECTION('',(-0.577350269189628,-0.577350269189625,0.577350269189625));
#2798=DIRECTION('center_axis',(-0.707106781186546,-0.707106781186549,0.));
#2799=DIRECTION('ref_axis',(0.,0.,1.));
#2800=DIRECTION('',(-0.577350269189628,0.577350269189625,-0.577350269189625));
#2801=DIRECTION('',(0.,0.,-1.));
#2802=DIRECTION('center_axis',(0.,0.,1.));
#2803=DIRECTION('ref_axis',(0.,1.,0.));
#2804=DIRECTION('center_axis',(0.,0.,-1.));
#2805=DIRECTION('ref_axis',(0.,1.,0.));
#2806=DIRECTION('',(0.,0.,-1.));
#2807=DIRECTION('',(0.,0.,-1.));
#2808=DIRECTION('center_axis',(0.,1.,0.));
#2809=DIRECTION('ref_axis',(-1.,0.,0.));
#2810=DIRECTION('',(-1.,0.,0.));
#2811=DIRECTION('',(0.,0.,-1.));
#2812=DIRECTION('center_axis',(0.,0.,1.));
#2813=DIRECTION('ref_axis',(0.,-1.,0.));
#2814=DIRECTION('center_axis',(0.,0.,-1.));
#2815=DIRECTION('ref_axis',(0.,-1.,0.));
#2816=DIRECTION('',(0.,0.,-1.));
#2817=DIRECTION('center_axis',(0.,-1.,0.));
#2818=DIRECTION('ref_axis',(1.,0.,0.));
#2819=DIRECTION('',(1.,0.,0.));
#2820=DIRECTION('center_axis',(-1.,0.,0.));
#2821=DIRECTION('ref_axis',(0.,1.,0.));
#2822=DIRECTION('',(0.,0.,-1.));
#2823=DIRECTION('',(0.,1.,0.));
#2824=DIRECTION('center_axis',(0.,0.,1.));
#2825=DIRECTION('ref_axis',(1.,0.,0.));
#2826=DIRECTION('',(0.,-1.,0.));
#2827=DIRECTION('center_axis',(0.,0.,1.));
#2828=DIRECTION('ref_axis',(-1.,0.,0.));
#2829=DIRECTION('',(1.,-1.38777878078145E-16,0.));
#2830=DIRECTION('center_axis',(0.,0.,1.));
#2831=DIRECTION('ref_axis',(0.,1.,0.));
#2832=DIRECTION('center_axis',(1.,0.,0.));
#2833=DIRECTION('ref_axis',(0.,-1.,0.));
#2834=DIRECTION('',(0.,0.,-1.));
#2835=DIRECTION('center_axis',(0.,-0.707106781186548,-0.707106781186547));
#2836=DIRECTION('ref_axis',(-1.,0.,0.));
#2837=DIRECTION('',(1.,0.,0.));
#2838=DIRECTION('center_axis',(0.,1.,0.));
#2839=DIRECTION('ref_axis',(0.,0.,1.));
#2840=DIRECTION('center_axis',(0.,0.,-1.));
#2841=DIRECTION('ref_axis',(-1.,0.,0.));
#2842=DIRECTION('',(0.,0.,-1.));
#2843=DIRECTION('center_axis',(0.,0.,-1.));
#2844=DIRECTION('ref_axis',(0.,1.,0.));
#2845=DIRECTION('',(0.,0.,-1.));
#2846=DIRECTION('center_axis',(-1.38777878078145E-16,-1.,0.));
#2847=DIRECTION('ref_axis',(-1.,1.38777878078145E-16,0.));
#2848=DIRECTION('center_axis',(0.,-1.,0.));
#2849=DIRECTION('ref_axis',(-1.,0.,0.));
#2850=DIRECTION('',(-1.,0.,0.));
#2851=DIRECTION('',(0.,0.,-1.));
#2852=DIRECTION('',(-1.,0.,0.));
#2853=DIRECTION('',(0.,0.,-1.));
#2854=DIRECTION('center_axis',(-1.,0.,0.));
#2855=DIRECTION('ref_axis',(0.,1.,0.));
#2856=DIRECTION('',(0.,1.,0.));
#2857=DIRECTION('',(0.,1.,0.));
#2858=DIRECTION('',(0.,0.,-1.));
#2859=DIRECTION('center_axis',(0.,1.,0.));
#2860=DIRECTION('ref_axis',(1.,0.,0.));
#2861=DIRECTION('',(1.,0.,0.));
#2862=DIRECTION('',(1.,0.,0.));
#2863=DIRECTION('',(0.,0.,-1.));
#2864=DIRECTION('center_axis',(1.,0.,0.));
#2865=DIRECTION('ref_axis',(0.,-1.,0.));
#2866=DIRECTION('',(0.,-1.,0.));
#2867=DIRECTION('',(0.,-1.,0.));
#2868=DIRECTION('center_axis',(0.,-1.,0.));
#2869=DIRECTION('ref_axis',(-1.,0.,0.));
#2870=DIRECTION('',(-1.,0.,0.));
#2871=DIRECTION('',(0.,0.,-1.));
#2872=DIRECTION('',(-1.,0.,0.));
#2873=DIRECTION('',(0.,0.,-1.));
#2874=DIRECTION('center_axis',(0.851554310552309,0.524266398102893,0.));
#2875=DIRECTION('ref_axis',(0.524266398102893,-0.851554310552309,0.));
#2876=DIRECTION('',(0.524266398102893,-0.851554310552309,0.));
#2877=DIRECTION('',(0.524266398102893,-0.851554310552309,0.));
#2878=DIRECTION('',(0.,0.,-1.));
#2879=DIRECTION('center_axis',(0.,-1.,0.));
#2880=DIRECTION('ref_axis',(-1.,0.,0.));
#2881=DIRECTION('',(-1.,0.,0.));
#2882=DIRECTION('',(-1.,0.,0.));
#2883=DIRECTION('',(0.,0.,-1.));
#2884=DIRECTION('center_axis',(1.,0.,0.));
#2885=DIRECTION('ref_axis',(0.,-1.,0.));
#2886=DIRECTION('',(0.,-1.,0.));
#2887=DIRECTION('',(0.,-1.,0.));
#2888=DIRECTION('',(0.,0.,-1.));
#2889=DIRECTION('center_axis',(0.,1.,0.));
#2890=DIRECTION('ref_axis',(1.,0.,0.));
#2891=DIRECTION('',(1.,0.,0.));
#2892=DIRECTION('',(1.,0.,0.));
#2893=DIRECTION('',(0.,0.,-1.));
#2894=DIRECTION('center_axis',(-1.,0.,0.));
#2895=DIRECTION('ref_axis',(0.,1.,0.));
#2896=DIRECTION('',(0.,1.,0.));
#2897=DIRECTION('',(0.,1.,0.));
#2898=DIRECTION('',(0.,0.,-1.));
#2899=DIRECTION('center_axis',(0.,-1.,0.));
#2900=DIRECTION('ref_axis',(-1.,0.,0.));
#2901=DIRECTION('',(-1.,0.,0.));
#2902=DIRECTION('',(-1.,0.,0.));
#2903=DIRECTION('',(0.,0.,-1.));
#2904=DIRECTION('center_axis',(1.,0.,0.));
#2905=DIRECTION('ref_axis',(0.,-1.,0.));
#2906=DIRECTION('',(0.,-1.,0.));
#2907=DIRECTION('',(0.,-1.,0.));
#2908=DIRECTION('',(0.,0.,-1.));
#2909=DIRECTION('center_axis',(0.,-1.,0.));
#2910=DIRECTION('ref_axis',(-1.,0.,0.));
#2911=DIRECTION('',(-1.,0.,0.));
#2912=DIRECTION('',(-1.,0.,0.));
#2913=DIRECTION('',(0.,0.,-1.));
#2914=DIRECTION('center_axis',(-0.852906515470252,-0.522063670320386,0.));
#2915=DIRECTION('ref_axis',(-0.522063670320386,0.852906515470252,0.));
#2916=DIRECTION('',(-0.522063670320386,0.852906515470252,0.));
#2917=DIRECTION('',(-0.522063670320386,0.852906515470252,0.));
#2918=DIRECTION('center_axis',(0.,0.,1.));
#2919=DIRECTION('ref_axis',(-1.,0.,0.));
#2920=DIRECTION('center_axis',(0.,0.,-1.));
#2921=DIRECTION('ref_axis',(-1.,0.,0.));
#2922=DIRECTION('center_axis',(0.,-1.,0.));
#2923=DIRECTION('ref_axis',(-1.,0.,0.));
#2924=DIRECTION('',(-1.,0.,0.));
#2925=DIRECTION('',(0.,0.,-1.));
#2926=DIRECTION('',(-1.,0.,0.));
#2927=DIRECTION('',(0.,0.,-1.));
#2928=DIRECTION('center_axis',(1.,0.,0.));
#2929=DIRECTION('ref_axis',(0.,-1.,0.));
#2930=DIRECTION('',(0.,-1.,0.));
#2931=DIRECTION('',(0.,-1.,0.));
#2932=DIRECTION('',(0.,0.,-1.));
#2933=DIRECTION('center_axis',(0.,-1.,0.));
#2934=DIRECTION('ref_axis',(-1.,0.,0.));
#2935=DIRECTION('',(-1.,0.,0.));
#2936=DIRECTION('',(-1.,0.,0.));
#2937=DIRECTION('',(0.,0.,-1.));
#2938=DIRECTION('center_axis',(1.,0.,0.));
#2939=DIRECTION('ref_axis',(0.,-1.,0.));
#2940=DIRECTION('',(0.,-1.,0.));
#2941=DIRECTION('',(0.,-1.,0.));
#2942=DIRECTION('',(0.,0.,-1.));
#2943=DIRECTION('center_axis',(0.,1.,0.));
#2944=DIRECTION('ref_axis',(1.,0.,0.));
#2945=DIRECTION('',(1.,0.,0.));
#2946=DIRECTION('',(1.,0.,0.));
#2947=DIRECTION('',(0.,0.,-1.));
#2948=DIRECTION('center_axis',(1.,0.,0.));
#2949=DIRECTION('ref_axis',(0.,-1.,0.));
#2950=DIRECTION('',(0.,-1.,0.));
#2951=DIRECTION('',(0.,-1.,0.));
#2952=DIRECTION('',(0.,0.,-1.));
#2953=DIRECTION('center_axis',(0.,-1.,0.));
#2954=DIRECTION('ref_axis',(-1.,0.,0.));
#2955=DIRECTION('',(-1.,0.,0.));
#2956=DIRECTION('',(-1.,0.,0.));
#2957=DIRECTION('',(0.,0.,-1.));
#2958=DIRECTION('center_axis',(1.,0.,0.));
#2959=DIRECTION('ref_axis',(0.,-1.,0.));
#2960=DIRECTION('',(0.,-1.,0.));
#2961=DIRECTION('',(0.,-1.,0.));
#2962=DIRECTION('',(0.,0.,-1.));
#2963=DIRECTION('center_axis',(0.,1.,0.));
#2964=DIRECTION('ref_axis',(1.,0.,0.));
#2965=DIRECTION('',(1.,0.,0.));
#2966=DIRECTION('',(1.,0.,0.));
#2967=DIRECTION('',(0.,0.,-1.));
#2968=DIRECTION('center_axis',(-1.,0.,0.));
#2969=DIRECTION('ref_axis',(0.,1.,0.));
#2970=DIRECTION('',(0.,1.,0.));
#2971=DIRECTION('',(0.,1.,0.));
#2972=DIRECTION('center_axis',(0.,0.,1.));
#2973=DIRECTION('ref_axis',(-1.,0.,0.));
#2974=DIRECTION('center_axis',(0.,0.,-1.));
#2975=DIRECTION('ref_axis',(-1.,0.,0.));
#2976=DIRECTION('',(0.,0.,1.));
#2977=DIRECTION('',(1.,0.,0.));
#2978=CARTESIAN_POINT('',(0.,0.,0.));
#2979=CARTESIAN_POINT('',(0.,0.,0.));
#2980=CARTESIAN_POINT('Origin',(9.64999977201223,-1.27267876324728,4.81187481802991));
#2981=CARTESIAN_POINT('',(9.79999977201224,-1.12267876324728,5.11187481802991));
#2982=CARTESIAN_POINT('',(9.64999981343331,-1.2726787218262,4.96187463593331));
#2983=CARTESIAN_POINT('',(11.3012508541843,0.378572318924784,6.61312813724373));
#2984=CARTESIAN_POINT('',(9.79999977201224,-1.12267876324728,5.26187481802991));
#2985=CARTESIAN_POINT('',(9.79999977201224,-1.12267876324728,4.81187481802991));
#2986=CARTESIAN_POINT('',(9.64999977201224,-1.27267876324728,5.41187481802991));
#2987=CARTESIAN_POINT('',(11.4762524200526,0.55357388479304,3.5856221699896));
#2988=CARTESIAN_POINT('',(9.49999977201223,-1.42267831621243,5.41187481802991));
#2989=CARTESIAN_POINT('',(23.1643790467526,12.241700511493,5.41187481802991));
#2990=CARTESIAN_POINT('',(9.49999977201223,-1.42267831621243,4.96187463872727));
#2991=CARTESIAN_POINT('',(9.49999977201223,-1.42267831621243,4.51187481802991));
#2992=CARTESIAN_POINT('',(7.26437878304866,-3.65829975221084,4.96187468036896));
#2993=CARTESIAN_POINT('Origin',(19.7075156602541,-1.12267876324728,5.11187481802991));
#2994=CARTESIAN_POINT('',(21.6825155149679,-1.12267876324728,5.11187481802991));
#2995=CARTESIAN_POINT('',(19.7075156602541,-1.12267876324728,5.11187481802991));
#2996=CARTESIAN_POINT('',(21.6825155149679,-1.12267876324728,5.26187481802991));
#2997=CARTESIAN_POINT('',(21.6825155149679,-1.12267876324728,4.90562481802991));
#2998=CARTESIAN_POINT('',(19.7075156602541,-1.12267876324728,5.26187481802991));
#2999=CARTESIAN_POINT('Origin',(19.7075156602541,-1.27267853972986,4.96187481802991));
#3000=CARTESIAN_POINT('',(21.5325153350602,-1.27267894315497,4.9618744146042));
#3001=CARTESIAN_POINT('',(9.73251551003201,-1.27267872336317,4.96187463439633));
#3002=CARTESIAN_POINT('',(21.2179327139374,-1.58726156427774,4.6472913247161));
#3003=CARTESIAN_POINT('Origin',(-0.242484633670832,-0.922678316212433,4.96187482019519));
#3004=CARTESIAN_POINT('',(21.3825159620027,-1.42267831621243,4.96187441739816));
#3005=CARTESIAN_POINT('',(-0.367484633391613,-1.42267831621243,4.9618748225235));
#3006=CARTESIAN_POINT('',(16.0762658143067,-6.72892846390847,4.96187451437212));
#3007=CARTESIAN_POINT('Origin',(3.04477720460225,-1.27267876324728,4.81187481802991));
#3008=CARTESIAN_POINT('',(2.89477720460225,-1.12267876324728,5.26187481802991));
#3009=CARTESIAN_POINT('',(3.04477720460225,-1.27267876324728,5.41187481802991));
#3010=CARTESIAN_POINT('',(5.67190028054423,-3.89980183918926,8.03899789397189));
#3011=CARTESIAN_POINT('',(2.89477720460225,-1.12267876324728,5.11187481802991));
#3012=CARTESIAN_POINT('',(2.89477720460225,-1.12267876324728,4.81187481802991));
#3013=CARTESIAN_POINT('',(3.04477704014949,-1.27267859879451,4.96187475896517));
#3014=CARTESIAN_POINT('',(5.84689742237572,-4.07479898102074,2.15975020124799));
#3015=CARTESIAN_POINT('',(3.19477720460225,-1.42267831621243,4.9618747561712));
#3016=CARTESIAN_POINT('',(2.13546163397376,-0.363363192618787,4.96187477590249));
#3017=CARTESIAN_POINT('',(3.19477720460225,-1.42267831621243,5.41187481802991));
#3018=CARTESIAN_POINT('',(3.19477720460225,-1.42267831621243,4.51187481802991));
#3019=CARTESIAN_POINT('',(2.16046166670967,-0.3883632253547,5.41187481802991));
#3020=CARTESIAN_POINT('Origin',(19.7075156602541,-1.12267876324728,5.26187481802991));
#3021=CARTESIAN_POINT('',(0.847582239099209,-1.27267876324728,5.41187481802991));
#3022=CARTESIAN_POINT('',(25.6575158111284,-1.27267876324728,5.41187481802991));
#3023=CARTESIAN_POINT('',(0.55395070454215,-1.12267876324728,5.26187481802991));
#3024=CARTESIAN_POINT('Origin',(1.6075153585057,0.577321683787566,3.56187437099507));
#3025=CARTESIAN_POINT('',(19.7075156602541,-1.12267876324728,5.26187481802991));
#3026=CARTESIAN_POINT('Origin',(31.6075159620027,30.8273221457236,5.41187481802991));
#3027=CARTESIAN_POINT('',(1.6075153585057,-1.42267831621243,5.41187481802991));
#3028=CARTESIAN_POINT('',(9.70751550937991,-1.42267831621243,5.41187481802991));
#3029=CARTESIAN_POINT('Origin',(1.6075153585057,0.577321683787566,5.41187481802991));
#3030=CARTESIAN_POINT('Origin',(-0.492484641494297,-1.42267831621243,4.51187481802991));
#3031=CARTESIAN_POINT('',(21.3825159620027,-1.42267831621243,5.41187481802991));
#3032=CARTESIAN_POINT('',(9.70751550937991,-1.42267831621243,5.41187481802991));
#3033=CARTESIAN_POINT('',(21.3825159620027,-1.42267831621243,5.76187481802991));
#3034=CARTESIAN_POINT('',(21.3825159620027,-1.42267831621243,4.51187481802991));
#3035=CARTESIAN_POINT('',(29.3825159620027,-1.42267831621243,5.76187481802991));
#3036=CARTESIAN_POINT('',(10.4450156602542,-1.42267831621243,5.76187481802991));
#3037=CARTESIAN_POINT('',(29.3825159620027,-1.42267831621243,5.41187481802991));
#3038=CARTESIAN_POINT('',(29.3825159620027,-1.42267831621243,4.88687481802991));
#3039=CARTESIAN_POINT('',(31.9075159620027,-1.42267831621243,5.41187481802991));
#3040=CARTESIAN_POINT('',(15.5575156602542,-1.42267831621243,5.41187481802991));
#3041=CARTESIAN_POINT('',(31.9075159620027,-1.42267831621243,6.01187481802991));
#3042=CARTESIAN_POINT('',(31.9075159620027,-1.42267831621243,4.51187481802991));
#3043=CARTESIAN_POINT('',(1.6075153585057,-1.42267831621243,6.01187481802991));
#3044=CARTESIAN_POINT('',(8.13251550937996,-1.42267831621243,6.01187481802991));
#3045=CARTESIAN_POINT('',(1.6075153585057,-1.42267831621243,4.51187481802991));
#3046=CARTESIAN_POINT('',(1.6075153585057,-1.42267831621243,4.96187478573626));
#3047=CARTESIAN_POINT('',(-0.367484633391613,-1.42267831621243,4.9618748225235));
#3048=CARTESIAN_POINT('',(1.6075153585057,-1.42267831621243,4.51187481802991));
#3049=CARTESIAN_POINT('',(1.6075153585057,-1.42267831621243,4.51187481802991));
#3050=CARTESIAN_POINT('',(21.3825159620027,-1.42267831621243,4.51187481802991));
#3051=CARTESIAN_POINT('',(-0.492484641494297,-1.42267831621243,4.51187481802991));
#3052=CARTESIAN_POINT('',(21.3825159620027,-1.42267831621243,4.51187481802991));
#3053=CARTESIAN_POINT('Origin',(16.7575156602542,14.9773219147556,4.51187481802991));
#3054=CARTESIAN_POINT('',(-0.392484641494299,0.577321683787564,4.51187481802991));
#3055=CARTESIAN_POINT('Origin',(1.6075153585057,0.577321683787566,4.51187481802991));
#3056=CARTESIAN_POINT('',(-0.392484641494304,28.3773221457236,4.51187481802991));
#3057=CARTESIAN_POINT('',(-0.392484641494303,21.7273220302396,4.51187481802991));
#3058=CARTESIAN_POINT('',(2.1075153585057,30.8773221457236,4.51187481802991));
#3059=CARTESIAN_POINT('Origin',(2.1075153585057,28.3773221457236,4.51187481802991));
#3060=CARTESIAN_POINT('',(31.4075159620027,30.8773221457236,4.51187481802991));
#3061=CARTESIAN_POINT('',(24.1325158111285,30.8773221457236,4.51187481802991));
#3062=CARTESIAN_POINT('',(33.9075159620027,28.3773221457236,4.51187481802991));
#3063=CARTESIAN_POINT('Origin',(31.4075159620027,28.3773221457236,4.51187481802991));
#3064=CARTESIAN_POINT('',(33.9075159620027,0.577321683787567,4.51187481802991));
#3065=CARTESIAN_POINT('',(33.9075159620027,6.97732179927157,4.51187481802991));
#3066=CARTESIAN_POINT('',(31.9075159620027,-1.42267831621243,4.51187481802991));
#3067=CARTESIAN_POINT('Origin',(31.9075159620027,0.577321683787567,4.51187481802991));
#3068=CARTESIAN_POINT('',(29.3825159620027,-1.42267831621243,4.51187481802991));
#3069=CARTESIAN_POINT('',(8.13251550937996,-1.42267831621243,4.51187481802991));
#3070=CARTESIAN_POINT('',(28.8825159620027,-0.922678316212433,4.51187481802991));
#3071=CARTESIAN_POINT('',(22.1012658288236,5.85857181696667,4.51187481802991));
#3072=CARTESIAN_POINT('',(21.8825159620027,-0.922678316212433,4.51187481802991));
#3073=CARTESIAN_POINT('',(21.0700158111285,-0.922678316212433,4.51187481802991));
#3074=CARTESIAN_POINT('',(24.3512659443076,1.54607166609242,4.51187481802991));
#3075=CARTESIAN_POINT('',(32.5000004768372,18.4511257366999,4.51187481802991));
#3076=CARTESIAN_POINT('',(9.49999977201223,18.4511257366999,4.51187481802991));
#3077=CARTESIAN_POINT('',(23.3787580536445,18.4511257366999,4.51187481802991));
#3078=CARTESIAN_POINT('',(9.49999977201223,-0.522678316212443,4.51187481802991));
#3079=CARTESIAN_POINT('',(9.49999977201223,7.28866096184813,4.51187481802991));
#3080=CARTESIAN_POINT('',(29.6999993517995,-0.522678316212443,4.51187481802991));
#3081=CARTESIAN_POINT('',(18.17875761108,-0.522678316212444,4.51187481802991));
#3082=CARTESIAN_POINT('',(29.6999993517995,6.50000017136336,4.51187481802991));
#3083=CARTESIAN_POINT('',(29.6999993517995,7.28866096184813,4.51187481802991));
#3084=CARTESIAN_POINT('',(32.5000004768372,6.50000017136335,4.51187481802991));
#3085=CARTESIAN_POINT('',(23.3787580536445,6.50000017136336,4.51187481802991));
#3086=CARTESIAN_POINT('',(32.5000004768372,13.2386610430595,4.51187481802991));
#3087=CARTESIAN_POINT('',(5.3475153585057,-0.681416462665308,4.51187481802991));
#3088=CARTESIAN_POINT('',(7.3475153585057,-0.681416462665308,4.51187481802991));
#3089=CARTESIAN_POINT('',(11.05251550938,-0.681416462665309,4.51187481802991));
#3090=CARTESIAN_POINT('',(8.87625351240916,0.847321691238145,4.51187481802991));
#3091=CARTESIAN_POINT('Origin',(7.3475153585057,0.847321691238146,4.51187481802991));
#3092=CARTESIAN_POINT('',(8.87625351240916,15.8473216912381,4.51187481802991));
#3093=CARTESIAN_POINT('',(8.87625351240915,7.91232180299685,4.51187481802991));
#3094=CARTESIAN_POINT('',(3.81877720460225,15.8473216912381,4.51187481802991));
#3095=CARTESIAN_POINT('',(12.8168845863317,15.8473216912381,4.51187481802991));
#3096=CARTESIAN_POINT('',(3.81877720460225,0.847321691238145,4.51187481802991));
#3097=CARTESIAN_POINT('',(3.81877720460225,15.4123218029969,4.51187481802991));
#3098=CARTESIAN_POINT('Origin',(5.3475153585057,0.847321691238146,4.51187481802991));
#3099=CARTESIAN_POINT('Origin',(31.6075159620027,30.8273221457236,5.41187481802991));
#3100=CARTESIAN_POINT('',(21.5325155149679,-1.27267876324728,5.41187481802991));
#3101=CARTESIAN_POINT('',(25.6575158111284,-1.27267876324728,5.41187481802991));
#3102=CARTESIAN_POINT('',(21.1262657748069,-1.6789285034083,5.41187481802991));
#3103=CARTESIAN_POINT('Origin',(19.7075156602541,-1.12267876324728,5.26187481802991));
#3104=CARTESIAN_POINT('',(21.4304323548605,-1.37476192335462,5.51395797813726));
#3105=CARTESIAN_POINT('Origin',(32.0000004768372,11.5000001713634,4.51187481802991));
#3106=CARTESIAN_POINT('',(32.0000004768372,18.4511257366999,5.01187481802992));
#3107=CARTESIAN_POINT('',(32.0000004768372,18.4511257366999,5.51187481802991));
#3108=CARTESIAN_POINT('',(32.0000004768372,18.4511257366999,5.01187481802991));
#3109=CARTESIAN_POINT('',(32.0000004768372,9.00000017136335,5.01187481802991));
#3110=CARTESIAN_POINT('',(32.0000004768372,13.2386610430595,5.01187481802991));
#3111=CARTESIAN_POINT('',(32.0000004768372,11.5000001713634,5.51187481802991));
#3112=CARTESIAN_POINT('',(32.0000004768372,10.1538463252095,5.24264404879914));
#3113=CARTESIAN_POINT('',(32.0000004768372,17.5000002607703,5.51187481802991));
#3114=CARTESIAN_POINT('Origin',(32.2500004768372,13.2386610430595,4.76187481802991));
#3115=CARTESIAN_POINT('',(31.5000004693866,18.4511257366999,5.51187482548049));
#3116=CARTESIAN_POINT('',(31.4571384993988,11.7143100585553,5.5547367954683));
#3117=CARTESIAN_POINT('Origin',(31.9075159620027,0.577321683787567,4.51187481802991));
#3118=CARTESIAN_POINT('',(33.9075159620027,0.577321683787567,6.01187481802991));
#3119=CARTESIAN_POINT('Origin',(31.9075159620027,0.577321683787567,6.01187481802991));
#3120=CARTESIAN_POINT('',(32.6674490814092,-1.27267876324727,5.41187481802991));
#3121=CARTESIAN_POINT('Origin',(31.9075159620027,0.577321683787567,5.41187481802991));
#3122=CARTESIAN_POINT('',(32.9610806159663,-1.12267876324728,5.26187481802991));
#3123=CARTESIAN_POINT('Origin',(31.9075159620027,0.577321683787567,3.56187437099507));
#3124=CARTESIAN_POINT('',(32.9610806159663,-1.12267876324728,5.11187481802991));
#3125=CARTESIAN_POINT('',(32.9610806159663,-1.12267876324728,4.51187481802991));
#3126=CARTESIAN_POINT('',(32.6674493561985,-1.27267865037081,4.96187470738879));
#3127=CARTESIAN_POINT('Origin',(31.9075159620027,0.577321683787567,6.81187779826659));
#3128=CARTESIAN_POINT('',(31.9075159620027,-1.42267831621243,4.96187481802991));
#3129=CARTESIAN_POINT('Origin',(31.9075159620027,0.577321683787567,4.96187470738879));
#3130=CARTESIAN_POINT('',(31.9075159620027,-1.42267831621243,4.51187481802991));
#3131=CARTESIAN_POINT('',(33.9075159620027,0.577321683787567,4.96187470738879));
#3132=CARTESIAN_POINT('',(33.9075159620027,0.577321683787567,4.51187481802991));
#3133=CARTESIAN_POINT('',(33.7575173120542,-0.182609237288674,4.96187470738879));
#3134=CARTESIAN_POINT('Origin',(31.9075159620027,0.577321683787567,4.96187470738879));
#3135=CARTESIAN_POINT('',(33.607514605252,-0.476245880704911,5.11187470403603));
#3136=CARTESIAN_POINT('Origin',(31.9075159620027,0.577321683787567,6.81184263277477));
#3137=CARTESIAN_POINT('',(33.607514605252,-0.476245880704911,5.26187481802991));
#3138=CARTESIAN_POINT('',(33.607514605252,-0.476245880704911,4.51187481802991));
#3139=CARTESIAN_POINT('',(33.7575147225987,-0.182615541115387,5.41187481802991));
#3140=CARTESIAN_POINT('Origin',(31.9075159620027,0.577321683787567,3.56187750470824));
#3141=CARTESIAN_POINT('',(33.9075159620027,0.577321683787566,5.41187481802991));
#3142=CARTESIAN_POINT('Origin',(31.9075159620027,0.577321683787567,5.41187481802991));
#3143=CARTESIAN_POINT('',(33.9075159620027,0.577321683787567,4.51187481802991));
#3144=CARTESIAN_POINT('Origin',(33.607514605252,-1.02267831621243,5.11187470403603));
#3145=CARTESIAN_POINT('',(33.607514605252,29.5647588681224,5.11187470403603));
#3146=CARTESIAN_POINT('',(33.607514605252,-1.02267831621243,5.11187470403603));
#3147=CARTESIAN_POINT('',(33.607514605252,29.5647588681224,5.26187481802991));
#3148=CARTESIAN_POINT('',(33.607514605252,29.5647588681224,4.51187481802991));
#3149=CARTESIAN_POINT('',(33.607514605252,-1.02267831621243,5.26187481802991));
#3150=CARTESIAN_POINT('Origin',(33.7575169662944,-1.02267831621243,4.9618750531423));
#3151=CARTESIAN_POINT('',(33.7575173120542,29.2302545315293,4.96187470738879));
#3152=CARTESIAN_POINT('',(33.7575173120542,14.9523213427372,4.96187470738879));
#3153=CARTESIAN_POINT('Origin',(31.4075159620027,28.3773221457236,7.311833599088));
#3154=CARTESIAN_POINT('Origin',(33.9075159620027,-1.02267831621243,4.51187481802991));
#3155=CARTESIAN_POINT('',(33.9075159620027,28.3773221457236,4.96187470738879));
#3156=CARTESIAN_POINT('',(33.9075159620027,28.3773221457236,4.51187481802991));
#3157=CARTESIAN_POINT('',(33.9075159620027,14.9523213427372,4.96187470738879));
#3158=CARTESIAN_POINT('Origin',(31.6075159620027,30.8273221457236,5.41187481802991));
#3159=CARTESIAN_POINT('',(29.2325164090376,-1.27267876324728,5.41187481802991));
#3160=CARTESIAN_POINT('',(26.8012659983243,1.15857164746601,5.41187481802991));
#3161=CARTESIAN_POINT('',(25.5575158111284,-1.27267876324727,5.41187481802991));
#3162=CARTESIAN_POINT('Origin',(-0.492484641494297,-1.42267831621243,4.51187481802991));
#3163=CARTESIAN_POINT('',(29.3825159620027,-1.42267831621243,4.96187481802991));
#3164=CARTESIAN_POINT('',(9.50751550937991,-1.42267831621243,4.96187481802991));
#3165=CARTESIAN_POINT('',(29.3825159620027,-1.42267831621243,4.88687481802991));
#3166=CARTESIAN_POINT('Origin',(31.4075159620027,30.8273210016869,4.96187470738879));
#3167=CARTESIAN_POINT('',(29.2325161855202,-1.27267853972986,4.96187481802991));
#3168=CARTESIAN_POINT('',(25.5575158111284,-1.27267865037081,4.96187470738879));
#3169=CARTESIAN_POINT('',(26.8387658865656,1.12107175922472,4.96187481802991));
#3170=CARTESIAN_POINT('Origin',(31.4075159620027,30.8273210016869,4.96187470738879));
#3171=CARTESIAN_POINT('Origin',(31.4075159620027,28.3773221457236,4.96187470738879));
#3172=CARTESIAN_POINT('Origin',(19.7075156602541,-1.27267853972986,4.96187481802991));
#3173=CARTESIAN_POINT('',(29.0825164090376,-1.12267876324728,5.11187481802991));
#3174=CARTESIAN_POINT('',(19.7075156602541,-1.12267876324728,5.11187481802991));
#3175=CARTESIAN_POINT('',(27.5929342909789,0.366903354811437,6.60145915574225));
#3176=CARTESIAN_POINT('Origin',(1.6075153585057,0.577321683787566,4.51187481802991));
#3177=CARTESIAN_POINT('',(-0.24248474647645,-0.182612268320132,4.96187470738879));
#3178=CARTESIAN_POINT('',(-0.392484641494298,0.577321683787566,4.96187482298916));
#3179=CARTESIAN_POINT('Origin',(1.6075153585057,0.577321683787566,4.96187478573626));
#3180=CARTESIAN_POINT('',(-0.392484641494298,0.577321683787566,4.51187481802991));
#3181=CARTESIAN_POINT('',(0.847581739120401,-1.27267855786862,4.96187479989112));
#3182=CARTESIAN_POINT('Origin',(1.6075153585057,0.577321683787566,4.96187478573626));
#3183=CARTESIAN_POINT('',(0.55395070454215,-1.12267876324728,5.11187481802991));
#3184=CARTESIAN_POINT('Origin',(1.6075153585057,0.577321683787566,6.81187779826659));
#3185=CARTESIAN_POINT('',(0.55395070454215,-1.12267876324728,4.51187481802991));
#3186=CARTESIAN_POINT('',(-0.392484641494298,0.577321683787566,6.01187481802991));
#3187=CARTESIAN_POINT('Origin',(1.6075153585057,0.577321683787566,6.01187481802991));
#3188=CARTESIAN_POINT('',(-0.392484641494298,0.577321683787566,5.41187469733051));
#3189=CARTESIAN_POINT('',(-0.392484641494298,0.577321683787566,4.51187481802991));
#3190=CARTESIAN_POINT('',(-0.242484754370691,-0.182612249102217,5.41187481802991));
#3191=CARTESIAN_POINT('Origin',(1.6075153585057,0.577321683787566,5.41187481802991));
#3192=CARTESIAN_POINT('',(-0.0924846370239507,-0.47624369871092,5.26187481802991));
#3193=CARTESIAN_POINT('Origin',(1.6075153585057,0.577321683787566,3.56187615242893));
#3194=CARTESIAN_POINT('',(-0.0924846370239507,-0.47624369871092,5.11187470403603));
#3195=CARTESIAN_POINT('',(-0.0924846370239507,-0.47624369871092,4.51187481802991));
#3196=CARTESIAN_POINT('Origin',(1.6075153585057,0.577321683787566,6.81188761391087));
#3197=CARTESIAN_POINT('Origin',(-0.242484633671189,-1.02267831621243,5.41187469733051));
#3198=CARTESIAN_POINT('',(-0.242484754370691,29.2302579401893,5.41187481802991));
#3199=CARTESIAN_POINT('',(-0.242484754370691,14.9523219147556,5.41187481802991));
#3200=CARTESIAN_POINT('',(-0.0924846370239507,29.5647563627097,5.26187481802991));
#3201=CARTESIAN_POINT('Origin',(2.1075153585057,28.3773221457236,3.06187654358442));
#3202=CARTESIAN_POINT('',(-0.0924846370239508,-1.02267831621243,5.26187481802991));
#3203=CARTESIAN_POINT('Origin',(-0.392484641494303,28.4773221457236,4.51187481802991));
#3204=CARTESIAN_POINT('',(-0.392484641494304,28.3773221457236,6.01187481802991));
#3205=CARTESIAN_POINT('',(-0.392484641494303,21.7273220302396,6.01187481802991));
#3206=CARTESIAN_POINT('',(-0.392484641494303,28.3773221457236,5.41187481802991));
#3207=CARTESIAN_POINT('',(-0.392484641494303,28.3773221457236,4.51187481802991));
#3208=CARTESIAN_POINT('',(-0.3924846414943,13.7273219147556,5.41187469733051));
#3209=CARTESIAN_POINT('Origin',(16.7575156602542,14.9773219147556,6.01187481802991));
#3210=CARTESIAN_POINT('',(33.9075159620027,28.3773221457236,6.01187481802991));
#3211=CARTESIAN_POINT('',(33.9075159620027,6.97732179927157,6.01187481802991));
#3212=CARTESIAN_POINT('',(31.4075159620027,30.8773221457236,6.01187481802991));
#3213=CARTESIAN_POINT('Origin',(31.4075159620027,28.3773221457236,6.01187481802991));
#3214=CARTESIAN_POINT('',(2.1075153585057,30.8773221457236,6.01187481802991));
#3215=CARTESIAN_POINT('',(31.5075159620027,30.8773221457236,6.01187481802991));
#3216=CARTESIAN_POINT('Origin',(2.1075153585057,28.3773221457236,6.01187481802991));
#3217=CARTESIAN_POINT('',(7.3475153585057,-0.981416462665307,6.01187481802991));
#3218=CARTESIAN_POINT('',(9.17625351240915,0.847321691238145,6.01187481802991));
#3219=CARTESIAN_POINT('Origin',(7.3475153585057,0.847321691238146,6.01187481802991));
#3220=CARTESIAN_POINT('',(5.3475153585057,-0.981416462665308,6.01187481802991));
#3221=CARTESIAN_POINT('',(11.05251550938,-0.981416462665309,6.01187481802991));
#3222=CARTESIAN_POINT('',(3.51877720460225,0.847321691238145,6.01187481802991));
#3223=CARTESIAN_POINT('Origin',(5.3475153585057,0.847321691238146,6.01187481802991));
#3224=CARTESIAN_POINT('',(3.51877720460225,16.1473216912381,6.01187481802991));
#3225=CARTESIAN_POINT('',(3.51877720460225,15.4123218029969,6.01187481802991));
#3226=CARTESIAN_POINT('',(4.5275153585057,16.1473216912381,6.01187481802991));
#3227=CARTESIAN_POINT('',(11.41751550938,16.1473216912381,6.01187481802991));
#3228=CARTESIAN_POINT('',(4.5275153585057,0.847321691238146,6.01187481802991));
#3229=CARTESIAN_POINT('',(4.5275153585057,7.91232180299685,6.01187481802991));
#3230=CARTESIAN_POINT('',(5.3475153585057,0.0273216912381445,6.01187481802991));
#3231=CARTESIAN_POINT('Origin',(5.3475153585057,0.847321691238146,6.01187481802991));
#3232=CARTESIAN_POINT('',(7.3475153585057,0.0273216912381456,6.01187481802991));
#3233=CARTESIAN_POINT('',(12.05251550938,0.0273216912381435,6.01187481802991));
#3234=CARTESIAN_POINT('',(8.1675153585057,0.847321691238145,6.01187481802991));
#3235=CARTESIAN_POINT('Origin',(7.3475153585057,0.847321691238146,6.01187481802991));
#3236=CARTESIAN_POINT('',(8.1675153585057,16.1473216912381,6.01187481802991));
#3237=CARTESIAN_POINT('',(8.1675153585057,10.9123218029969,6.01187481802991));
#3238=CARTESIAN_POINT('',(9.17625351240915,16.1473216912381,6.01187481802991));
#3239=CARTESIAN_POINT('',(11.41751550938,16.1473216912381,6.01187481802991));
#3240=CARTESIAN_POINT('',(9.17625351240915,7.91232180299685,6.01187481802991));
#3241=CARTESIAN_POINT('Origin',(31.6075159620027,30.8273221457236,5.41187481802991));
#3242=CARTESIAN_POINT('Origin',(2.1075153585057,28.3773221457236,5.41187481802991));
#3243=CARTESIAN_POINT('Origin',(-0.242484633670832,-0.922678316212433,4.96187482019519));
#3244=CARTESIAN_POINT('',(9.73251551003201,-1.27267872336317,4.96187463439633));
#3245=CARTESIAN_POINT('Origin',(19.7075156602541,-1.12267876324728,5.11187481802991));
#3246=CARTESIAN_POINT('',(19.7075156602541,-1.12267876324728,5.11187481802991));
#3247=CARTESIAN_POINT('Origin',(33.607514605252,-1.02267831621243,5.26187481802991));
#3248=CARTESIAN_POINT('',(33.7575147225987,29.2302616659694,5.41187481802991));
#3249=CARTESIAN_POINT('Origin',(31.4075159620027,28.3773221457236,3.06187789586372));
#3250=CARTESIAN_POINT('',(33.7575147225987,14.9523219147556,5.41187481802991));
#3251=CARTESIAN_POINT('Origin',(-0.0924846370239508,-1.02267831621243,5.26187481802991));
#3252=CARTESIAN_POINT('',(-0.0924846370239507,29.5647563627097,5.11187470403603));
#3253=CARTESIAN_POINT('',(-0.0924846370239507,29.5647563627097,4.51187481802991));
#3254=CARTESIAN_POINT('',(-0.0924846370239508,-1.02267831621243,5.11187470403603));
#3255=CARTESIAN_POINT('Origin',(-0.0924850973308263,-1.02267831621243,5.11187539449463));
#3256=CARTESIAN_POINT('',(-0.242484633670832,29.2302582727403,4.96187482019519));
#3257=CARTESIAN_POINT('Origin',(2.1075153585057,28.3773221457236,7.31189107378633));
#3258=CARTESIAN_POINT('',(-0.24248474647645,15.0023213427372,4.96187470738879));
#3259=CARTESIAN_POINT('Origin',(19.7075156602541,-1.12267876324728,5.11187481802991));
#3260=CARTESIAN_POINT('',(29.0825164090376,-1.12267876324728,5.26187481802991));
#3261=CARTESIAN_POINT('',(19.7075156602541,-1.12267876324728,5.26187481802991));
#3262=CARTESIAN_POINT('',(29.0825164090376,-1.12267876324728,5.09312481802991));
#3263=CARTESIAN_POINT('Origin',(19.7075156602541,-1.12267876324728,5.26187481802991));
#3264=CARTESIAN_POINT('',(27.5054328018954,0.454404843894916,3.68479121088772));
#3265=CARTESIAN_POINT('Origin',(31.6075159620027,30.8273221457236,5.41187481802991));
#3266=CARTESIAN_POINT('',(33.9075159620027,28.3773221457236,5.41187481802991));
#3267=CARTESIAN_POINT('Origin',(31.4075159620027,28.3773221457236,5.41187481802991));
#3268=CARTESIAN_POINT('',(33.9075159620027,14.9523219147556,5.41187481802991));
#3269=CARTESIAN_POINT('Origin',(31.4075159620027,28.3773221457236,4.51187481802991));
#3270=CARTESIAN_POINT('',(32.2604520674643,30.7273221457236,5.41187481802991));
#3271=CARTESIAN_POINT('',(31.4075159620027,30.8773221457236,5.41187481802991));
#3272=CARTESIAN_POINT('Origin',(31.4075159620027,28.3773221457236,5.41187481802991));
#3273=CARTESIAN_POINT('',(31.4075159620027,30.8773221457236,4.51187481802991));
#3274=CARTESIAN_POINT('',(33.9075159620027,28.3773221457236,4.51187481802991));
#3275=CARTESIAN_POINT('',(31.4075159620027,30.8773221457236,4.96187470738879));
#3276=CARTESIAN_POINT('',(31.4075159620027,30.8773221457236,4.51187481802991));
#3277=CARTESIAN_POINT('',(32.2604552194947,30.7273210016869,4.96187470738879));
#3278=CARTESIAN_POINT('Origin',(31.4075159620027,28.3773221457236,4.96187470738879));
#3279=CARTESIAN_POINT('',(32.5949501707065,30.5773221457236,5.11187481802991));
#3280=CARTESIAN_POINT('Origin',(31.4075159620027,28.3773221457236,7.31189322011095));
#3281=CARTESIAN_POINT('',(32.5949501707065,30.5773221457236,5.26187481802991));
#3282=CARTESIAN_POINT('',(32.5949501707065,30.5773221457236,4.51187481802991));
#3283=CARTESIAN_POINT('Origin',(31.4075159620027,28.3773221457236,3.06187481802991));
#3284=CARTESIAN_POINT('Origin',(31.4075159620027,30.7273210016869,4.96187470738879));
#3285=CARTESIAN_POINT('',(2.1075153585057,30.8773221457236,4.96187470738879));
#3286=CARTESIAN_POINT('',(31.4075159620027,30.8773221457236,4.96187470738879));
#3287=CARTESIAN_POINT('',(1.25457610101373,30.7273210016869,4.96187470738879));
#3288=CARTESIAN_POINT('Origin',(2.1075153585057,28.3773221457236,4.96187470738879));
#3289=CARTESIAN_POINT('',(31.4075159620027,30.7273210016869,4.96187470738879));
#3290=CARTESIAN_POINT('Origin',(31.5075159620027,30.7273221457236,5.41187481802991));
#3291=CARTESIAN_POINT('',(1.2545792530441,30.7273221457236,5.41187481802991));
#3292=CARTESIAN_POINT('',(31.5075159620027,30.7273221457236,5.41187481802991));
#3293=CARTESIAN_POINT('',(2.1075153585057,30.8773221457236,5.41187481802991));
#3294=CARTESIAN_POINT('Origin',(2.1075153585057,28.3773221457236,5.41187481802991));
#3295=CARTESIAN_POINT('',(31.4575159620027,30.8773221457236,5.41187481802991));
#3296=CARTESIAN_POINT('Origin',(33.9075159620027,-1.02267831621243,4.51187481802991));
#3297=CARTESIAN_POINT('Origin',(31.5075159620027,30.5773221457236,5.11187481802991));
#3298=CARTESIAN_POINT('',(0.920081149801906,30.5773221457236,5.11187481802991));
#3299=CARTESIAN_POINT('',(31.5075159620027,30.5773221457236,5.11187481802991));
#3300=CARTESIAN_POINT('',(0.920081149801906,30.5773221457236,5.26187481802991));
#3301=CARTESIAN_POINT('',(0.920081149801906,30.5773221457236,4.51187481802991));
#3302=CARTESIAN_POINT('',(31.5075159620027,30.5773221457236,5.26187481802991));
#3303=CARTESIAN_POINT('Origin',(31.5075159620027,30.5773221457236,5.11187481802991));
#3304=CARTESIAN_POINT('Origin',(2.1075153585057,28.3773221457236,7.31189322011093));
#3305=CARTESIAN_POINT('Origin',(31.5075159620027,30.5773221457236,5.26187481802991));
#3306=CARTESIAN_POINT('Origin',(2.1075153585057,28.3773221457236,3.06187481802993));
#3307=CARTESIAN_POINT('Origin',(19.7075156602541,-1.27267853972986,4.96187481802991));
#3308=CARTESIAN_POINT('Origin',(-0.392484641494303,28.4773221457236,4.51187481802991));
#3309=CARTESIAN_POINT('',(-0.392484641494303,28.3773221457236,4.96187482298916));
#3310=CARTESIAN_POINT('',(-0.3924846414943,13.8273219147556,4.96187482298916));
#3311=CARTESIAN_POINT('',(-0.392484641494303,28.3773221457236,4.51187481802991));
#3312=CARTESIAN_POINT('Origin',(-0.242484633670832,-0.922678316212433,4.96187482019519));
#3313=CARTESIAN_POINT('Origin',(2.1075153585057,28.3773221457236,4.96187477642303));
#3314=CARTESIAN_POINT('Origin',(2.1075153585057,28.3773221457236,4.51187481802991));
#3315=CARTESIAN_POINT('',(2.1075153585057,30.8773221457236,4.51187481802991));
#3316=CARTESIAN_POINT('',(2.1075153585057,30.8773221457236,4.51187481802991));
#3317=CARTESIAN_POINT('Origin',(31.5075159620027,30.8773221457236,4.51187481802991));
#3318=CARTESIAN_POINT('Origin',(31.5075159620027,30.8773221457236,4.51187481802991));
#3319=CARTESIAN_POINT('Origin',(30.0000004470348,18.4511257366999,5.51187481802991));
#3320=CARTESIAN_POINT('',(9.99999977201223,18.4511257366999,5.51187481802991));
#3321=CARTESIAN_POINT('',(30.0000004470348,18.4511257366999,5.51187481802991));
#3322=CARTESIAN_POINT('',(11.8749998395145,18.4511257366999,9.26187495303443));
#3323=CARTESIAN_POINT('Origin',(9.74999977201223,12.9193301292567,5.01187481802991));
#3324=CARTESIAN_POINT('',(9.99999977201223,-0.522678316212444,5.51187481802991));
#3325=CARTESIAN_POINT('',(9.99999977201223,12.9193301292567,5.51187481802991));
#3326=CARTESIAN_POINT('',(10.7049997510016,-0.522678316212443,6.92187477600864));
#3327=CARTESIAN_POINT('Origin',(23.3787580536445,9.00000017136335,5.01187481802991));
#3328=CARTESIAN_POINT('',(29.1999993517995,11.5000001713634,5.51187481802991));
#3329=CARTESIAN_POINT('',(32.0000004768372,11.5000001713634,5.51187481802991));
#3330=CARTESIAN_POINT('',(29.8165235953841,5.3347577355175,4.27882633086074));
#3331=CARTESIAN_POINT('Origin',(31.000000461936,14.5000002160668,5.51187481802991));
#3332=CARTESIAN_POINT('',(29.1999993517995,-0.522678316212444,5.51187481802991));
#3333=CARTESIAN_POINT('',(29.1999993517995,3.95799116561059,5.51187481802991));
#3334=CARTESIAN_POINT('',(9.49999977201223,-0.522678316212444,5.51187481802991));
#3335=CARTESIAN_POINT('Origin',(11.41751550938,15.9973216912381,5.86187481802991));
#3336=CARTESIAN_POINT('',(3.81877720460225,15.8473216912381,5.71187481802991));
#3337=CARTESIAN_POINT('',(5.05773357010542,14.608365325735,4.47291845252674));
#3338=CARTESIAN_POINT('',(4.2275153585057,15.8473216912381,5.71187481802991));
#3339=CARTESIAN_POINT('',(11.41751550938,15.8473216912381,5.71187481802991));
#3340=CARTESIAN_POINT('',(4.2033487356112,15.8231550683436,5.68770819513541));
#3341=CARTESIAN_POINT('Origin',(6.0775153585057,15.8473216912381,6.01187481802991));
#3342=CARTESIAN_POINT('',(8.87625351240916,15.8473216912381,5.71187481802991));
#3343=CARTESIAN_POINT('',(8.87625351240916,15.8473216912381,4.51187481802991));
#3344=CARTESIAN_POINT('',(8.4675153585057,15.8473216912381,5.71187481802991));
#3345=CARTESIAN_POINT('',(11.41751550938,15.8473216912381,5.71187481802991));
#3346=CARTESIAN_POINT('',(8.4675153585057,15.8473216912381,5.16187481802991));
#3347=CARTESIAN_POINT('',(8.4675153585057,15.8473216912381,6.01187481802991));
#3348=CARTESIAN_POINT('',(4.2275153585057,15.8473216912381,5.16187481802991));
#3349=CARTESIAN_POINT('',(6.7125153585057,15.8473216912381,5.16187481802991));
#3350=CARTESIAN_POINT('',(4.2275153585057,15.8473216912381,6.01187481802991));
#3351=CARTESIAN_POINT('',(3.81877720460225,15.8473216912381,4.51187481802991));
#3352=CARTESIAN_POINT('Origin',(8.3175153585057,10.9123218029969,5.86187481802991));
#3353=CARTESIAN_POINT('',(8.4675153585057,0.847321691238146,5.71187481802991));
#3354=CARTESIAN_POINT('',(8.1675153585057,0.847321691238145,6.01187481802991));
#3355=CARTESIAN_POINT('',(8.4675153585057,10.9123218029969,5.71187481802991));
#3356=CARTESIAN_POINT('',(8.4675153585057,15.8473216912381,5.71187481802991));
#3357=CARTESIAN_POINT('Origin',(11.41751550938,15.9973216912381,5.86187481802991));
#3358=CARTESIAN_POINT('',(8.87625351240916,15.8473216912381,5.71187481802991));
#3359=CARTESIAN_POINT('Origin',(9.02625351240916,7.91232180299685,5.86187481802991));
#3360=CARTESIAN_POINT('',(8.87625351240916,0.847321691238145,5.71187481802991));
#3361=CARTESIAN_POINT('',(8.87625351240916,7.91232180299685,5.71187481802991));
#3362=CARTESIAN_POINT('',(8.87625351240916,0.847321691238145,5.71187481802991));
#3363=CARTESIAN_POINT('Origin',(7.3475153585057,0.847321691238146,5.86187481802991));
#3364=CARTESIAN_POINT('',(7.3475153585057,-0.681416462665308,5.71187481802991));
#3365=CARTESIAN_POINT('',(7.3475153585057,-0.681416462665308,5.71187481802991));
#3366=CARTESIAN_POINT('Origin',(7.3475153585057,0.847321691238146,5.71187481802991));
#3367=CARTESIAN_POINT('Origin',(11.05251550938,-0.831416462665309,5.86187481802991));
#3368=CARTESIAN_POINT('',(5.3475153585057,-0.681416462665308,5.71187481802991));
#3369=CARTESIAN_POINT('',(5.3475153585057,-0.681416462665308,5.71187481802991));
#3370=CARTESIAN_POINT('',(11.05251550938,-0.681416462665309,5.71187481802991));
#3371=CARTESIAN_POINT('Origin',(5.3475153585057,0.847321691238146,5.86187481802991));
#3372=CARTESIAN_POINT('',(3.81877720460225,0.847321691238145,5.71187481802991));
#3373=CARTESIAN_POINT('',(3.81877720460225,0.847321691238145,5.71187481802991));
#3374=CARTESIAN_POINT('Origin',(5.3475153585057,0.847321691238146,5.71187481802991));
#3375=CARTESIAN_POINT('Origin',(3.66877720460225,15.4123218029969,5.86187481802991));
#3376=CARTESIAN_POINT('',(3.81877720460225,15.4123218029969,5.71187481802991));
#3377=CARTESIAN_POINT('Origin',(7.3475153585057,0.847321691238146,5.86187481802991));
#3378=CARTESIAN_POINT('',(7.3475153585057,-0.272678308761855,5.71187481802991));
#3379=CARTESIAN_POINT('',(7.3475153585057,0.0273216912381456,6.01187481802991));
#3380=CARTESIAN_POINT('Origin',(7.3475153585057,0.847321691238146,5.71187481802991));
#3381=CARTESIAN_POINT('Origin',(12.05251550938,-0.122678308761856,5.86187481802991));
#3382=CARTESIAN_POINT('',(5.3475153585057,-0.272678308761855,5.71187481802991));
#3383=CARTESIAN_POINT('',(5.3475153585057,0.0273216912381445,6.01187481802991));
#3384=CARTESIAN_POINT('',(12.05251550938,-0.272678308761855,5.71187481802991));
#3385=CARTESIAN_POINT('Origin',(5.3475153585057,0.847321691238146,5.86187481802991));
#3386=CARTESIAN_POINT('',(4.2275153585057,0.847321691238146,5.71187481802991));
#3387=CARTESIAN_POINT('',(4.5275153585057,0.847321691238146,6.01187481802991));
#3388=CARTESIAN_POINT('Origin',(5.3475153585057,0.847321691238146,5.71187481802991));
#3389=CARTESIAN_POINT('Origin',(4.3775153585057,7.91232180299685,5.86187481802991));
#3390=CARTESIAN_POINT('',(4.2275153585057,7.91232180299685,5.71187481802991));
#3391=CARTESIAN_POINT('Origin',(3.81877720460225,15.8473216912381,4.51187481802991));
#3392=CARTESIAN_POINT('',(3.81877720460225,0.847321691238145,4.51187481802991));
#3393=CARTESIAN_POINT('Origin',(5.3475153585057,-0.681416462665308,4.51187481802991));
#3394=CARTESIAN_POINT('',(5.3475153585057,-0.681416462665308,4.51187481802991));
#3395=CARTESIAN_POINT('',(7.3475153585057,-0.681416462665308,4.51187481802991));
#3396=CARTESIAN_POINT('Origin',(5.3475153585057,0.847321691238146,4.51187481802991));
#3397=CARTESIAN_POINT('Origin',(8.87625351240916,0.847321691238145,4.51187481802991));
#3398=CARTESIAN_POINT('',(8.87625351240916,0.847321691238145,4.51187481802991));
#3399=CARTESIAN_POINT('Origin',(7.3475153585057,0.847321691238146,4.51187481802991));
#3400=CARTESIAN_POINT('Origin',(29.4499993517995,3.95799116561059,5.01187481802991));
#3401=CARTESIAN_POINT('',(28.4949993728101,-0.522678316212443,6.92187477600864));
#3402=CARTESIAN_POINT('Origin',(19.5999995619059,-0.522678316212443,4.86187481802991));
#3403=CARTESIAN_POINT('Origin',(4.07751531827257,-1.02267831621243,4.31187471744708));
#3404=CARTESIAN_POINT('',(5.3475153585057,-0.182678296691914,4.31187471744708));
#3405=CARTESIAN_POINT('',(5.3475153585057,1.87732167916821,4.31187471744708));
#3406=CARTESIAN_POINT('Origin',(5.3475153585057,0.847321691238146,4.31187471744708));
#3407=CARTESIAN_POINT('',(7.3475153585057,1.87732167916821,4.31187471744708));
#3408=CARTESIAN_POINT('',(5.21251533838913,1.87732167916821,4.31187471744708));
#3409=CARTESIAN_POINT('',(7.3475153585057,-0.182678296691914,4.31187471744708));
#3410=CARTESIAN_POINT('Origin',(7.3475153585057,0.847321691238146,4.31187471744708));
#3411=CARTESIAN_POINT('',(5.71251533838913,-0.182678296691914,4.31187471744708));
#3412=CARTESIAN_POINT('Origin',(21.6325159620027,-1.17267831621243,4.69937481802991));
#3413=CARTESIAN_POINT('',(21.8825159620027,-0.922678316212433,5.26187481802991));
#3414=CARTESIAN_POINT('',(21.8825159620027,-0.922678316212433,4.69937481802991));
#3415=CARTESIAN_POINT('',(19.9033492450446,-2.90184503317052,7.241041534988));
#3416=CARTESIAN_POINT('Origin',(29.1325159620027,-1.17267831621243,5.07437481802991));
#3417=CARTESIAN_POINT('',(28.8825159620027,-0.922678316212433,5.26187481802991));
#3418=CARTESIAN_POINT('',(25.9450159117113,2.01482173407899,2.32437476773849));
#3419=CARTESIAN_POINT('',(28.8825159620027,-0.922678316212433,5.07437481802991));
#3420=CARTESIAN_POINT('Origin',(7.3475153585057,0.847321691238146,4.51187471744707));
#3421=CARTESIAN_POINT('',(7.3475153585057,1.87732167916821,5.16187481802991));
#3422=CARTESIAN_POINT('',(7.3475153585057,-0.182678296691914,5.16187481802991));
#3423=CARTESIAN_POINT('Origin',(7.3475153585057,0.847321691238146,5.16187481802991));
#3424=CARTESIAN_POINT('',(7.3475153585057,-0.182678296691914,4.51187471744707));
#3425=CARTESIAN_POINT('',(7.3475153585057,1.87732167916821,4.51187471744707));
#3426=CARTESIAN_POINT('Origin',(7.3475153585057,-0.182678296691914,4.51187471744707));
#3427=CARTESIAN_POINT('',(5.3475153585057,-0.182678296691914,5.16187481802991));
#3428=CARTESIAN_POINT('',(6.8475153585057,-0.182678296691914,5.16187481802991));
#3429=CARTESIAN_POINT('',(5.3475153585057,-0.182678296691914,4.51187471744707));
#3430=CARTESIAN_POINT('Origin',(5.3475153585057,0.847321691238146,4.51187471744707));
#3431=CARTESIAN_POINT('',(5.3475153585057,1.87732167916821,5.16187481802991));
#3432=CARTESIAN_POINT('Origin',(5.3475153585057,0.847321691238146,5.16187481802991));
#3433=CARTESIAN_POINT('',(5.3475153585057,1.87732167916821,4.51187471744707));
#3434=CARTESIAN_POINT('Origin',(5.3475153585057,1.87732167916821,4.51187471744707));
#3435=CARTESIAN_POINT('',(5.8475153585057,1.87732167916821,5.16187481802991));
#3436=CARTESIAN_POINT('Origin',(4.2275153585057,0.847321691238146,6.01187481802991));
#3437=CARTESIAN_POINT('',(4.2275153585057,0.847321691238146,5.16187481802991));
#3438=CARTESIAN_POINT('',(4.2275153585057,0.847321691238146,6.01187481802991));
#3439=CARTESIAN_POINT('',(4.2275153585057,3.09732169123815,5.16187481802991));
#3440=CARTESIAN_POINT('Origin',(7.3475153585057,5.34732169123815,5.16187481802991));
#3441=CARTESIAN_POINT('',(8.4675153585057,0.847321691238146,5.16187481802991));
#3442=CARTESIAN_POINT('',(8.4675153585057,11.3473216912381,5.16187481802991));
#3443=CARTESIAN_POINT('',(7.3475153585057,-0.272678308761854,5.16187481802991));
#3444=CARTESIAN_POINT('Origin',(7.3475153585057,0.847321691238146,5.16187481802991));
#3445=CARTESIAN_POINT('',(5.3475153585057,-0.272678308761854,5.16187481802991));
#3446=CARTESIAN_POINT('',(6.8475153585057,-0.272678308761855,5.16187481802991));
#3447=CARTESIAN_POINT('Origin',(5.3475153585057,0.847321691238146,5.16187481802991));
#3448=CARTESIAN_POINT('Origin',(8.4675153585057,6.84732169123815,6.01187481802991));
#3449=CARTESIAN_POINT('',(8.4675153585057,0.847321691238146,6.01187481802991));
#3450=CARTESIAN_POINT('Origin',(10.4450156602542,-1.17267831621243,5.51187481802991));
#3451=CARTESIAN_POINT('',(21.3825159620027,-0.922678316212433,5.26187481802991));
#3452=CARTESIAN_POINT('Origin',(25.3825159620027,-0.922678316212433,4.88687481802991));
#3453=CARTESIAN_POINT('Origin',(7.3475153585057,0.847321691238146,6.01187481802991));
#3454=CARTESIAN_POINT('',(7.3475153585057,-0.272678308761855,6.01187481802991));
#3455=CARTESIAN_POINT('Origin',(5.3475153585057,0.847321691238146,6.01187481802991));
#3456=CARTESIAN_POINT('',(5.3475153585057,-0.272678308761855,6.01187481802991));
#3457=CARTESIAN_POINT('Origin',(7.3475153585057,-0.272678308761855,6.01187481802991));
#3458=CARTESIAN_POINT('Origin',(15.0312268361449,26.5312273055315,6.01187481802991));
#3459=CARTESIAN_POINT('',(15.0312268361449,26.5312273055315,6.01187481802991));
#3460=CARTESIAN_POINT('',(9.95407816022635,26.5312273055315,6.01187481802991));
#3461=CARTESIAN_POINT('',(15.0312268361449,26.5312273055315,6.01187481802991));
#3462=CARTESIAN_POINT('',(9.95407816022635,26.5312273055315,5.91187481802991));
#3463=CARTESIAN_POINT('',(9.95407816022635,26.5312273055315,6.01187481802991));
#3464=CARTESIAN_POINT('',(15.0312268361449,26.5312273055315,5.91187481802991));
#3465=CARTESIAN_POINT('',(15.0312268361449,26.5312273055315,5.91187481802991));
#3466=CARTESIAN_POINT('',(15.0312268361449,26.5312273055315,6.01187481802991));
#3467=CARTESIAN_POINT('Origin',(15.0312268361449,23.2395298033953,6.01187481802991));
#3468=CARTESIAN_POINT('',(15.0312268361449,23.2395298033953,6.01187481802991));
#3469=CARTESIAN_POINT('',(15.0312268361449,23.2395298033953,6.01187481802991));
#3470=CARTESIAN_POINT('',(15.0312268361449,23.2395298033953,5.91187481802991));
#3471=CARTESIAN_POINT('',(15.0312268361449,23.2395298033953,5.91187481802991));
#3472=CARTESIAN_POINT('',(15.0312268361449,23.2395298033953,6.01187481802991));
#3473=CARTESIAN_POINT('Origin',(9.95407816022635,23.2395298033953,6.01187481802991));
#3474=CARTESIAN_POINT('',(9.95407816022635,23.2395298033953,6.01187481802991));
#3475=CARTESIAN_POINT('',(9.95407816022635,23.2395298033953,6.01187481802991));
#3476=CARTESIAN_POINT('',(9.95407816022635,23.2395298033953,5.91187481802991));
#3477=CARTESIAN_POINT('',(9.95407816022635,23.2395298033953,5.91187481802991));
#3478=CARTESIAN_POINT('',(9.95407816022635,23.2395298033953,6.01187481802991));
#3479=CARTESIAN_POINT('Origin',(9.95407816022635,26.5312273055315,6.01187481802991));
#3480=CARTESIAN_POINT('',(9.95407816022635,26.5312273055315,6.01187481802991));
#3481=CARTESIAN_POINT('',(9.95407816022635,26.5312273055315,5.91187481802991));
#3482=CARTESIAN_POINT('Origin',(16.2215280160308,19.0000004321337,6.01187481802991));
#3483=CARTESIAN_POINT('',(16.2215280160308,19.0000004321337,6.01187481802991));
#3484=CARTESIAN_POINT('',(13.5249816998839,19.0000004321337,6.01187481802991));
#3485=CARTESIAN_POINT('',(16.2215280160308,19.0000004321337,6.01187481802991));
#3486=CARTESIAN_POINT('',(13.5249816998839,19.0000004321337,5.91187481802991));
#3487=CARTESIAN_POINT('',(13.5249816998839,19.0000004321337,6.01187481802991));
#3488=CARTESIAN_POINT('',(16.2215280160308,19.0000004321337,5.91187481802991));
#3489=CARTESIAN_POINT('',(16.2215280160308,19.0000004321337,5.91187481802991));
#3490=CARTESIAN_POINT('',(16.2215280160308,19.0000004321337,6.01187481802991));
#3491=CARTESIAN_POINT('Origin',(14.9504041299224,21.0646588355303,6.01187481802991));
#3492=CARTESIAN_POINT('',(14.9504041299224,21.0646588355303,6.01187481802991));
#3493=CARTESIAN_POINT('',(14.9504041299224,21.0646588355303,6.01187481802991));
#3494=CARTESIAN_POINT('',(14.9504041299224,21.0646588355303,5.91187481802991));
#3495=CARTESIAN_POINT('',(14.9504041299224,21.0646588355303,5.91187481802991));
#3496=CARTESIAN_POINT('',(14.9504041299224,21.0646588355303,6.01187481802991));
#3497=CARTESIAN_POINT('Origin',(17.4853050336242,21.0646588355303,6.01187481802991));
#3498=CARTESIAN_POINT('',(17.4853050336242,21.0646588355303,6.01187481802991));
#3499=CARTESIAN_POINT('',(17.4853050336242,21.0646588355303,6.01187481802991));
#3500=CARTESIAN_POINT('',(17.4853050336242,21.0646588355303,5.91187481802991));
#3501=CARTESIAN_POINT('',(17.4853050336242,21.0646588355303,5.91187481802991));
#3502=CARTESIAN_POINT('',(17.4853050336242,21.0646588355303,6.01187481802991));
#3503=CARTESIAN_POINT('Origin',(17.4853050336242,28.9853055030107,6.01187481802991));
#3504=CARTESIAN_POINT('',(17.4853050336242,28.9853055030107,6.01187481802991));
#3505=CARTESIAN_POINT('',(17.4853050336242,28.9853055030107,6.01187481802991));
#3506=CARTESIAN_POINT('',(17.4853050336242,28.9853055030107,5.91187481802991));
#3507=CARTESIAN_POINT('',(17.4853050336242,28.9853055030107,5.91187481802991));
#3508=CARTESIAN_POINT('',(17.4853050336242,28.9853055030107,6.01187481802991));
#3509=CARTESIAN_POINT('Origin',(7.50000011175871,28.9853055030107,6.01187481802991));
#3510=CARTESIAN_POINT('',(7.50000011175871,28.9853055030107,6.01187481802991));
#3511=CARTESIAN_POINT('',(7.50000011175871,28.9853055030107,6.01187481802991));
#3512=CARTESIAN_POINT('',(7.50000011175871,28.9853055030107,5.91187481802991));
#3513=CARTESIAN_POINT('',(7.50000011175871,28.9853055030107,5.91187481802991));
#3514=CARTESIAN_POINT('',(7.50000011175871,28.9853055030107,6.01187481802991));
#3515=CARTESIAN_POINT('Origin',(7.50000011175871,19.0000004321337,6.01187481802991));
#3516=CARTESIAN_POINT('',(7.50000011175871,19.0000004321337,6.01187481802991));
#3517=CARTESIAN_POINT('',(7.50000011175871,19.0000004321337,6.01187481802991));
#3518=CARTESIAN_POINT('',(7.50000011175871,19.0000004321337,5.91187481802991));
#3519=CARTESIAN_POINT('',(7.50000011175871,19.0000004321337,5.91187481802991));
#3520=CARTESIAN_POINT('',(7.50000011175871,19.0000004321337,6.01187481802991));
#3521=CARTESIAN_POINT('Origin',(9.95407816022635,19.0000004321337,6.01187481802991));
#3522=CARTESIAN_POINT('',(9.95407816022635,19.0000004321337,6.01187481802991));
#3523=CARTESIAN_POINT('',(9.95407816022635,19.0000004321337,6.01187481802991));
#3524=CARTESIAN_POINT('',(9.95407816022635,19.0000004321337,5.91187481802991));
#3525=CARTESIAN_POINT('',(9.95407816022635,19.0000004321337,5.91187481802991));
#3526=CARTESIAN_POINT('',(9.95407816022635,19.0000004321337,6.01187481802991));
#3527=CARTESIAN_POINT('Origin',(9.95407816022635,21.0646588355303,6.01187481802991));
#3528=CARTESIAN_POINT('',(9.95407816022635,21.0646588355303,6.01187481802991));
#3529=CARTESIAN_POINT('',(9.95407816022635,21.0646588355303,6.01187481802991));
#3530=CARTESIAN_POINT('',(9.95407816022635,21.0646588355303,5.91187481802991));
#3531=CARTESIAN_POINT('',(9.95407816022635,21.0646588355303,5.91187481802991));
#3532=CARTESIAN_POINT('',(9.95407816022635,21.0646588355303,6.01187481802991));
#3533=CARTESIAN_POINT('Origin',(12.261205278337,21.0646588355303,6.01187481802991));
#3534=CARTESIAN_POINT('',(12.261205278337,21.0646588355303,6.01187481802991));
#3535=CARTESIAN_POINT('',(12.261205278337,21.0646588355303,6.01187481802991));
#3536=CARTESIAN_POINT('',(12.261205278337,21.0646588355303,5.91187481802991));
#3537=CARTESIAN_POINT('',(12.261205278337,21.0646588355303,5.91187481802991));
#3538=CARTESIAN_POINT('',(12.261205278337,21.0646588355303,6.01187481802991));
#3539=CARTESIAN_POINT('Origin',(13.5249816998839,19.0000004321337,6.01187481802991));
#3540=CARTESIAN_POINT('',(13.5249816998839,19.0000004321337,6.01187481802991));
#3541=CARTESIAN_POINT('',(13.5249816998839,19.0000004321337,5.91187481802991));
#3542=CARTESIAN_POINT('Origin',(18.2935345545411,24.0000001341105,6.01187481802991));
#3543=CARTESIAN_POINT('Origin',(18.2935345545411,24.0000001341105,5.91187481802991));
#3544=CARTESIAN_POINT('Origin',(22.2391628846526,19.0220434218645,6.01187481802991));
#3545=CARTESIAN_POINT('',(22.2391628846526,19.0220434218645,6.01187481802991));
#3546=CARTESIAN_POINT('',(19.7850846871734,19.0220434218645,6.01187481802991));
#3547=CARTESIAN_POINT('',(22.2391628846526,19.0220434218645,6.01187481802991));
#3548=CARTESIAN_POINT('',(19.7850846871734,19.0220434218645,5.91187481802991));
#3549=CARTESIAN_POINT('',(19.7850846871734,19.0220434218645,6.01187481802991));
#3550=CARTESIAN_POINT('',(22.2391628846526,19.0220434218645,5.91187481802991));
#3551=CARTESIAN_POINT('',(22.2391628846526,19.0220434218645,5.91187481802991));
#3552=CARTESIAN_POINT('',(22.2391628846526,19.0220434218645,6.01187481802991));
#3553=CARTESIAN_POINT('Origin',(22.2391628846526,22.6370317488909,6.01187481802991));
#3554=CARTESIAN_POINT('',(22.2391628846526,22.6370317488909,6.01187481802991));
#3555=CARTESIAN_POINT('',(22.2391628846526,22.6370317488909,6.01187481802991));
#3556=CARTESIAN_POINT('',(22.2391628846526,22.6370317488909,5.91187481802991));
#3557=CARTESIAN_POINT('',(22.2391628846526,22.6370317488909,5.91187481802991));
#3558=CARTESIAN_POINT('',(22.2391628846526,22.6370317488909,6.01187481802991));
#3559=CARTESIAN_POINT('Origin',(27.6322555169463,22.6370317488909,6.01187481802991));
#3560=CARTESIAN_POINT('',(27.6322555169463,22.6370317488909,6.01187481802991));
#3561=CARTESIAN_POINT('',(27.6322555169463,22.6370317488909,6.01187481802991));
#3562=CARTESIAN_POINT('',(27.6322555169463,22.6370317488909,5.91187481802991));
#3563=CARTESIAN_POINT('',(27.6322555169463,22.6370317488909,5.91187481802991));
#3564=CARTESIAN_POINT('',(27.6322555169463,22.6370317488909,6.01187481802991));
#3565=CARTESIAN_POINT('Origin',(27.6322555169463,24.6869952231646,6.01187481802991));
#3566=CARTESIAN_POINT('',(27.6322555169463,24.6869952231646,6.01187481802991));
#3567=CARTESIAN_POINT('',(27.6322555169463,24.6869952231646,6.01187481802991));
#3568=CARTESIAN_POINT('',(27.6322555169463,24.6869952231646,5.91187481802991));
#3569=CARTESIAN_POINT('',(27.6322555169463,24.6869952231646,5.91187481802991));
#3570=CARTESIAN_POINT('',(27.6322555169463,24.6869952231646,6.01187481802991));
#3571=CARTESIAN_POINT('Origin',(22.2391628846526,24.6869952231646,6.01187481802991));
#3572=CARTESIAN_POINT('',(22.2391628846526,24.6869952231646,6.01187481802991));
#3573=CARTESIAN_POINT('',(22.2391628846526,24.6869952231646,6.01187481802991));
#3574=CARTESIAN_POINT('',(22.2391628846526,24.6869952231646,5.91187481802991));
#3575=CARTESIAN_POINT('',(22.2391628846526,24.6869952231646,5.91187481802991));
#3576=CARTESIAN_POINT('',(22.2391628846526,24.6869952231646,6.01187481802991));
#3577=CARTESIAN_POINT('Origin',(22.2391628846526,26.5459222346544,6.01187481802991));
#3578=CARTESIAN_POINT('',(22.2391628846526,26.5459222346544,6.01187481802991));
#3579=CARTESIAN_POINT('',(22.2391628846526,26.5459222346544,6.01187481802991));
#3580=CARTESIAN_POINT('',(22.2391628846526,26.5459222346544,5.91187481802991));
#3581=CARTESIAN_POINT('',(22.2391628846526,26.5459222346544,5.91187481802991));
#3582=CARTESIAN_POINT('',(22.2391628846526,26.5459222346544,6.01187481802991));
#3583=CARTESIAN_POINT('Origin',(29.0870689973235,26.5459222346544,6.01187481802991));
#3584=CARTESIAN_POINT('',(29.0870689973235,26.5459222346544,6.01187481802991));
#3585=CARTESIAN_POINT('',(29.0870689973235,26.5459222346544,6.01187481802991));
#3586=CARTESIAN_POINT('',(29.0870689973235,26.5459222346544,5.91187481802991));
#3587=CARTESIAN_POINT('',(29.0870689973235,26.5459222346544,5.91187481802991));
#3588=CARTESIAN_POINT('',(29.0870689973235,26.5459222346544,6.01187481802991));
#3589=CARTESIAN_POINT('Origin',(29.0870689973235,28.9999998360872,6.01187481802991));
#3590=CARTESIAN_POINT('',(29.0870689973235,28.9999998360872,6.01187481802991));
#3591=CARTESIAN_POINT('',(29.0870689973235,28.9999998360872,6.01187481802991));
#3592=CARTESIAN_POINT('',(29.0870689973235,28.9999998360872,5.91187481802991));
#3593=CARTESIAN_POINT('',(29.0870689973235,28.9999998360872,5.91187481802991));
#3594=CARTESIAN_POINT('',(29.0870689973235,28.9999998360872,6.01187481802991));
#3595=CARTESIAN_POINT('Origin',(19.7850846871734,28.9999998360872,6.01187481802991));
#3596=CARTESIAN_POINT('',(19.7850846871734,28.9999998360872,6.01187481802991));
#3597=CARTESIAN_POINT('',(19.7850846871734,28.9999998360872,6.01187481802991));
#3598=CARTESIAN_POINT('',(19.7850846871734,28.9999998360872,5.91187481802991));
#3599=CARTESIAN_POINT('',(19.7850846871734,28.9999998360872,5.91187481802991));
#3600=CARTESIAN_POINT('',(19.7850846871734,28.9999998360872,6.01187481802991));
#3601=CARTESIAN_POINT('Origin',(19.7850846871734,19.0220434218645,6.01187481802991));
#3602=CARTESIAN_POINT('',(19.7850846871734,19.0220434218645,6.01187481802991));
#3603=CARTESIAN_POINT('',(19.7850846871734,19.0220434218645,5.91187481802991));
#3604=CARTESIAN_POINT('Origin',(18.2935345545411,24.0000001341105,6.01187481802991));
#3605=CARTESIAN_POINT('Origin',(18.2935345545411,24.0000001341105,5.91187481802991));
#3606=CARTESIAN_POINT('',(0.,0.,-1.11022302462516E-16));
#3607=UNCERTAINTY_MEASURE_WITH_UNIT(LENGTH_MEASURE(0.01),#3613,
'DISTANCE_ACCURACY_VALUE',
'Maximum model space distance between geometric entities at asserted c
onnectivities');
#3608=UNCERTAINTY_MEASURE_WITH_UNIT(LENGTH_MEASURE(0.01),#3613,
'DISTANCE_ACCURACY_VALUE',
'Maximum model space distance between geometric entities at asserted c
onnectivities');
#3609=UNCERTAINTY_MEASURE_WITH_UNIT(LENGTH_MEASURE(0.01),#3613,
'DISTANCE_ACCURACY_VALUE',
'Maximum model space distance between geometric entities at asserted c
onnectivities');
#3610=(
GEOMETRIC_REPRESENTATION_CONTEXT(3)
GLOBAL_UNCERTAINTY_ASSIGNED_CONTEXT((#3607))
GLOBAL_UNIT_ASSIGNED_CONTEXT((#3613,#3615,#3616))
REPRESENTATION_CONTEXT('','3D')
);
#3611=(
GEOMETRIC_REPRESENTATION_CONTEXT(3)
GLOBAL_UNCERTAINTY_ASSIGNED_CONTEXT((#3608))
GLOBAL_UNIT_ASSIGNED_CONTEXT((#3613,#3615,#3616))
REPRESENTATION_CONTEXT('','3D')
);
#3612=(
GEOMETRIC_REPRESENTATION_CONTEXT(3)
GLOBAL_UNCERTAINTY_ASSIGNED_CONTEXT((#3609))
GLOBAL_UNIT_ASSIGNED_CONTEXT((#3613,#3615,#3616))
REPRESENTATION_CONTEXT('','3D')
);
#3613=(
LENGTH_UNIT()
NAMED_UNIT(*)
SI_UNIT(.MILLI.,.METRE.)
);
#3614=(
LENGTH_UNIT()
NAMED_UNIT(*)
SI_UNIT($,.METRE.)
);
#3615=(
NAMED_UNIT(*)
PLANE_ANGLE_UNIT()
SI_UNIT($,.RADIAN.)
);
#3616=(
NAMED_UNIT(*)
SI_UNIT($,.STERADIAN.)
SOLID_ANGLE_UNIT()
);
#3617=SHAPE_DEFINITION_REPRESENTATION(#3619,#3622);
#3618=SHAPE_DEFINITION_REPRESENTATION(#3620,#3623);
#3619=PRODUCT_DEFINITION_SHAPE('',$,#3625);
#3620=PRODUCT_DEFINITION_SHAPE('',$,#3626);
#3621=PRODUCT_DEFINITION_SHAPE($,$,#14);
#3622=SHAPE_REPRESENTATION('',(#2203,#2376),#3610);
#3623=SHAPE_REPRESENTATION('',(#2204),#3611);
#3624=PRODUCT_DEFINITION_CONTEXT('part definition',#3632,'design');
#3625=PRODUCT_DEFINITION('track','track v17',#3627,#3624);
#3626=PRODUCT_DEFINITION('Cover','Cover',#3628,#3624);
#3627=PRODUCT_DEFINITION_FORMATION('',$,#3634);
#3628=PRODUCT_DEFINITION_FORMATION('',$,#3635);
#3629=PRODUCT_RELATED_PRODUCT_CATEGORY('track v17','track v17',(#3634));
#3630=PRODUCT_RELATED_PRODUCT_CATEGORY('Cover','Cover',(#3635));
#3631=APPLICATION_PROTOCOL_DEFINITION('international standard',
'automotive_design',2009,#3632);
#3632=APPLICATION_CONTEXT(
'Core Data for Automotive Mechanical Design Process');
#3633=PRODUCT_CONTEXT('part definition',#3632,'mechanical');
#3634=PRODUCT('track','track v17',$,(#3633));
#3635=PRODUCT('Cover','Cover',$,(#3633));
#3636=PRESENTATION_STYLE_ASSIGNMENT((#3639));
#3637=PRESENTATION_STYLE_ASSIGNMENT((#3640));
#3638=PRESENTATION_STYLE_ASSIGNMENT((#3641));
#3639=SURFACE_STYLE_USAGE(.BOTH.,#3642);
#3640=SURFACE_STYLE_USAGE(.BOTH.,#3643);
#3641=SURFACE_STYLE_USAGE(.BOTH.,#3644);
#3642=SURFACE_SIDE_STYLE('',(#3645));
#3643=SURFACE_SIDE_STYLE('',(#3646));
#3644=SURFACE_SIDE_STYLE('',(#3647));
#3645=SURFACE_STYLE_FILL_AREA(#3648);
#3646=SURFACE_STYLE_FILL_AREA(#3649);
#3647=SURFACE_STYLE_FILL_AREA(#3650);
#3648=FILL_AREA_STYLE('Steel - Satin',(#3651));
#3649=FILL_AREA_STYLE('ABS (White)',(#3652));
#3650=FILL_AREA_STYLE('ABS (White)',(#3653));
#3651=FILL_AREA_STYLE_COLOUR('Steel - Satin',#3654);
#3652=FILL_AREA_STYLE_COLOUR('ABS (White)',#3655);
#3653=FILL_AREA_STYLE_COLOUR('ABS (White)',#3656);
#3654=COLOUR_RGB('Steel - Satin',0.627450980392157,0.627450980392157,0.627450980392157);
#3655=COLOUR_RGB('ABS (White)',0.988235294117647,0.,0.);
#3656=COLOUR_RGB('ABS (White)',0.964705882352941,0.964705882352941,0.952941176470588);
ENDSEC;
END-ISO-10303-21;
