ISO-10303-21;
HEADER;
/* Generated by software containing ST-Developer
 * from STEP Tools, Inc. (www.steptools.com) 
 */

FILE_DESCRIPTION(
/* description */ (''),
/* implementation_level */ '2;1');

FILE_NAME(
/* name */ 'caseLA.step',
/* time_stamp */ '2026-06-11T23:52:27+05:00',
/* author */ (''),
/* organization */ (''),
/* preprocessor_version */ 'ST-DEVELOPER v20.1',
/* originating_system */ 'Autodesk Translation Framework v15.8.0.0',
/* authorisation */ '');

FILE_SCHEMA (('AUTOMOTIVE_DESIGN { 1 0 10303 214 3 1 1 }'));
ENDSEC;

DATA;
#10=MECHANICAL_DESIGN_GEOMETRIC_PRESENTATION_REPRESENTATION('',(#19,#20,
#21),#3296);
#11=ITEM_DEFINED_TRANSFORMATION($,$,#1987,#2131);
#12=(
REPRESENTATION_RELATIONSHIP($,$,#3307,#3306)
REPRESENTATION_RELATIONSHIP_WITH_TRANSFORMATION(#11)
SHAPE_REPRESENTATION_RELATIONSHIP()
);
#13=CONTEXT_DEPENDENT_SHAPE_REPRESENTATION(#12,#3305);
#14=NEXT_ASSEMBLY_USAGE_OCCURRENCE('Cover:1','Cover:1','Cover:1',#3309,
#3310,'Cover:1');
#15=SHAPE_REPRESENTATION_RELATIONSHIP('SRR','None',#3307,#17);
#16=SHAPE_REPRESENTATION_RELATIONSHIP('SRR','None',#3306,#18);
#17=ADVANCED_BREP_SHAPE_REPRESENTATION('',(#22),#3295);
#18=ADVANCED_BREP_SHAPE_REPRESENTATION('',(#23,#24),#3294);
#19=STYLED_ITEM('',(#3322),#22);
#20=STYLED_ITEM('',(#3321),#23);
#21=STYLED_ITEM('',(#3321),#24);
#22=MANIFOLD_SOLID_BREP('Cover',#1971);
#23=MANIFOLD_SOLID_BREP('A',#1972);
#24=MANIFOLD_SOLID_BREP('L (3)',#1973);
#25=ELLIPSE('',#2074,3.5355486925958,2.5);
#26=ELLIPSE('',#2075,3.53554869259581,2.50000000000001);
#27=ELLIPSE('',#2077,3.5355461384609,2.5);
#28=ELLIPSE('',#2078,3.53553252298951,2.5);
#29=ELLIPSE('',#2081,3.53553390593273,2.5);
#30=ELLIPSE('',#2085,3.53553390593274,2.50000000000001);
#31=ELLIPSE('',#2088,3.53553252298953,2.50000000000001);
#32=ELLIPSE('',#2089,3.53550196717111,2.50000000000001);
#33=CYLINDRICAL_SURFACE('',#2005,1.25);
#34=CYLINDRICAL_SURFACE('',#2035,1.52873815390345);
#35=CYLINDRICAL_SURFACE('',#2037,1.52873815390345);
#36=CYLINDRICAL_SURFACE('',#2056,1.02999998793006);
#37=CYLINDRICAL_SURFACE('',#2059,1.02999998793006);
#38=CYLINDRICAL_SURFACE('',#2069,1.12);
#39=CYLINDRICAL_SURFACE('',#2076,2.5);
#40=CYLINDRICAL_SURFACE('',#2084,2.50000000000001);
#41=CYLINDRICAL_SURFACE('',#2107,1.12);
#42=FACE_BOUND('',#205,.T.);
#43=FACE_BOUND('',#206,.T.);
#44=FACE_BOUND('',#227,.T.);
#45=FACE_BOUND('',#254,.T.);
#46=FACE_BOUND('',#296,.T.);
#47=FACE_BOUND('',#298,.T.);
#48=CIRCLE('',#1995,0.750000000000002);
#49=CIRCLE('',#1996,1.25);
#50=CIRCLE('',#1998,2.5);
#51=CIRCLE('',#1999,2.50000000000001);
#52=CIRCLE('',#2000,1.52873815390345);
#53=CIRCLE('',#2001,1.52873815390345);
#54=CIRCLE('',#2006,1.25);
#55=CIRCLE('',#2015,1.82873815390345);
#56=CIRCLE('',#2016,1.52873815390345);
#57=CIRCLE('',#2019,1.82873815390345);
#58=CIRCLE('',#2020,1.52873815390345);
#59=CIRCLE('',#2023,0.82);
#60=CIRCLE('',#2024,1.12);
#61=CIRCLE('',#2027,0.820000000000001);
#62=CIRCLE('',#2028,1.12);
#63=CIRCLE('',#2031,2.50000000000001);
#64=CIRCLE('',#2032,2.5);
#65=CIRCLE('',#2041,1.02999998793006);
#66=CIRCLE('',#2042,1.02999998793006);
#67=CIRCLE('',#2045,2.5);
#68=CIRCLE('',#2057,1.02999998793006);
#69=CIRCLE('',#2060,1.02999998793006);
#70=CIRCLE('',#2064,1.12);
#71=CIRCLE('',#2065,1.12);
#72=CIRCLE('',#2071,2.5);
#73=CIRCLE('',#2072,2.50000000000001);
#74=CIRCLE('',#2079,2.5);
#75=CIRCLE('',#2080,2.5);
#76=CIRCLE('',#2086,2.50000000000001);
#77=CIRCLE('',#2087,2.50000000000001);
#78=CIRCLE('',#2090,2.50000000000001);
#79=CONICAL_SURFACE('',#1994,1.,0.78539816339745);
#80=CONICAL_SURFACE('',#2014,1.67873815390345,0.785398163397447);
#81=CONICAL_SURFACE('',#2018,1.67873815390345,0.785398163397448);
#82=CONICAL_SURFACE('',#2022,0.97,0.785398163397448);
#83=CONICAL_SURFACE('',#2026,0.970000000000001,0.785398163397447);
#84=(
BOUNDED_CURVE()
B_SPLINE_CURVE(5,(#2761,#2762,#2763,#2764,#2765,#2766,#2767,#2768,#2769,
#2770),.UNSPECIFIED.,.F.,.F.)
B_SPLINE_CURVE_WITH_KNOTS((6,1,1,1,1,6),(-1.,-0.8,-0.6,-0.4,-0.2,0.),
 .UNSPECIFIED.)
CURVE()
GEOMETRIC_REPRESENTATION_ITEM()
RATIONAL_B_SPLINE_CURVE((1.,1.,1.,1.,1.,1.,1.,1.,1.,1.))
REPRESENTATION_ITEM('')
);
#85=(
BOUNDED_SURFACE()
B_SPLINE_SURFACE(5,1,((#2739,#2740),(#2741,#2742),(#2743,#2744),(#2745,
#2746),(#2747,#2748),(#2749,#2750),(#2751,#2752),(#2753,#2754),(#2755,#2756),
(#2757,#2758)),.UNSPECIFIED.,.F.,.F.,.F.)
B_SPLINE_SURFACE_WITH_KNOTS((6,1,1,1,1,6),(2,2),(-1.,-0.8,-0.6,-0.4,-0.2,
0.),(0.,0.1),.UNSPECIFIED.)
GEOMETRIC_REPRESENTATION_ITEM()
RATIONAL_B_SPLINE_SURFACE(((1.,1.),(1.,1.),(1.,1.),(1.,1.),(1.,1.),(1.,
1.),(1.,1.),(1.,1.),(1.,1.),(1.,1.)))
REPRESENTATION_ITEM('')
SURFACE()
);
#86=B_SPLINE_CURVE_WITH_KNOTS('',3,(#2723,#2724,#2725,#2726,#2727,#2728,
#2729,#2730),.UNSPECIFIED.,.F.,.F.,(4,1,1,1,1,4),(-6.14137665966142E-15,
0.142857142857138,0.285714285714282,0.428571428571425,0.571428571428569,
1.),.UNSPECIFIED.);
#87=B_SPLINE_CURVE_WITH_KNOTS('',3,(#2731,#2732,#2733,#2734,#2735,#2736,
#2737,#2738),.UNSPECIFIED.,.F.,.F.,(4,1,1,1,1,4),(-1.,-0.571428571428569,
-0.428571428571425,-0.285714285714282,-0.142857142857138,6.14137665966142E-15),
 .UNSPECIFIED.);
#88=B_SPLINE_SURFACE_WITH_KNOTS('',3,3,((#2691,#2692,#2693,#2694,#2695,
#2696,#2697,#2698),(#2699,#2700,#2701,#2702,#2703,#2704,#2705,#2706),(#2707,
#2708,#2709,#2710,#2711,#2712,#2713,#2714),(#2715,#2716,#2717,#2718,#2719,
#2720,#2721,#2722)),.UNSPECIFIED.,.F.,.F.,.F.,(4,4),(4,1,1,1,1,4),(0.,1.),
(-1.,-0.571428571428569,-0.428571428571425,-0.285714285714282,-0.142857142857138,
6.14137665966142E-15),.UNSPECIFIED.);
#89=FACE_OUTER_BOUND('',#195,.T.);
#90=FACE_OUTER_BOUND('',#196,.T.);
#91=FACE_OUTER_BOUND('',#197,.T.);
#92=FACE_OUTER_BOUND('',#198,.T.);
#93=FACE_OUTER_BOUND('',#199,.T.);
#94=FACE_OUTER_BOUND('',#200,.T.);
#95=FACE_OUTER_BOUND('',#201,.T.);
#96=FACE_OUTER_BOUND('',#202,.T.);
#97=FACE_OUTER_BOUND('',#203,.T.);
#98=FACE_OUTER_BOUND('',#204,.T.);
#99=FACE_OUTER_BOUND('',#207,.T.);
#100=FACE_OUTER_BOUND('',#208,.T.);
#101=FACE_OUTER_BOUND('',#209,.T.);
#102=FACE_OUTER_BOUND('',#210,.T.);
#103=FACE_OUTER_BOUND('',#211,.T.);
#104=FACE_OUTER_BOUND('',#212,.T.);
#105=FACE_OUTER_BOUND('',#213,.T.);
#106=FACE_OUTER_BOUND('',#214,.T.);
#107=FACE_OUTER_BOUND('',#215,.T.);
#108=FACE_OUTER_BOUND('',#216,.T.);
#109=FACE_OUTER_BOUND('',#217,.T.);
#110=FACE_OUTER_BOUND('',#218,.T.);
#111=FACE_OUTER_BOUND('',#219,.T.);
#112=FACE_OUTER_BOUND('',#220,.T.);
#113=FACE_OUTER_BOUND('',#221,.T.);
#114=FACE_OUTER_BOUND('',#222,.T.);
#115=FACE_OUTER_BOUND('',#223,.T.);
#116=FACE_OUTER_BOUND('',#224,.T.);
#117=FACE_OUTER_BOUND('',#225,.T.);
#118=FACE_OUTER_BOUND('',#226,.T.);
#119=FACE_OUTER_BOUND('',#228,.T.);
#120=FACE_OUTER_BOUND('',#229,.T.);
#121=FACE_OUTER_BOUND('',#230,.T.);
#122=FACE_OUTER_BOUND('',#231,.T.);
#123=FACE_OUTER_BOUND('',#232,.T.);
#124=FACE_OUTER_BOUND('',#233,.T.);
#125=FACE_OUTER_BOUND('',#234,.T.);
#126=FACE_OUTER_BOUND('',#235,.T.);
#127=FACE_OUTER_BOUND('',#236,.T.);
#128=FACE_OUTER_BOUND('',#237,.T.);
#129=FACE_OUTER_BOUND('',#238,.T.);
#130=FACE_OUTER_BOUND('',#239,.T.);
#131=FACE_OUTER_BOUND('',#240,.T.);
#132=FACE_OUTER_BOUND('',#241,.T.);
#133=FACE_OUTER_BOUND('',#242,.T.);
#134=FACE_OUTER_BOUND('',#243,.T.);
#135=FACE_OUTER_BOUND('',#244,.T.);
#136=FACE_OUTER_BOUND('',#245,.T.);
#137=FACE_OUTER_BOUND('',#246,.T.);
#138=FACE_OUTER_BOUND('',#247,.T.);
#139=FACE_OUTER_BOUND('',#248,.T.);
#140=FACE_OUTER_BOUND('',#249,.T.);
#141=FACE_OUTER_BOUND('',#250,.T.);
#142=FACE_OUTER_BOUND('',#251,.T.);
#143=FACE_OUTER_BOUND('',#252,.T.);
#144=FACE_OUTER_BOUND('',#253,.T.);
#145=FACE_OUTER_BOUND('',#255,.T.);
#146=FACE_OUTER_BOUND('',#256,.T.);
#147=FACE_OUTER_BOUND('',#257,.T.);
#148=FACE_OUTER_BOUND('',#258,.T.);
#149=FACE_OUTER_BOUND('',#259,.T.);
#150=FACE_OUTER_BOUND('',#260,.T.);
#151=FACE_OUTER_BOUND('',#261,.T.);
#152=FACE_OUTER_BOUND('',#262,.T.);
#153=FACE_OUTER_BOUND('',#263,.T.);
#154=FACE_OUTER_BOUND('',#264,.T.);
#155=FACE_OUTER_BOUND('',#265,.T.);
#156=FACE_OUTER_BOUND('',#266,.T.);
#157=FACE_OUTER_BOUND('',#267,.T.);
#158=FACE_OUTER_BOUND('',#268,.T.);
#159=FACE_OUTER_BOUND('',#269,.T.);
#160=FACE_OUTER_BOUND('',#270,.T.);
#161=FACE_OUTER_BOUND('',#271,.T.);
#162=FACE_OUTER_BOUND('',#272,.T.);
#163=FACE_OUTER_BOUND('',#273,.T.);
#164=FACE_OUTER_BOUND('',#274,.T.);
#165=FACE_OUTER_BOUND('',#275,.T.);
#166=FACE_OUTER_BOUND('',#276,.T.);
#167=FACE_OUTER_BOUND('',#277,.T.);
#168=FACE_OUTER_BOUND('',#278,.T.);
#169=FACE_OUTER_BOUND('',#279,.T.);
#170=FACE_OUTER_BOUND('',#280,.T.);
#171=FACE_OUTER_BOUND('',#281,.T.);
#172=FACE_OUTER_BOUND('',#282,.T.);
#173=FACE_OUTER_BOUND('',#283,.T.);
#174=FACE_OUTER_BOUND('',#284,.T.);
#175=FACE_OUTER_BOUND('',#285,.T.);
#176=FACE_OUTER_BOUND('',#286,.T.);
#177=FACE_OUTER_BOUND('',#287,.T.);
#178=FACE_OUTER_BOUND('',#288,.T.);
#179=FACE_OUTER_BOUND('',#289,.T.);
#180=FACE_OUTER_BOUND('',#290,.T.);
#181=FACE_OUTER_BOUND('',#291,.T.);
#182=FACE_OUTER_BOUND('',#292,.T.);
#183=FACE_OUTER_BOUND('',#293,.T.);
#184=FACE_OUTER_BOUND('',#294,.T.);
#185=FACE_OUTER_BOUND('',#295,.T.);
#186=FACE_OUTER_BOUND('',#297,.T.);
#187=FACE_OUTER_BOUND('',#299,.T.);
#188=FACE_OUTER_BOUND('',#300,.T.);
#189=FACE_OUTER_BOUND('',#301,.T.);
#190=FACE_OUTER_BOUND('',#302,.T.);
#191=FACE_OUTER_BOUND('',#303,.T.);
#192=FACE_OUTER_BOUND('',#304,.T.);
#193=FACE_OUTER_BOUND('',#305,.T.);
#194=FACE_OUTER_BOUND('',#306,.T.);
#195=EDGE_LOOP('',(#1225,#1226,#1227,#1228,#1229,#1230));
#196=EDGE_LOOP('',(#1231,#1232,#1233,#1234));
#197=EDGE_LOOP('',(#1235,#1236,#1237,#1238));
#198=EDGE_LOOP('',(#1239,#1240,#1241,#1242));
#199=EDGE_LOOP('',(#1243,#1244,#1245,#1246));
#200=EDGE_LOOP('',(#1247,#1248,#1249,#1250));
#201=EDGE_LOOP('',(#1251,#1252,#1253,#1254));
#202=EDGE_LOOP('',(#1255,#1256,#1257,#1258));
#203=EDGE_LOOP('',(#1259,#1260,#1261,#1262));
#204=EDGE_LOOP('',(#1263,#1264,#1265,#1266,#1267,#1268,#1269,#1270,#1271,
#1272));
#205=EDGE_LOOP('',(#1273,#1274,#1275,#1276,#1277,#1278,#1279,#1280,#1281,
#1282,#1283));
#206=EDGE_LOOP('',(#1284,#1285,#1286,#1287,#1288,#1289));
#207=EDGE_LOOP('',(#1290,#1291,#1292,#1293,#1294));
#208=EDGE_LOOP('',(#1295,#1296,#1297,#1298));
#209=EDGE_LOOP('',(#1299,#1300,#1301,#1302,#1303));
#210=EDGE_LOOP('',(#1304,#1305,#1306,#1307));
#211=EDGE_LOOP('',(#1308,#1309,#1310,#1311));
#212=EDGE_LOOP('',(#1312,#1313,#1314,#1315,#1316,#1317,#1318,#1319,#1320,
#1321,#1322));
#213=EDGE_LOOP('',(#1323,#1324,#1325,#1326));
#214=EDGE_LOOP('',(#1327,#1328,#1329,#1330,#1331,#1332,#1333,#1334));
#215=EDGE_LOOP('',(#1335,#1336,#1337,#1338));
#216=EDGE_LOOP('',(#1339,#1340,#1341,#1342));
#217=EDGE_LOOP('',(#1343,#1344,#1345,#1346));
#218=EDGE_LOOP('',(#1347,#1348,#1349,#1350));
#219=EDGE_LOOP('',(#1351,#1352,#1353,#1354));
#220=EDGE_LOOP('',(#1355,#1356,#1357,#1358));
#221=EDGE_LOOP('',(#1359,#1360,#1361,#1362));
#222=EDGE_LOOP('',(#1363,#1364,#1365,#1366));
#223=EDGE_LOOP('',(#1367,#1368,#1369,#1370));
#224=EDGE_LOOP('',(#1371,#1372,#1373,#1374));
#225=EDGE_LOOP('',(#1375,#1376,#1377,#1378));
#226=EDGE_LOOP('',(#1379,#1380,#1381,#1382,#1383,#1384));
#227=EDGE_LOOP('',(#1385,#1386,#1387,#1388,#1389,#1390,#1391,#1392,#1393,
#1394,#1395,#1396));
#228=EDGE_LOOP('',(#1397,#1398,#1399,#1400));
#229=EDGE_LOOP('',(#1401,#1402,#1403,#1404));
#230=EDGE_LOOP('',(#1405,#1406,#1407,#1408));
#231=EDGE_LOOP('',(#1409,#1410,#1411,#1412));
#232=EDGE_LOOP('',(#1413,#1414,#1415,#1416));
#233=EDGE_LOOP('',(#1417,#1418,#1419,#1420));
#234=EDGE_LOOP('',(#1421,#1422,#1423,#1424));
#235=EDGE_LOOP('',(#1425,#1426,#1427,#1428));
#236=EDGE_LOOP('',(#1429,#1430,#1431,#1432));
#237=EDGE_LOOP('',(#1433,#1434,#1435,#1436,#1437,#1438));
#238=EDGE_LOOP('',(#1439,#1440,#1441,#1442));
#239=EDGE_LOOP('',(#1443,#1444,#1445,#1446));
#240=EDGE_LOOP('',(#1447,#1448,#1449,#1450));
#241=EDGE_LOOP('',(#1451,#1452,#1453,#1454));
#242=EDGE_LOOP('',(#1455,#1456,#1457,#1458));
#243=EDGE_LOOP('',(#1459,#1460,#1461,#1462));
#244=EDGE_LOOP('',(#1463,#1464,#1465,#1466,#1467,#1468,#1469,#1470,#1471,
#1472));
#245=EDGE_LOOP('',(#1473,#1474,#1475,#1476,#1477,#1478,#1479,#1480,#1481,
#1482));
#246=EDGE_LOOP('',(#1483,#1484,#1485,#1486));
#247=EDGE_LOOP('',(#1487,#1488,#1489,#1490,#1491,#1492,#1493,#1494));
#248=EDGE_LOOP('',(#1495,#1496,#1497,#1498));
#249=EDGE_LOOP('',(#1499,#1500,#1501,#1502));
#250=EDGE_LOOP('',(#1503,#1504,#1505,#1506));
#251=EDGE_LOOP('',(#1507,#1508,#1509,#1510));
#252=EDGE_LOOP('',(#1511,#1512,#1513,#1514));
#253=EDGE_LOOP('',(#1515,#1516,#1517,#1518,#1519,#1520));
#254=EDGE_LOOP('',(#1521,#1522,#1523,#1524));
#255=EDGE_LOOP('',(#1525,#1526,#1527,#1528));
#256=EDGE_LOOP('',(#1529,#1530,#1531,#1532));
#257=EDGE_LOOP('',(#1533,#1534,#1535,#1536));
#258=EDGE_LOOP('',(#1537,#1538,#1539,#1540));
#259=EDGE_LOOP('',(#1541,#1542,#1543,#1544));
#260=EDGE_LOOP('',(#1545,#1546,#1547,#1548));
#261=EDGE_LOOP('',(#1549,#1550,#1551,#1552,#1553,#1554,#1555,#1556,#1557,
#1558,#1559,#1560,#1561,#1562,#1563,#1564));
#262=EDGE_LOOP('',(#1565,#1566,#1567,#1568));
#263=EDGE_LOOP('',(#1569,#1570,#1571,#1572));
#264=EDGE_LOOP('',(#1573,#1574,#1575,#1576,#1577,#1578,#1579,#1580,#1581,
#1582,#1583,#1584,#1585,#1586,#1587,#1588));
#265=EDGE_LOOP('',(#1589,#1590,#1591,#1592));
#266=EDGE_LOOP('',(#1593,#1594,#1595,#1596));
#267=EDGE_LOOP('',(#1597,#1598,#1599,#1600));
#268=EDGE_LOOP('',(#1601,#1602,#1603,#1604));
#269=EDGE_LOOP('',(#1605,#1606,#1607,#1608));
#270=EDGE_LOOP('',(#1609,#1610,#1611,#1612,#1613,#1614));
#271=EDGE_LOOP('',(#1615,#1616,#1617,#1618));
#272=EDGE_LOOP('',(#1619,#1620,#1621,#1622));
#273=EDGE_LOOP('',(#1623,#1624,#1625,#1626));
#274=EDGE_LOOP('',(#1627,#1628,#1629,#1630,#1631,#1632));
#275=EDGE_LOOP('',(#1633,#1634,#1635,#1636,#1637,#1638));
#276=EDGE_LOOP('',(#1639,#1640,#1641,#1642));
#277=EDGE_LOOP('',(#1643,#1644,#1645,#1646));
#278=EDGE_LOOP('',(#1647,#1648,#1649,#1650));
#279=EDGE_LOOP('',(#1651,#1652,#1653,#1654));
#280=EDGE_LOOP('',(#1655,#1656,#1657,#1658));
#281=EDGE_LOOP('',(#1659,#1660,#1661,#1662));
#282=EDGE_LOOP('',(#1663,#1664,#1665,#1666));
#283=EDGE_LOOP('',(#1667,#1668,#1669,#1670));
#284=EDGE_LOOP('',(#1671,#1672,#1673,#1674));
#285=EDGE_LOOP('',(#1675,#1676,#1677,#1678));
#286=EDGE_LOOP('',(#1679,#1680,#1681,#1682));
#287=EDGE_LOOP('',(#1683,#1684,#1685,#1686));
#288=EDGE_LOOP('',(#1687,#1688,#1689,#1690));
#289=EDGE_LOOP('',(#1691,#1692,#1693,#1694));
#290=EDGE_LOOP('',(#1695,#1696,#1697,#1698));
#291=EDGE_LOOP('',(#1699,#1700,#1701,#1702));
#292=EDGE_LOOP('',(#1703,#1704,#1705,#1706));
#293=EDGE_LOOP('',(#1707,#1708,#1709,#1710));
#294=EDGE_LOOP('',(#1711,#1712,#1713,#1714));
#295=EDGE_LOOP('',(#1715,#1716,#1717,#1718,#1719,#1720,#1721,#1722));
#296=EDGE_LOOP('',(#1723,#1724,#1725,#1726));
#297=EDGE_LOOP('',(#1727,#1728,#1729,#1730,#1731,#1732,#1733,#1734));
#298=EDGE_LOOP('',(#1735,#1736,#1737,#1738));
#299=EDGE_LOOP('',(#1739,#1740,#1741,#1742));
#300=EDGE_LOOP('',(#1743,#1744,#1745,#1746));
#301=EDGE_LOOP('',(#1747,#1748,#1749,#1750));
#302=EDGE_LOOP('',(#1751,#1752,#1753,#1754));
#303=EDGE_LOOP('',(#1755,#1756,#1757,#1758));
#304=EDGE_LOOP('',(#1759,#1760,#1761,#1762));
#305=EDGE_LOOP('',(#1763,#1764,#1765,#1766,#1767,#1768));
#306=EDGE_LOOP('',(#1769,#1770,#1771,#1772,#1773,#1774));
#307=LINE('',#2662,#540);
#308=LINE('',#2664,#541);
#309=LINE('',#2666,#542);
#310=LINE('',#2668,#543);
#311=LINE('',#2670,#544);
#312=LINE('',#2671,#545);
#313=LINE('',#2674,#546);
#314=LINE('',#2676,#547);
#315=LINE('',#2677,#548);
#316=LINE('',#2680,#549);
#317=LINE('',#2681,#550);
#318=LINE('',#2685,#551);
#319=LINE('',#2687,#552);
#320=LINE('',#2689,#553);
#321=LINE('',#2690,#554);
#322=LINE('',#2760,#555);
#323=LINE('',#2773,#556);
#324=LINE('',#2774,#557);
#325=LINE('',#2777,#558);
#326=LINE('',#2779,#559);
#327=LINE('',#2780,#560);
#328=LINE('',#2784,#561);
#329=LINE('',#2790,#562);
#330=LINE('',#2792,#563);
#331=LINE('',#2794,#564);
#332=LINE('',#2796,#565);
#333=LINE('',#2800,#566);
#334=LINE('',#2804,#567);
#335=LINE('',#2806,#568);
#336=LINE('',#2807,#569);
#337=LINE('',#2809,#570);
#338=LINE('',#2811,#571);
#339=LINE('',#2813,#572);
#340=LINE('',#2815,#573);
#341=LINE('',#2816,#574);
#342=LINE('',#2819,#575);
#343=LINE('',#2821,#576);
#344=LINE('',#2825,#577);
#345=LINE('',#2828,#578);
#346=LINE('',#2831,#579);
#347=LINE('',#2833,#580);
#348=LINE('',#2834,#581);
#349=LINE('',#2837,#582);
#350=LINE('',#2838,#583);
#351=LINE('',#2841,#584);
#352=LINE('',#2842,#585);
#353=LINE('',#2845,#586);
#354=LINE('',#2848,#587);
#355=LINE('',#2851,#588);
#356=LINE('',#2852,#589);
#357=LINE('',#2856,#590);
#358=LINE('',#2858,#591);
#359=LINE('',#2860,#592);
#360=LINE('',#2861,#593);
#361=LINE('',#2864,#594);
#362=LINE('',#2866,#595);
#363=LINE('',#2868,#596);
#364=LINE('',#2870,#597);
#365=LINE('',#2871,#598);
#366=LINE('',#2872,#599);
#367=LINE('',#2876,#600);
#368=LINE('',#2878,#601);
#369=LINE('',#2879,#602);
#370=LINE('',#2880,#603);
#371=LINE('',#2883,#604);
#372=LINE('',#2884,#605);
#373=LINE('',#2887,#606);
#374=LINE('',#2889,#607);
#375=LINE('',#2890,#608);
#376=LINE('',#2894,#609);
#377=LINE('',#2900,#610);
#378=LINE('',#2901,#611);
#379=LINE('',#2902,#612);
#380=LINE('',#2906,#613);
#381=LINE('',#2910,#614);
#382=LINE('',#2911,#615);
#383=LINE('',#2916,#616);
#384=LINE('',#2920,#617);
#385=LINE('',#2922,#618);
#386=LINE('',#2923,#619);
#387=LINE('',#2928,#620);
#388=LINE('',#2931,#621);
#389=LINE('',#2932,#622);
#390=LINE('',#2936,#623);
#391=LINE('',#2940,#624);
#392=LINE('',#2944,#625);
#393=LINE('',#2945,#626);
#394=LINE('',#2947,#627);
#395=LINE('',#2949,#628);
#396=LINE('',#2950,#629);
#397=LINE('',#2953,#630);
#398=LINE('',#2956,#631);
#399=LINE('',#2963,#632);
#400=LINE('',#2966,#633);
#401=LINE('',#2969,#634);
#402=LINE('',#2971,#635);
#403=LINE('',#2972,#636);
#404=LINE('',#2976,#637);
#405=LINE('',#2979,#638);
#406=LINE('',#2981,#639);
#407=LINE('',#2982,#640);
#408=LINE('',#2985,#641);
#409=LINE('',#2987,#642);
#410=LINE('',#2988,#643);
#411=LINE('',#2992,#644);
#412=LINE('',#2994,#645);
#413=LINE('',#2996,#646);
#414=LINE('',#2997,#647);
#415=LINE('',#3000,#648);
#416=LINE('',#3002,#649);
#417=LINE('',#3003,#650);
#418=LINE('',#3006,#651);
#419=LINE('',#3008,#652);
#420=LINE('',#3009,#653);
#421=LINE('',#3012,#654);
#422=LINE('',#3014,#655);
#423=LINE('',#3015,#656);
#424=LINE('',#3018,#657);
#425=LINE('',#3020,#658);
#426=LINE('',#3021,#659);
#427=LINE('',#3024,#660);
#428=LINE('',#3026,#661);
#429=LINE('',#3028,#662);
#430=LINE('',#3029,#663);
#431=LINE('',#3032,#664);
#432=LINE('',#3034,#665);
#433=LINE('',#3036,#666);
#434=LINE('',#3038,#667);
#435=LINE('',#3039,#668);
#436=LINE('',#3040,#669);
#437=LINE('',#3043,#670);
#438=LINE('',#3044,#671);
#439=LINE('',#3047,#672);
#440=LINE('',#3048,#673);
#441=LINE('',#3050,#674);
#442=LINE('',#3051,#675);
#443=LINE('',#3052,#676);
#444=LINE('',#3057,#677);
#445=LINE('',#3058,#678);
#446=LINE('',#3061,#679);
#447=LINE('',#3062,#680);
#448=LINE('',#3066,#681);
#449=LINE('',#3068,#682);
#450=LINE('',#3071,#683);
#451=LINE('',#3072,#684);
#452=LINE('',#3075,#685);
#453=LINE('',#3079,#686);
#454=LINE('',#3082,#687);
#455=LINE('',#3084,#688);
#456=LINE('',#3087,#689);
#457=LINE('',#3093,#690);
#458=LINE('',#3096,#691);
#459=LINE('',#3101,#692);
#460=LINE('',#3104,#693);
#461=LINE('',#3105,#694);
#462=LINE('',#3109,#695);
#463=LINE('',#3114,#696);
#464=LINE('',#3116,#697);
#465=LINE('',#3121,#698);
#466=LINE('',#3123,#699);
#467=LINE('',#3126,#700);
#468=LINE('',#3127,#701);
#469=LINE('',#3130,#702);
#470=LINE('',#3135,#703);
#471=LINE('',#3141,#704);
#472=LINE('',#3146,#705);
#473=LINE('',#3148,#706);
#474=LINE('',#3150,#707);
#475=LINE('',#3153,#708);
#476=LINE('',#3155,#709);
#477=LINE('',#3156,#710);
#478=LINE('',#3158,#711);
#479=LINE('',#3161,#712);
#480=LINE('',#3163,#713);
#481=LINE('',#3165,#714);
#482=LINE('',#3167,#715);
#483=LINE('',#3168,#716);
#484=LINE('',#3170,#717);
#485=LINE('',#3176,#718);
#486=LINE('',#3181,#719);
#487=LINE('',#3183,#720);
#488=LINE('',#3185,#721);
#489=LINE('',#3186,#722);
#490=LINE('',#3189,#723);
#491=LINE('',#3191,#724);
#492=LINE('',#3192,#725);
#493=LINE('',#3195,#726);
#494=LINE('',#3197,#727);
#495=LINE('',#3198,#728);
#496=LINE('',#3200,#729);
#497=LINE('',#3201,#730);
#498=LINE('',#3205,#731);
#499=LINE('',#3207,#732);
#500=LINE('',#3209,#733);
#501=LINE('',#3210,#734);
#502=LINE('',#3213,#735);
#503=LINE('',#3215,#736);
#504=LINE('',#3216,#737);
#505=LINE('',#3219,#738);
#506=LINE('',#3221,#739);
#507=LINE('',#3222,#740);
#508=LINE('',#3225,#741);
#509=LINE('',#3227,#742);
#510=LINE('',#3228,#743);
#511=LINE('',#3231,#744);
#512=LINE('',#3233,#745);
#513=LINE('',#3234,#746);
#514=LINE('',#3237,#747);
#515=LINE('',#3239,#748);
#516=LINE('',#3240,#749);
#517=LINE('',#3243,#750);
#518=LINE('',#3245,#751);
#519=LINE('',#3246,#752);
#520=LINE('',#3248,#753);
#521=LINE('',#3249,#754);
#522=LINE('',#3255,#755);
#523=LINE('',#3257,#756);
#524=LINE('',#3259,#757);
#525=LINE('',#3260,#758);
#526=LINE('',#3263,#759);
#527=LINE('',#3265,#760);
#528=LINE('',#3266,#761);
#529=LINE('',#3269,#762);
#530=LINE('',#3271,#763);
#531=LINE('',#3272,#764);
#532=LINE('',#3275,#765);
#533=LINE('',#3277,#766);
#534=LINE('',#3278,#767);
#535=LINE('',#3281,#768);
#536=LINE('',#3283,#769);
#537=LINE('',#3284,#770);
#538=LINE('',#3286,#771);
#539=LINE('',#3287,#772);
#540=VECTOR('',#2138,10.);
#541=VECTOR('',#2139,10.);
#542=VECTOR('',#2140,10.);
#543=VECTOR('',#2141,10.);
#544=VECTOR('',#2142,10.);
#545=VECTOR('',#2143,10.);
#546=VECTOR('',#2146,10.);
#547=VECTOR('',#2147,10.);
#548=VECTOR('',#2148,10.);
#549=VECTOR('',#2151,10.);
#550=VECTOR('',#2152,10.);
#551=VECTOR('',#2155,10.);
#552=VECTOR('',#2156,10.);
#553=VECTOR('',#2157,10.);
#554=VECTOR('',#2158,10.);
#555=VECTOR('',#2159,10.);
#556=VECTOR('',#2162,10.);
#557=VECTOR('',#2163,10.);
#558=VECTOR('',#2166,10.);
#559=VECTOR('',#2167,10.);
#560=VECTOR('',#2168,10.);
#561=VECTOR('',#2171,10.);
#562=VECTOR('',#2178,10.);
#563=VECTOR('',#2179,10.);
#564=VECTOR('',#2180,10.);
#565=VECTOR('',#2181,10.);
#566=VECTOR('',#2184,10.);
#567=VECTOR('',#2187,10.);
#568=VECTOR('',#2188,10.);
#569=VECTOR('',#2189,10.);
#570=VECTOR('',#2190,10.);
#571=VECTOR('',#2191,10.);
#572=VECTOR('',#2192,10.);
#573=VECTOR('',#2193,10.);
#574=VECTOR('',#2194,10.);
#575=VECTOR('',#2195,10.);
#576=VECTOR('',#2196,10.);
#577=VECTOR('',#2199,10.);
#578=VECTOR('',#2202,10.);
#579=VECTOR('',#2205,10.);
#580=VECTOR('',#2206,10.);
#581=VECTOR('',#2207,10.);
#582=VECTOR('',#2210,10.);
#583=VECTOR('',#2211,10.);
#584=VECTOR('',#2214,10.);
#585=VECTOR('',#2215,10.);
#586=VECTOR('',#2218,10.);
#587=VECTOR('',#2223,10.);
#588=VECTOR('',#2226,10.);
#589=VECTOR('',#2227,10.);
#590=VECTOR('',#2230,10.);
#591=VECTOR('',#2231,10.);
#592=VECTOR('',#2232,10.);
#593=VECTOR('',#2233,10.);
#594=VECTOR('',#2236,10.);
#595=VECTOR('',#2237,10.);
#596=VECTOR('',#2238,10.);
#597=VECTOR('',#2239,10.);
#598=VECTOR('',#2240,10.);
#599=VECTOR('',#2241,10.);
#600=VECTOR('',#2244,10.);
#601=VECTOR('',#2245,10.);
#602=VECTOR('',#2246,10.);
#603=VECTOR('',#2247,10.);
#604=VECTOR('',#2250,10.);
#605=VECTOR('',#2251,10.);
#606=VECTOR('',#2254,10.);
#607=VECTOR('',#2255,10.);
#608=VECTOR('',#2256,10.);
#609=VECTOR('',#2259,10.);
#610=VECTOR('',#2266,10.);
#611=VECTOR('',#2267,10.);
#612=VECTOR('',#2268,10.);
#613=VECTOR('',#2271,10.);
#614=VECTOR('',#2278,10.);
#615=VECTOR('',#2279,10.);
#616=VECTOR('',#2284,10.);
#617=VECTOR('',#2289,10.);
#618=VECTOR('',#2290,10.);
#619=VECTOR('',#2291,10.);
#620=VECTOR('',#2296,10.);
#621=VECTOR('',#2301,10.);
#622=VECTOR('',#2302,10.);
#623=VECTOR('',#2305,10.);
#624=VECTOR('',#2308,10.);
#625=VECTOR('',#2311,10.);
#626=VECTOR('',#2312,10.);
#627=VECTOR('',#2315,10.);
#628=VECTOR('',#2318,10.);
#629=VECTOR('',#2319,10.);
#630=VECTOR('',#2324,10.);
#631=VECTOR('',#2329,10.);
#632=VECTOR('',#2336,10.);
#633=VECTOR('',#2339,10.);
#634=VECTOR('',#2342,10.);
#635=VECTOR('',#2343,10.);
#636=VECTOR('',#2344,10.);
#637=VECTOR('',#2347,10.);
#638=VECTOR('',#2350,10.);
#639=VECTOR('',#2351,10.);
#640=VECTOR('',#2352,10.);
#641=VECTOR('',#2355,10.);
#642=VECTOR('',#2356,10.);
#643=VECTOR('',#2357,10.);
#644=VECTOR('',#2360,10.);
#645=VECTOR('',#2361,10.);
#646=VECTOR('',#2362,10.);
#647=VECTOR('',#2363,10.);
#648=VECTOR('',#2366,10.);
#649=VECTOR('',#2367,10.);
#650=VECTOR('',#2368,10.);
#651=VECTOR('',#2371,10.);
#652=VECTOR('',#2372,10.);
#653=VECTOR('',#2373,10.);
#654=VECTOR('',#2376,10.);
#655=VECTOR('',#2377,10.);
#656=VECTOR('',#2378,10.);
#657=VECTOR('',#2381,10.);
#658=VECTOR('',#2382,10.);
#659=VECTOR('',#2383,10.);
#660=VECTOR('',#2386,10.);
#661=VECTOR('',#2387,10.);
#662=VECTOR('',#2388,10.);
#663=VECTOR('',#2389,10.);
#664=VECTOR('',#2392,10.);
#665=VECTOR('',#2393,10.);
#666=VECTOR('',#2394,10.);
#667=VECTOR('',#2395,10.);
#668=VECTOR('',#2396,10.);
#669=VECTOR('',#2397,10.);
#670=VECTOR('',#2400,10.);
#671=VECTOR('',#2401,10.);
#672=VECTOR('',#2404,10.);
#673=VECTOR('',#2405,10.);
#674=VECTOR('',#2406,10.);
#675=VECTOR('',#2407,10.);
#676=VECTOR('',#2408,10.);
#677=VECTOR('',#2413,10.);
#678=VECTOR('',#2414,10.);
#679=VECTOR('',#2417,10.);
#680=VECTOR('',#2418,10.);
#681=VECTOR('',#2423,10.);
#682=VECTOR('',#2426,10.);
#683=VECTOR('',#2429,10.);
#684=VECTOR('',#2430,10.);
#685=VECTOR('',#2433,10.);
#686=VECTOR('',#2436,10.);
#687=VECTOR('',#2441,10.);
#688=VECTOR('',#2444,10.);
#689=VECTOR('',#2449,10.);
#690=VECTOR('',#2454,10.);
#691=VECTOR('',#2457,10.);
#692=VECTOR('',#2462,10.);
#693=VECTOR('',#2467,10.);
#694=VECTOR('',#2468,10.);
#695=VECTOR('',#2471,10.);
#696=VECTOR('',#2476,10.);
#697=VECTOR('',#2477,10.);
#698=VECTOR('',#2482,10.);
#699=VECTOR('',#2485,10.);
#700=VECTOR('',#2488,10.);
#701=VECTOR('',#2489,10.);
#702=VECTOR('',#2492,10.);
#703=VECTOR('',#2497,10.);
#704=VECTOR('',#2502,10.);
#705=VECTOR('',#2507,10.);
#706=VECTOR('',#2510,10.);
#707=VECTOR('',#2513,10.);
#708=VECTOR('',#2518,10.);
#709=VECTOR('',#2521,10.);
#710=VECTOR('',#2522,10.);
#711=VECTOR('',#2525,10.);
#712=VECTOR('',#2530,10.);
#713=VECTOR('',#2533,10.);
#714=VECTOR('',#2536,10.);
#715=VECTOR('',#2539,10.);
#716=VECTOR('',#2540,10.);
#717=VECTOR('',#2543,10.);
#718=VECTOR('',#2554,10.);
#719=VECTOR('',#2559,10.);
#720=VECTOR('',#2560,10.);
#721=VECTOR('',#2561,10.);
#722=VECTOR('',#2562,10.);
#723=VECTOR('',#2565,10.);
#724=VECTOR('',#2566,10.);
#725=VECTOR('',#2567,10.);
#726=VECTOR('',#2570,10.);
#727=VECTOR('',#2571,10.);
#728=VECTOR('',#2572,10.);
#729=VECTOR('',#2575,10.);
#730=VECTOR('',#2576,10.);
#731=VECTOR('',#2579,10.);
#732=VECTOR('',#2580,10.);
#733=VECTOR('',#2581,10.);
#734=VECTOR('',#2582,10.);
#735=VECTOR('',#2585,10.);
#736=VECTOR('',#2586,10.);
#737=VECTOR('',#2587,10.);
#738=VECTOR('',#2590,10.);
#739=VECTOR('',#2591,10.);
#740=VECTOR('',#2592,10.);
#741=VECTOR('',#2595,10.);
#742=VECTOR('',#2596,10.);
#743=VECTOR('',#2597,10.);
#744=VECTOR('',#2600,10.);
#745=VECTOR('',#2601,10.);
#746=VECTOR('',#2602,10.);
#747=VECTOR('',#2605,10.);
#748=VECTOR('',#2606,10.);
#749=VECTOR('',#2607,10.);
#750=VECTOR('',#2610,10.);
#751=VECTOR('',#2611,10.);
#752=VECTOR('',#2612,10.);
#753=VECTOR('',#2615,10.);
#754=VECTOR('',#2616,10.);
#755=VECTOR('',#2623,10.);
#756=VECTOR('',#2624,10.);
#757=VECTOR('',#2625,10.);
#758=VECTOR('',#2626,10.);
#759=VECTOR('',#2629,10.);
#760=VECTOR('',#2630,10.);
#761=VECTOR('',#2631,10.);
#762=VECTOR('',#2634,10.);
#763=VECTOR('',#2635,10.);
#764=VECTOR('',#2636,10.);
#765=VECTOR('',#2639,10.);
#766=VECTOR('',#2640,10.);
#767=VECTOR('',#2641,10.);
#768=VECTOR('',#2644,10.);
#769=VECTOR('',#2645,10.);
#770=VECTOR('',#2646,10.);
#771=VECTOR('',#2649,10.);
#772=VECTOR('',#2650,10.);
#773=VERTEX_POINT('',#2660);
#774=VERTEX_POINT('',#2661);
#775=VERTEX_POINT('',#2663);
#776=VERTEX_POINT('',#2665);
#777=VERTEX_POINT('',#2667);
#778=VERTEX_POINT('',#2669);
#779=VERTEX_POINT('',#2673);
#780=VERTEX_POINT('',#2675);
#781=VERTEX_POINT('',#2679);
#782=VERTEX_POINT('',#2683);
#783=VERTEX_POINT('',#2684);
#784=VERTEX_POINT('',#2686);
#785=VERTEX_POINT('',#2688);
#786=VERTEX_POINT('',#2759);
#787=VERTEX_POINT('',#2772);
#788=VERTEX_POINT('',#2776);
#789=VERTEX_POINT('',#2778);
#790=VERTEX_POINT('',#2782);
#791=VERTEX_POINT('',#2783);
#792=VERTEX_POINT('',#2788);
#793=VERTEX_POINT('',#2789);
#794=VERTEX_POINT('',#2791);
#795=VERTEX_POINT('',#2793);
#796=VERTEX_POINT('',#2795);
#797=VERTEX_POINT('',#2797);
#798=VERTEX_POINT('',#2799);
#799=VERTEX_POINT('',#2801);
#800=VERTEX_POINT('',#2803);
#801=VERTEX_POINT('',#2805);
#802=VERTEX_POINT('',#2808);
#803=VERTEX_POINT('',#2810);
#804=VERTEX_POINT('',#2812);
#805=VERTEX_POINT('',#2814);
#806=VERTEX_POINT('',#2817);
#807=VERTEX_POINT('',#2818);
#808=VERTEX_POINT('',#2820);
#809=VERTEX_POINT('',#2822);
#810=VERTEX_POINT('',#2824);
#811=VERTEX_POINT('',#2826);
#812=VERTEX_POINT('',#2830);
#813=VERTEX_POINT('',#2832);
#814=VERTEX_POINT('',#2836);
#815=VERTEX_POINT('',#2840);
#816=VERTEX_POINT('',#2844);
#817=VERTEX_POINT('',#2850);
#818=VERTEX_POINT('',#2854);
#819=VERTEX_POINT('',#2855);
#820=VERTEX_POINT('',#2857);
#821=VERTEX_POINT('',#2859);
#822=VERTEX_POINT('',#2863);
#823=VERTEX_POINT('',#2865);
#824=VERTEX_POINT('',#2867);
#825=VERTEX_POINT('',#2869);
#826=VERTEX_POINT('',#2874);
#827=VERTEX_POINT('',#2875);
#828=VERTEX_POINT('',#2877);
#829=VERTEX_POINT('',#2882);
#830=VERTEX_POINT('',#2886);
#831=VERTEX_POINT('',#2888);
#832=VERTEX_POINT('',#2892);
#833=VERTEX_POINT('',#2893);
#834=VERTEX_POINT('',#2898);
#835=VERTEX_POINT('',#2899);
#836=VERTEX_POINT('',#2904);
#837=VERTEX_POINT('',#2905);
#838=VERTEX_POINT('',#2913);
#839=VERTEX_POINT('',#2915);
#840=VERTEX_POINT('',#2919);
#841=VERTEX_POINT('',#2921);
#842=VERTEX_POINT('',#2925);
#843=VERTEX_POINT('',#2927);
#844=VERTEX_POINT('',#2934);
#845=VERTEX_POINT('',#2935);
#846=VERTEX_POINT('',#2937);
#847=VERTEX_POINT('',#2939);
#848=VERTEX_POINT('',#2941);
#849=VERTEX_POINT('',#2943);
#850=VERTEX_POINT('',#2959);
#851=VERTEX_POINT('',#2960);
#852=VERTEX_POINT('',#2962);
#853=VERTEX_POINT('',#2964);
#854=VERTEX_POINT('',#2968);
#855=VERTEX_POINT('',#2970);
#856=VERTEX_POINT('',#2974);
#857=VERTEX_POINT('',#2975);
#858=VERTEX_POINT('',#2977);
#859=VERTEX_POINT('',#2980);
#860=VERTEX_POINT('',#2984);
#861=VERTEX_POINT('',#2986);
#862=VERTEX_POINT('',#2990);
#863=VERTEX_POINT('',#2991);
#864=VERTEX_POINT('',#2993);
#865=VERTEX_POINT('',#2995);
#866=VERTEX_POINT('',#2999);
#867=VERTEX_POINT('',#3001);
#868=VERTEX_POINT('',#3005);
#869=VERTEX_POINT('',#3007);
#870=VERTEX_POINT('',#3011);
#871=VERTEX_POINT('',#3013);
#872=VERTEX_POINT('',#3017);
#873=VERTEX_POINT('',#3019);
#874=VERTEX_POINT('',#3023);
#875=VERTEX_POINT('',#3025);
#876=VERTEX_POINT('',#3027);
#877=VERTEX_POINT('',#3031);
#878=VERTEX_POINT('',#3033);
#879=VERTEX_POINT('',#3035);
#880=VERTEX_POINT('',#3037);
#881=VERTEX_POINT('',#3042);
#882=VERTEX_POINT('',#3046);
#883=VERTEX_POINT('',#3049);
#884=VERTEX_POINT('',#3054);
#885=VERTEX_POINT('',#3055);
#886=VERTEX_POINT('',#3060);
#887=VERTEX_POINT('',#3064);
#888=VERTEX_POINT('',#3070);
#889=VERTEX_POINT('',#3074);
#890=VERTEX_POINT('',#3076);
#891=VERTEX_POINT('',#3078);
#892=VERTEX_POINT('',#3089);
#893=VERTEX_POINT('',#3090);
#894=VERTEX_POINT('',#3092);
#895=VERTEX_POINT('',#3094);
#896=VERTEX_POINT('',#3098);
#897=VERTEX_POINT('',#3100);
#898=VERTEX_POINT('',#3106);
#899=VERTEX_POINT('',#3108);
#900=VERTEX_POINT('',#3110);
#901=VERTEX_POINT('',#3112);
#902=VERTEX_POINT('',#3115);
#903=VERTEX_POINT('',#3117);
#904=VERTEX_POINT('',#3119);
#905=VERTEX_POINT('',#3125);
#906=VERTEX_POINT('',#3129);
#907=VERTEX_POINT('',#3131);
#908=VERTEX_POINT('',#3134);
#909=VERTEX_POINT('',#3136);
#910=VERTEX_POINT('',#3138);
#911=VERTEX_POINT('',#3140);
#912=VERTEX_POINT('',#3142);
#913=VERTEX_POINT('',#3144);
#914=VERTEX_POINT('',#3179);
#915=VERTEX_POINT('',#3180);
#916=VERTEX_POINT('',#3182);
#917=VERTEX_POINT('',#3184);
#918=VERTEX_POINT('',#3188);
#919=VERTEX_POINT('',#3190);
#920=VERTEX_POINT('',#3194);
#921=VERTEX_POINT('',#3196);
#922=VERTEX_POINT('',#3203);
#923=VERTEX_POINT('',#3204);
#924=VERTEX_POINT('',#3206);
#925=VERTEX_POINT('',#3208);
#926=VERTEX_POINT('',#3212);
#927=VERTEX_POINT('',#3214);
#928=VERTEX_POINT('',#3218);
#929=VERTEX_POINT('',#3220);
#930=VERTEX_POINT('',#3224);
#931=VERTEX_POINT('',#3226);
#932=VERTEX_POINT('',#3230);
#933=VERTEX_POINT('',#3232);
#934=VERTEX_POINT('',#3236);
#935=VERTEX_POINT('',#3238);
#936=VERTEX_POINT('',#3242);
#937=VERTEX_POINT('',#3244);
#938=VERTEX_POINT('',#3253);
#939=VERTEX_POINT('',#3254);
#940=VERTEX_POINT('',#3256);
#941=VERTEX_POINT('',#3258);
#942=VERTEX_POINT('',#3262);
#943=VERTEX_POINT('',#3264);
#944=VERTEX_POINT('',#3268);
#945=VERTEX_POINT('',#3270);
#946=VERTEX_POINT('',#3274);
#947=VERTEX_POINT('',#3276);
#948=VERTEX_POINT('',#3280);
#949=VERTEX_POINT('',#3282);
#950=EDGE_CURVE('',#773,#774,#307,.T.);
#951=EDGE_CURVE('',#775,#773,#308,.T.);
#952=EDGE_CURVE('',#776,#775,#309,.T.);
#953=EDGE_CURVE('',#777,#776,#310,.T.);
#954=EDGE_CURVE('',#777,#778,#311,.T.);
#955=EDGE_CURVE('',#774,#778,#312,.T.);
#956=EDGE_CURVE('',#779,#776,#313,.T.);
#957=EDGE_CURVE('',#779,#780,#314,.T.);
#958=EDGE_CURVE('',#780,#777,#315,.T.);
#959=EDGE_CURVE('',#775,#781,#316,.T.);
#960=EDGE_CURVE('',#779,#781,#317,.T.);
#961=EDGE_CURVE('',#782,#783,#318,.F.);
#962=EDGE_CURVE('',#783,#784,#319,.T.);
#963=EDGE_CURVE('',#784,#785,#320,.T.);
#964=EDGE_CURVE('',#785,#782,#321,.T.);
#965=EDGE_CURVE('',#781,#785,#86,.T.);
#966=EDGE_CURVE('',#784,#779,#87,.T.);
#967=EDGE_CURVE('',#784,#786,#322,.T.);
#968=EDGE_CURVE('',#786,#780,#84,.T.);
#969=EDGE_CURVE('',#787,#783,#323,.F.);
#970=EDGE_CURVE('',#787,#786,#324,.T.);
#971=EDGE_CURVE('',#774,#788,#325,.T.);
#972=EDGE_CURVE('',#788,#789,#326,.T.);
#973=EDGE_CURVE('',#789,#773,#327,.T.);
#974=EDGE_CURVE('',#790,#791,#328,.T.);
#975=EDGE_CURVE('',#791,#789,#48,.T.);
#976=EDGE_CURVE('',#788,#790,#49,.T.);
#977=EDGE_CURVE('',#792,#793,#329,.T.);
#978=EDGE_CURVE('',#794,#793,#330,.T.);
#979=EDGE_CURVE('',#795,#794,#331,.T.);
#980=EDGE_CURVE('',#796,#795,#332,.T.);
#981=EDGE_CURVE('',#797,#796,#50,.T.);
#982=EDGE_CURVE('',#798,#797,#333,.T.);
#983=EDGE_CURVE('',#799,#798,#51,.T.);
#984=EDGE_CURVE('',#800,#799,#334,.T.);
#985=EDGE_CURVE('',#801,#800,#335,.T.);
#986=EDGE_CURVE('',#792,#801,#336,.T.);
#987=EDGE_CURVE('',#791,#802,#337,.T.);
#988=EDGE_CURVE('',#802,#803,#338,.T.);
#989=EDGE_CURVE('',#803,#804,#339,.T.);
#990=EDGE_CURVE('',#804,#805,#340,.T.);
#991=EDGE_CURVE('',#805,#782,#341,.T.);
#992=EDGE_CURVE('',#806,#807,#342,.T.);
#993=EDGE_CURVE('',#807,#808,#343,.T.);
#994=EDGE_CURVE('',#808,#809,#52,.T.);
#995=EDGE_CURVE('',#809,#810,#344,.T.);
#996=EDGE_CURVE('',#810,#811,#53,.T.);
#997=EDGE_CURVE('',#811,#806,#345,.T.);
#998=EDGE_CURVE('',#790,#812,#346,.T.);
#999=EDGE_CURVE('',#812,#813,#347,.T.);
#1000=EDGE_CURVE('',#813,#802,#348,.T.);
#1001=EDGE_CURVE('',#813,#814,#349,.T.);
#1002=EDGE_CURVE('',#803,#814,#350,.T.);
#1003=EDGE_CURVE('',#815,#787,#351,.T.);
#1004=EDGE_CURVE('',#815,#805,#352,.T.);
#1005=EDGE_CURVE('',#788,#816,#353,.T.);
#1006=EDGE_CURVE('',#816,#812,#54,.T.);
#1007=EDGE_CURVE('',#778,#816,#354,.T.);
#1008=EDGE_CURVE('',#817,#815,#355,.T.);
#1009=EDGE_CURVE('',#814,#817,#356,.T.);
#1010=EDGE_CURVE('',#818,#819,#357,.F.);
#1011=EDGE_CURVE('',#819,#820,#358,.T.);
#1012=EDGE_CURVE('',#820,#821,#359,.F.);
#1013=EDGE_CURVE('',#821,#818,#360,.T.);
#1014=EDGE_CURVE('',#806,#822,#361,.T.);
#1015=EDGE_CURVE('',#823,#822,#362,.T.);
#1016=EDGE_CURVE('',#824,#823,#363,.T.);
#1017=EDGE_CURVE('',#824,#825,#364,.T.);
#1018=EDGE_CURVE('',#820,#825,#365,.T.);
#1019=EDGE_CURVE('',#807,#819,#366,.T.);
#1020=EDGE_CURVE('',#826,#827,#367,.T.);
#1021=EDGE_CURVE('',#827,#828,#368,.T.);
#1022=EDGE_CURVE('',#828,#823,#369,.T.);
#1023=EDGE_CURVE('',#823,#826,#370,.T.);
#1024=EDGE_CURVE('',#822,#829,#371,.T.);
#1025=EDGE_CURVE('',#829,#826,#372,.T.);
#1026=EDGE_CURVE('',#822,#830,#373,.T.);
#1027=EDGE_CURVE('',#830,#831,#374,.T.);
#1028=EDGE_CURVE('',#831,#829,#375,.T.);
#1029=EDGE_CURVE('',#832,#833,#376,.T.);
#1030=EDGE_CURVE('',#833,#831,#55,.T.);
#1031=EDGE_CURVE('',#830,#832,#56,.T.);
#1032=EDGE_CURVE('',#834,#835,#377,.T.);
#1033=EDGE_CURVE('',#835,#833,#378,.T.);
#1034=EDGE_CURVE('',#832,#834,#379,.T.);
#1035=EDGE_CURVE('',#836,#837,#380,.T.);
#1036=EDGE_CURVE('',#837,#835,#57,.T.);
#1037=EDGE_CURVE('',#834,#836,#58,.T.);
#1038=EDGE_CURVE('',#818,#837,#381,.T.);
#1039=EDGE_CURVE('',#836,#819,#382,.T.);
#1040=EDGE_CURVE('',#827,#838,#59,.T.);
#1041=EDGE_CURVE('',#838,#839,#383,.T.);
#1042=EDGE_CURVE('',#839,#828,#60,.T.);
#1043=EDGE_CURVE('',#838,#840,#384,.T.);
#1044=EDGE_CURVE('',#840,#841,#385,.T.);
#1045=EDGE_CURVE('',#841,#839,#386,.T.);
#1046=EDGE_CURVE('',#840,#842,#61,.T.);
#1047=EDGE_CURVE('',#842,#843,#387,.T.);
#1048=EDGE_CURVE('',#843,#841,#62,.T.);
#1049=EDGE_CURVE('',#820,#843,#388,.T.);
#1050=EDGE_CURVE('',#842,#821,#389,.T.);
#1051=EDGE_CURVE('',#844,#845,#390,.T.);
#1052=EDGE_CURVE('',#845,#846,#63,.T.);
#1053=EDGE_CURVE('',#846,#847,#391,.T.);
#1054=EDGE_CURVE('',#847,#848,#64,.T.);
#1055=EDGE_CURVE('',#848,#849,#392,.T.);
#1056=EDGE_CURVE('',#849,#844,#393,.T.);
#1057=EDGE_CURVE('',#808,#836,#394,.T.);
#1058=EDGE_CURVE('',#810,#832,#395,.T.);
#1059=EDGE_CURVE('',#809,#834,#396,.T.);
#1060=EDGE_CURVE('',#811,#830,#397,.T.);
#1061=EDGE_CURVE('',#817,#804,#398,.T.);
#1062=EDGE_CURVE('',#850,#851,#65,.T.);
#1063=EDGE_CURVE('',#851,#852,#399,.T.);
#1064=EDGE_CURVE('',#852,#853,#66,.T.);
#1065=EDGE_CURVE('',#853,#850,#400,.T.);
#1066=EDGE_CURVE('',#795,#854,#401,.T.);
#1067=EDGE_CURVE('',#794,#855,#402,.T.);
#1068=EDGE_CURVE('',#855,#854,#403,.T.);
#1069=EDGE_CURVE('',#856,#857,#404,.T.);
#1070=EDGE_CURVE('',#858,#857,#67,.T.);
#1071=EDGE_CURVE('',#854,#858,#405,.T.);
#1072=EDGE_CURVE('',#859,#855,#406,.T.);
#1073=EDGE_CURVE('',#859,#856,#407,.T.);
#1074=EDGE_CURVE('',#860,#859,#408,.T.);
#1075=EDGE_CURVE('',#861,#860,#409,.T.);
#1076=EDGE_CURVE('',#856,#861,#410,.T.);
#1077=EDGE_CURVE('',#862,#863,#411,.T.);
#1078=EDGE_CURVE('',#862,#864,#412,.T.);
#1079=EDGE_CURVE('',#865,#864,#413,.T.);
#1080=EDGE_CURVE('',#863,#865,#414,.T.);
#1081=EDGE_CURVE('',#863,#866,#415,.T.);
#1082=EDGE_CURVE('',#867,#865,#416,.T.);
#1083=EDGE_CURVE('',#867,#866,#417,.T.);
#1084=EDGE_CURVE('',#868,#860,#418,.T.);
#1085=EDGE_CURVE('',#868,#869,#419,.T.);
#1086=EDGE_CURVE('',#861,#869,#420,.T.);
#1087=EDGE_CURVE('',#866,#870,#421,.T.);
#1088=EDGE_CURVE('',#871,#867,#422,.T.);
#1089=EDGE_CURVE('',#870,#871,#423,.T.);
#1090=EDGE_CURVE('',#872,#868,#424,.T.);
#1091=EDGE_CURVE('',#873,#872,#425,.T.);
#1092=EDGE_CURVE('',#869,#873,#426,.T.);
#1093=EDGE_CURVE('',#793,#874,#427,.T.);
#1094=EDGE_CURVE('',#875,#874,#428,.F.);
#1095=EDGE_CURVE('',#876,#875,#429,.T.);
#1096=EDGE_CURVE('',#876,#872,#430,.T.);
#1097=EDGE_CURVE('',#877,#862,#431,.T.);
#1098=EDGE_CURVE('',#870,#878,#432,.T.);
#1099=EDGE_CURVE('',#879,#878,#433,.T.);
#1100=EDGE_CURVE('',#880,#879,#434,.F.);
#1101=EDGE_CURVE('',#880,#792,#435,.T.);
#1102=EDGE_CURVE('',#877,#801,#436,.T.);
#1103=EDGE_CURVE('',#881,#877,#437,.T.);
#1104=EDGE_CURVE('',#800,#881,#438,.T.);
#1105=EDGE_CURVE('',#882,#876,#439,.T.);
#1106=EDGE_CURVE('',#879,#875,#440,.T.);
#1107=EDGE_CURVE('',#878,#883,#441,.T.);
#1108=EDGE_CURVE('',#883,#844,#442,.T.);
#1109=EDGE_CURVE('',#882,#849,#443,.T.);
#1110=EDGE_CURVE('',#884,#885,#68,.T.);
#1111=EDGE_CURVE('',#885,#853,#444,.T.);
#1112=EDGE_CURVE('',#884,#852,#445,.T.);
#1113=EDGE_CURVE('',#885,#886,#446,.T.);
#1114=EDGE_CURVE('',#886,#850,#447,.T.);
#1115=EDGE_CURVE('',#886,#887,#69,.T.);
#1116=EDGE_CURVE('',#887,#851,#448,.T.);
#1117=EDGE_CURVE('',#887,#884,#449,.T.);
#1118=EDGE_CURVE('',#843,#888,#450,.T.);
#1119=EDGE_CURVE('',#888,#825,#451,.T.);
#1120=EDGE_CURVE('',#824,#889,#452,.T.);
#1121=EDGE_CURVE('',#890,#889,#70,.T.);
#1122=EDGE_CURVE('',#891,#890,#453,.T.);
#1123=EDGE_CURVE('',#888,#891,#71,.T.);
#1124=EDGE_CURVE('',#828,#889,#454,.T.);
#1125=EDGE_CURVE('',#874,#880,#455,.T.);
#1126=EDGE_CURVE('',#839,#890,#456,.T.);
#1127=EDGE_CURVE('',#892,#893,#72,.T.);
#1128=EDGE_CURVE('',#892,#894,#457,.T.);
#1129=EDGE_CURVE('',#895,#894,#73,.T.);
#1130=EDGE_CURVE('',#893,#895,#458,.T.);
#1131=EDGE_CURVE('',#896,#892,#25,.T.);
#1132=EDGE_CURVE('',#896,#897,#459,.T.);
#1133=EDGE_CURVE('',#894,#897,#26,.T.);
#1134=EDGE_CURVE('',#797,#893,#460,.T.);
#1135=EDGE_CURVE('',#796,#858,#461,.T.);
#1136=EDGE_CURVE('',#857,#898,#27,.T.);
#1137=EDGE_CURVE('',#898,#899,#462,.T.);
#1138=EDGE_CURVE('',#899,#900,#28,.T.);
#1139=EDGE_CURVE('',#900,#901,#74,.T.);
#1140=EDGE_CURVE('',#901,#848,#463,.T.);
#1141=EDGE_CURVE('',#902,#847,#464,.T.);
#1142=EDGE_CURVE('',#902,#903,#75,.T.);
#1143=EDGE_CURVE('',#903,#904,#29,.T.);
#1144=EDGE_CURVE('',#904,#896,#465,.T.);
#1145=EDGE_CURVE('',#798,#895,#466,.T.);
#1146=EDGE_CURVE('',#905,#902,#467,.T.);
#1147=EDGE_CURVE('',#905,#846,#468,.T.);
#1148=EDGE_CURVE('',#897,#906,#469,.T.);
#1149=EDGE_CURVE('',#906,#907,#30,.T.);
#1150=EDGE_CURVE('',#907,#905,#76,.T.);
#1151=EDGE_CURVE('',#908,#845,#470,.T.);
#1152=EDGE_CURVE('',#908,#909,#77,.T.);
#1153=EDGE_CURVE('',#909,#910,#31,.T.);
#1154=EDGE_CURVE('',#910,#911,#471,.T.);
#1155=EDGE_CURVE('',#911,#912,#32,.T.);
#1156=EDGE_CURVE('',#912,#913,#78,.T.);
#1157=EDGE_CURVE('',#799,#913,#472,.T.);
#1158=EDGE_CURVE('',#906,#904,#473,.T.);
#1159=EDGE_CURVE('',#907,#903,#474,.T.);
#1160=EDGE_CURVE('',#861,#898,#475,.T.);
#1161=EDGE_CURVE('',#864,#912,#476,.T.);
#1162=EDGE_CURVE('',#865,#911,#477,.T.);
#1163=EDGE_CURVE('',#913,#881,#478,.T.);
#1164=EDGE_CURVE('',#869,#899,#479,.T.);
#1165=EDGE_CURVE('',#873,#900,#480,.T.);
#1166=EDGE_CURVE('',#901,#882,#481,.T.);
#1167=EDGE_CURVE('',#871,#909,#482,.T.);
#1168=EDGE_CURVE('',#883,#908,#483,.T.);
#1169=EDGE_CURVE('',#867,#910,#484,.T.);
#1170=EDGE_CURVE('',#841,#891,#485,.T.);
#1171=EDGE_CURVE('',#914,#915,#486,.T.);
#1172=EDGE_CURVE('',#915,#916,#487,.T.);
#1173=EDGE_CURVE('',#917,#916,#488,.T.);
#1174=EDGE_CURVE('',#914,#917,#489,.T.);
#1175=EDGE_CURVE('',#918,#914,#490,.T.);
#1176=EDGE_CURVE('',#919,#917,#491,.T.);
#1177=EDGE_CURVE('',#918,#919,#492,.T.);
#1178=EDGE_CURVE('',#920,#918,#493,.T.);
#1179=EDGE_CURVE('',#921,#919,#494,.T.);
#1180=EDGE_CURVE('',#920,#921,#495,.T.);
#1181=EDGE_CURVE('',#915,#920,#496,.T.);
#1182=EDGE_CURVE('',#916,#921,#497,.T.);
#1183=EDGE_CURVE('',#922,#923,#498,.T.);
#1184=EDGE_CURVE('',#923,#924,#499,.T.);
#1185=EDGE_CURVE('',#925,#924,#500,.T.);
#1186=EDGE_CURVE('',#922,#925,#501,.T.);
#1187=EDGE_CURVE('',#926,#922,#502,.T.);
#1188=EDGE_CURVE('',#927,#925,#503,.T.);
#1189=EDGE_CURVE('',#926,#927,#504,.T.);
#1190=EDGE_CURVE('',#928,#926,#505,.T.);
#1191=EDGE_CURVE('',#929,#927,#506,.T.);
#1192=EDGE_CURVE('',#928,#929,#507,.T.);
#1193=EDGE_CURVE('',#930,#928,#508,.T.);
#1194=EDGE_CURVE('',#931,#929,#509,.T.);
#1195=EDGE_CURVE('',#930,#931,#510,.T.);
#1196=EDGE_CURVE('',#932,#930,#511,.T.);
#1197=EDGE_CURVE('',#933,#931,#512,.T.);
#1198=EDGE_CURVE('',#932,#933,#513,.T.);
#1199=EDGE_CURVE('',#934,#932,#514,.T.);
#1200=EDGE_CURVE('',#935,#933,#515,.T.);
#1201=EDGE_CURVE('',#934,#935,#516,.T.);
#1202=EDGE_CURVE('',#936,#934,#517,.T.);
#1203=EDGE_CURVE('',#937,#935,#518,.T.);
#1204=EDGE_CURVE('',#936,#937,#519,.T.);
#1205=EDGE_CURVE('',#923,#936,#520,.T.);
#1206=EDGE_CURVE('',#924,#937,#521,.T.);
#1207=EDGE_CURVE('',#938,#939,#522,.T.);
#1208=EDGE_CURVE('',#939,#940,#523,.T.);
#1209=EDGE_CURVE('',#941,#940,#524,.T.);
#1210=EDGE_CURVE('',#938,#941,#525,.T.);
#1211=EDGE_CURVE('',#942,#938,#526,.T.);
#1212=EDGE_CURVE('',#943,#941,#527,.T.);
#1213=EDGE_CURVE('',#942,#943,#528,.T.);
#1214=EDGE_CURVE('',#944,#942,#529,.T.);
#1215=EDGE_CURVE('',#945,#943,#530,.T.);
#1216=EDGE_CURVE('',#944,#945,#531,.T.);
#1217=EDGE_CURVE('',#946,#944,#532,.T.);
#1218=EDGE_CURVE('',#947,#945,#533,.T.);
#1219=EDGE_CURVE('',#946,#947,#534,.T.);
#1220=EDGE_CURVE('',#948,#946,#535,.T.);
#1221=EDGE_CURVE('',#949,#947,#536,.T.);
#1222=EDGE_CURVE('',#948,#949,#537,.T.);
#1223=EDGE_CURVE('',#939,#948,#538,.T.);
#1224=EDGE_CURVE('',#940,#949,#539,.T.);
#1225=ORIENTED_EDGE('',*,*,#950,.F.);
#1226=ORIENTED_EDGE('',*,*,#951,.F.);
#1227=ORIENTED_EDGE('',*,*,#952,.F.);
#1228=ORIENTED_EDGE('',*,*,#953,.F.);
#1229=ORIENTED_EDGE('',*,*,#954,.T.);
#1230=ORIENTED_EDGE('',*,*,#955,.F.);
#1231=ORIENTED_EDGE('',*,*,#953,.T.);
#1232=ORIENTED_EDGE('',*,*,#956,.F.);
#1233=ORIENTED_EDGE('',*,*,#957,.T.);
#1234=ORIENTED_EDGE('',*,*,#958,.T.);
#1235=ORIENTED_EDGE('',*,*,#952,.T.);
#1236=ORIENTED_EDGE('',*,*,#959,.T.);
#1237=ORIENTED_EDGE('',*,*,#960,.F.);
#1238=ORIENTED_EDGE('',*,*,#956,.T.);
#1239=ORIENTED_EDGE('',*,*,#961,.T.);
#1240=ORIENTED_EDGE('',*,*,#962,.T.);
#1241=ORIENTED_EDGE('',*,*,#963,.T.);
#1242=ORIENTED_EDGE('',*,*,#964,.T.);
#1243=ORIENTED_EDGE('',*,*,#960,.T.);
#1244=ORIENTED_EDGE('',*,*,#965,.T.);
#1245=ORIENTED_EDGE('',*,*,#963,.F.);
#1246=ORIENTED_EDGE('',*,*,#966,.T.);
#1247=ORIENTED_EDGE('',*,*,#966,.F.);
#1248=ORIENTED_EDGE('',*,*,#967,.T.);
#1249=ORIENTED_EDGE('',*,*,#968,.T.);
#1250=ORIENTED_EDGE('',*,*,#957,.F.);
#1251=ORIENTED_EDGE('',*,*,#962,.F.);
#1252=ORIENTED_EDGE('',*,*,#969,.F.);
#1253=ORIENTED_EDGE('',*,*,#970,.T.);
#1254=ORIENTED_EDGE('',*,*,#967,.F.);
#1255=ORIENTED_EDGE('',*,*,#950,.T.);
#1256=ORIENTED_EDGE('',*,*,#971,.T.);
#1257=ORIENTED_EDGE('',*,*,#972,.T.);
#1258=ORIENTED_EDGE('',*,*,#973,.T.);
#1259=ORIENTED_EDGE('',*,*,#974,.T.);
#1260=ORIENTED_EDGE('',*,*,#975,.T.);
#1261=ORIENTED_EDGE('',*,*,#972,.F.);
#1262=ORIENTED_EDGE('',*,*,#976,.T.);
#1263=ORIENTED_EDGE('',*,*,#977,.T.);
#1264=ORIENTED_EDGE('',*,*,#978,.F.);
#1265=ORIENTED_EDGE('',*,*,#979,.F.);
#1266=ORIENTED_EDGE('',*,*,#980,.F.);
#1267=ORIENTED_EDGE('',*,*,#981,.F.);
#1268=ORIENTED_EDGE('',*,*,#982,.F.);
#1269=ORIENTED_EDGE('',*,*,#983,.F.);
#1270=ORIENTED_EDGE('',*,*,#984,.F.);
#1271=ORIENTED_EDGE('',*,*,#985,.F.);
#1272=ORIENTED_EDGE('',*,*,#986,.F.);
#1273=ORIENTED_EDGE('',*,*,#951,.T.);
#1274=ORIENTED_EDGE('',*,*,#973,.F.);
#1275=ORIENTED_EDGE('',*,*,#975,.F.);
#1276=ORIENTED_EDGE('',*,*,#987,.T.);
#1277=ORIENTED_EDGE('',*,*,#988,.T.);
#1278=ORIENTED_EDGE('',*,*,#989,.T.);
#1279=ORIENTED_EDGE('',*,*,#990,.T.);
#1280=ORIENTED_EDGE('',*,*,#991,.T.);
#1281=ORIENTED_EDGE('',*,*,#964,.F.);
#1282=ORIENTED_EDGE('',*,*,#965,.F.);
#1283=ORIENTED_EDGE('',*,*,#959,.F.);
#1284=ORIENTED_EDGE('',*,*,#992,.T.);
#1285=ORIENTED_EDGE('',*,*,#993,.T.);
#1286=ORIENTED_EDGE('',*,*,#994,.T.);
#1287=ORIENTED_EDGE('',*,*,#995,.T.);
#1288=ORIENTED_EDGE('',*,*,#996,.T.);
#1289=ORIENTED_EDGE('',*,*,#997,.T.);
#1290=ORIENTED_EDGE('',*,*,#974,.F.);
#1291=ORIENTED_EDGE('',*,*,#998,.T.);
#1292=ORIENTED_EDGE('',*,*,#999,.T.);
#1293=ORIENTED_EDGE('',*,*,#1000,.T.);
#1294=ORIENTED_EDGE('',*,*,#987,.F.);
#1295=ORIENTED_EDGE('',*,*,#1000,.F.);
#1296=ORIENTED_EDGE('',*,*,#1001,.T.);
#1297=ORIENTED_EDGE('',*,*,#1002,.F.);
#1298=ORIENTED_EDGE('',*,*,#988,.F.);
#1299=ORIENTED_EDGE('',*,*,#1003,.T.);
#1300=ORIENTED_EDGE('',*,*,#969,.T.);
#1301=ORIENTED_EDGE('',*,*,#961,.F.);
#1302=ORIENTED_EDGE('',*,*,#991,.F.);
#1303=ORIENTED_EDGE('',*,*,#1004,.F.);
#1304=ORIENTED_EDGE('',*,*,#976,.F.);
#1305=ORIENTED_EDGE('',*,*,#1005,.T.);
#1306=ORIENTED_EDGE('',*,*,#1006,.T.);
#1307=ORIENTED_EDGE('',*,*,#998,.F.);
#1308=ORIENTED_EDGE('',*,*,#955,.T.);
#1309=ORIENTED_EDGE('',*,*,#1007,.T.);
#1310=ORIENTED_EDGE('',*,*,#1005,.F.);
#1311=ORIENTED_EDGE('',*,*,#971,.F.);
#1312=ORIENTED_EDGE('',*,*,#954,.F.);
#1313=ORIENTED_EDGE('',*,*,#958,.F.);
#1314=ORIENTED_EDGE('',*,*,#968,.F.);
#1315=ORIENTED_EDGE('',*,*,#970,.F.);
#1316=ORIENTED_EDGE('',*,*,#1003,.F.);
#1317=ORIENTED_EDGE('',*,*,#1008,.F.);
#1318=ORIENTED_EDGE('',*,*,#1009,.F.);
#1319=ORIENTED_EDGE('',*,*,#1001,.F.);
#1320=ORIENTED_EDGE('',*,*,#999,.F.);
#1321=ORIENTED_EDGE('',*,*,#1006,.F.);
#1322=ORIENTED_EDGE('',*,*,#1007,.F.);
#1323=ORIENTED_EDGE('',*,*,#1010,.T.);
#1324=ORIENTED_EDGE('',*,*,#1011,.T.);
#1325=ORIENTED_EDGE('',*,*,#1012,.T.);
#1326=ORIENTED_EDGE('',*,*,#1013,.T.);
#1327=ORIENTED_EDGE('',*,*,#1014,.T.);
#1328=ORIENTED_EDGE('',*,*,#1015,.F.);
#1329=ORIENTED_EDGE('',*,*,#1016,.F.);
#1330=ORIENTED_EDGE('',*,*,#1017,.T.);
#1331=ORIENTED_EDGE('',*,*,#1018,.F.);
#1332=ORIENTED_EDGE('',*,*,#1011,.F.);
#1333=ORIENTED_EDGE('',*,*,#1019,.F.);
#1334=ORIENTED_EDGE('',*,*,#992,.F.);
#1335=ORIENTED_EDGE('',*,*,#1020,.T.);
#1336=ORIENTED_EDGE('',*,*,#1021,.T.);
#1337=ORIENTED_EDGE('',*,*,#1022,.T.);
#1338=ORIENTED_EDGE('',*,*,#1023,.T.);
#1339=ORIENTED_EDGE('',*,*,#1015,.T.);
#1340=ORIENTED_EDGE('',*,*,#1024,.T.);
#1341=ORIENTED_EDGE('',*,*,#1025,.T.);
#1342=ORIENTED_EDGE('',*,*,#1023,.F.);
#1343=ORIENTED_EDGE('',*,*,#1026,.T.);
#1344=ORIENTED_EDGE('',*,*,#1027,.T.);
#1345=ORIENTED_EDGE('',*,*,#1028,.T.);
#1346=ORIENTED_EDGE('',*,*,#1024,.F.);
#1347=ORIENTED_EDGE('',*,*,#1029,.T.);
#1348=ORIENTED_EDGE('',*,*,#1030,.T.);
#1349=ORIENTED_EDGE('',*,*,#1027,.F.);
#1350=ORIENTED_EDGE('',*,*,#1031,.T.);
#1351=ORIENTED_EDGE('',*,*,#1032,.T.);
#1352=ORIENTED_EDGE('',*,*,#1033,.T.);
#1353=ORIENTED_EDGE('',*,*,#1029,.F.);
#1354=ORIENTED_EDGE('',*,*,#1034,.T.);
#1355=ORIENTED_EDGE('',*,*,#1035,.T.);
#1356=ORIENTED_EDGE('',*,*,#1036,.T.);
#1357=ORIENTED_EDGE('',*,*,#1032,.F.);
#1358=ORIENTED_EDGE('',*,*,#1037,.T.);
#1359=ORIENTED_EDGE('',*,*,#1038,.T.);
#1360=ORIENTED_EDGE('',*,*,#1035,.F.);
#1361=ORIENTED_EDGE('',*,*,#1039,.T.);
#1362=ORIENTED_EDGE('',*,*,#1010,.F.);
#1363=ORIENTED_EDGE('',*,*,#1021,.F.);
#1364=ORIENTED_EDGE('',*,*,#1040,.T.);
#1365=ORIENTED_EDGE('',*,*,#1041,.T.);
#1366=ORIENTED_EDGE('',*,*,#1042,.T.);
#1367=ORIENTED_EDGE('',*,*,#1041,.F.);
#1368=ORIENTED_EDGE('',*,*,#1043,.T.);
#1369=ORIENTED_EDGE('',*,*,#1044,.T.);
#1370=ORIENTED_EDGE('',*,*,#1045,.T.);
#1371=ORIENTED_EDGE('',*,*,#1044,.F.);
#1372=ORIENTED_EDGE('',*,*,#1046,.T.);
#1373=ORIENTED_EDGE('',*,*,#1047,.T.);
#1374=ORIENTED_EDGE('',*,*,#1048,.T.);
#1375=ORIENTED_EDGE('',*,*,#1049,.T.);
#1376=ORIENTED_EDGE('',*,*,#1047,.F.);
#1377=ORIENTED_EDGE('',*,*,#1050,.T.);
#1378=ORIENTED_EDGE('',*,*,#1012,.F.);
#1379=ORIENTED_EDGE('',*,*,#1051,.T.);
#1380=ORIENTED_EDGE('',*,*,#1052,.T.);
#1381=ORIENTED_EDGE('',*,*,#1053,.T.);
#1382=ORIENTED_EDGE('',*,*,#1054,.T.);
#1383=ORIENTED_EDGE('',*,*,#1055,.T.);
#1384=ORIENTED_EDGE('',*,*,#1056,.T.);
#1385=ORIENTED_EDGE('',*,*,#1050,.F.);
#1386=ORIENTED_EDGE('',*,*,#1046,.F.);
#1387=ORIENTED_EDGE('',*,*,#1043,.F.);
#1388=ORIENTED_EDGE('',*,*,#1040,.F.);
#1389=ORIENTED_EDGE('',*,*,#1020,.F.);
#1390=ORIENTED_EDGE('',*,*,#1025,.F.);
#1391=ORIENTED_EDGE('',*,*,#1028,.F.);
#1392=ORIENTED_EDGE('',*,*,#1030,.F.);
#1393=ORIENTED_EDGE('',*,*,#1033,.F.);
#1394=ORIENTED_EDGE('',*,*,#1036,.F.);
#1395=ORIENTED_EDGE('',*,*,#1038,.F.);
#1396=ORIENTED_EDGE('',*,*,#1013,.F.);
#1397=ORIENTED_EDGE('',*,*,#1057,.F.);
#1398=ORIENTED_EDGE('',*,*,#993,.F.);
#1399=ORIENTED_EDGE('',*,*,#1019,.T.);
#1400=ORIENTED_EDGE('',*,*,#1039,.F.);
#1401=ORIENTED_EDGE('',*,*,#1034,.F.);
#1402=ORIENTED_EDGE('',*,*,#1058,.F.);
#1403=ORIENTED_EDGE('',*,*,#995,.F.);
#1404=ORIENTED_EDGE('',*,*,#1059,.T.);
#1405=ORIENTED_EDGE('',*,*,#1037,.F.);
#1406=ORIENTED_EDGE('',*,*,#1059,.F.);
#1407=ORIENTED_EDGE('',*,*,#994,.F.);
#1408=ORIENTED_EDGE('',*,*,#1057,.T.);
#1409=ORIENTED_EDGE('',*,*,#1060,.T.);
#1410=ORIENTED_EDGE('',*,*,#1026,.F.);
#1411=ORIENTED_EDGE('',*,*,#1014,.F.);
#1412=ORIENTED_EDGE('',*,*,#997,.F.);
#1413=ORIENTED_EDGE('',*,*,#1031,.F.);
#1414=ORIENTED_EDGE('',*,*,#1060,.F.);
#1415=ORIENTED_EDGE('',*,*,#996,.F.);
#1416=ORIENTED_EDGE('',*,*,#1058,.T.);
#1417=ORIENTED_EDGE('',*,*,#1004,.T.);
#1418=ORIENTED_EDGE('',*,*,#990,.F.);
#1419=ORIENTED_EDGE('',*,*,#1061,.F.);
#1420=ORIENTED_EDGE('',*,*,#1008,.T.);
#1421=ORIENTED_EDGE('',*,*,#1061,.T.);
#1422=ORIENTED_EDGE('',*,*,#989,.F.);
#1423=ORIENTED_EDGE('',*,*,#1002,.T.);
#1424=ORIENTED_EDGE('',*,*,#1009,.T.);
#1425=ORIENTED_EDGE('',*,*,#1062,.T.);
#1426=ORIENTED_EDGE('',*,*,#1063,.T.);
#1427=ORIENTED_EDGE('',*,*,#1064,.T.);
#1428=ORIENTED_EDGE('',*,*,#1065,.T.);
#1429=ORIENTED_EDGE('',*,*,#1066,.F.);
#1430=ORIENTED_EDGE('',*,*,#979,.T.);
#1431=ORIENTED_EDGE('',*,*,#1067,.T.);
#1432=ORIENTED_EDGE('',*,*,#1068,.T.);
#1433=ORIENTED_EDGE('',*,*,#1069,.T.);
#1434=ORIENTED_EDGE('',*,*,#1070,.F.);
#1435=ORIENTED_EDGE('',*,*,#1071,.F.);
#1436=ORIENTED_EDGE('',*,*,#1068,.F.);
#1437=ORIENTED_EDGE('',*,*,#1072,.F.);
#1438=ORIENTED_EDGE('',*,*,#1073,.T.);
#1439=ORIENTED_EDGE('',*,*,#1073,.F.);
#1440=ORIENTED_EDGE('',*,*,#1074,.F.);
#1441=ORIENTED_EDGE('',*,*,#1075,.F.);
#1442=ORIENTED_EDGE('',*,*,#1076,.F.);
#1443=ORIENTED_EDGE('',*,*,#1077,.F.);
#1444=ORIENTED_EDGE('',*,*,#1078,.T.);
#1445=ORIENTED_EDGE('',*,*,#1079,.F.);
#1446=ORIENTED_EDGE('',*,*,#1080,.F.);
#1447=ORIENTED_EDGE('',*,*,#1081,.F.);
#1448=ORIENTED_EDGE('',*,*,#1080,.T.);
#1449=ORIENTED_EDGE('',*,*,#1082,.F.);
#1450=ORIENTED_EDGE('',*,*,#1083,.T.);
#1451=ORIENTED_EDGE('',*,*,#1084,.F.);
#1452=ORIENTED_EDGE('',*,*,#1085,.T.);
#1453=ORIENTED_EDGE('',*,*,#1086,.F.);
#1454=ORIENTED_EDGE('',*,*,#1075,.T.);
#1455=ORIENTED_EDGE('',*,*,#1087,.F.);
#1456=ORIENTED_EDGE('',*,*,#1083,.F.);
#1457=ORIENTED_EDGE('',*,*,#1088,.F.);
#1458=ORIENTED_EDGE('',*,*,#1089,.F.);
#1459=ORIENTED_EDGE('',*,*,#1090,.F.);
#1460=ORIENTED_EDGE('',*,*,#1091,.F.);
#1461=ORIENTED_EDGE('',*,*,#1092,.F.);
#1462=ORIENTED_EDGE('',*,*,#1085,.F.);
#1463=ORIENTED_EDGE('',*,*,#1067,.F.);
#1464=ORIENTED_EDGE('',*,*,#978,.T.);
#1465=ORIENTED_EDGE('',*,*,#1093,.T.);
#1466=ORIENTED_EDGE('',*,*,#1094,.F.);
#1467=ORIENTED_EDGE('',*,*,#1095,.F.);
#1468=ORIENTED_EDGE('',*,*,#1096,.T.);
#1469=ORIENTED_EDGE('',*,*,#1090,.T.);
#1470=ORIENTED_EDGE('',*,*,#1084,.T.);
#1471=ORIENTED_EDGE('',*,*,#1074,.T.);
#1472=ORIENTED_EDGE('',*,*,#1072,.T.);
#1473=ORIENTED_EDGE('',*,*,#1097,.T.);
#1474=ORIENTED_EDGE('',*,*,#1077,.T.);
#1475=ORIENTED_EDGE('',*,*,#1081,.T.);
#1476=ORIENTED_EDGE('',*,*,#1087,.T.);
#1477=ORIENTED_EDGE('',*,*,#1098,.T.);
#1478=ORIENTED_EDGE('',*,*,#1099,.F.);
#1479=ORIENTED_EDGE('',*,*,#1100,.F.);
#1480=ORIENTED_EDGE('',*,*,#1101,.T.);
#1481=ORIENTED_EDGE('',*,*,#986,.T.);
#1482=ORIENTED_EDGE('',*,*,#1102,.F.);
#1483=ORIENTED_EDGE('',*,*,#1103,.T.);
#1484=ORIENTED_EDGE('',*,*,#1102,.T.);
#1485=ORIENTED_EDGE('',*,*,#985,.T.);
#1486=ORIENTED_EDGE('',*,*,#1104,.T.);
#1487=ORIENTED_EDGE('',*,*,#1105,.T.);
#1488=ORIENTED_EDGE('',*,*,#1095,.T.);
#1489=ORIENTED_EDGE('',*,*,#1106,.F.);
#1490=ORIENTED_EDGE('',*,*,#1099,.T.);
#1491=ORIENTED_EDGE('',*,*,#1107,.T.);
#1492=ORIENTED_EDGE('',*,*,#1108,.T.);
#1493=ORIENTED_EDGE('',*,*,#1056,.F.);
#1494=ORIENTED_EDGE('',*,*,#1109,.F.);
#1495=ORIENTED_EDGE('',*,*,#1110,.T.);
#1496=ORIENTED_EDGE('',*,*,#1111,.T.);
#1497=ORIENTED_EDGE('',*,*,#1064,.F.);
#1498=ORIENTED_EDGE('',*,*,#1112,.F.);
#1499=ORIENTED_EDGE('',*,*,#1113,.T.);
#1500=ORIENTED_EDGE('',*,*,#1114,.T.);
#1501=ORIENTED_EDGE('',*,*,#1065,.F.);
#1502=ORIENTED_EDGE('',*,*,#1111,.F.);
#1503=ORIENTED_EDGE('',*,*,#1115,.T.);
#1504=ORIENTED_EDGE('',*,*,#1116,.T.);
#1505=ORIENTED_EDGE('',*,*,#1062,.F.);
#1506=ORIENTED_EDGE('',*,*,#1114,.F.);
#1507=ORIENTED_EDGE('',*,*,#1117,.T.);
#1508=ORIENTED_EDGE('',*,*,#1112,.T.);
#1509=ORIENTED_EDGE('',*,*,#1063,.F.);
#1510=ORIENTED_EDGE('',*,*,#1116,.F.);
#1511=ORIENTED_EDGE('',*,*,#1118,.F.);
#1512=ORIENTED_EDGE('',*,*,#1049,.F.);
#1513=ORIENTED_EDGE('',*,*,#1018,.T.);
#1514=ORIENTED_EDGE('',*,*,#1119,.F.);
#1515=ORIENTED_EDGE('',*,*,#1120,.T.);
#1516=ORIENTED_EDGE('',*,*,#1121,.F.);
#1517=ORIENTED_EDGE('',*,*,#1122,.F.);
#1518=ORIENTED_EDGE('',*,*,#1123,.F.);
#1519=ORIENTED_EDGE('',*,*,#1119,.T.);
#1520=ORIENTED_EDGE('',*,*,#1017,.F.);
#1521=ORIENTED_EDGE('',*,*,#1110,.F.);
#1522=ORIENTED_EDGE('',*,*,#1117,.F.);
#1523=ORIENTED_EDGE('',*,*,#1115,.F.);
#1524=ORIENTED_EDGE('',*,*,#1113,.F.);
#1525=ORIENTED_EDGE('',*,*,#1016,.T.);
#1526=ORIENTED_EDGE('',*,*,#1022,.F.);
#1527=ORIENTED_EDGE('',*,*,#1124,.T.);
#1528=ORIENTED_EDGE('',*,*,#1120,.F.);
#1529=ORIENTED_EDGE('',*,*,#1094,.T.);
#1530=ORIENTED_EDGE('',*,*,#1125,.T.);
#1531=ORIENTED_EDGE('',*,*,#1100,.T.);
#1532=ORIENTED_EDGE('',*,*,#1106,.T.);
#1533=ORIENTED_EDGE('',*,*,#1101,.F.);
#1534=ORIENTED_EDGE('',*,*,#1125,.F.);
#1535=ORIENTED_EDGE('',*,*,#1093,.F.);
#1536=ORIENTED_EDGE('',*,*,#977,.F.);
#1537=ORIENTED_EDGE('',*,*,#1124,.F.);
#1538=ORIENTED_EDGE('',*,*,#1042,.F.);
#1539=ORIENTED_EDGE('',*,*,#1126,.T.);
#1540=ORIENTED_EDGE('',*,*,#1121,.T.);
#1541=ORIENTED_EDGE('',*,*,#1127,.F.);
#1542=ORIENTED_EDGE('',*,*,#1128,.T.);
#1543=ORIENTED_EDGE('',*,*,#1129,.F.);
#1544=ORIENTED_EDGE('',*,*,#1130,.F.);
#1545=ORIENTED_EDGE('',*,*,#1131,.F.);
#1546=ORIENTED_EDGE('',*,*,#1132,.T.);
#1547=ORIENTED_EDGE('',*,*,#1133,.F.);
#1548=ORIENTED_EDGE('',*,*,#1128,.F.);
#1549=ORIENTED_EDGE('',*,*,#1131,.T.);
#1550=ORIENTED_EDGE('',*,*,#1127,.T.);
#1551=ORIENTED_EDGE('',*,*,#1134,.F.);
#1552=ORIENTED_EDGE('',*,*,#981,.T.);
#1553=ORIENTED_EDGE('',*,*,#1135,.T.);
#1554=ORIENTED_EDGE('',*,*,#1070,.T.);
#1555=ORIENTED_EDGE('',*,*,#1136,.T.);
#1556=ORIENTED_EDGE('',*,*,#1137,.T.);
#1557=ORIENTED_EDGE('',*,*,#1138,.T.);
#1558=ORIENTED_EDGE('',*,*,#1139,.T.);
#1559=ORIENTED_EDGE('',*,*,#1140,.T.);
#1560=ORIENTED_EDGE('',*,*,#1054,.F.);
#1561=ORIENTED_EDGE('',*,*,#1141,.F.);
#1562=ORIENTED_EDGE('',*,*,#1142,.T.);
#1563=ORIENTED_EDGE('',*,*,#1143,.T.);
#1564=ORIENTED_EDGE('',*,*,#1144,.T.);
#1565=ORIENTED_EDGE('',*,*,#1130,.T.);
#1566=ORIENTED_EDGE('',*,*,#1145,.F.);
#1567=ORIENTED_EDGE('',*,*,#982,.T.);
#1568=ORIENTED_EDGE('',*,*,#1134,.T.);
#1569=ORIENTED_EDGE('',*,*,#1146,.T.);
#1570=ORIENTED_EDGE('',*,*,#1141,.T.);
#1571=ORIENTED_EDGE('',*,*,#1053,.F.);
#1572=ORIENTED_EDGE('',*,*,#1147,.F.);
#1573=ORIENTED_EDGE('',*,*,#1129,.T.);
#1574=ORIENTED_EDGE('',*,*,#1133,.T.);
#1575=ORIENTED_EDGE('',*,*,#1148,.T.);
#1576=ORIENTED_EDGE('',*,*,#1149,.T.);
#1577=ORIENTED_EDGE('',*,*,#1150,.T.);
#1578=ORIENTED_EDGE('',*,*,#1147,.T.);
#1579=ORIENTED_EDGE('',*,*,#1052,.F.);
#1580=ORIENTED_EDGE('',*,*,#1151,.F.);
#1581=ORIENTED_EDGE('',*,*,#1152,.T.);
#1582=ORIENTED_EDGE('',*,*,#1153,.T.);
#1583=ORIENTED_EDGE('',*,*,#1154,.T.);
#1584=ORIENTED_EDGE('',*,*,#1155,.T.);
#1585=ORIENTED_EDGE('',*,*,#1156,.T.);
#1586=ORIENTED_EDGE('',*,*,#1157,.F.);
#1587=ORIENTED_EDGE('',*,*,#983,.T.);
#1588=ORIENTED_EDGE('',*,*,#1145,.T.);
#1589=ORIENTED_EDGE('',*,*,#1132,.F.);
#1590=ORIENTED_EDGE('',*,*,#1144,.F.);
#1591=ORIENTED_EDGE('',*,*,#1158,.F.);
#1592=ORIENTED_EDGE('',*,*,#1148,.F.);
#1593=ORIENTED_EDGE('',*,*,#1158,.T.);
#1594=ORIENTED_EDGE('',*,*,#1143,.F.);
#1595=ORIENTED_EDGE('',*,*,#1159,.F.);
#1596=ORIENTED_EDGE('',*,*,#1149,.F.);
#1597=ORIENTED_EDGE('',*,*,#1159,.T.);
#1598=ORIENTED_EDGE('',*,*,#1142,.F.);
#1599=ORIENTED_EDGE('',*,*,#1146,.F.);
#1600=ORIENTED_EDGE('',*,*,#1150,.F.);
#1601=ORIENTED_EDGE('',*,*,#1076,.T.);
#1602=ORIENTED_EDGE('',*,*,#1160,.T.);
#1603=ORIENTED_EDGE('',*,*,#1136,.F.);
#1604=ORIENTED_EDGE('',*,*,#1069,.F.);
#1605=ORIENTED_EDGE('',*,*,#1079,.T.);
#1606=ORIENTED_EDGE('',*,*,#1161,.T.);
#1607=ORIENTED_EDGE('',*,*,#1155,.F.);
#1608=ORIENTED_EDGE('',*,*,#1162,.F.);
#1609=ORIENTED_EDGE('',*,*,#1163,.F.);
#1610=ORIENTED_EDGE('',*,*,#1156,.F.);
#1611=ORIENTED_EDGE('',*,*,#1161,.F.);
#1612=ORIENTED_EDGE('',*,*,#1078,.F.);
#1613=ORIENTED_EDGE('',*,*,#1097,.F.);
#1614=ORIENTED_EDGE('',*,*,#1103,.F.);
#1615=ORIENTED_EDGE('',*,*,#1071,.T.);
#1616=ORIENTED_EDGE('',*,*,#1135,.F.);
#1617=ORIENTED_EDGE('',*,*,#980,.T.);
#1618=ORIENTED_EDGE('',*,*,#1066,.T.);
#1619=ORIENTED_EDGE('',*,*,#1086,.T.);
#1620=ORIENTED_EDGE('',*,*,#1164,.T.);
#1621=ORIENTED_EDGE('',*,*,#1137,.F.);
#1622=ORIENTED_EDGE('',*,*,#1160,.F.);
#1623=ORIENTED_EDGE('',*,*,#1092,.T.);
#1624=ORIENTED_EDGE('',*,*,#1165,.T.);
#1625=ORIENTED_EDGE('',*,*,#1138,.F.);
#1626=ORIENTED_EDGE('',*,*,#1164,.F.);
#1627=ORIENTED_EDGE('',*,*,#1166,.F.);
#1628=ORIENTED_EDGE('',*,*,#1139,.F.);
#1629=ORIENTED_EDGE('',*,*,#1165,.F.);
#1630=ORIENTED_EDGE('',*,*,#1091,.T.);
#1631=ORIENTED_EDGE('',*,*,#1096,.F.);
#1632=ORIENTED_EDGE('',*,*,#1105,.F.);
#1633=ORIENTED_EDGE('',*,*,#1167,.T.);
#1634=ORIENTED_EDGE('',*,*,#1152,.F.);
#1635=ORIENTED_EDGE('',*,*,#1168,.F.);
#1636=ORIENTED_EDGE('',*,*,#1107,.F.);
#1637=ORIENTED_EDGE('',*,*,#1098,.F.);
#1638=ORIENTED_EDGE('',*,*,#1089,.T.);
#1639=ORIENTED_EDGE('',*,*,#1088,.T.);
#1640=ORIENTED_EDGE('',*,*,#1169,.T.);
#1641=ORIENTED_EDGE('',*,*,#1153,.F.);
#1642=ORIENTED_EDGE('',*,*,#1167,.F.);
#1643=ORIENTED_EDGE('',*,*,#1082,.T.);
#1644=ORIENTED_EDGE('',*,*,#1162,.T.);
#1645=ORIENTED_EDGE('',*,*,#1154,.F.);
#1646=ORIENTED_EDGE('',*,*,#1169,.F.);
#1647=ORIENTED_EDGE('',*,*,#1166,.T.);
#1648=ORIENTED_EDGE('',*,*,#1109,.T.);
#1649=ORIENTED_EDGE('',*,*,#1055,.F.);
#1650=ORIENTED_EDGE('',*,*,#1140,.F.);
#1651=ORIENTED_EDGE('',*,*,#1168,.T.);
#1652=ORIENTED_EDGE('',*,*,#1151,.T.);
#1653=ORIENTED_EDGE('',*,*,#1051,.F.);
#1654=ORIENTED_EDGE('',*,*,#1108,.F.);
#1655=ORIENTED_EDGE('',*,*,#1163,.T.);
#1656=ORIENTED_EDGE('',*,*,#1104,.F.);
#1657=ORIENTED_EDGE('',*,*,#984,.T.);
#1658=ORIENTED_EDGE('',*,*,#1157,.T.);
#1659=ORIENTED_EDGE('',*,*,#1170,.F.);
#1660=ORIENTED_EDGE('',*,*,#1048,.F.);
#1661=ORIENTED_EDGE('',*,*,#1118,.T.);
#1662=ORIENTED_EDGE('',*,*,#1123,.T.);
#1663=ORIENTED_EDGE('',*,*,#1126,.F.);
#1664=ORIENTED_EDGE('',*,*,#1045,.F.);
#1665=ORIENTED_EDGE('',*,*,#1170,.T.);
#1666=ORIENTED_EDGE('',*,*,#1122,.T.);
#1667=ORIENTED_EDGE('',*,*,#1171,.T.);
#1668=ORIENTED_EDGE('',*,*,#1172,.T.);
#1669=ORIENTED_EDGE('',*,*,#1173,.F.);
#1670=ORIENTED_EDGE('',*,*,#1174,.F.);
#1671=ORIENTED_EDGE('',*,*,#1175,.T.);
#1672=ORIENTED_EDGE('',*,*,#1174,.T.);
#1673=ORIENTED_EDGE('',*,*,#1176,.F.);
#1674=ORIENTED_EDGE('',*,*,#1177,.F.);
#1675=ORIENTED_EDGE('',*,*,#1178,.T.);
#1676=ORIENTED_EDGE('',*,*,#1177,.T.);
#1677=ORIENTED_EDGE('',*,*,#1179,.F.);
#1678=ORIENTED_EDGE('',*,*,#1180,.F.);
#1679=ORIENTED_EDGE('',*,*,#1181,.T.);
#1680=ORIENTED_EDGE('',*,*,#1180,.T.);
#1681=ORIENTED_EDGE('',*,*,#1182,.F.);
#1682=ORIENTED_EDGE('',*,*,#1172,.F.);
#1683=ORIENTED_EDGE('',*,*,#1183,.T.);
#1684=ORIENTED_EDGE('',*,*,#1184,.T.);
#1685=ORIENTED_EDGE('',*,*,#1185,.F.);
#1686=ORIENTED_EDGE('',*,*,#1186,.F.);
#1687=ORIENTED_EDGE('',*,*,#1187,.T.);
#1688=ORIENTED_EDGE('',*,*,#1186,.T.);
#1689=ORIENTED_EDGE('',*,*,#1188,.F.);
#1690=ORIENTED_EDGE('',*,*,#1189,.F.);
#1691=ORIENTED_EDGE('',*,*,#1190,.T.);
#1692=ORIENTED_EDGE('',*,*,#1189,.T.);
#1693=ORIENTED_EDGE('',*,*,#1191,.F.);
#1694=ORIENTED_EDGE('',*,*,#1192,.F.);
#1695=ORIENTED_EDGE('',*,*,#1193,.T.);
#1696=ORIENTED_EDGE('',*,*,#1192,.T.);
#1697=ORIENTED_EDGE('',*,*,#1194,.F.);
#1698=ORIENTED_EDGE('',*,*,#1195,.F.);
#1699=ORIENTED_EDGE('',*,*,#1196,.T.);
#1700=ORIENTED_EDGE('',*,*,#1195,.T.);
#1701=ORIENTED_EDGE('',*,*,#1197,.F.);
#1702=ORIENTED_EDGE('',*,*,#1198,.F.);
#1703=ORIENTED_EDGE('',*,*,#1199,.T.);
#1704=ORIENTED_EDGE('',*,*,#1198,.T.);
#1705=ORIENTED_EDGE('',*,*,#1200,.F.);
#1706=ORIENTED_EDGE('',*,*,#1201,.F.);
#1707=ORIENTED_EDGE('',*,*,#1202,.T.);
#1708=ORIENTED_EDGE('',*,*,#1201,.T.);
#1709=ORIENTED_EDGE('',*,*,#1203,.F.);
#1710=ORIENTED_EDGE('',*,*,#1204,.F.);
#1711=ORIENTED_EDGE('',*,*,#1205,.T.);
#1712=ORIENTED_EDGE('',*,*,#1204,.T.);
#1713=ORIENTED_EDGE('',*,*,#1206,.F.);
#1714=ORIENTED_EDGE('',*,*,#1184,.F.);
#1715=ORIENTED_EDGE('',*,*,#1205,.F.);
#1716=ORIENTED_EDGE('',*,*,#1183,.F.);
#1717=ORIENTED_EDGE('',*,*,#1187,.F.);
#1718=ORIENTED_EDGE('',*,*,#1190,.F.);
#1719=ORIENTED_EDGE('',*,*,#1193,.F.);
#1720=ORIENTED_EDGE('',*,*,#1196,.F.);
#1721=ORIENTED_EDGE('',*,*,#1199,.F.);
#1722=ORIENTED_EDGE('',*,*,#1202,.F.);
#1723=ORIENTED_EDGE('',*,*,#1181,.F.);
#1724=ORIENTED_EDGE('',*,*,#1171,.F.);
#1725=ORIENTED_EDGE('',*,*,#1175,.F.);
#1726=ORIENTED_EDGE('',*,*,#1178,.F.);
#1727=ORIENTED_EDGE('',*,*,#1206,.T.);
#1728=ORIENTED_EDGE('',*,*,#1203,.T.);
#1729=ORIENTED_EDGE('',*,*,#1200,.T.);
#1730=ORIENTED_EDGE('',*,*,#1197,.T.);
#1731=ORIENTED_EDGE('',*,*,#1194,.T.);
#1732=ORIENTED_EDGE('',*,*,#1191,.T.);
#1733=ORIENTED_EDGE('',*,*,#1188,.T.);
#1734=ORIENTED_EDGE('',*,*,#1185,.T.);
#1735=ORIENTED_EDGE('',*,*,#1182,.T.);
#1736=ORIENTED_EDGE('',*,*,#1179,.T.);
#1737=ORIENTED_EDGE('',*,*,#1176,.T.);
#1738=ORIENTED_EDGE('',*,*,#1173,.T.);
#1739=ORIENTED_EDGE('',*,*,#1207,.T.);
#1740=ORIENTED_EDGE('',*,*,#1208,.T.);
#1741=ORIENTED_EDGE('',*,*,#1209,.F.);
#1742=ORIENTED_EDGE('',*,*,#1210,.F.);
#1743=ORIENTED_EDGE('',*,*,#1211,.T.);
#1744=ORIENTED_EDGE('',*,*,#1210,.T.);
#1745=ORIENTED_EDGE('',*,*,#1212,.F.);
#1746=ORIENTED_EDGE('',*,*,#1213,.F.);
#1747=ORIENTED_EDGE('',*,*,#1214,.T.);
#1748=ORIENTED_EDGE('',*,*,#1213,.T.);
#1749=ORIENTED_EDGE('',*,*,#1215,.F.);
#1750=ORIENTED_EDGE('',*,*,#1216,.F.);
#1751=ORIENTED_EDGE('',*,*,#1217,.T.);
#1752=ORIENTED_EDGE('',*,*,#1216,.T.);
#1753=ORIENTED_EDGE('',*,*,#1218,.F.);
#1754=ORIENTED_EDGE('',*,*,#1219,.F.);
#1755=ORIENTED_EDGE('',*,*,#1220,.T.);
#1756=ORIENTED_EDGE('',*,*,#1219,.T.);
#1757=ORIENTED_EDGE('',*,*,#1221,.F.);
#1758=ORIENTED_EDGE('',*,*,#1222,.F.);
#1759=ORIENTED_EDGE('',*,*,#1223,.T.);
#1760=ORIENTED_EDGE('',*,*,#1222,.T.);
#1761=ORIENTED_EDGE('',*,*,#1224,.F.);
#1762=ORIENTED_EDGE('',*,*,#1208,.F.);
#1763=ORIENTED_EDGE('',*,*,#1223,.F.);
#1764=ORIENTED_EDGE('',*,*,#1207,.F.);
#1765=ORIENTED_EDGE('',*,*,#1211,.F.);
#1766=ORIENTED_EDGE('',*,*,#1214,.F.);
#1767=ORIENTED_EDGE('',*,*,#1217,.F.);
#1768=ORIENTED_EDGE('',*,*,#1220,.F.);
#1769=ORIENTED_EDGE('',*,*,#1224,.T.);
#1770=ORIENTED_EDGE('',*,*,#1221,.T.);
#1771=ORIENTED_EDGE('',*,*,#1218,.T.);
#1772=ORIENTED_EDGE('',*,*,#1215,.T.);
#1773=ORIENTED_EDGE('',*,*,#1212,.T.);
#1774=ORIENTED_EDGE('',*,*,#1209,.T.);
#1775=PLANE('',#1988);
#1776=PLANE('',#1989);
#1777=PLANE('',#1990);
#1778=PLANE('',#1991);
#1779=PLANE('',#1992);
#1780=PLANE('',#1993);
#1781=PLANE('',#1997);
#1782=PLANE('',#2002);
#1783=PLANE('',#2003);
#1784=PLANE('',#2004);
#1785=PLANE('',#2007);
#1786=PLANE('',#2008);
#1787=PLANE('',#2009);
#1788=PLANE('',#2010);
#1789=PLANE('',#2011);
#1790=PLANE('',#2012);
#1791=PLANE('',#2013);
#1792=PLANE('',#2017);
#1793=PLANE('',#2021);
#1794=PLANE('',#2025);
#1795=PLANE('',#2029);
#1796=PLANE('',#2030);
#1797=PLANE('',#2033);
#1798=PLANE('',#2034);
#1799=PLANE('',#2036);
#1800=PLANE('',#2038);
#1801=PLANE('',#2039);
#1802=PLANE('',#2040);
#1803=PLANE('',#2043);
#1804=PLANE('',#2044);
#1805=PLANE('',#2046);
#1806=PLANE('',#2047);
#1807=PLANE('',#2048);
#1808=PLANE('',#2049);
#1809=PLANE('',#2050);
#1810=PLANE('',#2051);
#1811=PLANE('',#2052);
#1812=PLANE('',#2053);
#1813=PLANE('',#2054);
#1814=PLANE('',#2055);
#1815=PLANE('',#2058);
#1816=PLANE('',#2061);
#1817=PLANE('',#2062);
#1818=PLANE('',#2063);
#1819=PLANE('',#2066);
#1820=PLANE('',#2067);
#1821=PLANE('',#2068);
#1822=PLANE('',#2070);
#1823=PLANE('',#2073);
#1824=PLANE('',#2082);
#1825=PLANE('',#2083);
#1826=PLANE('',#2091);
#1827=PLANE('',#2092);
#1828=PLANE('',#2093);
#1829=PLANE('',#2094);
#1830=PLANE('',#2095);
#1831=PLANE('',#2096);
#1832=PLANE('',#2097);
#1833=PLANE('',#2098);
#1834=PLANE('',#2099);
#1835=PLANE('',#2100);
#1836=PLANE('',#2101);
#1837=PLANE('',#2102);
#1838=PLANE('',#2103);
#1839=PLANE('',#2104);
#1840=PLANE('',#2105);
#1841=PLANE('',#2106);
#1842=PLANE('',#2108);
#1843=PLANE('',#2109);
#1844=PLANE('',#2110);
#1845=PLANE('',#2111);
#1846=PLANE('',#2112);
#1847=PLANE('',#2113);
#1848=PLANE('',#2114);
#1849=PLANE('',#2115);
#1850=PLANE('',#2116);
#1851=PLANE('',#2117);
#1852=PLANE('',#2118);
#1853=PLANE('',#2119);
#1854=PLANE('',#2120);
#1855=PLANE('',#2121);
#1856=PLANE('',#2122);
#1857=PLANE('',#2123);
#1858=PLANE('',#2124);
#1859=PLANE('',#2125);
#1860=PLANE('',#2126);
#1861=PLANE('',#2127);
#1862=PLANE('',#2128);
#1863=PLANE('',#2129);
#1864=PLANE('',#2130);
#1865=ADVANCED_FACE('',(#89),#1775,.T.);
#1866=ADVANCED_FACE('',(#90),#1776,.F.);
#1867=ADVANCED_FACE('',(#91),#1777,.T.);
#1868=ADVANCED_FACE('',(#92),#1778,.T.);
#1869=ADVANCED_FACE('',(#93),#88,.T.);
#1870=ADVANCED_FACE('',(#94),#85,.F.);
#1871=ADVANCED_FACE('',(#95),#1779,.F.);
#1872=ADVANCED_FACE('',(#96),#1780,.T.);
#1873=ADVANCED_FACE('',(#97),#79,.T.);
#1874=ADVANCED_FACE('',(#98,#42,#43),#1781,.F.);
#1875=ADVANCED_FACE('',(#99),#1782,.F.);
#1876=ADVANCED_FACE('',(#100),#1783,.T.);
#1877=ADVANCED_FACE('',(#101),#1784,.T.);
#1878=ADVANCED_FACE('',(#102),#33,.T.);
#1879=ADVANCED_FACE('',(#103),#1785,.F.);
#1880=ADVANCED_FACE('',(#104),#1786,.T.);
#1881=ADVANCED_FACE('',(#105),#1787,.T.);
#1882=ADVANCED_FACE('',(#106),#1788,.F.);
#1883=ADVANCED_FACE('',(#107),#1789,.T.);
#1884=ADVANCED_FACE('',(#108),#1790,.T.);
#1885=ADVANCED_FACE('',(#109),#1791,.T.);
#1886=ADVANCED_FACE('',(#110),#80,.F.);
#1887=ADVANCED_FACE('',(#111),#1792,.T.);
#1888=ADVANCED_FACE('',(#112),#81,.F.);
#1889=ADVANCED_FACE('',(#113),#1793,.T.);
#1890=ADVANCED_FACE('',(#114),#82,.T.);
#1891=ADVANCED_FACE('',(#115),#1794,.T.);
#1892=ADVANCED_FACE('',(#116),#83,.T.);
#1893=ADVANCED_FACE('',(#117),#1795,.T.);
#1894=ADVANCED_FACE('',(#118,#44),#1796,.T.);
#1895=ADVANCED_FACE('',(#119),#1797,.F.);
#1896=ADVANCED_FACE('',(#120),#1798,.F.);
#1897=ADVANCED_FACE('',(#121),#34,.F.);
#1898=ADVANCED_FACE('',(#122),#1799,.F.);
#1899=ADVANCED_FACE('',(#123),#35,.F.);
#1900=ADVANCED_FACE('',(#124),#1800,.T.);
#1901=ADVANCED_FACE('',(#125),#1801,.T.);
#1902=ADVANCED_FACE('',(#126),#1802,.F.);
#1903=ADVANCED_FACE('',(#127),#1803,.T.);
#1904=ADVANCED_FACE('',(#128),#1804,.F.);
#1905=ADVANCED_FACE('',(#129),#1805,.F.);
#1906=ADVANCED_FACE('',(#130),#1806,.F.);
#1907=ADVANCED_FACE('',(#131),#1807,.F.);
#1908=ADVANCED_FACE('',(#132),#1808,.F.);
#1909=ADVANCED_FACE('',(#133),#1809,.F.);
#1910=ADVANCED_FACE('',(#134),#1810,.F.);
#1911=ADVANCED_FACE('',(#135),#1811,.T.);
#1912=ADVANCED_FACE('',(#136),#1812,.T.);
#1913=ADVANCED_FACE('',(#137),#1813,.T.);
#1914=ADVANCED_FACE('',(#138),#1814,.T.);
#1915=ADVANCED_FACE('',(#139),#36,.T.);
#1916=ADVANCED_FACE('',(#140),#1815,.F.);
#1917=ADVANCED_FACE('',(#141),#37,.T.);
#1918=ADVANCED_FACE('',(#142),#1816,.F.);
#1919=ADVANCED_FACE('',(#143),#1817,.T.);
#1920=ADVANCED_FACE('',(#144,#45),#1818,.F.);
#1921=ADVANCED_FACE('',(#145),#1819,.T.);
#1922=ADVANCED_FACE('',(#146),#1820,.T.);
#1923=ADVANCED_FACE('',(#147),#1821,.F.);
#1924=ADVANCED_FACE('',(#148),#38,.T.);
#1925=ADVANCED_FACE('',(#149),#1822,.F.);
#1926=ADVANCED_FACE('',(#150),#1823,.F.);
#1927=ADVANCED_FACE('',(#151),#39,.T.);
#1928=ADVANCED_FACE('',(#152),#1824,.T.);
#1929=ADVANCED_FACE('',(#153),#1825,.T.);
#1930=ADVANCED_FACE('',(#154),#40,.T.);
#1931=ADVANCED_FACE('',(#155),#1826,.F.);
#1932=ADVANCED_FACE('',(#156),#1827,.F.);
#1933=ADVANCED_FACE('',(#157),#1828,.F.);
#1934=ADVANCED_FACE('',(#158),#1829,.F.);
#1935=ADVANCED_FACE('',(#159),#1830,.F.);
#1936=ADVANCED_FACE('',(#160),#1831,.F.);
#1937=ADVANCED_FACE('',(#161),#1832,.T.);
#1938=ADVANCED_FACE('',(#162),#1833,.F.);
#1939=ADVANCED_FACE('',(#163),#1834,.F.);
#1940=ADVANCED_FACE('',(#164),#1835,.F.);
#1941=ADVANCED_FACE('',(#165),#1836,.F.);
#1942=ADVANCED_FACE('',(#166),#1837,.F.);
#1943=ADVANCED_FACE('',(#167),#1838,.F.);
#1944=ADVANCED_FACE('',(#168),#1839,.T.);
#1945=ADVANCED_FACE('',(#169),#1840,.T.);
#1946=ADVANCED_FACE('',(#170),#1841,.T.);
#1947=ADVANCED_FACE('',(#171),#41,.T.);
#1948=ADVANCED_FACE('',(#172),#1842,.T.);
#1949=ADVANCED_FACE('',(#173),#1843,.T.);
#1950=ADVANCED_FACE('',(#174),#1844,.T.);
#1951=ADVANCED_FACE('',(#175),#1845,.T.);
#1952=ADVANCED_FACE('',(#176),#1846,.T.);
#1953=ADVANCED_FACE('',(#177),#1847,.T.);
#1954=ADVANCED_FACE('',(#178),#1848,.T.);
#1955=ADVANCED_FACE('',(#179),#1849,.T.);
#1956=ADVANCED_FACE('',(#180),#1850,.T.);
#1957=ADVANCED_FACE('',(#181),#1851,.T.);
#1958=ADVANCED_FACE('',(#182),#1852,.T.);
#1959=ADVANCED_FACE('',(#183),#1853,.T.);
#1960=ADVANCED_FACE('',(#184),#1854,.T.);
#1961=ADVANCED_FACE('',(#185,#46),#1855,.T.);
#1962=ADVANCED_FACE('',(#186,#47),#1856,.T.);
#1963=ADVANCED_FACE('',(#187),#1857,.T.);
#1964=ADVANCED_FACE('',(#188),#1858,.T.);
#1965=ADVANCED_FACE('',(#189),#1859,.T.);
#1966=ADVANCED_FACE('',(#190),#1860,.T.);
#1967=ADVANCED_FACE('',(#191),#1861,.T.);
#1968=ADVANCED_FACE('',(#192),#1862,.T.);
#1969=ADVANCED_FACE('',(#193),#1863,.T.);
#1970=ADVANCED_FACE('',(#194),#1864,.T.);
#1971=CLOSED_SHELL('',(#1865,#1866,#1867,#1868,#1869,#1870,#1871,#1872,
#1873,#1874,#1875,#1876,#1877,#1878,#1879,#1880,#1881,#1882,#1883,#1884,
#1885,#1886,#1887,#1888,#1889,#1890,#1891,#1892,#1893,#1894,#1895,#1896,
#1897,#1898,#1899,#1900,#1901,#1902,#1903,#1904,#1905,#1906,#1907,#1908,
#1909,#1910,#1911,#1912,#1913,#1914,#1915,#1916,#1917,#1918,#1919,#1920,
#1921,#1922,#1923,#1924,#1925,#1926,#1927,#1928,#1929,#1930,#1931,#1932,
#1933,#1934,#1935,#1936,#1937,#1938,#1939,#1940,#1941,#1942,#1943,#1944,
#1945,#1946,#1947,#1948));
#1972=CLOSED_SHELL('',(#1949,#1950,#1951,#1952,#1953,#1954,#1955,#1956,
#1957,#1958,#1959,#1960,#1961,#1962));
#1973=CLOSED_SHELL('',(#1963,#1964,#1965,#1966,#1967,#1968,#1969,#1970));
#1974=DERIVED_UNIT_ELEMENT(#1976,1.);
#1975=DERIVED_UNIT_ELEMENT(#3298,-3.);
#1976=(
MASS_UNIT()
NAMED_UNIT(*)
SI_UNIT(.KILO.,.GRAM.)
);
#1977=DERIVED_UNIT((#1974,#1975));
#1978=MEASURE_REPRESENTATION_ITEM('density measure',
POSITIVE_RATIO_MEASURE(7850.),#1977);
#1979=PROPERTY_DEFINITION_REPRESENTATION(#1984,#1981);
#1980=PROPERTY_DEFINITION_REPRESENTATION(#1985,#1982);
#1981=REPRESENTATION('material name',(#1983),#3295);
#1982=REPRESENTATION('density',(#1978),#3295);
#1983=DESCRIPTIVE_REPRESENTATION_ITEM('Steel','Steel');
#1984=PROPERTY_DEFINITION('material property','material name',#3310);
#1985=PROPERTY_DEFINITION('material property','density of part',#3310);
#1986=AXIS2_PLACEMENT_3D('',#2657,#2132,#2133);
#1987=AXIS2_PLACEMENT_3D('',#2658,#2134,#2135);
#1988=AXIS2_PLACEMENT_3D('',#2659,#2136,#2137);
#1989=AXIS2_PLACEMENT_3D('',#2672,#2144,#2145);
#1990=AXIS2_PLACEMENT_3D('',#2678,#2149,#2150);
#1991=AXIS2_PLACEMENT_3D('',#2682,#2153,#2154);
#1992=AXIS2_PLACEMENT_3D('',#2771,#2160,#2161);
#1993=AXIS2_PLACEMENT_3D('',#2775,#2164,#2165);
#1994=AXIS2_PLACEMENT_3D('',#2781,#2169,#2170);
#1995=AXIS2_PLACEMENT_3D('',#2785,#2172,#2173);
#1996=AXIS2_PLACEMENT_3D('',#2786,#2174,#2175);
#1997=AXIS2_PLACEMENT_3D('',#2787,#2176,#2177);
#1998=AXIS2_PLACEMENT_3D('',#2798,#2182,#2183);
#1999=AXIS2_PLACEMENT_3D('',#2802,#2185,#2186);
#2000=AXIS2_PLACEMENT_3D('',#2823,#2197,#2198);
#2001=AXIS2_PLACEMENT_3D('',#2827,#2200,#2201);
#2002=AXIS2_PLACEMENT_3D('',#2829,#2203,#2204);
#2003=AXIS2_PLACEMENT_3D('',#2835,#2208,#2209);
#2004=AXIS2_PLACEMENT_3D('',#2839,#2212,#2213);
#2005=AXIS2_PLACEMENT_3D('',#2843,#2216,#2217);
#2006=AXIS2_PLACEMENT_3D('',#2846,#2219,#2220);
#2007=AXIS2_PLACEMENT_3D('',#2847,#2221,#2222);
#2008=AXIS2_PLACEMENT_3D('',#2849,#2224,#2225);
#2009=AXIS2_PLACEMENT_3D('',#2853,#2228,#2229);
#2010=AXIS2_PLACEMENT_3D('',#2862,#2234,#2235);
#2011=AXIS2_PLACEMENT_3D('',#2873,#2242,#2243);
#2012=AXIS2_PLACEMENT_3D('',#2881,#2248,#2249);
#2013=AXIS2_PLACEMENT_3D('',#2885,#2252,#2253);
#2014=AXIS2_PLACEMENT_3D('',#2891,#2257,#2258);
#2015=AXIS2_PLACEMENT_3D('',#2895,#2260,#2261);
#2016=AXIS2_PLACEMENT_3D('',#2896,#2262,#2263);
#2017=AXIS2_PLACEMENT_3D('',#2897,#2264,#2265);
#2018=AXIS2_PLACEMENT_3D('',#2903,#2269,#2270);
#2019=AXIS2_PLACEMENT_3D('',#2907,#2272,#2273);
#2020=AXIS2_PLACEMENT_3D('',#2908,#2274,#2275);
#2021=AXIS2_PLACEMENT_3D('',#2909,#2276,#2277);
#2022=AXIS2_PLACEMENT_3D('',#2912,#2280,#2281);
#2023=AXIS2_PLACEMENT_3D('',#2914,#2282,#2283);
#2024=AXIS2_PLACEMENT_3D('',#2917,#2285,#2286);
#2025=AXIS2_PLACEMENT_3D('',#2918,#2287,#2288);
#2026=AXIS2_PLACEMENT_3D('',#2924,#2292,#2293);
#2027=AXIS2_PLACEMENT_3D('',#2926,#2294,#2295);
#2028=AXIS2_PLACEMENT_3D('',#2929,#2297,#2298);
#2029=AXIS2_PLACEMENT_3D('',#2930,#2299,#2300);
#2030=AXIS2_PLACEMENT_3D('',#2933,#2303,#2304);
#2031=AXIS2_PLACEMENT_3D('',#2938,#2306,#2307);
#2032=AXIS2_PLACEMENT_3D('',#2942,#2309,#2310);
#2033=AXIS2_PLACEMENT_3D('',#2946,#2313,#2314);
#2034=AXIS2_PLACEMENT_3D('',#2948,#2316,#2317);
#2035=AXIS2_PLACEMENT_3D('',#2951,#2320,#2321);
#2036=AXIS2_PLACEMENT_3D('',#2952,#2322,#2323);
#2037=AXIS2_PLACEMENT_3D('',#2954,#2325,#2326);
#2038=AXIS2_PLACEMENT_3D('',#2955,#2327,#2328);
#2039=AXIS2_PLACEMENT_3D('',#2957,#2330,#2331);
#2040=AXIS2_PLACEMENT_3D('',#2958,#2332,#2333);
#2041=AXIS2_PLACEMENT_3D('',#2961,#2334,#2335);
#2042=AXIS2_PLACEMENT_3D('',#2965,#2337,#2338);
#2043=AXIS2_PLACEMENT_3D('',#2967,#2340,#2341);
#2044=AXIS2_PLACEMENT_3D('',#2973,#2345,#2346);
#2045=AXIS2_PLACEMENT_3D('',#2978,#2348,#2349);
#2046=AXIS2_PLACEMENT_3D('',#2983,#2353,#2354);
#2047=AXIS2_PLACEMENT_3D('',#2989,#2358,#2359);
#2048=AXIS2_PLACEMENT_3D('',#2998,#2364,#2365);
#2049=AXIS2_PLACEMENT_3D('',#3004,#2369,#2370);
#2050=AXIS2_PLACEMENT_3D('',#3010,#2374,#2375);
#2051=AXIS2_PLACEMENT_3D('',#3016,#2379,#2380);
#2052=AXIS2_PLACEMENT_3D('',#3022,#2384,#2385);
#2053=AXIS2_PLACEMENT_3D('',#3030,#2390,#2391);
#2054=AXIS2_PLACEMENT_3D('',#3041,#2398,#2399);
#2055=AXIS2_PLACEMENT_3D('',#3045,#2402,#2403);
#2056=AXIS2_PLACEMENT_3D('',#3053,#2409,#2410);
#2057=AXIS2_PLACEMENT_3D('',#3056,#2411,#2412);
#2058=AXIS2_PLACEMENT_3D('',#3059,#2415,#2416);
#2059=AXIS2_PLACEMENT_3D('',#3063,#2419,#2420);
#2060=AXIS2_PLACEMENT_3D('',#3065,#2421,#2422);
#2061=AXIS2_PLACEMENT_3D('',#3067,#2424,#2425);
#2062=AXIS2_PLACEMENT_3D('',#3069,#2427,#2428);
#2063=AXIS2_PLACEMENT_3D('',#3073,#2431,#2432);
#2064=AXIS2_PLACEMENT_3D('',#3077,#2434,#2435);
#2065=AXIS2_PLACEMENT_3D('',#3080,#2437,#2438);
#2066=AXIS2_PLACEMENT_3D('',#3081,#2439,#2440);
#2067=AXIS2_PLACEMENT_3D('',#3083,#2442,#2443);
#2068=AXIS2_PLACEMENT_3D('',#3085,#2445,#2446);
#2069=AXIS2_PLACEMENT_3D('',#3086,#2447,#2448);
#2070=AXIS2_PLACEMENT_3D('',#3088,#2450,#2451);
#2071=AXIS2_PLACEMENT_3D('',#3091,#2452,#2453);
#2072=AXIS2_PLACEMENT_3D('',#3095,#2455,#2456);
#2073=AXIS2_PLACEMENT_3D('',#3097,#2458,#2459);
#2074=AXIS2_PLACEMENT_3D('',#3099,#2460,#2461);
#2075=AXIS2_PLACEMENT_3D('',#3102,#2463,#2464);
#2076=AXIS2_PLACEMENT_3D('',#3103,#2465,#2466);
#2077=AXIS2_PLACEMENT_3D('',#3107,#2469,#2470);
#2078=AXIS2_PLACEMENT_3D('',#3111,#2472,#2473);
#2079=AXIS2_PLACEMENT_3D('',#3113,#2474,#2475);
#2080=AXIS2_PLACEMENT_3D('',#3118,#2478,#2479);
#2081=AXIS2_PLACEMENT_3D('',#3120,#2480,#2481);
#2082=AXIS2_PLACEMENT_3D('',#3122,#2483,#2484);
#2083=AXIS2_PLACEMENT_3D('',#3124,#2486,#2487);
#2084=AXIS2_PLACEMENT_3D('',#3128,#2490,#2491);
#2085=AXIS2_PLACEMENT_3D('',#3132,#2493,#2494);
#2086=AXIS2_PLACEMENT_3D('',#3133,#2495,#2496);
#2087=AXIS2_PLACEMENT_3D('',#3137,#2498,#2499);
#2088=AXIS2_PLACEMENT_3D('',#3139,#2500,#2501);
#2089=AXIS2_PLACEMENT_3D('',#3143,#2503,#2504);
#2090=AXIS2_PLACEMENT_3D('',#3145,#2505,#2506);
#2091=AXIS2_PLACEMENT_3D('',#3147,#2508,#2509);
#2092=AXIS2_PLACEMENT_3D('',#3149,#2511,#2512);
#2093=AXIS2_PLACEMENT_3D('',#3151,#2514,#2515);
#2094=AXIS2_PLACEMENT_3D('',#3152,#2516,#2517);
#2095=AXIS2_PLACEMENT_3D('',#3154,#2519,#2520);
#2096=AXIS2_PLACEMENT_3D('',#3157,#2523,#2524);
#2097=AXIS2_PLACEMENT_3D('',#3159,#2526,#2527);
#2098=AXIS2_PLACEMENT_3D('',#3160,#2528,#2529);
#2099=AXIS2_PLACEMENT_3D('',#3162,#2531,#2532);
#2100=AXIS2_PLACEMENT_3D('',#3164,#2534,#2535);
#2101=AXIS2_PLACEMENT_3D('',#3166,#2537,#2538);
#2102=AXIS2_PLACEMENT_3D('',#3169,#2541,#2542);
#2103=AXIS2_PLACEMENT_3D('',#3171,#2544,#2545);
#2104=AXIS2_PLACEMENT_3D('',#3172,#2546,#2547);
#2105=AXIS2_PLACEMENT_3D('',#3173,#2548,#2549);
#2106=AXIS2_PLACEMENT_3D('',#3174,#2550,#2551);
#2107=AXIS2_PLACEMENT_3D('',#3175,#2552,#2553);
#2108=AXIS2_PLACEMENT_3D('',#3177,#2555,#2556);
#2109=AXIS2_PLACEMENT_3D('',#3178,#2557,#2558);
#2110=AXIS2_PLACEMENT_3D('',#3187,#2563,#2564);
#2111=AXIS2_PLACEMENT_3D('',#3193,#2568,#2569);
#2112=AXIS2_PLACEMENT_3D('',#3199,#2573,#2574);
#2113=AXIS2_PLACEMENT_3D('',#3202,#2577,#2578);
#2114=AXIS2_PLACEMENT_3D('',#3211,#2583,#2584);
#2115=AXIS2_PLACEMENT_3D('',#3217,#2588,#2589);
#2116=AXIS2_PLACEMENT_3D('',#3223,#2593,#2594);
#2117=AXIS2_PLACEMENT_3D('',#3229,#2598,#2599);
#2118=AXIS2_PLACEMENT_3D('',#3235,#2603,#2604);
#2119=AXIS2_PLACEMENT_3D('',#3241,#2608,#2609);
#2120=AXIS2_PLACEMENT_3D('',#3247,#2613,#2614);
#2121=AXIS2_PLACEMENT_3D('',#3250,#2617,#2618);
#2122=AXIS2_PLACEMENT_3D('',#3251,#2619,#2620);
#2123=AXIS2_PLACEMENT_3D('',#3252,#2621,#2622);
#2124=AXIS2_PLACEMENT_3D('',#3261,#2627,#2628);
#2125=AXIS2_PLACEMENT_3D('',#3267,#2632,#2633);
#2126=AXIS2_PLACEMENT_3D('',#3273,#2637,#2638);
#2127=AXIS2_PLACEMENT_3D('',#3279,#2642,#2643);
#2128=AXIS2_PLACEMENT_3D('',#3285,#2647,#2648);
#2129=AXIS2_PLACEMENT_3D('',#3288,#2651,#2652);
#2130=AXIS2_PLACEMENT_3D('',#3289,#2653,#2654);
#2131=AXIS2_PLACEMENT_3D('',#3290,#2655,#2656);
#2132=DIRECTION('axis',(0.,0.,1.));
#2133=DIRECTION('refdir',(1.,0.,0.));
#2134=DIRECTION('axis',(0.,0.,1.));
#2135=DIRECTION('refdir',(1.,0.,0.));
#2136=DIRECTION('center_axis',(0.696364240320019,-0.122787803968973,-0.707106781186547));
#2137=DIRECTION('ref_axis',(-0.712498293208669,0.,-0.701673843159864));
#2138=DIRECTION('',(0.668834843421919,0.468323199181339,0.577350269189626));
#2139=DIRECTION('',(-0.173648177666931,-0.984807753012208,0.));
#2140=DIRECTION('',(-0.468323199181338,0.66883484342192,-0.577350269189626));
#2141=DIRECTION('',(-0.696364240320019,0.122787803968973,-0.707106781186548));
#2142=DIRECTION('',(-0.173648177666931,-0.984807753012208,0.));
#2143=DIRECTION('',(0.696364240320019,-0.122787803968973,0.707106781186548));
#2144=DIRECTION('center_axis',(0.17364817766693,0.984807753012208,0.));
#2145=DIRECTION('ref_axis',(-0.984807753012208,0.17364817766693,0.));
#2146=DIRECTION('',(-0.984807753012208,0.17364817766693,0.));
#2147=DIRECTION('',(0.,0.,1.));
#2148=DIRECTION('',(-0.984807753012208,0.17364817766693,0.));
#2149=DIRECTION('center_axis',(-0.122787803968973,-0.696364240320019,-0.707106781186548));
#2150=DIRECTION('ref_axis',(-0.985255774317392,0.,0.171087869746035));
#2151=DIRECTION('',(0.984807753012208,-0.17364817766693,0.));
#2152=DIRECTION('',(0.122787803968962,0.696364240320017,-0.707106781186551));
#2153=DIRECTION('center_axis',(-0.707106781186549,0.,-0.707106781186546));
#2154=DIRECTION('ref_axis',(-0.707106781186546,0.,0.707106781186549));
#2155=DIRECTION('',(0.192450089729875,-0.962250448649376,-0.192450089729875));
#2156=DIRECTION('',(0.,1.,0.));
#2157=DIRECTION('',(0.707106781186546,0.,-0.707106781186549));
#2158=DIRECTION('',(0.,-1.,0.));
#2159=DIRECTION('',(0.,0.,1.));
#2160=DIRECTION('center_axis',(1.,0.,0.));
#2161=DIRECTION('ref_axis',(0.,1.,0.));
#2162=DIRECTION('',(0.,0.98058067569092,0.196116135138184));
#2163=DIRECTION('',(0.,1.,0.));
#2164=DIRECTION('center_axis',(0.122787803968973,0.696364240320018,-0.707106781186548));
#2165=DIRECTION('ref_axis',(-0.985255774317392,0.,-0.171087869746035));
#2166=DIRECTION('',(0.984807753012208,-0.173648177666931,0.));
#2167=DIRECTION('',(-0.122787803968974,-0.696364240320019,-0.707106781186547));
#2168=DIRECTION('',(-0.984807753012208,0.173648177666931,0.));
#2169=DIRECTION('center_axis',(0.,0.,1.));
#2170=DIRECTION('ref_axis',(0.17364817766693,0.984807753012208,0.));
#2171=DIRECTION('',(-0.707106781186548,0.,-0.707106781186547));
#2172=DIRECTION('center_axis',(0.,0.,1.));
#2173=DIRECTION('ref_axis',(0.17364817766693,0.984807753012208,0.));
#2174=DIRECTION('center_axis',(0.,0.,-1.));
#2175=DIRECTION('ref_axis',(0.17364817766693,0.984807753012208,0.));
#2176=DIRECTION('center_axis',(0.,0.,1.));
#2177=DIRECTION('ref_axis',(-1.,0.,0.));
#2178=DIRECTION('',(-1.,0.,0.));
#2179=DIRECTION('',(0.707106781186549,0.707106781186546,0.));
#2180=DIRECTION('',(1.,0.,0.));
#2181=DIRECTION('',(2.06990730163454E-16,-1.,0.));
#2182=DIRECTION('center_axis',(0.,0.,1.));
#2183=DIRECTION('ref_axis',(6.66133814775093E-16,1.,0.));
#2184=DIRECTION('',(-1.,0.,0.));
#2185=DIRECTION('center_axis',(0.,0.,1.));
#2186=DIRECTION('ref_axis',(1.,5.32907051820072E-15,0.));
#2187=DIRECTION('',(0.,1.,0.));
#2188=DIRECTION('',(1.,0.,0.));
#2189=DIRECTION('',(0.707106781186549,-0.707106781186546,0.));
#2190=DIRECTION('',(-1.,0.,0.));
#2191=DIRECTION('',(0.,-1.,0.));
#2192=DIRECTION('',(1.,1.38777878078145E-17,0.));
#2193=DIRECTION('',(0.,1.,0.));
#2194=DIRECTION('',(1.,0.,0.));
#2195=DIRECTION('',(-1.,0.,0.));
#2196=DIRECTION('',(0.,-1.,0.));
#2197=DIRECTION('center_axis',(0.,0.,1.));
#2198=DIRECTION('ref_axis',(0.,-1.,0.));
#2199=DIRECTION('',(1.,-2.08166817117217E-16,0.));
#2200=DIRECTION('center_axis',(0.,0.,1.));
#2201=DIRECTION('ref_axis',(1.,-5.44676186921056E-16,0.));
#2202=DIRECTION('',(0.,1.,0.));
#2203=DIRECTION('center_axis',(0.,1.,0.));
#2204=DIRECTION('ref_axis',(0.,0.,-1.));
#2205=DIRECTION('',(0.,0.,1.));
#2206=DIRECTION('',(-1.,0.,0.));
#2207=DIRECTION('',(-0.447213595499958,0.,-0.894427190999916));
#2208=DIRECTION('center_axis',(0.894427190999916,0.,-0.447213595499958));
#2209=DIRECTION('ref_axis',(-0.447213595499958,0.,-0.894427190999916));
#2210=DIRECTION('',(0.,-1.,0.));
#2211=DIRECTION('',(0.447213595499958,7.75791922889772E-18,0.894427190999916));
#2212=DIRECTION('center_axis',(0.,0.196116135138184,-0.98058067569092));
#2213=DIRECTION('ref_axis',(-1.,0.,0.));
#2214=DIRECTION('',(1.,0.,0.));
#2215=DIRECTION('',(0.0975900072948539,-0.975900072948533,-0.195180014589707));
#2216=DIRECTION('center_axis',(0.,0.,1.));
#2217=DIRECTION('ref_axis',(0.17364817766693,0.984807753012208,0.));
#2218=DIRECTION('',(0.,0.,1.));
#2219=DIRECTION('center_axis',(0.,0.,-1.));
#2220=DIRECTION('ref_axis',(0.17364817766693,0.984807753012208,0.));
#2221=DIRECTION('center_axis',(-0.173648177666931,-0.984807753012208,0.));
#2222=DIRECTION('ref_axis',(0.984807753012208,-0.173648177666931,0.));
#2223=DIRECTION('',(0.984807753012208,-0.173648177666931,0.));
#2224=DIRECTION('center_axis',(0.,0.,-1.));
#2225=DIRECTION('ref_axis',(1.,0.,0.));
#2226=DIRECTION('',(0.,1.,0.));
#2227=DIRECTION('',(1.,0.,0.));
#2228=DIRECTION('center_axis',(0.,-0.707106781186548,0.707106781186548));
#2229=DIRECTION('ref_axis',(1.,0.,0.));
#2230=DIRECTION('',(-0.577350269189627,0.577350269189625,0.577350269189625));
#2231=DIRECTION('',(1.,0.,0.));
#2232=DIRECTION('',(-0.577350269189627,-0.577350269189625,-0.577350269189625));
#2233=DIRECTION('',(-1.,0.,0.));
#2234=DIRECTION('center_axis',(0.,1.,0.));
#2235=DIRECTION('ref_axis',(0.,0.,1.));
#2236=DIRECTION('',(0.,0.,1.));
#2237=DIRECTION('',(1.,0.,0.));
#2238=DIRECTION('',(0.,0.,1.));
#2239=DIRECTION('',(-1.,0.,0.));
#2240=DIRECTION('',(0.,0.,-1.));
#2241=DIRECTION('',(0.,0.,1.));
#2242=DIRECTION('center_axis',(0.707106781186548,0.,0.707106781186548));
#2243=DIRECTION('ref_axis',(0.707106781186548,0.,-0.707106781186548));
#2244=DIRECTION('',(0.,-1.,0.));
#2245=DIRECTION('',(0.707106781186548,6.54205191118239E-16,-0.707106781186548));
#2246=DIRECTION('',(0.,1.,0.));
#2247=DIRECTION('',(-0.577350269189626,0.577350269189626,0.577350269189626));
#2248=DIRECTION('center_axis',(0.,-0.707106781186548,0.707106781186548));
#2249=DIRECTION('ref_axis',(1.,0.,0.));
#2250=DIRECTION('',(0.577350269189624,0.577350269189626,0.577350269189626));
#2251=DIRECTION('',(-1.,0.,0.));
#2252=DIRECTION('center_axis',(-0.707106781186549,0.,0.707106781186546));
#2253=DIRECTION('ref_axis',(0.707106781186546,0.,0.707106781186549));
#2254=DIRECTION('',(0.,-1.,0.));
#2255=DIRECTION('',(0.707106781186546,0.,0.707106781186549));
#2256=DIRECTION('',(0.,1.,0.));
#2257=DIRECTION('center_axis',(0.,0.,1.));
#2258=DIRECTION('ref_axis',(1.,-5.44676186921056E-16,0.));
#2259=DIRECTION('',(0.,-0.707106781186547,0.707106781186548));
#2260=DIRECTION('center_axis',(0.,0.,1.));
#2261=DIRECTION('ref_axis',(1.,-5.44676186921056E-16,0.));
#2262=DIRECTION('center_axis',(0.,0.,-1.));
#2263=DIRECTION('ref_axis',(1.,-5.44676186921056E-16,0.));
#2264=DIRECTION('center_axis',(1.47196168001604E-16,0.707106781186548,0.707106781186547));
#2265=DIRECTION('ref_axis',(1.,0.,-2.08166817117217E-16));
#2266=DIRECTION('',(0.,-0.707106781186547,0.707106781186548));
#2267=DIRECTION('',(1.,-2.08166817117217E-16,0.));
#2268=DIRECTION('',(-1.,2.08166817117217E-16,0.));
#2269=DIRECTION('center_axis',(0.,0.,1.));
#2270=DIRECTION('ref_axis',(0.,-1.,0.));
#2271=DIRECTION('',(-0.707106781186547,-3.2710259555912E-16,0.707106781186548));
#2272=DIRECTION('center_axis',(0.,0.,1.));
#2273=DIRECTION('ref_axis',(0.,-1.,0.));
#2274=DIRECTION('center_axis',(0.,0.,-1.));
#2275=DIRECTION('ref_axis',(0.,-1.,0.));
#2276=DIRECTION('center_axis',(0.707106781186546,0.,0.707106781186549));
#2277=DIRECTION('ref_axis',(0.707106781186549,0.,-0.707106781186546));
#2278=DIRECTION('',(0.,-1.,0.));
#2279=DIRECTION('',(0.,1.,0.));
#2280=DIRECTION('center_axis',(0.,0.,-1.));
#2281=DIRECTION('ref_axis',(1.,0.,0.));
#2282=DIRECTION('center_axis',(0.,0.,-1.));
#2283=DIRECTION('ref_axis',(1.,0.,0.));
#2284=DIRECTION('',(0.,-0.707106781186548,-0.707106781186547));
#2285=DIRECTION('center_axis',(0.,0.,1.));
#2286=DIRECTION('ref_axis',(1.,0.,0.));
#2287=DIRECTION('center_axis',(-9.81307786677362E-17,-0.707106781186549,
0.707106781186546));
#2288=DIRECTION('ref_axis',(1.,0.,1.38777878078145E-16));
#2289=DIRECTION('',(-1.,1.38777878078145E-16,0.));
#2290=DIRECTION('',(0.,-0.707106781186546,-0.707106781186549));
#2291=DIRECTION('',(1.,-1.38777878078145E-16,0.));
#2292=DIRECTION('center_axis',(0.,0.,-1.));
#2293=DIRECTION('ref_axis',(0.,-1.,0.));
#2294=DIRECTION('center_axis',(0.,0.,-1.));
#2295=DIRECTION('ref_axis',(0.,-1.,0.));
#2296=DIRECTION('',(-0.707106781186548,0.,-0.707106781186548));
#2297=DIRECTION('center_axis',(0.,0.,1.));
#2298=DIRECTION('ref_axis',(0.,-1.,0.));
#2299=DIRECTION('center_axis',(-0.707106781186546,0.,0.707106781186549));
#2300=DIRECTION('ref_axis',(0.707106781186549,0.,0.707106781186546));
#2301=DIRECTION('',(0.,-1.,0.));
#2302=DIRECTION('',(0.,1.,0.));
#2303=DIRECTION('center_axis',(0.,0.,1.));
#2304=DIRECTION('ref_axis',(-1.,0.,0.));
#2305=DIRECTION('',(0.,1.,0.));
#2306=DIRECTION('center_axis',(0.,0.,1.));
#2307=DIRECTION('ref_axis',(1.,5.32907051820072E-15,0.));
#2308=DIRECTION('',(-1.,0.,0.));
#2309=DIRECTION('center_axis',(0.,0.,1.));
#2310=DIRECTION('ref_axis',(6.66133814775093E-16,1.,0.));
#2311=DIRECTION('',(2.06990730163454E-16,-1.,0.));
#2312=DIRECTION('',(1.,0.,0.));
#2313=DIRECTION('center_axis',(-1.,0.,0.));
#2314=DIRECTION('ref_axis',(0.,-1.,0.));
#2315=DIRECTION('',(0.,0.,1.));
#2316=DIRECTION('center_axis',(-2.08166817117217E-16,-1.,0.));
#2317=DIRECTION('ref_axis',(1.,-2.08166817117217E-16,0.));
#2318=DIRECTION('',(0.,0.,1.));
#2319=DIRECTION('',(0.,0.,1.));
#2320=DIRECTION('center_axis',(0.,0.,1.));
#2321=DIRECTION('ref_axis',(0.,-1.,0.));
#2322=DIRECTION('center_axis',(1.,0.,0.));
#2323=DIRECTION('ref_axis',(0.,1.,0.));
#2324=DIRECTION('',(0.,0.,1.));
#2325=DIRECTION('center_axis',(0.,0.,1.));
#2326=DIRECTION('ref_axis',(1.,-5.44676186921056E-16,0.));
#2327=DIRECTION('center_axis',(-0.894427190999915,0.,-0.44721359549996));
#2328=DIRECTION('ref_axis',(-0.44721359549996,0.,0.894427190999915));
#2329=DIRECTION('',(0.44721359549996,4.65475153733867E-18,-0.894427190999915));
#2330=DIRECTION('center_axis',(-1.38777878078145E-17,1.,-1.73472347597681E-18));
#2331=DIRECTION('ref_axis',(0.,1.73472347597681E-18,1.));
#2332=DIRECTION('center_axis',(0.,0.,1.));
#2333=DIRECTION('ref_axis',(1.,0.,0.));
#2334=DIRECTION('center_axis',(0.,0.,-1.));
#2335=DIRECTION('ref_axis',(0.,-1.,0.));
#2336=DIRECTION('',(1.,0.,0.));
#2337=DIRECTION('center_axis',(0.,0.,-1.));
#2338=DIRECTION('ref_axis',(0.,1.,0.));
#2339=DIRECTION('',(-1.,0.,0.));
#2340=DIRECTION('center_axis',(0.,-1.,0.));
#2341=DIRECTION('ref_axis',(1.,0.,0.));
#2342=DIRECTION('',(0.,0.,1.));
#2343=DIRECTION('',(0.,0.,1.));
#2344=DIRECTION('',(-1.,0.,1.86264520126377E-8));
#2345=DIRECTION('center_axis',(-1.86264520126377E-8,0.,-1.));
#2346=DIRECTION('ref_axis',(-1.,0.,1.86264520126377E-8));
#2347=DIRECTION('',(0.,1.,0.));
#2348=DIRECTION('center_axis',(-1.86264520126377E-8,0.,-1.));
#2349=DIRECTION('ref_axis',(-1.,6.66133814775093E-16,1.86264520126377E-8));
#2350=DIRECTION('',(-2.06990730163454E-16,1.,3.85550290245042E-24));
#2351=DIRECTION('',(-0.707106781186549,-0.707106781186546,1.3170890527582E-8));
#2352=DIRECTION('',(-1.,1.86264242093566E-8,1.86264520126377E-8));
#2353=DIRECTION('center_axis',(-3.37324437430902E-17,0.707107308022348,
-0.707106254350355));
#2354=DIRECTION('ref_axis',(9.81309980072264E-18,0.707106254350355,0.707107308022348));
#2355=DIRECTION('',(-0.577349982416221,-0.577349982416218,-0.577350842736011));
#2356=DIRECTION('',(1.,1.30104260698261E-17,-3.46944695195361E-17));
#2357=DIRECTION('',(0.57734789255845,0.57735102734071,0.57735188766206));
#2358=DIRECTION('center_axis',(-3.37324437430902E-17,0.707107308022348,
-0.707106254350355));
#2359=DIRECTION('ref_axis',(9.81309980072264E-18,0.707106254350355,0.707107308022348));
#2360=DIRECTION('',(-0.577349982416221,0.577349982416218,0.577350842736011));
#2361=DIRECTION('',(1.,1.30104260698261E-17,-3.46944695195361E-17));
#2362=DIRECTION('',(0.577357510160753,-0.577346218512754,-0.577347078826938));
#2363=DIRECTION('',(1.,1.30104260698261E-17,-3.46944695195361E-17));
#2364=DIRECTION('center_axis',(-1.30104260698261E-17,1.,3.61111864572606E-34));
#2365=DIRECTION('ref_axis',(2.77555756156293E-17,5.79321751111624E-48,1.));
#2366=DIRECTION('',(3.61111864572608E-34,-3.61111864572606E-34,1.));
#2367=DIRECTION('',(0.,3.61111864572606E-34,-1.));
#2368=DIRECTION('',(-1.,-1.51394048812521E-17,4.03717463500057E-17));
#2369=DIRECTION('center_axis',(-1.30104260698261E-17,1.,3.61111864572606E-34));
#2370=DIRECTION('ref_axis',(2.77555756156293E-17,5.79321751111624E-48,1.));
#2371=DIRECTION('',(3.61111864572608E-34,3.61111864572606E-34,-1.));
#2372=DIRECTION('',(-1.,-1.51394048812521E-17,4.03717463500057E-17));
#2373=DIRECTION('',(0.,-3.61111864572606E-34,1.));
#2374=DIRECTION('center_axis',(1.53329341668337E-17,0.707106781186548,0.707106781186548));
#2375=DIRECTION('ref_axis',(2.94392336003199E-17,-0.707106781186548,0.707106781186548));
#2376=DIRECTION('',(0.577350269189628,-0.577350269189625,0.577350269189625));
#2377=DIRECTION('',(-0.577350570301381,0.577350118633689,-0.577350118633689));
#2378=DIRECTION('',(1.,1.30104260698261E-17,-3.46944695195361E-17));
#2379=DIRECTION('center_axis',(1.53329341668337E-17,0.707106781186548,0.707106781186548));
#2380=DIRECTION('ref_axis',(2.94392336003199E-17,-0.707106781186548,0.707106781186548));
#2381=DIRECTION('',(0.577350269189628,0.577350269189625,-0.577350269189625));
#2382=DIRECTION('',(1.,1.30104260698261E-17,-3.46944695195361E-17));
#2383=DIRECTION('',(-0.577350570301381,-0.577350118633689,0.577350118633689));
#2384=DIRECTION('center_axis',(0.707106781186546,-0.707106781186549,0.));
#2385=DIRECTION('ref_axis',(0.,0.,-1.));
#2386=DIRECTION('',(0.,0.,1.));
#2387=DIRECTION('',(-0.577350269189628,-0.577350269189625,0.577350269189625));
#2388=DIRECTION('',(0.,0.,1.));
#2389=DIRECTION('',(0.707106781186549,0.707106781186546,-2.45326946669341E-17));
#2390=DIRECTION('center_axis',(-0.707106781186546,-0.707106781186549,0.));
#2391=DIRECTION('ref_axis',(0.,0.,1.));
#2392=DIRECTION('',(-0.707106781186549,0.707106781186546,2.45326946669341E-17));
#2393=DIRECTION('',(0.707106781186549,-0.707106781186546,-2.45326946669341E-17));
#2394=DIRECTION('',(0.,0.,-1.));
#2395=DIRECTION('',(-0.577350269189628,0.577350269189625,-0.577350269189625));
#2396=DIRECTION('',(0.,0.,-1.));
#2397=DIRECTION('',(0.,0.,-1.));
#2398=DIRECTION('center_axis',(0.,-1.,0.));
#2399=DIRECTION('ref_axis',(1.,0.,0.));
#2400=DIRECTION('',(-1.,0.,3.46944695195361E-17));
#2401=DIRECTION('',(0.,0.,1.));
#2402=DIRECTION('center_axis',(0.,-1.,0.));
#2403=DIRECTION('ref_axis',(1.,0.,0.));
#2404=DIRECTION('',(1.,0.,-3.46944695195361E-17));
#2405=DIRECTION('',(-1.,0.,0.));
#2406=DIRECTION('',(1.,0.,0.));
#2407=DIRECTION('',(0.,0.,1.));
#2408=DIRECTION('',(0.,0.,1.));
#2409=DIRECTION('center_axis',(0.,0.,1.));
#2410=DIRECTION('ref_axis',(0.,1.,0.));
#2411=DIRECTION('center_axis',(0.,0.,-1.));
#2412=DIRECTION('ref_axis',(0.,1.,0.));
#2413=DIRECTION('',(0.,0.,-1.));
#2414=DIRECTION('',(0.,0.,-1.));
#2415=DIRECTION('center_axis',(0.,1.,0.));
#2416=DIRECTION('ref_axis',(-1.,0.,0.));
#2417=DIRECTION('',(-1.,0.,0.));
#2418=DIRECTION('',(0.,0.,-1.));
#2419=DIRECTION('center_axis',(0.,0.,1.));
#2420=DIRECTION('ref_axis',(0.,-1.,0.));
#2421=DIRECTION('center_axis',(0.,0.,-1.));
#2422=DIRECTION('ref_axis',(0.,-1.,0.));
#2423=DIRECTION('',(0.,0.,-1.));
#2424=DIRECTION('center_axis',(0.,-1.,0.));
#2425=DIRECTION('ref_axis',(1.,0.,0.));
#2426=DIRECTION('',(1.,0.,0.));
#2427=DIRECTION('center_axis',(-1.,0.,0.));
#2428=DIRECTION('ref_axis',(0.,1.,0.));
#2429=DIRECTION('',(0.,0.,-1.));
#2430=DIRECTION('',(0.,1.,0.));
#2431=DIRECTION('center_axis',(0.,0.,1.));
#2432=DIRECTION('ref_axis',(1.,0.,0.));
#2433=DIRECTION('',(0.,-1.,0.));
#2434=DIRECTION('center_axis',(0.,0.,1.));
#2435=DIRECTION('ref_axis',(-1.,0.,0.));
#2436=DIRECTION('',(1.,-1.38777878078145E-16,0.));
#2437=DIRECTION('center_axis',(0.,0.,1.));
#2438=DIRECTION('ref_axis',(0.,1.,0.));
#2439=DIRECTION('center_axis',(1.,0.,0.));
#2440=DIRECTION('ref_axis',(0.,-1.,0.));
#2441=DIRECTION('',(0.,0.,-1.));
#2442=DIRECTION('center_axis',(0.,-0.707106781186548,-0.707106781186547));
#2443=DIRECTION('ref_axis',(-1.,0.,0.));
#2444=DIRECTION('',(1.,0.,0.));
#2445=DIRECTION('center_axis',(0.,1.,0.));
#2446=DIRECTION('ref_axis',(0.,0.,1.));
#2447=DIRECTION('center_axis',(0.,0.,-1.));
#2448=DIRECTION('ref_axis',(-1.,0.,0.));
#2449=DIRECTION('',(0.,0.,-1.));
#2450=DIRECTION('center_axis',(0.,0.,-1.));
#2451=DIRECTION('ref_axis',(0.,1.,0.));
#2452=DIRECTION('center_axis',(0.,0.,-1.));
#2453=DIRECTION('ref_axis',(6.66133814775093E-16,1.,0.));
#2454=DIRECTION('',(1.,0.,0.));
#2455=DIRECTION('center_axis',(0.,0.,-1.));
#2456=DIRECTION('ref_axis',(1.,5.32907051820072E-15,0.));
#2457=DIRECTION('',(1.,0.,0.));
#2458=DIRECTION('center_axis',(0.,-0.707109738494421,-0.707103823866305));
#2459=DIRECTION('ref_axis',(0.,0.707103823866305,-0.707109738494421));
#2460=DIRECTION('center_axis',(0.,-0.707109738494421,-0.707103823866305));
#2461=DIRECTION('ref_axis',(4.71025767634117E-16,0.707103823866305,-0.707109738494421));
#2462=DIRECTION('',(1.,0.,0.));
#2463=DIRECTION('center_axis',(0.,-0.707109738494421,-0.707103823866305));
#2464=DIRECTION('ref_axis',(-3.76820614107292E-15,0.707103823866305,-0.707109738494421));
#2465=DIRECTION('center_axis',(0.,0.,1.));
#2466=DIRECTION('ref_axis',(6.66133814775093E-16,1.,0.));
#2467=DIRECTION('',(0.,0.,1.));
#2468=DIRECTION('',(0.,0.,1.));
#2469=DIRECTION('center_axis',(0.70710922767525,0.,-0.70710433468938));
#2470=DIRECTION('ref_axis',(-0.70710433468938,4.71026107910641E-16,-0.70710922767525));
#2471=DIRECTION('',(0.,0.,1.));
#2472=DIRECTION('center_axis',(0.707106504597685,0.,0.707107057775302));
#2473=DIRECTION('ref_axis',(-0.707107057775302,4.71027921850254E-16,0.707106504597685));
#2474=DIRECTION('center_axis',(0.,0.,1.));
#2475=DIRECTION('ref_axis',(6.66133814775093E-16,1.,0.));
#2476=DIRECTION('',(0.,0.,1.));
#2477=DIRECTION('',(0.,0.,1.));
#2478=DIRECTION('center_axis',(0.,0.,1.));
#2479=DIRECTION('ref_axis',(6.66133814775093E-16,1.,0.));
#2480=DIRECTION('center_axis',(0.,-0.707106781186545,0.70710678118655));
#2481=DIRECTION('ref_axis',(4.71027737605133E-16,0.70710678118655,0.707106781186545));
#2482=DIRECTION('',(0.,0.,-1.));
#2483=DIRECTION('center_axis',(0.,1.,0.));
#2484=DIRECTION('ref_axis',(-1.,0.,0.));
#2485=DIRECTION('',(0.,0.,1.));
#2486=DIRECTION('center_axis',(0.,1.,0.));
#2487=DIRECTION('ref_axis',(-1.,0.,0.));
#2488=DIRECTION('',(-1.,0.,0.));
#2489=DIRECTION('',(0.,0.,1.));
#2490=DIRECTION('center_axis',(0.,0.,1.));
#2491=DIRECTION('ref_axis',(1.,5.32907051820072E-15,0.));
#2492=DIRECTION('',(0.,0.,1.));
#2493=DIRECTION('center_axis',(0.,-0.707106781186545,0.70710678118655));
#2494=DIRECTION('ref_axis',(-3.76822190084105E-15,0.70710678118655,0.707106781186545));
#2495=DIRECTION('center_axis',(0.,0.,1.));
#2496=DIRECTION('ref_axis',(1.,5.32907051820072E-15,0.));
#2497=DIRECTION('',(0.,0.,1.));
#2498=DIRECTION('center_axis',(0.,0.,1.));
#2499=DIRECTION('ref_axis',(1.,5.32907051820072E-15,0.));
#2500=DIRECTION('center_axis',(-0.707106504597685,0.,0.707107057775302));
#2501=DIRECTION('ref_axis',(0.707107057775302,3.76822337480202E-15,0.707106504597685));
#2502=DIRECTION('',(0.,0.,-1.));
#2503=DIRECTION('center_axis',(-0.707100393318807,0.,-0.707113168996582));
#2504=DIRECTION('ref_axis',(0.707113168996582,3.76825594193117E-15,-0.707100393318807));
#2505=DIRECTION('center_axis',(0.,0.,-1.));
#2506=DIRECTION('ref_axis',(1.,5.32907051820072E-15,0.));
#2507=DIRECTION('',(0.,0.,1.));
#2508=DIRECTION('center_axis',(0.,-1.,0.));
#2509=DIRECTION('ref_axis',(0.,0.,1.));
#2510=DIRECTION('',(-1.,0.,0.));
#2511=DIRECTION('center_axis',(0.,-0.707106781186545,0.70710678118655));
#2512=DIRECTION('ref_axis',(0.,0.70710678118655,0.707106781186545));
#2513=DIRECTION('',(-1.,0.,0.));
#2514=DIRECTION('center_axis',(0.,0.,1.));
#2515=DIRECTION('ref_axis',(0.,1.,0.));
#2516=DIRECTION('center_axis',(0.70710922767525,0.,-0.70710433468938));
#2517=DIRECTION('ref_axis',(-0.70710433468938,0.,-0.70710922767525));
#2518=DIRECTION('',(0.,1.,0.));
#2519=DIRECTION('center_axis',(-0.707100393318807,0.,-0.707113168996582));
#2520=DIRECTION('ref_axis',(-0.707113168996582,0.,0.707100393318807));
#2521=DIRECTION('',(0.,1.,0.));
#2522=DIRECTION('',(0.,1.,0.));
#2523=DIRECTION('center_axis',(0.,0.,-1.));
#2524=DIRECTION('ref_axis',(-1.,0.,0.));
#2525=DIRECTION('',(0.,-1.,0.));
#2526=DIRECTION('center_axis',(-1.,-2.06990730163454E-16,0.));
#2527=DIRECTION('ref_axis',(2.06990730163454E-16,-1.,0.));
#2528=DIRECTION('center_axis',(1.,0.,0.));
#2529=DIRECTION('ref_axis',(0.,0.,-1.));
#2530=DIRECTION('',(0.,1.,0.));
#2531=DIRECTION('center_axis',(0.707106504597685,0.,0.707107057775302));
#2532=DIRECTION('ref_axis',(0.707107057775302,0.,-0.707106504597685));
#2533=DIRECTION('',(0.,1.,0.));
#2534=DIRECTION('center_axis',(0.,0.,1.));
#2535=DIRECTION('ref_axis',(1.,0.,0.));
#2536=DIRECTION('',(2.06990730163454E-16,-1.,0.));
#2537=DIRECTION('center_axis',(0.,0.,1.));
#2538=DIRECTION('ref_axis',(1.,0.,0.));
#2539=DIRECTION('',(0.,1.,0.));
#2540=DIRECTION('',(0.,1.,0.));
#2541=DIRECTION('center_axis',(-0.707106504597685,0.,0.707107057775302));
#2542=DIRECTION('ref_axis',(0.707107057775302,0.,0.707106504597685));
#2543=DIRECTION('',(0.,1.,0.));
#2544=DIRECTION('center_axis',(-1.,0.,0.));
#2545=DIRECTION('ref_axis',(0.,0.,1.));
#2546=DIRECTION('center_axis',(-1.,-2.06990730163454E-16,0.));
#2547=DIRECTION('ref_axis',(2.06990730163454E-16,-1.,0.));
#2548=DIRECTION('center_axis',(1.,0.,0.));
#2549=DIRECTION('ref_axis',(0.,1.,0.));
#2550=DIRECTION('center_axis',(1.,0.,0.));
#2551=DIRECTION('ref_axis',(0.,1.,0.));
#2552=DIRECTION('center_axis',(0.,0.,-1.));
#2553=DIRECTION('ref_axis',(0.,1.,0.));
#2554=DIRECTION('',(0.,0.,-1.));
#2555=DIRECTION('center_axis',(-1.38777878078145E-16,-1.,0.));
#2556=DIRECTION('ref_axis',(-1.,1.38777878078145E-16,0.));
#2557=DIRECTION('center_axis',(0.,-1.,0.));
#2558=DIRECTION('ref_axis',(-1.,0.,0.));
#2559=DIRECTION('',(-1.,0.,0.));
#2560=DIRECTION('',(0.,0.,-1.));
#2561=DIRECTION('',(-1.,0.,0.));
#2562=DIRECTION('',(0.,0.,-1.));
#2563=DIRECTION('center_axis',(-1.,0.,0.));
#2564=DIRECTION('ref_axis',(0.,1.,0.));
#2565=DIRECTION('',(0.,1.,0.));
#2566=DIRECTION('',(0.,1.,0.));
#2567=DIRECTION('',(0.,0.,-1.));
#2568=DIRECTION('center_axis',(0.,1.,0.));
#2569=DIRECTION('ref_axis',(1.,0.,0.));
#2570=DIRECTION('',(1.,0.,0.));
#2571=DIRECTION('',(1.,0.,0.));
#2572=DIRECTION('',(0.,0.,-1.));
#2573=DIRECTION('center_axis',(1.,0.,0.));
#2574=DIRECTION('ref_axis',(0.,-1.,0.));
#2575=DIRECTION('',(0.,-1.,0.));
#2576=DIRECTION('',(0.,-1.,0.));
#2577=DIRECTION('center_axis',(0.,1.,0.));
#2578=DIRECTION('ref_axis',(1.,0.,0.));
#2579=DIRECTION('',(1.,0.,0.));
#2580=DIRECTION('',(0.,0.,-1.));
#2581=DIRECTION('',(1.,0.,0.));
#2582=DIRECTION('',(0.,0.,-1.));
#2583=DIRECTION('center_axis',(-1.,0.,0.));
#2584=DIRECTION('ref_axis',(0.,1.,0.));
#2585=DIRECTION('',(0.,1.,0.));
#2586=DIRECTION('',(0.,1.,0.));
#2587=DIRECTION('',(0.,0.,-1.));
#2588=DIRECTION('center_axis',(0.,-1.,0.));
#2589=DIRECTION('ref_axis',(-1.,0.,0.));
#2590=DIRECTION('',(-1.,0.,0.));
#2591=DIRECTION('',(-1.,0.,0.));
#2592=DIRECTION('',(0.,0.,-1.));
#2593=DIRECTION('center_axis',(1.,0.,0.));
#2594=DIRECTION('ref_axis',(0.,-1.,0.));
#2595=DIRECTION('',(0.,-1.,0.));
#2596=DIRECTION('',(0.,-1.,0.));
#2597=DIRECTION('',(0.,0.,-1.));
#2598=DIRECTION('center_axis',(0.,-1.,0.));
#2599=DIRECTION('ref_axis',(-1.,0.,0.));
#2600=DIRECTION('',(-1.,0.,0.));
#2601=DIRECTION('',(-1.,0.,0.));
#2602=DIRECTION('',(0.,0.,-1.));
#2603=DIRECTION('center_axis',(-1.,0.,0.));
#2604=DIRECTION('ref_axis',(0.,1.,0.));
#2605=DIRECTION('',(0.,1.,0.));
#2606=DIRECTION('',(0.,1.,0.));
#2607=DIRECTION('',(0.,0.,-1.));
#2608=DIRECTION('center_axis',(0.,-1.,0.));
#2609=DIRECTION('ref_axis',(-1.,0.,0.));
#2610=DIRECTION('',(-1.,0.,0.));
#2611=DIRECTION('',(-1.,0.,0.));
#2612=DIRECTION('',(0.,0.,-1.));
#2613=DIRECTION('center_axis',(1.,0.,0.));
#2614=DIRECTION('ref_axis',(0.,-1.,0.));
#2615=DIRECTION('',(0.,-1.,0.));
#2616=DIRECTION('',(0.,-1.,0.));
#2617=DIRECTION('center_axis',(0.,0.,1.));
#2618=DIRECTION('ref_axis',(-1.,0.,0.));
#2619=DIRECTION('center_axis',(0.,0.,-1.));
#2620=DIRECTION('ref_axis',(-1.,0.,0.));
#2621=DIRECTION('center_axis',(1.,0.,0.));
#2622=DIRECTION('ref_axis',(0.,-1.,0.));
#2623=DIRECTION('',(0.,-1.,0.));
#2624=DIRECTION('',(0.,0.,-1.));
#2625=DIRECTION('',(0.,-1.,0.));
#2626=DIRECTION('',(0.,0.,-1.));
#2627=DIRECTION('center_axis',(0.,1.,0.));
#2628=DIRECTION('ref_axis',(1.,0.,0.));
#2629=DIRECTION('',(1.,0.,0.));
#2630=DIRECTION('',(1.,0.,0.));
#2631=DIRECTION('',(0.,0.,-1.));
#2632=DIRECTION('center_axis',(1.,0.,0.));
#2633=DIRECTION('ref_axis',(0.,-1.,0.));
#2634=DIRECTION('',(0.,-1.,0.));
#2635=DIRECTION('',(0.,-1.,0.));
#2636=DIRECTION('',(0.,0.,-1.));
#2637=DIRECTION('center_axis',(0.,1.,0.));
#2638=DIRECTION('ref_axis',(1.,0.,0.));
#2639=DIRECTION('',(1.,0.,0.));
#2640=DIRECTION('',(1.,0.,0.));
#2641=DIRECTION('',(0.,0.,-1.));
#2642=DIRECTION('center_axis',(-1.,0.,0.));
#2643=DIRECTION('ref_axis',(0.,1.,0.));
#2644=DIRECTION('',(0.,1.,0.));
#2645=DIRECTION('',(0.,1.,0.));
#2646=DIRECTION('',(0.,0.,-1.));
#2647=DIRECTION('center_axis',(0.,-1.,0.));
#2648=DIRECTION('ref_axis',(-1.,0.,0.));
#2649=DIRECTION('',(-1.,0.,0.));
#2650=DIRECTION('',(-1.,0.,0.));
#2651=DIRECTION('center_axis',(0.,0.,1.));
#2652=DIRECTION('ref_axis',(-1.,0.,0.));
#2653=DIRECTION('center_axis',(0.,0.,-1.));
#2654=DIRECTION('ref_axis',(-1.,0.,0.));
#2655=DIRECTION('',(0.,0.,1.));
#2656=DIRECTION('',(1.,0.,0.));
#2657=CARTESIAN_POINT('',(0.,0.,0.));
#2658=CARTESIAN_POINT('',(0.,0.,0.));
#2659=CARTESIAN_POINT('Origin',(2.3479431622868,23.4871074267629,5.01187481802991));
#2660=CARTESIAN_POINT('',(1.92069126967224,23.9434267773524,4.51187481802991));
#2661=CARTESIAN_POINT('',(2.49991923501181,24.3490065650251,5.01187481802991));
#2662=CARTESIAN_POINT('',(3.69872580919546,25.1884199651238,6.04670621941163));
#2663=CARTESIAN_POINT('',(2.61528398033995,27.8826577894013,4.51187481802991));
#2664=CARTESIAN_POINT('',(1.6816209617587,22.587591686472,4.51187481802991));
#2665=CARTESIAN_POINT('',(3.0208637680126,27.3034298240617,5.01187481802991));
#2666=CARTESIAN_POINT('',(6.42386462509756,22.4434409330741,9.2071046599959));
#2667=CARTESIAN_POINT('',(3.5132676445187,27.2166057352282,5.51187481802991));
#2668=CARTESIAN_POINT('',(9.77270572266429,26.1128979179772,11.8678748180299));
#2669=CARTESIAN_POINT('',(2.9923231115179,24.2621824761916,5.51187481802991));
#2670=CARTESIAN_POINT('',(2.84034703879291,23.4002833379294,5.51187481802991));
#2671=CARTESIAN_POINT('',(2.25371729675875,24.3924186094418,4.76187481802991));
#2672=CARTESIAN_POINT('Origin',(30.5206354631255,22.4544781108903,4.51187481802991));
#2673=CARTESIAN_POINT('',(30.5206354631255,22.4544781108903,5.01187481802991));
#2674=CARTESIAN_POINT('',(24.4859144914376,23.5185622392461,5.01187481802991));
#2675=CARTESIAN_POINT('',(30.5206354631255,22.4544781108903,5.51187481802991));
#2676=CARTESIAN_POINT('',(30.5206354631255,22.4544781108903,4.51187481802991));
#2677=CARTESIAN_POINT('',(2.52845989150649,27.3902539128952,5.51187481802991));
#2678=CARTESIAN_POINT('Origin',(24.5293265358544,23.7647641774992,4.76187481802991));
#2679=CARTESIAN_POINT('',(30.607459551959,22.9468819873964,4.51187481802991));
#2680=CARTESIAN_POINT('',(24.5727385802711,24.0109661157522,4.51187481802991));
#2681=CARTESIAN_POINT('',(30.5206354631255,22.4544781108903,5.01187481802991));
#2682=CARTESIAN_POINT('Origin',(32.2500004768372,13.2386610430595,4.76187481802991));
#2683=CARTESIAN_POINT('',(32.5000004768372,6.50000017136335,4.51187481802991));
#2684=CARTESIAN_POINT('',(32.0000004768372,9.00000017136335,5.01187481802991));
#2685=CARTESIAN_POINT('',(31.4571384993988,11.7143100585553,5.5547367954683));
#2686=CARTESIAN_POINT('',(32.0000004768372,17.5000002607703,5.01187481802991));
#2687=CARTESIAN_POINT('',(32.0000004768372,13.2386610430595,5.01187481802991));
#2688=CARTESIAN_POINT('',(32.5000004768372,17.5000002607703,4.51187481802991));
#2689=CARTESIAN_POINT('',(32.0000004768372,17.5000002607703,5.01187481802991));
#2690=CARTESIAN_POINT('',(32.5000004768372,13.2386610430595,4.51187481802991));
#2691=CARTESIAN_POINT('Ctrl Pts',(32.5000004768372,17.5000002607703,4.51187481802991));
#2692=CARTESIAN_POINT('Ctrl Pts',(32.5000004768372,18.2977228712774,4.51187481802991));
#2693=CARTESIAN_POINT('Ctrl Pts',(32.6492616681707,19.4899962314263,4.51187481802991));
#2694=CARTESIAN_POINT('Ctrl Pts',(32.5959529747255,20.9959568164057,4.51187481802991));
#2695=CARTESIAN_POINT('Ctrl Pts',(32.3513643802282,21.8778535924995,4.51187481802991));
#2696=CARTESIAN_POINT('Ctrl Pts',(31.6913078383689,22.6330356558448,4.51187481802991));
#2697=CARTESIAN_POINT('Ctrl Pts',(30.9976683185667,22.8780776537345,4.51187481802991));
#2698=CARTESIAN_POINT('Ctrl Pts',(30.6074595519589,22.9468819873965,4.51187481802991));
#2699=CARTESIAN_POINT('Ctrl Pts',(32.3333338101705,17.5000002607703,4.67854148469658));
#2700=CARTESIAN_POINT('Ctrl Pts',(32.3333338101705,18.3079282670759,4.67854148469658));
#2701=CARTESIAN_POINT('Ctrl Pts',(32.4817405807545,19.5095952294566,4.67854148469658));
#2702=CARTESIAN_POINT('Ctrl Pts',(32.4288196274251,20.9750579316092,4.67854148469658));
#2703=CARTESIAN_POINT('Ctrl Pts',(32.1952951017979,21.8008914302109,4.67854148469658));
#2704=CARTESIAN_POINT('Ctrl Pts',(31.5976912521555,22.4849490995848,4.67854148469658));
#2705=CARTESIAN_POINT('Ctrl Pts',(30.9519385844042,22.7169032710404,4.67854148469658));
#2706=CARTESIAN_POINT('Ctrl Pts',(30.5785181890144,22.7827473618944,4.67854148469658));
#2707=CARTESIAN_POINT('Ctrl Pts',(32.1666671435038,17.5000002607703,4.84520815136325));
#2708=CARTESIAN_POINT('Ctrl Pts',(32.1666671435038,18.3181336628743,4.84520815136325));
#2709=CARTESIAN_POINT('Ctrl Pts',(32.3142194933383,19.5291942274869,4.84520815136324));
#2710=CARTESIAN_POINT('Ctrl Pts',(32.2616862801248,20.9541590468127,4.84520815136324));
#2711=CARTESIAN_POINT('Ctrl Pts',(32.0392258233675,21.7239292679222,4.84520815136324));
#2712=CARTESIAN_POINT('Ctrl Pts',(31.504074665942,22.3368625433248,4.84520815136325));
#2713=CARTESIAN_POINT('Ctrl Pts',(30.9062088502416,22.5557288883463,4.84520815136325));
#2714=CARTESIAN_POINT('Ctrl Pts',(30.5495768260699,22.6186127363924,4.84520815136325));
#2715=CARTESIAN_POINT('Ctrl Pts',(32.0000004768372,17.5000002607703,5.01187481802991));
#2716=CARTESIAN_POINT('Ctrl Pts',(32.0000004768372,18.3283390586728,5.01187481802991));
#2717=CARTESIAN_POINT('Ctrl Pts',(32.1466984059221,19.5487932255172,5.01187481802991));
#2718=CARTESIAN_POINT('Ctrl Pts',(32.0945529328244,20.9332601620162,5.01187481802991));
#2719=CARTESIAN_POINT('Ctrl Pts',(31.8831565449372,21.6469671056335,5.01187481802991));
#2720=CARTESIAN_POINT('Ctrl Pts',(31.4104580797286,22.1887759870648,5.01187481802991));
#2721=CARTESIAN_POINT('Ctrl Pts',(30.860479116079,22.3945545056521,5.01187481802991));
#2722=CARTESIAN_POINT('Ctrl Pts',(30.5206354631255,22.4544781108904,5.01187481802991));
#2723=CARTESIAN_POINT('Ctrl Pts',(30.6074595519589,22.9468819873965,4.51187481802991));
#2724=CARTESIAN_POINT('Ctrl Pts',(30.9976683185667,22.8780776537345,4.51187481802991));
#2725=CARTESIAN_POINT('Ctrl Pts',(31.6913078383689,22.6330356558448,4.51187481802991));
#2726=CARTESIAN_POINT('Ctrl Pts',(32.3513643802282,21.8778535924995,4.51187481802991));
#2727=CARTESIAN_POINT('Ctrl Pts',(32.5959529747255,20.9959568164057,4.51187481802991));
#2728=CARTESIAN_POINT('Ctrl Pts',(32.6492616681707,19.4899962314263,4.51187481802991));
#2729=CARTESIAN_POINT('Ctrl Pts',(32.5000004768372,18.2977228712774,4.51187481802991));
#2730=CARTESIAN_POINT('Ctrl Pts',(32.5000004768372,17.5000002607703,4.51187481802991));
#2731=CARTESIAN_POINT('Ctrl Pts',(32.0000004768372,17.5000002607703,5.01187481802991));
#2732=CARTESIAN_POINT('Ctrl Pts',(32.0000004768372,18.3283390586728,5.01187481802991));
#2733=CARTESIAN_POINT('Ctrl Pts',(32.1466984059221,19.5487932255172,5.01187481802991));
#2734=CARTESIAN_POINT('Ctrl Pts',(32.0945529328244,20.9332601620162,5.01187481802991));
#2735=CARTESIAN_POINT('Ctrl Pts',(31.8831565449372,21.6469671056335,5.01187481802991));
#2736=CARTESIAN_POINT('Ctrl Pts',(31.4104580797286,22.1887759870648,5.01187481802991));
#2737=CARTESIAN_POINT('Ctrl Pts',(30.860479116079,22.3945545056521,5.01187481802991));
#2738=CARTESIAN_POINT('Ctrl Pts',(30.5206354631255,22.4544781108904,5.01187481802991));
#2739=CARTESIAN_POINT('Ctrl Pts',(32.0000004768372,17.5000002607703,4.51187481802991));
#2740=CARTESIAN_POINT('Ctrl Pts',(32.0000004768372,17.5000002607703,5.51187481802991));
#2741=CARTESIAN_POINT('Ctrl Pts',(32.0000004768372,17.731935124183,4.51187481802991));
#2742=CARTESIAN_POINT('Ctrl Pts',(32.0000004768372,17.731935124183,5.51187481802991));
#2743=CARTESIAN_POINT('Ctrl Pts',(32.0099418225756,18.2041137169701,4.51187481802991));
#2744=CARTESIAN_POINT('Ctrl Pts',(32.0099418225756,18.2041137169701,5.51187481802991));
#2745=CARTESIAN_POINT('Ctrl Pts',(32.0546251530684,18.9372684978559,4.51187481802991));
#2746=CARTESIAN_POINT('Ctrl Pts',(32.0546251530684,18.9372684978559,5.51187481802991));
#2747=CARTESIAN_POINT('Ctrl Pts',(32.1431186880403,19.942757706332,4.51187481802991));
#2748=CARTESIAN_POINT('Ctrl Pts',(32.1431186880403,19.942757706332,5.51187481802991));
#2749=CARTESIAN_POINT('Ctrl Pts',(32.1272025083073,21.1247715504778,4.51187481802991));
#2750=CARTESIAN_POINT('Ctrl Pts',(32.1272025083073,21.1247715504778,5.51187481802991));
#2751=CARTESIAN_POINT('Ctrl Pts',(31.8191008488466,21.8779693079068,4.51187481802991));
#2752=CARTESIAN_POINT('Ctrl Pts',(31.8191008488466,21.8779693079068,5.51187481802991));
#2753=CARTESIAN_POINT('Ctrl Pts',(31.3016671194649,22.2535369806156,4.51187481802991));
#2754=CARTESIAN_POINT('Ctrl Pts',(31.3016671194649,22.2535369806156,5.51187481802991));
#2755=CARTESIAN_POINT('Ctrl Pts',(30.8061041316065,22.4041422824902,4.51187481802991));
#2756=CARTESIAN_POINT('Ctrl Pts',(30.8061041316065,22.4041422824902,5.51187481802991));
#2757=CARTESIAN_POINT('Ctrl Pts',(30.5206354631255,22.4544781108903,4.51187481802991));
#2758=CARTESIAN_POINT('Ctrl Pts',(30.5206354631255,22.4544781108903,5.51187481802991));
#2759=CARTESIAN_POINT('',(32.0000004768372,17.5000002607703,5.51187481802991));
#2760=CARTESIAN_POINT('',(32.0000004768372,17.5000002607703,4.51187481802991));
#2761=CARTESIAN_POINT('Ctrl Pts',(32.0000004768372,17.5000002607703,5.51187481802991));
#2762=CARTESIAN_POINT('Ctrl Pts',(32.0000004768372,17.731935124183,5.51187481802991));
#2763=CARTESIAN_POINT('Ctrl Pts',(32.0099418225756,18.2041137169701,5.51187481802991));
#2764=CARTESIAN_POINT('Ctrl Pts',(32.0546251530684,18.9372684978559,5.51187481802991));
#2765=CARTESIAN_POINT('Ctrl Pts',(32.1431186880403,19.942757706332,5.51187481802991));
#2766=CARTESIAN_POINT('Ctrl Pts',(32.1272025083073,21.1247715504778,5.51187481802991));
#2767=CARTESIAN_POINT('Ctrl Pts',(31.8191008488466,21.8779693079068,5.51187481802991));
#2768=CARTESIAN_POINT('Ctrl Pts',(31.3016671194649,22.2535369806156,5.51187481802991));
#2769=CARTESIAN_POINT('Ctrl Pts',(30.8061041316065,22.4041422824902,5.51187481802991));
#2770=CARTESIAN_POINT('Ctrl Pts',(30.5206354631255,22.4544781108903,5.51187481802991));
#2771=CARTESIAN_POINT('Origin',(32.0000004768372,11.5000001713634,4.51187481802991));
#2772=CARTESIAN_POINT('',(32.0000004768372,11.5000001713634,5.51187481802991));
#2773=CARTESIAN_POINT('',(32.0000004768372,10.1538463252095,5.24264404879914));
#2774=CARTESIAN_POINT('',(32.0000004768372,17.5000002607703,5.51187481802991));
#2775=CARTESIAN_POINT('Origin',(9.92547012821062,22.7858249429589,4.76187481802991));
#2776=CARTESIAN_POINT('',(28.9670606691185,19.6821354279651,5.01187481802991));
#2777=CARTESIAN_POINT('',(9.96888217262735,23.0320268812119,5.01187481802991));
#2778=CARTESIAN_POINT('',(28.880236580285,19.189731551459,4.51187481802991));
#2779=CARTESIAN_POINT('',(28.9670606691185,19.6821354279651,5.01187481802991));
#2780=CARTESIAN_POINT('',(9.88205808379389,22.5396230047058,4.51187481802991));
#2781=CARTESIAN_POINT('Origin',(28.7500004470348,18.4511257366999,4.76187481802991));
#2782=CARTESIAN_POINT('',(30.0000004470348,18.4511257366999,5.01187481802991));
#2783=CARTESIAN_POINT('',(29.5000004470348,18.4511257366999,4.51187481802991));
#2784=CARTESIAN_POINT('',(29.7500004470348,18.4511257366999,4.76187481802991));
#2785=CARTESIAN_POINT('Origin',(28.7500004470348,18.4511257366999,4.51187481802991));
#2786=CARTESIAN_POINT('Origin',(28.7500004470348,18.4511257366999,5.01187481802991));
#2787=CARTESIAN_POINT('Origin',(16.7575156602542,14.9773219147556,4.51187481802991));
#2788=CARTESIAN_POINT('',(28.8825159620027,-1.02267831621243,4.51187481802991));
#2789=CARTESIAN_POINT('',(21.8825159620027,-1.02267831621243,4.51187481802991));
#2790=CARTESIAN_POINT('',(21.0700158111285,-1.02267831621243,4.51187481802991));
#2791=CARTESIAN_POINT('',(21.3825159620027,-1.52267831621243,4.51187481802991));
#2792=CARTESIAN_POINT('',(24.3512659443076,1.44607166609242,4.51187481802991));
#2793=CARTESIAN_POINT('',(-0.492484641494297,-1.52267831621243,4.51187481802991));
#2794=CARTESIAN_POINT('',(-0.492484641494297,-1.52267831621243,4.51187481802991));
#2795=CARTESIAN_POINT('',(-0.492484641494303,28.4773221457236,4.51187481802991));
#2796=CARTESIAN_POINT('',(-0.492484641494303,28.4773221457236,4.51187481802991));
#2797=CARTESIAN_POINT('',(2.0075153585057,30.9773221457236,4.51187481802991));
#2798=CARTESIAN_POINT('Origin',(2.0075153585057,28.4773221457236,4.51187481802991));
#2799=CARTESIAN_POINT('',(31.5075159620027,30.9773221457236,4.51187481802991));
#2800=CARTESIAN_POINT('',(31.5075159620027,30.9773221457236,4.51187481802991));
#2801=CARTESIAN_POINT('',(34.0075159620027,28.4773221457236,4.51187481802991));
#2802=CARTESIAN_POINT('Origin',(31.5075159620027,28.4773221457235,4.51187481802991));
#2803=CARTESIAN_POINT('',(34.0075159620027,-1.52267831621243,4.51187481802991));
#2804=CARTESIAN_POINT('',(34.0075159620027,-1.02267831621243,4.51187481802991));
#2805=CARTESIAN_POINT('',(29.3825159620027,-1.52267831621243,4.51187481802991));
#2806=CARTESIAN_POINT('',(-0.492484641494297,-1.52267831621243,4.51187481802991));
#2807=CARTESIAN_POINT('',(22.1012658288236,5.75857181696667,4.51187481802991));
#2808=CARTESIAN_POINT('',(9.49999977201223,18.4511257366999,4.51187481802991));
#2809=CARTESIAN_POINT('',(23.3787580536445,18.4511257366999,4.51187481802991));
#2810=CARTESIAN_POINT('',(9.49999977201223,-0.522678316212443,4.51187481802991));
#2811=CARTESIAN_POINT('',(9.49999977201223,7.28866096184813,4.51187481802991));
#2812=CARTESIAN_POINT('',(29.6999993517995,-0.522678316212443,4.51187481802991));
#2813=CARTESIAN_POINT('',(18.17875761108,-0.522678316212444,4.51187481802991));
#2814=CARTESIAN_POINT('',(29.6999993517995,6.50000017136336,4.51187481802991));
#2815=CARTESIAN_POINT('',(29.6999993517995,7.28866096184813,4.51187481802991));
#2816=CARTESIAN_POINT('',(23.3787580536445,6.50000017136336,4.51187481802991));
#2817=CARTESIAN_POINT('',(8.87625351240916,15.8473216912381,4.51187481802991));
#2818=CARTESIAN_POINT('',(3.81877720460225,15.8473216912381,4.51187481802991));
#2819=CARTESIAN_POINT('',(12.8168845863317,15.8473216912381,4.51187481802991));
#2820=CARTESIAN_POINT('',(3.81877720460225,0.847321691238145,4.51187481802991));
#2821=CARTESIAN_POINT('',(3.81877720460225,15.4123218029969,4.51187481802991));
#2822=CARTESIAN_POINT('',(5.3475153585057,-0.681416462665308,4.51187481802991));
#2823=CARTESIAN_POINT('Origin',(5.3475153585057,0.847321691238146,4.51187481802991));
#2824=CARTESIAN_POINT('',(7.3475153585057,-0.681416462665308,4.51187481802991));
#2825=CARTESIAN_POINT('',(11.05251550938,-0.681416462665309,4.51187481802991));
#2826=CARTESIAN_POINT('',(8.87625351240916,0.847321691238145,4.51187481802991));
#2827=CARTESIAN_POINT('Origin',(7.3475153585057,0.847321691238146,4.51187481802991));
#2828=CARTESIAN_POINT('',(8.87625351240915,7.91232180299685,4.51187481802991));
#2829=CARTESIAN_POINT('Origin',(30.0000004470348,18.4511257366999,5.51187481802991));
#2830=CARTESIAN_POINT('',(30.0000004470348,18.4511257366999,5.51187481802991));
#2831=CARTESIAN_POINT('',(30.0000004470348,18.4511257366999,4.51187481802991));
#2832=CARTESIAN_POINT('',(9.99999977201223,18.4511257366999,5.51187481802991));
#2833=CARTESIAN_POINT('',(30.0000004470348,18.4511257366999,5.51187481802991));
#2834=CARTESIAN_POINT('',(11.8749998395145,18.4511257366999,9.26187495303443));
#2835=CARTESIAN_POINT('Origin',(9.74999977201223,12.9193301292567,5.01187481802991));
#2836=CARTESIAN_POINT('',(9.99999977201223,-0.522678316212444,5.51187481802991));
#2837=CARTESIAN_POINT('',(9.99999977201223,12.9193301292567,5.51187481802991));
#2838=CARTESIAN_POINT('',(10.7049997510016,-0.522678316212443,6.92187477600864));
#2839=CARTESIAN_POINT('Origin',(23.3787580536445,9.00000017136335,5.01187481802991));
#2840=CARTESIAN_POINT('',(29.1999993517995,11.5000001713634,5.51187481802991));
#2841=CARTESIAN_POINT('',(32.0000004768372,11.5000001713634,5.51187481802991));
#2842=CARTESIAN_POINT('',(29.8165235953841,5.3347577355175,4.27882633086074));
#2843=CARTESIAN_POINT('Origin',(28.7500004470348,18.4511257366999,4.51187481802991));
#2844=CARTESIAN_POINT('',(28.9670606691185,19.6821354279651,5.51187481802991));
#2845=CARTESIAN_POINT('',(28.9670606691185,19.6821354279651,4.51187481802991));
#2846=CARTESIAN_POINT('Origin',(28.7500004470348,18.4511257366999,5.51187481802991));
#2847=CARTESIAN_POINT('Origin',(2.0075153585057,24.4358306538585,4.51187481802991));
#2848=CARTESIAN_POINT('',(28.9670606691185,19.6821354279651,5.51187481802991));
#2849=CARTESIAN_POINT('Origin',(31.000000461936,14.5000002160668,5.51187481802991));
#2850=CARTESIAN_POINT('',(29.1999993517995,-0.522678316212444,5.51187481802991));
#2851=CARTESIAN_POINT('',(29.1999993517995,3.95799116561059,5.51187481802991));
#2852=CARTESIAN_POINT('',(9.49999977201223,-0.522678316212444,5.51187481802991));
#2853=CARTESIAN_POINT('Origin',(11.41751550938,15.9973216912381,5.86187481802991));
#2854=CARTESIAN_POINT('',(3.51877720460225,16.1473216912381,6.01187481802991));
#2855=CARTESIAN_POINT('',(3.81877720460225,15.8473216912381,5.71187481802991));
#2856=CARTESIAN_POINT('',(5.05773357010542,14.608365325735,4.47291845252674));
#2857=CARTESIAN_POINT('',(4.2275153585057,15.8473216912381,5.71187481802991));
#2858=CARTESIAN_POINT('',(11.41751550938,15.8473216912381,5.71187481802991));
#2859=CARTESIAN_POINT('',(4.5275153585057,16.1473216912381,6.01187481802991));
#2860=CARTESIAN_POINT('',(4.2033487356112,15.8231550683436,5.68770819513541));
#2861=CARTESIAN_POINT('',(11.41751550938,16.1473216912381,6.01187481802991));
#2862=CARTESIAN_POINT('Origin',(6.0775153585057,15.8473216912381,6.01187481802991));
#2863=CARTESIAN_POINT('',(8.87625351240916,15.8473216912381,5.71187481802991));
#2864=CARTESIAN_POINT('',(8.87625351240916,15.8473216912381,4.51187481802991));
#2865=CARTESIAN_POINT('',(8.4675153585057,15.8473216912381,5.71187481802991));
#2866=CARTESIAN_POINT('',(11.41751550938,15.8473216912381,5.71187481802991));
#2867=CARTESIAN_POINT('',(8.4675153585057,15.8473216912381,5.16187481802991));
#2868=CARTESIAN_POINT('',(8.4675153585057,15.8473216912381,6.01187481802991));
#2869=CARTESIAN_POINT('',(4.2275153585057,15.8473216912381,5.16187481802991));
#2870=CARTESIAN_POINT('',(6.7125153585057,15.8473216912381,5.16187481802991));
#2871=CARTESIAN_POINT('',(4.2275153585057,15.8473216912381,6.01187481802991));
#2872=CARTESIAN_POINT('',(3.81877720460225,15.8473216912381,4.51187481802991));
#2873=CARTESIAN_POINT('Origin',(8.3175153585057,10.9123218029969,5.86187481802991));
#2874=CARTESIAN_POINT('',(8.1675153585057,16.1473216912381,6.01187481802991));
#2875=CARTESIAN_POINT('',(8.1675153585057,0.847321691238145,6.01187481802991));
#2876=CARTESIAN_POINT('',(8.1675153585057,10.9123218029969,6.01187481802991));
#2877=CARTESIAN_POINT('',(8.4675153585057,0.847321691238146,5.71187481802991));
#2878=CARTESIAN_POINT('',(8.1675153585057,0.847321691238145,6.01187481802991));
#2879=CARTESIAN_POINT('',(8.4675153585057,10.9123218029969,5.71187481802991));
#2880=CARTESIAN_POINT('',(8.4675153585057,15.8473216912381,5.71187481802991));
#2881=CARTESIAN_POINT('Origin',(11.41751550938,15.9973216912381,5.86187481802991));
#2882=CARTESIAN_POINT('',(9.17625351240915,16.1473216912381,6.01187481802991));
#2883=CARTESIAN_POINT('',(8.87625351240916,15.8473216912381,5.71187481802991));
#2884=CARTESIAN_POINT('',(11.41751550938,16.1473216912381,6.01187481802991));
#2885=CARTESIAN_POINT('Origin',(9.02625351240916,7.91232180299685,5.86187481802991));
#2886=CARTESIAN_POINT('',(8.87625351240916,0.847321691238145,5.71187481802991));
#2887=CARTESIAN_POINT('',(8.87625351240916,7.91232180299685,5.71187481802991));
#2888=CARTESIAN_POINT('',(9.17625351240915,0.847321691238145,6.01187481802991));
#2889=CARTESIAN_POINT('',(8.87625351240916,0.847321691238145,5.71187481802991));
#2890=CARTESIAN_POINT('',(9.17625351240915,7.91232180299685,6.01187481802991));
#2891=CARTESIAN_POINT('Origin',(7.3475153585057,0.847321691238146,5.86187481802991));
#2892=CARTESIAN_POINT('',(7.3475153585057,-0.681416462665308,5.71187481802991));
#2893=CARTESIAN_POINT('',(7.3475153585057,-0.981416462665307,6.01187481802991));
#2894=CARTESIAN_POINT('',(7.3475153585057,-0.681416462665308,5.71187481802991));
#2895=CARTESIAN_POINT('Origin',(7.3475153585057,0.847321691238146,6.01187481802991));
#2896=CARTESIAN_POINT('Origin',(7.3475153585057,0.847321691238146,5.71187481802991));
#2897=CARTESIAN_POINT('Origin',(11.05251550938,-0.831416462665309,5.86187481802991));
#2898=CARTESIAN_POINT('',(5.3475153585057,-0.681416462665308,5.71187481802991));
#2899=CARTESIAN_POINT('',(5.3475153585057,-0.981416462665308,6.01187481802991));
#2900=CARTESIAN_POINT('',(5.3475153585057,-0.681416462665308,5.71187481802991));
#2901=CARTESIAN_POINT('',(11.05251550938,-0.981416462665309,6.01187481802991));
#2902=CARTESIAN_POINT('',(11.05251550938,-0.681416462665309,5.71187481802991));
#2903=CARTESIAN_POINT('Origin',(5.3475153585057,0.847321691238146,5.86187481802991));
#2904=CARTESIAN_POINT('',(3.81877720460225,0.847321691238145,5.71187481802991));
#2905=CARTESIAN_POINT('',(3.51877720460225,0.847321691238145,6.01187481802991));
#2906=CARTESIAN_POINT('',(3.81877720460225,0.847321691238145,5.71187481802991));
#2907=CARTESIAN_POINT('Origin',(5.3475153585057,0.847321691238146,6.01187481802991));
#2908=CARTESIAN_POINT('Origin',(5.3475153585057,0.847321691238146,5.71187481802991));
#2909=CARTESIAN_POINT('Origin',(3.66877720460225,15.4123218029969,5.86187481802991));
#2910=CARTESIAN_POINT('',(3.51877720460225,15.4123218029969,6.01187481802991));
#2911=CARTESIAN_POINT('',(3.81877720460225,15.4123218029969,5.71187481802991));
#2912=CARTESIAN_POINT('Origin',(7.3475153585057,0.847321691238146,5.86187481802991));
#2913=CARTESIAN_POINT('',(7.3475153585057,0.0273216912381456,6.01187481802991));
#2914=CARTESIAN_POINT('Origin',(7.3475153585057,0.847321691238146,6.01187481802991));
#2915=CARTESIAN_POINT('',(7.3475153585057,-0.272678308761855,5.71187481802991));
#2916=CARTESIAN_POINT('',(7.3475153585057,0.0273216912381456,6.01187481802991));
#2917=CARTESIAN_POINT('Origin',(7.3475153585057,0.847321691238146,5.71187481802991));
#2918=CARTESIAN_POINT('Origin',(12.05251550938,-0.122678308761856,5.86187481802991));
#2919=CARTESIAN_POINT('',(5.3475153585057,0.0273216912381445,6.01187481802991));
#2920=CARTESIAN_POINT('',(12.05251550938,0.0273216912381435,6.01187481802991));
#2921=CARTESIAN_POINT('',(5.3475153585057,-0.272678308761855,5.71187481802991));
#2922=CARTESIAN_POINT('',(5.3475153585057,0.0273216912381445,6.01187481802991));
#2923=CARTESIAN_POINT('',(12.05251550938,-0.272678308761855,5.71187481802991));
#2924=CARTESIAN_POINT('Origin',(5.3475153585057,0.847321691238146,5.86187481802991));
#2925=CARTESIAN_POINT('',(4.5275153585057,0.847321691238146,6.01187481802991));
#2926=CARTESIAN_POINT('Origin',(5.3475153585057,0.847321691238146,6.01187481802991));
#2927=CARTESIAN_POINT('',(4.2275153585057,0.847321691238146,5.71187481802991));
#2928=CARTESIAN_POINT('',(4.5275153585057,0.847321691238146,6.01187481802991));
#2929=CARTESIAN_POINT('Origin',(5.3475153585057,0.847321691238146,5.71187481802991));
#2930=CARTESIAN_POINT('Origin',(4.3775153585057,7.91232180299685,5.86187481802991));
#2931=CARTESIAN_POINT('',(4.2275153585057,7.91232180299685,5.71187481802991));
#2932=CARTESIAN_POINT('',(4.5275153585057,7.91232180299685,6.01187481802991));
#2933=CARTESIAN_POINT('Origin',(16.7575156602542,14.9773219147556,6.01187481802991));
#2934=CARTESIAN_POINT('',(34.0075159620027,-1.52267831621243,6.01187481802991));
#2935=CARTESIAN_POINT('',(34.0075159620027,28.4773221457236,6.01187481802991));
#2936=CARTESIAN_POINT('',(34.0075159620027,-1.02267831621243,6.01187481802991));
#2937=CARTESIAN_POINT('',(31.5075159620027,30.9773221457236,6.01187481802991));
#2938=CARTESIAN_POINT('Origin',(31.5075159620027,28.4773221457235,6.01187481802991));
#2939=CARTESIAN_POINT('',(2.0075153585057,30.9773221457236,6.01187481802991));
#2940=CARTESIAN_POINT('',(31.5075159620027,30.9773221457236,6.01187481802991));
#2941=CARTESIAN_POINT('',(-0.492484641494302,28.4773221457236,6.01187481802991));
#2942=CARTESIAN_POINT('Origin',(2.0075153585057,28.4773221457236,6.01187481802991));
#2943=CARTESIAN_POINT('',(-0.492484641494297,-1.52267831621243,6.01187481802991));
#2944=CARTESIAN_POINT('',(-0.492484641494303,28.4773221457236,6.01187481802991));
#2945=CARTESIAN_POINT('',(-0.492484641494297,-1.52267831621243,6.01187481802991));
#2946=CARTESIAN_POINT('Origin',(3.81877720460225,15.8473216912381,4.51187481802991));
#2947=CARTESIAN_POINT('',(3.81877720460225,0.847321691238145,4.51187481802991));
#2948=CARTESIAN_POINT('Origin',(5.3475153585057,-0.681416462665308,4.51187481802991));
#2949=CARTESIAN_POINT('',(7.3475153585057,-0.681416462665308,4.51187481802991));
#2950=CARTESIAN_POINT('',(5.3475153585057,-0.681416462665308,4.51187481802991));
#2951=CARTESIAN_POINT('Origin',(5.3475153585057,0.847321691238146,4.51187481802991));
#2952=CARTESIAN_POINT('Origin',(8.87625351240916,0.847321691238145,4.51187481802991));
#2953=CARTESIAN_POINT('',(8.87625351240916,0.847321691238145,4.51187481802991));
#2954=CARTESIAN_POINT('Origin',(7.3475153585057,0.847321691238146,4.51187481802991));
#2955=CARTESIAN_POINT('Origin',(29.4499993517995,3.95799116561059,5.01187481802991));
#2956=CARTESIAN_POINT('',(28.4949993728101,-0.522678316212443,6.92187477600864));
#2957=CARTESIAN_POINT('Origin',(19.5999995619059,-0.522678316212443,4.86187481802991));
#2958=CARTESIAN_POINT('Origin',(4.07751531827257,-1.02267831621243,4.31187471744708));
#2959=CARTESIAN_POINT('',(5.3475153585057,-0.182678296691914,4.31187471744708));
#2960=CARTESIAN_POINT('',(5.3475153585057,1.87732167916821,4.31187471744708));
#2961=CARTESIAN_POINT('Origin',(5.3475153585057,0.847321691238146,4.31187471744708));
#2962=CARTESIAN_POINT('',(7.3475153585057,1.87732167916821,4.31187471744708));
#2963=CARTESIAN_POINT('',(5.21251533838913,1.87732167916821,4.31187471744708));
#2964=CARTESIAN_POINT('',(7.3475153585057,-0.182678296691914,4.31187471744708));
#2965=CARTESIAN_POINT('Origin',(7.3475153585057,0.847321691238146,4.31187471744708));
#2966=CARTESIAN_POINT('',(5.71251533838913,-0.182678296691914,4.31187471744708));
#2967=CARTESIAN_POINT('Origin',(-0.492484641494297,-1.52267831621243,4.51187481802991));
#2968=CARTESIAN_POINT('',(-0.492484665243382,-1.52267831621243,4.96187482298916));
#2969=CARTESIAN_POINT('',(-0.492484641494297,-1.52267831621243,4.51187481802991));
#2970=CARTESIAN_POINT('',(21.3825159620027,-1.52267831621244,4.96187481802991));
#2971=CARTESIAN_POINT('',(21.3825159620027,-1.52267831621243,4.51187481802991));
#2972=CARTESIAN_POINT('',(-0.417484633391613,-1.52267831621243,4.96187482159218));
#2973=CARTESIAN_POINT('Origin',(-0.342484633670832,-1.02267831621243,4.96187482019519));
#2974=CARTESIAN_POINT('',(-0.342484633670832,-1.37267853756458,4.96187482019519));
#2975=CARTESIAN_POINT('',(-0.342484633670832,29.3302582727403,4.96187482019519));
#2976=CARTESIAN_POINT('',(-0.342484633670832,-1.02267831621243,4.96187482019519));
#2977=CARTESIAN_POINT('',(-0.492484665243382,28.4773221457236,4.96187482298916));
#2978=CARTESIAN_POINT('Origin',(2.0075153585057,28.4773221457236,4.96187477642303));
#2979=CARTESIAN_POINT('',(-0.4924846414943,13.7273219147556,4.96187482298916));
#2980=CARTESIAN_POINT('',(21.5325157384853,-1.37267853972986,4.96187481802991));
#2981=CARTESIAN_POINT('',(16.0762658143067,-6.82892846390847,4.96187451437212));
#2982=CARTESIAN_POINT('',(9.68251551468862,-1.37267872429449,4.96187463346501));
#2983=CARTESIAN_POINT('Origin',(19.7075156602541,-1.37267853972986,4.96187481802991));
#2984=CARTESIAN_POINT('',(21.6825155149679,-1.22267876324728,5.11187481802991));
#2985=CARTESIAN_POINT('',(21.2179327139374,-1.68726156427774,4.6472913247161));
#2986=CARTESIAN_POINT('',(-0.192485673791549,-1.22267876324728,5.11187481802991));
#2987=CARTESIAN_POINT('',(19.7075156602541,-1.22267876324728,5.11187481802991));
#2988=CARTESIAN_POINT('',(3.02415445650069,1.99397883219301,8.32853720667065));
#2989=CARTESIAN_POINT('Origin',(19.7075156602541,-1.37267853972986,4.96187481802991));
#2990=CARTESIAN_POINT('',(29.2325161855202,-1.37267853972986,4.96187481802991));
#2991=CARTESIAN_POINT('',(29.0825164090376,-1.22267876324728,5.11187481802991));
#2992=CARTESIAN_POINT('',(27.5929342909789,0.266903354811437,6.60145915574225));
#2993=CARTESIAN_POINT('',(33.8575172014111,-1.37267853972986,4.96187481802991));
#2994=CARTESIAN_POINT('',(19.7075156602541,-1.37267853972986,4.96187481802991));
#2995=CARTESIAN_POINT('',(33.7075144912561,-1.22267876324728,5.11187481802991));
#2996=CARTESIAN_POINT('',(31.5241244781973,0.960668548242679,7.29522538296572));
#2997=CARTESIAN_POINT('',(19.7075156602541,-1.22267876324728,5.11187481802991));
#2998=CARTESIAN_POINT('Origin',(19.7075156602541,-1.22267876324728,5.11187481802991));
#2999=CARTESIAN_POINT('',(29.0825164090376,-1.22267876324728,5.26187481802991));
#3000=CARTESIAN_POINT('',(29.0825164090376,-1.22267876324728,5.09312481802991));
#3001=CARTESIAN_POINT('',(33.707514605252,-1.22267876324728,5.26187481802991));
#3002=CARTESIAN_POINT('',(33.707514605252,-1.22267876324728,5.11187476103297));
#3003=CARTESIAN_POINT('',(19.7075156602541,-1.22267876324728,5.26187481802991));
#3004=CARTESIAN_POINT('Origin',(19.7075156602541,-1.22267876324728,5.11187481802991));
#3005=CARTESIAN_POINT('',(21.6825155149679,-1.22267876324728,5.26187481802991));
#3006=CARTESIAN_POINT('',(21.6825155149679,-1.22267876324728,4.90562481802991));
#3007=CARTESIAN_POINT('',(-0.192484637023951,-1.22267876324728,5.26187481802991));
#3008=CARTESIAN_POINT('',(19.7075156602541,-1.22267876324728,5.26187481802991));
#3009=CARTESIAN_POINT('',(-0.192484637023951,-1.22267876324728,5.18687481802991));
#3010=CARTESIAN_POINT('Origin',(19.7075156602541,-1.22267876324728,5.26187481802991));
#3011=CARTESIAN_POINT('',(29.2325164090376,-1.37267876324728,5.41187481802991));
#3012=CARTESIAN_POINT('',(27.5054328018954,0.354404843894915,3.68479121088772));
#3013=CARTESIAN_POINT('',(33.8575147225987,-1.37267876324728,5.41187481802991));
#3014=CARTESIAN_POINT('',(31.4241789524272,1.06065510329892,2.97854095148371));
#3015=CARTESIAN_POINT('',(19.7075156602541,-1.37267876324728,5.41187481802991));
#3016=CARTESIAN_POINT('Origin',(19.7075156602541,-1.22267876324728,5.26187481802991));
#3017=CARTESIAN_POINT('',(21.5325155149679,-1.37267876324728,5.41187481802991));
#3018=CARTESIAN_POINT('',(21.4304323548605,-1.47476192335462,5.51395797813726));
#3019=CARTESIAN_POINT('',(-0.342484754370691,-1.37267876324728,5.41187481802991));
#3020=CARTESIAN_POINT('',(19.7075156602541,-1.37267876324728,5.41187481802991));
#3021=CARTESIAN_POINT('',(3.02418558829076,1.99398894563099,2.04520710915165));
#3022=CARTESIAN_POINT('Origin',(21.6325159620027,-1.27267831621243,4.69937481802991));
#3023=CARTESIAN_POINT('',(21.8825159620027,-1.02267831621243,5.26187481802991));
#3024=CARTESIAN_POINT('',(21.8825159620027,-1.02267831621243,4.69937481802991));
#3025=CARTESIAN_POINT('',(21.3825159620027,-1.52267831621243,5.76187481802991));
#3026=CARTESIAN_POINT('',(19.9033492450446,-3.00184503317052,7.241041534988));
#3027=CARTESIAN_POINT('',(21.3825159620027,-1.52267831621244,5.41187481802991));
#3028=CARTESIAN_POINT('',(21.3825159620027,-1.52267831621243,4.51187481802991));
#3029=CARTESIAN_POINT('',(21.1262657748069,-1.7789285034083,5.41187481802991));
#3030=CARTESIAN_POINT('Origin',(29.1325159620027,-1.27267831621243,5.07437481802991));
#3031=CARTESIAN_POINT('',(29.3825159620027,-1.52267831621244,4.96187481802991));
#3032=CARTESIAN_POINT('',(26.8387658865656,1.02107175922472,4.96187481802991));
#3033=CARTESIAN_POINT('',(29.3825159620027,-1.52267831621244,5.41187481802991));
#3034=CARTESIAN_POINT('',(26.8012659983243,1.05857164746601,5.41187481802991));
#3035=CARTESIAN_POINT('',(29.3825159620027,-1.52267831621243,5.76187481802991));
#3036=CARTESIAN_POINT('',(29.3825159620027,-1.52267831621243,4.88687481802991));
#3037=CARTESIAN_POINT('',(28.8825159620027,-1.02267831621243,5.26187481802991));
#3038=CARTESIAN_POINT('',(25.9450159117113,1.91482173407899,2.32437476773849));
#3039=CARTESIAN_POINT('',(28.8825159620027,-1.02267831621243,5.07437481802991));
#3040=CARTESIAN_POINT('',(29.3825159620027,-1.52267831621243,4.88687481802991));
#3041=CARTESIAN_POINT('Origin',(-0.492484641494297,-1.52267831621243,4.51187481802991));
#3042=CARTESIAN_POINT('',(34.007516973419,-1.52267831621243,4.9618750531423));
#3043=CARTESIAN_POINT('',(9.60751550937991,-1.52267831621243,4.96187481802991));
#3044=CARTESIAN_POINT('',(34.0075159620027,-1.52267831621243,4.51187481802991));
#3045=CARTESIAN_POINT('Origin',(-0.492484641494297,-1.52267831621243,4.51187481802991));
#3046=CARTESIAN_POINT('',(-0.492484630318428,-1.52267831621243,5.41187469733051));
#3047=CARTESIAN_POINT('',(9.60751550937991,-1.52267831621243,5.41187481802991));
#3048=CARTESIAN_POINT('',(10.4450156602542,-1.52267831621243,5.76187481802991));
#3049=CARTESIAN_POINT('',(34.0075159620027,-1.52267831621243,5.41187469733051));
#3050=CARTESIAN_POINT('',(16.6825149802025,-1.52267831621243,5.41187469733051));
#3051=CARTESIAN_POINT('',(34.0075159620027,-1.52267831621243,4.51187481802991));
#3052=CARTESIAN_POINT('',(-0.492484641494297,-1.52267831621243,4.51187481802991));
#3053=CARTESIAN_POINT('Origin',(7.3475153585057,0.847321691238146,4.51187471744707));
#3054=CARTESIAN_POINT('',(7.3475153585057,1.87732167916821,5.16187481802991));
#3055=CARTESIAN_POINT('',(7.3475153585057,-0.182678296691914,5.16187481802991));
#3056=CARTESIAN_POINT('Origin',(7.3475153585057,0.847321691238146,5.16187481802991));
#3057=CARTESIAN_POINT('',(7.3475153585057,-0.182678296691914,4.51187471744707));
#3058=CARTESIAN_POINT('',(7.3475153585057,1.87732167916821,4.51187471744707));
#3059=CARTESIAN_POINT('Origin',(7.3475153585057,-0.182678296691914,4.51187471744707));
#3060=CARTESIAN_POINT('',(5.3475153585057,-0.182678296691914,5.16187481802991));
#3061=CARTESIAN_POINT('',(6.8475153585057,-0.182678296691914,5.16187481802991));
#3062=CARTESIAN_POINT('',(5.3475153585057,-0.182678296691914,4.51187471744707));
#3063=CARTESIAN_POINT('Origin',(5.3475153585057,0.847321691238146,4.51187471744707));
#3064=CARTESIAN_POINT('',(5.3475153585057,1.87732167916821,5.16187481802991));
#3065=CARTESIAN_POINT('Origin',(5.3475153585057,0.847321691238146,5.16187481802991));
#3066=CARTESIAN_POINT('',(5.3475153585057,1.87732167916821,4.51187471744707));
#3067=CARTESIAN_POINT('Origin',(5.3475153585057,1.87732167916821,4.51187471744707));
#3068=CARTESIAN_POINT('',(5.8475153585057,1.87732167916821,5.16187481802991));
#3069=CARTESIAN_POINT('Origin',(4.2275153585057,0.847321691238146,6.01187481802991));
#3070=CARTESIAN_POINT('',(4.2275153585057,0.847321691238146,5.16187481802991));
#3071=CARTESIAN_POINT('',(4.2275153585057,0.847321691238146,6.01187481802991));
#3072=CARTESIAN_POINT('',(4.2275153585057,3.09732169123815,5.16187481802991));
#3073=CARTESIAN_POINT('Origin',(7.3475153585057,5.34732169123815,5.16187481802991));
#3074=CARTESIAN_POINT('',(8.4675153585057,0.847321691238146,5.16187481802991));
#3075=CARTESIAN_POINT('',(8.4675153585057,11.3473216912381,5.16187481802991));
#3076=CARTESIAN_POINT('',(7.3475153585057,-0.272678308761854,5.16187481802991));
#3077=CARTESIAN_POINT('Origin',(7.3475153585057,0.847321691238146,5.16187481802991));
#3078=CARTESIAN_POINT('',(5.3475153585057,-0.272678308761854,5.16187481802991));
#3079=CARTESIAN_POINT('',(6.8475153585057,-0.272678308761855,5.16187481802991));
#3080=CARTESIAN_POINT('Origin',(5.3475153585057,0.847321691238146,5.16187481802991));
#3081=CARTESIAN_POINT('Origin',(8.4675153585057,6.84732169123815,6.01187481802991));
#3082=CARTESIAN_POINT('',(8.4675153585057,0.847321691238146,6.01187481802991));
#3083=CARTESIAN_POINT('Origin',(10.4450156602542,-1.27267831621243,5.51187481802991));
#3084=CARTESIAN_POINT('',(21.3825159620027,-1.02267831621243,5.26187481802991));
#3085=CARTESIAN_POINT('Origin',(25.3825159620027,-1.02267831621243,4.88687481802991));
#3086=CARTESIAN_POINT('Origin',(7.3475153585057,0.847321691238146,6.01187481802991));
#3087=CARTESIAN_POINT('',(7.3475153585057,-0.272678308761855,6.01187481802991));
#3088=CARTESIAN_POINT('Origin',(31.5075159620027,30.8273210016869,4.96187470738879));
#3089=CARTESIAN_POINT('',(1.15457610101374,30.8273210016869,4.96187470738879));
#3090=CARTESIAN_POINT('',(2.0075153585057,30.9773221457236,4.96187470738879));
#3091=CARTESIAN_POINT('Origin',(2.0075153585057,28.4773221457236,4.96187470738879));
#3092=CARTESIAN_POINT('',(32.3604552194947,30.8273210016869,4.96187470738879));
#3093=CARTESIAN_POINT('',(31.5075159620027,30.8273210016869,4.96187470738879));
#3094=CARTESIAN_POINT('',(31.5075159620027,30.9773221457236,4.96187470738879));
#3095=CARTESIAN_POINT('Origin',(31.5075159620027,28.4773221457235,4.96187470738879));
#3096=CARTESIAN_POINT('',(31.5075159620027,30.9773221457236,4.96187470738879));
#3097=CARTESIAN_POINT('Origin',(31.5075159620027,30.6773221457236,5.11187481802991));
#3098=CARTESIAN_POINT('',(0.820081149801912,30.6773221457236,5.11187481802991));
#3099=CARTESIAN_POINT('Origin',(2.0075153585057,28.4773221457236,7.31189322011094));
#3100=CARTESIAN_POINT('',(32.6949501707065,30.6773221457236,5.11187481802991));
#3101=CARTESIAN_POINT('',(31.5075159620027,30.6773221457236,5.11187481802991));
#3102=CARTESIAN_POINT('Origin',(31.5075159620027,28.4773221457235,7.31189322011095));
#3103=CARTESIAN_POINT('Origin',(2.0075153585057,28.4773221457236,4.51187481802991));
#3104=CARTESIAN_POINT('',(2.0075153585057,30.9773221457236,4.51187481802991));
#3105=CARTESIAN_POINT('',(-0.492484641494303,28.4773221457236,4.51187481802991));
#3106=CARTESIAN_POINT('',(-0.192484637023951,29.6647563627097,5.11187470403603));
#3107=CARTESIAN_POINT('Origin',(2.0075153585057,28.4773221457236,7.31189107378633));
#3108=CARTESIAN_POINT('',(-0.192484637023951,29.6647563627097,5.26187481802991));
#3109=CARTESIAN_POINT('',(-0.192484637023951,29.6647563627097,4.51187481802991));
#3110=CARTESIAN_POINT('',(-0.34248463367119,29.3302582727393,5.41187469733051));
#3111=CARTESIAN_POINT('Origin',(2.0075153585057,28.4773221457236,3.06187654358442));
#3112=CARTESIAN_POINT('',(-0.492484630318428,28.4773216837876,5.41187469733051));
#3113=CARTESIAN_POINT('Origin',(2.0075153585057,28.4773221457236,5.41187469733051));
#3114=CARTESIAN_POINT('',(-0.492484641494303,28.4773221457236,4.51187481802991));
#3115=CARTESIAN_POINT('',(2.0075153585057,30.9773221457236,5.41187481802991));
#3116=CARTESIAN_POINT('',(2.0075153585057,30.9773221457236,4.51187481802991));
#3117=CARTESIAN_POINT('',(1.15457925304411,30.8273221457236,5.41187481802991));
#3118=CARTESIAN_POINT('Origin',(2.0075153585057,28.4773221457236,5.41187481802991));
#3119=CARTESIAN_POINT('',(0.820081149801912,30.6773221457236,5.26187481802991));
#3120=CARTESIAN_POINT('Origin',(2.0075153585057,28.4773221457236,3.06187481802992));
#3121=CARTESIAN_POINT('',(0.820081149801912,30.6773221457236,4.51187481802991));
#3122=CARTESIAN_POINT('Origin',(31.5075159620027,30.9773221457236,4.51187481802991));
#3123=CARTESIAN_POINT('',(31.5075159620027,30.9773221457236,4.51187481802991));
#3124=CARTESIAN_POINT('Origin',(31.5075159620027,30.9773221457236,4.51187481802991));
#3125=CARTESIAN_POINT('',(31.5075159620027,30.9773221457236,5.41187481802991));
#3126=CARTESIAN_POINT('',(31.5075159620027,30.9773221457236,5.41187481802991));
#3127=CARTESIAN_POINT('',(31.5075159620027,30.9773221457236,4.51187481802991));
#3128=CARTESIAN_POINT('Origin',(31.5075159620027,28.4773221457235,4.51187481802991));
#3129=CARTESIAN_POINT('',(32.6949501707065,30.6773221457236,5.26187481802991));
#3130=CARTESIAN_POINT('',(32.6949501707065,30.6773221457236,4.51187481802991));
#3131=CARTESIAN_POINT('',(32.3604520674643,30.8273221457236,5.41187481802991));
#3132=CARTESIAN_POINT('Origin',(31.5075159620027,28.4773221457235,3.06187481802991));
#3133=CARTESIAN_POINT('Origin',(31.5075159620027,28.4773221457235,5.41187481802991));
#3134=CARTESIAN_POINT('',(34.0075159620027,28.4773216837876,5.41187469733051));
#3135=CARTESIAN_POINT('',(34.0075159620027,28.4773221457236,4.51187481802991));
#3136=CARTESIAN_POINT('',(33.8575146018992,29.3302619985177,5.41187469733051));
#3137=CARTESIAN_POINT('Origin',(31.5075159620027,28.4773221457235,5.41187469733051));
#3138=CARTESIAN_POINT('',(33.707514605252,29.6647588681224,5.26187481802991));
#3139=CARTESIAN_POINT('Origin',(31.5075159620027,28.4773221457235,3.06187789586372));
#3140=CARTESIAN_POINT('',(33.707514605252,29.6647588681224,5.11187470403603));
#3141=CARTESIAN_POINT('',(33.707514605252,29.6647588681224,4.51187481802991));
#3142=CARTESIAN_POINT('',(33.8575169662944,29.3302554841668,4.9618750531423));
#3143=CARTESIAN_POINT('Origin',(31.5075159620027,28.4773221457235,7.311833599088));
#3144=CARTESIAN_POINT('',(34.007516973419,28.4773221457235,4.9618750531423));
#3145=CARTESIAN_POINT('Origin',(31.5075159620027,28.4773221457235,4.9618750531423));
#3146=CARTESIAN_POINT('',(34.0075159620027,28.4773221457236,4.51187481802991));
#3147=CARTESIAN_POINT('Origin',(31.5075159620027,30.6773221457236,5.11187481802991));
#3148=CARTESIAN_POINT('',(31.5075159620027,30.6773221457236,5.26187481802991));
#3149=CARTESIAN_POINT('Origin',(31.5075159620027,30.6773221457236,5.26187481802991));
#3150=CARTESIAN_POINT('',(31.5075159620027,30.8273221457236,5.41187481802991));
#3151=CARTESIAN_POINT('Origin',(31.5075159620027,30.8273221457236,5.41187481802991));
#3152=CARTESIAN_POINT('Origin',(-0.192485097330826,-1.02267831621243,5.11187539449463));
#3153=CARTESIAN_POINT('',(-0.192484637023951,-1.02267831621243,5.11187470403603));
#3154=CARTESIAN_POINT('Origin',(33.8575169662944,-1.02267831621243,4.9618750531423));
#3155=CARTESIAN_POINT('',(33.8575169662944,-1.02267831621243,4.9618750531423));
#3156=CARTESIAN_POINT('',(33.707514605252,-1.02267831621243,5.11187470403603));
#3157=CARTESIAN_POINT('Origin',(34.007516973419,-1.02267831621243,4.9618750531423));
#3158=CARTESIAN_POINT('',(34.0075159620027,-1.02267831621243,4.9618750531423));
#3159=CARTESIAN_POINT('Origin',(-0.492484641494303,28.4773221457236,4.51187481802991));
#3160=CARTESIAN_POINT('Origin',(-0.192484637023951,-1.02267831621243,5.26187481802991));
#3161=CARTESIAN_POINT('',(-0.192484637023951,-1.02267831621243,5.26187481802991));
#3162=CARTESIAN_POINT('Origin',(-0.34248463367119,-1.02267831621243,5.41187469733051));
#3163=CARTESIAN_POINT('',(-0.34248463367119,-1.02267831621243,5.41187469733051));
#3164=CARTESIAN_POINT('Origin',(-0.492484630318428,-1.02267831621243,5.41187469733051));
#3165=CARTESIAN_POINT('',(-0.4924846414943,13.7273219147556,5.41187469733051));
#3166=CARTESIAN_POINT('Origin',(33.8575146018992,-1.02267831621243,5.41187469733051));
#3167=CARTESIAN_POINT('',(33.8575146018992,-1.02267831621243,5.41187469733051));
#3168=CARTESIAN_POINT('',(34.0075159620027,-1.02267831621243,5.41187469733051));
#3169=CARTESIAN_POINT('Origin',(33.707514605252,-1.02267831621243,5.26187481802991));
#3170=CARTESIAN_POINT('',(33.707514605252,-1.02267831621243,5.26187481802991));
#3171=CARTESIAN_POINT('Origin',(33.707514605252,-1.02267831621243,5.11187470403603));
#3172=CARTESIAN_POINT('Origin',(-0.492484641494303,28.4773221457236,4.51187481802991));
#3173=CARTESIAN_POINT('Origin',(34.0075159620027,-1.02267831621243,4.51187481802991));
#3174=CARTESIAN_POINT('Origin',(34.0075159620027,-1.02267831621243,4.51187481802991));
#3175=CARTESIAN_POINT('Origin',(5.3475153585057,0.847321691238146,6.01187481802991));
#3176=CARTESIAN_POINT('',(5.3475153585057,-0.272678308761855,6.01187481802991));
#3177=CARTESIAN_POINT('Origin',(7.3475153585057,-0.272678308761855,6.01187481802991));
#3178=CARTESIAN_POINT('Origin',(25.4353415593505,26.5459222346544,6.01187481802991));
#3179=CARTESIAN_POINT('',(25.4353415593505,26.5459222346544,6.01187481802991));
#3180=CARTESIAN_POINT('',(20.3581928834319,26.5459222346544,6.01187481802991));
#3181=CARTESIAN_POINT('',(25.4353415593505,26.5459222346544,6.01187481802991));
#3182=CARTESIAN_POINT('',(20.3581928834319,26.5459222346544,5.91187481802991));
#3183=CARTESIAN_POINT('',(20.3581928834319,26.5459222346544,6.01187481802991));
#3184=CARTESIAN_POINT('',(25.4353415593505,26.5459222346544,5.91187481802991));
#3185=CARTESIAN_POINT('',(25.4353415593505,26.5459222346544,5.91187481802991));
#3186=CARTESIAN_POINT('',(25.4353415593505,26.5459222346544,6.01187481802991));
#3187=CARTESIAN_POINT('Origin',(25.4353415593505,23.9669365435839,6.01187481802991));
#3188=CARTESIAN_POINT('',(25.4353415593505,23.9669365435839,6.01187481802991));
#3189=CARTESIAN_POINT('',(25.4353415593505,23.9669365435839,6.01187481802991));
#3190=CARTESIAN_POINT('',(25.4353415593505,23.9669365435839,5.91187481802991));
#3191=CARTESIAN_POINT('',(25.4353415593505,23.9669365435839,5.91187481802991));
#3192=CARTESIAN_POINT('',(25.4353415593505,23.9669365435839,6.01187481802991));
#3193=CARTESIAN_POINT('Origin',(20.3581928834319,23.9669365435839,6.01187481802991));
#3194=CARTESIAN_POINT('',(20.3581928834319,23.9669365435839,6.01187481802991));
#3195=CARTESIAN_POINT('',(20.3581928834319,23.9669365435839,6.01187481802991));
#3196=CARTESIAN_POINT('',(20.3581928834319,23.9669365435839,5.91187481802991));
#3197=CARTESIAN_POINT('',(20.3581928834319,23.9669365435839,5.91187481802991));
#3198=CARTESIAN_POINT('',(20.3581928834319,23.9669365435839,6.01187481802991));
#3199=CARTESIAN_POINT('Origin',(20.3581928834319,26.5459222346544,6.01187481802991));
#3200=CARTESIAN_POINT('',(20.3581928834319,26.5459222346544,6.01187481802991));
#3201=CARTESIAN_POINT('',(20.3581928834319,26.5459222346544,5.91187481802991));
#3202=CARTESIAN_POINT('Origin',(17.9041146859527,28.9999998360872,6.01187481802991));
#3203=CARTESIAN_POINT('',(17.9041146859527,28.9999998360872,6.01187481802991));
#3204=CARTESIAN_POINT('',(27.8894185647368,28.9999998360872,6.01187481802991));
#3205=CARTESIAN_POINT('',(17.9041146859527,28.9999998360872,6.01187481802991));
#3206=CARTESIAN_POINT('',(27.8894185647368,28.9999998360872,5.91187481802991));
#3207=CARTESIAN_POINT('',(27.8894185647368,28.9999998360872,6.01187481802991));
#3208=CARTESIAN_POINT('',(17.9041146859527,28.9999998360872,5.91187481802991));
#3209=CARTESIAN_POINT('',(17.9041146859527,28.9999998360872,5.91187481802991));
#3210=CARTESIAN_POINT('',(17.9041146859527,28.9999998360872,6.01187481802991));
#3211=CARTESIAN_POINT('Origin',(17.9041146859527,19.0220434218645,6.01187481802991));
#3212=CARTESIAN_POINT('',(17.9041146859527,19.0220434218645,6.01187481802991));
#3213=CARTESIAN_POINT('',(17.9041146859527,19.0220434218645,6.01187481802991));
#3214=CARTESIAN_POINT('',(17.9041146859527,19.0220434218645,5.91187481802991));
#3215=CARTESIAN_POINT('',(17.9041146859527,19.0220434218645,5.91187481802991));
#3216=CARTESIAN_POINT('',(17.9041146859527,19.0220434218645,6.01187481802991));
#3217=CARTESIAN_POINT('Origin',(20.3581928834319,19.0220434218645,6.01187481802991));
#3218=CARTESIAN_POINT('',(20.3581928834319,19.0220434218645,6.01187481802991));
#3219=CARTESIAN_POINT('',(20.3581928834319,19.0220434218645,6.01187481802991));
#3220=CARTESIAN_POINT('',(20.3581928834319,19.0220434218645,5.91187481802991));
#3221=CARTESIAN_POINT('',(20.3581928834319,19.0220434218645,5.91187481802991));
#3222=CARTESIAN_POINT('',(20.3581928834319,19.0220434218645,6.01187481802991));
#3223=CARTESIAN_POINT('Origin',(20.3581928834319,21.5128583461046,6.01187481802991));
#3224=CARTESIAN_POINT('',(20.3581928834319,21.5128583461046,6.01187481802991));
#3225=CARTESIAN_POINT('',(20.3581928834319,21.5128583461046,6.01187481802991));
#3226=CARTESIAN_POINT('',(20.3581928834319,21.5128583461046,5.91187481802991));
#3227=CARTESIAN_POINT('',(20.3581928834319,21.5128583461046,5.91187481802991));
#3228=CARTESIAN_POINT('',(20.3581928834319,21.5128583461046,6.01187481802991));
#3229=CARTESIAN_POINT('Origin',(25.4353415593505,21.5128583461046,6.01187481802991));
#3230=CARTESIAN_POINT('',(25.4353415593505,21.5128583461046,6.01187481802991));
#3231=CARTESIAN_POINT('',(25.4353415593505,21.5128583461046,6.01187481802991));
#3232=CARTESIAN_POINT('',(25.4353415593505,21.5128583461046,5.91187481802991));
#3233=CARTESIAN_POINT('',(25.4353415593505,21.5128583461046,5.91187481802991));
#3234=CARTESIAN_POINT('',(25.4353415593505,21.5128583461046,6.01187481802991));
#3235=CARTESIAN_POINT('Origin',(25.4353415593505,19.0220434218645,6.01187481802991));
#3236=CARTESIAN_POINT('',(25.4353415593505,19.0220434218645,6.01187481802991));
#3237=CARTESIAN_POINT('',(25.4353415593505,19.0220434218645,6.01187481802991));
#3238=CARTESIAN_POINT('',(25.4353415593505,19.0220434218645,5.91187481802991));
#3239=CARTESIAN_POINT('',(25.4353415593505,19.0220434218645,5.91187481802991));
#3240=CARTESIAN_POINT('',(25.4353415593505,19.0220434218645,6.01187481802991));
#3241=CARTESIAN_POINT('Origin',(27.8894185647368,19.0220434218645,6.01187481802991));
#3242=CARTESIAN_POINT('',(27.8894185647368,19.0220434218645,6.01187481802991));
#3243=CARTESIAN_POINT('',(27.8894185647368,19.0220434218645,6.01187481802991));
#3244=CARTESIAN_POINT('',(27.8894185647368,19.0220434218645,5.91187481802991));
#3245=CARTESIAN_POINT('',(27.8894185647368,19.0220434218645,5.91187481802991));
#3246=CARTESIAN_POINT('',(27.8894185647368,19.0220434218645,6.01187481802991));
#3247=CARTESIAN_POINT('Origin',(27.8894185647368,28.9999998360872,6.01187481802991));
#3248=CARTESIAN_POINT('',(27.8894185647368,28.9999998360872,6.01187481802991));
#3249=CARTESIAN_POINT('',(27.8894185647368,28.9999998360872,5.91187481802991));
#3250=CARTESIAN_POINT('Origin',(17.6947093382478,24.0036741644144,6.01187481802991));
#3251=CARTESIAN_POINT('Origin',(17.6947093382478,24.0036741644144,5.91187481802991));
#3252=CARTESIAN_POINT('Origin',(16.2362229451537,21.4540786296129,6.01187481802991));
#3253=CARTESIAN_POINT('',(16.2362229451537,21.4540786296129,6.01187481802991));
#3254=CARTESIAN_POINT('',(16.2362229451537,19.0073484927416,6.01187481802991));
#3255=CARTESIAN_POINT('',(16.2362229451537,21.4540786296129,6.01187481802991));
#3256=CARTESIAN_POINT('',(16.2362229451537,19.0073484927416,5.91187481802991));
#3257=CARTESIAN_POINT('',(16.2362229451537,19.0073484927416,6.01187481802991));
#3258=CARTESIAN_POINT('',(16.2362229451537,21.4540786296129,5.91187481802991));
#3259=CARTESIAN_POINT('',(16.2362229451537,21.4540786296129,5.91187481802991));
#3260=CARTESIAN_POINT('',(16.2362229451537,21.4540786296129,6.01187481802991));
#3261=CARTESIAN_POINT('Origin',(9.95407816022635,21.4540786296129,6.01187481802991));
#3262=CARTESIAN_POINT('',(9.95407816022635,21.4540786296129,6.01187481802991));
#3263=CARTESIAN_POINT('',(9.95407816022635,21.4540786296129,6.01187481802991));
#3264=CARTESIAN_POINT('',(9.95407816022635,21.4540786296129,5.91187481802991));
#3265=CARTESIAN_POINT('',(9.95407816022635,21.4540786296129,5.91187481802991));
#3266=CARTESIAN_POINT('',(9.95407816022635,21.4540786296129,6.01187481802991));
#3267=CARTESIAN_POINT('Origin',(9.95407816022635,28.9853049069643,6.01187481802991));
#3268=CARTESIAN_POINT('',(9.95407816022635,28.9853049069643,6.01187481802991));
#3269=CARTESIAN_POINT('',(9.95407816022635,28.9853049069643,6.01187481802991));
#3270=CARTESIAN_POINT('',(9.95407816022635,28.9853049069643,5.91187481802991));
#3271=CARTESIAN_POINT('',(9.95407816022635,28.9853049069643,5.91187481802991));
#3272=CARTESIAN_POINT('',(9.95407816022635,28.9853049069643,6.01187481802991));
#3273=CARTESIAN_POINT('Origin',(7.50000011175871,28.9853049069643,6.01187481802991));
#3274=CARTESIAN_POINT('',(7.50000011175871,28.9853049069643,6.01187481802991));
#3275=CARTESIAN_POINT('',(7.50000011175871,28.9853049069643,6.01187481802991));
#3276=CARTESIAN_POINT('',(7.50000011175871,28.9853049069643,5.91187481802991));
#3277=CARTESIAN_POINT('',(7.50000011175871,28.9853049069643,5.91187481802991));
#3278=CARTESIAN_POINT('',(7.50000011175871,28.9853049069643,6.01187481802991));
#3279=CARTESIAN_POINT('Origin',(7.50000011175871,19.0073484927416,6.01187481802991));
#3280=CARTESIAN_POINT('',(7.50000011175871,19.0073484927416,6.01187481802991));
#3281=CARTESIAN_POINT('',(7.50000011175871,19.0073484927416,6.01187481802991));
#3282=CARTESIAN_POINT('',(7.50000011175871,19.0073484927416,5.91187481802991));
#3283=CARTESIAN_POINT('',(7.50000011175871,19.0073484927416,5.91187481802991));
#3284=CARTESIAN_POINT('',(7.50000011175871,19.0073484927416,6.01187481802991));
#3285=CARTESIAN_POINT('Origin',(16.2362229451537,19.0073484927416,6.01187481802991));
#3286=CARTESIAN_POINT('',(16.2362229451537,19.0073484927416,6.01187481802991));
#3287=CARTESIAN_POINT('',(16.2362229451537,19.0073484927416,5.91187481802991));
#3288=CARTESIAN_POINT('Origin',(17.6947093382478,24.0036741644144,6.01187481802991));
#3289=CARTESIAN_POINT('Origin',(17.6947093382478,24.0036741644144,5.91187481802991));
#3290=CARTESIAN_POINT('',(0.,0.,0.));
#3291=UNCERTAINTY_MEASURE_WITH_UNIT(LENGTH_MEASURE(0.01),#3297,
'DISTANCE_ACCURACY_VALUE',
'Maximum model space distance between geometric entities at asserted c
onnectivities');
#3292=UNCERTAINTY_MEASURE_WITH_UNIT(LENGTH_MEASURE(0.01),#3297,
'DISTANCE_ACCURACY_VALUE',
'Maximum model space distance between geometric entities at asserted c
onnectivities');
#3293=UNCERTAINTY_MEASURE_WITH_UNIT(LENGTH_MEASURE(0.01),#3297,
'DISTANCE_ACCURACY_VALUE',
'Maximum model space distance between geometric entities at asserted c
onnectivities');
#3294=(
GEOMETRIC_REPRESENTATION_CONTEXT(3)
GLOBAL_UNCERTAINTY_ASSIGNED_CONTEXT((#3291))
GLOBAL_UNIT_ASSIGNED_CONTEXT((#3297,#3299,#3300))
REPRESENTATION_CONTEXT('','3D')
);
#3295=(
GEOMETRIC_REPRESENTATION_CONTEXT(3)
GLOBAL_UNCERTAINTY_ASSIGNED_CONTEXT((#3292))
GLOBAL_UNIT_ASSIGNED_CONTEXT((#3297,#3299,#3300))
REPRESENTATION_CONTEXT('','3D')
);
#3296=(
GEOMETRIC_REPRESENTATION_CONTEXT(3)
GLOBAL_UNCERTAINTY_ASSIGNED_CONTEXT((#3293))
GLOBAL_UNIT_ASSIGNED_CONTEXT((#3297,#3299,#3300))
REPRESENTATION_CONTEXT('','3D')
);
#3297=(
LENGTH_UNIT()
NAMED_UNIT(*)
SI_UNIT(.MILLI.,.METRE.)
);
#3298=(
LENGTH_UNIT()
NAMED_UNIT(*)
SI_UNIT($,.METRE.)
);
#3299=(
NAMED_UNIT(*)
PLANE_ANGLE_UNIT()
SI_UNIT($,.RADIAN.)
);
#3300=(
NAMED_UNIT(*)
SI_UNIT($,.STERADIAN.)
SOLID_ANGLE_UNIT()
);
#3301=SHAPE_DEFINITION_REPRESENTATION(#3303,#3306);
#3302=SHAPE_DEFINITION_REPRESENTATION(#3304,#3307);
#3303=PRODUCT_DEFINITION_SHAPE('',$,#3309);
#3304=PRODUCT_DEFINITION_SHAPE('',$,#3310);
#3305=PRODUCT_DEFINITION_SHAPE($,$,#14);
#3306=SHAPE_REPRESENTATION('',(#1986,#2131),#3294);
#3307=SHAPE_REPRESENTATION('',(#1987),#3295);
#3308=PRODUCT_DEFINITION_CONTEXT('part definition',#3316,'design');
#3309=PRODUCT_DEFINITION('track','track v15',#3311,#3308);
#3310=PRODUCT_DEFINITION('Cover','Cover',#3312,#3308);
#3311=PRODUCT_DEFINITION_FORMATION('',$,#3318);
#3312=PRODUCT_DEFINITION_FORMATION('',$,#3319);
#3313=PRODUCT_RELATED_PRODUCT_CATEGORY('track v15','track v15',(#3318));
#3314=PRODUCT_RELATED_PRODUCT_CATEGORY('Cover','Cover',(#3319));
#3315=APPLICATION_PROTOCOL_DEFINITION('international standard',
'automotive_design',2009,#3316);
#3316=APPLICATION_CONTEXT(
'Core Data for Automotive Mechanical Design Process');
#3317=PRODUCT_CONTEXT('part definition',#3316,'mechanical');
#3318=PRODUCT('track','track v15',$,(#3317));
#3319=PRODUCT('Cover','Cover',$,(#3317));
#3320=PRESENTATION_STYLE_ASSIGNMENT((#3323));
#3321=PRESENTATION_STYLE_ASSIGNMENT((#3324));
#3322=PRESENTATION_STYLE_ASSIGNMENT((#3325));
#3323=SURFACE_STYLE_USAGE(.BOTH.,#3326);
#3324=SURFACE_STYLE_USAGE(.BOTH.,#3327);
#3325=SURFACE_STYLE_USAGE(.BOTH.,#3328);
#3326=SURFACE_SIDE_STYLE('',(#3329));
#3327=SURFACE_SIDE_STYLE('',(#3330));
#3328=SURFACE_SIDE_STYLE('',(#3331));
#3329=SURFACE_STYLE_FILL_AREA(#3332);
#3330=SURFACE_STYLE_FILL_AREA(#3333);
#3331=SURFACE_STYLE_FILL_AREA(#3334);
#3332=FILL_AREA_STYLE('Steel - Satin',(#3335));
#3333=FILL_AREA_STYLE('ABS (White)',(#3336));
#3334=FILL_AREA_STYLE('ABS (White)',(#3337));
#3335=FILL_AREA_STYLE_COLOUR('Steel - Satin',#3338);
#3336=FILL_AREA_STYLE_COLOUR('ABS (White)',#3339);
#3337=FILL_AREA_STYLE_COLOUR('ABS (White)',#3340);
#3338=COLOUR_RGB('Steel - Satin',0.627450980392157,0.627450980392157,0.627450980392157);
#3339=COLOUR_RGB('ABS (White)',0.988235294117647,0.,0.);
#3340=COLOUR_RGB('ABS (White)',0.964705882352941,0.964705882352941,0.952941176470588);
ENDSEC;
END-ISO-10303-21;
