ISO-10303-21;
HEADER;
/* Generated by software containing ST-Developer
 * from STEP Tools, Inc. (www.steptools.com) 
 */

FILE_DESCRIPTION(
/* description */ (''),
/* implementation_level */ '2;1');

FILE_NAME(
/* name */ 'caseLF.step',
/* time_stamp */ '2026-09-24T04:54:45+05:00',
/* author */ (''),
/* organization */ (''),
/* preprocessor_version */ 'ST-DEVELOPER v20.2',
/* originating_system */ 'Autodesk Translation Framework v15.15.0.0',
/* authorisation */ '');

FILE_SCHEMA (('AUTOMOTIVE_DESIGN { 1 0 10303 214 3 1 1 }'));
ENDSEC;

DATA;
#10=MECHANICAL_DESIGN_GEOMETRIC_PRESENTATION_REPRESENTATION('',(#19,#20,
#21),#3344);
#11=ITEM_DEFINED_TRANSFORMATION($,$,#2032,#2196);
#12=(
REPRESENTATION_RELATIONSHIP($,$,#3355,#3354)
REPRESENTATION_RELATIONSHIP_WITH_TRANSFORMATION(#11)
SHAPE_REPRESENTATION_RELATIONSHIP()
);
#13=CONTEXT_DEPENDENT_SHAPE_REPRESENTATION(#12,#3353);
#14=NEXT_ASSEMBLY_USAGE_OCCURRENCE('Cover:1','Cover:1','Cover:1',#3357,
#3358,'Cover:1');
#15=SHAPE_REPRESENTATION_RELATIONSHIP('SRR','None',#3355,#17);
#16=SHAPE_REPRESENTATION_RELATIONSHIP('SRR','None',#3354,#18);
#17=ADVANCED_BREP_SHAPE_REPRESENTATION('',(#22),#3343);
#18=ADVANCED_BREP_SHAPE_REPRESENTATION('',(#23,#24),#3342);
#19=STYLED_ITEM('',(#3370),#22);
#20=STYLED_ITEM('',(#3369),#23);
#21=STYLED_ITEM('',(#3369),#24);
#22=MANIFOLD_SOLID_BREP('Cover',#2016);
#23=MANIFOLD_SOLID_BREP('F',#2017);
#24=MANIFOLD_SOLID_BREP('L (2)',#2018);
#25=CONICAL_SURFACE('',#2136,1.67873815390345,0.785398163397447);
#26=CONICAL_SURFACE('',#2139,1.67873815390345,0.785398163397448);
#27=CONICAL_SURFACE('',#2142,0.97,0.785398163397448);
#28=CONICAL_SURFACE('',#2145,0.970000000000001,0.785398163397447);
#29=CYLINDRICAL_SURFACE('',#2054,2.);
#30=CYLINDRICAL_SURFACE('',#2074,2.);
#31=CYLINDRICAL_SURFACE('',#2105,2.50000000000001);
#32=CYLINDRICAL_SURFACE('',#2124,2.5);
#33=CYLINDRICAL_SURFACE('',#2150,1.52873815390345);
#34=CYLINDRICAL_SURFACE('',#2152,1.52873815390345);
#35=CYLINDRICAL_SURFACE('',#2160,1.02999998793006);
#36=CYLINDRICAL_SURFACE('',#2163,1.02999998793006);
#37=CYLINDRICAL_SURFACE('',#2173,1.12);
#38=CYLINDRICAL_SURFACE('',#2174,1.12);
#39=FACE_BOUND('',#215,.T.);
#40=FACE_BOUND('',#216,.T.);
#41=FACE_BOUND('',#234,.T.);
#42=FACE_BOUND('',#290,.T.);
#43=CIRCLE('',#2041,2.);
#44=CIRCLE('',#2044,2.);
#45=CIRCLE('',#2045,2.5);
#46=CIRCLE('',#2046,2.50000000000001);
#47=CIRCLE('',#2047,2.);
#48=CIRCLE('',#2048,1.52873815390345);
#49=CIRCLE('',#2049,1.52873815390345);
#50=CIRCLE('',#2055,2.);
#51=CIRCLE('',#2056,2.);
#52=CIRCLE('',#2059,2.);
#53=CIRCLE('',#2060,2.);
#54=CIRCLE('',#2063,2.);
#55=CIRCLE('',#2072,2.50000000000001);
#56=CIRCLE('',#2075,2.);
#57=CIRCLE('',#2076,2.);
#58=CIRCLE('',#2078,2.);
#59=CIRCLE('',#2079,2.);
#60=CIRCLE('',#2086,2.50000000000001);
#61=CIRCLE('',#2087,2.5);
#62=CIRCLE('',#2088,1.82873815390345);
#63=CIRCLE('',#2089,1.82873815390345);
#64=CIRCLE('',#2090,0.820000000000001);
#65=CIRCLE('',#2091,0.82);
#66=CIRCLE('',#2093,2.5);
#67=CIRCLE('',#2104,2.50000000000001);
#68=CIRCLE('',#2106,2.50000000000001);
#69=CIRCLE('',#2107,2.50000000000001);
#70=CIRCLE('',#2111,2.5);
#71=CIRCLE('',#2113,2.5);
#72=CIRCLE('',#2123,2.5);
#73=CIRCLE('',#2137,1.52873815390345);
#74=CIRCLE('',#2140,1.52873815390345);
#75=CIRCLE('',#2143,1.12);
#76=CIRCLE('',#2146,1.12);
#77=CIRCLE('',#2156,1.02999998793006);
#78=CIRCLE('',#2157,1.02999998793006);
#79=CIRCLE('',#2161,1.02999998793006);
#80=CIRCLE('',#2164,1.02999998793006);
#81=CIRCLE('',#2168,1.12);
#82=CIRCLE('',#2169,1.12);
#83=ELLIPSE('',#2039,2.82842712474619,2.);
#84=ELLIPSE('',#2057,2.82842712474619,2.);
#85=ELLIPSE('',#2058,2.82842923209253,2.);
#86=ELLIPSE('',#2061,2.82840157373687,2.);
#87=ELLIPSE('',#2062,2.82842601839161,2.);
#88=ELLIPSE('',#2066,3.53550196717111,2.50000000000001);
#89=ELLIPSE('',#2077,2.82842923209253,2.);
#90=ELLIPSE('',#2080,2.82842601839161,2.);
#91=ELLIPSE('',#2081,2.82843691076872,2.);
#92=ELLIPSE('',#2083,3.53553252298951,2.5);
#93=ELLIPSE('',#2097,3.53553252298953,2.50000000000001);
#94=ELLIPSE('',#2100,3.5355461384609,2.5);
#95=ELLIPSE('',#2108,3.53554869259581,2.50000000000001);
#96=ELLIPSE('',#2109,3.53553390593274,2.50000000000001);
#97=ELLIPSE('',#2117,3.5355486925958,2.5);
#98=ELLIPSE('',#2119,3.53553390593273,2.5);
#99=FACE_OUTER_BOUND('',#206,.T.);
#100=FACE_OUTER_BOUND('',#207,.T.);
#101=FACE_OUTER_BOUND('',#208,.T.);
#102=FACE_OUTER_BOUND('',#209,.T.);
#103=FACE_OUTER_BOUND('',#210,.T.);
#104=FACE_OUTER_BOUND('',#211,.T.);
#105=FACE_OUTER_BOUND('',#212,.T.);
#106=FACE_OUTER_BOUND('',#213,.T.);
#107=FACE_OUTER_BOUND('',#214,.T.);
#108=FACE_OUTER_BOUND('',#217,.T.);
#109=FACE_OUTER_BOUND('',#218,.T.);
#110=FACE_OUTER_BOUND('',#219,.T.);
#111=FACE_OUTER_BOUND('',#220,.T.);
#112=FACE_OUTER_BOUND('',#221,.T.);
#113=FACE_OUTER_BOUND('',#222,.T.);
#114=FACE_OUTER_BOUND('',#223,.T.);
#115=FACE_OUTER_BOUND('',#224,.T.);
#116=FACE_OUTER_BOUND('',#225,.T.);
#117=FACE_OUTER_BOUND('',#226,.T.);
#118=FACE_OUTER_BOUND('',#227,.T.);
#119=FACE_OUTER_BOUND('',#228,.T.);
#120=FACE_OUTER_BOUND('',#229,.T.);
#121=FACE_OUTER_BOUND('',#230,.T.);
#122=FACE_OUTER_BOUND('',#231,.T.);
#123=FACE_OUTER_BOUND('',#232,.T.);
#124=FACE_OUTER_BOUND('',#233,.T.);
#125=FACE_OUTER_BOUND('',#235,.T.);
#126=FACE_OUTER_BOUND('',#236,.T.);
#127=FACE_OUTER_BOUND('',#237,.T.);
#128=FACE_OUTER_BOUND('',#238,.T.);
#129=FACE_OUTER_BOUND('',#239,.T.);
#130=FACE_OUTER_BOUND('',#240,.T.);
#131=FACE_OUTER_BOUND('',#241,.T.);
#132=FACE_OUTER_BOUND('',#242,.T.);
#133=FACE_OUTER_BOUND('',#243,.T.);
#134=FACE_OUTER_BOUND('',#244,.T.);
#135=FACE_OUTER_BOUND('',#245,.T.);
#136=FACE_OUTER_BOUND('',#246,.T.);
#137=FACE_OUTER_BOUND('',#247,.T.);
#138=FACE_OUTER_BOUND('',#248,.T.);
#139=FACE_OUTER_BOUND('',#249,.T.);
#140=FACE_OUTER_BOUND('',#250,.T.);
#141=FACE_OUTER_BOUND('',#251,.T.);
#142=FACE_OUTER_BOUND('',#252,.T.);
#143=FACE_OUTER_BOUND('',#253,.T.);
#144=FACE_OUTER_BOUND('',#254,.T.);
#145=FACE_OUTER_BOUND('',#255,.T.);
#146=FACE_OUTER_BOUND('',#256,.T.);
#147=FACE_OUTER_BOUND('',#257,.T.);
#148=FACE_OUTER_BOUND('',#258,.T.);
#149=FACE_OUTER_BOUND('',#259,.T.);
#150=FACE_OUTER_BOUND('',#260,.T.);
#151=FACE_OUTER_BOUND('',#261,.T.);
#152=FACE_OUTER_BOUND('',#262,.T.);
#153=FACE_OUTER_BOUND('',#263,.T.);
#154=FACE_OUTER_BOUND('',#264,.T.);
#155=FACE_OUTER_BOUND('',#265,.T.);
#156=FACE_OUTER_BOUND('',#266,.T.);
#157=FACE_OUTER_BOUND('',#267,.T.);
#158=FACE_OUTER_BOUND('',#268,.T.);
#159=FACE_OUTER_BOUND('',#269,.T.);
#160=FACE_OUTER_BOUND('',#270,.T.);
#161=FACE_OUTER_BOUND('',#271,.T.);
#162=FACE_OUTER_BOUND('',#272,.T.);
#163=FACE_OUTER_BOUND('',#273,.T.);
#164=FACE_OUTER_BOUND('',#274,.T.);
#165=FACE_OUTER_BOUND('',#275,.T.);
#166=FACE_OUTER_BOUND('',#276,.T.);
#167=FACE_OUTER_BOUND('',#277,.T.);
#168=FACE_OUTER_BOUND('',#278,.T.);
#169=FACE_OUTER_BOUND('',#279,.T.);
#170=FACE_OUTER_BOUND('',#280,.T.);
#171=FACE_OUTER_BOUND('',#281,.T.);
#172=FACE_OUTER_BOUND('',#282,.T.);
#173=FACE_OUTER_BOUND('',#283,.T.);
#174=FACE_OUTER_BOUND('',#284,.T.);
#175=FACE_OUTER_BOUND('',#285,.T.);
#176=FACE_OUTER_BOUND('',#286,.T.);
#177=FACE_OUTER_BOUND('',#287,.T.);
#178=FACE_OUTER_BOUND('',#288,.T.);
#179=FACE_OUTER_BOUND('',#289,.T.);
#180=FACE_OUTER_BOUND('',#291,.T.);
#181=FACE_OUTER_BOUND('',#292,.T.);
#182=FACE_OUTER_BOUND('',#293,.T.);
#183=FACE_OUTER_BOUND('',#294,.T.);
#184=FACE_OUTER_BOUND('',#295,.T.);
#185=FACE_OUTER_BOUND('',#296,.T.);
#186=FACE_OUTER_BOUND('',#297,.T.);
#187=FACE_OUTER_BOUND('',#298,.T.);
#188=FACE_OUTER_BOUND('',#299,.T.);
#189=FACE_OUTER_BOUND('',#300,.T.);
#190=FACE_OUTER_BOUND('',#301,.T.);
#191=FACE_OUTER_BOUND('',#302,.T.);
#192=FACE_OUTER_BOUND('',#303,.T.);
#193=FACE_OUTER_BOUND('',#304,.T.);
#194=FACE_OUTER_BOUND('',#305,.T.);
#195=FACE_OUTER_BOUND('',#306,.T.);
#196=FACE_OUTER_BOUND('',#307,.T.);
#197=FACE_OUTER_BOUND('',#308,.T.);
#198=FACE_OUTER_BOUND('',#309,.T.);
#199=FACE_OUTER_BOUND('',#310,.T.);
#200=FACE_OUTER_BOUND('',#311,.T.);
#201=FACE_OUTER_BOUND('',#312,.T.);
#202=FACE_OUTER_BOUND('',#313,.T.);
#203=FACE_OUTER_BOUND('',#314,.T.);
#204=FACE_OUTER_BOUND('',#315,.T.);
#205=FACE_OUTER_BOUND('',#316,.T.);
#206=EDGE_LOOP('',(#1246,#1247,#1248,#1249,#1250,#1251));
#207=EDGE_LOOP('',(#1252,#1253,#1254,#1255));
#208=EDGE_LOOP('',(#1256,#1257,#1258,#1259));
#209=EDGE_LOOP('',(#1260,#1261,#1262,#1263));
#210=EDGE_LOOP('',(#1264,#1265,#1266,#1267,#1268,#1269));
#211=EDGE_LOOP('',(#1270,#1271,#1272,#1273));
#212=EDGE_LOOP('',(#1274,#1275,#1276,#1277));
#213=EDGE_LOOP('',(#1278,#1279,#1280,#1281,#1282,#1283,#1284,#1285,#1286,
#1287,#1288,#1289,#1290,#1291,#1292,#1293));
#214=EDGE_LOOP('',(#1294,#1295,#1296,#1297,#1298,#1299,#1300,#1301,#1302,
#1303,#1304,#1305));
#215=EDGE_LOOP('',(#1306,#1307,#1308,#1309,#1310,#1311));
#216=EDGE_LOOP('',(#1312,#1313,#1314,#1315,#1316,#1317));
#217=EDGE_LOOP('',(#1318,#1319,#1320,#1321));
#218=EDGE_LOOP('',(#1322,#1323,#1324,#1325));
#219=EDGE_LOOP('',(#1326,#1327,#1328,#1329));
#220=EDGE_LOOP('',(#1330,#1331,#1332,#1333));
#221=EDGE_LOOP('',(#1334,#1335,#1336,#1337,#1338,#1339,#1340,#1341,#1342,
#1343,#1344,#1345,#1346,#1347,#1348,#1349));
#222=EDGE_LOOP('',(#1350,#1351,#1352,#1353));
#223=EDGE_LOOP('',(#1354,#1355,#1356,#1357));
#224=EDGE_LOOP('',(#1358,#1359,#1360,#1361));
#225=EDGE_LOOP('',(#1362,#1363,#1364,#1365));
#226=EDGE_LOOP('',(#1366,#1367,#1368,#1369));
#227=EDGE_LOOP('',(#1370,#1371,#1372,#1373));
#228=EDGE_LOOP('',(#1374,#1375,#1376,#1377));
#229=EDGE_LOOP('',(#1378,#1379,#1380,#1381));
#230=EDGE_LOOP('',(#1382,#1383,#1384,#1385,#1386,#1387,#1388,#1389,#1390,
#1391,#1392,#1393,#1394,#1395,#1396,#1397));
#231=EDGE_LOOP('',(#1398,#1399,#1400,#1401));
#232=EDGE_LOOP('',(#1402,#1403,#1404,#1405));
#233=EDGE_LOOP('',(#1406,#1407,#1408,#1409,#1410,#1411,#1412,#1413));
#234=EDGE_LOOP('',(#1414,#1415,#1416,#1417,#1418,#1419,#1420,#1421,#1422,
#1423,#1424,#1425));
#235=EDGE_LOOP('',(#1426,#1427,#1428,#1429));
#236=EDGE_LOOP('',(#1430,#1431,#1432,#1433));
#237=EDGE_LOOP('',(#1434,#1435,#1436,#1437));
#238=EDGE_LOOP('',(#1438,#1439,#1440,#1441));
#239=EDGE_LOOP('',(#1442,#1443,#1444,#1445));
#240=EDGE_LOOP('',(#1446,#1447,#1448,#1449));
#241=EDGE_LOOP('',(#1450,#1451,#1452,#1453));
#242=EDGE_LOOP('',(#1454,#1455,#1456,#1457));
#243=EDGE_LOOP('',(#1458,#1459,#1460,#1461));
#244=EDGE_LOOP('',(#1462,#1463,#1464,#1465,#1466,#1467,#1468,#1469,#1470,
#1471,#1472,#1473,#1474,#1475,#1476,#1477));
#245=EDGE_LOOP('',(#1478,#1479,#1480,#1481));
#246=EDGE_LOOP('',(#1482,#1483,#1484,#1485));
#247=EDGE_LOOP('',(#1486,#1487,#1488,#1489));
#248=EDGE_LOOP('',(#1490,#1491,#1492,#1493));
#249=EDGE_LOOP('',(#1494,#1495,#1496,#1497));
#250=EDGE_LOOP('',(#1498,#1499,#1500,#1501));
#251=EDGE_LOOP('',(#1502,#1503,#1504,#1505));
#252=EDGE_LOOP('',(#1506,#1507,#1508,#1509));
#253=EDGE_LOOP('',(#1510,#1511,#1512,#1513));
#254=EDGE_LOOP('',(#1514,#1515,#1516,#1517,#1518,#1519,#1520,#1521,#1522,
#1523,#1524,#1525,#1526,#1527,#1528,#1529));
#255=EDGE_LOOP('',(#1530,#1531,#1532,#1533));
#256=EDGE_LOOP('',(#1534,#1535,#1536,#1537));
#257=EDGE_LOOP('',(#1538,#1539,#1540,#1541,#1542));
#258=EDGE_LOOP('',(#1543,#1544,#1545,#1546));
#259=EDGE_LOOP('',(#1547,#1548,#1549,#1550,#1551));
#260=EDGE_LOOP('',(#1552,#1553,#1554,#1555,#1556,#1557));
#261=EDGE_LOOP('',(#1558,#1559,#1560,#1561));
#262=EDGE_LOOP('',(#1562,#1563,#1564,#1565,#1566,#1567,#1568,#1569));
#263=EDGE_LOOP('',(#1570,#1571,#1572,#1573));
#264=EDGE_LOOP('',(#1574,#1575,#1576,#1577));
#265=EDGE_LOOP('',(#1578,#1579,#1580,#1581));
#266=EDGE_LOOP('',(#1582,#1583,#1584,#1585));
#267=EDGE_LOOP('',(#1586,#1587,#1588,#1589));
#268=EDGE_LOOP('',(#1590,#1591,#1592,#1593));
#269=EDGE_LOOP('',(#1594,#1595,#1596,#1597));
#270=EDGE_LOOP('',(#1598,#1599,#1600,#1601));
#271=EDGE_LOOP('',(#1602,#1603,#1604,#1605));
#272=EDGE_LOOP('',(#1606,#1607,#1608,#1609));
#273=EDGE_LOOP('',(#1610,#1611,#1612,#1613));
#274=EDGE_LOOP('',(#1614,#1615,#1616,#1617));
#275=EDGE_LOOP('',(#1618,#1619,#1620,#1621));
#276=EDGE_LOOP('',(#1622,#1623,#1624,#1625));
#277=EDGE_LOOP('',(#1626,#1627,#1628,#1629));
#278=EDGE_LOOP('',(#1630,#1631,#1632,#1633));
#279=EDGE_LOOP('',(#1634,#1635,#1636,#1637));
#280=EDGE_LOOP('',(#1638,#1639,#1640,#1641));
#281=EDGE_LOOP('',(#1642,#1643,#1644,#1645));
#282=EDGE_LOOP('',(#1646,#1647,#1648,#1649,#1650,#1651,#1652,#1653,#1654,
#1655));
#283=EDGE_LOOP('',(#1656,#1657,#1658,#1659,#1660,#1661,#1662,#1663,#1664,
#1665));
#284=EDGE_LOOP('',(#1666,#1667,#1668,#1669));
#285=EDGE_LOOP('',(#1670,#1671,#1672,#1673));
#286=EDGE_LOOP('',(#1674,#1675,#1676,#1677));
#287=EDGE_LOOP('',(#1678,#1679,#1680,#1681));
#288=EDGE_LOOP('',(#1682,#1683,#1684,#1685));
#289=EDGE_LOOP('',(#1686,#1687,#1688,#1689,#1690,#1691));
#290=EDGE_LOOP('',(#1692,#1693,#1694,#1695));
#291=EDGE_LOOP('',(#1696,#1697,#1698,#1699));
#292=EDGE_LOOP('',(#1700,#1701,#1702,#1703));
#293=EDGE_LOOP('',(#1704,#1705,#1706,#1707));
#294=EDGE_LOOP('',(#1708,#1709,#1710,#1711));
#295=EDGE_LOOP('',(#1712,#1713,#1714,#1715));
#296=EDGE_LOOP('',(#1716,#1717,#1718,#1719));
#297=EDGE_LOOP('',(#1720,#1721,#1722,#1723));
#298=EDGE_LOOP('',(#1724,#1725,#1726,#1727));
#299=EDGE_LOOP('',(#1728,#1729,#1730,#1731));
#300=EDGE_LOOP('',(#1732,#1733,#1734,#1735));
#301=EDGE_LOOP('',(#1736,#1737,#1738,#1739));
#302=EDGE_LOOP('',(#1740,#1741,#1742,#1743));
#303=EDGE_LOOP('',(#1744,#1745,#1746,#1747));
#304=EDGE_LOOP('',(#1748,#1749,#1750,#1751));
#305=EDGE_LOOP('',(#1752,#1753,#1754,#1755));
#306=EDGE_LOOP('',(#1756,#1757,#1758,#1759));
#307=EDGE_LOOP('',(#1760,#1761,#1762,#1763,#1764,#1765,#1766,#1767,#1768,
#1769));
#308=EDGE_LOOP('',(#1770,#1771,#1772,#1773,#1774,#1775,#1776,#1777,#1778,
#1779));
#309=EDGE_LOOP('',(#1780,#1781,#1782,#1783));
#310=EDGE_LOOP('',(#1784,#1785,#1786,#1787));
#311=EDGE_LOOP('',(#1788,#1789,#1790,#1791));
#312=EDGE_LOOP('',(#1792,#1793,#1794,#1795));
#313=EDGE_LOOP('',(#1796,#1797,#1798,#1799));
#314=EDGE_LOOP('',(#1800,#1801,#1802,#1803));
#315=EDGE_LOOP('',(#1804,#1805,#1806,#1807,#1808,#1809));
#316=EDGE_LOOP('',(#1810,#1811,#1812,#1813,#1814,#1815));
#317=LINE('',#2763,#546);
#318=LINE('',#2765,#547);
#319=LINE('',#2767,#548);
#320=LINE('',#2769,#549);
#321=LINE('',#2771,#550);
#322=LINE('',#2772,#551);
#323=LINE('',#2775,#552);
#324=LINE('',#2777,#553);
#325=LINE('',#2778,#554);
#326=LINE('',#2781,#555);
#327=LINE('',#2782,#556);
#328=LINE('',#2785,#557);
#329=LINE('',#2786,#558);
#330=LINE('',#2790,#559);
#331=LINE('',#2792,#560);
#332=LINE('',#2794,#561);
#333=LINE('',#2796,#562);
#334=LINE('',#2798,#563);
#335=LINE('',#2799,#564);
#336=LINE('',#2802,#565);
#337=LINE('',#2805,#566);
#338=LINE('',#2808,#567);
#339=LINE('',#2812,#568);
#340=LINE('',#2814,#569);
#341=LINE('',#2816,#570);
#342=LINE('',#2818,#571);
#343=LINE('',#2820,#572);
#344=LINE('',#2822,#573);
#345=LINE('',#2824,#574);
#346=LINE('',#2825,#575);
#347=LINE('',#2827,#576);
#348=LINE('',#2829,#577);
#349=LINE('',#2831,#578);
#350=LINE('',#2832,#579);
#351=LINE('',#2837,#580);
#352=LINE('',#2841,#581);
#353=LINE('',#2845,#582);
#354=LINE('',#2849,#583);
#355=LINE('',#2851,#584);
#356=LINE('',#2853,#585);
#357=LINE('',#2854,#586);
#358=LINE('',#2857,#587);
#359=LINE('',#2859,#588);
#360=LINE('',#2861,#589);
#361=LINE('',#2863,#590);
#362=LINE('',#2865,#591);
#363=LINE('',#2866,#592);
#364=LINE('',#2869,#593);
#365=LINE('',#2873,#594);
#366=LINE('',#2875,#595);
#367=LINE('',#2877,#596);
#368=LINE('',#2881,#597);
#369=LINE('',#2882,#598);
#370=LINE('',#2884,#599);
#371=LINE('',#2888,#600);
#372=LINE('',#2890,#601);
#373=LINE('',#2892,#602);
#374=LINE('',#2893,#603);
#375=LINE('',#2895,#604);
#376=LINE('',#2896,#605);
#377=LINE('',#2905,#606);
#378=LINE('',#2910,#607);
#379=LINE('',#2912,#608);
#380=LINE('',#2918,#609);
#381=LINE('',#2923,#610);
#382=LINE('',#2926,#611);
#383=LINE('',#2928,#612);
#384=LINE('',#2929,#613);
#385=LINE('',#2932,#614);
#386=LINE('',#2936,#615);
#387=LINE('',#2937,#616);
#388=LINE('',#2940,#617);
#389=LINE('',#2941,#618);
#390=LINE('',#2944,#619);
#391=LINE('',#2945,#620);
#392=LINE('',#2948,#621);
#393=LINE('',#2949,#622);
#394=LINE('',#2954,#623);
#395=LINE('',#2955,#624);
#396=LINE('',#2960,#625);
#397=LINE('',#2965,#626);
#398=LINE('',#2969,#627);
#399=LINE('',#2975,#628);
#400=LINE('',#2979,#629);
#401=LINE('',#2982,#630);
#402=LINE('',#2985,#631);
#403=LINE('',#2987,#632);
#404=LINE('',#2988,#633);
#405=LINE('',#2991,#634);
#406=LINE('',#2995,#635);
#407=LINE('',#3001,#636);
#408=LINE('',#3005,#637);
#409=LINE('',#3007,#638);
#410=LINE('',#3009,#639);
#411=LINE('',#3013,#640);
#412=LINE('',#3017,#641);
#413=LINE('',#3019,#642);
#414=LINE('',#3020,#643);
#415=LINE('',#3024,#644);
#416=LINE('',#3026,#645);
#417=LINE('',#3030,#646);
#418=LINE('',#3033,#647);
#419=LINE('',#3034,#648);
#420=LINE('',#3038,#649);
#421=LINE('',#3041,#650);
#422=LINE('',#3042,#651);
#423=LINE('',#3044,#652);
#424=LINE('',#3048,#653);
#425=LINE('',#3053,#654);
#426=LINE('',#3054,#655);
#427=LINE('',#3056,#656);
#428=LINE('',#3062,#657);
#429=LINE('',#3066,#658);
#430=LINE('',#3069,#659);
#431=LINE('',#3072,#660);
#432=LINE('',#3075,#661);
#433=LINE('',#3079,#662);
#434=LINE('',#3081,#663);
#435=LINE('',#3082,#664);
#436=LINE('',#3090,#665);
#437=LINE('',#3091,#666);
#438=LINE('',#3095,#667);
#439=LINE('',#3096,#668);
#440=LINE('',#3101,#669);
#441=LINE('',#3102,#670);
#442=LINE('',#3105,#671);
#443=LINE('',#3106,#672);
#444=LINE('',#3109,#673);
#445=LINE('',#3110,#674);
#446=LINE('',#3113,#675);
#447=LINE('',#3114,#676);
#448=LINE('',#3117,#677);
#449=LINE('',#3119,#678);
#450=LINE('',#3120,#679);
#451=LINE('',#3123,#680);
#452=LINE('',#3125,#681);
#453=LINE('',#3127,#682);
#454=LINE('',#3129,#683);
#455=LINE('',#3130,#684);
#456=LINE('',#3131,#685);
#457=LINE('',#3134,#686);
#458=LINE('',#3135,#687);
#459=LINE('',#3136,#688);
#460=LINE('',#3138,#689);
#461=LINE('',#3141,#690);
#462=LINE('',#3142,#691);
#463=LINE('',#3145,#692);
#464=LINE('',#3149,#693);
#465=LINE('',#3150,#694);
#466=LINE('',#3153,#695);
#467=LINE('',#3156,#696);
#468=LINE('',#3159,#697);
#469=LINE('',#3163,#698);
#470=LINE('',#3164,#699);
#471=LINE('',#3167,#700);
#472=LINE('',#3170,#701);
#473=LINE('',#3172,#702);
#474=LINE('',#3174,#703);
#475=LINE('',#3175,#704);
#476=LINE('',#3178,#705);
#477=LINE('',#3181,#706);
#478=LINE('',#3188,#707);
#479=LINE('',#3191,#708);
#480=LINE('',#3194,#709);
#481=LINE('',#3195,#710);
#482=LINE('',#3198,#711);
#483=LINE('',#3199,#712);
#484=LINE('',#3204,#713);
#485=LINE('',#3205,#714);
#486=LINE('',#3208,#715);
#487=LINE('',#3209,#716);
#488=LINE('',#3213,#717);
#489=LINE('',#3215,#718);
#490=LINE('',#3218,#719);
#491=LINE('',#3219,#720);
#492=LINE('',#3222,#721);
#493=LINE('',#3226,#722);
#494=LINE('',#3229,#723);
#495=LINE('',#3231,#724);
#496=LINE('',#3234,#725);
#497=LINE('',#3236,#726);
#498=LINE('',#3241,#727);
#499=LINE('',#3243,#728);
#500=LINE('',#3245,#729);
#501=LINE('',#3246,#730);
#502=LINE('',#3249,#731);
#503=LINE('',#3251,#732);
#504=LINE('',#3252,#733);
#505=LINE('',#3255,#734);
#506=LINE('',#3257,#735);
#507=LINE('',#3258,#736);
#508=LINE('',#3261,#737);
#509=LINE('',#3263,#738);
#510=LINE('',#3264,#739);
#511=LINE('',#3267,#740);
#512=LINE('',#3269,#741);
#513=LINE('',#3270,#742);
#514=LINE('',#3273,#743);
#515=LINE('',#3275,#744);
#516=LINE('',#3276,#745);
#517=LINE('',#3279,#746);
#518=LINE('',#3281,#747);
#519=LINE('',#3282,#748);
#520=LINE('',#3285,#749);
#521=LINE('',#3287,#750);
#522=LINE('',#3288,#751);
#523=LINE('',#3291,#752);
#524=LINE('',#3293,#753);
#525=LINE('',#3294,#754);
#526=LINE('',#3296,#755);
#527=LINE('',#3297,#756);
#528=LINE('',#3303,#757);
#529=LINE('',#3305,#758);
#530=LINE('',#3307,#759);
#531=LINE('',#3308,#760);
#532=LINE('',#3311,#761);
#533=LINE('',#3313,#762);
#534=LINE('',#3314,#763);
#535=LINE('',#3317,#764);
#536=LINE('',#3319,#765);
#537=LINE('',#3320,#766);
#538=LINE('',#3323,#767);
#539=LINE('',#3325,#768);
#540=LINE('',#3326,#769);
#541=LINE('',#3329,#770);
#542=LINE('',#3331,#771);
#543=LINE('',#3332,#772);
#544=LINE('',#3334,#773);
#545=LINE('',#3335,#774);
#546=VECTOR('',#2203,10.);
#547=VECTOR('',#2204,10.);
#548=VECTOR('',#2205,10.);
#549=VECTOR('',#2206,10.);
#550=VECTOR('',#2207,10.);
#551=VECTOR('',#2208,10.);
#552=VECTOR('',#2211,10.);
#553=VECTOR('',#2212,10.);
#554=VECTOR('',#2213,10.);
#555=VECTOR('',#2216,10.);
#556=VECTOR('',#2217,10.);
#557=VECTOR('',#2220,10.);
#558=VECTOR('',#2221,10.);
#559=VECTOR('',#2224,10.);
#560=VECTOR('',#2225,10.);
#561=VECTOR('',#2226,10.);
#562=VECTOR('',#2227,10.);
#563=VECTOR('',#2228,10.);
#564=VECTOR('',#2229,10.);
#565=VECTOR('',#2232,10.);
#566=VECTOR('',#2235,10.);
#567=VECTOR('',#2238,10.);
#568=VECTOR('',#2243,10.);
#569=VECTOR('',#2244,10.);
#570=VECTOR('',#2245,10.);
#571=VECTOR('',#2246,10.);
#572=VECTOR('',#2247,10.);
#573=VECTOR('',#2248,10.);
#574=VECTOR('',#2249,10.);
#575=VECTOR('',#2250,10.);
#576=VECTOR('',#2251,10.);
#577=VECTOR('',#2252,10.);
#578=VECTOR('',#2253,10.);
#579=VECTOR('',#2254,10.);
#580=VECTOR('',#2259,10.);
#581=VECTOR('',#2262,10.);
#582=VECTOR('',#2265,10.);
#583=VECTOR('',#2268,10.);
#584=VECTOR('',#2269,10.);
#585=VECTOR('',#2270,10.);
#586=VECTOR('',#2271,10.);
#587=VECTOR('',#2272,10.);
#588=VECTOR('',#2273,10.);
#589=VECTOR('',#2274,10.);
#590=VECTOR('',#2275,10.);
#591=VECTOR('',#2276,10.);
#592=VECTOR('',#2277,10.);
#593=VECTOR('',#2278,10.);
#594=VECTOR('',#2281,10.);
#595=VECTOR('',#2282,10.);
#596=VECTOR('',#2283,10.);
#597=VECTOR('',#2288,10.);
#598=VECTOR('',#2289,10.);
#599=VECTOR('',#2292,10.);
#600=VECTOR('',#2295,10.);
#601=VECTOR('',#2296,10.);
#602=VECTOR('',#2297,10.);
#603=VECTOR('',#2298,10.);
#604=VECTOR('',#2301,10.);
#605=VECTOR('',#2302,10.);
#606=VECTOR('',#2311,10.);
#607=VECTOR('',#2316,10.);
#608=VECTOR('',#2317,10.);
#609=VECTOR('',#2322,10.);
#610=VECTOR('',#2327,10.);
#611=VECTOR('',#2330,10.);
#612=VECTOR('',#2331,10.);
#613=VECTOR('',#2332,10.);
#614=VECTOR('',#2335,10.);
#615=VECTOR('',#2340,10.);
#616=VECTOR('',#2341,10.);
#617=VECTOR('',#2344,10.);
#618=VECTOR('',#2345,10.);
#619=VECTOR('',#2348,10.);
#620=VECTOR('',#2349,10.);
#621=VECTOR('',#2352,10.);
#622=VECTOR('',#2353,10.);
#623=VECTOR('',#2360,10.);
#624=VECTOR('',#2361,10.);
#625=VECTOR('',#2366,10.);
#626=VECTOR('',#2371,10.);
#627=VECTOR('',#2374,10.);
#628=VECTOR('',#2379,10.);
#629=VECTOR('',#2384,10.);
#630=VECTOR('',#2387,10.);
#631=VECTOR('',#2390,10.);
#632=VECTOR('',#2391,10.);
#633=VECTOR('',#2392,10.);
#634=VECTOR('',#2395,10.);
#635=VECTOR('',#2398,10.);
#636=VECTOR('',#2403,10.);
#637=VECTOR('',#2406,10.);
#638=VECTOR('',#2407,10.);
#639=VECTOR('',#2408,10.);
#640=VECTOR('',#2411,10.);
#641=VECTOR('',#2414,10.);
#642=VECTOR('',#2415,10.);
#643=VECTOR('',#2416,10.);
#644=VECTOR('',#2423,10.);
#645=VECTOR('',#2426,10.);
#646=VECTOR('',#2431,10.);
#647=VECTOR('',#2434,10.);
#648=VECTOR('',#2435,10.);
#649=VECTOR('',#2440,10.);
#650=VECTOR('',#2443,10.);
#651=VECTOR('',#2444,10.);
#652=VECTOR('',#2447,10.);
#653=VECTOR('',#2452,10.);
#654=VECTOR('',#2457,10.);
#655=VECTOR('',#2458,10.);
#656=VECTOR('',#2459,10.);
#657=VECTOR('',#2464,10.);
#658=VECTOR('',#2469,10.);
#659=VECTOR('',#2472,10.);
#660=VECTOR('',#2475,10.);
#661=VECTOR('',#2478,10.);
#662=VECTOR('',#2483,10.);
#663=VECTOR('',#2484,10.);
#664=VECTOR('',#2485,10.);
#665=VECTOR('',#2498,10.);
#666=VECTOR('',#2499,10.);
#667=VECTOR('',#2506,10.);
#668=VECTOR('',#2507,10.);
#669=VECTOR('',#2514,10.);
#670=VECTOR('',#2515,10.);
#671=VECTOR('',#2518,10.);
#672=VECTOR('',#2519,10.);
#673=VECTOR('',#2522,10.);
#674=VECTOR('',#2523,10.);
#675=VECTOR('',#2526,10.);
#676=VECTOR('',#2527,10.);
#677=VECTOR('',#2530,10.);
#678=VECTOR('',#2531,10.);
#679=VECTOR('',#2532,10.);
#680=VECTOR('',#2535,10.);
#681=VECTOR('',#2536,10.);
#682=VECTOR('',#2537,10.);
#683=VECTOR('',#2538,10.);
#684=VECTOR('',#2539,10.);
#685=VECTOR('',#2540,10.);
#686=VECTOR('',#2543,10.);
#687=VECTOR('',#2544,10.);
#688=VECTOR('',#2545,10.);
#689=VECTOR('',#2548,10.);
#690=VECTOR('',#2551,10.);
#691=VECTOR('',#2552,10.);
#692=VECTOR('',#2555,10.);
#693=VECTOR('',#2560,10.);
#694=VECTOR('',#2561,10.);
#695=VECTOR('',#2564,10.);
#696=VECTOR('',#2569,10.);
#697=VECTOR('',#2572,10.);
#698=VECTOR('',#2577,10.);
#699=VECTOR('',#2578,10.);
#700=VECTOR('',#2581,10.);
#701=VECTOR('',#2586,10.);
#702=VECTOR('',#2589,10.);
#703=VECTOR('',#2592,10.);
#704=VECTOR('',#2593,10.);
#705=VECTOR('',#2598,10.);
#706=VECTOR('',#2603,10.);
#707=VECTOR('',#2610,10.);
#708=VECTOR('',#2613,10.);
#709=VECTOR('',#2616,10.);
#710=VECTOR('',#2617,10.);
#711=VECTOR('',#2620,10.);
#712=VECTOR('',#2621,10.);
#713=VECTOR('',#2626,10.);
#714=VECTOR('',#2627,10.);
#715=VECTOR('',#2630,10.);
#716=VECTOR('',#2631,10.);
#717=VECTOR('',#2636,10.);
#718=VECTOR('',#2639,10.);
#719=VECTOR('',#2642,10.);
#720=VECTOR('',#2643,10.);
#721=VECTOR('',#2646,10.);
#722=VECTOR('',#2649,10.);
#723=VECTOR('',#2654,10.);
#724=VECTOR('',#2657,10.);
#725=VECTOR('',#2662,10.);
#726=VECTOR('',#2665,10.);
#727=VECTOR('',#2670,10.);
#728=VECTOR('',#2671,10.);
#729=VECTOR('',#2672,10.);
#730=VECTOR('',#2673,10.);
#731=VECTOR('',#2676,10.);
#732=VECTOR('',#2677,10.);
#733=VECTOR('',#2678,10.);
#734=VECTOR('',#2681,10.);
#735=VECTOR('',#2682,10.);
#736=VECTOR('',#2683,10.);
#737=VECTOR('',#2686,10.);
#738=VECTOR('',#2687,10.);
#739=VECTOR('',#2688,10.);
#740=VECTOR('',#2691,10.);
#741=VECTOR('',#2692,10.);
#742=VECTOR('',#2693,10.);
#743=VECTOR('',#2696,10.);
#744=VECTOR('',#2697,10.);
#745=VECTOR('',#2698,10.);
#746=VECTOR('',#2701,10.);
#747=VECTOR('',#2702,10.);
#748=VECTOR('',#2703,10.);
#749=VECTOR('',#2706,10.);
#750=VECTOR('',#2707,10.);
#751=VECTOR('',#2708,10.);
#752=VECTOR('',#2711,10.);
#753=VECTOR('',#2712,10.);
#754=VECTOR('',#2713,10.);
#755=VECTOR('',#2716,10.);
#756=VECTOR('',#2717,10.);
#757=VECTOR('',#2724,10.);
#758=VECTOR('',#2725,10.);
#759=VECTOR('',#2726,10.);
#760=VECTOR('',#2727,10.);
#761=VECTOR('',#2730,10.);
#762=VECTOR('',#2731,10.);
#763=VECTOR('',#2732,10.);
#764=VECTOR('',#2735,10.);
#765=VECTOR('',#2736,10.);
#766=VECTOR('',#2737,10.);
#767=VECTOR('',#2740,10.);
#768=VECTOR('',#2741,10.);
#769=VECTOR('',#2742,10.);
#770=VECTOR('',#2745,10.);
#771=VECTOR('',#2746,10.);
#772=VECTOR('',#2747,10.);
#773=VECTOR('',#2750,10.);
#774=VECTOR('',#2751,10.);
#775=VERTEX_POINT('',#2761);
#776=VERTEX_POINT('',#2762);
#777=VERTEX_POINT('',#2764);
#778=VERTEX_POINT('',#2766);
#779=VERTEX_POINT('',#2768);
#780=VERTEX_POINT('',#2770);
#781=VERTEX_POINT('',#2774);
#782=VERTEX_POINT('',#2776);
#783=VERTEX_POINT('',#2780);
#784=VERTEX_POINT('',#2784);
#785=VERTEX_POINT('',#2788);
#786=VERTEX_POINT('',#2789);
#787=VERTEX_POINT('',#2791);
#788=VERTEX_POINT('',#2793);
#789=VERTEX_POINT('',#2795);
#790=VERTEX_POINT('',#2797);
#791=VERTEX_POINT('',#2801);
#792=VERTEX_POINT('',#2803);
#793=VERTEX_POINT('',#2807);
#794=VERTEX_POINT('',#2811);
#795=VERTEX_POINT('',#2813);
#796=VERTEX_POINT('',#2815);
#797=VERTEX_POINT('',#2817);
#798=VERTEX_POINT('',#2819);
#799=VERTEX_POINT('',#2821);
#800=VERTEX_POINT('',#2823);
#801=VERTEX_POINT('',#2826);
#802=VERTEX_POINT('',#2828);
#803=VERTEX_POINT('',#2830);
#804=VERTEX_POINT('',#2834);
#805=VERTEX_POINT('',#2836);
#806=VERTEX_POINT('',#2838);
#807=VERTEX_POINT('',#2840);
#808=VERTEX_POINT('',#2842);
#809=VERTEX_POINT('',#2844);
#810=VERTEX_POINT('',#2846);
#811=VERTEX_POINT('',#2848);
#812=VERTEX_POINT('',#2850);
#813=VERTEX_POINT('',#2852);
#814=VERTEX_POINT('',#2855);
#815=VERTEX_POINT('',#2856);
#816=VERTEX_POINT('',#2858);
#817=VERTEX_POINT('',#2860);
#818=VERTEX_POINT('',#2862);
#819=VERTEX_POINT('',#2864);
#820=VERTEX_POINT('',#2867);
#821=VERTEX_POINT('',#2868);
#822=VERTEX_POINT('',#2870);
#823=VERTEX_POINT('',#2872);
#824=VERTEX_POINT('',#2874);
#825=VERTEX_POINT('',#2876);
#826=VERTEX_POINT('',#2880);
#827=VERTEX_POINT('',#2886);
#828=VERTEX_POINT('',#2887);
#829=VERTEX_POINT('',#2889);
#830=VERTEX_POINT('',#2891);
#831=VERTEX_POINT('',#2898);
#832=VERTEX_POINT('',#2900);
#833=VERTEX_POINT('',#2902);
#834=VERTEX_POINT('',#2904);
#835=VERTEX_POINT('',#2906);
#836=VERTEX_POINT('',#2908);
#837=VERTEX_POINT('',#2911);
#838=VERTEX_POINT('',#2913);
#839=VERTEX_POINT('',#2915);
#840=VERTEX_POINT('',#2917);
#841=VERTEX_POINT('',#2919);
#842=VERTEX_POINT('',#2921);
#843=VERTEX_POINT('',#2925);
#844=VERTEX_POINT('',#2927);
#845=VERTEX_POINT('',#2931);
#846=VERTEX_POINT('',#2935);
#847=VERTEX_POINT('',#2939);
#848=VERTEX_POINT('',#2943);
#849=VERTEX_POINT('',#2947);
#850=VERTEX_POINT('',#2953);
#851=VERTEX_POINT('',#2957);
#852=VERTEX_POINT('',#2958);
#853=VERTEX_POINT('',#2961);
#854=VERTEX_POINT('',#2963);
#855=VERTEX_POINT('',#2966);
#856=VERTEX_POINT('',#2968);
#857=VERTEX_POINT('',#2970);
#858=VERTEX_POINT('',#2972);
#859=VERTEX_POINT('',#2974);
#860=VERTEX_POINT('',#2978);
#861=VERTEX_POINT('',#2980);
#862=VERTEX_POINT('',#2984);
#863=VERTEX_POINT('',#2986);
#864=VERTEX_POINT('',#2990);
#865=VERTEX_POINT('',#2992);
#866=VERTEX_POINT('',#2994);
#867=VERTEX_POINT('',#2997);
#868=VERTEX_POINT('',#2998);
#869=VERTEX_POINT('',#3000);
#870=VERTEX_POINT('',#3002);
#871=VERTEX_POINT('',#3004);
#872=VERTEX_POINT('',#3006);
#873=VERTEX_POINT('',#3008);
#874=VERTEX_POINT('',#3010);
#875=VERTEX_POINT('',#3012);
#876=VERTEX_POINT('',#3014);
#877=VERTEX_POINT('',#3016);
#878=VERTEX_POINT('',#3018);
#879=VERTEX_POINT('',#3028);
#880=VERTEX_POINT('',#3032);
#881=VERTEX_POINT('',#3036);
#882=VERTEX_POINT('',#3040);
#883=VERTEX_POINT('',#3046);
#884=VERTEX_POINT('',#3050);
#885=VERTEX_POINT('',#3051);
#886=VERTEX_POINT('',#3055);
#887=VERTEX_POINT('',#3057);
#888=VERTEX_POINT('',#3059);
#889=VERTEX_POINT('',#3061);
#890=VERTEX_POINT('',#3065);
#891=VERTEX_POINT('',#3067);
#892=VERTEX_POINT('',#3071);
#893=VERTEX_POINT('',#3073);
#894=VERTEX_POINT('',#3078);
#895=VERTEX_POINT('',#3080);
#896=VERTEX_POINT('',#3089);
#897=VERTEX_POINT('',#3100);
#898=VERTEX_POINT('',#3104);
#899=VERTEX_POINT('',#3108);
#900=VERTEX_POINT('',#3112);
#901=VERTEX_POINT('',#3116);
#902=VERTEX_POINT('',#3118);
#903=VERTEX_POINT('',#3122);
#904=VERTEX_POINT('',#3124);
#905=VERTEX_POINT('',#3126);
#906=VERTEX_POINT('',#3128);
#907=VERTEX_POINT('',#3133);
#908=VERTEX_POINT('',#3140);
#909=VERTEX_POINT('',#3144);
#910=VERTEX_POINT('',#3148);
#911=VERTEX_POINT('',#3152);
#912=VERTEX_POINT('',#3158);
#913=VERTEX_POINT('',#3162);
#914=VERTEX_POINT('',#3166);
#915=VERTEX_POINT('',#3184);
#916=VERTEX_POINT('',#3185);
#917=VERTEX_POINT('',#3187);
#918=VERTEX_POINT('',#3189);
#919=VERTEX_POINT('',#3193);
#920=VERTEX_POINT('',#3197);
#921=VERTEX_POINT('',#3201);
#922=VERTEX_POINT('',#3202);
#923=VERTEX_POINT('',#3207);
#924=VERTEX_POINT('',#3211);
#925=VERTEX_POINT('',#3217);
#926=VERTEX_POINT('',#3221);
#927=VERTEX_POINT('',#3223);
#928=VERTEX_POINT('',#3225);
#929=VERTEX_POINT('',#3239);
#930=VERTEX_POINT('',#3240);
#931=VERTEX_POINT('',#3242);
#932=VERTEX_POINT('',#3244);
#933=VERTEX_POINT('',#3248);
#934=VERTEX_POINT('',#3250);
#935=VERTEX_POINT('',#3254);
#936=VERTEX_POINT('',#3256);
#937=VERTEX_POINT('',#3260);
#938=VERTEX_POINT('',#3262);
#939=VERTEX_POINT('',#3266);
#940=VERTEX_POINT('',#3268);
#941=VERTEX_POINT('',#3272);
#942=VERTEX_POINT('',#3274);
#943=VERTEX_POINT('',#3278);
#944=VERTEX_POINT('',#3280);
#945=VERTEX_POINT('',#3284);
#946=VERTEX_POINT('',#3286);
#947=VERTEX_POINT('',#3290);
#948=VERTEX_POINT('',#3292);
#949=VERTEX_POINT('',#3301);
#950=VERTEX_POINT('',#3302);
#951=VERTEX_POINT('',#3304);
#952=VERTEX_POINT('',#3306);
#953=VERTEX_POINT('',#3310);
#954=VERTEX_POINT('',#3312);
#955=VERTEX_POINT('',#3316);
#956=VERTEX_POINT('',#3318);
#957=VERTEX_POINT('',#3322);
#958=VERTEX_POINT('',#3324);
#959=VERTEX_POINT('',#3328);
#960=VERTEX_POINT('',#3330);
#961=EDGE_CURVE('',#775,#776,#317,.T.);
#962=EDGE_CURVE('',#775,#777,#318,.T.);
#963=EDGE_CURVE('',#778,#777,#319,.T.);
#964=EDGE_CURVE('',#779,#778,#320,.T.);
#965=EDGE_CURVE('',#780,#779,#321,.T.);
#966=EDGE_CURVE('',#776,#780,#322,.T.);
#967=EDGE_CURVE('',#775,#781,#323,.T.);
#968=EDGE_CURVE('',#782,#781,#324,.T.);
#969=EDGE_CURVE('',#777,#782,#325,.T.);
#970=EDGE_CURVE('',#776,#783,#326,.T.);
#971=EDGE_CURVE('',#781,#783,#327,.T.);
#972=EDGE_CURVE('',#780,#784,#328,.T.);
#973=EDGE_CURVE('',#783,#784,#329,.T.);
#974=EDGE_CURVE('',#785,#786,#330,.T.);
#975=EDGE_CURVE('',#785,#787,#331,.T.);
#976=EDGE_CURVE('',#788,#787,#332,.T.);
#977=EDGE_CURVE('',#789,#788,#333,.T.);
#978=EDGE_CURVE('',#789,#790,#334,.T.);
#979=EDGE_CURVE('',#786,#790,#335,.T.);
#980=EDGE_CURVE('',#791,#786,#336,.T.);
#981=EDGE_CURVE('',#792,#791,#83,.T.);
#982=EDGE_CURVE('',#792,#785,#337,.T.);
#983=EDGE_CURVE('',#793,#790,#338,.T.);
#984=EDGE_CURVE('',#791,#793,#43,.T.);
#985=EDGE_CURVE('',#779,#794,#339,.T.);
#986=EDGE_CURVE('',#794,#795,#340,.T.);
#987=EDGE_CURVE('',#796,#795,#341,.T.);
#988=EDGE_CURVE('',#796,#797,#342,.T.);
#989=EDGE_CURVE('',#797,#798,#343,.T.);
#990=EDGE_CURVE('',#799,#798,#344,.T.);
#991=EDGE_CURVE('',#800,#799,#345,.T.);
#992=EDGE_CURVE('',#793,#800,#346,.T.);
#993=EDGE_CURVE('',#801,#789,#347,.T.);
#994=EDGE_CURVE('',#802,#801,#348,.T.);
#995=EDGE_CURVE('',#802,#803,#349,.T.);
#996=EDGE_CURVE('',#803,#784,#350,.T.);
#997=EDGE_CURVE('',#804,#802,#44,.T.);
#998=EDGE_CURVE('',#804,#805,#351,.T.);
#999=EDGE_CURVE('',#806,#805,#45,.T.);
#1000=EDGE_CURVE('',#807,#806,#352,.T.);
#1001=EDGE_CURVE('',#808,#807,#46,.T.);
#1002=EDGE_CURVE('',#808,#809,#353,.T.);
#1003=EDGE_CURVE('',#810,#809,#47,.T.);
#1004=EDGE_CURVE('',#810,#811,#354,.T.);
#1005=EDGE_CURVE('',#812,#811,#355,.T.);
#1006=EDGE_CURVE('',#812,#813,#356,.T.);
#1007=EDGE_CURVE('',#803,#813,#357,.T.);
#1008=EDGE_CURVE('',#814,#815,#358,.T.);
#1009=EDGE_CURVE('',#815,#816,#359,.T.);
#1010=EDGE_CURVE('',#816,#817,#360,.T.);
#1011=EDGE_CURVE('',#817,#818,#361,.T.);
#1012=EDGE_CURVE('',#818,#819,#362,.T.);
#1013=EDGE_CURVE('',#814,#819,#363,.T.);
#1014=EDGE_CURVE('',#820,#821,#364,.T.);
#1015=EDGE_CURVE('',#821,#822,#48,.T.);
#1016=EDGE_CURVE('',#822,#823,#365,.T.);
#1017=EDGE_CURVE('',#823,#824,#366,.T.);
#1018=EDGE_CURVE('',#824,#825,#367,.T.);
#1019=EDGE_CURVE('',#825,#820,#49,.T.);
#1020=EDGE_CURVE('',#778,#826,#368,.T.);
#1021=EDGE_CURVE('',#794,#826,#369,.T.);
#1022=EDGE_CURVE('',#826,#782,#370,.T.);
#1023=EDGE_CURVE('',#827,#828,#371,.T.);
#1024=EDGE_CURVE('',#829,#827,#372,.T.);
#1025=EDGE_CURVE('',#830,#829,#373,.F.);
#1026=EDGE_CURVE('',#830,#828,#374,.T.);
#1027=EDGE_CURVE('',#827,#814,#375,.T.);
#1028=EDGE_CURVE('',#819,#829,#376,.F.);
#1029=EDGE_CURVE('',#831,#799,#50,.T.);
#1030=EDGE_CURVE('',#798,#832,#51,.T.);
#1031=EDGE_CURVE('',#832,#833,#84,.T.);
#1032=EDGE_CURVE('',#833,#834,#377,.T.);
#1033=EDGE_CURVE('',#834,#835,#85,.T.);
#1034=EDGE_CURVE('',#835,#836,#52,.T.);
#1035=EDGE_CURVE('',#810,#836,#378,.T.);
#1036=EDGE_CURVE('',#809,#837,#379,.T.);
#1037=EDGE_CURVE('',#837,#838,#53,.T.);
#1038=EDGE_CURVE('',#838,#839,#86,.T.);
#1039=EDGE_CURVE('',#839,#840,#380,.T.);
#1040=EDGE_CURVE('',#840,#841,#87,.T.);
#1041=EDGE_CURVE('',#841,#842,#54,.T.);
#1042=EDGE_CURVE('',#842,#831,#381,.T.);
#1043=EDGE_CURVE('',#839,#843,#382,.T.);
#1044=EDGE_CURVE('',#844,#843,#383,.T.);
#1045=EDGE_CURVE('',#844,#840,#384,.T.);
#1046=EDGE_CURVE('',#845,#838,#385,.T.);
#1047=EDGE_CURVE('',#843,#845,#88,.T.);
#1048=EDGE_CURVE('',#846,#808,#386,.T.);
#1049=EDGE_CURVE('',#846,#837,#387,.T.);
#1050=EDGE_CURVE('',#847,#797,#388,.T.);
#1051=EDGE_CURVE('',#832,#847,#389,.T.);
#1052=EDGE_CURVE('',#836,#848,#390,.T.);
#1053=EDGE_CURVE('',#848,#811,#391,.T.);
#1054=EDGE_CURVE('',#835,#849,#392,.T.);
#1055=EDGE_CURVE('',#848,#849,#393,.T.);
#1056=EDGE_CURVE('',#845,#846,#55,.T.);
#1057=EDGE_CURVE('',#850,#834,#394,.T.);
#1058=EDGE_CURVE('',#849,#850,#395,.T.);
#1059=EDGE_CURVE('',#851,#852,#56,.T.);
#1060=EDGE_CURVE('',#852,#804,#396,.T.);
#1061=EDGE_CURVE('',#801,#853,#57,.T.);
#1062=EDGE_CURVE('',#853,#854,#89,.T.);
#1063=EDGE_CURVE('',#854,#792,#397,.T.);
#1064=EDGE_CURVE('',#800,#855,#58,.T.);
#1065=EDGE_CURVE('',#856,#855,#398,.T.);
#1066=EDGE_CURVE('',#856,#857,#59,.T.);
#1067=EDGE_CURVE('',#857,#858,#90,.T.);
#1068=EDGE_CURVE('',#858,#859,#399,.T.);
#1069=EDGE_CURVE('',#859,#851,#91,.T.);
#1070=EDGE_CURVE('',#857,#860,#400,.T.);
#1071=EDGE_CURVE('',#861,#860,#92,.T.);
#1072=EDGE_CURVE('',#858,#861,#401,.T.);
#1073=EDGE_CURVE('',#855,#862,#402,.T.);
#1074=EDGE_CURVE('',#863,#862,#403,.T.);
#1075=EDGE_CURVE('',#863,#856,#404,.T.);
#1076=EDGE_CURVE('',#831,#864,#405,.T.);
#1077=EDGE_CURVE('',#865,#864,#60,.T.);
#1078=EDGE_CURVE('',#865,#866,#406,.T.);
#1079=EDGE_CURVE('',#862,#866,#61,.T.);
#1080=EDGE_CURVE('',#867,#868,#62,.T.);
#1081=EDGE_CURVE('',#869,#867,#407,.T.);
#1082=EDGE_CURVE('',#870,#869,#63,.T.);
#1083=EDGE_CURVE('',#871,#870,#408,.T.);
#1084=EDGE_CURVE('',#872,#871,#409,.T.);
#1085=EDGE_CURVE('',#873,#872,#410,.T.);
#1086=EDGE_CURVE('',#874,#873,#64,.T.);
#1087=EDGE_CURVE('',#875,#874,#411,.T.);
#1088=EDGE_CURVE('',#876,#875,#65,.T.);
#1089=EDGE_CURVE('',#877,#876,#412,.T.);
#1090=EDGE_CURVE('',#878,#877,#413,.T.);
#1091=EDGE_CURVE('',#868,#878,#414,.T.);
#1092=EDGE_CURVE('',#860,#863,#66,.T.);
#1093=EDGE_CURVE('',#853,#788,#415,.T.);
#1094=EDGE_CURVE('',#854,#787,#416,.T.);
#1095=EDGE_CURVE('',#879,#844,#93,.T.);
#1096=EDGE_CURVE('',#879,#841,#417,.T.);
#1097=EDGE_CURVE('',#880,#861,#418,.T.);
#1098=EDGE_CURVE('',#859,#880,#419,.T.);
#1099=EDGE_CURVE('',#881,#880,#94,.T.);
#1100=EDGE_CURVE('',#881,#851,#420,.T.);
#1101=EDGE_CURVE('',#833,#882,#421,.T.);
#1102=EDGE_CURVE('',#850,#882,#422,.T.);
#1103=EDGE_CURVE('',#882,#847,#423,.T.);
#1104=EDGE_CURVE('',#883,#879,#67,.T.);
#1105=EDGE_CURVE('',#883,#842,#424,.T.);
#1106=EDGE_CURVE('',#884,#885,#68,.T.);
#1107=EDGE_CURVE('',#885,#865,#425,.T.);
#1108=EDGE_CURVE('',#864,#883,#426,.T.);
#1109=EDGE_CURVE('',#886,#807,#427,.T.);
#1110=EDGE_CURVE('',#886,#887,#69,.T.);
#1111=EDGE_CURVE('',#887,#888,#95,.T.);
#1112=EDGE_CURVE('',#888,#889,#428,.T.);
#1113=EDGE_CURVE('',#889,#884,#96,.T.);
#1114=EDGE_CURVE('',#886,#890,#429,.T.);
#1115=EDGE_CURVE('',#891,#890,#70,.T.);
#1116=EDGE_CURVE('',#887,#891,#430,.T.);
#1117=EDGE_CURVE('',#892,#884,#431,.T.);
#1118=EDGE_CURVE('',#893,#892,#71,.T.);
#1119=EDGE_CURVE('',#893,#885,#432,.T.);
#1120=EDGE_CURVE('',#894,#888,#433,.T.);
#1121=EDGE_CURVE('',#895,#894,#434,.T.);
#1122=EDGE_CURVE('',#895,#889,#435,.T.);
#1123=EDGE_CURVE('',#894,#891,#97,.T.);
#1124=EDGE_CURVE('',#892,#895,#98,.T.);
#1125=EDGE_CURVE('',#896,#852,#436,.T.);
#1126=EDGE_CURVE('',#805,#896,#437,.T.);
#1127=EDGE_CURVE('',#896,#881,#72,.T.);
#1128=EDGE_CURVE('',#866,#893,#438,.T.);
#1129=EDGE_CURVE('',#806,#890,#439,.T.);
#1130=EDGE_CURVE('',#828,#897,#440,.T.);
#1131=EDGE_CURVE('',#897,#815,#441,.T.);
#1132=EDGE_CURVE('',#897,#898,#442,.T.);
#1133=EDGE_CURVE('',#816,#898,#443,.T.);
#1134=EDGE_CURVE('',#899,#830,#444,.T.);
#1135=EDGE_CURVE('',#899,#818,#445,.T.);
#1136=EDGE_CURVE('',#900,#899,#446,.T.);
#1137=EDGE_CURVE('',#898,#900,#447,.T.);
#1138=EDGE_CURVE('',#871,#901,#448,.F.);
#1139=EDGE_CURVE('',#901,#902,#449,.T.);
#1140=EDGE_CURVE('',#902,#872,#450,.F.);
#1141=EDGE_CURVE('',#823,#903,#451,.T.);
#1142=EDGE_CURVE('',#904,#903,#452,.T.);
#1143=EDGE_CURVE('',#905,#904,#453,.T.);
#1144=EDGE_CURVE('',#905,#906,#454,.T.);
#1145=EDGE_CURVE('',#902,#906,#455,.T.);
#1146=EDGE_CURVE('',#824,#901,#456,.T.);
#1147=EDGE_CURVE('',#876,#907,#457,.T.);
#1148=EDGE_CURVE('',#907,#904,#458,.T.);
#1149=EDGE_CURVE('',#904,#877,#459,.T.);
#1150=EDGE_CURVE('',#903,#878,#460,.T.);
#1151=EDGE_CURVE('',#903,#908,#461,.T.);
#1152=EDGE_CURVE('',#908,#868,#462,.T.);
#1153=EDGE_CURVE('',#909,#867,#463,.T.);
#1154=EDGE_CURVE('',#908,#909,#73,.T.);
#1155=EDGE_CURVE('',#910,#869,#464,.T.);
#1156=EDGE_CURVE('',#909,#910,#465,.T.);
#1157=EDGE_CURVE('',#911,#870,#466,.T.);
#1158=EDGE_CURVE('',#910,#911,#74,.T.);
#1159=EDGE_CURVE('',#911,#901,#467,.T.);
#1160=EDGE_CURVE('',#875,#912,#468,.T.);
#1161=EDGE_CURVE('',#912,#907,#75,.T.);
#1162=EDGE_CURVE('',#874,#913,#469,.T.);
#1163=EDGE_CURVE('',#913,#912,#470,.T.);
#1164=EDGE_CURVE('',#873,#914,#471,.T.);
#1165=EDGE_CURVE('',#914,#913,#76,.T.);
#1166=EDGE_CURVE('',#902,#914,#472,.T.);
#1167=EDGE_CURVE('',#825,#911,#473,.T.);
#1168=EDGE_CURVE('',#820,#910,#474,.T.);
#1169=EDGE_CURVE('',#821,#909,#475,.T.);
#1170=EDGE_CURVE('',#822,#908,#476,.T.);
#1171=EDGE_CURVE('',#900,#817,#477,.T.);
#1172=EDGE_CURVE('',#915,#916,#77,.T.);
#1173=EDGE_CURVE('',#916,#917,#478,.T.);
#1174=EDGE_CURVE('',#917,#918,#78,.T.);
#1175=EDGE_CURVE('',#918,#915,#479,.T.);
#1176=EDGE_CURVE('',#813,#919,#480,.T.);
#1177=EDGE_CURVE('',#795,#919,#481,.F.);
#1178=EDGE_CURVE('',#920,#796,#482,.F.);
#1179=EDGE_CURVE('',#920,#812,#483,.T.);
#1180=EDGE_CURVE('',#921,#922,#79,.T.);
#1181=EDGE_CURVE('',#922,#918,#484,.T.);
#1182=EDGE_CURVE('',#921,#917,#485,.T.);
#1183=EDGE_CURVE('',#922,#923,#486,.T.);
#1184=EDGE_CURVE('',#923,#915,#487,.T.);
#1185=EDGE_CURVE('',#923,#924,#80,.T.);
#1186=EDGE_CURVE('',#924,#916,#488,.T.);
#1187=EDGE_CURVE('',#924,#921,#489,.T.);
#1188=EDGE_CURVE('',#914,#925,#490,.T.);
#1189=EDGE_CURVE('',#925,#906,#491,.T.);
#1190=EDGE_CURVE('',#905,#926,#492,.T.);
#1191=EDGE_CURVE('',#927,#926,#81,.T.);
#1192=EDGE_CURVE('',#928,#927,#493,.T.);
#1193=EDGE_CURVE('',#925,#928,#82,.T.);
#1194=EDGE_CURVE('',#907,#926,#494,.T.);
#1195=EDGE_CURVE('',#919,#920,#495,.T.);
#1196=EDGE_CURVE('',#912,#927,#496,.T.);
#1197=EDGE_CURVE('',#913,#928,#497,.T.);
#1198=EDGE_CURVE('',#929,#930,#498,.T.);
#1199=EDGE_CURVE('',#930,#931,#499,.T.);
#1200=EDGE_CURVE('',#932,#931,#500,.T.);
#1201=EDGE_CURVE('',#929,#932,#501,.T.);
#1202=EDGE_CURVE('',#933,#929,#502,.T.);
#1203=EDGE_CURVE('',#934,#932,#503,.T.);
#1204=EDGE_CURVE('',#933,#934,#504,.T.);
#1205=EDGE_CURVE('',#935,#933,#505,.T.);
#1206=EDGE_CURVE('',#936,#934,#506,.T.);
#1207=EDGE_CURVE('',#935,#936,#507,.T.);
#1208=EDGE_CURVE('',#937,#935,#508,.T.);
#1209=EDGE_CURVE('',#938,#936,#509,.T.);
#1210=EDGE_CURVE('',#937,#938,#510,.T.);
#1211=EDGE_CURVE('',#939,#937,#511,.T.);
#1212=EDGE_CURVE('',#940,#938,#512,.T.);
#1213=EDGE_CURVE('',#939,#940,#513,.T.);
#1214=EDGE_CURVE('',#941,#939,#514,.T.);
#1215=EDGE_CURVE('',#942,#940,#515,.T.);
#1216=EDGE_CURVE('',#941,#942,#516,.T.);
#1217=EDGE_CURVE('',#943,#941,#517,.T.);
#1218=EDGE_CURVE('',#944,#942,#518,.T.);
#1219=EDGE_CURVE('',#943,#944,#519,.T.);
#1220=EDGE_CURVE('',#945,#943,#520,.T.);
#1221=EDGE_CURVE('',#946,#944,#521,.T.);
#1222=EDGE_CURVE('',#945,#946,#522,.T.);
#1223=EDGE_CURVE('',#947,#945,#523,.T.);
#1224=EDGE_CURVE('',#948,#946,#524,.T.);
#1225=EDGE_CURVE('',#947,#948,#525,.T.);
#1226=EDGE_CURVE('',#930,#947,#526,.T.);
#1227=EDGE_CURVE('',#931,#948,#527,.T.);
#1228=EDGE_CURVE('',#949,#950,#528,.T.);
#1229=EDGE_CURVE('',#950,#951,#529,.T.);
#1230=EDGE_CURVE('',#952,#951,#530,.T.);
#1231=EDGE_CURVE('',#949,#952,#531,.T.);
#1232=EDGE_CURVE('',#953,#949,#532,.T.);
#1233=EDGE_CURVE('',#954,#952,#533,.T.);
#1234=EDGE_CURVE('',#953,#954,#534,.T.);
#1235=EDGE_CURVE('',#955,#953,#535,.T.);
#1236=EDGE_CURVE('',#956,#954,#536,.T.);
#1237=EDGE_CURVE('',#955,#956,#537,.T.);
#1238=EDGE_CURVE('',#957,#955,#538,.T.);
#1239=EDGE_CURVE('',#958,#956,#539,.T.);
#1240=EDGE_CURVE('',#957,#958,#540,.T.);
#1241=EDGE_CURVE('',#959,#957,#541,.T.);
#1242=EDGE_CURVE('',#960,#958,#542,.T.);
#1243=EDGE_CURVE('',#959,#960,#543,.T.);
#1244=EDGE_CURVE('',#950,#959,#544,.T.);
#1245=EDGE_CURVE('',#951,#960,#545,.T.);
#1246=ORIENTED_EDGE('',*,*,#961,.F.);
#1247=ORIENTED_EDGE('',*,*,#962,.T.);
#1248=ORIENTED_EDGE('',*,*,#963,.F.);
#1249=ORIENTED_EDGE('',*,*,#964,.F.);
#1250=ORIENTED_EDGE('',*,*,#965,.F.);
#1251=ORIENTED_EDGE('',*,*,#966,.F.);
#1252=ORIENTED_EDGE('',*,*,#962,.F.);
#1253=ORIENTED_EDGE('',*,*,#967,.T.);
#1254=ORIENTED_EDGE('',*,*,#968,.F.);
#1255=ORIENTED_EDGE('',*,*,#969,.F.);
#1256=ORIENTED_EDGE('',*,*,#961,.T.);
#1257=ORIENTED_EDGE('',*,*,#970,.T.);
#1258=ORIENTED_EDGE('',*,*,#971,.F.);
#1259=ORIENTED_EDGE('',*,*,#967,.F.);
#1260=ORIENTED_EDGE('',*,*,#966,.T.);
#1261=ORIENTED_EDGE('',*,*,#972,.T.);
#1262=ORIENTED_EDGE('',*,*,#973,.F.);
#1263=ORIENTED_EDGE('',*,*,#970,.F.);
#1264=ORIENTED_EDGE('',*,*,#974,.F.);
#1265=ORIENTED_EDGE('',*,*,#975,.T.);
#1266=ORIENTED_EDGE('',*,*,#976,.F.);
#1267=ORIENTED_EDGE('',*,*,#977,.F.);
#1268=ORIENTED_EDGE('',*,*,#978,.T.);
#1269=ORIENTED_EDGE('',*,*,#979,.F.);
#1270=ORIENTED_EDGE('',*,*,#974,.T.);
#1271=ORIENTED_EDGE('',*,*,#980,.F.);
#1272=ORIENTED_EDGE('',*,*,#981,.F.);
#1273=ORIENTED_EDGE('',*,*,#982,.T.);
#1274=ORIENTED_EDGE('',*,*,#979,.T.);
#1275=ORIENTED_EDGE('',*,*,#983,.F.);
#1276=ORIENTED_EDGE('',*,*,#984,.F.);
#1277=ORIENTED_EDGE('',*,*,#980,.T.);
#1278=ORIENTED_EDGE('',*,*,#985,.T.);
#1279=ORIENTED_EDGE('',*,*,#986,.T.);
#1280=ORIENTED_EDGE('',*,*,#987,.F.);
#1281=ORIENTED_EDGE('',*,*,#988,.T.);
#1282=ORIENTED_EDGE('',*,*,#989,.T.);
#1283=ORIENTED_EDGE('',*,*,#990,.F.);
#1284=ORIENTED_EDGE('',*,*,#991,.F.);
#1285=ORIENTED_EDGE('',*,*,#992,.F.);
#1286=ORIENTED_EDGE('',*,*,#983,.T.);
#1287=ORIENTED_EDGE('',*,*,#978,.F.);
#1288=ORIENTED_EDGE('',*,*,#993,.F.);
#1289=ORIENTED_EDGE('',*,*,#994,.F.);
#1290=ORIENTED_EDGE('',*,*,#995,.T.);
#1291=ORIENTED_EDGE('',*,*,#996,.T.);
#1292=ORIENTED_EDGE('',*,*,#972,.F.);
#1293=ORIENTED_EDGE('',*,*,#965,.T.);
#1294=ORIENTED_EDGE('',*,*,#995,.F.);
#1295=ORIENTED_EDGE('',*,*,#997,.F.);
#1296=ORIENTED_EDGE('',*,*,#998,.T.);
#1297=ORIENTED_EDGE('',*,*,#999,.F.);
#1298=ORIENTED_EDGE('',*,*,#1000,.F.);
#1299=ORIENTED_EDGE('',*,*,#1001,.F.);
#1300=ORIENTED_EDGE('',*,*,#1002,.T.);
#1301=ORIENTED_EDGE('',*,*,#1003,.F.);
#1302=ORIENTED_EDGE('',*,*,#1004,.T.);
#1303=ORIENTED_EDGE('',*,*,#1005,.F.);
#1304=ORIENTED_EDGE('',*,*,#1006,.T.);
#1305=ORIENTED_EDGE('',*,*,#1007,.F.);
#1306=ORIENTED_EDGE('',*,*,#1008,.T.);
#1307=ORIENTED_EDGE('',*,*,#1009,.T.);
#1308=ORIENTED_EDGE('',*,*,#1010,.T.);
#1309=ORIENTED_EDGE('',*,*,#1011,.T.);
#1310=ORIENTED_EDGE('',*,*,#1012,.T.);
#1311=ORIENTED_EDGE('',*,*,#1013,.F.);
#1312=ORIENTED_EDGE('',*,*,#1014,.T.);
#1313=ORIENTED_EDGE('',*,*,#1015,.T.);
#1314=ORIENTED_EDGE('',*,*,#1016,.T.);
#1315=ORIENTED_EDGE('',*,*,#1017,.T.);
#1316=ORIENTED_EDGE('',*,*,#1018,.T.);
#1317=ORIENTED_EDGE('',*,*,#1019,.T.);
#1318=ORIENTED_EDGE('',*,*,#964,.T.);
#1319=ORIENTED_EDGE('',*,*,#1020,.T.);
#1320=ORIENTED_EDGE('',*,*,#1021,.F.);
#1321=ORIENTED_EDGE('',*,*,#985,.F.);
#1322=ORIENTED_EDGE('',*,*,#963,.T.);
#1323=ORIENTED_EDGE('',*,*,#969,.T.);
#1324=ORIENTED_EDGE('',*,*,#1022,.F.);
#1325=ORIENTED_EDGE('',*,*,#1020,.F.);
#1326=ORIENTED_EDGE('',*,*,#1023,.F.);
#1327=ORIENTED_EDGE('',*,*,#1024,.F.);
#1328=ORIENTED_EDGE('',*,*,#1025,.F.);
#1329=ORIENTED_EDGE('',*,*,#1026,.T.);
#1330=ORIENTED_EDGE('',*,*,#1027,.T.);
#1331=ORIENTED_EDGE('',*,*,#1013,.T.);
#1332=ORIENTED_EDGE('',*,*,#1028,.T.);
#1333=ORIENTED_EDGE('',*,*,#1024,.T.);
#1334=ORIENTED_EDGE('',*,*,#1029,.T.);
#1335=ORIENTED_EDGE('',*,*,#990,.T.);
#1336=ORIENTED_EDGE('',*,*,#1030,.T.);
#1337=ORIENTED_EDGE('',*,*,#1031,.T.);
#1338=ORIENTED_EDGE('',*,*,#1032,.T.);
#1339=ORIENTED_EDGE('',*,*,#1033,.T.);
#1340=ORIENTED_EDGE('',*,*,#1034,.T.);
#1341=ORIENTED_EDGE('',*,*,#1035,.F.);
#1342=ORIENTED_EDGE('',*,*,#1003,.T.);
#1343=ORIENTED_EDGE('',*,*,#1036,.T.);
#1344=ORIENTED_EDGE('',*,*,#1037,.T.);
#1345=ORIENTED_EDGE('',*,*,#1038,.T.);
#1346=ORIENTED_EDGE('',*,*,#1039,.T.);
#1347=ORIENTED_EDGE('',*,*,#1040,.T.);
#1348=ORIENTED_EDGE('',*,*,#1041,.T.);
#1349=ORIENTED_EDGE('',*,*,#1042,.T.);
#1350=ORIENTED_EDGE('',*,*,#1039,.F.);
#1351=ORIENTED_EDGE('',*,*,#1043,.T.);
#1352=ORIENTED_EDGE('',*,*,#1044,.F.);
#1353=ORIENTED_EDGE('',*,*,#1045,.T.);
#1354=ORIENTED_EDGE('',*,*,#1038,.F.);
#1355=ORIENTED_EDGE('',*,*,#1046,.F.);
#1356=ORIENTED_EDGE('',*,*,#1047,.F.);
#1357=ORIENTED_EDGE('',*,*,#1043,.F.);
#1358=ORIENTED_EDGE('',*,*,#1036,.F.);
#1359=ORIENTED_EDGE('',*,*,#1002,.F.);
#1360=ORIENTED_EDGE('',*,*,#1048,.F.);
#1361=ORIENTED_EDGE('',*,*,#1049,.T.);
#1362=ORIENTED_EDGE('',*,*,#1030,.F.);
#1363=ORIENTED_EDGE('',*,*,#989,.F.);
#1364=ORIENTED_EDGE('',*,*,#1050,.F.);
#1365=ORIENTED_EDGE('',*,*,#1051,.F.);
#1366=ORIENTED_EDGE('',*,*,#1035,.T.);
#1367=ORIENTED_EDGE('',*,*,#1052,.T.);
#1368=ORIENTED_EDGE('',*,*,#1053,.T.);
#1369=ORIENTED_EDGE('',*,*,#1004,.F.);
#1370=ORIENTED_EDGE('',*,*,#1034,.F.);
#1371=ORIENTED_EDGE('',*,*,#1054,.T.);
#1372=ORIENTED_EDGE('',*,*,#1055,.F.);
#1373=ORIENTED_EDGE('',*,*,#1052,.F.);
#1374=ORIENTED_EDGE('',*,*,#1037,.F.);
#1375=ORIENTED_EDGE('',*,*,#1049,.F.);
#1376=ORIENTED_EDGE('',*,*,#1056,.F.);
#1377=ORIENTED_EDGE('',*,*,#1046,.T.);
#1378=ORIENTED_EDGE('',*,*,#1033,.F.);
#1379=ORIENTED_EDGE('',*,*,#1057,.F.);
#1380=ORIENTED_EDGE('',*,*,#1058,.F.);
#1381=ORIENTED_EDGE('',*,*,#1054,.F.);
#1382=ORIENTED_EDGE('',*,*,#1059,.T.);
#1383=ORIENTED_EDGE('',*,*,#1060,.T.);
#1384=ORIENTED_EDGE('',*,*,#997,.T.);
#1385=ORIENTED_EDGE('',*,*,#994,.T.);
#1386=ORIENTED_EDGE('',*,*,#1061,.T.);
#1387=ORIENTED_EDGE('',*,*,#1062,.T.);
#1388=ORIENTED_EDGE('',*,*,#1063,.T.);
#1389=ORIENTED_EDGE('',*,*,#981,.T.);
#1390=ORIENTED_EDGE('',*,*,#984,.T.);
#1391=ORIENTED_EDGE('',*,*,#992,.T.);
#1392=ORIENTED_EDGE('',*,*,#1064,.T.);
#1393=ORIENTED_EDGE('',*,*,#1065,.F.);
#1394=ORIENTED_EDGE('',*,*,#1066,.T.);
#1395=ORIENTED_EDGE('',*,*,#1067,.T.);
#1396=ORIENTED_EDGE('',*,*,#1068,.T.);
#1397=ORIENTED_EDGE('',*,*,#1069,.T.);
#1398=ORIENTED_EDGE('',*,*,#1067,.F.);
#1399=ORIENTED_EDGE('',*,*,#1070,.T.);
#1400=ORIENTED_EDGE('',*,*,#1071,.F.);
#1401=ORIENTED_EDGE('',*,*,#1072,.F.);
#1402=ORIENTED_EDGE('',*,*,#1065,.T.);
#1403=ORIENTED_EDGE('',*,*,#1073,.T.);
#1404=ORIENTED_EDGE('',*,*,#1074,.F.);
#1405=ORIENTED_EDGE('',*,*,#1075,.T.);
#1406=ORIENTED_EDGE('',*,*,#1029,.F.);
#1407=ORIENTED_EDGE('',*,*,#1076,.T.);
#1408=ORIENTED_EDGE('',*,*,#1077,.F.);
#1409=ORIENTED_EDGE('',*,*,#1078,.T.);
#1410=ORIENTED_EDGE('',*,*,#1079,.F.);
#1411=ORIENTED_EDGE('',*,*,#1073,.F.);
#1412=ORIENTED_EDGE('',*,*,#1064,.F.);
#1413=ORIENTED_EDGE('',*,*,#991,.T.);
#1414=ORIENTED_EDGE('',*,*,#1080,.F.);
#1415=ORIENTED_EDGE('',*,*,#1081,.F.);
#1416=ORIENTED_EDGE('',*,*,#1082,.F.);
#1417=ORIENTED_EDGE('',*,*,#1083,.F.);
#1418=ORIENTED_EDGE('',*,*,#1084,.F.);
#1419=ORIENTED_EDGE('',*,*,#1085,.F.);
#1420=ORIENTED_EDGE('',*,*,#1086,.F.);
#1421=ORIENTED_EDGE('',*,*,#1087,.F.);
#1422=ORIENTED_EDGE('',*,*,#1088,.F.);
#1423=ORIENTED_EDGE('',*,*,#1089,.F.);
#1424=ORIENTED_EDGE('',*,*,#1090,.F.);
#1425=ORIENTED_EDGE('',*,*,#1091,.F.);
#1426=ORIENTED_EDGE('',*,*,#1066,.F.);
#1427=ORIENTED_EDGE('',*,*,#1075,.F.);
#1428=ORIENTED_EDGE('',*,*,#1092,.F.);
#1429=ORIENTED_EDGE('',*,*,#1070,.F.);
#1430=ORIENTED_EDGE('',*,*,#977,.T.);
#1431=ORIENTED_EDGE('',*,*,#1093,.F.);
#1432=ORIENTED_EDGE('',*,*,#1061,.F.);
#1433=ORIENTED_EDGE('',*,*,#993,.T.);
#1434=ORIENTED_EDGE('',*,*,#975,.F.);
#1435=ORIENTED_EDGE('',*,*,#982,.F.);
#1436=ORIENTED_EDGE('',*,*,#1063,.F.);
#1437=ORIENTED_EDGE('',*,*,#1094,.T.);
#1438=ORIENTED_EDGE('',*,*,#1040,.F.);
#1439=ORIENTED_EDGE('',*,*,#1045,.F.);
#1440=ORIENTED_EDGE('',*,*,#1095,.F.);
#1441=ORIENTED_EDGE('',*,*,#1096,.T.);
#1442=ORIENTED_EDGE('',*,*,#1068,.F.);
#1443=ORIENTED_EDGE('',*,*,#1072,.T.);
#1444=ORIENTED_EDGE('',*,*,#1097,.F.);
#1445=ORIENTED_EDGE('',*,*,#1098,.F.);
#1446=ORIENTED_EDGE('',*,*,#1069,.F.);
#1447=ORIENTED_EDGE('',*,*,#1098,.T.);
#1448=ORIENTED_EDGE('',*,*,#1099,.F.);
#1449=ORIENTED_EDGE('',*,*,#1100,.T.);
#1450=ORIENTED_EDGE('',*,*,#1032,.F.);
#1451=ORIENTED_EDGE('',*,*,#1101,.T.);
#1452=ORIENTED_EDGE('',*,*,#1102,.F.);
#1453=ORIENTED_EDGE('',*,*,#1057,.T.);
#1454=ORIENTED_EDGE('',*,*,#1031,.F.);
#1455=ORIENTED_EDGE('',*,*,#1051,.T.);
#1456=ORIENTED_EDGE('',*,*,#1103,.F.);
#1457=ORIENTED_EDGE('',*,*,#1101,.F.);
#1458=ORIENTED_EDGE('',*,*,#1041,.F.);
#1459=ORIENTED_EDGE('',*,*,#1096,.F.);
#1460=ORIENTED_EDGE('',*,*,#1104,.F.);
#1461=ORIENTED_EDGE('',*,*,#1105,.T.);
#1462=ORIENTED_EDGE('',*,*,#1106,.T.);
#1463=ORIENTED_EDGE('',*,*,#1107,.T.);
#1464=ORIENTED_EDGE('',*,*,#1077,.T.);
#1465=ORIENTED_EDGE('',*,*,#1108,.T.);
#1466=ORIENTED_EDGE('',*,*,#1104,.T.);
#1467=ORIENTED_EDGE('',*,*,#1095,.T.);
#1468=ORIENTED_EDGE('',*,*,#1044,.T.);
#1469=ORIENTED_EDGE('',*,*,#1047,.T.);
#1470=ORIENTED_EDGE('',*,*,#1056,.T.);
#1471=ORIENTED_EDGE('',*,*,#1048,.T.);
#1472=ORIENTED_EDGE('',*,*,#1001,.T.);
#1473=ORIENTED_EDGE('',*,*,#1109,.F.);
#1474=ORIENTED_EDGE('',*,*,#1110,.T.);
#1475=ORIENTED_EDGE('',*,*,#1111,.T.);
#1476=ORIENTED_EDGE('',*,*,#1112,.T.);
#1477=ORIENTED_EDGE('',*,*,#1113,.T.);
#1478=ORIENTED_EDGE('',*,*,#1110,.F.);
#1479=ORIENTED_EDGE('',*,*,#1114,.T.);
#1480=ORIENTED_EDGE('',*,*,#1115,.F.);
#1481=ORIENTED_EDGE('',*,*,#1116,.F.);
#1482=ORIENTED_EDGE('',*,*,#1106,.F.);
#1483=ORIENTED_EDGE('',*,*,#1117,.F.);
#1484=ORIENTED_EDGE('',*,*,#1118,.F.);
#1485=ORIENTED_EDGE('',*,*,#1119,.T.);
#1486=ORIENTED_EDGE('',*,*,#1042,.F.);
#1487=ORIENTED_EDGE('',*,*,#1105,.F.);
#1488=ORIENTED_EDGE('',*,*,#1108,.F.);
#1489=ORIENTED_EDGE('',*,*,#1076,.F.);
#1490=ORIENTED_EDGE('',*,*,#1112,.F.);
#1491=ORIENTED_EDGE('',*,*,#1120,.F.);
#1492=ORIENTED_EDGE('',*,*,#1121,.F.);
#1493=ORIENTED_EDGE('',*,*,#1122,.T.);
#1494=ORIENTED_EDGE('',*,*,#1111,.F.);
#1495=ORIENTED_EDGE('',*,*,#1116,.T.);
#1496=ORIENTED_EDGE('',*,*,#1123,.F.);
#1497=ORIENTED_EDGE('',*,*,#1120,.T.);
#1498=ORIENTED_EDGE('',*,*,#1113,.F.);
#1499=ORIENTED_EDGE('',*,*,#1122,.F.);
#1500=ORIENTED_EDGE('',*,*,#1124,.F.);
#1501=ORIENTED_EDGE('',*,*,#1117,.T.);
#1502=ORIENTED_EDGE('',*,*,#976,.T.);
#1503=ORIENTED_EDGE('',*,*,#1094,.F.);
#1504=ORIENTED_EDGE('',*,*,#1062,.F.);
#1505=ORIENTED_EDGE('',*,*,#1093,.T.);
#1506=ORIENTED_EDGE('',*,*,#1060,.F.);
#1507=ORIENTED_EDGE('',*,*,#1125,.F.);
#1508=ORIENTED_EDGE('',*,*,#1126,.F.);
#1509=ORIENTED_EDGE('',*,*,#998,.F.);
#1510=ORIENTED_EDGE('',*,*,#1059,.F.);
#1511=ORIENTED_EDGE('',*,*,#1100,.F.);
#1512=ORIENTED_EDGE('',*,*,#1127,.F.);
#1513=ORIENTED_EDGE('',*,*,#1125,.T.);
#1514=ORIENTED_EDGE('',*,*,#1079,.T.);
#1515=ORIENTED_EDGE('',*,*,#1128,.T.);
#1516=ORIENTED_EDGE('',*,*,#1118,.T.);
#1517=ORIENTED_EDGE('',*,*,#1124,.T.);
#1518=ORIENTED_EDGE('',*,*,#1121,.T.);
#1519=ORIENTED_EDGE('',*,*,#1123,.T.);
#1520=ORIENTED_EDGE('',*,*,#1115,.T.);
#1521=ORIENTED_EDGE('',*,*,#1129,.F.);
#1522=ORIENTED_EDGE('',*,*,#999,.T.);
#1523=ORIENTED_EDGE('',*,*,#1126,.T.);
#1524=ORIENTED_EDGE('',*,*,#1127,.T.);
#1525=ORIENTED_EDGE('',*,*,#1099,.T.);
#1526=ORIENTED_EDGE('',*,*,#1097,.T.);
#1527=ORIENTED_EDGE('',*,*,#1071,.T.);
#1528=ORIENTED_EDGE('',*,*,#1092,.T.);
#1529=ORIENTED_EDGE('',*,*,#1074,.T.);
#1530=ORIENTED_EDGE('',*,*,#1109,.T.);
#1531=ORIENTED_EDGE('',*,*,#1000,.T.);
#1532=ORIENTED_EDGE('',*,*,#1129,.T.);
#1533=ORIENTED_EDGE('',*,*,#1114,.F.);
#1534=ORIENTED_EDGE('',*,*,#1107,.F.);
#1535=ORIENTED_EDGE('',*,*,#1119,.F.);
#1536=ORIENTED_EDGE('',*,*,#1128,.F.);
#1537=ORIENTED_EDGE('',*,*,#1078,.F.);
#1538=ORIENTED_EDGE('',*,*,#1023,.T.);
#1539=ORIENTED_EDGE('',*,*,#1130,.T.);
#1540=ORIENTED_EDGE('',*,*,#1131,.T.);
#1541=ORIENTED_EDGE('',*,*,#1008,.F.);
#1542=ORIENTED_EDGE('',*,*,#1027,.F.);
#1543=ORIENTED_EDGE('',*,*,#1131,.F.);
#1544=ORIENTED_EDGE('',*,*,#1132,.T.);
#1545=ORIENTED_EDGE('',*,*,#1133,.F.);
#1546=ORIENTED_EDGE('',*,*,#1009,.F.);
#1547=ORIENTED_EDGE('',*,*,#1134,.T.);
#1548=ORIENTED_EDGE('',*,*,#1025,.T.);
#1549=ORIENTED_EDGE('',*,*,#1028,.F.);
#1550=ORIENTED_EDGE('',*,*,#1012,.F.);
#1551=ORIENTED_EDGE('',*,*,#1135,.F.);
#1552=ORIENTED_EDGE('',*,*,#1026,.F.);
#1553=ORIENTED_EDGE('',*,*,#1134,.F.);
#1554=ORIENTED_EDGE('',*,*,#1136,.F.);
#1555=ORIENTED_EDGE('',*,*,#1137,.F.);
#1556=ORIENTED_EDGE('',*,*,#1132,.F.);
#1557=ORIENTED_EDGE('',*,*,#1130,.F.);
#1558=ORIENTED_EDGE('',*,*,#1138,.T.);
#1559=ORIENTED_EDGE('',*,*,#1139,.T.);
#1560=ORIENTED_EDGE('',*,*,#1140,.T.);
#1561=ORIENTED_EDGE('',*,*,#1084,.T.);
#1562=ORIENTED_EDGE('',*,*,#1141,.T.);
#1563=ORIENTED_EDGE('',*,*,#1142,.F.);
#1564=ORIENTED_EDGE('',*,*,#1143,.F.);
#1565=ORIENTED_EDGE('',*,*,#1144,.T.);
#1566=ORIENTED_EDGE('',*,*,#1145,.F.);
#1567=ORIENTED_EDGE('',*,*,#1139,.F.);
#1568=ORIENTED_EDGE('',*,*,#1146,.F.);
#1569=ORIENTED_EDGE('',*,*,#1017,.F.);
#1570=ORIENTED_EDGE('',*,*,#1089,.T.);
#1571=ORIENTED_EDGE('',*,*,#1147,.T.);
#1572=ORIENTED_EDGE('',*,*,#1148,.T.);
#1573=ORIENTED_EDGE('',*,*,#1149,.T.);
#1574=ORIENTED_EDGE('',*,*,#1142,.T.);
#1575=ORIENTED_EDGE('',*,*,#1150,.T.);
#1576=ORIENTED_EDGE('',*,*,#1090,.T.);
#1577=ORIENTED_EDGE('',*,*,#1149,.F.);
#1578=ORIENTED_EDGE('',*,*,#1151,.T.);
#1579=ORIENTED_EDGE('',*,*,#1152,.T.);
#1580=ORIENTED_EDGE('',*,*,#1091,.T.);
#1581=ORIENTED_EDGE('',*,*,#1150,.F.);
#1582=ORIENTED_EDGE('',*,*,#1153,.T.);
#1583=ORIENTED_EDGE('',*,*,#1080,.T.);
#1584=ORIENTED_EDGE('',*,*,#1152,.F.);
#1585=ORIENTED_EDGE('',*,*,#1154,.T.);
#1586=ORIENTED_EDGE('',*,*,#1155,.T.);
#1587=ORIENTED_EDGE('',*,*,#1081,.T.);
#1588=ORIENTED_EDGE('',*,*,#1153,.F.);
#1589=ORIENTED_EDGE('',*,*,#1156,.T.);
#1590=ORIENTED_EDGE('',*,*,#1157,.T.);
#1591=ORIENTED_EDGE('',*,*,#1082,.T.);
#1592=ORIENTED_EDGE('',*,*,#1155,.F.);
#1593=ORIENTED_EDGE('',*,*,#1158,.T.);
#1594=ORIENTED_EDGE('',*,*,#1083,.T.);
#1595=ORIENTED_EDGE('',*,*,#1157,.F.);
#1596=ORIENTED_EDGE('',*,*,#1159,.T.);
#1597=ORIENTED_EDGE('',*,*,#1138,.F.);
#1598=ORIENTED_EDGE('',*,*,#1147,.F.);
#1599=ORIENTED_EDGE('',*,*,#1088,.T.);
#1600=ORIENTED_EDGE('',*,*,#1160,.T.);
#1601=ORIENTED_EDGE('',*,*,#1161,.T.);
#1602=ORIENTED_EDGE('',*,*,#1160,.F.);
#1603=ORIENTED_EDGE('',*,*,#1087,.T.);
#1604=ORIENTED_EDGE('',*,*,#1162,.T.);
#1605=ORIENTED_EDGE('',*,*,#1163,.T.);
#1606=ORIENTED_EDGE('',*,*,#1162,.F.);
#1607=ORIENTED_EDGE('',*,*,#1086,.T.);
#1608=ORIENTED_EDGE('',*,*,#1164,.T.);
#1609=ORIENTED_EDGE('',*,*,#1165,.T.);
#1610=ORIENTED_EDGE('',*,*,#1166,.T.);
#1611=ORIENTED_EDGE('',*,*,#1164,.F.);
#1612=ORIENTED_EDGE('',*,*,#1085,.T.);
#1613=ORIENTED_EDGE('',*,*,#1140,.F.);
#1614=ORIENTED_EDGE('',*,*,#1167,.F.);
#1615=ORIENTED_EDGE('',*,*,#1018,.F.);
#1616=ORIENTED_EDGE('',*,*,#1146,.T.);
#1617=ORIENTED_EDGE('',*,*,#1159,.F.);
#1618=ORIENTED_EDGE('',*,*,#1168,.T.);
#1619=ORIENTED_EDGE('',*,*,#1156,.F.);
#1620=ORIENTED_EDGE('',*,*,#1169,.F.);
#1621=ORIENTED_EDGE('',*,*,#1014,.F.);
#1622=ORIENTED_EDGE('',*,*,#1158,.F.);
#1623=ORIENTED_EDGE('',*,*,#1168,.F.);
#1624=ORIENTED_EDGE('',*,*,#1019,.F.);
#1625=ORIENTED_EDGE('',*,*,#1167,.T.);
#1626=ORIENTED_EDGE('',*,*,#1170,.T.);
#1627=ORIENTED_EDGE('',*,*,#1151,.F.);
#1628=ORIENTED_EDGE('',*,*,#1141,.F.);
#1629=ORIENTED_EDGE('',*,*,#1016,.F.);
#1630=ORIENTED_EDGE('',*,*,#1154,.F.);
#1631=ORIENTED_EDGE('',*,*,#1170,.F.);
#1632=ORIENTED_EDGE('',*,*,#1015,.F.);
#1633=ORIENTED_EDGE('',*,*,#1169,.T.);
#1634=ORIENTED_EDGE('',*,*,#1135,.T.);
#1635=ORIENTED_EDGE('',*,*,#1011,.F.);
#1636=ORIENTED_EDGE('',*,*,#1171,.F.);
#1637=ORIENTED_EDGE('',*,*,#1136,.T.);
#1638=ORIENTED_EDGE('',*,*,#1171,.T.);
#1639=ORIENTED_EDGE('',*,*,#1010,.F.);
#1640=ORIENTED_EDGE('',*,*,#1133,.T.);
#1641=ORIENTED_EDGE('',*,*,#1137,.T.);
#1642=ORIENTED_EDGE('',*,*,#1172,.T.);
#1643=ORIENTED_EDGE('',*,*,#1173,.T.);
#1644=ORIENTED_EDGE('',*,*,#1174,.T.);
#1645=ORIENTED_EDGE('',*,*,#1175,.T.);
#1646=ORIENTED_EDGE('',*,*,#996,.F.);
#1647=ORIENTED_EDGE('',*,*,#1007,.T.);
#1648=ORIENTED_EDGE('',*,*,#1176,.T.);
#1649=ORIENTED_EDGE('',*,*,#1177,.F.);
#1650=ORIENTED_EDGE('',*,*,#986,.F.);
#1651=ORIENTED_EDGE('',*,*,#1021,.T.);
#1652=ORIENTED_EDGE('',*,*,#1022,.T.);
#1653=ORIENTED_EDGE('',*,*,#968,.T.);
#1654=ORIENTED_EDGE('',*,*,#971,.T.);
#1655=ORIENTED_EDGE('',*,*,#973,.T.);
#1656=ORIENTED_EDGE('',*,*,#1055,.T.);
#1657=ORIENTED_EDGE('',*,*,#1058,.T.);
#1658=ORIENTED_EDGE('',*,*,#1102,.T.);
#1659=ORIENTED_EDGE('',*,*,#1103,.T.);
#1660=ORIENTED_EDGE('',*,*,#1050,.T.);
#1661=ORIENTED_EDGE('',*,*,#988,.F.);
#1662=ORIENTED_EDGE('',*,*,#1178,.F.);
#1663=ORIENTED_EDGE('',*,*,#1179,.T.);
#1664=ORIENTED_EDGE('',*,*,#1005,.T.);
#1665=ORIENTED_EDGE('',*,*,#1053,.F.);
#1666=ORIENTED_EDGE('',*,*,#1180,.T.);
#1667=ORIENTED_EDGE('',*,*,#1181,.T.);
#1668=ORIENTED_EDGE('',*,*,#1174,.F.);
#1669=ORIENTED_EDGE('',*,*,#1182,.F.);
#1670=ORIENTED_EDGE('',*,*,#1183,.T.);
#1671=ORIENTED_EDGE('',*,*,#1184,.T.);
#1672=ORIENTED_EDGE('',*,*,#1175,.F.);
#1673=ORIENTED_EDGE('',*,*,#1181,.F.);
#1674=ORIENTED_EDGE('',*,*,#1185,.T.);
#1675=ORIENTED_EDGE('',*,*,#1186,.T.);
#1676=ORIENTED_EDGE('',*,*,#1172,.F.);
#1677=ORIENTED_EDGE('',*,*,#1184,.F.);
#1678=ORIENTED_EDGE('',*,*,#1187,.T.);
#1679=ORIENTED_EDGE('',*,*,#1182,.T.);
#1680=ORIENTED_EDGE('',*,*,#1173,.F.);
#1681=ORIENTED_EDGE('',*,*,#1186,.F.);
#1682=ORIENTED_EDGE('',*,*,#1188,.F.);
#1683=ORIENTED_EDGE('',*,*,#1166,.F.);
#1684=ORIENTED_EDGE('',*,*,#1145,.T.);
#1685=ORIENTED_EDGE('',*,*,#1189,.F.);
#1686=ORIENTED_EDGE('',*,*,#1190,.T.);
#1687=ORIENTED_EDGE('',*,*,#1191,.F.);
#1688=ORIENTED_EDGE('',*,*,#1192,.F.);
#1689=ORIENTED_EDGE('',*,*,#1193,.F.);
#1690=ORIENTED_EDGE('',*,*,#1189,.T.);
#1691=ORIENTED_EDGE('',*,*,#1144,.F.);
#1692=ORIENTED_EDGE('',*,*,#1180,.F.);
#1693=ORIENTED_EDGE('',*,*,#1187,.F.);
#1694=ORIENTED_EDGE('',*,*,#1185,.F.);
#1695=ORIENTED_EDGE('',*,*,#1183,.F.);
#1696=ORIENTED_EDGE('',*,*,#1143,.T.);
#1697=ORIENTED_EDGE('',*,*,#1148,.F.);
#1698=ORIENTED_EDGE('',*,*,#1194,.T.);
#1699=ORIENTED_EDGE('',*,*,#1190,.F.);
#1700=ORIENTED_EDGE('',*,*,#1177,.T.);
#1701=ORIENTED_EDGE('',*,*,#1195,.T.);
#1702=ORIENTED_EDGE('',*,*,#1178,.T.);
#1703=ORIENTED_EDGE('',*,*,#987,.T.);
#1704=ORIENTED_EDGE('',*,*,#1179,.F.);
#1705=ORIENTED_EDGE('',*,*,#1195,.F.);
#1706=ORIENTED_EDGE('',*,*,#1176,.F.);
#1707=ORIENTED_EDGE('',*,*,#1006,.F.);
#1708=ORIENTED_EDGE('',*,*,#1194,.F.);
#1709=ORIENTED_EDGE('',*,*,#1161,.F.);
#1710=ORIENTED_EDGE('',*,*,#1196,.T.);
#1711=ORIENTED_EDGE('',*,*,#1191,.T.);
#1712=ORIENTED_EDGE('',*,*,#1197,.F.);
#1713=ORIENTED_EDGE('',*,*,#1165,.F.);
#1714=ORIENTED_EDGE('',*,*,#1188,.T.);
#1715=ORIENTED_EDGE('',*,*,#1193,.T.);
#1716=ORIENTED_EDGE('',*,*,#1196,.F.);
#1717=ORIENTED_EDGE('',*,*,#1163,.F.);
#1718=ORIENTED_EDGE('',*,*,#1197,.T.);
#1719=ORIENTED_EDGE('',*,*,#1192,.T.);
#1720=ORIENTED_EDGE('',*,*,#1198,.T.);
#1721=ORIENTED_EDGE('',*,*,#1199,.T.);
#1722=ORIENTED_EDGE('',*,*,#1200,.F.);
#1723=ORIENTED_EDGE('',*,*,#1201,.F.);
#1724=ORIENTED_EDGE('',*,*,#1202,.T.);
#1725=ORIENTED_EDGE('',*,*,#1201,.T.);
#1726=ORIENTED_EDGE('',*,*,#1203,.F.);
#1727=ORIENTED_EDGE('',*,*,#1204,.F.);
#1728=ORIENTED_EDGE('',*,*,#1205,.T.);
#1729=ORIENTED_EDGE('',*,*,#1204,.T.);
#1730=ORIENTED_EDGE('',*,*,#1206,.F.);
#1731=ORIENTED_EDGE('',*,*,#1207,.F.);
#1732=ORIENTED_EDGE('',*,*,#1208,.T.);
#1733=ORIENTED_EDGE('',*,*,#1207,.T.);
#1734=ORIENTED_EDGE('',*,*,#1209,.F.);
#1735=ORIENTED_EDGE('',*,*,#1210,.F.);
#1736=ORIENTED_EDGE('',*,*,#1211,.T.);
#1737=ORIENTED_EDGE('',*,*,#1210,.T.);
#1738=ORIENTED_EDGE('',*,*,#1212,.F.);
#1739=ORIENTED_EDGE('',*,*,#1213,.F.);
#1740=ORIENTED_EDGE('',*,*,#1214,.T.);
#1741=ORIENTED_EDGE('',*,*,#1213,.T.);
#1742=ORIENTED_EDGE('',*,*,#1215,.F.);
#1743=ORIENTED_EDGE('',*,*,#1216,.F.);
#1744=ORIENTED_EDGE('',*,*,#1217,.T.);
#1745=ORIENTED_EDGE('',*,*,#1216,.T.);
#1746=ORIENTED_EDGE('',*,*,#1218,.F.);
#1747=ORIENTED_EDGE('',*,*,#1219,.F.);
#1748=ORIENTED_EDGE('',*,*,#1220,.T.);
#1749=ORIENTED_EDGE('',*,*,#1219,.T.);
#1750=ORIENTED_EDGE('',*,*,#1221,.F.);
#1751=ORIENTED_EDGE('',*,*,#1222,.F.);
#1752=ORIENTED_EDGE('',*,*,#1223,.T.);
#1753=ORIENTED_EDGE('',*,*,#1222,.T.);
#1754=ORIENTED_EDGE('',*,*,#1224,.F.);
#1755=ORIENTED_EDGE('',*,*,#1225,.F.);
#1756=ORIENTED_EDGE('',*,*,#1226,.T.);
#1757=ORIENTED_EDGE('',*,*,#1225,.T.);
#1758=ORIENTED_EDGE('',*,*,#1227,.F.);
#1759=ORIENTED_EDGE('',*,*,#1199,.F.);
#1760=ORIENTED_EDGE('',*,*,#1226,.F.);
#1761=ORIENTED_EDGE('',*,*,#1198,.F.);
#1762=ORIENTED_EDGE('',*,*,#1202,.F.);
#1763=ORIENTED_EDGE('',*,*,#1205,.F.);
#1764=ORIENTED_EDGE('',*,*,#1208,.F.);
#1765=ORIENTED_EDGE('',*,*,#1211,.F.);
#1766=ORIENTED_EDGE('',*,*,#1214,.F.);
#1767=ORIENTED_EDGE('',*,*,#1217,.F.);
#1768=ORIENTED_EDGE('',*,*,#1220,.F.);
#1769=ORIENTED_EDGE('',*,*,#1223,.F.);
#1770=ORIENTED_EDGE('',*,*,#1227,.T.);
#1771=ORIENTED_EDGE('',*,*,#1224,.T.);
#1772=ORIENTED_EDGE('',*,*,#1221,.T.);
#1773=ORIENTED_EDGE('',*,*,#1218,.T.);
#1774=ORIENTED_EDGE('',*,*,#1215,.T.);
#1775=ORIENTED_EDGE('',*,*,#1212,.T.);
#1776=ORIENTED_EDGE('',*,*,#1209,.T.);
#1777=ORIENTED_EDGE('',*,*,#1206,.T.);
#1778=ORIENTED_EDGE('',*,*,#1203,.T.);
#1779=ORIENTED_EDGE('',*,*,#1200,.T.);
#1780=ORIENTED_EDGE('',*,*,#1228,.T.);
#1781=ORIENTED_EDGE('',*,*,#1229,.T.);
#1782=ORIENTED_EDGE('',*,*,#1230,.F.);
#1783=ORIENTED_EDGE('',*,*,#1231,.F.);
#1784=ORIENTED_EDGE('',*,*,#1232,.T.);
#1785=ORIENTED_EDGE('',*,*,#1231,.T.);
#1786=ORIENTED_EDGE('',*,*,#1233,.F.);
#1787=ORIENTED_EDGE('',*,*,#1234,.F.);
#1788=ORIENTED_EDGE('',*,*,#1235,.T.);
#1789=ORIENTED_EDGE('',*,*,#1234,.T.);
#1790=ORIENTED_EDGE('',*,*,#1236,.F.);
#1791=ORIENTED_EDGE('',*,*,#1237,.F.);
#1792=ORIENTED_EDGE('',*,*,#1238,.T.);
#1793=ORIENTED_EDGE('',*,*,#1237,.T.);
#1794=ORIENTED_EDGE('',*,*,#1239,.F.);
#1795=ORIENTED_EDGE('',*,*,#1240,.F.);
#1796=ORIENTED_EDGE('',*,*,#1241,.T.);
#1797=ORIENTED_EDGE('',*,*,#1240,.T.);
#1798=ORIENTED_EDGE('',*,*,#1242,.F.);
#1799=ORIENTED_EDGE('',*,*,#1243,.F.);
#1800=ORIENTED_EDGE('',*,*,#1244,.T.);
#1801=ORIENTED_EDGE('',*,*,#1243,.T.);
#1802=ORIENTED_EDGE('',*,*,#1245,.F.);
#1803=ORIENTED_EDGE('',*,*,#1229,.F.);
#1804=ORIENTED_EDGE('',*,*,#1244,.F.);
#1805=ORIENTED_EDGE('',*,*,#1228,.F.);
#1806=ORIENTED_EDGE('',*,*,#1232,.F.);
#1807=ORIENTED_EDGE('',*,*,#1235,.F.);
#1808=ORIENTED_EDGE('',*,*,#1238,.F.);
#1809=ORIENTED_EDGE('',*,*,#1241,.F.);
#1810=ORIENTED_EDGE('',*,*,#1245,.T.);
#1811=ORIENTED_EDGE('',*,*,#1242,.T.);
#1812=ORIENTED_EDGE('',*,*,#1239,.T.);
#1813=ORIENTED_EDGE('',*,*,#1236,.T.);
#1814=ORIENTED_EDGE('',*,*,#1233,.T.);
#1815=ORIENTED_EDGE('',*,*,#1230,.T.);
#1816=PLANE('',#2033);
#1817=PLANE('',#2034);
#1818=PLANE('',#2035);
#1819=PLANE('',#2036);
#1820=PLANE('',#2037);
#1821=PLANE('',#2038);
#1822=PLANE('',#2040);
#1823=PLANE('',#2042);
#1824=PLANE('',#2043);
#1825=PLANE('',#2050);
#1826=PLANE('',#2051);
#1827=PLANE('',#2052);
#1828=PLANE('',#2053);
#1829=PLANE('',#2064);
#1830=PLANE('',#2065);
#1831=PLANE('',#2067);
#1832=PLANE('',#2068);
#1833=PLANE('',#2069);
#1834=PLANE('',#2070);
#1835=PLANE('',#2071);
#1836=PLANE('',#2073);
#1837=PLANE('',#2082);
#1838=PLANE('',#2084);
#1839=PLANE('',#2085);
#1840=PLANE('',#2092);
#1841=PLANE('',#2094);
#1842=PLANE('',#2095);
#1843=PLANE('',#2096);
#1844=PLANE('',#2098);
#1845=PLANE('',#2099);
#1846=PLANE('',#2101);
#1847=PLANE('',#2102);
#1848=PLANE('',#2103);
#1849=PLANE('',#2110);
#1850=PLANE('',#2112);
#1851=PLANE('',#2114);
#1852=PLANE('',#2115);
#1853=PLANE('',#2116);
#1854=PLANE('',#2118);
#1855=PLANE('',#2120);
#1856=PLANE('',#2121);
#1857=PLANE('',#2122);
#1858=PLANE('',#2125);
#1859=PLANE('',#2126);
#1860=PLANE('',#2127);
#1861=PLANE('',#2128);
#1862=PLANE('',#2129);
#1863=PLANE('',#2130);
#1864=PLANE('',#2131);
#1865=PLANE('',#2132);
#1866=PLANE('',#2133);
#1867=PLANE('',#2134);
#1868=PLANE('',#2135);
#1869=PLANE('',#2138);
#1870=PLANE('',#2141);
#1871=PLANE('',#2144);
#1872=PLANE('',#2147);
#1873=PLANE('',#2148);
#1874=PLANE('',#2149);
#1875=PLANE('',#2151);
#1876=PLANE('',#2153);
#1877=PLANE('',#2154);
#1878=PLANE('',#2155);
#1879=PLANE('',#2158);
#1880=PLANE('',#2159);
#1881=PLANE('',#2162);
#1882=PLANE('',#2165);
#1883=PLANE('',#2166);
#1884=PLANE('',#2167);
#1885=PLANE('',#2170);
#1886=PLANE('',#2171);
#1887=PLANE('',#2172);
#1888=PLANE('',#2175);
#1889=PLANE('',#2176);
#1890=PLANE('',#2177);
#1891=PLANE('',#2178);
#1892=PLANE('',#2179);
#1893=PLANE('',#2180);
#1894=PLANE('',#2181);
#1895=PLANE('',#2182);
#1896=PLANE('',#2183);
#1897=PLANE('',#2184);
#1898=PLANE('',#2185);
#1899=PLANE('',#2186);
#1900=PLANE('',#2187);
#1901=PLANE('',#2188);
#1902=PLANE('',#2189);
#1903=PLANE('',#2190);
#1904=PLANE('',#2191);
#1905=PLANE('',#2192);
#1906=PLANE('',#2193);
#1907=PLANE('',#2194);
#1908=PLANE('',#2195);
#1909=ADVANCED_FACE('',(#99),#1816,.T.);
#1910=ADVANCED_FACE('',(#100),#1817,.F.);
#1911=ADVANCED_FACE('',(#101),#1818,.F.);
#1912=ADVANCED_FACE('',(#102),#1819,.F.);
#1913=ADVANCED_FACE('',(#103),#1820,.T.);
#1914=ADVANCED_FACE('',(#104),#1821,.F.);
#1915=ADVANCED_FACE('',(#105),#1822,.F.);
#1916=ADVANCED_FACE('',(#106),#1823,.T.);
#1917=ADVANCED_FACE('',(#107,#39,#40),#1824,.F.);
#1918=ADVANCED_FACE('',(#108),#1825,.F.);
#1919=ADVANCED_FACE('',(#109),#1826,.F.);
#1920=ADVANCED_FACE('',(#110),#1827,.F.);
#1921=ADVANCED_FACE('',(#111),#1828,.T.);
#1922=ADVANCED_FACE('',(#112),#29,.T.);
#1923=ADVANCED_FACE('',(#113),#1829,.F.);
#1924=ADVANCED_FACE('',(#114),#1830,.F.);
#1925=ADVANCED_FACE('',(#115),#1831,.T.);
#1926=ADVANCED_FACE('',(#116),#1832,.F.);
#1927=ADVANCED_FACE('',(#117),#1833,.T.);
#1928=ADVANCED_FACE('',(#118),#1834,.F.);
#1929=ADVANCED_FACE('',(#119),#1835,.F.);
#1930=ADVANCED_FACE('',(#120),#1836,.F.);
#1931=ADVANCED_FACE('',(#121),#30,.T.);
#1932=ADVANCED_FACE('',(#122),#1837,.F.);
#1933=ADVANCED_FACE('',(#123),#1838,.T.);
#1934=ADVANCED_FACE('',(#124,#41),#1839,.T.);
#1935=ADVANCED_FACE('',(#125),#1840,.F.);
#1936=ADVANCED_FACE('',(#126),#1841,.F.);
#1937=ADVANCED_FACE('',(#127),#1842,.F.);
#1938=ADVANCED_FACE('',(#128),#1843,.F.);
#1939=ADVANCED_FACE('',(#129),#1844,.F.);
#1940=ADVANCED_FACE('',(#130),#1845,.F.);
#1941=ADVANCED_FACE('',(#131),#1846,.F.);
#1942=ADVANCED_FACE('',(#132),#1847,.F.);
#1943=ADVANCED_FACE('',(#133),#1848,.F.);
#1944=ADVANCED_FACE('',(#134),#31,.T.);
#1945=ADVANCED_FACE('',(#135),#1849,.F.);
#1946=ADVANCED_FACE('',(#136),#1850,.F.);
#1947=ADVANCED_FACE('',(#137),#1851,.T.);
#1948=ADVANCED_FACE('',(#138),#1852,.F.);
#1949=ADVANCED_FACE('',(#139),#1853,.F.);
#1950=ADVANCED_FACE('',(#140),#1854,.F.);
#1951=ADVANCED_FACE('',(#141),#1855,.F.);
#1952=ADVANCED_FACE('',(#142),#1856,.T.);
#1953=ADVANCED_FACE('',(#143),#1857,.F.);
#1954=ADVANCED_FACE('',(#144),#32,.T.);
#1955=ADVANCED_FACE('',(#145),#1858,.T.);
#1956=ADVANCED_FACE('',(#146),#1859,.T.);
#1957=ADVANCED_FACE('',(#147),#1860,.F.);
#1958=ADVANCED_FACE('',(#148),#1861,.T.);
#1959=ADVANCED_FACE('',(#149),#1862,.T.);
#1960=ADVANCED_FACE('',(#150),#1863,.T.);
#1961=ADVANCED_FACE('',(#151),#1864,.T.);
#1962=ADVANCED_FACE('',(#152),#1865,.F.);
#1963=ADVANCED_FACE('',(#153),#1866,.T.);
#1964=ADVANCED_FACE('',(#154),#1867,.T.);
#1965=ADVANCED_FACE('',(#155),#1868,.T.);
#1966=ADVANCED_FACE('',(#156),#25,.F.);
#1967=ADVANCED_FACE('',(#157),#1869,.T.);
#1968=ADVANCED_FACE('',(#158),#26,.F.);
#1969=ADVANCED_FACE('',(#159),#1870,.T.);
#1970=ADVANCED_FACE('',(#160),#27,.T.);
#1971=ADVANCED_FACE('',(#161),#1871,.T.);
#1972=ADVANCED_FACE('',(#162),#28,.T.);
#1973=ADVANCED_FACE('',(#163),#1872,.T.);
#1974=ADVANCED_FACE('',(#164),#1873,.F.);
#1975=ADVANCED_FACE('',(#165),#1874,.F.);
#1976=ADVANCED_FACE('',(#166),#33,.F.);
#1977=ADVANCED_FACE('',(#167),#1875,.F.);
#1978=ADVANCED_FACE('',(#168),#34,.F.);
#1979=ADVANCED_FACE('',(#169),#1876,.T.);
#1980=ADVANCED_FACE('',(#170),#1877,.T.);
#1981=ADVANCED_FACE('',(#171),#1878,.F.);
#1982=ADVANCED_FACE('',(#172),#1879,.T.);
#1983=ADVANCED_FACE('',(#173),#1880,.T.);
#1984=ADVANCED_FACE('',(#174),#35,.T.);
#1985=ADVANCED_FACE('',(#175),#1881,.F.);
#1986=ADVANCED_FACE('',(#176),#36,.T.);
#1987=ADVANCED_FACE('',(#177),#1882,.F.);
#1988=ADVANCED_FACE('',(#178),#1883,.T.);
#1989=ADVANCED_FACE('',(#179,#42),#1884,.F.);
#1990=ADVANCED_FACE('',(#180),#1885,.T.);
#1991=ADVANCED_FACE('',(#181),#1886,.T.);
#1992=ADVANCED_FACE('',(#182),#1887,.F.);
#1993=ADVANCED_FACE('',(#183),#37,.T.);
#1994=ADVANCED_FACE('',(#184),#38,.T.);
#1995=ADVANCED_FACE('',(#185),#1888,.T.);
#1996=ADVANCED_FACE('',(#186),#1889,.T.);
#1997=ADVANCED_FACE('',(#187),#1890,.T.);
#1998=ADVANCED_FACE('',(#188),#1891,.T.);
#1999=ADVANCED_FACE('',(#189),#1892,.T.);
#2000=ADVANCED_FACE('',(#190),#1893,.T.);
#2001=ADVANCED_FACE('',(#191),#1894,.T.);
#2002=ADVANCED_FACE('',(#192),#1895,.T.);
#2003=ADVANCED_FACE('',(#193),#1896,.T.);
#2004=ADVANCED_FACE('',(#194),#1897,.T.);
#2005=ADVANCED_FACE('',(#195),#1898,.T.);
#2006=ADVANCED_FACE('',(#196),#1899,.T.);
#2007=ADVANCED_FACE('',(#197),#1900,.T.);
#2008=ADVANCED_FACE('',(#198),#1901,.T.);
#2009=ADVANCED_FACE('',(#199),#1902,.T.);
#2010=ADVANCED_FACE('',(#200),#1903,.T.);
#2011=ADVANCED_FACE('',(#201),#1904,.T.);
#2012=ADVANCED_FACE('',(#202),#1905,.T.);
#2013=ADVANCED_FACE('',(#203),#1906,.T.);
#2014=ADVANCED_FACE('',(#204),#1907,.T.);
#2015=ADVANCED_FACE('',(#205),#1908,.T.);
#2016=CLOSED_SHELL('',(#1909,#1910,#1911,#1912,#1913,#1914,#1915,#1916,
#1917,#1918,#1919,#1920,#1921,#1922,#1923,#1924,#1925,#1926,#1927,#1928,
#1929,#1930,#1931,#1932,#1933,#1934,#1935,#1936,#1937,#1938,#1939,#1940,
#1941,#1942,#1943,#1944,#1945,#1946,#1947,#1948,#1949,#1950,#1951,#1952,
#1953,#1954,#1955,#1956,#1957,#1958,#1959,#1960,#1961,#1962,#1963,#1964,
#1965,#1966,#1967,#1968,#1969,#1970,#1971,#1972,#1973,#1974,#1975,#1976,
#1977,#1978,#1979,#1980,#1981,#1982,#1983,#1984,#1985,#1986,#1987,#1988,
#1989,#1990,#1991,#1992,#1993,#1994,#1995));
#2017=CLOSED_SHELL('',(#1996,#1997,#1998,#1999,#2000,#2001,#2002,#2003,
#2004,#2005,#2006,#2007));
#2018=CLOSED_SHELL('',(#2008,#2009,#2010,#2011,#2012,#2013,#2014,#2015));
#2019=DERIVED_UNIT_ELEMENT(#2021,1.);
#2020=DERIVED_UNIT_ELEMENT(#3346,-3.);
#2021=(
MASS_UNIT()
NAMED_UNIT(*)
SI_UNIT(.KILO.,.GRAM.)
);
#2022=DERIVED_UNIT((#2019,#2020));
#2023=MEASURE_REPRESENTATION_ITEM('density measure',
POSITIVE_RATIO_MEASURE(7850.),#2022);
#2024=PROPERTY_DEFINITION_REPRESENTATION(#2029,#2026);
#2025=PROPERTY_DEFINITION_REPRESENTATION(#2030,#2027);
#2026=REPRESENTATION('material name',(#2028),#3343);
#2027=REPRESENTATION('density',(#2023),#3343);
#2028=DESCRIPTIVE_REPRESENTATION_ITEM('Steel','Steel');
#2029=PROPERTY_DEFINITION('material property','material name',#3358);
#2030=PROPERTY_DEFINITION('material property','density of part',#3358);
#2031=AXIS2_PLACEMENT_3D('',#2758,#2197,#2198);
#2032=AXIS2_PLACEMENT_3D('',#2759,#2199,#2200);
#2033=AXIS2_PLACEMENT_3D('',#2760,#2201,#2202);
#2034=AXIS2_PLACEMENT_3D('',#2773,#2209,#2210);
#2035=AXIS2_PLACEMENT_3D('',#2779,#2214,#2215);
#2036=AXIS2_PLACEMENT_3D('',#2783,#2218,#2219);
#2037=AXIS2_PLACEMENT_3D('',#2787,#2222,#2223);
#2038=AXIS2_PLACEMENT_3D('',#2800,#2230,#2231);
#2039=AXIS2_PLACEMENT_3D('',#2804,#2233,#2234);
#2040=AXIS2_PLACEMENT_3D('',#2806,#2236,#2237);
#2041=AXIS2_PLACEMENT_3D('',#2809,#2239,#2240);
#2042=AXIS2_PLACEMENT_3D('',#2810,#2241,#2242);
#2043=AXIS2_PLACEMENT_3D('',#2833,#2255,#2256);
#2044=AXIS2_PLACEMENT_3D('',#2835,#2257,#2258);
#2045=AXIS2_PLACEMENT_3D('',#2839,#2260,#2261);
#2046=AXIS2_PLACEMENT_3D('',#2843,#2263,#2264);
#2047=AXIS2_PLACEMENT_3D('',#2847,#2266,#2267);
#2048=AXIS2_PLACEMENT_3D('',#2871,#2279,#2280);
#2049=AXIS2_PLACEMENT_3D('',#2878,#2284,#2285);
#2050=AXIS2_PLACEMENT_3D('',#2879,#2286,#2287);
#2051=AXIS2_PLACEMENT_3D('',#2883,#2290,#2291);
#2052=AXIS2_PLACEMENT_3D('',#2885,#2293,#2294);
#2053=AXIS2_PLACEMENT_3D('',#2894,#2299,#2300);
#2054=AXIS2_PLACEMENT_3D('',#2897,#2303,#2304);
#2055=AXIS2_PLACEMENT_3D('',#2899,#2305,#2306);
#2056=AXIS2_PLACEMENT_3D('',#2901,#2307,#2308);
#2057=AXIS2_PLACEMENT_3D('',#2903,#2309,#2310);
#2058=AXIS2_PLACEMENT_3D('',#2907,#2312,#2313);
#2059=AXIS2_PLACEMENT_3D('',#2909,#2314,#2315);
#2060=AXIS2_PLACEMENT_3D('',#2914,#2318,#2319);
#2061=AXIS2_PLACEMENT_3D('',#2916,#2320,#2321);
#2062=AXIS2_PLACEMENT_3D('',#2920,#2323,#2324);
#2063=AXIS2_PLACEMENT_3D('',#2922,#2325,#2326);
#2064=AXIS2_PLACEMENT_3D('',#2924,#2328,#2329);
#2065=AXIS2_PLACEMENT_3D('',#2930,#2333,#2334);
#2066=AXIS2_PLACEMENT_3D('',#2933,#2336,#2337);
#2067=AXIS2_PLACEMENT_3D('',#2934,#2338,#2339);
#2068=AXIS2_PLACEMENT_3D('',#2938,#2342,#2343);
#2069=AXIS2_PLACEMENT_3D('',#2942,#2346,#2347);
#2070=AXIS2_PLACEMENT_3D('',#2946,#2350,#2351);
#2071=AXIS2_PLACEMENT_3D('',#2950,#2354,#2355);
#2072=AXIS2_PLACEMENT_3D('',#2951,#2356,#2357);
#2073=AXIS2_PLACEMENT_3D('',#2952,#2358,#2359);
#2074=AXIS2_PLACEMENT_3D('',#2956,#2362,#2363);
#2075=AXIS2_PLACEMENT_3D('',#2959,#2364,#2365);
#2076=AXIS2_PLACEMENT_3D('',#2962,#2367,#2368);
#2077=AXIS2_PLACEMENT_3D('',#2964,#2369,#2370);
#2078=AXIS2_PLACEMENT_3D('',#2967,#2372,#2373);
#2079=AXIS2_PLACEMENT_3D('',#2971,#2375,#2376);
#2080=AXIS2_PLACEMENT_3D('',#2973,#2377,#2378);
#2081=AXIS2_PLACEMENT_3D('',#2976,#2380,#2381);
#2082=AXIS2_PLACEMENT_3D('',#2977,#2382,#2383);
#2083=AXIS2_PLACEMENT_3D('',#2981,#2385,#2386);
#2084=AXIS2_PLACEMENT_3D('',#2983,#2388,#2389);
#2085=AXIS2_PLACEMENT_3D('',#2989,#2393,#2394);
#2086=AXIS2_PLACEMENT_3D('',#2993,#2396,#2397);
#2087=AXIS2_PLACEMENT_3D('',#2996,#2399,#2400);
#2088=AXIS2_PLACEMENT_3D('',#2999,#2401,#2402);
#2089=AXIS2_PLACEMENT_3D('',#3003,#2404,#2405);
#2090=AXIS2_PLACEMENT_3D('',#3011,#2409,#2410);
#2091=AXIS2_PLACEMENT_3D('',#3015,#2412,#2413);
#2092=AXIS2_PLACEMENT_3D('',#3021,#2417,#2418);
#2093=AXIS2_PLACEMENT_3D('',#3022,#2419,#2420);
#2094=AXIS2_PLACEMENT_3D('',#3023,#2421,#2422);
#2095=AXIS2_PLACEMENT_3D('',#3025,#2424,#2425);
#2096=AXIS2_PLACEMENT_3D('',#3027,#2427,#2428);
#2097=AXIS2_PLACEMENT_3D('',#3029,#2429,#2430);
#2098=AXIS2_PLACEMENT_3D('',#3031,#2432,#2433);
#2099=AXIS2_PLACEMENT_3D('',#3035,#2436,#2437);
#2100=AXIS2_PLACEMENT_3D('',#3037,#2438,#2439);
#2101=AXIS2_PLACEMENT_3D('',#3039,#2441,#2442);
#2102=AXIS2_PLACEMENT_3D('',#3043,#2445,#2446);
#2103=AXIS2_PLACEMENT_3D('',#3045,#2448,#2449);
#2104=AXIS2_PLACEMENT_3D('',#3047,#2450,#2451);
#2105=AXIS2_PLACEMENT_3D('',#3049,#2453,#2454);
#2106=AXIS2_PLACEMENT_3D('',#3052,#2455,#2456);
#2107=AXIS2_PLACEMENT_3D('',#3058,#2460,#2461);
#2108=AXIS2_PLACEMENT_3D('',#3060,#2462,#2463);
#2109=AXIS2_PLACEMENT_3D('',#3063,#2465,#2466);
#2110=AXIS2_PLACEMENT_3D('',#3064,#2467,#2468);
#2111=AXIS2_PLACEMENT_3D('',#3068,#2470,#2471);
#2112=AXIS2_PLACEMENT_3D('',#3070,#2473,#2474);
#2113=AXIS2_PLACEMENT_3D('',#3074,#2476,#2477);
#2114=AXIS2_PLACEMENT_3D('',#3076,#2479,#2480);
#2115=AXIS2_PLACEMENT_3D('',#3077,#2481,#2482);
#2116=AXIS2_PLACEMENT_3D('',#3083,#2486,#2487);
#2117=AXIS2_PLACEMENT_3D('',#3084,#2488,#2489);
#2118=AXIS2_PLACEMENT_3D('',#3085,#2490,#2491);
#2119=AXIS2_PLACEMENT_3D('',#3086,#2492,#2493);
#2120=AXIS2_PLACEMENT_3D('',#3087,#2494,#2495);
#2121=AXIS2_PLACEMENT_3D('',#3088,#2496,#2497);
#2122=AXIS2_PLACEMENT_3D('',#3092,#2500,#2501);
#2123=AXIS2_PLACEMENT_3D('',#3093,#2502,#2503);
#2124=AXIS2_PLACEMENT_3D('',#3094,#2504,#2505);
#2125=AXIS2_PLACEMENT_3D('',#3097,#2508,#2509);
#2126=AXIS2_PLACEMENT_3D('',#3098,#2510,#2511);
#2127=AXIS2_PLACEMENT_3D('',#3099,#2512,#2513);
#2128=AXIS2_PLACEMENT_3D('',#3103,#2516,#2517);
#2129=AXIS2_PLACEMENT_3D('',#3107,#2520,#2521);
#2130=AXIS2_PLACEMENT_3D('',#3111,#2524,#2525);
#2131=AXIS2_PLACEMENT_3D('',#3115,#2528,#2529);
#2132=AXIS2_PLACEMENT_3D('',#3121,#2533,#2534);
#2133=AXIS2_PLACEMENT_3D('',#3132,#2541,#2542);
#2134=AXIS2_PLACEMENT_3D('',#3137,#2546,#2547);
#2135=AXIS2_PLACEMENT_3D('',#3139,#2549,#2550);
#2136=AXIS2_PLACEMENT_3D('',#3143,#2553,#2554);
#2137=AXIS2_PLACEMENT_3D('',#3146,#2556,#2557);
#2138=AXIS2_PLACEMENT_3D('',#3147,#2558,#2559);
#2139=AXIS2_PLACEMENT_3D('',#3151,#2562,#2563);
#2140=AXIS2_PLACEMENT_3D('',#3154,#2565,#2566);
#2141=AXIS2_PLACEMENT_3D('',#3155,#2567,#2568);
#2142=AXIS2_PLACEMENT_3D('',#3157,#2570,#2571);
#2143=AXIS2_PLACEMENT_3D('',#3160,#2573,#2574);
#2144=AXIS2_PLACEMENT_3D('',#3161,#2575,#2576);
#2145=AXIS2_PLACEMENT_3D('',#3165,#2579,#2580);
#2146=AXIS2_PLACEMENT_3D('',#3168,#2582,#2583);
#2147=AXIS2_PLACEMENT_3D('',#3169,#2584,#2585);
#2148=AXIS2_PLACEMENT_3D('',#3171,#2587,#2588);
#2149=AXIS2_PLACEMENT_3D('',#3173,#2590,#2591);
#2150=AXIS2_PLACEMENT_3D('',#3176,#2594,#2595);
#2151=AXIS2_PLACEMENT_3D('',#3177,#2596,#2597);
#2152=AXIS2_PLACEMENT_3D('',#3179,#2599,#2600);
#2153=AXIS2_PLACEMENT_3D('',#3180,#2601,#2602);
#2154=AXIS2_PLACEMENT_3D('',#3182,#2604,#2605);
#2155=AXIS2_PLACEMENT_3D('',#3183,#2606,#2607);
#2156=AXIS2_PLACEMENT_3D('',#3186,#2608,#2609);
#2157=AXIS2_PLACEMENT_3D('',#3190,#2611,#2612);
#2158=AXIS2_PLACEMENT_3D('',#3192,#2614,#2615);
#2159=AXIS2_PLACEMENT_3D('',#3196,#2618,#2619);
#2160=AXIS2_PLACEMENT_3D('',#3200,#2622,#2623);
#2161=AXIS2_PLACEMENT_3D('',#3203,#2624,#2625);
#2162=AXIS2_PLACEMENT_3D('',#3206,#2628,#2629);
#2163=AXIS2_PLACEMENT_3D('',#3210,#2632,#2633);
#2164=AXIS2_PLACEMENT_3D('',#3212,#2634,#2635);
#2165=AXIS2_PLACEMENT_3D('',#3214,#2637,#2638);
#2166=AXIS2_PLACEMENT_3D('',#3216,#2640,#2641);
#2167=AXIS2_PLACEMENT_3D('',#3220,#2644,#2645);
#2168=AXIS2_PLACEMENT_3D('',#3224,#2647,#2648);
#2169=AXIS2_PLACEMENT_3D('',#3227,#2650,#2651);
#2170=AXIS2_PLACEMENT_3D('',#3228,#2652,#2653);
#2171=AXIS2_PLACEMENT_3D('',#3230,#2655,#2656);
#2172=AXIS2_PLACEMENT_3D('',#3232,#2658,#2659);
#2173=AXIS2_PLACEMENT_3D('',#3233,#2660,#2661);
#2174=AXIS2_PLACEMENT_3D('',#3235,#2663,#2664);
#2175=AXIS2_PLACEMENT_3D('',#3237,#2666,#2667);
#2176=AXIS2_PLACEMENT_3D('',#3238,#2668,#2669);
#2177=AXIS2_PLACEMENT_3D('',#3247,#2674,#2675);
#2178=AXIS2_PLACEMENT_3D('',#3253,#2679,#2680);
#2179=AXIS2_PLACEMENT_3D('',#3259,#2684,#2685);
#2180=AXIS2_PLACEMENT_3D('',#3265,#2689,#2690);
#2181=AXIS2_PLACEMENT_3D('',#3271,#2694,#2695);
#2182=AXIS2_PLACEMENT_3D('',#3277,#2699,#2700);
#2183=AXIS2_PLACEMENT_3D('',#3283,#2704,#2705);
#2184=AXIS2_PLACEMENT_3D('',#3289,#2709,#2710);
#2185=AXIS2_PLACEMENT_3D('',#3295,#2714,#2715);
#2186=AXIS2_PLACEMENT_3D('',#3298,#2718,#2719);
#2187=AXIS2_PLACEMENT_3D('',#3299,#2720,#2721);
#2188=AXIS2_PLACEMENT_3D('',#3300,#2722,#2723);
#2189=AXIS2_PLACEMENT_3D('',#3309,#2728,#2729);
#2190=AXIS2_PLACEMENT_3D('',#3315,#2733,#2734);
#2191=AXIS2_PLACEMENT_3D('',#3321,#2738,#2739);
#2192=AXIS2_PLACEMENT_3D('',#3327,#2743,#2744);
#2193=AXIS2_PLACEMENT_3D('',#3333,#2748,#2749);
#2194=AXIS2_PLACEMENT_3D('',#3336,#2752,#2753);
#2195=AXIS2_PLACEMENT_3D('',#3337,#2754,#2755);
#2196=AXIS2_PLACEMENT_3D('',#3338,#2756,#2757);
#2197=DIRECTION('axis',(0.,0.,1.));
#2198=DIRECTION('refdir',(1.,0.,0.));
#2199=DIRECTION('axis',(0.,0.,1.));
#2200=DIRECTION('refdir',(1.,0.,0.));
#2201=DIRECTION('center_axis',(0.707106781186546,-0.707106781186549,-2.55344648206209E-34));
#2202=DIRECTION('ref_axis',(-3.61111864572608E-34,0.,-1.));
#2203=DIRECTION('',(-0.57734998241622,-0.577349982416218,-0.577350842736011));
#2204=DIRECTION('',(0.,-3.61111864572606E-34,1.));
#2205=DIRECTION('',(0.577350269189627,0.577350269189625,-0.577350269189625));
#2206=DIRECTION('',(0.707106781186549,0.707106781186546,0.));
#2207=DIRECTION('',(0.,0.,1.));
#2208=DIRECTION('',(-0.707106781186549,-0.707106781186546,1.3170890527582E-8));
#2209=DIRECTION('center_axis',(-1.30104260698261E-17,1.,3.61111864572606E-34));
#2210=DIRECTION('ref_axis',(2.77555756156293E-17,5.79321751111624E-48,1.));
#2211=DIRECTION('',(1.,1.30104260698261E-17,-3.46944695195361E-17));
#2212=DIRECTION('',(3.61111864572608E-34,3.61111864572606E-34,-1.));
#2213=DIRECTION('',(1.,1.30104260698261E-17,-3.46944695195361E-17));
#2214=DIRECTION('center_axis',(-3.37324437430902E-17,0.707107308022348,
-0.707106254350355));
#2215=DIRECTION('ref_axis',(9.81309980072264E-18,0.707106254350355,0.707107308022348));
#2216=DIRECTION('',(1.,-1.86264242093566E-8,-1.86264520126377E-8));
#2217=DIRECTION('',(-0.577349982416221,-0.577349982416218,-0.577350842736011));
#2218=DIRECTION('center_axis',(-1.86264520126377E-8,0.,-1.));
#2219=DIRECTION('ref_axis',(-1.,0.,1.86264520126377E-8));
#2220=DIRECTION('',(1.,0.,-1.86264520126377E-8));
#2221=DIRECTION('',(-0.707106781186549,-0.707106781186546,1.3170890527582E-8));
#2222=DIRECTION('center_axis',(-0.707106781186547,-0.707106781186548,-2.55344648206208E-34));
#2223=DIRECTION('ref_axis',(-3.61111864572607E-34,0.,1.));
#2224=DIRECTION('',(0.577350269189627,-0.577350269189625,0.577350269189625));
#2225=DIRECTION('',(-1.36026791405428E-49,3.61111864572606E-34,-1.));
#2226=DIRECTION('',(-0.57734998241622,0.577349982416219,0.577350842736012));
#2227=DIRECTION('',(-0.707106781186548,0.707106781186547,1.3170890527582E-8));
#2228=DIRECTION('',(0.,0.,1.));
#2229=DIRECTION('',(0.707106781186548,-0.707106781186547,0.));
#2230=DIRECTION('center_axis',(1.53329341668337E-17,0.707106781186548,0.707106781186548));
#2231=DIRECTION('ref_axis',(2.94392336003199E-17,-0.707106781186548,0.707106781186548));
#2232=DIRECTION('',(1.,-2.16840434497101E-17,0.));
#2233=DIRECTION('center_axis',(1.53329341668337E-17,0.707106781186548,0.707106781186548));
#2234=DIRECTION('ref_axis',(-4.9065389333868E-17,-0.707106781186547,0.707106781186547));
#2235=DIRECTION('',(1.,1.30104260698261E-17,-3.46944695195361E-17));
#2236=DIRECTION('center_axis',(0.,0.,1.));
#2237=DIRECTION('ref_axis',(0.,1.,0.));
#2238=DIRECTION('',(1.,0.,-3.46944695195361E-17));
#2239=DIRECTION('center_axis',(0.,0.,1.));
#2240=DIRECTION('ref_axis',(-0.707106781186548,-0.707106781186547,0.));
#2241=DIRECTION('center_axis',(0.,-1.,0.));
#2242=DIRECTION('ref_axis',(1.,0.,0.));
#2243=DIRECTION('',(1.,0.,-3.46944695195361E-17));
#2244=DIRECTION('',(0.,0.,1.));
#2245=DIRECTION('',(-1.,0.,0.));
#2246=DIRECTION('',(0.,0.,-1.));
#2247=DIRECTION('',(1.,0.,0.));
#2248=DIRECTION('',(0.,0.,-1.));
#2249=DIRECTION('',(1.,0.,0.));
#2250=DIRECTION('',(0.,0.,1.));
#2251=DIRECTION('',(1.,0.,-1.86264520126377E-8));
#2252=DIRECTION('',(0.,0.,1.));
#2253=DIRECTION('',(1.,0.,0.));
#2254=DIRECTION('',(0.,0.,1.));
#2255=DIRECTION('center_axis',(0.,0.,1.));
#2256=DIRECTION('ref_axis',(-1.,0.,0.));
#2257=DIRECTION('center_axis',(0.,0.,1.));
#2258=DIRECTION('ref_axis',(-0.707106781186548,-0.707106781186547,0.));
#2259=DIRECTION('',(-2.06990730163454E-16,1.,0.));
#2260=DIRECTION('center_axis',(0.,0.,1.));
#2261=DIRECTION('ref_axis',(-0.707106781186548,0.707106781186547,0.));
#2262=DIRECTION('',(-1.,0.,0.));
#2263=DIRECTION('center_axis',(0.,0.,1.));
#2264=DIRECTION('ref_axis',(0.707106781186547,0.707106781186547,0.));
#2265=DIRECTION('',(0.,-1.,0.));
#2266=DIRECTION('center_axis',(0.,0.,1.));
#2267=DIRECTION('ref_axis',(0.707106781186548,-0.707106781186547,0.));
#2268=DIRECTION('',(-1.,0.,0.));
#2269=DIRECTION('',(0.707106781186549,-0.707106781186546,0.));
#2270=DIRECTION('',(-1.,0.,0.));
#2271=DIRECTION('',(0.707106781186549,0.707106781186546,0.));
#2272=DIRECTION('',(-1.,0.,0.));
#2273=DIRECTION('',(0.,-1.,0.));
#2274=DIRECTION('',(1.,1.38777878078145E-17,0.));
#2275=DIRECTION('',(0.,1.,0.));
#2276=DIRECTION('',(1.,0.,0.));
#2277=DIRECTION('',(0.,-1.,0.));
#2278=DIRECTION('',(1.,-2.08166817117217E-16,0.));
#2279=DIRECTION('center_axis',(0.,0.,1.));
#2280=DIRECTION('ref_axis',(1.,-5.44676186921056E-16,0.));
#2281=DIRECTION('',(0.,1.,0.));
#2282=DIRECTION('',(-1.,0.,0.));
#2283=DIRECTION('',(0.,-1.,0.));
#2284=DIRECTION('center_axis',(0.,0.,1.));
#2285=DIRECTION('ref_axis',(0.,-1.,0.));
#2286=DIRECTION('center_axis',(0.,0.,1.));
#2287=DIRECTION('ref_axis',(0.,1.,0.));
#2288=DIRECTION('',(1.,-2.16840434497101E-17,0.));
#2289=DIRECTION('',(0.707106781186549,0.707106781186546,-2.45326946669341E-17));
#2290=DIRECTION('center_axis',(1.53329341668337E-17,0.707106781186548,0.707106781186548));
#2291=DIRECTION('ref_axis',(2.94392336003199E-17,-0.707106781186548,0.707106781186548));
#2292=DIRECTION('',(0.577350269189628,0.577350269189625,-0.577350269189625));
#2293=DIRECTION('center_axis',(1.,0.,0.));
#2294=DIRECTION('ref_axis',(0.,1.,0.));
#2295=DIRECTION('',(0.,0.,1.));
#2296=DIRECTION('',(0.,1.,0.));
#2297=DIRECTION('',(0.,0.98058067569092,0.196116135138184));
#2298=DIRECTION('',(0.,1.,0.));
#2299=DIRECTION('center_axis',(-0.707106781186549,0.,-0.707106781186546));
#2300=DIRECTION('ref_axis',(-0.707106781186546,0.,0.707106781186549));
#2301=DIRECTION('',(0.707106781186546,0.,-0.707106781186549));
#2302=DIRECTION('',(0.192450089729875,-0.962250448649376,-0.192450089729875));
#2303=DIRECTION('center_axis',(0.,0.,1.));
#2304=DIRECTION('ref_axis',(0.707106781186548,-0.707106781186547,0.));
#2305=DIRECTION('center_axis',(0.,0.,-1.));
#2306=DIRECTION('ref_axis',(0.707106781186548,-0.707106781186547,0.));
#2307=DIRECTION('center_axis',(0.,0.,1.));
#2308=DIRECTION('ref_axis',(0.707106781186548,-0.707106781186547,0.));
#2309=DIRECTION('center_axis',(1.53329341668337E-17,0.707106781186548,0.707106781186548));
#2310=DIRECTION('ref_axis',(-4.9065389333868E-17,-0.707106781186547,0.707106781186547));
#2311=DIRECTION('',(0.,0.,-1.));
#2312=DIRECTION('center_axis',(-3.37324437430902E-17,0.707107308022348,
-0.707106254350355));
#2313=DIRECTION('ref_axis',(-4.90653527772635E-17,-0.707106254350355,-0.707107308022347));
#2314=DIRECTION('center_axis',(0.,0.,-1.));
#2315=DIRECTION('ref_axis',(0.707106781186548,-0.707106781186547,0.));
#2316=DIRECTION('',(0.,0.,1.));
#2317=DIRECTION('',(0.,0.,1.));
#2318=DIRECTION('center_axis',(0.,0.,-1.));
#2319=DIRECTION('ref_axis',(0.707106781186548,-0.707106781186547,0.));
#2320=DIRECTION('center_axis',(-0.707100393318807,0.,-0.707113168996582));
#2321=DIRECTION('ref_axis',(0.707113168996582,9.81316651544581E-17,-0.707100393318807));
#2322=DIRECTION('',(0.,0.,1.));
#2323=DIRECTION('center_axis',(-0.707106504597685,0.,0.707107057775302));
#2324=DIRECTION('ref_axis',(0.707107057775302,9.81308170521363E-17,0.707106504597685));
#2325=DIRECTION('center_axis',(0.,0.,1.));
#2326=DIRECTION('ref_axis',(0.707106781186548,-0.707106781186547,0.));
#2327=DIRECTION('',(0.,0.,1.));
#2328=DIRECTION('center_axis',(-1.,0.,0.));
#2329=DIRECTION('ref_axis',(0.,0.,1.));
#2330=DIRECTION('',(0.,1.,0.));
#2331=DIRECTION('',(0.,0.,-1.));
#2332=DIRECTION('',(0.,-1.,0.));
#2333=DIRECTION('center_axis',(-0.707100393318807,0.,-0.707113168996582));
#2334=DIRECTION('ref_axis',(-0.707113168996582,0.,0.707100393318807));
#2335=DIRECTION('',(0.,-1.,0.));
#2336=DIRECTION('center_axis',(-0.707100393318807,0.,-0.707113168996582));
#2337=DIRECTION('ref_axis',(0.707113168996582,0.,-0.707100393318807));
#2338=DIRECTION('center_axis',(1.,0.,0.));
#2339=DIRECTION('ref_axis',(0.,1.,0.));
#2340=DIRECTION('',(0.,0.,-1.));
#2341=DIRECTION('',(0.,-1.,0.));
#2342=DIRECTION('center_axis',(0.,0.,1.));
#2343=DIRECTION('ref_axis',(0.,1.,0.));
#2344=DIRECTION('',(0.707106781186549,-0.707106781186546,-2.45326946669341E-17));
#2345=DIRECTION('',(-1.,2.16840434497101E-17,0.));
#2346=DIRECTION('center_axis',(0.,-1.,0.));
#2347=DIRECTION('ref_axis',(1.,0.,0.));
#2348=DIRECTION('',(-1.,0.,3.46944695195361E-17));
#2349=DIRECTION('',(0.,0.,-1.));
#2350=DIRECTION('center_axis',(0.,0.,-1.));
#2351=DIRECTION('ref_axis',(0.,1.,0.));
#2352=DIRECTION('',(-1.,-4.77048438905742E-17,0.));
#2353=DIRECTION('',(-0.707106781186549,0.707106781186546,2.45326946669341E-17));
#2354=DIRECTION('center_axis',(0.,0.,-1.));
#2355=DIRECTION('ref_axis',(0.,1.,0.));
#2356=DIRECTION('center_axis',(0.,0.,-1.));
#2357=DIRECTION('ref_axis',(0.707106781186547,0.707106781186547,0.));
#2358=DIRECTION('center_axis',(-3.37324437430902E-17,0.707107308022348,
-0.707106254350355));
#2359=DIRECTION('ref_axis',(9.81309980072264E-18,0.707106254350355,0.707107308022348));
#2360=DIRECTION('',(1.,1.30104260698261E-17,-3.46944695195361E-17));
#2361=DIRECTION('',(-0.577349982416221,0.577349982416218,0.577350842736011));
#2362=DIRECTION('center_axis',(0.,0.,1.));
#2363=DIRECTION('ref_axis',(-0.707106781186548,-0.707106781186547,0.));
#2364=DIRECTION('center_axis',(-1.86264520126377E-8,0.,-1.));
#2365=DIRECTION('ref_axis',(-0.707106781186548,-0.707106781186547,1.3170890527582E-8));
#2366=DIRECTION('',(0.,0.,-1.));
#2367=DIRECTION('center_axis',(-1.86264520126377E-8,0.,-1.));
#2368=DIRECTION('ref_axis',(-0.707106781186548,-0.707106781186547,1.3170890527582E-8));
#2369=DIRECTION('center_axis',(-3.37324437430902E-17,0.707107308022348,
-0.707106254350355));
#2370=DIRECTION('ref_axis',(-4.90653527772635E-17,-0.707106254350355,-0.707107308022348));
#2371=DIRECTION('',(0.,0.,1.));
#2372=DIRECTION('center_axis',(0.,0.,-1.));
#2373=DIRECTION('ref_axis',(-0.707106781186548,-0.707106781186547,0.));
#2374=DIRECTION('',(0.,0.,1.));
#2375=DIRECTION('center_axis',(0.,0.,1.));
#2376=DIRECTION('ref_axis',(-0.707106781186548,-0.707106781186547,0.));
#2377=DIRECTION('center_axis',(0.707106504597685,0.,0.707107057775302));
#2378=DIRECTION('ref_axis',(-0.707107057775302,-4.90654085260682E-17,0.707106504597685));
#2379=DIRECTION('',(0.,0.,-1.));
#2380=DIRECTION('center_axis',(0.70710922767525,0.,-0.70710433468938));
#2381=DIRECTION('ref_axis',(-0.70710433468938,-4.90652195740252E-17,-0.70710922767525));
#2382=DIRECTION('center_axis',(0.707106504597685,0.,0.707107057775302));
#2383=DIRECTION('ref_axis',(0.707107057775302,0.,-0.707106504597685));
#2384=DIRECTION('',(0.,1.,0.));
#2385=DIRECTION('center_axis',(0.707106504597685,0.,0.707107057775302));
#2386=DIRECTION('ref_axis',(-0.707107057775302,0.,0.707106504597685));
#2387=DIRECTION('',(0.,1.,0.));
#2388=DIRECTION('center_axis',(-1.,-2.06990730163454E-16,0.));
#2389=DIRECTION('ref_axis',(2.06990730163454E-16,-1.,0.));
#2390=DIRECTION('',(-2.06990730163454E-16,1.,0.));
#2391=DIRECTION('',(0.,0.,1.));
#2392=DIRECTION('',(2.06990730163454E-16,-1.,0.));
#2393=DIRECTION('center_axis',(0.,0.,1.));
#2394=DIRECTION('ref_axis',(-1.,0.,0.));
#2395=DIRECTION('',(0.,1.,0.));
#2396=DIRECTION('center_axis',(0.,0.,-1.));
#2397=DIRECTION('ref_axis',(0.707106781186547,0.707106781186547,0.));
#2398=DIRECTION('',(-1.,0.,0.));
#2399=DIRECTION('center_axis',(0.,0.,-1.));
#2400=DIRECTION('ref_axis',(-0.707106781186548,0.707106781186547,0.));
#2401=DIRECTION('center_axis',(0.,0.,1.));
#2402=DIRECTION('ref_axis',(1.,-5.44676186921056E-16,0.));
#2403=DIRECTION('',(1.,-2.08166817117217E-16,0.));
#2404=DIRECTION('center_axis',(0.,0.,1.));
#2405=DIRECTION('ref_axis',(0.,-1.,0.));
#2406=DIRECTION('',(0.,-1.,0.));
#2407=DIRECTION('',(-1.,0.,0.));
#2408=DIRECTION('',(0.,1.,0.));
#2409=DIRECTION('center_axis',(0.,0.,-1.));
#2410=DIRECTION('ref_axis',(0.,-1.,0.));
#2411=DIRECTION('',(-1.,1.38777878078145E-16,0.));
#2412=DIRECTION('center_axis',(0.,0.,-1.));
#2413=DIRECTION('ref_axis',(1.,0.,0.));
#2414=DIRECTION('',(0.,-1.,0.));
#2415=DIRECTION('',(-1.,0.,0.));
#2416=DIRECTION('',(0.,1.,0.));
#2417=DIRECTION('center_axis',(0.,0.,1.));
#2418=DIRECTION('ref_axis',(0.,1.,0.));
#2419=DIRECTION('center_axis',(0.,0.,1.));
#2420=DIRECTION('ref_axis',(-0.707106781186548,0.707106781186547,0.));
#2421=DIRECTION('center_axis',(-1.86264520126377E-8,0.,-1.));
#2422=DIRECTION('ref_axis',(-1.,0.,1.86264520126377E-8));
#2423=DIRECTION('',(1.,-1.86264242093566E-8,-1.86264520126377E-8));
#2424=DIRECTION('center_axis',(-1.30104260698261E-17,1.,3.61111864572606E-34));
#2425=DIRECTION('ref_axis',(2.77555756156293E-17,5.79321751111624E-48,1.));
#2426=DIRECTION('',(1.,1.30104260698261E-17,-3.46944695195361E-17));
#2427=DIRECTION('center_axis',(-0.707106504597685,0.,0.707107057775302));
#2428=DIRECTION('ref_axis',(0.707107057775302,0.,0.707106504597685));
#2429=DIRECTION('center_axis',(-0.707106504597685,0.,0.707107057775302));
#2430=DIRECTION('ref_axis',(0.707107057775302,0.,0.707106504597685));
#2431=DIRECTION('',(0.,-1.,0.));
#2432=DIRECTION('center_axis',(1.,0.,0.));
#2433=DIRECTION('ref_axis',(0.,0.,-1.));
#2434=DIRECTION('',(0.,0.,1.));
#2435=DIRECTION('',(0.,1.,0.));
#2436=DIRECTION('center_axis',(0.70710922767525,0.,-0.70710433468938));
#2437=DIRECTION('ref_axis',(-0.70710433468938,0.,-0.70710922767525));
#2438=DIRECTION('center_axis',(0.70710922767525,0.,-0.70710433468938));
#2439=DIRECTION('ref_axis',(-0.70710433468938,-7.85043513184402E-17,-0.70710922767525));
#2440=DIRECTION('',(0.,-1.,0.));
#2441=DIRECTION('center_axis',(-1.30104260698261E-17,1.,3.61111864572606E-34));
#2442=DIRECTION('ref_axis',(2.77555756156293E-17,5.79321751111624E-48,1.));
#2443=DIRECTION('',(-1.,-1.51394048812521E-17,4.03717463500057E-17));
#2444=DIRECTION('',(3.61111864572608E-34,-3.61111864572606E-34,1.));
#2445=DIRECTION('center_axis',(1.53329341668337E-17,0.707106781186548,0.707106781186548));
#2446=DIRECTION('ref_axis',(2.94392336003199E-17,-0.707106781186548,0.707106781186548));
#2447=DIRECTION('',(0.577350269189628,-0.577350269189625,0.577350269189625));
#2448=DIRECTION('center_axis',(0.,0.,1.));
#2449=DIRECTION('ref_axis',(0.,1.,0.));
#2450=DIRECTION('center_axis',(0.,0.,1.));
#2451=DIRECTION('ref_axis',(0.707106781186547,0.707106781186547,0.));
#2452=DIRECTION('',(0.,-1.,0.));
#2453=DIRECTION('center_axis',(0.,0.,-1.));
#2454=DIRECTION('ref_axis',(0.707106781186547,0.707106781186547,0.));
#2455=DIRECTION('center_axis',(0.,0.,1.));
#2456=DIRECTION('ref_axis',(0.707106781186547,0.707106781186547,0.));
#2457=DIRECTION('',(0.,0.,1.));
#2458=DIRECTION('',(0.,0.,-1.));
#2459=DIRECTION('',(0.,0.,-1.));
#2460=DIRECTION('center_axis',(0.,0.,-1.));
#2461=DIRECTION('ref_axis',(0.707106781186547,0.707106781186547,0.));
#2462=DIRECTION('center_axis',(0.,-0.707109738494421,-0.707103823866305));
#2463=DIRECTION('ref_axis',(0.,0.707103823866305,-0.707109738494421));
#2464=DIRECTION('',(0.,0.,1.));
#2465=DIRECTION('center_axis',(0.,-0.707106781186545,0.70710678118655));
#2466=DIRECTION('ref_axis',(0.,0.70710678118655,0.707106781186545));
#2467=DIRECTION('center_axis',(0.,0.,-1.));
#2468=DIRECTION('ref_axis',(0.,1.,0.));
#2469=DIRECTION('',(-1.,0.,0.));
#2470=DIRECTION('center_axis',(0.,0.,-1.));
#2471=DIRECTION('ref_axis',(-0.707106781186548,0.707106781186547,0.));
#2472=DIRECTION('',(-1.,0.,0.));
#2473=DIRECTION('center_axis',(0.,0.,1.));
#2474=DIRECTION('ref_axis',(0.,1.,0.));
#2475=DIRECTION('',(1.,0.,0.));
#2476=DIRECTION('center_axis',(0.,0.,1.));
#2477=DIRECTION('ref_axis',(-0.707106781186548,0.707106781186547,0.));
#2478=DIRECTION('',(1.,0.,0.));
#2479=DIRECTION('center_axis',(1.,0.,0.));
#2480=DIRECTION('ref_axis',(0.,1.,0.));
#2481=DIRECTION('center_axis',(0.,-1.,0.));
#2482=DIRECTION('ref_axis',(0.,0.,1.));
#2483=DIRECTION('',(1.,0.,0.));
#2484=DIRECTION('',(0.,0.,-1.));
#2485=DIRECTION('',(1.,0.,0.));
#2486=DIRECTION('center_axis',(0.,-0.707109738494421,-0.707103823866305));
#2487=DIRECTION('ref_axis',(0.,0.707103823866305,-0.707109738494421));
#2488=DIRECTION('center_axis',(0.,-0.707109738494421,-0.707103823866305));
#2489=DIRECTION('ref_axis',(0.,0.707103823866305,-0.707109738494421));
#2490=DIRECTION('center_axis',(0.,-0.707106781186545,0.70710678118655));
#2491=DIRECTION('ref_axis',(0.,0.70710678118655,0.707106781186545));
#2492=DIRECTION('center_axis',(0.,-0.707106781186545,0.70710678118655));
#2493=DIRECTION('ref_axis',(0.,0.70710678118655,0.707106781186545));
#2494=DIRECTION('center_axis',(-3.37324437430902E-17,0.707107308022348,
-0.707106254350355));
#2495=DIRECTION('ref_axis',(9.81309980072264E-18,0.707106254350355,0.707107308022348));
#2496=DIRECTION('center_axis',(-1.,-2.06990730163454E-16,0.));
#2497=DIRECTION('ref_axis',(2.06990730163454E-16,-1.,0.));
#2498=DIRECTION('',(2.06990730163454E-16,-1.,-3.85550290245042E-24));
#2499=DIRECTION('',(0.,0.,1.));
#2500=DIRECTION('center_axis',(-1.86264520126377E-8,0.,-1.));
#2501=DIRECTION('ref_axis',(-1.,0.,1.86264520126377E-8));
#2502=DIRECTION('center_axis',(-1.86264520126377E-8,0.,-1.));
#2503=DIRECTION('ref_axis',(-0.707106781186548,0.707106781186547,1.3170890527582E-8));
#2504=DIRECTION('center_axis',(0.,0.,1.));
#2505=DIRECTION('ref_axis',(-0.707106781186548,0.707106781186547,0.));
#2506=DIRECTION('',(0.,0.,-1.));
#2507=DIRECTION('',(0.,0.,1.));
#2508=DIRECTION('center_axis',(0.,1.,0.));
#2509=DIRECTION('ref_axis',(-1.,0.,0.));
#2510=DIRECTION('center_axis',(0.,1.,0.));
#2511=DIRECTION('ref_axis',(-1.,0.,0.));
#2512=DIRECTION('center_axis',(0.,1.,0.));
#2513=DIRECTION('ref_axis',(0.,0.,-1.));
#2514=DIRECTION('',(-1.,0.,0.));
#2515=DIRECTION('',(-0.447213595499958,0.,-0.894427190999916));
#2516=DIRECTION('center_axis',(0.894427190999916,0.,-0.447213595499958));
#2517=DIRECTION('ref_axis',(-0.447213595499958,0.,-0.894427190999916));
#2518=DIRECTION('',(0.,-1.,0.));
#2519=DIRECTION('',(0.447213595499958,7.75791922889772E-18,0.894427190999916));
#2520=DIRECTION('center_axis',(0.,0.196116135138184,-0.98058067569092));
#2521=DIRECTION('ref_axis',(-1.,0.,0.));
#2522=DIRECTION('',(1.,0.,0.));
#2523=DIRECTION('',(0.0975900072948539,-0.975900072948533,-0.195180014589707));
#2524=DIRECTION('center_axis',(0.,0.,-1.));
#2525=DIRECTION('ref_axis',(1.,0.,0.));
#2526=DIRECTION('',(0.,1.,0.));
#2527=DIRECTION('',(1.,0.,0.));
#2528=DIRECTION('center_axis',(0.,-0.707106781186548,0.707106781186548));
#2529=DIRECTION('ref_axis',(1.,0.,0.));
#2530=DIRECTION('',(-0.577350269189627,0.577350269189625,0.577350269189625));
#2531=DIRECTION('',(1.,0.,0.));
#2532=DIRECTION('',(-0.577350269189627,-0.577350269189625,-0.577350269189625));
#2533=DIRECTION('center_axis',(0.,1.,0.));
#2534=DIRECTION('ref_axis',(0.,0.,1.));
#2535=DIRECTION('',(0.,0.,1.));
#2536=DIRECTION('',(1.,0.,0.));
#2537=DIRECTION('',(0.,0.,1.));
#2538=DIRECTION('',(-1.,0.,0.));
#2539=DIRECTION('',(0.,0.,-1.));
#2540=DIRECTION('',(0.,0.,1.));
#2541=DIRECTION('center_axis',(0.707106781186548,0.,0.707106781186548));
#2542=DIRECTION('ref_axis',(0.707106781186548,0.,-0.707106781186548));
#2543=DIRECTION('',(0.707106781186548,6.54205191118239E-16,-0.707106781186548));
#2544=DIRECTION('',(0.,1.,0.));
#2545=DIRECTION('',(-0.577350269189626,0.577350269189626,0.577350269189626));
#2546=DIRECTION('center_axis',(0.,-0.707106781186548,0.707106781186548));
#2547=DIRECTION('ref_axis',(1.,0.,0.));
#2548=DIRECTION('',(0.577350269189624,0.577350269189626,0.577350269189626));
#2549=DIRECTION('center_axis',(-0.707106781186549,0.,0.707106781186546));
#2550=DIRECTION('ref_axis',(0.707106781186546,0.,0.707106781186549));
#2551=DIRECTION('',(0.,-1.,0.));
#2552=DIRECTION('',(0.707106781186546,0.,0.707106781186549));
#2553=DIRECTION('center_axis',(0.,0.,1.));
#2554=DIRECTION('ref_axis',(1.,-5.44676186921056E-16,0.));
#2555=DIRECTION('',(0.,-0.707106781186547,0.707106781186548));
#2556=DIRECTION('center_axis',(0.,0.,-1.));
#2557=DIRECTION('ref_axis',(1.,-5.44676186921056E-16,0.));
#2558=DIRECTION('center_axis',(1.47196168001604E-16,0.707106781186548,0.707106781186547));
#2559=DIRECTION('ref_axis',(1.,0.,-2.08166817117217E-16));
#2560=DIRECTION('',(0.,-0.707106781186547,0.707106781186548));
#2561=DIRECTION('',(-1.,2.08166817117217E-16,0.));
#2562=DIRECTION('center_axis',(0.,0.,1.));
#2563=DIRECTION('ref_axis',(0.,-1.,0.));
#2564=DIRECTION('',(-0.707106781186547,-3.2710259555912E-16,0.707106781186548));
#2565=DIRECTION('center_axis',(0.,0.,-1.));
#2566=DIRECTION('ref_axis',(0.,-1.,0.));
#2567=DIRECTION('center_axis',(0.707106781186546,0.,0.707106781186549));
#2568=DIRECTION('ref_axis',(0.707106781186549,0.,-0.707106781186546));
#2569=DIRECTION('',(0.,1.,0.));
#2570=DIRECTION('center_axis',(0.,0.,-1.));
#2571=DIRECTION('ref_axis',(1.,0.,0.));
#2572=DIRECTION('',(0.,-0.707106781186548,-0.707106781186547));
#2573=DIRECTION('center_axis',(0.,0.,1.));
#2574=DIRECTION('ref_axis',(1.,0.,0.));
#2575=DIRECTION('center_axis',(-9.81307786677362E-17,-0.707106781186549,
0.707106781186546));
#2576=DIRECTION('ref_axis',(1.,0.,1.38777878078145E-16));
#2577=DIRECTION('',(0.,-0.707106781186546,-0.707106781186549));
#2578=DIRECTION('',(1.,-1.38777878078145E-16,0.));
#2579=DIRECTION('center_axis',(0.,0.,-1.));
#2580=DIRECTION('ref_axis',(0.,-1.,0.));
#2581=DIRECTION('',(-0.707106781186548,0.,-0.707106781186548));
#2582=DIRECTION('center_axis',(0.,0.,1.));
#2583=DIRECTION('ref_axis',(0.,-1.,0.));
#2584=DIRECTION('center_axis',(-0.707106781186546,0.,0.707106781186549));
#2585=DIRECTION('ref_axis',(0.707106781186549,0.,0.707106781186546));
#2586=DIRECTION('',(0.,-1.,0.));
#2587=DIRECTION('center_axis',(-1.,0.,0.));
#2588=DIRECTION('ref_axis',(0.,-1.,0.));
#2589=DIRECTION('',(0.,0.,1.));
#2590=DIRECTION('center_axis',(-2.08166817117217E-16,-1.,0.));
#2591=DIRECTION('ref_axis',(1.,-2.08166817117217E-16,0.));
#2592=DIRECTION('',(0.,0.,1.));
#2593=DIRECTION('',(0.,0.,1.));
#2594=DIRECTION('center_axis',(0.,0.,1.));
#2595=DIRECTION('ref_axis',(0.,-1.,0.));
#2596=DIRECTION('center_axis',(1.,0.,0.));
#2597=DIRECTION('ref_axis',(0.,1.,0.));
#2598=DIRECTION('',(0.,0.,1.));
#2599=DIRECTION('center_axis',(0.,0.,1.));
#2600=DIRECTION('ref_axis',(1.,-5.44676186921056E-16,0.));
#2601=DIRECTION('center_axis',(-0.894427190999915,0.,-0.44721359549996));
#2602=DIRECTION('ref_axis',(-0.44721359549996,0.,0.894427190999915));
#2603=DIRECTION('',(0.44721359549996,4.65475153733867E-18,-0.894427190999915));
#2604=DIRECTION('center_axis',(-1.38777878078145E-17,1.,-1.73472347597681E-18));
#2605=DIRECTION('ref_axis',(0.,1.73472347597681E-18,1.));
#2606=DIRECTION('center_axis',(0.,0.,1.));
#2607=DIRECTION('ref_axis',(1.,0.,0.));
#2608=DIRECTION('center_axis',(0.,0.,-1.));
#2609=DIRECTION('ref_axis',(0.,-1.,0.));
#2610=DIRECTION('',(1.,0.,0.));
#2611=DIRECTION('center_axis',(0.,0.,-1.));
#2612=DIRECTION('ref_axis',(0.,1.,0.));
#2613=DIRECTION('',(-1.,0.,0.));
#2614=DIRECTION('center_axis',(0.707106781186546,-0.707106781186549,0.));
#2615=DIRECTION('ref_axis',(0.,0.,-1.));
#2616=DIRECTION('',(0.,0.,1.));
#2617=DIRECTION('',(-0.577350269189628,-0.577350269189625,0.577350269189625));
#2618=DIRECTION('center_axis',(-0.707106781186546,-0.707106781186549,0.));
#2619=DIRECTION('ref_axis',(0.,0.,1.));
#2620=DIRECTION('',(-0.577350269189628,0.577350269189625,-0.577350269189625));
#2621=DIRECTION('',(0.,0.,-1.));
#2622=DIRECTION('center_axis',(0.,0.,1.));
#2623=DIRECTION('ref_axis',(0.,1.,0.));
#2624=DIRECTION('center_axis',(0.,0.,-1.));
#2625=DIRECTION('ref_axis',(0.,1.,0.));
#2626=DIRECTION('',(0.,0.,-1.));
#2627=DIRECTION('',(0.,0.,-1.));
#2628=DIRECTION('center_axis',(0.,1.,0.));
#2629=DIRECTION('ref_axis',(-1.,0.,0.));
#2630=DIRECTION('',(-1.,0.,0.));
#2631=DIRECTION('',(0.,0.,-1.));
#2632=DIRECTION('center_axis',(0.,0.,1.));
#2633=DIRECTION('ref_axis',(0.,-1.,0.));
#2634=DIRECTION('center_axis',(0.,0.,-1.));
#2635=DIRECTION('ref_axis',(0.,-1.,0.));
#2636=DIRECTION('',(0.,0.,-1.));
#2637=DIRECTION('center_axis',(0.,-1.,0.));
#2638=DIRECTION('ref_axis',(1.,0.,0.));
#2639=DIRECTION('',(1.,0.,0.));
#2640=DIRECTION('center_axis',(-1.,0.,0.));
#2641=DIRECTION('ref_axis',(0.,1.,0.));
#2642=DIRECTION('',(0.,0.,-1.));
#2643=DIRECTION('',(0.,1.,0.));
#2644=DIRECTION('center_axis',(0.,0.,1.));
#2645=DIRECTION('ref_axis',(1.,0.,0.));
#2646=DIRECTION('',(0.,-1.,0.));
#2647=DIRECTION('center_axis',(0.,0.,1.));
#2648=DIRECTION('ref_axis',(-1.,0.,0.));
#2649=DIRECTION('',(1.,-1.38777878078145E-16,0.));
#2650=DIRECTION('center_axis',(0.,0.,1.));
#2651=DIRECTION('ref_axis',(0.,1.,0.));
#2652=DIRECTION('center_axis',(1.,0.,0.));
#2653=DIRECTION('ref_axis',(0.,-1.,0.));
#2654=DIRECTION('',(0.,0.,-1.));
#2655=DIRECTION('center_axis',(0.,-0.707106781186548,-0.707106781186547));
#2656=DIRECTION('ref_axis',(-1.,0.,0.));
#2657=DIRECTION('',(1.,0.,0.));
#2658=DIRECTION('center_axis',(0.,1.,0.));
#2659=DIRECTION('ref_axis',(0.,0.,1.));
#2660=DIRECTION('center_axis',(0.,0.,-1.));
#2661=DIRECTION('ref_axis',(-1.,0.,0.));
#2662=DIRECTION('',(0.,0.,-1.));
#2663=DIRECTION('center_axis',(0.,0.,-1.));
#2664=DIRECTION('ref_axis',(0.,1.,0.));
#2665=DIRECTION('',(0.,0.,-1.));
#2666=DIRECTION('center_axis',(-1.38777878078145E-16,-1.,0.));
#2667=DIRECTION('ref_axis',(-1.,1.38777878078145E-16,0.));
#2668=DIRECTION('center_axis',(0.,-1.,0.));
#2669=DIRECTION('ref_axis',(-1.,0.,0.));
#2670=DIRECTION('',(-1.,0.,0.));
#2671=DIRECTION('',(0.,0.,-1.));
#2672=DIRECTION('',(-1.,0.,0.));
#2673=DIRECTION('',(0.,0.,-1.));
#2674=DIRECTION('center_axis',(1.,0.,0.));
#2675=DIRECTION('ref_axis',(0.,-1.,0.));
#2676=DIRECTION('',(0.,-1.,0.));
#2677=DIRECTION('',(0.,-1.,0.));
#2678=DIRECTION('',(0.,0.,-1.));
#2679=DIRECTION('center_axis',(0.,-1.,0.));
#2680=DIRECTION('ref_axis',(-1.,0.,0.));
#2681=DIRECTION('',(-1.,0.,0.));
#2682=DIRECTION('',(-1.,0.,0.));
#2683=DIRECTION('',(0.,0.,-1.));
#2684=DIRECTION('center_axis',(1.,0.,0.));
#2685=DIRECTION('ref_axis',(0.,-1.,0.));
#2686=DIRECTION('',(0.,-1.,0.));
#2687=DIRECTION('',(0.,-1.,0.));
#2688=DIRECTION('',(0.,0.,-1.));
#2689=DIRECTION('center_axis',(0.,1.,0.));
#2690=DIRECTION('ref_axis',(1.,0.,0.));
#2691=DIRECTION('',(1.,0.,0.));
#2692=DIRECTION('',(1.,0.,0.));
#2693=DIRECTION('',(0.,0.,-1.));
#2694=DIRECTION('center_axis',(1.,0.,0.));
#2695=DIRECTION('ref_axis',(0.,-1.,0.));
#2696=DIRECTION('',(0.,-1.,0.));
#2697=DIRECTION('',(0.,-1.,0.));
#2698=DIRECTION('',(0.,0.,-1.));
#2699=DIRECTION('center_axis',(0.,-1.,0.));
#2700=DIRECTION('ref_axis',(-1.,0.,0.));
#2701=DIRECTION('',(-1.,0.,0.));
#2702=DIRECTION('',(-1.,0.,0.));
#2703=DIRECTION('',(0.,0.,-1.));
#2704=DIRECTION('center_axis',(1.,0.,0.));
#2705=DIRECTION('ref_axis',(0.,-1.,0.));
#2706=DIRECTION('',(0.,-1.,0.));
#2707=DIRECTION('',(0.,-1.,0.));
#2708=DIRECTION('',(0.,0.,-1.));
#2709=DIRECTION('center_axis',(0.,1.,0.));
#2710=DIRECTION('ref_axis',(1.,0.,0.));
#2711=DIRECTION('',(1.,0.,0.));
#2712=DIRECTION('',(1.,0.,0.));
#2713=DIRECTION('',(0.,0.,-1.));
#2714=DIRECTION('center_axis',(-1.,0.,0.));
#2715=DIRECTION('ref_axis',(0.,1.,0.));
#2716=DIRECTION('',(0.,1.,0.));
#2717=DIRECTION('',(0.,1.,0.));
#2718=DIRECTION('center_axis',(0.,0.,1.));
#2719=DIRECTION('ref_axis',(-1.,0.,0.));
#2720=DIRECTION('center_axis',(0.,0.,-1.));
#2721=DIRECTION('ref_axis',(-1.,0.,0.));
#2722=DIRECTION('center_axis',(1.,0.,0.));
#2723=DIRECTION('ref_axis',(0.,-1.,0.));
#2724=DIRECTION('',(0.,-1.,0.));
#2725=DIRECTION('',(0.,0.,-1.));
#2726=DIRECTION('',(0.,-1.,0.));
#2727=DIRECTION('',(0.,0.,-1.));
#2728=DIRECTION('center_axis',(0.,1.,0.));
#2729=DIRECTION('ref_axis',(1.,0.,0.));
#2730=DIRECTION('',(1.,0.,0.));
#2731=DIRECTION('',(1.,0.,0.));
#2732=DIRECTION('',(0.,0.,-1.));
#2733=DIRECTION('center_axis',(1.,0.,0.));
#2734=DIRECTION('ref_axis',(0.,-1.,0.));
#2735=DIRECTION('',(0.,-1.,0.));
#2736=DIRECTION('',(0.,-1.,0.));
#2737=DIRECTION('',(0.,0.,-1.));
#2738=DIRECTION('center_axis',(0.,1.,0.));
#2739=DIRECTION('ref_axis',(1.,0.,0.));
#2740=DIRECTION('',(1.,0.,0.));
#2741=DIRECTION('',(1.,0.,0.));
#2742=DIRECTION('',(0.,0.,-1.));
#2743=DIRECTION('center_axis',(-1.,0.,0.));
#2744=DIRECTION('ref_axis',(0.,1.,0.));
#2745=DIRECTION('',(0.,1.,0.));
#2746=DIRECTION('',(0.,1.,0.));
#2747=DIRECTION('',(0.,0.,-1.));
#2748=DIRECTION('center_axis',(0.,-1.,0.));
#2749=DIRECTION('ref_axis',(-1.,0.,0.));
#2750=DIRECTION('',(-1.,0.,0.));
#2751=DIRECTION('',(-1.,0.,0.));
#2752=DIRECTION('center_axis',(0.,0.,1.));
#2753=DIRECTION('ref_axis',(-1.,0.,0.));
#2754=DIRECTION('center_axis',(0.,0.,-1.));
#2755=DIRECTION('ref_axis',(-1.,0.,0.));
#2756=DIRECTION('',(0.,0.,1.));
#2757=DIRECTION('',(1.,0.,0.));
#2758=CARTESIAN_POINT('',(0.,0.,0.));
#2759=CARTESIAN_POINT('',(0.,0.,0.));
#2760=CARTESIAN_POINT('Origin',(9.64999977201223,-1.27267876324728,4.81187481802991));
#2761=CARTESIAN_POINT('',(9.79999977201224,-1.12267876324728,5.11187481802991));
#2762=CARTESIAN_POINT('',(9.64999981343331,-1.2726787218262,4.96187463593331));
#2763=CARTESIAN_POINT('',(11.3012508541843,0.378572318924784,6.61312813724373));
#2764=CARTESIAN_POINT('',(9.79999977201224,-1.12267876324728,5.26187481802991));
#2765=CARTESIAN_POINT('',(9.79999977201224,-1.12267876324728,4.81187481802991));
#2766=CARTESIAN_POINT('',(9.64999977201224,-1.27267876324728,5.41187481802991));
#2767=CARTESIAN_POINT('',(11.4762524200526,0.55357388479304,3.5856221699896));
#2768=CARTESIAN_POINT('',(9.49999977201223,-1.42267831621243,5.41187481802991));
#2769=CARTESIAN_POINT('',(23.1643790467526,12.241700511493,5.41187481802991));
#2770=CARTESIAN_POINT('',(9.49999977201223,-1.42267831621243,4.96187463872727));
#2771=CARTESIAN_POINT('',(9.49999977201223,-1.42267831621243,4.51187481802991));
#2772=CARTESIAN_POINT('',(7.26437878304866,-3.65829975221084,4.96187468036896));
#2773=CARTESIAN_POINT('Origin',(19.7075156602541,-1.12267876324728,5.11187481802991));
#2774=CARTESIAN_POINT('',(21.6825155149679,-1.12267876324728,5.11187481802991));
#2775=CARTESIAN_POINT('',(19.7075156602541,-1.12267876324728,5.11187481802991));
#2776=CARTESIAN_POINT('',(21.6825155149679,-1.12267876324728,5.26187481802991));
#2777=CARTESIAN_POINT('',(21.6825155149679,-1.12267876324728,4.90562481802991));
#2778=CARTESIAN_POINT('',(19.7075156602541,-1.12267876324728,5.26187481802991));
#2779=CARTESIAN_POINT('Origin',(19.7075156602541,-1.27267853972986,4.96187481802991));
#2780=CARTESIAN_POINT('',(21.5325153350602,-1.27267894315497,4.9618744146042));
#2781=CARTESIAN_POINT('',(9.73251551003201,-1.27267872336317,4.96187463439633));
#2782=CARTESIAN_POINT('',(21.2179327139374,-1.58726156427774,4.6472913247161));
#2783=CARTESIAN_POINT('Origin',(-0.242484633670832,-0.922678316212433,4.96187482019519));
#2784=CARTESIAN_POINT('',(21.3825159620027,-1.42267831621243,4.96187441739816));
#2785=CARTESIAN_POINT('',(-0.367484633391613,-1.42267831621243,4.9618748225235));
#2786=CARTESIAN_POINT('',(16.0762658143067,-6.72892846390847,4.96187451437212));
#2787=CARTESIAN_POINT('Origin',(3.04477720460225,-1.27267876324728,4.81187481802991));
#2788=CARTESIAN_POINT('',(2.89477720460225,-1.12267876324728,5.26187481802991));
#2789=CARTESIAN_POINT('',(3.04477720460225,-1.27267876324728,5.41187481802991));
#2790=CARTESIAN_POINT('',(5.67190028054423,-3.89980183918926,8.03899789397189));
#2791=CARTESIAN_POINT('',(2.89477720460225,-1.12267876324728,5.11187481802991));
#2792=CARTESIAN_POINT('',(2.89477720460225,-1.12267876324728,4.81187481802991));
#2793=CARTESIAN_POINT('',(3.04477704014949,-1.27267859879451,4.96187475896517));
#2794=CARTESIAN_POINT('',(5.84689742237572,-4.07479898102074,2.15975020124799));
#2795=CARTESIAN_POINT('',(3.19477720460225,-1.42267831621243,4.9618747561712));
#2796=CARTESIAN_POINT('',(2.13546163397376,-0.363363192618787,4.96187477590249));
#2797=CARTESIAN_POINT('',(3.19477720460225,-1.42267831621243,5.41187481802991));
#2798=CARTESIAN_POINT('',(3.19477720460225,-1.42267831621243,4.51187481802991));
#2799=CARTESIAN_POINT('',(2.16046166670967,-0.3883632253547,5.41187481802991));
#2800=CARTESIAN_POINT('Origin',(19.7075156602541,-1.12267876324728,5.26187481802991));
#2801=CARTESIAN_POINT('',(0.847582239099209,-1.27267876324728,5.41187481802991));
#2802=CARTESIAN_POINT('',(25.6575158111284,-1.27267876324728,5.41187481802991));
#2803=CARTESIAN_POINT('',(0.55395070454215,-1.12267876324728,5.26187481802991));
#2804=CARTESIAN_POINT('Origin',(1.6075153585057,0.577321683787566,3.56187437099507));
#2805=CARTESIAN_POINT('',(19.7075156602541,-1.12267876324728,5.26187481802991));
#2806=CARTESIAN_POINT('Origin',(31.6075159620027,30.8273221457236,5.41187481802991));
#2807=CARTESIAN_POINT('',(1.6075153585057,-1.42267831621243,5.41187481802991));
#2808=CARTESIAN_POINT('',(9.70751550937991,-1.42267831621243,5.41187481802991));
#2809=CARTESIAN_POINT('Origin',(1.6075153585057,0.577321683787566,5.41187481802991));
#2810=CARTESIAN_POINT('Origin',(-0.492484641494297,-1.42267831621243,4.51187481802991));
#2811=CARTESIAN_POINT('',(21.3825159620027,-1.42267831621243,5.41187481802991));
#2812=CARTESIAN_POINT('',(9.70751550937991,-1.42267831621243,5.41187481802991));
#2813=CARTESIAN_POINT('',(21.3825159620027,-1.42267831621243,5.76187481802991));
#2814=CARTESIAN_POINT('',(21.3825159620027,-1.42267831621243,4.51187481802991));
#2815=CARTESIAN_POINT('',(29.3825159620027,-1.42267831621243,5.76187481802991));
#2816=CARTESIAN_POINT('',(10.4450156602542,-1.42267831621243,5.76187481802991));
#2817=CARTESIAN_POINT('',(29.3825159620027,-1.42267831621243,5.41187481802991));
#2818=CARTESIAN_POINT('',(29.3825159620027,-1.42267831621243,4.88687481802991));
#2819=CARTESIAN_POINT('',(31.9075159620027,-1.42267831621243,5.41187481802991));
#2820=CARTESIAN_POINT('',(15.5575156602542,-1.42267831621243,5.41187481802991));
#2821=CARTESIAN_POINT('',(31.9075159620027,-1.42267831621243,6.01187481802991));
#2822=CARTESIAN_POINT('',(31.9075159620027,-1.42267831621243,4.51187481802991));
#2823=CARTESIAN_POINT('',(1.6075153585057,-1.42267831621243,6.01187481802991));
#2824=CARTESIAN_POINT('',(8.13251550937996,-1.42267831621243,6.01187481802991));
#2825=CARTESIAN_POINT('',(1.6075153585057,-1.42267831621243,4.51187481802991));
#2826=CARTESIAN_POINT('',(1.6075153585057,-1.42267831621243,4.96187478573626));
#2827=CARTESIAN_POINT('',(-0.367484633391613,-1.42267831621243,4.9618748225235));
#2828=CARTESIAN_POINT('',(1.6075153585057,-1.42267831621243,4.51187481802991));
#2829=CARTESIAN_POINT('',(1.6075153585057,-1.42267831621243,4.51187481802991));
#2830=CARTESIAN_POINT('',(21.3825159620027,-1.42267831621243,4.51187481802991));
#2831=CARTESIAN_POINT('',(-0.492484641494297,-1.42267831621243,4.51187481802991));
#2832=CARTESIAN_POINT('',(21.3825159620027,-1.42267831621243,4.51187481802991));
#2833=CARTESIAN_POINT('Origin',(16.7575156602542,14.9773219147556,4.51187481802991));
#2834=CARTESIAN_POINT('',(-0.392484641494299,0.577321683787564,4.51187481802991));
#2835=CARTESIAN_POINT('Origin',(1.6075153585057,0.577321683787566,4.51187481802991));
#2836=CARTESIAN_POINT('',(-0.392484641494304,28.3773221457236,4.51187481802991));
#2837=CARTESIAN_POINT('',(-0.392484641494303,21.7273220302396,4.51187481802991));
#2838=CARTESIAN_POINT('',(2.1075153585057,30.8773221457236,4.51187481802991));
#2839=CARTESIAN_POINT('Origin',(2.1075153585057,28.3773221457236,4.51187481802991));
#2840=CARTESIAN_POINT('',(31.4075159620027,30.8773221457236,4.51187481802991));
#2841=CARTESIAN_POINT('',(24.1325158111285,30.8773221457236,4.51187481802991));
#2842=CARTESIAN_POINT('',(33.9075159620027,28.3773221457236,4.51187481802991));
#2843=CARTESIAN_POINT('Origin',(31.4075159620027,28.3773221457236,4.51187481802991));
#2844=CARTESIAN_POINT('',(33.9075159620027,0.577321683787567,4.51187481802991));
#2845=CARTESIAN_POINT('',(33.9075159620027,6.97732179927157,4.51187481802991));
#2846=CARTESIAN_POINT('',(31.9075159620027,-1.42267831621243,4.51187481802991));
#2847=CARTESIAN_POINT('Origin',(31.9075159620027,0.577321683787567,4.51187481802991));
#2848=CARTESIAN_POINT('',(29.3825159620027,-1.42267831621243,4.51187481802991));
#2849=CARTESIAN_POINT('',(8.13251550937996,-1.42267831621243,4.51187481802991));
#2850=CARTESIAN_POINT('',(28.8825159620027,-0.922678316212433,4.51187481802991));
#2851=CARTESIAN_POINT('',(22.1012658288236,5.85857181696667,4.51187481802991));
#2852=CARTESIAN_POINT('',(21.8825159620027,-0.922678316212433,4.51187481802991));
#2853=CARTESIAN_POINT('',(21.0700158111285,-0.922678316212433,4.51187481802991));
#2854=CARTESIAN_POINT('',(24.3512659443076,1.54607166609242,4.51187481802991));
#2855=CARTESIAN_POINT('',(32.5000004768372,18.4511257366999,4.51187481802991));
#2856=CARTESIAN_POINT('',(9.49999977201223,18.4511257366999,4.51187481802991));
#2857=CARTESIAN_POINT('',(23.3787580536445,18.4511257366999,4.51187481802991));
#2858=CARTESIAN_POINT('',(9.49999977201223,-0.522678316212443,4.51187481802991));
#2859=CARTESIAN_POINT('',(9.49999977201223,7.28866096184813,4.51187481802991));
#2860=CARTESIAN_POINT('',(29.6999993517995,-0.522678316212443,4.51187481802991));
#2861=CARTESIAN_POINT('',(18.17875761108,-0.522678316212444,4.51187481802991));
#2862=CARTESIAN_POINT('',(29.6999993517995,6.50000017136336,4.51187481802991));
#2863=CARTESIAN_POINT('',(29.6999993517995,7.28866096184813,4.51187481802991));
#2864=CARTESIAN_POINT('',(32.5000004768372,6.50000017136335,4.51187481802991));
#2865=CARTESIAN_POINT('',(23.3787580536445,6.50000017136336,4.51187481802991));
#2866=CARTESIAN_POINT('',(32.5000004768372,13.2386610430595,4.51187481802991));
#2867=CARTESIAN_POINT('',(5.3475153585057,-0.681416462665308,4.51187481802991));
#2868=CARTESIAN_POINT('',(7.3475153585057,-0.681416462665308,4.51187481802991));
#2869=CARTESIAN_POINT('',(11.05251550938,-0.681416462665309,4.51187481802991));
#2870=CARTESIAN_POINT('',(8.87625351240916,0.847321691238145,4.51187481802991));
#2871=CARTESIAN_POINT('Origin',(7.3475153585057,0.847321691238146,4.51187481802991));
#2872=CARTESIAN_POINT('',(8.87625351240916,15.8473216912381,4.51187481802991));
#2873=CARTESIAN_POINT('',(8.87625351240915,7.91232180299685,4.51187481802991));
#2874=CARTESIAN_POINT('',(3.81877720460225,15.8473216912381,4.51187481802991));
#2875=CARTESIAN_POINT('',(12.8168845863317,15.8473216912381,4.51187481802991));
#2876=CARTESIAN_POINT('',(3.81877720460225,0.847321691238145,4.51187481802991));
#2877=CARTESIAN_POINT('',(3.81877720460225,15.4123218029969,4.51187481802991));
#2878=CARTESIAN_POINT('Origin',(5.3475153585057,0.847321691238146,4.51187481802991));
#2879=CARTESIAN_POINT('Origin',(31.6075159620027,30.8273221457236,5.41187481802991));
#2880=CARTESIAN_POINT('',(21.5325155149679,-1.27267876324728,5.41187481802991));
#2881=CARTESIAN_POINT('',(25.6575158111284,-1.27267876324728,5.41187481802991));
#2882=CARTESIAN_POINT('',(21.1262657748069,-1.6789285034083,5.41187481802991));
#2883=CARTESIAN_POINT('Origin',(19.7075156602541,-1.12267876324728,5.26187481802991));
#2884=CARTESIAN_POINT('',(21.4304323548605,-1.37476192335462,5.51395797813726));
#2885=CARTESIAN_POINT('Origin',(32.0000004768372,11.5000001713634,4.51187481802991));
#2886=CARTESIAN_POINT('',(32.0000004768372,18.4511257366999,5.01187481802992));
#2887=CARTESIAN_POINT('',(32.0000004768372,18.4511257366999,5.51187481802991));
#2888=CARTESIAN_POINT('',(32.0000004768372,18.4511257366999,5.01187481802991));
#2889=CARTESIAN_POINT('',(32.0000004768372,9.00000017136335,5.01187481802991));
#2890=CARTESIAN_POINT('',(32.0000004768372,13.2386610430595,5.01187481802991));
#2891=CARTESIAN_POINT('',(32.0000004768372,11.5000001713634,5.51187481802991));
#2892=CARTESIAN_POINT('',(32.0000004768372,10.1538463252095,5.24264404879914));
#2893=CARTESIAN_POINT('',(32.0000004768372,17.5000002607703,5.51187481802991));
#2894=CARTESIAN_POINT('Origin',(32.2500004768372,13.2386610430595,4.76187481802991));
#2895=CARTESIAN_POINT('',(31.5000004693866,18.4511257366999,5.51187482548049));
#2896=CARTESIAN_POINT('',(31.4571384993988,11.7143100585553,5.5547367954683));
#2897=CARTESIAN_POINT('Origin',(31.9075159620027,0.577321683787567,4.51187481802991));
#2898=CARTESIAN_POINT('',(33.9075159620027,0.577321683787567,6.01187481802991));
#2899=CARTESIAN_POINT('Origin',(31.9075159620027,0.577321683787567,6.01187481802991));
#2900=CARTESIAN_POINT('',(32.6674490814092,-1.27267876324727,5.41187481802991));
#2901=CARTESIAN_POINT('Origin',(31.9075159620027,0.577321683787567,5.41187481802991));
#2902=CARTESIAN_POINT('',(32.9610806159663,-1.12267876324728,5.26187481802991));
#2903=CARTESIAN_POINT('Origin',(31.9075159620027,0.577321683787567,3.56187437099507));
#2904=CARTESIAN_POINT('',(32.9610806159663,-1.12267876324728,5.11187481802991));
#2905=CARTESIAN_POINT('',(32.9610806159663,-1.12267876324728,4.51187481802991));
#2906=CARTESIAN_POINT('',(32.6674493561985,-1.27267865037081,4.96187470738879));
#2907=CARTESIAN_POINT('Origin',(31.9075159620027,0.577321683787567,6.81187779826659));
#2908=CARTESIAN_POINT('',(31.9075159620027,-1.42267831621243,4.96187481802991));
#2909=CARTESIAN_POINT('Origin',(31.9075159620027,0.577321683787567,4.96187470738879));
#2910=CARTESIAN_POINT('',(31.9075159620027,-1.42267831621243,4.51187481802991));
#2911=CARTESIAN_POINT('',(33.9075159620027,0.577321683787567,4.96187470738879));
#2912=CARTESIAN_POINT('',(33.9075159620027,0.577321683787567,4.51187481802991));
#2913=CARTESIAN_POINT('',(33.7575173120542,-0.182609237288674,4.96187470738879));
#2914=CARTESIAN_POINT('Origin',(31.9075159620027,0.577321683787567,4.96187470738879));
#2915=CARTESIAN_POINT('',(33.607514605252,-0.476245880704911,5.11187470403603));
#2916=CARTESIAN_POINT('Origin',(31.9075159620027,0.577321683787567,6.81184263277477));
#2917=CARTESIAN_POINT('',(33.607514605252,-0.476245880704911,5.26187481802991));
#2918=CARTESIAN_POINT('',(33.607514605252,-0.476245880704911,4.51187481802991));
#2919=CARTESIAN_POINT('',(33.7575147225987,-0.182615541115387,5.41187481802991));
#2920=CARTESIAN_POINT('Origin',(31.9075159620027,0.577321683787567,3.56187750470824));
#2921=CARTESIAN_POINT('',(33.9075159620027,0.577321683787566,5.41187481802991));
#2922=CARTESIAN_POINT('Origin',(31.9075159620027,0.577321683787567,5.41187481802991));
#2923=CARTESIAN_POINT('',(33.9075159620027,0.577321683787567,4.51187481802991));
#2924=CARTESIAN_POINT('Origin',(33.607514605252,-1.02267831621243,5.11187470403603));
#2925=CARTESIAN_POINT('',(33.607514605252,29.5647588681224,5.11187470403603));
#2926=CARTESIAN_POINT('',(33.607514605252,-1.02267831621243,5.11187470403603));
#2927=CARTESIAN_POINT('',(33.607514605252,29.5647588681224,5.26187481802991));
#2928=CARTESIAN_POINT('',(33.607514605252,29.5647588681224,4.51187481802991));
#2929=CARTESIAN_POINT('',(33.607514605252,-1.02267831621243,5.26187481802991));
#2930=CARTESIAN_POINT('Origin',(33.7575169662944,-1.02267831621243,4.9618750531423));
#2931=CARTESIAN_POINT('',(33.7575173120542,29.2302545315293,4.96187470738879));
#2932=CARTESIAN_POINT('',(33.7575173120542,14.9523213427372,4.96187470738879));
#2933=CARTESIAN_POINT('Origin',(31.4075159620027,28.3773221457236,7.311833599088));
#2934=CARTESIAN_POINT('Origin',(33.9075159620027,-1.02267831621243,4.51187481802991));
#2935=CARTESIAN_POINT('',(33.9075159620027,28.3773221457236,4.96187470738879));
#2936=CARTESIAN_POINT('',(33.9075159620027,28.3773221457236,4.51187481802991));
#2937=CARTESIAN_POINT('',(33.9075159620027,14.9523213427372,4.96187470738879));
#2938=CARTESIAN_POINT('Origin',(31.6075159620027,30.8273221457236,5.41187481802991));
#2939=CARTESIAN_POINT('',(29.2325164090376,-1.27267876324728,5.41187481802991));
#2940=CARTESIAN_POINT('',(26.8012659983243,1.15857164746601,5.41187481802991));
#2941=CARTESIAN_POINT('',(25.5575158111284,-1.27267876324727,5.41187481802991));
#2942=CARTESIAN_POINT('Origin',(-0.492484641494297,-1.42267831621243,4.51187481802991));
#2943=CARTESIAN_POINT('',(29.3825159620027,-1.42267831621243,4.96187481802991));
#2944=CARTESIAN_POINT('',(9.50751550937991,-1.42267831621243,4.96187481802991));
#2945=CARTESIAN_POINT('',(29.3825159620027,-1.42267831621243,4.88687481802991));
#2946=CARTESIAN_POINT('Origin',(31.4075159620027,30.8273210016869,4.96187470738879));
#2947=CARTESIAN_POINT('',(29.2325161855202,-1.27267853972986,4.96187481802991));
#2948=CARTESIAN_POINT('',(25.5575158111284,-1.27267865037081,4.96187470738879));
#2949=CARTESIAN_POINT('',(26.8387658865656,1.12107175922472,4.96187481802991));
#2950=CARTESIAN_POINT('Origin',(31.4075159620027,30.8273210016869,4.96187470738879));
#2951=CARTESIAN_POINT('Origin',(31.4075159620027,28.3773221457236,4.96187470738879));
#2952=CARTESIAN_POINT('Origin',(19.7075156602541,-1.27267853972986,4.96187481802991));
#2953=CARTESIAN_POINT('',(29.0825164090376,-1.12267876324728,5.11187481802991));
#2954=CARTESIAN_POINT('',(19.7075156602541,-1.12267876324728,5.11187481802991));
#2955=CARTESIAN_POINT('',(27.5929342909789,0.366903354811437,6.60145915574225));
#2956=CARTESIAN_POINT('Origin',(1.6075153585057,0.577321683787566,4.51187481802991));
#2957=CARTESIAN_POINT('',(-0.24248474647645,-0.182612268320132,4.96187470738879));
#2958=CARTESIAN_POINT('',(-0.392484641494298,0.577321683787566,4.96187482298916));
#2959=CARTESIAN_POINT('Origin',(1.6075153585057,0.577321683787566,4.96187478573626));
#2960=CARTESIAN_POINT('',(-0.392484641494298,0.577321683787566,4.51187481802991));
#2961=CARTESIAN_POINT('',(0.847581739120401,-1.27267855786862,4.96187479989112));
#2962=CARTESIAN_POINT('Origin',(1.6075153585057,0.577321683787566,4.96187478573626));
#2963=CARTESIAN_POINT('',(0.55395070454215,-1.12267876324728,5.11187481802991));
#2964=CARTESIAN_POINT('Origin',(1.6075153585057,0.577321683787566,6.81187779826659));
#2965=CARTESIAN_POINT('',(0.55395070454215,-1.12267876324728,4.51187481802991));
#2966=CARTESIAN_POINT('',(-0.392484641494298,0.577321683787566,6.01187481802991));
#2967=CARTESIAN_POINT('Origin',(1.6075153585057,0.577321683787566,6.01187481802991));
#2968=CARTESIAN_POINT('',(-0.392484641494298,0.577321683787566,5.41187469733051));
#2969=CARTESIAN_POINT('',(-0.392484641494298,0.577321683787566,4.51187481802991));
#2970=CARTESIAN_POINT('',(-0.242484754370691,-0.182612249102217,5.41187481802991));
#2971=CARTESIAN_POINT('Origin',(1.6075153585057,0.577321683787566,5.41187481802991));
#2972=CARTESIAN_POINT('',(-0.0924846370239507,-0.47624369871092,5.26187481802991));
#2973=CARTESIAN_POINT('Origin',(1.6075153585057,0.577321683787566,3.56187615242893));
#2974=CARTESIAN_POINT('',(-0.0924846370239507,-0.47624369871092,5.11187470403603));
#2975=CARTESIAN_POINT('',(-0.0924846370239507,-0.47624369871092,4.51187481802991));
#2976=CARTESIAN_POINT('Origin',(1.6075153585057,0.577321683787566,6.81188761391087));
#2977=CARTESIAN_POINT('Origin',(-0.242484633671189,-1.02267831621243,5.41187469733051));
#2978=CARTESIAN_POINT('',(-0.242484754370691,29.2302579401893,5.41187481802991));
#2979=CARTESIAN_POINT('',(-0.242484754370691,14.9523219147556,5.41187481802991));
#2980=CARTESIAN_POINT('',(-0.0924846370239507,29.5647563627097,5.26187481802991));
#2981=CARTESIAN_POINT('Origin',(2.1075153585057,28.3773221457236,3.06187654358442));
#2982=CARTESIAN_POINT('',(-0.0924846370239508,-1.02267831621243,5.26187481802991));
#2983=CARTESIAN_POINT('Origin',(-0.392484641494303,28.4773221457236,4.51187481802991));
#2984=CARTESIAN_POINT('',(-0.392484641494304,28.3773221457236,6.01187481802991));
#2985=CARTESIAN_POINT('',(-0.392484641494303,21.7273220302396,6.01187481802991));
#2986=CARTESIAN_POINT('',(-0.392484641494303,28.3773221457236,5.41187481802991));
#2987=CARTESIAN_POINT('',(-0.392484641494303,28.3773221457236,4.51187481802991));
#2988=CARTESIAN_POINT('',(-0.3924846414943,13.7273219147556,5.41187469733051));
#2989=CARTESIAN_POINT('Origin',(16.7575156602542,14.9773219147556,6.01187481802991));
#2990=CARTESIAN_POINT('',(33.9075159620027,28.3773221457236,6.01187481802991));
#2991=CARTESIAN_POINT('',(33.9075159620027,6.97732179927157,6.01187481802991));
#2992=CARTESIAN_POINT('',(31.4075159620027,30.8773221457236,6.01187481802991));
#2993=CARTESIAN_POINT('Origin',(31.4075159620027,28.3773221457236,6.01187481802991));
#2994=CARTESIAN_POINT('',(2.1075153585057,30.8773221457236,6.01187481802991));
#2995=CARTESIAN_POINT('',(31.5075159620027,30.8773221457236,6.01187481802991));
#2996=CARTESIAN_POINT('Origin',(2.1075153585057,28.3773221457236,6.01187481802991));
#2997=CARTESIAN_POINT('',(7.3475153585057,-0.981416462665307,6.01187481802991));
#2998=CARTESIAN_POINT('',(9.17625351240915,0.847321691238145,6.01187481802991));
#2999=CARTESIAN_POINT('Origin',(7.3475153585057,0.847321691238146,6.01187481802991));
#3000=CARTESIAN_POINT('',(5.3475153585057,-0.981416462665308,6.01187481802991));
#3001=CARTESIAN_POINT('',(11.05251550938,-0.981416462665309,6.01187481802991));
#3002=CARTESIAN_POINT('',(3.51877720460225,0.847321691238145,6.01187481802991));
#3003=CARTESIAN_POINT('Origin',(5.3475153585057,0.847321691238146,6.01187481802991));
#3004=CARTESIAN_POINT('',(3.51877720460225,16.1473216912381,6.01187481802991));
#3005=CARTESIAN_POINT('',(3.51877720460225,15.4123218029969,6.01187481802991));
#3006=CARTESIAN_POINT('',(4.5275153585057,16.1473216912381,6.01187481802991));
#3007=CARTESIAN_POINT('',(11.41751550938,16.1473216912381,6.01187481802991));
#3008=CARTESIAN_POINT('',(4.5275153585057,0.847321691238146,6.01187481802991));
#3009=CARTESIAN_POINT('',(4.5275153585057,7.91232180299685,6.01187481802991));
#3010=CARTESIAN_POINT('',(5.3475153585057,0.0273216912381445,6.01187481802991));
#3011=CARTESIAN_POINT('Origin',(5.3475153585057,0.847321691238146,6.01187481802991));
#3012=CARTESIAN_POINT('',(7.3475153585057,0.0273216912381456,6.01187481802991));
#3013=CARTESIAN_POINT('',(12.05251550938,0.0273216912381435,6.01187481802991));
#3014=CARTESIAN_POINT('',(8.1675153585057,0.847321691238145,6.01187481802991));
#3015=CARTESIAN_POINT('Origin',(7.3475153585057,0.847321691238146,6.01187481802991));
#3016=CARTESIAN_POINT('',(8.1675153585057,16.1473216912381,6.01187481802991));
#3017=CARTESIAN_POINT('',(8.1675153585057,10.9123218029969,6.01187481802991));
#3018=CARTESIAN_POINT('',(9.17625351240915,16.1473216912381,6.01187481802991));
#3019=CARTESIAN_POINT('',(11.41751550938,16.1473216912381,6.01187481802991));
#3020=CARTESIAN_POINT('',(9.17625351240915,7.91232180299685,6.01187481802991));
#3021=CARTESIAN_POINT('Origin',(31.6075159620027,30.8273221457236,5.41187481802991));
#3022=CARTESIAN_POINT('Origin',(2.1075153585057,28.3773221457236,5.41187481802991));
#3023=CARTESIAN_POINT('Origin',(-0.242484633670832,-0.922678316212433,4.96187482019519));
#3024=CARTESIAN_POINT('',(9.73251551003201,-1.27267872336317,4.96187463439633));
#3025=CARTESIAN_POINT('Origin',(19.7075156602541,-1.12267876324728,5.11187481802991));
#3026=CARTESIAN_POINT('',(19.7075156602541,-1.12267876324728,5.11187481802991));
#3027=CARTESIAN_POINT('Origin',(33.607514605252,-1.02267831621243,5.26187481802991));
#3028=CARTESIAN_POINT('',(33.7575147225987,29.2302616659694,5.41187481802991));
#3029=CARTESIAN_POINT('Origin',(31.4075159620027,28.3773221457236,3.06187789586372));
#3030=CARTESIAN_POINT('',(33.7575147225987,14.9523219147556,5.41187481802991));
#3031=CARTESIAN_POINT('Origin',(-0.0924846370239508,-1.02267831621243,5.26187481802991));
#3032=CARTESIAN_POINT('',(-0.0924846370239507,29.5647563627097,5.11187470403603));
#3033=CARTESIAN_POINT('',(-0.0924846370239507,29.5647563627097,4.51187481802991));
#3034=CARTESIAN_POINT('',(-0.0924846370239508,-1.02267831621243,5.11187470403603));
#3035=CARTESIAN_POINT('Origin',(-0.0924850973308263,-1.02267831621243,5.11187539449463));
#3036=CARTESIAN_POINT('',(-0.242484633670832,29.2302582727403,4.96187482019519));
#3037=CARTESIAN_POINT('Origin',(2.1075153585057,28.3773221457236,7.31189107378633));
#3038=CARTESIAN_POINT('',(-0.24248474647645,15.0023213427372,4.96187470738879));
#3039=CARTESIAN_POINT('Origin',(19.7075156602541,-1.12267876324728,5.11187481802991));
#3040=CARTESIAN_POINT('',(29.0825164090376,-1.12267876324728,5.26187481802991));
#3041=CARTESIAN_POINT('',(19.7075156602541,-1.12267876324728,5.26187481802991));
#3042=CARTESIAN_POINT('',(29.0825164090376,-1.12267876324728,5.09312481802991));
#3043=CARTESIAN_POINT('Origin',(19.7075156602541,-1.12267876324728,5.26187481802991));
#3044=CARTESIAN_POINT('',(27.5054328018954,0.454404843894916,3.68479121088772));
#3045=CARTESIAN_POINT('Origin',(31.6075159620027,30.8273221457236,5.41187481802991));
#3046=CARTESIAN_POINT('',(33.9075159620027,28.3773221457236,5.41187481802991));
#3047=CARTESIAN_POINT('Origin',(31.4075159620027,28.3773221457236,5.41187481802991));
#3048=CARTESIAN_POINT('',(33.9075159620027,14.9523219147556,5.41187481802991));
#3049=CARTESIAN_POINT('Origin',(31.4075159620027,28.3773221457236,4.51187481802991));
#3050=CARTESIAN_POINT('',(32.2604520674643,30.7273221457236,5.41187481802991));
#3051=CARTESIAN_POINT('',(31.4075159620027,30.8773221457236,5.41187481802991));
#3052=CARTESIAN_POINT('Origin',(31.4075159620027,28.3773221457236,5.41187481802991));
#3053=CARTESIAN_POINT('',(31.4075159620027,30.8773221457236,4.51187481802991));
#3054=CARTESIAN_POINT('',(33.9075159620027,28.3773221457236,4.51187481802991));
#3055=CARTESIAN_POINT('',(31.4075159620027,30.8773221457236,4.96187470738879));
#3056=CARTESIAN_POINT('',(31.4075159620027,30.8773221457236,4.51187481802991));
#3057=CARTESIAN_POINT('',(32.2604552194947,30.7273210016869,4.96187470738879));
#3058=CARTESIAN_POINT('Origin',(31.4075159620027,28.3773221457236,4.96187470738879));
#3059=CARTESIAN_POINT('',(32.5949501707065,30.5773221457236,5.11187481802991));
#3060=CARTESIAN_POINT('Origin',(31.4075159620027,28.3773221457236,7.31189322011095));
#3061=CARTESIAN_POINT('',(32.5949501707065,30.5773221457236,5.26187481802991));
#3062=CARTESIAN_POINT('',(32.5949501707065,30.5773221457236,4.51187481802991));
#3063=CARTESIAN_POINT('Origin',(31.4075159620027,28.3773221457236,3.06187481802991));
#3064=CARTESIAN_POINT('Origin',(31.4075159620027,30.7273210016869,4.96187470738879));
#3065=CARTESIAN_POINT('',(2.1075153585057,30.8773221457236,4.96187470738879));
#3066=CARTESIAN_POINT('',(31.4075159620027,30.8773221457236,4.96187470738879));
#3067=CARTESIAN_POINT('',(1.25457610101373,30.7273210016869,4.96187470738879));
#3068=CARTESIAN_POINT('Origin',(2.1075153585057,28.3773221457236,4.96187470738879));
#3069=CARTESIAN_POINT('',(31.4075159620027,30.7273210016869,4.96187470738879));
#3070=CARTESIAN_POINT('Origin',(31.5075159620027,30.7273221457236,5.41187481802991));
#3071=CARTESIAN_POINT('',(1.2545792530441,30.7273221457236,5.41187481802991));
#3072=CARTESIAN_POINT('',(31.5075159620027,30.7273221457236,5.41187481802991));
#3073=CARTESIAN_POINT('',(2.1075153585057,30.8773221457236,5.41187481802991));
#3074=CARTESIAN_POINT('Origin',(2.1075153585057,28.3773221457236,5.41187481802991));
#3075=CARTESIAN_POINT('',(31.4575159620027,30.8773221457236,5.41187481802991));
#3076=CARTESIAN_POINT('Origin',(33.9075159620027,-1.02267831621243,4.51187481802991));
#3077=CARTESIAN_POINT('Origin',(31.5075159620027,30.5773221457236,5.11187481802991));
#3078=CARTESIAN_POINT('',(0.920081149801906,30.5773221457236,5.11187481802991));
#3079=CARTESIAN_POINT('',(31.5075159620027,30.5773221457236,5.11187481802991));
#3080=CARTESIAN_POINT('',(0.920081149801906,30.5773221457236,5.26187481802991));
#3081=CARTESIAN_POINT('',(0.920081149801906,30.5773221457236,4.51187481802991));
#3082=CARTESIAN_POINT('',(31.5075159620027,30.5773221457236,5.26187481802991));
#3083=CARTESIAN_POINT('Origin',(31.5075159620027,30.5773221457236,5.11187481802991));
#3084=CARTESIAN_POINT('Origin',(2.1075153585057,28.3773221457236,7.31189322011093));
#3085=CARTESIAN_POINT('Origin',(31.5075159620027,30.5773221457236,5.26187481802991));
#3086=CARTESIAN_POINT('Origin',(2.1075153585057,28.3773221457236,3.06187481802993));
#3087=CARTESIAN_POINT('Origin',(19.7075156602541,-1.27267853972986,4.96187481802991));
#3088=CARTESIAN_POINT('Origin',(-0.392484641494303,28.4773221457236,4.51187481802991));
#3089=CARTESIAN_POINT('',(-0.392484641494303,28.3773221457236,4.96187482298916));
#3090=CARTESIAN_POINT('',(-0.3924846414943,13.8273219147556,4.96187482298916));
#3091=CARTESIAN_POINT('',(-0.392484641494303,28.3773221457236,4.51187481802991));
#3092=CARTESIAN_POINT('Origin',(-0.242484633670832,-0.922678316212433,4.96187482019519));
#3093=CARTESIAN_POINT('Origin',(2.1075153585057,28.3773221457236,4.96187477642303));
#3094=CARTESIAN_POINT('Origin',(2.1075153585057,28.3773221457236,4.51187481802991));
#3095=CARTESIAN_POINT('',(2.1075153585057,30.8773221457236,4.51187481802991));
#3096=CARTESIAN_POINT('',(2.1075153585057,30.8773221457236,4.51187481802991));
#3097=CARTESIAN_POINT('Origin',(31.5075159620027,30.8773221457236,4.51187481802991));
#3098=CARTESIAN_POINT('Origin',(31.5075159620027,30.8773221457236,4.51187481802991));
#3099=CARTESIAN_POINT('Origin',(30.0000004470348,18.4511257366999,5.51187481802991));
#3100=CARTESIAN_POINT('',(9.99999977201223,18.4511257366999,5.51187481802991));
#3101=CARTESIAN_POINT('',(30.0000004470348,18.4511257366999,5.51187481802991));
#3102=CARTESIAN_POINT('',(11.8749998395145,18.4511257366999,9.26187495303443));
#3103=CARTESIAN_POINT('Origin',(9.74999977201223,12.9193301292567,5.01187481802991));
#3104=CARTESIAN_POINT('',(9.99999977201223,-0.522678316212444,5.51187481802991));
#3105=CARTESIAN_POINT('',(9.99999977201223,12.9193301292567,5.51187481802991));
#3106=CARTESIAN_POINT('',(10.7049997510016,-0.522678316212443,6.92187477600864));
#3107=CARTESIAN_POINT('Origin',(23.3787580536445,9.00000017136335,5.01187481802991));
#3108=CARTESIAN_POINT('',(29.1999993517995,11.5000001713634,5.51187481802991));
#3109=CARTESIAN_POINT('',(32.0000004768372,11.5000001713634,5.51187481802991));
#3110=CARTESIAN_POINT('',(29.8165235953841,5.3347577355175,4.27882633086074));
#3111=CARTESIAN_POINT('Origin',(31.000000461936,14.5000002160668,5.51187481802991));
#3112=CARTESIAN_POINT('',(29.1999993517995,-0.522678316212444,5.51187481802991));
#3113=CARTESIAN_POINT('',(29.1999993517995,3.95799116561059,5.51187481802991));
#3114=CARTESIAN_POINT('',(9.49999977201223,-0.522678316212444,5.51187481802991));
#3115=CARTESIAN_POINT('Origin',(11.41751550938,15.9973216912381,5.86187481802991));
#3116=CARTESIAN_POINT('',(3.81877720460225,15.8473216912381,5.71187481802991));
#3117=CARTESIAN_POINT('',(5.05773357010542,14.608365325735,4.47291845252674));
#3118=CARTESIAN_POINT('',(4.2275153585057,15.8473216912381,5.71187481802991));
#3119=CARTESIAN_POINT('',(11.41751550938,15.8473216912381,5.71187481802991));
#3120=CARTESIAN_POINT('',(4.2033487356112,15.8231550683436,5.68770819513541));
#3121=CARTESIAN_POINT('Origin',(6.0775153585057,15.8473216912381,6.01187481802991));
#3122=CARTESIAN_POINT('',(8.87625351240916,15.8473216912381,5.71187481802991));
#3123=CARTESIAN_POINT('',(8.87625351240916,15.8473216912381,4.51187481802991));
#3124=CARTESIAN_POINT('',(8.4675153585057,15.8473216912381,5.71187481802991));
#3125=CARTESIAN_POINT('',(11.41751550938,15.8473216912381,5.71187481802991));
#3126=CARTESIAN_POINT('',(8.4675153585057,15.8473216912381,5.16187481802991));
#3127=CARTESIAN_POINT('',(8.4675153585057,15.8473216912381,6.01187481802991));
#3128=CARTESIAN_POINT('',(4.2275153585057,15.8473216912381,5.16187481802991));
#3129=CARTESIAN_POINT('',(6.7125153585057,15.8473216912381,5.16187481802991));
#3130=CARTESIAN_POINT('',(4.2275153585057,15.8473216912381,6.01187481802991));
#3131=CARTESIAN_POINT('',(3.81877720460225,15.8473216912381,4.51187481802991));
#3132=CARTESIAN_POINT('Origin',(8.3175153585057,10.9123218029969,5.86187481802991));
#3133=CARTESIAN_POINT('',(8.4675153585057,0.847321691238146,5.71187481802991));
#3134=CARTESIAN_POINT('',(8.1675153585057,0.847321691238145,6.01187481802991));
#3135=CARTESIAN_POINT('',(8.4675153585057,10.9123218029969,5.71187481802991));
#3136=CARTESIAN_POINT('',(8.4675153585057,15.8473216912381,5.71187481802991));
#3137=CARTESIAN_POINT('Origin',(11.41751550938,15.9973216912381,5.86187481802991));
#3138=CARTESIAN_POINT('',(8.87625351240916,15.8473216912381,5.71187481802991));
#3139=CARTESIAN_POINT('Origin',(9.02625351240916,7.91232180299685,5.86187481802991));
#3140=CARTESIAN_POINT('',(8.87625351240916,0.847321691238145,5.71187481802991));
#3141=CARTESIAN_POINT('',(8.87625351240916,7.91232180299685,5.71187481802991));
#3142=CARTESIAN_POINT('',(8.87625351240916,0.847321691238145,5.71187481802991));
#3143=CARTESIAN_POINT('Origin',(7.3475153585057,0.847321691238146,5.86187481802991));
#3144=CARTESIAN_POINT('',(7.3475153585057,-0.681416462665308,5.71187481802991));
#3145=CARTESIAN_POINT('',(7.3475153585057,-0.681416462665308,5.71187481802991));
#3146=CARTESIAN_POINT('Origin',(7.3475153585057,0.847321691238146,5.71187481802991));
#3147=CARTESIAN_POINT('Origin',(11.05251550938,-0.831416462665309,5.86187481802991));
#3148=CARTESIAN_POINT('',(5.3475153585057,-0.681416462665308,5.71187481802991));
#3149=CARTESIAN_POINT('',(5.3475153585057,-0.681416462665308,5.71187481802991));
#3150=CARTESIAN_POINT('',(11.05251550938,-0.681416462665309,5.71187481802991));
#3151=CARTESIAN_POINT('Origin',(5.3475153585057,0.847321691238146,5.86187481802991));
#3152=CARTESIAN_POINT('',(3.81877720460225,0.847321691238145,5.71187481802991));
#3153=CARTESIAN_POINT('',(3.81877720460225,0.847321691238145,5.71187481802991));
#3154=CARTESIAN_POINT('Origin',(5.3475153585057,0.847321691238146,5.71187481802991));
#3155=CARTESIAN_POINT('Origin',(3.66877720460225,15.4123218029969,5.86187481802991));
#3156=CARTESIAN_POINT('',(3.81877720460225,15.4123218029969,5.71187481802991));
#3157=CARTESIAN_POINT('Origin',(7.3475153585057,0.847321691238146,5.86187481802991));
#3158=CARTESIAN_POINT('',(7.3475153585057,-0.272678308761855,5.71187481802991));
#3159=CARTESIAN_POINT('',(7.3475153585057,0.0273216912381456,6.01187481802991));
#3160=CARTESIAN_POINT('Origin',(7.3475153585057,0.847321691238146,5.71187481802991));
#3161=CARTESIAN_POINT('Origin',(12.05251550938,-0.122678308761856,5.86187481802991));
#3162=CARTESIAN_POINT('',(5.3475153585057,-0.272678308761855,5.71187481802991));
#3163=CARTESIAN_POINT('',(5.3475153585057,0.0273216912381445,6.01187481802991));
#3164=CARTESIAN_POINT('',(12.05251550938,-0.272678308761855,5.71187481802991));
#3165=CARTESIAN_POINT('Origin',(5.3475153585057,0.847321691238146,5.86187481802991));
#3166=CARTESIAN_POINT('',(4.2275153585057,0.847321691238146,5.71187481802991));
#3167=CARTESIAN_POINT('',(4.5275153585057,0.847321691238146,6.01187481802991));
#3168=CARTESIAN_POINT('Origin',(5.3475153585057,0.847321691238146,5.71187481802991));
#3169=CARTESIAN_POINT('Origin',(4.3775153585057,7.91232180299685,5.86187481802991));
#3170=CARTESIAN_POINT('',(4.2275153585057,7.91232180299685,5.71187481802991));
#3171=CARTESIAN_POINT('Origin',(3.81877720460225,15.8473216912381,4.51187481802991));
#3172=CARTESIAN_POINT('',(3.81877720460225,0.847321691238145,4.51187481802991));
#3173=CARTESIAN_POINT('Origin',(5.3475153585057,-0.681416462665308,4.51187481802991));
#3174=CARTESIAN_POINT('',(5.3475153585057,-0.681416462665308,4.51187481802991));
#3175=CARTESIAN_POINT('',(7.3475153585057,-0.681416462665308,4.51187481802991));
#3176=CARTESIAN_POINT('Origin',(5.3475153585057,0.847321691238146,4.51187481802991));
#3177=CARTESIAN_POINT('Origin',(8.87625351240916,0.847321691238145,4.51187481802991));
#3178=CARTESIAN_POINT('',(8.87625351240916,0.847321691238145,4.51187481802991));
#3179=CARTESIAN_POINT('Origin',(7.3475153585057,0.847321691238146,4.51187481802991));
#3180=CARTESIAN_POINT('Origin',(29.4499993517995,3.95799116561059,5.01187481802991));
#3181=CARTESIAN_POINT('',(28.4949993728101,-0.522678316212443,6.92187477600864));
#3182=CARTESIAN_POINT('Origin',(19.5999995619059,-0.522678316212443,4.86187481802991));
#3183=CARTESIAN_POINT('Origin',(4.07751531827257,-1.02267831621243,4.31187471744708));
#3184=CARTESIAN_POINT('',(5.3475153585057,-0.182678296691914,4.31187471744708));
#3185=CARTESIAN_POINT('',(5.3475153585057,1.87732167916821,4.31187471744708));
#3186=CARTESIAN_POINT('Origin',(5.3475153585057,0.847321691238146,4.31187471744708));
#3187=CARTESIAN_POINT('',(7.3475153585057,1.87732167916821,4.31187471744708));
#3188=CARTESIAN_POINT('',(5.21251533838913,1.87732167916821,4.31187471744708));
#3189=CARTESIAN_POINT('',(7.3475153585057,-0.182678296691914,4.31187471744708));
#3190=CARTESIAN_POINT('Origin',(7.3475153585057,0.847321691238146,4.31187471744708));
#3191=CARTESIAN_POINT('',(5.71251533838913,-0.182678296691914,4.31187471744708));
#3192=CARTESIAN_POINT('Origin',(21.6325159620027,-1.17267831621243,4.69937481802991));
#3193=CARTESIAN_POINT('',(21.8825159620027,-0.922678316212433,5.26187481802991));
#3194=CARTESIAN_POINT('',(21.8825159620027,-0.922678316212433,4.69937481802991));
#3195=CARTESIAN_POINT('',(19.9033492450446,-2.90184503317052,7.241041534988));
#3196=CARTESIAN_POINT('Origin',(29.1325159620027,-1.17267831621243,5.07437481802991));
#3197=CARTESIAN_POINT('',(28.8825159620027,-0.922678316212433,5.26187481802991));
#3198=CARTESIAN_POINT('',(25.9450159117113,2.01482173407899,2.32437476773849));
#3199=CARTESIAN_POINT('',(28.8825159620027,-0.922678316212433,5.07437481802991));
#3200=CARTESIAN_POINT('Origin',(7.3475153585057,0.847321691238146,4.51187471744707));
#3201=CARTESIAN_POINT('',(7.3475153585057,1.87732167916821,5.16187481802991));
#3202=CARTESIAN_POINT('',(7.3475153585057,-0.182678296691914,5.16187481802991));
#3203=CARTESIAN_POINT('Origin',(7.3475153585057,0.847321691238146,5.16187481802991));
#3204=CARTESIAN_POINT('',(7.3475153585057,-0.182678296691914,4.51187471744707));
#3205=CARTESIAN_POINT('',(7.3475153585057,1.87732167916821,4.51187471744707));
#3206=CARTESIAN_POINT('Origin',(7.3475153585057,-0.182678296691914,4.51187471744707));
#3207=CARTESIAN_POINT('',(5.3475153585057,-0.182678296691914,5.16187481802991));
#3208=CARTESIAN_POINT('',(6.8475153585057,-0.182678296691914,5.16187481802991));
#3209=CARTESIAN_POINT('',(5.3475153585057,-0.182678296691914,4.51187471744707));
#3210=CARTESIAN_POINT('Origin',(5.3475153585057,0.847321691238146,4.51187471744707));
#3211=CARTESIAN_POINT('',(5.3475153585057,1.87732167916821,5.16187481802991));
#3212=CARTESIAN_POINT('Origin',(5.3475153585057,0.847321691238146,5.16187481802991));
#3213=CARTESIAN_POINT('',(5.3475153585057,1.87732167916821,4.51187471744707));
#3214=CARTESIAN_POINT('Origin',(5.3475153585057,1.87732167916821,4.51187471744707));
#3215=CARTESIAN_POINT('',(5.8475153585057,1.87732167916821,5.16187481802991));
#3216=CARTESIAN_POINT('Origin',(4.2275153585057,0.847321691238146,6.01187481802991));
#3217=CARTESIAN_POINT('',(4.2275153585057,0.847321691238146,5.16187481802991));
#3218=CARTESIAN_POINT('',(4.2275153585057,0.847321691238146,6.01187481802991));
#3219=CARTESIAN_POINT('',(4.2275153585057,3.09732169123815,5.16187481802991));
#3220=CARTESIAN_POINT('Origin',(7.3475153585057,5.34732169123815,5.16187481802991));
#3221=CARTESIAN_POINT('',(8.4675153585057,0.847321691238146,5.16187481802991));
#3222=CARTESIAN_POINT('',(8.4675153585057,11.3473216912381,5.16187481802991));
#3223=CARTESIAN_POINT('',(7.3475153585057,-0.272678308761854,5.16187481802991));
#3224=CARTESIAN_POINT('Origin',(7.3475153585057,0.847321691238146,5.16187481802991));
#3225=CARTESIAN_POINT('',(5.3475153585057,-0.272678308761854,5.16187481802991));
#3226=CARTESIAN_POINT('',(6.8475153585057,-0.272678308761855,5.16187481802991));
#3227=CARTESIAN_POINT('Origin',(5.3475153585057,0.847321691238146,5.16187481802991));
#3228=CARTESIAN_POINT('Origin',(8.4675153585057,6.84732169123815,6.01187481802991));
#3229=CARTESIAN_POINT('',(8.4675153585057,0.847321691238146,6.01187481802991));
#3230=CARTESIAN_POINT('Origin',(10.4450156602542,-1.17267831621243,5.51187481802991));
#3231=CARTESIAN_POINT('',(21.3825159620027,-0.922678316212433,5.26187481802991));
#3232=CARTESIAN_POINT('Origin',(25.3825159620027,-0.922678316212433,4.88687481802991));
#3233=CARTESIAN_POINT('Origin',(7.3475153585057,0.847321691238146,6.01187481802991));
#3234=CARTESIAN_POINT('',(7.3475153585057,-0.272678308761855,6.01187481802991));
#3235=CARTESIAN_POINT('Origin',(5.3475153585057,0.847321691238146,6.01187481802991));
#3236=CARTESIAN_POINT('',(5.3475153585057,-0.272678308761855,6.01187481802991));
#3237=CARTESIAN_POINT('Origin',(7.3475153585057,-0.272678308761855,6.01187481802991));
#3238=CARTESIAN_POINT('Origin',(20.2038943395019,19.0220434218645,6.01187481802991));
#3239=CARTESIAN_POINT('',(20.2038943395019,19.0220434218645,6.01187481802991));
#3240=CARTESIAN_POINT('',(17.7498161420226,19.0220434218645,6.01187481802991));
#3241=CARTESIAN_POINT('',(20.2038943395019,19.0220434218645,6.01187481802991));
#3242=CARTESIAN_POINT('',(17.7498161420226,19.0220434218645,5.91187481802991));
#3243=CARTESIAN_POINT('',(17.7498161420226,19.0220434218645,6.01187481802991));
#3244=CARTESIAN_POINT('',(20.2038943395019,19.0220434218645,5.91187481802991));
#3245=CARTESIAN_POINT('',(20.2038943395019,19.0220434218645,5.91187481802991));
#3246=CARTESIAN_POINT('',(20.2038943395019,19.0220434218645,6.01187481802991));
#3247=CARTESIAN_POINT('Origin',(20.2038943395019,22.6370317488909,6.01187481802991));
#3248=CARTESIAN_POINT('',(20.2038943395019,22.6370317488909,6.01187481802991));
#3249=CARTESIAN_POINT('',(20.2038943395019,22.6370317488909,6.01187481802991));
#3250=CARTESIAN_POINT('',(20.2038943395019,22.6370317488909,5.91187481802991));
#3251=CARTESIAN_POINT('',(20.2038943395019,22.6370317488909,5.91187481802991));
#3252=CARTESIAN_POINT('',(20.2038943395019,22.6370317488909,6.01187481802991));
#3253=CARTESIAN_POINT('Origin',(25.5969869717956,22.6370317488909,6.01187481802991));
#3254=CARTESIAN_POINT('',(25.5969869717956,22.6370317488909,6.01187481802991));
#3255=CARTESIAN_POINT('',(25.5969869717956,22.6370317488909,6.01187481802991));
#3256=CARTESIAN_POINT('',(25.5969869717956,22.6370317488909,5.91187481802991));
#3257=CARTESIAN_POINT('',(25.5969869717956,22.6370317488909,5.91187481802991));
#3258=CARTESIAN_POINT('',(25.5969869717956,22.6370317488909,6.01187481802991));
#3259=CARTESIAN_POINT('Origin',(25.5969869717956,24.6869952231646,6.01187481802991));
#3260=CARTESIAN_POINT('',(25.5969869717956,24.6869952231646,6.01187481802991));
#3261=CARTESIAN_POINT('',(25.5969869717956,24.6869952231646,6.01187481802991));
#3262=CARTESIAN_POINT('',(25.5969869717956,24.6869952231646,5.91187481802991));
#3263=CARTESIAN_POINT('',(25.5969869717956,24.6869952231646,5.91187481802991));
#3264=CARTESIAN_POINT('',(25.5969869717956,24.6869952231646,6.01187481802991));
#3265=CARTESIAN_POINT('Origin',(20.2038943395019,24.6869952231646,6.01187481802991));
#3266=CARTESIAN_POINT('',(20.2038943395019,24.6869952231646,6.01187481802991));
#3267=CARTESIAN_POINT('',(20.2038943395019,24.6869952231646,6.01187481802991));
#3268=CARTESIAN_POINT('',(20.2038943395019,24.6869952231646,5.91187481802991));
#3269=CARTESIAN_POINT('',(20.2038943395019,24.6869952231646,5.91187481802991));
#3270=CARTESIAN_POINT('',(20.2038943395019,24.6869952231646,6.01187481802991));
#3271=CARTESIAN_POINT('Origin',(20.2038943395019,26.5459222346544,6.01187481802991));
#3272=CARTESIAN_POINT('',(20.2038943395019,26.5459222346544,6.01187481802991));
#3273=CARTESIAN_POINT('',(20.2038943395019,26.5459222346544,6.01187481802991));
#3274=CARTESIAN_POINT('',(20.2038943395019,26.5459222346544,5.91187481802991));
#3275=CARTESIAN_POINT('',(20.2038943395019,26.5459222346544,5.91187481802991));
#3276=CARTESIAN_POINT('',(20.2038943395019,26.5459222346544,6.01187481802991));
#3277=CARTESIAN_POINT('Origin',(27.0517992600799,26.5459222346544,6.01187481802991));
#3278=CARTESIAN_POINT('',(27.0517992600799,26.5459222346544,6.01187481802991));
#3279=CARTESIAN_POINT('',(27.0517992600799,26.5459222346544,6.01187481802991));
#3280=CARTESIAN_POINT('',(27.0517992600799,26.5459222346544,5.91187481802991));
#3281=CARTESIAN_POINT('',(27.0517992600799,26.5459222346544,5.91187481802991));
#3282=CARTESIAN_POINT('',(27.0517992600799,26.5459222346544,6.01187481802991));
#3283=CARTESIAN_POINT('Origin',(27.0517992600799,28.9999998360872,6.01187481802991));
#3284=CARTESIAN_POINT('',(27.0517992600799,28.9999998360872,6.01187481802991));
#3285=CARTESIAN_POINT('',(27.0517992600799,28.9999998360872,6.01187481802991));
#3286=CARTESIAN_POINT('',(27.0517992600799,28.9999998360872,5.91187481802991));
#3287=CARTESIAN_POINT('',(27.0517992600799,28.9999998360872,5.91187481802991));
#3288=CARTESIAN_POINT('',(27.0517992600799,28.9999998360872,6.01187481802991));
#3289=CARTESIAN_POINT('Origin',(17.7498161420226,28.9999998360872,6.01187481802991));
#3290=CARTESIAN_POINT('',(17.7498161420226,28.9999998360872,6.01187481802991));
#3291=CARTESIAN_POINT('',(17.7498161420226,28.9999998360872,6.01187481802991));
#3292=CARTESIAN_POINT('',(17.7498161420226,28.9999998360872,5.91187481802991));
#3293=CARTESIAN_POINT('',(17.7498161420226,28.9999998360872,5.91187481802991));
#3294=CARTESIAN_POINT('',(17.7498161420226,28.9999998360872,6.01187481802991));
#3295=CARTESIAN_POINT('Origin',(17.7498161420226,19.0220434218645,6.01187481802991));
#3296=CARTESIAN_POINT('',(17.7498161420226,19.0220434218645,6.01187481802991));
#3297=CARTESIAN_POINT('',(17.7498161420226,19.0220434218645,5.91187481802991));
#3298=CARTESIAN_POINT('Origin',(17.2758996859193,24.0036741644144,6.01187481802991));
#3299=CARTESIAN_POINT('Origin',(17.2758996859193,24.0036741644144,5.91187481802991));
#3300=CARTESIAN_POINT('Origin',(16.2362229451537,21.4540786296129,6.01187481802991));
#3301=CARTESIAN_POINT('',(16.2362229451537,21.4540786296129,6.01187481802991));
#3302=CARTESIAN_POINT('',(16.2362229451537,19.0073484927416,6.01187481802991));
#3303=CARTESIAN_POINT('',(16.2362229451537,21.4540786296129,6.01187481802991));
#3304=CARTESIAN_POINT('',(16.2362229451537,19.0073484927416,5.91187481802991));
#3305=CARTESIAN_POINT('',(16.2362229451537,19.0073484927416,6.01187481802991));
#3306=CARTESIAN_POINT('',(16.2362229451537,21.4540786296129,5.91187481802991));
#3307=CARTESIAN_POINT('',(16.2362229451537,21.4540786296129,5.91187481802991));
#3308=CARTESIAN_POINT('',(16.2362229451537,21.4540786296129,6.01187481802991));
#3309=CARTESIAN_POINT('Origin',(9.95407816022635,21.4540786296129,6.01187481802991));
#3310=CARTESIAN_POINT('',(9.95407816022635,21.4540786296129,6.01187481802991));
#3311=CARTESIAN_POINT('',(9.95407816022635,21.4540786296129,6.01187481802991));
#3312=CARTESIAN_POINT('',(9.95407816022635,21.4540786296129,5.91187481802991));
#3313=CARTESIAN_POINT('',(9.95407816022635,21.4540786296129,5.91187481802991));
#3314=CARTESIAN_POINT('',(9.95407816022635,21.4540786296129,6.01187481802991));
#3315=CARTESIAN_POINT('Origin',(9.95407816022635,28.9853049069643,6.01187481802991));
#3316=CARTESIAN_POINT('',(9.95407816022635,28.9853049069643,6.01187481802991));
#3317=CARTESIAN_POINT('',(9.95407816022635,28.9853049069643,6.01187481802991));
#3318=CARTESIAN_POINT('',(9.95407816022635,28.9853049069643,5.91187481802991));
#3319=CARTESIAN_POINT('',(9.95407816022635,28.9853049069643,5.91187481802991));
#3320=CARTESIAN_POINT('',(9.95407816022635,28.9853049069643,6.01187481802991));
#3321=CARTESIAN_POINT('Origin',(7.50000011175871,28.9853049069643,6.01187481802991));
#3322=CARTESIAN_POINT('',(7.50000011175871,28.9853049069643,6.01187481802991));
#3323=CARTESIAN_POINT('',(7.50000011175871,28.9853049069643,6.01187481802991));
#3324=CARTESIAN_POINT('',(7.50000011175871,28.9853049069643,5.91187481802991));
#3325=CARTESIAN_POINT('',(7.50000011175871,28.9853049069643,5.91187481802991));
#3326=CARTESIAN_POINT('',(7.50000011175871,28.9853049069643,6.01187481802991));
#3327=CARTESIAN_POINT('Origin',(7.50000011175871,19.0073484927416,6.01187481802991));
#3328=CARTESIAN_POINT('',(7.50000011175871,19.0073484927416,6.01187481802991));
#3329=CARTESIAN_POINT('',(7.50000011175871,19.0073484927416,6.01187481802991));
#3330=CARTESIAN_POINT('',(7.50000011175871,19.0073484927416,5.91187481802991));
#3331=CARTESIAN_POINT('',(7.50000011175871,19.0073484927416,5.91187481802991));
#3332=CARTESIAN_POINT('',(7.50000011175871,19.0073484927416,6.01187481802991));
#3333=CARTESIAN_POINT('Origin',(16.2362229451537,19.0073484927416,6.01187481802991));
#3334=CARTESIAN_POINT('',(16.2362229451537,19.0073484927416,6.01187481802991));
#3335=CARTESIAN_POINT('',(16.2362229451537,19.0073484927416,5.91187481802991));
#3336=CARTESIAN_POINT('Origin',(17.2758996859193,24.0036741644144,6.01187481802991));
#3337=CARTESIAN_POINT('Origin',(17.2758996859193,24.0036741644144,5.91187481802991));
#3338=CARTESIAN_POINT('',(0.,0.,-1.11022302462516E-16));
#3339=UNCERTAINTY_MEASURE_WITH_UNIT(LENGTH_MEASURE(0.01),#3345,
'DISTANCE_ACCURACY_VALUE',
'Maximum model space distance between geometric entities at asserted c
onnectivities');
#3340=UNCERTAINTY_MEASURE_WITH_UNIT(LENGTH_MEASURE(0.01),#3345,
'DISTANCE_ACCURACY_VALUE',
'Maximum model space distance between geometric entities at asserted c
onnectivities');
#3341=UNCERTAINTY_MEASURE_WITH_UNIT(LENGTH_MEASURE(0.01),#3345,
'DISTANCE_ACCURACY_VALUE',
'Maximum model space distance between geometric entities at asserted c
onnectivities');
#3342=(
GEOMETRIC_REPRESENTATION_CONTEXT(3)
GLOBAL_UNCERTAINTY_ASSIGNED_CONTEXT((#3339))
GLOBAL_UNIT_ASSIGNED_CONTEXT((#3345,#3347,#3348))
REPRESENTATION_CONTEXT('','3D')
);
#3343=(
GEOMETRIC_REPRESENTATION_CONTEXT(3)
GLOBAL_UNCERTAINTY_ASSIGNED_CONTEXT((#3340))
GLOBAL_UNIT_ASSIGNED_CONTEXT((#3345,#3347,#3348))
REPRESENTATION_CONTEXT('','3D')
);
#3344=(
GEOMETRIC_REPRESENTATION_CONTEXT(3)
GLOBAL_UNCERTAINTY_ASSIGNED_CONTEXT((#3341))
GLOBAL_UNIT_ASSIGNED_CONTEXT((#3345,#3347,#3348))
REPRESENTATION_CONTEXT('','3D')
);
#3345=(
LENGTH_UNIT()
NAMED_UNIT(*)
SI_UNIT(.MILLI.,.METRE.)
);
#3346=(
LENGTH_UNIT()
NAMED_UNIT(*)
SI_UNIT($,.METRE.)
);
#3347=(
NAMED_UNIT(*)
PLANE_ANGLE_UNIT()
SI_UNIT($,.RADIAN.)
);
#3348=(
NAMED_UNIT(*)
SI_UNIT($,.STERADIAN.)
SOLID_ANGLE_UNIT()
);
#3349=SHAPE_DEFINITION_REPRESENTATION(#3351,#3354);
#3350=SHAPE_DEFINITION_REPRESENTATION(#3352,#3355);
#3351=PRODUCT_DEFINITION_SHAPE('',$,#3357);
#3352=PRODUCT_DEFINITION_SHAPE('',$,#3358);
#3353=PRODUCT_DEFINITION_SHAPE($,$,#14);
#3354=SHAPE_REPRESENTATION('',(#2031,#2196),#3342);
#3355=SHAPE_REPRESENTATION('',(#2032),#3343);
#3356=PRODUCT_DEFINITION_CONTEXT('part definition',#3364,'design');
#3357=PRODUCT_DEFINITION('track','track v17',#3359,#3356);
#3358=PRODUCT_DEFINITION('Cover','Cover',#3360,#3356);
#3359=PRODUCT_DEFINITION_FORMATION('',$,#3366);
#3360=PRODUCT_DEFINITION_FORMATION('',$,#3367);
#3361=PRODUCT_RELATED_PRODUCT_CATEGORY('track v17','track v17',(#3366));
#3362=PRODUCT_RELATED_PRODUCT_CATEGORY('Cover','Cover',(#3367));
#3363=APPLICATION_PROTOCOL_DEFINITION('international standard',
'automotive_design',2009,#3364);
#3364=APPLICATION_CONTEXT(
'Core Data for Automotive Mechanical Design Process');
#3365=PRODUCT_CONTEXT('part definition',#3364,'mechanical');
#3366=PRODUCT('track','track v17',$,(#3365));
#3367=PRODUCT('Cover','Cover',$,(#3365));
#3368=PRESENTATION_STYLE_ASSIGNMENT((#3371));
#3369=PRESENTATION_STYLE_ASSIGNMENT((#3372));
#3370=PRESENTATION_STYLE_ASSIGNMENT((#3373));
#3371=SURFACE_STYLE_USAGE(.BOTH.,#3374);
#3372=SURFACE_STYLE_USAGE(.BOTH.,#3375);
#3373=SURFACE_STYLE_USAGE(.BOTH.,#3376);
#3374=SURFACE_SIDE_STYLE('',(#3377));
#3375=SURFACE_SIDE_STYLE('',(#3378));
#3376=SURFACE_SIDE_STYLE('',(#3379));
#3377=SURFACE_STYLE_FILL_AREA(#3380);
#3378=SURFACE_STYLE_FILL_AREA(#3381);
#3379=SURFACE_STYLE_FILL_AREA(#3382);
#3380=FILL_AREA_STYLE('Steel - Satin',(#3383));
#3381=FILL_AREA_STYLE('ABS (White)',(#3384));
#3382=FILL_AREA_STYLE('ABS (White)',(#3385));
#3383=FILL_AREA_STYLE_COLOUR('Steel - Satin',#3386);
#3384=FILL_AREA_STYLE_COLOUR('ABS (White)',#3387);
#3385=FILL_AREA_STYLE_COLOUR('ABS (White)',#3388);
#3386=COLOUR_RGB('Steel - Satin',0.627450980392157,0.627450980392157,0.627450980392157);
#3387=COLOUR_RGB('ABS (White)',0.988235294117647,0.,0.);
#3388=COLOUR_RGB('ABS (White)',0.964705882352941,0.964705882352941,0.952941176470588);
ENDSEC;
END-ISO-10303-21;
