ISO-10303-21;
HEADER;
/* Generated by software containing ST-Developer
 * from STEP Tools, Inc. (www.steptools.com) 
 */

FILE_DESCRIPTION(
/* description */ (''),
/* implementation_level */ '2;1');

FILE_NAME(
/* name */ 'caseC.step',
/* time_stamp */ '2026-09-24T04:53:41+05:00',
/* author */ (''),
/* organization */ (''),
/* preprocessor_version */ 'ST-DEVELOPER v20.2',
/* originating_system */ 'Autodesk Translation Framework v15.15.0.0',
/* authorisation */ '');

FILE_SCHEMA (('AUTOMOTIVE_DESIGN { 1 0 10303 214 3 1 1 }'));
ENDSEC;

DATA;
#10=MECHANICAL_DESIGN_GEOMETRIC_PRESENTATION_REPRESENTATION('',(#19,#20),
#3061);
#11=ITEM_DEFINED_TRANSFORMATION($,$,#1853,#2007);
#12=(
REPRESENTATION_RELATIONSHIP($,$,#3072,#3071)
REPRESENTATION_RELATIONSHIP_WITH_TRANSFORMATION(#11)
SHAPE_REPRESENTATION_RELATIONSHIP()
);
#13=CONTEXT_DEPENDENT_SHAPE_REPRESENTATION(#12,#3070);
#14=NEXT_ASSEMBLY_USAGE_OCCURRENCE('Cover:1','Cover:1','Cover:1',#3074,
#3075,'Cover:1');
#15=SHAPE_REPRESENTATION_RELATIONSHIP('SRR','None',#3072,#17);
#16=SHAPE_REPRESENTATION_RELATIONSHIP('SRR','None',#3071,#18);
#17=ADVANCED_BREP_SHAPE_REPRESENTATION('',(#21),#3060);
#18=ADVANCED_BREP_SHAPE_REPRESENTATION('',(#22),#3059);
#19=STYLED_ITEM('',(#3087),#21);
#20=STYLED_ITEM('',(#3086),#22);
#21=MANIFOLD_SOLID_BREP('Cover',#1838);
#22=MANIFOLD_SOLID_BREP('C',#1839);
#23=CONICAL_SURFACE('',#1957,1.67873815390345,0.785398163397447);
#24=CONICAL_SURFACE('',#1960,1.67873815390345,0.785398163397448);
#25=CONICAL_SURFACE('',#1963,0.97,0.785398163397448);
#26=CONICAL_SURFACE('',#1966,0.970000000000001,0.785398163397447);
#27=CYLINDRICAL_SURFACE('',#1875,2.);
#28=CYLINDRICAL_SURFACE('',#1895,2.);
#29=CYLINDRICAL_SURFACE('',#1926,2.50000000000001);
#30=CYLINDRICAL_SURFACE('',#1945,2.5);
#31=CYLINDRICAL_SURFACE('',#1971,1.52873815390345);
#32=CYLINDRICAL_SURFACE('',#1973,1.52873815390345);
#33=CYLINDRICAL_SURFACE('',#1981,1.02999998793006);
#34=CYLINDRICAL_SURFACE('',#1984,1.02999998793006);
#35=CYLINDRICAL_SURFACE('',#1994,1.12);
#36=CYLINDRICAL_SURFACE('',#1995,1.12);
#37=FACE_BOUND('',#203,.T.);
#38=FACE_BOUND('',#204,.T.);
#39=FACE_BOUND('',#222,.T.);
#40=FACE_BOUND('',#278,.T.);
#41=CIRCLE('',#1862,2.);
#42=CIRCLE('',#1865,2.);
#43=CIRCLE('',#1866,2.5);
#44=CIRCLE('',#1867,2.50000000000001);
#45=CIRCLE('',#1868,2.);
#46=CIRCLE('',#1869,1.52873815390345);
#47=CIRCLE('',#1870,1.52873815390345);
#48=CIRCLE('',#1876,2.);
#49=CIRCLE('',#1877,2.);
#50=CIRCLE('',#1880,2.);
#51=CIRCLE('',#1881,2.);
#52=CIRCLE('',#1884,2.);
#53=CIRCLE('',#1893,2.50000000000001);
#54=CIRCLE('',#1896,2.);
#55=CIRCLE('',#1897,2.);
#56=CIRCLE('',#1899,2.);
#57=CIRCLE('',#1900,2.);
#58=CIRCLE('',#1907,2.50000000000001);
#59=CIRCLE('',#1908,2.5);
#60=CIRCLE('',#1909,1.82873815390345);
#61=CIRCLE('',#1910,1.82873815390345);
#62=CIRCLE('',#1911,0.820000000000001);
#63=CIRCLE('',#1912,0.82);
#64=CIRCLE('',#1914,2.5);
#65=CIRCLE('',#1925,2.50000000000001);
#66=CIRCLE('',#1927,2.50000000000001);
#67=CIRCLE('',#1928,2.50000000000001);
#68=CIRCLE('',#1932,2.5);
#69=CIRCLE('',#1934,2.5);
#70=CIRCLE('',#1944,2.5);
#71=CIRCLE('',#1958,1.52873815390345);
#72=CIRCLE('',#1961,1.52873815390345);
#73=CIRCLE('',#1964,1.12);
#74=CIRCLE('',#1967,1.12);
#75=CIRCLE('',#1977,1.02999998793006);
#76=CIRCLE('',#1978,1.02999998793006);
#77=CIRCLE('',#1982,1.02999998793006);
#78=CIRCLE('',#1985,1.02999998793006);
#79=CIRCLE('',#1989,1.12);
#80=CIRCLE('',#1990,1.12);
#81=ELLIPSE('',#1860,2.82842712474619,2.);
#82=ELLIPSE('',#1878,2.82842712474619,2.);
#83=ELLIPSE('',#1879,2.82842923209253,2.);
#84=ELLIPSE('',#1882,2.82840157373687,2.);
#85=ELLIPSE('',#1883,2.82842601839161,2.);
#86=ELLIPSE('',#1887,3.53550196717111,2.50000000000001);
#87=ELLIPSE('',#1898,2.82842923209253,2.);
#88=ELLIPSE('',#1901,2.82842601839161,2.);
#89=ELLIPSE('',#1902,2.82843691076872,2.);
#90=ELLIPSE('',#1904,3.53553252298951,2.5);
#91=ELLIPSE('',#1918,3.53553252298953,2.50000000000001);
#92=ELLIPSE('',#1921,3.5355461384609,2.5);
#93=ELLIPSE('',#1929,3.53554869259581,2.50000000000001);
#94=ELLIPSE('',#1930,3.53553390593274,2.50000000000001);
#95=ELLIPSE('',#1938,3.5355486925958,2.5);
#96=ELLIPSE('',#1940,3.53553390593273,2.5);
#97=FACE_OUTER_BOUND('',#194,.T.);
#98=FACE_OUTER_BOUND('',#195,.T.);
#99=FACE_OUTER_BOUND('',#196,.T.);
#100=FACE_OUTER_BOUND('',#197,.T.);
#101=FACE_OUTER_BOUND('',#198,.T.);
#102=FACE_OUTER_BOUND('',#199,.T.);
#103=FACE_OUTER_BOUND('',#200,.T.);
#104=FACE_OUTER_BOUND('',#201,.T.);
#105=FACE_OUTER_BOUND('',#202,.T.);
#106=FACE_OUTER_BOUND('',#205,.T.);
#107=FACE_OUTER_BOUND('',#206,.T.);
#108=FACE_OUTER_BOUND('',#207,.T.);
#109=FACE_OUTER_BOUND('',#208,.T.);
#110=FACE_OUTER_BOUND('',#209,.T.);
#111=FACE_OUTER_BOUND('',#210,.T.);
#112=FACE_OUTER_BOUND('',#211,.T.);
#113=FACE_OUTER_BOUND('',#212,.T.);
#114=FACE_OUTER_BOUND('',#213,.T.);
#115=FACE_OUTER_BOUND('',#214,.T.);
#116=FACE_OUTER_BOUND('',#215,.T.);
#117=FACE_OUTER_BOUND('',#216,.T.);
#118=FACE_OUTER_BOUND('',#217,.T.);
#119=FACE_OUTER_BOUND('',#218,.T.);
#120=FACE_OUTER_BOUND('',#219,.T.);
#121=FACE_OUTER_BOUND('',#220,.T.);
#122=FACE_OUTER_BOUND('',#221,.T.);
#123=FACE_OUTER_BOUND('',#223,.T.);
#124=FACE_OUTER_BOUND('',#224,.T.);
#125=FACE_OUTER_BOUND('',#225,.T.);
#126=FACE_OUTER_BOUND('',#226,.T.);
#127=FACE_OUTER_BOUND('',#227,.T.);
#128=FACE_OUTER_BOUND('',#228,.T.);
#129=FACE_OUTER_BOUND('',#229,.T.);
#130=FACE_OUTER_BOUND('',#230,.T.);
#131=FACE_OUTER_BOUND('',#231,.T.);
#132=FACE_OUTER_BOUND('',#232,.T.);
#133=FACE_OUTER_BOUND('',#233,.T.);
#134=FACE_OUTER_BOUND('',#234,.T.);
#135=FACE_OUTER_BOUND('',#235,.T.);
#136=FACE_OUTER_BOUND('',#236,.T.);
#137=FACE_OUTER_BOUND('',#237,.T.);
#138=FACE_OUTER_BOUND('',#238,.T.);
#139=FACE_OUTER_BOUND('',#239,.T.);
#140=FACE_OUTER_BOUND('',#240,.T.);
#141=FACE_OUTER_BOUND('',#241,.T.);
#142=FACE_OUTER_BOUND('',#242,.T.);
#143=FACE_OUTER_BOUND('',#243,.T.);
#144=FACE_OUTER_BOUND('',#244,.T.);
#145=FACE_OUTER_BOUND('',#245,.T.);
#146=FACE_OUTER_BOUND('',#246,.T.);
#147=FACE_OUTER_BOUND('',#247,.T.);
#148=FACE_OUTER_BOUND('',#248,.T.);
#149=FACE_OUTER_BOUND('',#249,.T.);
#150=FACE_OUTER_BOUND('',#250,.T.);
#151=FACE_OUTER_BOUND('',#251,.T.);
#152=FACE_OUTER_BOUND('',#252,.T.);
#153=FACE_OUTER_BOUND('',#253,.T.);
#154=FACE_OUTER_BOUND('',#254,.T.);
#155=FACE_OUTER_BOUND('',#255,.T.);
#156=FACE_OUTER_BOUND('',#256,.T.);
#157=FACE_OUTER_BOUND('',#257,.T.);
#158=FACE_OUTER_BOUND('',#258,.T.);
#159=FACE_OUTER_BOUND('',#259,.T.);
#160=FACE_OUTER_BOUND('',#260,.T.);
#161=FACE_OUTER_BOUND('',#261,.T.);
#162=FACE_OUTER_BOUND('',#262,.T.);
#163=FACE_OUTER_BOUND('',#263,.T.);
#164=FACE_OUTER_BOUND('',#264,.T.);
#165=FACE_OUTER_BOUND('',#265,.T.);
#166=FACE_OUTER_BOUND('',#266,.T.);
#167=FACE_OUTER_BOUND('',#267,.T.);
#168=FACE_OUTER_BOUND('',#268,.T.);
#169=FACE_OUTER_BOUND('',#269,.T.);
#170=FACE_OUTER_BOUND('',#270,.T.);
#171=FACE_OUTER_BOUND('',#271,.T.);
#172=FACE_OUTER_BOUND('',#272,.T.);
#173=FACE_OUTER_BOUND('',#273,.T.);
#174=FACE_OUTER_BOUND('',#274,.T.);
#175=FACE_OUTER_BOUND('',#275,.T.);
#176=FACE_OUTER_BOUND('',#276,.T.);
#177=FACE_OUTER_BOUND('',#277,.T.);
#178=FACE_OUTER_BOUND('',#279,.T.);
#179=FACE_OUTER_BOUND('',#280,.T.);
#180=FACE_OUTER_BOUND('',#281,.T.);
#181=FACE_OUTER_BOUND('',#282,.T.);
#182=FACE_OUTER_BOUND('',#283,.T.);
#183=FACE_OUTER_BOUND('',#284,.T.);
#184=FACE_OUTER_BOUND('',#285,.T.);
#185=FACE_OUTER_BOUND('',#286,.T.);
#186=FACE_OUTER_BOUND('',#287,.T.);
#187=FACE_OUTER_BOUND('',#288,.T.);
#188=FACE_OUTER_BOUND('',#289,.T.);
#189=FACE_OUTER_BOUND('',#290,.T.);
#190=FACE_OUTER_BOUND('',#291,.T.);
#191=FACE_OUTER_BOUND('',#292,.T.);
#192=FACE_OUTER_BOUND('',#293,.T.);
#193=FACE_OUTER_BOUND('',#294,.T.);
#194=EDGE_LOOP('',(#1136,#1137,#1138,#1139,#1140,#1141));
#195=EDGE_LOOP('',(#1142,#1143,#1144,#1145));
#196=EDGE_LOOP('',(#1146,#1147,#1148,#1149));
#197=EDGE_LOOP('',(#1150,#1151,#1152,#1153));
#198=EDGE_LOOP('',(#1154,#1155,#1156,#1157,#1158,#1159));
#199=EDGE_LOOP('',(#1160,#1161,#1162,#1163));
#200=EDGE_LOOP('',(#1164,#1165,#1166,#1167));
#201=EDGE_LOOP('',(#1168,#1169,#1170,#1171,#1172,#1173,#1174,#1175,#1176,
#1177,#1178,#1179,#1180,#1181,#1182,#1183));
#202=EDGE_LOOP('',(#1184,#1185,#1186,#1187,#1188,#1189,#1190,#1191,#1192,
#1193,#1194,#1195));
#203=EDGE_LOOP('',(#1196,#1197,#1198,#1199,#1200,#1201));
#204=EDGE_LOOP('',(#1202,#1203,#1204,#1205,#1206,#1207));
#205=EDGE_LOOP('',(#1208,#1209,#1210,#1211));
#206=EDGE_LOOP('',(#1212,#1213,#1214,#1215));
#207=EDGE_LOOP('',(#1216,#1217,#1218,#1219));
#208=EDGE_LOOP('',(#1220,#1221,#1222,#1223));
#209=EDGE_LOOP('',(#1224,#1225,#1226,#1227,#1228,#1229,#1230,#1231,#1232,
#1233,#1234,#1235,#1236,#1237,#1238,#1239));
#210=EDGE_LOOP('',(#1240,#1241,#1242,#1243));
#211=EDGE_LOOP('',(#1244,#1245,#1246,#1247));
#212=EDGE_LOOP('',(#1248,#1249,#1250,#1251));
#213=EDGE_LOOP('',(#1252,#1253,#1254,#1255));
#214=EDGE_LOOP('',(#1256,#1257,#1258,#1259));
#215=EDGE_LOOP('',(#1260,#1261,#1262,#1263));
#216=EDGE_LOOP('',(#1264,#1265,#1266,#1267));
#217=EDGE_LOOP('',(#1268,#1269,#1270,#1271));
#218=EDGE_LOOP('',(#1272,#1273,#1274,#1275,#1276,#1277,#1278,#1279,#1280,
#1281,#1282,#1283,#1284,#1285,#1286,#1287));
#219=EDGE_LOOP('',(#1288,#1289,#1290,#1291));
#220=EDGE_LOOP('',(#1292,#1293,#1294,#1295));
#221=EDGE_LOOP('',(#1296,#1297,#1298,#1299,#1300,#1301,#1302,#1303));
#222=EDGE_LOOP('',(#1304,#1305,#1306,#1307,#1308,#1309,#1310,#1311,#1312,
#1313,#1314,#1315));
#223=EDGE_LOOP('',(#1316,#1317,#1318,#1319));
#224=EDGE_LOOP('',(#1320,#1321,#1322,#1323));
#225=EDGE_LOOP('',(#1324,#1325,#1326,#1327));
#226=EDGE_LOOP('',(#1328,#1329,#1330,#1331));
#227=EDGE_LOOP('',(#1332,#1333,#1334,#1335));
#228=EDGE_LOOP('',(#1336,#1337,#1338,#1339));
#229=EDGE_LOOP('',(#1340,#1341,#1342,#1343));
#230=EDGE_LOOP('',(#1344,#1345,#1346,#1347));
#231=EDGE_LOOP('',(#1348,#1349,#1350,#1351));
#232=EDGE_LOOP('',(#1352,#1353,#1354,#1355,#1356,#1357,#1358,#1359,#1360,
#1361,#1362,#1363,#1364,#1365,#1366,#1367));
#233=EDGE_LOOP('',(#1368,#1369,#1370,#1371));
#234=EDGE_LOOP('',(#1372,#1373,#1374,#1375));
#235=EDGE_LOOP('',(#1376,#1377,#1378,#1379));
#236=EDGE_LOOP('',(#1380,#1381,#1382,#1383));
#237=EDGE_LOOP('',(#1384,#1385,#1386,#1387));
#238=EDGE_LOOP('',(#1388,#1389,#1390,#1391));
#239=EDGE_LOOP('',(#1392,#1393,#1394,#1395));
#240=EDGE_LOOP('',(#1396,#1397,#1398,#1399));
#241=EDGE_LOOP('',(#1400,#1401,#1402,#1403));
#242=EDGE_LOOP('',(#1404,#1405,#1406,#1407,#1408,#1409,#1410,#1411,#1412,
#1413,#1414,#1415,#1416,#1417,#1418,#1419));
#243=EDGE_LOOP('',(#1420,#1421,#1422,#1423));
#244=EDGE_LOOP('',(#1424,#1425,#1426,#1427));
#245=EDGE_LOOP('',(#1428,#1429,#1430,#1431,#1432));
#246=EDGE_LOOP('',(#1433,#1434,#1435,#1436));
#247=EDGE_LOOP('',(#1437,#1438,#1439,#1440,#1441));
#248=EDGE_LOOP('',(#1442,#1443,#1444,#1445,#1446,#1447));
#249=EDGE_LOOP('',(#1448,#1449,#1450,#1451));
#250=EDGE_LOOP('',(#1452,#1453,#1454,#1455,#1456,#1457,#1458,#1459));
#251=EDGE_LOOP('',(#1460,#1461,#1462,#1463));
#252=EDGE_LOOP('',(#1464,#1465,#1466,#1467));
#253=EDGE_LOOP('',(#1468,#1469,#1470,#1471));
#254=EDGE_LOOP('',(#1472,#1473,#1474,#1475));
#255=EDGE_LOOP('',(#1476,#1477,#1478,#1479));
#256=EDGE_LOOP('',(#1480,#1481,#1482,#1483));
#257=EDGE_LOOP('',(#1484,#1485,#1486,#1487));
#258=EDGE_LOOP('',(#1488,#1489,#1490,#1491));
#259=EDGE_LOOP('',(#1492,#1493,#1494,#1495));
#260=EDGE_LOOP('',(#1496,#1497,#1498,#1499));
#261=EDGE_LOOP('',(#1500,#1501,#1502,#1503));
#262=EDGE_LOOP('',(#1504,#1505,#1506,#1507));
#263=EDGE_LOOP('',(#1508,#1509,#1510,#1511));
#264=EDGE_LOOP('',(#1512,#1513,#1514,#1515));
#265=EDGE_LOOP('',(#1516,#1517,#1518,#1519));
#266=EDGE_LOOP('',(#1520,#1521,#1522,#1523));
#267=EDGE_LOOP('',(#1524,#1525,#1526,#1527));
#268=EDGE_LOOP('',(#1528,#1529,#1530,#1531));
#269=EDGE_LOOP('',(#1532,#1533,#1534,#1535));
#270=EDGE_LOOP('',(#1536,#1537,#1538,#1539,#1540,#1541,#1542,#1543,#1544,
#1545));
#271=EDGE_LOOP('',(#1546,#1547,#1548,#1549,#1550,#1551,#1552,#1553,#1554,
#1555));
#272=EDGE_LOOP('',(#1556,#1557,#1558,#1559));
#273=EDGE_LOOP('',(#1560,#1561,#1562,#1563));
#274=EDGE_LOOP('',(#1564,#1565,#1566,#1567));
#275=EDGE_LOOP('',(#1568,#1569,#1570,#1571));
#276=EDGE_LOOP('',(#1572,#1573,#1574,#1575));
#277=EDGE_LOOP('',(#1576,#1577,#1578,#1579,#1580,#1581));
#278=EDGE_LOOP('',(#1582,#1583,#1584,#1585));
#279=EDGE_LOOP('',(#1586,#1587,#1588,#1589));
#280=EDGE_LOOP('',(#1590,#1591,#1592,#1593));
#281=EDGE_LOOP('',(#1594,#1595,#1596,#1597));
#282=EDGE_LOOP('',(#1598,#1599,#1600,#1601));
#283=EDGE_LOOP('',(#1602,#1603,#1604,#1605));
#284=EDGE_LOOP('',(#1606,#1607,#1608,#1609));
#285=EDGE_LOOP('',(#1610,#1611,#1612,#1613));
#286=EDGE_LOOP('',(#1614,#1615,#1616,#1617));
#287=EDGE_LOOP('',(#1618,#1619,#1620,#1621));
#288=EDGE_LOOP('',(#1622,#1623,#1624,#1625));
#289=EDGE_LOOP('',(#1626,#1627,#1628,#1629));
#290=EDGE_LOOP('',(#1630,#1631,#1632,#1633));
#291=EDGE_LOOP('',(#1634,#1635,#1636,#1637));
#292=EDGE_LOOP('',(#1638,#1639,#1640,#1641));
#293=EDGE_LOOP('',(#1642,#1643,#1644,#1645,#1646,#1647,#1648,#1649));
#294=EDGE_LOOP('',(#1650,#1651,#1652,#1653,#1654,#1655,#1656,#1657));
#295=LINE('',#2530,#500);
#296=LINE('',#2532,#501);
#297=LINE('',#2534,#502);
#298=LINE('',#2536,#503);
#299=LINE('',#2538,#504);
#300=LINE('',#2539,#505);
#301=LINE('',#2542,#506);
#302=LINE('',#2544,#507);
#303=LINE('',#2545,#508);
#304=LINE('',#2548,#509);
#305=LINE('',#2549,#510);
#306=LINE('',#2552,#511);
#307=LINE('',#2553,#512);
#308=LINE('',#2557,#513);
#309=LINE('',#2559,#514);
#310=LINE('',#2561,#515);
#311=LINE('',#2563,#516);
#312=LINE('',#2565,#517);
#313=LINE('',#2566,#518);
#314=LINE('',#2569,#519);
#315=LINE('',#2572,#520);
#316=LINE('',#2575,#521);
#317=LINE('',#2579,#522);
#318=LINE('',#2581,#523);
#319=LINE('',#2583,#524);
#320=LINE('',#2585,#525);
#321=LINE('',#2587,#526);
#322=LINE('',#2589,#527);
#323=LINE('',#2591,#528);
#324=LINE('',#2592,#529);
#325=LINE('',#2594,#530);
#326=LINE('',#2596,#531);
#327=LINE('',#2598,#532);
#328=LINE('',#2599,#533);
#329=LINE('',#2604,#534);
#330=LINE('',#2608,#535);
#331=LINE('',#2612,#536);
#332=LINE('',#2616,#537);
#333=LINE('',#2618,#538);
#334=LINE('',#2620,#539);
#335=LINE('',#2621,#540);
#336=LINE('',#2624,#541);
#337=LINE('',#2626,#542);
#338=LINE('',#2628,#543);
#339=LINE('',#2630,#544);
#340=LINE('',#2632,#545);
#341=LINE('',#2633,#546);
#342=LINE('',#2636,#547);
#343=LINE('',#2640,#548);
#344=LINE('',#2642,#549);
#345=LINE('',#2644,#550);
#346=LINE('',#2648,#551);
#347=LINE('',#2649,#552);
#348=LINE('',#2651,#553);
#349=LINE('',#2655,#554);
#350=LINE('',#2657,#555);
#351=LINE('',#2659,#556);
#352=LINE('',#2660,#557);
#353=LINE('',#2662,#558);
#354=LINE('',#2663,#559);
#355=LINE('',#2672,#560);
#356=LINE('',#2677,#561);
#357=LINE('',#2679,#562);
#358=LINE('',#2685,#563);
#359=LINE('',#2690,#564);
#360=LINE('',#2693,#565);
#361=LINE('',#2695,#566);
#362=LINE('',#2696,#567);
#363=LINE('',#2699,#568);
#364=LINE('',#2703,#569);
#365=LINE('',#2704,#570);
#366=LINE('',#2707,#571);
#367=LINE('',#2708,#572);
#368=LINE('',#2711,#573);
#369=LINE('',#2712,#574);
#370=LINE('',#2715,#575);
#371=LINE('',#2716,#576);
#372=LINE('',#2721,#577);
#373=LINE('',#2722,#578);
#374=LINE('',#2727,#579);
#375=LINE('',#2732,#580);
#376=LINE('',#2736,#581);
#377=LINE('',#2742,#582);
#378=LINE('',#2746,#583);
#379=LINE('',#2749,#584);
#380=LINE('',#2752,#585);
#381=LINE('',#2754,#586);
#382=LINE('',#2755,#587);
#383=LINE('',#2758,#588);
#384=LINE('',#2762,#589);
#385=LINE('',#2768,#590);
#386=LINE('',#2772,#591);
#387=LINE('',#2774,#592);
#388=LINE('',#2776,#593);
#389=LINE('',#2780,#594);
#390=LINE('',#2784,#595);
#391=LINE('',#2786,#596);
#392=LINE('',#2787,#597);
#393=LINE('',#2791,#598);
#394=LINE('',#2793,#599);
#395=LINE('',#2797,#600);
#396=LINE('',#2800,#601);
#397=LINE('',#2801,#602);
#398=LINE('',#2805,#603);
#399=LINE('',#2808,#604);
#400=LINE('',#2809,#605);
#401=LINE('',#2811,#606);
#402=LINE('',#2815,#607);
#403=LINE('',#2820,#608);
#404=LINE('',#2821,#609);
#405=LINE('',#2823,#610);
#406=LINE('',#2829,#611);
#407=LINE('',#2833,#612);
#408=LINE('',#2836,#613);
#409=LINE('',#2839,#614);
#410=LINE('',#2842,#615);
#411=LINE('',#2846,#616);
#412=LINE('',#2848,#617);
#413=LINE('',#2849,#618);
#414=LINE('',#2857,#619);
#415=LINE('',#2858,#620);
#416=LINE('',#2862,#621);
#417=LINE('',#2863,#622);
#418=LINE('',#2868,#623);
#419=LINE('',#2869,#624);
#420=LINE('',#2872,#625);
#421=LINE('',#2873,#626);
#422=LINE('',#2876,#627);
#423=LINE('',#2877,#628);
#424=LINE('',#2880,#629);
#425=LINE('',#2881,#630);
#426=LINE('',#2884,#631);
#427=LINE('',#2886,#632);
#428=LINE('',#2887,#633);
#429=LINE('',#2890,#634);
#430=LINE('',#2892,#635);
#431=LINE('',#2894,#636);
#432=LINE('',#2896,#637);
#433=LINE('',#2897,#638);
#434=LINE('',#2898,#639);
#435=LINE('',#2901,#640);
#436=LINE('',#2902,#641);
#437=LINE('',#2903,#642);
#438=LINE('',#2905,#643);
#439=LINE('',#2908,#644);
#440=LINE('',#2909,#645);
#441=LINE('',#2912,#646);
#442=LINE('',#2916,#647);
#443=LINE('',#2917,#648);
#444=LINE('',#2920,#649);
#445=LINE('',#2923,#650);
#446=LINE('',#2926,#651);
#447=LINE('',#2930,#652);
#448=LINE('',#2931,#653);
#449=LINE('',#2934,#654);
#450=LINE('',#2937,#655);
#451=LINE('',#2939,#656);
#452=LINE('',#2941,#657);
#453=LINE('',#2942,#658);
#454=LINE('',#2945,#659);
#455=LINE('',#2948,#660);
#456=LINE('',#2955,#661);
#457=LINE('',#2958,#662);
#458=LINE('',#2961,#663);
#459=LINE('',#2962,#664);
#460=LINE('',#2965,#665);
#461=LINE('',#2966,#666);
#462=LINE('',#2971,#667);
#463=LINE('',#2972,#668);
#464=LINE('',#2975,#669);
#465=LINE('',#2976,#670);
#466=LINE('',#2980,#671);
#467=LINE('',#2982,#672);
#468=LINE('',#2985,#673);
#469=LINE('',#2986,#674);
#470=LINE('',#2989,#675);
#471=LINE('',#2993,#676);
#472=LINE('',#2996,#677);
#473=LINE('',#2998,#678);
#474=LINE('',#3001,#679);
#475=LINE('',#3003,#680);
#476=LINE('',#3008,#681);
#477=LINE('',#3010,#682);
#478=LINE('',#3012,#683);
#479=LINE('',#3013,#684);
#480=LINE('',#3016,#685);
#481=LINE('',#3018,#686);
#482=LINE('',#3019,#687);
#483=LINE('',#3022,#688);
#484=LINE('',#3024,#689);
#485=LINE('',#3025,#690);
#486=LINE('',#3028,#691);
#487=LINE('',#3030,#692);
#488=LINE('',#3031,#693);
#489=LINE('',#3034,#694);
#490=LINE('',#3036,#695);
#491=LINE('',#3037,#696);
#492=LINE('',#3040,#697);
#493=LINE('',#3042,#698);
#494=LINE('',#3043,#699);
#495=LINE('',#3046,#700);
#496=LINE('',#3048,#701);
#497=LINE('',#3049,#702);
#498=LINE('',#3051,#703);
#499=LINE('',#3052,#704);
#500=VECTOR('',#2014,10.);
#501=VECTOR('',#2015,10.);
#502=VECTOR('',#2016,10.);
#503=VECTOR('',#2017,10.);
#504=VECTOR('',#2018,10.);
#505=VECTOR('',#2019,10.);
#506=VECTOR('',#2022,10.);
#507=VECTOR('',#2023,10.);
#508=VECTOR('',#2024,10.);
#509=VECTOR('',#2027,10.);
#510=VECTOR('',#2028,10.);
#511=VECTOR('',#2031,10.);
#512=VECTOR('',#2032,10.);
#513=VECTOR('',#2035,10.);
#514=VECTOR('',#2036,10.);
#515=VECTOR('',#2037,10.);
#516=VECTOR('',#2038,10.);
#517=VECTOR('',#2039,10.);
#518=VECTOR('',#2040,10.);
#519=VECTOR('',#2043,10.);
#520=VECTOR('',#2046,10.);
#521=VECTOR('',#2049,10.);
#522=VECTOR('',#2054,10.);
#523=VECTOR('',#2055,10.);
#524=VECTOR('',#2056,10.);
#525=VECTOR('',#2057,10.);
#526=VECTOR('',#2058,10.);
#527=VECTOR('',#2059,10.);
#528=VECTOR('',#2060,10.);
#529=VECTOR('',#2061,10.);
#530=VECTOR('',#2062,10.);
#531=VECTOR('',#2063,10.);
#532=VECTOR('',#2064,10.);
#533=VECTOR('',#2065,10.);
#534=VECTOR('',#2070,10.);
#535=VECTOR('',#2073,10.);
#536=VECTOR('',#2076,10.);
#537=VECTOR('',#2079,10.);
#538=VECTOR('',#2080,10.);
#539=VECTOR('',#2081,10.);
#540=VECTOR('',#2082,10.);
#541=VECTOR('',#2083,10.);
#542=VECTOR('',#2084,10.);
#543=VECTOR('',#2085,10.);
#544=VECTOR('',#2086,10.);
#545=VECTOR('',#2087,10.);
#546=VECTOR('',#2088,10.);
#547=VECTOR('',#2089,10.);
#548=VECTOR('',#2092,10.);
#549=VECTOR('',#2093,10.);
#550=VECTOR('',#2094,10.);
#551=VECTOR('',#2099,10.);
#552=VECTOR('',#2100,10.);
#553=VECTOR('',#2103,10.);
#554=VECTOR('',#2106,10.);
#555=VECTOR('',#2107,10.);
#556=VECTOR('',#2108,10.);
#557=VECTOR('',#2109,10.);
#558=VECTOR('',#2112,10.);
#559=VECTOR('',#2113,10.);
#560=VECTOR('',#2122,10.);
#561=VECTOR('',#2127,10.);
#562=VECTOR('',#2128,10.);
#563=VECTOR('',#2133,10.);
#564=VECTOR('',#2138,10.);
#565=VECTOR('',#2141,10.);
#566=VECTOR('',#2142,10.);
#567=VECTOR('',#2143,10.);
#568=VECTOR('',#2146,10.);
#569=VECTOR('',#2151,10.);
#570=VECTOR('',#2152,10.);
#571=VECTOR('',#2155,10.);
#572=VECTOR('',#2156,10.);
#573=VECTOR('',#2159,10.);
#574=VECTOR('',#2160,10.);
#575=VECTOR('',#2163,10.);
#576=VECTOR('',#2164,10.);
#577=VECTOR('',#2171,10.);
#578=VECTOR('',#2172,10.);
#579=VECTOR('',#2177,10.);
#580=VECTOR('',#2182,10.);
#581=VECTOR('',#2185,10.);
#582=VECTOR('',#2190,10.);
#583=VECTOR('',#2195,10.);
#584=VECTOR('',#2198,10.);
#585=VECTOR('',#2201,10.);
#586=VECTOR('',#2202,10.);
#587=VECTOR('',#2203,10.);
#588=VECTOR('',#2206,10.);
#589=VECTOR('',#2209,10.);
#590=VECTOR('',#2214,10.);
#591=VECTOR('',#2217,10.);
#592=VECTOR('',#2218,10.);
#593=VECTOR('',#2219,10.);
#594=VECTOR('',#2222,10.);
#595=VECTOR('',#2225,10.);
#596=VECTOR('',#2226,10.);
#597=VECTOR('',#2227,10.);
#598=VECTOR('',#2234,10.);
#599=VECTOR('',#2237,10.);
#600=VECTOR('',#2242,10.);
#601=VECTOR('',#2245,10.);
#602=VECTOR('',#2246,10.);
#603=VECTOR('',#2251,10.);
#604=VECTOR('',#2254,10.);
#605=VECTOR('',#2255,10.);
#606=VECTOR('',#2258,10.);
#607=VECTOR('',#2263,10.);
#608=VECTOR('',#2268,10.);
#609=VECTOR('',#2269,10.);
#610=VECTOR('',#2270,10.);
#611=VECTOR('',#2275,10.);
#612=VECTOR('',#2280,10.);
#613=VECTOR('',#2283,10.);
#614=VECTOR('',#2286,10.);
#615=VECTOR('',#2289,10.);
#616=VECTOR('',#2294,10.);
#617=VECTOR('',#2295,10.);
#618=VECTOR('',#2296,10.);
#619=VECTOR('',#2309,10.);
#620=VECTOR('',#2310,10.);
#621=VECTOR('',#2317,10.);
#622=VECTOR('',#2318,10.);
#623=VECTOR('',#2325,10.);
#624=VECTOR('',#2326,10.);
#625=VECTOR('',#2329,10.);
#626=VECTOR('',#2330,10.);
#627=VECTOR('',#2333,10.);
#628=VECTOR('',#2334,10.);
#629=VECTOR('',#2337,10.);
#630=VECTOR('',#2338,10.);
#631=VECTOR('',#2341,10.);
#632=VECTOR('',#2342,10.);
#633=VECTOR('',#2343,10.);
#634=VECTOR('',#2346,10.);
#635=VECTOR('',#2347,10.);
#636=VECTOR('',#2348,10.);
#637=VECTOR('',#2349,10.);
#638=VECTOR('',#2350,10.);
#639=VECTOR('',#2351,10.);
#640=VECTOR('',#2354,10.);
#641=VECTOR('',#2355,10.);
#642=VECTOR('',#2356,10.);
#643=VECTOR('',#2359,10.);
#644=VECTOR('',#2362,10.);
#645=VECTOR('',#2363,10.);
#646=VECTOR('',#2366,10.);
#647=VECTOR('',#2371,10.);
#648=VECTOR('',#2372,10.);
#649=VECTOR('',#2375,10.);
#650=VECTOR('',#2380,10.);
#651=VECTOR('',#2383,10.);
#652=VECTOR('',#2388,10.);
#653=VECTOR('',#2389,10.);
#654=VECTOR('',#2392,10.);
#655=VECTOR('',#2397,10.);
#656=VECTOR('',#2400,10.);
#657=VECTOR('',#2403,10.);
#658=VECTOR('',#2404,10.);
#659=VECTOR('',#2409,10.);
#660=VECTOR('',#2414,10.);
#661=VECTOR('',#2421,10.);
#662=VECTOR('',#2424,10.);
#663=VECTOR('',#2427,10.);
#664=VECTOR('',#2428,10.);
#665=VECTOR('',#2431,10.);
#666=VECTOR('',#2432,10.);
#667=VECTOR('',#2437,10.);
#668=VECTOR('',#2438,10.);
#669=VECTOR('',#2441,10.);
#670=VECTOR('',#2442,10.);
#671=VECTOR('',#2447,10.);
#672=VECTOR('',#2450,10.);
#673=VECTOR('',#2453,10.);
#674=VECTOR('',#2454,10.);
#675=VECTOR('',#2457,10.);
#676=VECTOR('',#2460,10.);
#677=VECTOR('',#2465,10.);
#678=VECTOR('',#2468,10.);
#679=VECTOR('',#2473,10.);
#680=VECTOR('',#2476,10.);
#681=VECTOR('',#2481,10.);
#682=VECTOR('',#2482,10.);
#683=VECTOR('',#2483,10.);
#684=VECTOR('',#2484,10.);
#685=VECTOR('',#2487,10.);
#686=VECTOR('',#2488,10.);
#687=VECTOR('',#2489,10.);
#688=VECTOR('',#2492,10.);
#689=VECTOR('',#2493,10.);
#690=VECTOR('',#2494,10.);
#691=VECTOR('',#2497,10.);
#692=VECTOR('',#2498,10.);
#693=VECTOR('',#2499,10.);
#694=VECTOR('',#2502,10.);
#695=VECTOR('',#2503,10.);
#696=VECTOR('',#2504,10.);
#697=VECTOR('',#2507,10.);
#698=VECTOR('',#2508,10.);
#699=VECTOR('',#2509,10.);
#700=VECTOR('',#2512,10.);
#701=VECTOR('',#2513,10.);
#702=VECTOR('',#2514,10.);
#703=VECTOR('',#2517,10.);
#704=VECTOR('',#2518,10.);
#705=VERTEX_POINT('',#2528);
#706=VERTEX_POINT('',#2529);
#707=VERTEX_POINT('',#2531);
#708=VERTEX_POINT('',#2533);
#709=VERTEX_POINT('',#2535);
#710=VERTEX_POINT('',#2537);
#711=VERTEX_POINT('',#2541);
#712=VERTEX_POINT('',#2543);
#713=VERTEX_POINT('',#2547);
#714=VERTEX_POINT('',#2551);
#715=VERTEX_POINT('',#2555);
#716=VERTEX_POINT('',#2556);
#717=VERTEX_POINT('',#2558);
#718=VERTEX_POINT('',#2560);
#719=VERTEX_POINT('',#2562);
#720=VERTEX_POINT('',#2564);
#721=VERTEX_POINT('',#2568);
#722=VERTEX_POINT('',#2570);
#723=VERTEX_POINT('',#2574);
#724=VERTEX_POINT('',#2578);
#725=VERTEX_POINT('',#2580);
#726=VERTEX_POINT('',#2582);
#727=VERTEX_POINT('',#2584);
#728=VERTEX_POINT('',#2586);
#729=VERTEX_POINT('',#2588);
#730=VERTEX_POINT('',#2590);
#731=VERTEX_POINT('',#2593);
#732=VERTEX_POINT('',#2595);
#733=VERTEX_POINT('',#2597);
#734=VERTEX_POINT('',#2601);
#735=VERTEX_POINT('',#2603);
#736=VERTEX_POINT('',#2605);
#737=VERTEX_POINT('',#2607);
#738=VERTEX_POINT('',#2609);
#739=VERTEX_POINT('',#2611);
#740=VERTEX_POINT('',#2613);
#741=VERTEX_POINT('',#2615);
#742=VERTEX_POINT('',#2617);
#743=VERTEX_POINT('',#2619);
#744=VERTEX_POINT('',#2622);
#745=VERTEX_POINT('',#2623);
#746=VERTEX_POINT('',#2625);
#747=VERTEX_POINT('',#2627);
#748=VERTEX_POINT('',#2629);
#749=VERTEX_POINT('',#2631);
#750=VERTEX_POINT('',#2634);
#751=VERTEX_POINT('',#2635);
#752=VERTEX_POINT('',#2637);
#753=VERTEX_POINT('',#2639);
#754=VERTEX_POINT('',#2641);
#755=VERTEX_POINT('',#2643);
#756=VERTEX_POINT('',#2647);
#757=VERTEX_POINT('',#2653);
#758=VERTEX_POINT('',#2654);
#759=VERTEX_POINT('',#2656);
#760=VERTEX_POINT('',#2658);
#761=VERTEX_POINT('',#2665);
#762=VERTEX_POINT('',#2667);
#763=VERTEX_POINT('',#2669);
#764=VERTEX_POINT('',#2671);
#765=VERTEX_POINT('',#2673);
#766=VERTEX_POINT('',#2675);
#767=VERTEX_POINT('',#2678);
#768=VERTEX_POINT('',#2680);
#769=VERTEX_POINT('',#2682);
#770=VERTEX_POINT('',#2684);
#771=VERTEX_POINT('',#2686);
#772=VERTEX_POINT('',#2688);
#773=VERTEX_POINT('',#2692);
#774=VERTEX_POINT('',#2694);
#775=VERTEX_POINT('',#2698);
#776=VERTEX_POINT('',#2702);
#777=VERTEX_POINT('',#2706);
#778=VERTEX_POINT('',#2710);
#779=VERTEX_POINT('',#2714);
#780=VERTEX_POINT('',#2720);
#781=VERTEX_POINT('',#2724);
#782=VERTEX_POINT('',#2725);
#783=VERTEX_POINT('',#2728);
#784=VERTEX_POINT('',#2730);
#785=VERTEX_POINT('',#2733);
#786=VERTEX_POINT('',#2735);
#787=VERTEX_POINT('',#2737);
#788=VERTEX_POINT('',#2739);
#789=VERTEX_POINT('',#2741);
#790=VERTEX_POINT('',#2745);
#791=VERTEX_POINT('',#2747);
#792=VERTEX_POINT('',#2751);
#793=VERTEX_POINT('',#2753);
#794=VERTEX_POINT('',#2757);
#795=VERTEX_POINT('',#2759);
#796=VERTEX_POINT('',#2761);
#797=VERTEX_POINT('',#2764);
#798=VERTEX_POINT('',#2765);
#799=VERTEX_POINT('',#2767);
#800=VERTEX_POINT('',#2769);
#801=VERTEX_POINT('',#2771);
#802=VERTEX_POINT('',#2773);
#803=VERTEX_POINT('',#2775);
#804=VERTEX_POINT('',#2777);
#805=VERTEX_POINT('',#2779);
#806=VERTEX_POINT('',#2781);
#807=VERTEX_POINT('',#2783);
#808=VERTEX_POINT('',#2785);
#809=VERTEX_POINT('',#2795);
#810=VERTEX_POINT('',#2799);
#811=VERTEX_POINT('',#2803);
#812=VERTEX_POINT('',#2807);
#813=VERTEX_POINT('',#2813);
#814=VERTEX_POINT('',#2817);
#815=VERTEX_POINT('',#2818);
#816=VERTEX_POINT('',#2822);
#817=VERTEX_POINT('',#2824);
#818=VERTEX_POINT('',#2826);
#819=VERTEX_POINT('',#2828);
#820=VERTEX_POINT('',#2832);
#821=VERTEX_POINT('',#2834);
#822=VERTEX_POINT('',#2838);
#823=VERTEX_POINT('',#2840);
#824=VERTEX_POINT('',#2845);
#825=VERTEX_POINT('',#2847);
#826=VERTEX_POINT('',#2856);
#827=VERTEX_POINT('',#2867);
#828=VERTEX_POINT('',#2871);
#829=VERTEX_POINT('',#2875);
#830=VERTEX_POINT('',#2879);
#831=VERTEX_POINT('',#2883);
#832=VERTEX_POINT('',#2885);
#833=VERTEX_POINT('',#2889);
#834=VERTEX_POINT('',#2891);
#835=VERTEX_POINT('',#2893);
#836=VERTEX_POINT('',#2895);
#837=VERTEX_POINT('',#2900);
#838=VERTEX_POINT('',#2907);
#839=VERTEX_POINT('',#2911);
#840=VERTEX_POINT('',#2915);
#841=VERTEX_POINT('',#2919);
#842=VERTEX_POINT('',#2925);
#843=VERTEX_POINT('',#2929);
#844=VERTEX_POINT('',#2933);
#845=VERTEX_POINT('',#2951);
#846=VERTEX_POINT('',#2952);
#847=VERTEX_POINT('',#2954);
#848=VERTEX_POINT('',#2956);
#849=VERTEX_POINT('',#2960);
#850=VERTEX_POINT('',#2964);
#851=VERTEX_POINT('',#2968);
#852=VERTEX_POINT('',#2969);
#853=VERTEX_POINT('',#2974);
#854=VERTEX_POINT('',#2978);
#855=VERTEX_POINT('',#2984);
#856=VERTEX_POINT('',#2988);
#857=VERTEX_POINT('',#2990);
#858=VERTEX_POINT('',#2992);
#859=VERTEX_POINT('',#3006);
#860=VERTEX_POINT('',#3007);
#861=VERTEX_POINT('',#3009);
#862=VERTEX_POINT('',#3011);
#863=VERTEX_POINT('',#3015);
#864=VERTEX_POINT('',#3017);
#865=VERTEX_POINT('',#3021);
#866=VERTEX_POINT('',#3023);
#867=VERTEX_POINT('',#3027);
#868=VERTEX_POINT('',#3029);
#869=VERTEX_POINT('',#3033);
#870=VERTEX_POINT('',#3035);
#871=VERTEX_POINT('',#3039);
#872=VERTEX_POINT('',#3041);
#873=VERTEX_POINT('',#3045);
#874=VERTEX_POINT('',#3047);
#875=EDGE_CURVE('',#705,#706,#295,.T.);
#876=EDGE_CURVE('',#705,#707,#296,.T.);
#877=EDGE_CURVE('',#708,#707,#297,.T.);
#878=EDGE_CURVE('',#709,#708,#298,.T.);
#879=EDGE_CURVE('',#710,#709,#299,.T.);
#880=EDGE_CURVE('',#706,#710,#300,.T.);
#881=EDGE_CURVE('',#705,#711,#301,.T.);
#882=EDGE_CURVE('',#712,#711,#302,.T.);
#883=EDGE_CURVE('',#707,#712,#303,.T.);
#884=EDGE_CURVE('',#706,#713,#304,.T.);
#885=EDGE_CURVE('',#711,#713,#305,.T.);
#886=EDGE_CURVE('',#710,#714,#306,.T.);
#887=EDGE_CURVE('',#713,#714,#307,.T.);
#888=EDGE_CURVE('',#715,#716,#308,.T.);
#889=EDGE_CURVE('',#715,#717,#309,.T.);
#890=EDGE_CURVE('',#718,#717,#310,.T.);
#891=EDGE_CURVE('',#719,#718,#311,.T.);
#892=EDGE_CURVE('',#719,#720,#312,.T.);
#893=EDGE_CURVE('',#716,#720,#313,.T.);
#894=EDGE_CURVE('',#721,#716,#314,.T.);
#895=EDGE_CURVE('',#722,#721,#81,.T.);
#896=EDGE_CURVE('',#722,#715,#315,.T.);
#897=EDGE_CURVE('',#723,#720,#316,.T.);
#898=EDGE_CURVE('',#721,#723,#41,.T.);
#899=EDGE_CURVE('',#709,#724,#317,.T.);
#900=EDGE_CURVE('',#724,#725,#318,.T.);
#901=EDGE_CURVE('',#726,#725,#319,.T.);
#902=EDGE_CURVE('',#726,#727,#320,.T.);
#903=EDGE_CURVE('',#727,#728,#321,.T.);
#904=EDGE_CURVE('',#729,#728,#322,.T.);
#905=EDGE_CURVE('',#730,#729,#323,.T.);
#906=EDGE_CURVE('',#723,#730,#324,.T.);
#907=EDGE_CURVE('',#731,#719,#325,.T.);
#908=EDGE_CURVE('',#732,#731,#326,.T.);
#909=EDGE_CURVE('',#732,#733,#327,.T.);
#910=EDGE_CURVE('',#733,#714,#328,.T.);
#911=EDGE_CURVE('',#734,#732,#42,.T.);
#912=EDGE_CURVE('',#734,#735,#329,.T.);
#913=EDGE_CURVE('',#736,#735,#43,.T.);
#914=EDGE_CURVE('',#737,#736,#330,.T.);
#915=EDGE_CURVE('',#738,#737,#44,.T.);
#916=EDGE_CURVE('',#738,#739,#331,.T.);
#917=EDGE_CURVE('',#740,#739,#45,.T.);
#918=EDGE_CURVE('',#740,#741,#332,.T.);
#919=EDGE_CURVE('',#742,#741,#333,.T.);
#920=EDGE_CURVE('',#742,#743,#334,.T.);
#921=EDGE_CURVE('',#733,#743,#335,.T.);
#922=EDGE_CURVE('',#744,#745,#336,.T.);
#923=EDGE_CURVE('',#745,#746,#337,.T.);
#924=EDGE_CURVE('',#746,#747,#338,.T.);
#925=EDGE_CURVE('',#747,#748,#339,.T.);
#926=EDGE_CURVE('',#748,#749,#340,.T.);
#927=EDGE_CURVE('',#744,#749,#341,.T.);
#928=EDGE_CURVE('',#750,#751,#342,.T.);
#929=EDGE_CURVE('',#751,#752,#46,.T.);
#930=EDGE_CURVE('',#752,#753,#343,.T.);
#931=EDGE_CURVE('',#753,#754,#344,.T.);
#932=EDGE_CURVE('',#754,#755,#345,.T.);
#933=EDGE_CURVE('',#755,#750,#47,.T.);
#934=EDGE_CURVE('',#708,#756,#346,.T.);
#935=EDGE_CURVE('',#724,#756,#347,.T.);
#936=EDGE_CURVE('',#756,#712,#348,.T.);
#937=EDGE_CURVE('',#757,#758,#349,.T.);
#938=EDGE_CURVE('',#759,#757,#350,.T.);
#939=EDGE_CURVE('',#760,#759,#351,.F.);
#940=EDGE_CURVE('',#760,#758,#352,.T.);
#941=EDGE_CURVE('',#757,#744,#353,.T.);
#942=EDGE_CURVE('',#749,#759,#354,.F.);
#943=EDGE_CURVE('',#761,#729,#48,.T.);
#944=EDGE_CURVE('',#728,#762,#49,.T.);
#945=EDGE_CURVE('',#762,#763,#82,.T.);
#946=EDGE_CURVE('',#763,#764,#355,.T.);
#947=EDGE_CURVE('',#764,#765,#83,.T.);
#948=EDGE_CURVE('',#765,#766,#50,.T.);
#949=EDGE_CURVE('',#740,#766,#356,.T.);
#950=EDGE_CURVE('',#739,#767,#357,.T.);
#951=EDGE_CURVE('',#767,#768,#51,.T.);
#952=EDGE_CURVE('',#768,#769,#84,.T.);
#953=EDGE_CURVE('',#769,#770,#358,.T.);
#954=EDGE_CURVE('',#770,#771,#85,.T.);
#955=EDGE_CURVE('',#771,#772,#52,.T.);
#956=EDGE_CURVE('',#772,#761,#359,.T.);
#957=EDGE_CURVE('',#769,#773,#360,.T.);
#958=EDGE_CURVE('',#774,#773,#361,.T.);
#959=EDGE_CURVE('',#774,#770,#362,.T.);
#960=EDGE_CURVE('',#775,#768,#363,.T.);
#961=EDGE_CURVE('',#773,#775,#86,.T.);
#962=EDGE_CURVE('',#776,#738,#364,.T.);
#963=EDGE_CURVE('',#776,#767,#365,.T.);
#964=EDGE_CURVE('',#777,#727,#366,.T.);
#965=EDGE_CURVE('',#762,#777,#367,.T.);
#966=EDGE_CURVE('',#766,#778,#368,.T.);
#967=EDGE_CURVE('',#778,#741,#369,.T.);
#968=EDGE_CURVE('',#765,#779,#370,.T.);
#969=EDGE_CURVE('',#778,#779,#371,.T.);
#970=EDGE_CURVE('',#775,#776,#53,.T.);
#971=EDGE_CURVE('',#780,#764,#372,.T.);
#972=EDGE_CURVE('',#779,#780,#373,.T.);
#973=EDGE_CURVE('',#781,#782,#54,.T.);
#974=EDGE_CURVE('',#782,#734,#374,.T.);
#975=EDGE_CURVE('',#731,#783,#55,.T.);
#976=EDGE_CURVE('',#783,#784,#87,.T.);
#977=EDGE_CURVE('',#784,#722,#375,.T.);
#978=EDGE_CURVE('',#730,#785,#56,.T.);
#979=EDGE_CURVE('',#786,#785,#376,.T.);
#980=EDGE_CURVE('',#786,#787,#57,.T.);
#981=EDGE_CURVE('',#787,#788,#88,.T.);
#982=EDGE_CURVE('',#788,#789,#377,.T.);
#983=EDGE_CURVE('',#789,#781,#89,.T.);
#984=EDGE_CURVE('',#787,#790,#378,.T.);
#985=EDGE_CURVE('',#791,#790,#90,.T.);
#986=EDGE_CURVE('',#788,#791,#379,.T.);
#987=EDGE_CURVE('',#785,#792,#380,.T.);
#988=EDGE_CURVE('',#793,#792,#381,.T.);
#989=EDGE_CURVE('',#793,#786,#382,.T.);
#990=EDGE_CURVE('',#761,#794,#383,.T.);
#991=EDGE_CURVE('',#795,#794,#58,.T.);
#992=EDGE_CURVE('',#795,#796,#384,.T.);
#993=EDGE_CURVE('',#792,#796,#59,.T.);
#994=EDGE_CURVE('',#797,#798,#60,.T.);
#995=EDGE_CURVE('',#799,#797,#385,.T.);
#996=EDGE_CURVE('',#800,#799,#61,.T.);
#997=EDGE_CURVE('',#801,#800,#386,.T.);
#998=EDGE_CURVE('',#802,#801,#387,.T.);
#999=EDGE_CURVE('',#803,#802,#388,.T.);
#1000=EDGE_CURVE('',#804,#803,#62,.T.);
#1001=EDGE_CURVE('',#805,#804,#389,.T.);
#1002=EDGE_CURVE('',#806,#805,#63,.T.);
#1003=EDGE_CURVE('',#807,#806,#390,.T.);
#1004=EDGE_CURVE('',#808,#807,#391,.T.);
#1005=EDGE_CURVE('',#798,#808,#392,.T.);
#1006=EDGE_CURVE('',#790,#793,#64,.T.);
#1007=EDGE_CURVE('',#783,#718,#393,.T.);
#1008=EDGE_CURVE('',#784,#717,#394,.T.);
#1009=EDGE_CURVE('',#809,#774,#91,.T.);
#1010=EDGE_CURVE('',#809,#771,#395,.T.);
#1011=EDGE_CURVE('',#810,#791,#396,.T.);
#1012=EDGE_CURVE('',#789,#810,#397,.T.);
#1013=EDGE_CURVE('',#811,#810,#92,.T.);
#1014=EDGE_CURVE('',#811,#781,#398,.T.);
#1015=EDGE_CURVE('',#763,#812,#399,.T.);
#1016=EDGE_CURVE('',#780,#812,#400,.T.);
#1017=EDGE_CURVE('',#812,#777,#401,.T.);
#1018=EDGE_CURVE('',#813,#809,#65,.T.);
#1019=EDGE_CURVE('',#813,#772,#402,.T.);
#1020=EDGE_CURVE('',#814,#815,#66,.T.);
#1021=EDGE_CURVE('',#815,#795,#403,.T.);
#1022=EDGE_CURVE('',#794,#813,#404,.T.);
#1023=EDGE_CURVE('',#816,#737,#405,.T.);
#1024=EDGE_CURVE('',#816,#817,#67,.T.);
#1025=EDGE_CURVE('',#817,#818,#93,.T.);
#1026=EDGE_CURVE('',#818,#819,#406,.T.);
#1027=EDGE_CURVE('',#819,#814,#94,.T.);
#1028=EDGE_CURVE('',#816,#820,#407,.T.);
#1029=EDGE_CURVE('',#821,#820,#68,.T.);
#1030=EDGE_CURVE('',#817,#821,#408,.T.);
#1031=EDGE_CURVE('',#822,#814,#409,.T.);
#1032=EDGE_CURVE('',#823,#822,#69,.T.);
#1033=EDGE_CURVE('',#823,#815,#410,.T.);
#1034=EDGE_CURVE('',#824,#818,#411,.T.);
#1035=EDGE_CURVE('',#825,#824,#412,.T.);
#1036=EDGE_CURVE('',#825,#819,#413,.T.);
#1037=EDGE_CURVE('',#824,#821,#95,.T.);
#1038=EDGE_CURVE('',#822,#825,#96,.T.);
#1039=EDGE_CURVE('',#826,#782,#414,.T.);
#1040=EDGE_CURVE('',#735,#826,#415,.T.);
#1041=EDGE_CURVE('',#826,#811,#70,.T.);
#1042=EDGE_CURVE('',#796,#823,#416,.T.);
#1043=EDGE_CURVE('',#736,#820,#417,.T.);
#1044=EDGE_CURVE('',#758,#827,#418,.T.);
#1045=EDGE_CURVE('',#827,#745,#419,.T.);
#1046=EDGE_CURVE('',#827,#828,#420,.T.);
#1047=EDGE_CURVE('',#746,#828,#421,.T.);
#1048=EDGE_CURVE('',#829,#760,#422,.T.);
#1049=EDGE_CURVE('',#829,#748,#423,.T.);
#1050=EDGE_CURVE('',#830,#829,#424,.T.);
#1051=EDGE_CURVE('',#828,#830,#425,.T.);
#1052=EDGE_CURVE('',#801,#831,#426,.F.);
#1053=EDGE_CURVE('',#831,#832,#427,.T.);
#1054=EDGE_CURVE('',#832,#802,#428,.F.);
#1055=EDGE_CURVE('',#753,#833,#429,.T.);
#1056=EDGE_CURVE('',#834,#833,#430,.T.);
#1057=EDGE_CURVE('',#835,#834,#431,.T.);
#1058=EDGE_CURVE('',#835,#836,#432,.T.);
#1059=EDGE_CURVE('',#832,#836,#433,.T.);
#1060=EDGE_CURVE('',#754,#831,#434,.T.);
#1061=EDGE_CURVE('',#806,#837,#435,.T.);
#1062=EDGE_CURVE('',#837,#834,#436,.T.);
#1063=EDGE_CURVE('',#834,#807,#437,.T.);
#1064=EDGE_CURVE('',#833,#808,#438,.T.);
#1065=EDGE_CURVE('',#833,#838,#439,.T.);
#1066=EDGE_CURVE('',#838,#798,#440,.T.);
#1067=EDGE_CURVE('',#839,#797,#441,.T.);
#1068=EDGE_CURVE('',#838,#839,#71,.T.);
#1069=EDGE_CURVE('',#840,#799,#442,.T.);
#1070=EDGE_CURVE('',#839,#840,#443,.T.);
#1071=EDGE_CURVE('',#841,#800,#444,.T.);
#1072=EDGE_CURVE('',#840,#841,#72,.T.);
#1073=EDGE_CURVE('',#841,#831,#445,.T.);
#1074=EDGE_CURVE('',#805,#842,#446,.T.);
#1075=EDGE_CURVE('',#842,#837,#73,.T.);
#1076=EDGE_CURVE('',#804,#843,#447,.T.);
#1077=EDGE_CURVE('',#843,#842,#448,.T.);
#1078=EDGE_CURVE('',#803,#844,#449,.T.);
#1079=EDGE_CURVE('',#844,#843,#74,.T.);
#1080=EDGE_CURVE('',#832,#844,#450,.T.);
#1081=EDGE_CURVE('',#755,#841,#451,.T.);
#1082=EDGE_CURVE('',#750,#840,#452,.T.);
#1083=EDGE_CURVE('',#751,#839,#453,.T.);
#1084=EDGE_CURVE('',#752,#838,#454,.T.);
#1085=EDGE_CURVE('',#830,#747,#455,.T.);
#1086=EDGE_CURVE('',#845,#846,#75,.T.);
#1087=EDGE_CURVE('',#846,#847,#456,.T.);
#1088=EDGE_CURVE('',#847,#848,#76,.T.);
#1089=EDGE_CURVE('',#848,#845,#457,.T.);
#1090=EDGE_CURVE('',#743,#849,#458,.T.);
#1091=EDGE_CURVE('',#725,#849,#459,.F.);
#1092=EDGE_CURVE('',#850,#726,#460,.F.);
#1093=EDGE_CURVE('',#850,#742,#461,.T.);
#1094=EDGE_CURVE('',#851,#852,#77,.T.);
#1095=EDGE_CURVE('',#852,#848,#462,.T.);
#1096=EDGE_CURVE('',#851,#847,#463,.T.);
#1097=EDGE_CURVE('',#852,#853,#464,.T.);
#1098=EDGE_CURVE('',#853,#845,#465,.T.);
#1099=EDGE_CURVE('',#853,#854,#78,.T.);
#1100=EDGE_CURVE('',#854,#846,#466,.T.);
#1101=EDGE_CURVE('',#854,#851,#467,.T.);
#1102=EDGE_CURVE('',#844,#855,#468,.T.);
#1103=EDGE_CURVE('',#855,#836,#469,.T.);
#1104=EDGE_CURVE('',#835,#856,#470,.T.);
#1105=EDGE_CURVE('',#857,#856,#79,.T.);
#1106=EDGE_CURVE('',#858,#857,#471,.T.);
#1107=EDGE_CURVE('',#855,#858,#80,.T.);
#1108=EDGE_CURVE('',#837,#856,#472,.T.);
#1109=EDGE_CURVE('',#849,#850,#473,.T.);
#1110=EDGE_CURVE('',#842,#857,#474,.T.);
#1111=EDGE_CURVE('',#843,#858,#475,.T.);
#1112=EDGE_CURVE('',#859,#860,#476,.T.);
#1113=EDGE_CURVE('',#860,#861,#477,.T.);
#1114=EDGE_CURVE('',#862,#861,#478,.T.);
#1115=EDGE_CURVE('',#859,#862,#479,.T.);
#1116=EDGE_CURVE('',#863,#859,#480,.T.);
#1117=EDGE_CURVE('',#864,#862,#481,.T.);
#1118=EDGE_CURVE('',#863,#864,#482,.T.);
#1119=EDGE_CURVE('',#865,#863,#483,.T.);
#1120=EDGE_CURVE('',#866,#864,#484,.T.);
#1121=EDGE_CURVE('',#865,#866,#485,.T.);
#1122=EDGE_CURVE('',#867,#865,#486,.T.);
#1123=EDGE_CURVE('',#868,#866,#487,.T.);
#1124=EDGE_CURVE('',#867,#868,#488,.T.);
#1125=EDGE_CURVE('',#869,#867,#489,.T.);
#1126=EDGE_CURVE('',#870,#868,#490,.T.);
#1127=EDGE_CURVE('',#869,#870,#491,.T.);
#1128=EDGE_CURVE('',#871,#869,#492,.T.);
#1129=EDGE_CURVE('',#872,#870,#493,.T.);
#1130=EDGE_CURVE('',#871,#872,#494,.T.);
#1131=EDGE_CURVE('',#873,#871,#495,.T.);
#1132=EDGE_CURVE('',#874,#872,#496,.T.);
#1133=EDGE_CURVE('',#873,#874,#497,.T.);
#1134=EDGE_CURVE('',#860,#873,#498,.T.);
#1135=EDGE_CURVE('',#861,#874,#499,.T.);
#1136=ORIENTED_EDGE('',*,*,#875,.F.);
#1137=ORIENTED_EDGE('',*,*,#876,.T.);
#1138=ORIENTED_EDGE('',*,*,#877,.F.);
#1139=ORIENTED_EDGE('',*,*,#878,.F.);
#1140=ORIENTED_EDGE('',*,*,#879,.F.);
#1141=ORIENTED_EDGE('',*,*,#880,.F.);
#1142=ORIENTED_EDGE('',*,*,#876,.F.);
#1143=ORIENTED_EDGE('',*,*,#881,.T.);
#1144=ORIENTED_EDGE('',*,*,#882,.F.);
#1145=ORIENTED_EDGE('',*,*,#883,.F.);
#1146=ORIENTED_EDGE('',*,*,#875,.T.);
#1147=ORIENTED_EDGE('',*,*,#884,.T.);
#1148=ORIENTED_EDGE('',*,*,#885,.F.);
#1149=ORIENTED_EDGE('',*,*,#881,.F.);
#1150=ORIENTED_EDGE('',*,*,#880,.T.);
#1151=ORIENTED_EDGE('',*,*,#886,.T.);
#1152=ORIENTED_EDGE('',*,*,#887,.F.);
#1153=ORIENTED_EDGE('',*,*,#884,.F.);
#1154=ORIENTED_EDGE('',*,*,#888,.F.);
#1155=ORIENTED_EDGE('',*,*,#889,.T.);
#1156=ORIENTED_EDGE('',*,*,#890,.F.);
#1157=ORIENTED_EDGE('',*,*,#891,.F.);
#1158=ORIENTED_EDGE('',*,*,#892,.T.);
#1159=ORIENTED_EDGE('',*,*,#893,.F.);
#1160=ORIENTED_EDGE('',*,*,#888,.T.);
#1161=ORIENTED_EDGE('',*,*,#894,.F.);
#1162=ORIENTED_EDGE('',*,*,#895,.F.);
#1163=ORIENTED_EDGE('',*,*,#896,.T.);
#1164=ORIENTED_EDGE('',*,*,#893,.T.);
#1165=ORIENTED_EDGE('',*,*,#897,.F.);
#1166=ORIENTED_EDGE('',*,*,#898,.F.);
#1167=ORIENTED_EDGE('',*,*,#894,.T.);
#1168=ORIENTED_EDGE('',*,*,#899,.T.);
#1169=ORIENTED_EDGE('',*,*,#900,.T.);
#1170=ORIENTED_EDGE('',*,*,#901,.F.);
#1171=ORIENTED_EDGE('',*,*,#902,.T.);
#1172=ORIENTED_EDGE('',*,*,#903,.T.);
#1173=ORIENTED_EDGE('',*,*,#904,.F.);
#1174=ORIENTED_EDGE('',*,*,#905,.F.);
#1175=ORIENTED_EDGE('',*,*,#906,.F.);
#1176=ORIENTED_EDGE('',*,*,#897,.T.);
#1177=ORIENTED_EDGE('',*,*,#892,.F.);
#1178=ORIENTED_EDGE('',*,*,#907,.F.);
#1179=ORIENTED_EDGE('',*,*,#908,.F.);
#1180=ORIENTED_EDGE('',*,*,#909,.T.);
#1181=ORIENTED_EDGE('',*,*,#910,.T.);
#1182=ORIENTED_EDGE('',*,*,#886,.F.);
#1183=ORIENTED_EDGE('',*,*,#879,.T.);
#1184=ORIENTED_EDGE('',*,*,#909,.F.);
#1185=ORIENTED_EDGE('',*,*,#911,.F.);
#1186=ORIENTED_EDGE('',*,*,#912,.T.);
#1187=ORIENTED_EDGE('',*,*,#913,.F.);
#1188=ORIENTED_EDGE('',*,*,#914,.F.);
#1189=ORIENTED_EDGE('',*,*,#915,.F.);
#1190=ORIENTED_EDGE('',*,*,#916,.T.);
#1191=ORIENTED_EDGE('',*,*,#917,.F.);
#1192=ORIENTED_EDGE('',*,*,#918,.T.);
#1193=ORIENTED_EDGE('',*,*,#919,.F.);
#1194=ORIENTED_EDGE('',*,*,#920,.T.);
#1195=ORIENTED_EDGE('',*,*,#921,.F.);
#1196=ORIENTED_EDGE('',*,*,#922,.T.);
#1197=ORIENTED_EDGE('',*,*,#923,.T.);
#1198=ORIENTED_EDGE('',*,*,#924,.T.);
#1199=ORIENTED_EDGE('',*,*,#925,.T.);
#1200=ORIENTED_EDGE('',*,*,#926,.T.);
#1201=ORIENTED_EDGE('',*,*,#927,.F.);
#1202=ORIENTED_EDGE('',*,*,#928,.T.);
#1203=ORIENTED_EDGE('',*,*,#929,.T.);
#1204=ORIENTED_EDGE('',*,*,#930,.T.);
#1205=ORIENTED_EDGE('',*,*,#931,.T.);
#1206=ORIENTED_EDGE('',*,*,#932,.T.);
#1207=ORIENTED_EDGE('',*,*,#933,.T.);
#1208=ORIENTED_EDGE('',*,*,#878,.T.);
#1209=ORIENTED_EDGE('',*,*,#934,.T.);
#1210=ORIENTED_EDGE('',*,*,#935,.F.);
#1211=ORIENTED_EDGE('',*,*,#899,.F.);
#1212=ORIENTED_EDGE('',*,*,#877,.T.);
#1213=ORIENTED_EDGE('',*,*,#883,.T.);
#1214=ORIENTED_EDGE('',*,*,#936,.F.);
#1215=ORIENTED_EDGE('',*,*,#934,.F.);
#1216=ORIENTED_EDGE('',*,*,#937,.F.);
#1217=ORIENTED_EDGE('',*,*,#938,.F.);
#1218=ORIENTED_EDGE('',*,*,#939,.F.);
#1219=ORIENTED_EDGE('',*,*,#940,.T.);
#1220=ORIENTED_EDGE('',*,*,#941,.T.);
#1221=ORIENTED_EDGE('',*,*,#927,.T.);
#1222=ORIENTED_EDGE('',*,*,#942,.T.);
#1223=ORIENTED_EDGE('',*,*,#938,.T.);
#1224=ORIENTED_EDGE('',*,*,#943,.T.);
#1225=ORIENTED_EDGE('',*,*,#904,.T.);
#1226=ORIENTED_EDGE('',*,*,#944,.T.);
#1227=ORIENTED_EDGE('',*,*,#945,.T.);
#1228=ORIENTED_EDGE('',*,*,#946,.T.);
#1229=ORIENTED_EDGE('',*,*,#947,.T.);
#1230=ORIENTED_EDGE('',*,*,#948,.T.);
#1231=ORIENTED_EDGE('',*,*,#949,.F.);
#1232=ORIENTED_EDGE('',*,*,#917,.T.);
#1233=ORIENTED_EDGE('',*,*,#950,.T.);
#1234=ORIENTED_EDGE('',*,*,#951,.T.);
#1235=ORIENTED_EDGE('',*,*,#952,.T.);
#1236=ORIENTED_EDGE('',*,*,#953,.T.);
#1237=ORIENTED_EDGE('',*,*,#954,.T.);
#1238=ORIENTED_EDGE('',*,*,#955,.T.);
#1239=ORIENTED_EDGE('',*,*,#956,.T.);
#1240=ORIENTED_EDGE('',*,*,#953,.F.);
#1241=ORIENTED_EDGE('',*,*,#957,.T.);
#1242=ORIENTED_EDGE('',*,*,#958,.F.);
#1243=ORIENTED_EDGE('',*,*,#959,.T.);
#1244=ORIENTED_EDGE('',*,*,#952,.F.);
#1245=ORIENTED_EDGE('',*,*,#960,.F.);
#1246=ORIENTED_EDGE('',*,*,#961,.F.);
#1247=ORIENTED_EDGE('',*,*,#957,.F.);
#1248=ORIENTED_EDGE('',*,*,#950,.F.);
#1249=ORIENTED_EDGE('',*,*,#916,.F.);
#1250=ORIENTED_EDGE('',*,*,#962,.F.);
#1251=ORIENTED_EDGE('',*,*,#963,.T.);
#1252=ORIENTED_EDGE('',*,*,#944,.F.);
#1253=ORIENTED_EDGE('',*,*,#903,.F.);
#1254=ORIENTED_EDGE('',*,*,#964,.F.);
#1255=ORIENTED_EDGE('',*,*,#965,.F.);
#1256=ORIENTED_EDGE('',*,*,#949,.T.);
#1257=ORIENTED_EDGE('',*,*,#966,.T.);
#1258=ORIENTED_EDGE('',*,*,#967,.T.);
#1259=ORIENTED_EDGE('',*,*,#918,.F.);
#1260=ORIENTED_EDGE('',*,*,#948,.F.);
#1261=ORIENTED_EDGE('',*,*,#968,.T.);
#1262=ORIENTED_EDGE('',*,*,#969,.F.);
#1263=ORIENTED_EDGE('',*,*,#966,.F.);
#1264=ORIENTED_EDGE('',*,*,#951,.F.);
#1265=ORIENTED_EDGE('',*,*,#963,.F.);
#1266=ORIENTED_EDGE('',*,*,#970,.F.);
#1267=ORIENTED_EDGE('',*,*,#960,.T.);
#1268=ORIENTED_EDGE('',*,*,#947,.F.);
#1269=ORIENTED_EDGE('',*,*,#971,.F.);
#1270=ORIENTED_EDGE('',*,*,#972,.F.);
#1271=ORIENTED_EDGE('',*,*,#968,.F.);
#1272=ORIENTED_EDGE('',*,*,#973,.T.);
#1273=ORIENTED_EDGE('',*,*,#974,.T.);
#1274=ORIENTED_EDGE('',*,*,#911,.T.);
#1275=ORIENTED_EDGE('',*,*,#908,.T.);
#1276=ORIENTED_EDGE('',*,*,#975,.T.);
#1277=ORIENTED_EDGE('',*,*,#976,.T.);
#1278=ORIENTED_EDGE('',*,*,#977,.T.);
#1279=ORIENTED_EDGE('',*,*,#895,.T.);
#1280=ORIENTED_EDGE('',*,*,#898,.T.);
#1281=ORIENTED_EDGE('',*,*,#906,.T.);
#1282=ORIENTED_EDGE('',*,*,#978,.T.);
#1283=ORIENTED_EDGE('',*,*,#979,.F.);
#1284=ORIENTED_EDGE('',*,*,#980,.T.);
#1285=ORIENTED_EDGE('',*,*,#981,.T.);
#1286=ORIENTED_EDGE('',*,*,#982,.T.);
#1287=ORIENTED_EDGE('',*,*,#983,.T.);
#1288=ORIENTED_EDGE('',*,*,#981,.F.);
#1289=ORIENTED_EDGE('',*,*,#984,.T.);
#1290=ORIENTED_EDGE('',*,*,#985,.F.);
#1291=ORIENTED_EDGE('',*,*,#986,.F.);
#1292=ORIENTED_EDGE('',*,*,#979,.T.);
#1293=ORIENTED_EDGE('',*,*,#987,.T.);
#1294=ORIENTED_EDGE('',*,*,#988,.F.);
#1295=ORIENTED_EDGE('',*,*,#989,.T.);
#1296=ORIENTED_EDGE('',*,*,#943,.F.);
#1297=ORIENTED_EDGE('',*,*,#990,.T.);
#1298=ORIENTED_EDGE('',*,*,#991,.F.);
#1299=ORIENTED_EDGE('',*,*,#992,.T.);
#1300=ORIENTED_EDGE('',*,*,#993,.F.);
#1301=ORIENTED_EDGE('',*,*,#987,.F.);
#1302=ORIENTED_EDGE('',*,*,#978,.F.);
#1303=ORIENTED_EDGE('',*,*,#905,.T.);
#1304=ORIENTED_EDGE('',*,*,#994,.F.);
#1305=ORIENTED_EDGE('',*,*,#995,.F.);
#1306=ORIENTED_EDGE('',*,*,#996,.F.);
#1307=ORIENTED_EDGE('',*,*,#997,.F.);
#1308=ORIENTED_EDGE('',*,*,#998,.F.);
#1309=ORIENTED_EDGE('',*,*,#999,.F.);
#1310=ORIENTED_EDGE('',*,*,#1000,.F.);
#1311=ORIENTED_EDGE('',*,*,#1001,.F.);
#1312=ORIENTED_EDGE('',*,*,#1002,.F.);
#1313=ORIENTED_EDGE('',*,*,#1003,.F.);
#1314=ORIENTED_EDGE('',*,*,#1004,.F.);
#1315=ORIENTED_EDGE('',*,*,#1005,.F.);
#1316=ORIENTED_EDGE('',*,*,#980,.F.);
#1317=ORIENTED_EDGE('',*,*,#989,.F.);
#1318=ORIENTED_EDGE('',*,*,#1006,.F.);
#1319=ORIENTED_EDGE('',*,*,#984,.F.);
#1320=ORIENTED_EDGE('',*,*,#891,.T.);
#1321=ORIENTED_EDGE('',*,*,#1007,.F.);
#1322=ORIENTED_EDGE('',*,*,#975,.F.);
#1323=ORIENTED_EDGE('',*,*,#907,.T.);
#1324=ORIENTED_EDGE('',*,*,#889,.F.);
#1325=ORIENTED_EDGE('',*,*,#896,.F.);
#1326=ORIENTED_EDGE('',*,*,#977,.F.);
#1327=ORIENTED_EDGE('',*,*,#1008,.T.);
#1328=ORIENTED_EDGE('',*,*,#954,.F.);
#1329=ORIENTED_EDGE('',*,*,#959,.F.);
#1330=ORIENTED_EDGE('',*,*,#1009,.F.);
#1331=ORIENTED_EDGE('',*,*,#1010,.T.);
#1332=ORIENTED_EDGE('',*,*,#982,.F.);
#1333=ORIENTED_EDGE('',*,*,#986,.T.);
#1334=ORIENTED_EDGE('',*,*,#1011,.F.);
#1335=ORIENTED_EDGE('',*,*,#1012,.F.);
#1336=ORIENTED_EDGE('',*,*,#983,.F.);
#1337=ORIENTED_EDGE('',*,*,#1012,.T.);
#1338=ORIENTED_EDGE('',*,*,#1013,.F.);
#1339=ORIENTED_EDGE('',*,*,#1014,.T.);
#1340=ORIENTED_EDGE('',*,*,#946,.F.);
#1341=ORIENTED_EDGE('',*,*,#1015,.T.);
#1342=ORIENTED_EDGE('',*,*,#1016,.F.);
#1343=ORIENTED_EDGE('',*,*,#971,.T.);
#1344=ORIENTED_EDGE('',*,*,#945,.F.);
#1345=ORIENTED_EDGE('',*,*,#965,.T.);
#1346=ORIENTED_EDGE('',*,*,#1017,.F.);
#1347=ORIENTED_EDGE('',*,*,#1015,.F.);
#1348=ORIENTED_EDGE('',*,*,#955,.F.);
#1349=ORIENTED_EDGE('',*,*,#1010,.F.);
#1350=ORIENTED_EDGE('',*,*,#1018,.F.);
#1351=ORIENTED_EDGE('',*,*,#1019,.T.);
#1352=ORIENTED_EDGE('',*,*,#1020,.T.);
#1353=ORIENTED_EDGE('',*,*,#1021,.T.);
#1354=ORIENTED_EDGE('',*,*,#991,.T.);
#1355=ORIENTED_EDGE('',*,*,#1022,.T.);
#1356=ORIENTED_EDGE('',*,*,#1018,.T.);
#1357=ORIENTED_EDGE('',*,*,#1009,.T.);
#1358=ORIENTED_EDGE('',*,*,#958,.T.);
#1359=ORIENTED_EDGE('',*,*,#961,.T.);
#1360=ORIENTED_EDGE('',*,*,#970,.T.);
#1361=ORIENTED_EDGE('',*,*,#962,.T.);
#1362=ORIENTED_EDGE('',*,*,#915,.T.);
#1363=ORIENTED_EDGE('',*,*,#1023,.F.);
#1364=ORIENTED_EDGE('',*,*,#1024,.T.);
#1365=ORIENTED_EDGE('',*,*,#1025,.T.);
#1366=ORIENTED_EDGE('',*,*,#1026,.T.);
#1367=ORIENTED_EDGE('',*,*,#1027,.T.);
#1368=ORIENTED_EDGE('',*,*,#1024,.F.);
#1369=ORIENTED_EDGE('',*,*,#1028,.T.);
#1370=ORIENTED_EDGE('',*,*,#1029,.F.);
#1371=ORIENTED_EDGE('',*,*,#1030,.F.);
#1372=ORIENTED_EDGE('',*,*,#1020,.F.);
#1373=ORIENTED_EDGE('',*,*,#1031,.F.);
#1374=ORIENTED_EDGE('',*,*,#1032,.F.);
#1375=ORIENTED_EDGE('',*,*,#1033,.T.);
#1376=ORIENTED_EDGE('',*,*,#956,.F.);
#1377=ORIENTED_EDGE('',*,*,#1019,.F.);
#1378=ORIENTED_EDGE('',*,*,#1022,.F.);
#1379=ORIENTED_EDGE('',*,*,#990,.F.);
#1380=ORIENTED_EDGE('',*,*,#1026,.F.);
#1381=ORIENTED_EDGE('',*,*,#1034,.F.);
#1382=ORIENTED_EDGE('',*,*,#1035,.F.);
#1383=ORIENTED_EDGE('',*,*,#1036,.T.);
#1384=ORIENTED_EDGE('',*,*,#1025,.F.);
#1385=ORIENTED_EDGE('',*,*,#1030,.T.);
#1386=ORIENTED_EDGE('',*,*,#1037,.F.);
#1387=ORIENTED_EDGE('',*,*,#1034,.T.);
#1388=ORIENTED_EDGE('',*,*,#1027,.F.);
#1389=ORIENTED_EDGE('',*,*,#1036,.F.);
#1390=ORIENTED_EDGE('',*,*,#1038,.F.);
#1391=ORIENTED_EDGE('',*,*,#1031,.T.);
#1392=ORIENTED_EDGE('',*,*,#890,.T.);
#1393=ORIENTED_EDGE('',*,*,#1008,.F.);
#1394=ORIENTED_EDGE('',*,*,#976,.F.);
#1395=ORIENTED_EDGE('',*,*,#1007,.T.);
#1396=ORIENTED_EDGE('',*,*,#974,.F.);
#1397=ORIENTED_EDGE('',*,*,#1039,.F.);
#1398=ORIENTED_EDGE('',*,*,#1040,.F.);
#1399=ORIENTED_EDGE('',*,*,#912,.F.);
#1400=ORIENTED_EDGE('',*,*,#973,.F.);
#1401=ORIENTED_EDGE('',*,*,#1014,.F.);
#1402=ORIENTED_EDGE('',*,*,#1041,.F.);
#1403=ORIENTED_EDGE('',*,*,#1039,.T.);
#1404=ORIENTED_EDGE('',*,*,#993,.T.);
#1405=ORIENTED_EDGE('',*,*,#1042,.T.);
#1406=ORIENTED_EDGE('',*,*,#1032,.T.);
#1407=ORIENTED_EDGE('',*,*,#1038,.T.);
#1408=ORIENTED_EDGE('',*,*,#1035,.T.);
#1409=ORIENTED_EDGE('',*,*,#1037,.T.);
#1410=ORIENTED_EDGE('',*,*,#1029,.T.);
#1411=ORIENTED_EDGE('',*,*,#1043,.F.);
#1412=ORIENTED_EDGE('',*,*,#913,.T.);
#1413=ORIENTED_EDGE('',*,*,#1040,.T.);
#1414=ORIENTED_EDGE('',*,*,#1041,.T.);
#1415=ORIENTED_EDGE('',*,*,#1013,.T.);
#1416=ORIENTED_EDGE('',*,*,#1011,.T.);
#1417=ORIENTED_EDGE('',*,*,#985,.T.);
#1418=ORIENTED_EDGE('',*,*,#1006,.T.);
#1419=ORIENTED_EDGE('',*,*,#988,.T.);
#1420=ORIENTED_EDGE('',*,*,#1023,.T.);
#1421=ORIENTED_EDGE('',*,*,#914,.T.);
#1422=ORIENTED_EDGE('',*,*,#1043,.T.);
#1423=ORIENTED_EDGE('',*,*,#1028,.F.);
#1424=ORIENTED_EDGE('',*,*,#1021,.F.);
#1425=ORIENTED_EDGE('',*,*,#1033,.F.);
#1426=ORIENTED_EDGE('',*,*,#1042,.F.);
#1427=ORIENTED_EDGE('',*,*,#992,.F.);
#1428=ORIENTED_EDGE('',*,*,#937,.T.);
#1429=ORIENTED_EDGE('',*,*,#1044,.T.);
#1430=ORIENTED_EDGE('',*,*,#1045,.T.);
#1431=ORIENTED_EDGE('',*,*,#922,.F.);
#1432=ORIENTED_EDGE('',*,*,#941,.F.);
#1433=ORIENTED_EDGE('',*,*,#1045,.F.);
#1434=ORIENTED_EDGE('',*,*,#1046,.T.);
#1435=ORIENTED_EDGE('',*,*,#1047,.F.);
#1436=ORIENTED_EDGE('',*,*,#923,.F.);
#1437=ORIENTED_EDGE('',*,*,#1048,.T.);
#1438=ORIENTED_EDGE('',*,*,#939,.T.);
#1439=ORIENTED_EDGE('',*,*,#942,.F.);
#1440=ORIENTED_EDGE('',*,*,#926,.F.);
#1441=ORIENTED_EDGE('',*,*,#1049,.F.);
#1442=ORIENTED_EDGE('',*,*,#940,.F.);
#1443=ORIENTED_EDGE('',*,*,#1048,.F.);
#1444=ORIENTED_EDGE('',*,*,#1050,.F.);
#1445=ORIENTED_EDGE('',*,*,#1051,.F.);
#1446=ORIENTED_EDGE('',*,*,#1046,.F.);
#1447=ORIENTED_EDGE('',*,*,#1044,.F.);
#1448=ORIENTED_EDGE('',*,*,#1052,.T.);
#1449=ORIENTED_EDGE('',*,*,#1053,.T.);
#1450=ORIENTED_EDGE('',*,*,#1054,.T.);
#1451=ORIENTED_EDGE('',*,*,#998,.T.);
#1452=ORIENTED_EDGE('',*,*,#1055,.T.);
#1453=ORIENTED_EDGE('',*,*,#1056,.F.);
#1454=ORIENTED_EDGE('',*,*,#1057,.F.);
#1455=ORIENTED_EDGE('',*,*,#1058,.T.);
#1456=ORIENTED_EDGE('',*,*,#1059,.F.);
#1457=ORIENTED_EDGE('',*,*,#1053,.F.);
#1458=ORIENTED_EDGE('',*,*,#1060,.F.);
#1459=ORIENTED_EDGE('',*,*,#931,.F.);
#1460=ORIENTED_EDGE('',*,*,#1003,.T.);
#1461=ORIENTED_EDGE('',*,*,#1061,.T.);
#1462=ORIENTED_EDGE('',*,*,#1062,.T.);
#1463=ORIENTED_EDGE('',*,*,#1063,.T.);
#1464=ORIENTED_EDGE('',*,*,#1056,.T.);
#1465=ORIENTED_EDGE('',*,*,#1064,.T.);
#1466=ORIENTED_EDGE('',*,*,#1004,.T.);
#1467=ORIENTED_EDGE('',*,*,#1063,.F.);
#1468=ORIENTED_EDGE('',*,*,#1065,.T.);
#1469=ORIENTED_EDGE('',*,*,#1066,.T.);
#1470=ORIENTED_EDGE('',*,*,#1005,.T.);
#1471=ORIENTED_EDGE('',*,*,#1064,.F.);
#1472=ORIENTED_EDGE('',*,*,#1067,.T.);
#1473=ORIENTED_EDGE('',*,*,#994,.T.);
#1474=ORIENTED_EDGE('',*,*,#1066,.F.);
#1475=ORIENTED_EDGE('',*,*,#1068,.T.);
#1476=ORIENTED_EDGE('',*,*,#1069,.T.);
#1477=ORIENTED_EDGE('',*,*,#995,.T.);
#1478=ORIENTED_EDGE('',*,*,#1067,.F.);
#1479=ORIENTED_EDGE('',*,*,#1070,.T.);
#1480=ORIENTED_EDGE('',*,*,#1071,.T.);
#1481=ORIENTED_EDGE('',*,*,#996,.T.);
#1482=ORIENTED_EDGE('',*,*,#1069,.F.);
#1483=ORIENTED_EDGE('',*,*,#1072,.T.);
#1484=ORIENTED_EDGE('',*,*,#997,.T.);
#1485=ORIENTED_EDGE('',*,*,#1071,.F.);
#1486=ORIENTED_EDGE('',*,*,#1073,.T.);
#1487=ORIENTED_EDGE('',*,*,#1052,.F.);
#1488=ORIENTED_EDGE('',*,*,#1061,.F.);
#1489=ORIENTED_EDGE('',*,*,#1002,.T.);
#1490=ORIENTED_EDGE('',*,*,#1074,.T.);
#1491=ORIENTED_EDGE('',*,*,#1075,.T.);
#1492=ORIENTED_EDGE('',*,*,#1074,.F.);
#1493=ORIENTED_EDGE('',*,*,#1001,.T.);
#1494=ORIENTED_EDGE('',*,*,#1076,.T.);
#1495=ORIENTED_EDGE('',*,*,#1077,.T.);
#1496=ORIENTED_EDGE('',*,*,#1076,.F.);
#1497=ORIENTED_EDGE('',*,*,#1000,.T.);
#1498=ORIENTED_EDGE('',*,*,#1078,.T.);
#1499=ORIENTED_EDGE('',*,*,#1079,.T.);
#1500=ORIENTED_EDGE('',*,*,#1080,.T.);
#1501=ORIENTED_EDGE('',*,*,#1078,.F.);
#1502=ORIENTED_EDGE('',*,*,#999,.T.);
#1503=ORIENTED_EDGE('',*,*,#1054,.F.);
#1504=ORIENTED_EDGE('',*,*,#1081,.F.);
#1505=ORIENTED_EDGE('',*,*,#932,.F.);
#1506=ORIENTED_EDGE('',*,*,#1060,.T.);
#1507=ORIENTED_EDGE('',*,*,#1073,.F.);
#1508=ORIENTED_EDGE('',*,*,#1082,.T.);
#1509=ORIENTED_EDGE('',*,*,#1070,.F.);
#1510=ORIENTED_EDGE('',*,*,#1083,.F.);
#1511=ORIENTED_EDGE('',*,*,#928,.F.);
#1512=ORIENTED_EDGE('',*,*,#1072,.F.);
#1513=ORIENTED_EDGE('',*,*,#1082,.F.);
#1514=ORIENTED_EDGE('',*,*,#933,.F.);
#1515=ORIENTED_EDGE('',*,*,#1081,.T.);
#1516=ORIENTED_EDGE('',*,*,#1084,.T.);
#1517=ORIENTED_EDGE('',*,*,#1065,.F.);
#1518=ORIENTED_EDGE('',*,*,#1055,.F.);
#1519=ORIENTED_EDGE('',*,*,#930,.F.);
#1520=ORIENTED_EDGE('',*,*,#1068,.F.);
#1521=ORIENTED_EDGE('',*,*,#1084,.F.);
#1522=ORIENTED_EDGE('',*,*,#929,.F.);
#1523=ORIENTED_EDGE('',*,*,#1083,.T.);
#1524=ORIENTED_EDGE('',*,*,#1049,.T.);
#1525=ORIENTED_EDGE('',*,*,#925,.F.);
#1526=ORIENTED_EDGE('',*,*,#1085,.F.);
#1527=ORIENTED_EDGE('',*,*,#1050,.T.);
#1528=ORIENTED_EDGE('',*,*,#1085,.T.);
#1529=ORIENTED_EDGE('',*,*,#924,.F.);
#1530=ORIENTED_EDGE('',*,*,#1047,.T.);
#1531=ORIENTED_EDGE('',*,*,#1051,.T.);
#1532=ORIENTED_EDGE('',*,*,#1086,.T.);
#1533=ORIENTED_EDGE('',*,*,#1087,.T.);
#1534=ORIENTED_EDGE('',*,*,#1088,.T.);
#1535=ORIENTED_EDGE('',*,*,#1089,.T.);
#1536=ORIENTED_EDGE('',*,*,#910,.F.);
#1537=ORIENTED_EDGE('',*,*,#921,.T.);
#1538=ORIENTED_EDGE('',*,*,#1090,.T.);
#1539=ORIENTED_EDGE('',*,*,#1091,.F.);
#1540=ORIENTED_EDGE('',*,*,#900,.F.);
#1541=ORIENTED_EDGE('',*,*,#935,.T.);
#1542=ORIENTED_EDGE('',*,*,#936,.T.);
#1543=ORIENTED_EDGE('',*,*,#882,.T.);
#1544=ORIENTED_EDGE('',*,*,#885,.T.);
#1545=ORIENTED_EDGE('',*,*,#887,.T.);
#1546=ORIENTED_EDGE('',*,*,#969,.T.);
#1547=ORIENTED_EDGE('',*,*,#972,.T.);
#1548=ORIENTED_EDGE('',*,*,#1016,.T.);
#1549=ORIENTED_EDGE('',*,*,#1017,.T.);
#1550=ORIENTED_EDGE('',*,*,#964,.T.);
#1551=ORIENTED_EDGE('',*,*,#902,.F.);
#1552=ORIENTED_EDGE('',*,*,#1092,.F.);
#1553=ORIENTED_EDGE('',*,*,#1093,.T.);
#1554=ORIENTED_EDGE('',*,*,#919,.T.);
#1555=ORIENTED_EDGE('',*,*,#967,.F.);
#1556=ORIENTED_EDGE('',*,*,#1094,.T.);
#1557=ORIENTED_EDGE('',*,*,#1095,.T.);
#1558=ORIENTED_EDGE('',*,*,#1088,.F.);
#1559=ORIENTED_EDGE('',*,*,#1096,.F.);
#1560=ORIENTED_EDGE('',*,*,#1097,.T.);
#1561=ORIENTED_EDGE('',*,*,#1098,.T.);
#1562=ORIENTED_EDGE('',*,*,#1089,.F.);
#1563=ORIENTED_EDGE('',*,*,#1095,.F.);
#1564=ORIENTED_EDGE('',*,*,#1099,.T.);
#1565=ORIENTED_EDGE('',*,*,#1100,.T.);
#1566=ORIENTED_EDGE('',*,*,#1086,.F.);
#1567=ORIENTED_EDGE('',*,*,#1098,.F.);
#1568=ORIENTED_EDGE('',*,*,#1101,.T.);
#1569=ORIENTED_EDGE('',*,*,#1096,.T.);
#1570=ORIENTED_EDGE('',*,*,#1087,.F.);
#1571=ORIENTED_EDGE('',*,*,#1100,.F.);
#1572=ORIENTED_EDGE('',*,*,#1102,.F.);
#1573=ORIENTED_EDGE('',*,*,#1080,.F.);
#1574=ORIENTED_EDGE('',*,*,#1059,.T.);
#1575=ORIENTED_EDGE('',*,*,#1103,.F.);
#1576=ORIENTED_EDGE('',*,*,#1104,.T.);
#1577=ORIENTED_EDGE('',*,*,#1105,.F.);
#1578=ORIENTED_EDGE('',*,*,#1106,.F.);
#1579=ORIENTED_EDGE('',*,*,#1107,.F.);
#1580=ORIENTED_EDGE('',*,*,#1103,.T.);
#1581=ORIENTED_EDGE('',*,*,#1058,.F.);
#1582=ORIENTED_EDGE('',*,*,#1094,.F.);
#1583=ORIENTED_EDGE('',*,*,#1101,.F.);
#1584=ORIENTED_EDGE('',*,*,#1099,.F.);
#1585=ORIENTED_EDGE('',*,*,#1097,.F.);
#1586=ORIENTED_EDGE('',*,*,#1057,.T.);
#1587=ORIENTED_EDGE('',*,*,#1062,.F.);
#1588=ORIENTED_EDGE('',*,*,#1108,.T.);
#1589=ORIENTED_EDGE('',*,*,#1104,.F.);
#1590=ORIENTED_EDGE('',*,*,#1091,.T.);
#1591=ORIENTED_EDGE('',*,*,#1109,.T.);
#1592=ORIENTED_EDGE('',*,*,#1092,.T.);
#1593=ORIENTED_EDGE('',*,*,#901,.T.);
#1594=ORIENTED_EDGE('',*,*,#1093,.F.);
#1595=ORIENTED_EDGE('',*,*,#1109,.F.);
#1596=ORIENTED_EDGE('',*,*,#1090,.F.);
#1597=ORIENTED_EDGE('',*,*,#920,.F.);
#1598=ORIENTED_EDGE('',*,*,#1108,.F.);
#1599=ORIENTED_EDGE('',*,*,#1075,.F.);
#1600=ORIENTED_EDGE('',*,*,#1110,.T.);
#1601=ORIENTED_EDGE('',*,*,#1105,.T.);
#1602=ORIENTED_EDGE('',*,*,#1111,.F.);
#1603=ORIENTED_EDGE('',*,*,#1079,.F.);
#1604=ORIENTED_EDGE('',*,*,#1102,.T.);
#1605=ORIENTED_EDGE('',*,*,#1107,.T.);
#1606=ORIENTED_EDGE('',*,*,#1110,.F.);
#1607=ORIENTED_EDGE('',*,*,#1077,.F.);
#1608=ORIENTED_EDGE('',*,*,#1111,.T.);
#1609=ORIENTED_EDGE('',*,*,#1106,.T.);
#1610=ORIENTED_EDGE('',*,*,#1112,.T.);
#1611=ORIENTED_EDGE('',*,*,#1113,.T.);
#1612=ORIENTED_EDGE('',*,*,#1114,.F.);
#1613=ORIENTED_EDGE('',*,*,#1115,.F.);
#1614=ORIENTED_EDGE('',*,*,#1116,.T.);
#1615=ORIENTED_EDGE('',*,*,#1115,.T.);
#1616=ORIENTED_EDGE('',*,*,#1117,.F.);
#1617=ORIENTED_EDGE('',*,*,#1118,.F.);
#1618=ORIENTED_EDGE('',*,*,#1119,.T.);
#1619=ORIENTED_EDGE('',*,*,#1118,.T.);
#1620=ORIENTED_EDGE('',*,*,#1120,.F.);
#1621=ORIENTED_EDGE('',*,*,#1121,.F.);
#1622=ORIENTED_EDGE('',*,*,#1122,.T.);
#1623=ORIENTED_EDGE('',*,*,#1121,.T.);
#1624=ORIENTED_EDGE('',*,*,#1123,.F.);
#1625=ORIENTED_EDGE('',*,*,#1124,.F.);
#1626=ORIENTED_EDGE('',*,*,#1125,.T.);
#1627=ORIENTED_EDGE('',*,*,#1124,.T.);
#1628=ORIENTED_EDGE('',*,*,#1126,.F.);
#1629=ORIENTED_EDGE('',*,*,#1127,.F.);
#1630=ORIENTED_EDGE('',*,*,#1128,.T.);
#1631=ORIENTED_EDGE('',*,*,#1127,.T.);
#1632=ORIENTED_EDGE('',*,*,#1129,.F.);
#1633=ORIENTED_EDGE('',*,*,#1130,.F.);
#1634=ORIENTED_EDGE('',*,*,#1131,.T.);
#1635=ORIENTED_EDGE('',*,*,#1130,.T.);
#1636=ORIENTED_EDGE('',*,*,#1132,.F.);
#1637=ORIENTED_EDGE('',*,*,#1133,.F.);
#1638=ORIENTED_EDGE('',*,*,#1134,.T.);
#1639=ORIENTED_EDGE('',*,*,#1133,.T.);
#1640=ORIENTED_EDGE('',*,*,#1135,.F.);
#1641=ORIENTED_EDGE('',*,*,#1113,.F.);
#1642=ORIENTED_EDGE('',*,*,#1134,.F.);
#1643=ORIENTED_EDGE('',*,*,#1112,.F.);
#1644=ORIENTED_EDGE('',*,*,#1116,.F.);
#1645=ORIENTED_EDGE('',*,*,#1119,.F.);
#1646=ORIENTED_EDGE('',*,*,#1122,.F.);
#1647=ORIENTED_EDGE('',*,*,#1125,.F.);
#1648=ORIENTED_EDGE('',*,*,#1128,.F.);
#1649=ORIENTED_EDGE('',*,*,#1131,.F.);
#1650=ORIENTED_EDGE('',*,*,#1135,.T.);
#1651=ORIENTED_EDGE('',*,*,#1132,.T.);
#1652=ORIENTED_EDGE('',*,*,#1129,.T.);
#1653=ORIENTED_EDGE('',*,*,#1126,.T.);
#1654=ORIENTED_EDGE('',*,*,#1123,.T.);
#1655=ORIENTED_EDGE('',*,*,#1120,.T.);
#1656=ORIENTED_EDGE('',*,*,#1117,.T.);
#1657=ORIENTED_EDGE('',*,*,#1114,.T.);
#1658=PLANE('',#1854);
#1659=PLANE('',#1855);
#1660=PLANE('',#1856);
#1661=PLANE('',#1857);
#1662=PLANE('',#1858);
#1663=PLANE('',#1859);
#1664=PLANE('',#1861);
#1665=PLANE('',#1863);
#1666=PLANE('',#1864);
#1667=PLANE('',#1871);
#1668=PLANE('',#1872);
#1669=PLANE('',#1873);
#1670=PLANE('',#1874);
#1671=PLANE('',#1885);
#1672=PLANE('',#1886);
#1673=PLANE('',#1888);
#1674=PLANE('',#1889);
#1675=PLANE('',#1890);
#1676=PLANE('',#1891);
#1677=PLANE('',#1892);
#1678=PLANE('',#1894);
#1679=PLANE('',#1903);
#1680=PLANE('',#1905);
#1681=PLANE('',#1906);
#1682=PLANE('',#1913);
#1683=PLANE('',#1915);
#1684=PLANE('',#1916);
#1685=PLANE('',#1917);
#1686=PLANE('',#1919);
#1687=PLANE('',#1920);
#1688=PLANE('',#1922);
#1689=PLANE('',#1923);
#1690=PLANE('',#1924);
#1691=PLANE('',#1931);
#1692=PLANE('',#1933);
#1693=PLANE('',#1935);
#1694=PLANE('',#1936);
#1695=PLANE('',#1937);
#1696=PLANE('',#1939);
#1697=PLANE('',#1941);
#1698=PLANE('',#1942);
#1699=PLANE('',#1943);
#1700=PLANE('',#1946);
#1701=PLANE('',#1947);
#1702=PLANE('',#1948);
#1703=PLANE('',#1949);
#1704=PLANE('',#1950);
#1705=PLANE('',#1951);
#1706=PLANE('',#1952);
#1707=PLANE('',#1953);
#1708=PLANE('',#1954);
#1709=PLANE('',#1955);
#1710=PLANE('',#1956);
#1711=PLANE('',#1959);
#1712=PLANE('',#1962);
#1713=PLANE('',#1965);
#1714=PLANE('',#1968);
#1715=PLANE('',#1969);
#1716=PLANE('',#1970);
#1717=PLANE('',#1972);
#1718=PLANE('',#1974);
#1719=PLANE('',#1975);
#1720=PLANE('',#1976);
#1721=PLANE('',#1979);
#1722=PLANE('',#1980);
#1723=PLANE('',#1983);
#1724=PLANE('',#1986);
#1725=PLANE('',#1987);
#1726=PLANE('',#1988);
#1727=PLANE('',#1991);
#1728=PLANE('',#1992);
#1729=PLANE('',#1993);
#1730=PLANE('',#1996);
#1731=PLANE('',#1997);
#1732=PLANE('',#1998);
#1733=PLANE('',#1999);
#1734=PLANE('',#2000);
#1735=PLANE('',#2001);
#1736=PLANE('',#2002);
#1737=PLANE('',#2003);
#1738=PLANE('',#2004);
#1739=PLANE('',#2005);
#1740=PLANE('',#2006);
#1741=ADVANCED_FACE('',(#97),#1658,.T.);
#1742=ADVANCED_FACE('',(#98),#1659,.F.);
#1743=ADVANCED_FACE('',(#99),#1660,.F.);
#1744=ADVANCED_FACE('',(#100),#1661,.F.);
#1745=ADVANCED_FACE('',(#101),#1662,.T.);
#1746=ADVANCED_FACE('',(#102),#1663,.F.);
#1747=ADVANCED_FACE('',(#103),#1664,.F.);
#1748=ADVANCED_FACE('',(#104),#1665,.T.);
#1749=ADVANCED_FACE('',(#105,#37,#38),#1666,.F.);
#1750=ADVANCED_FACE('',(#106),#1667,.F.);
#1751=ADVANCED_FACE('',(#107),#1668,.F.);
#1752=ADVANCED_FACE('',(#108),#1669,.F.);
#1753=ADVANCED_FACE('',(#109),#1670,.T.);
#1754=ADVANCED_FACE('',(#110),#27,.T.);
#1755=ADVANCED_FACE('',(#111),#1671,.F.);
#1756=ADVANCED_FACE('',(#112),#1672,.F.);
#1757=ADVANCED_FACE('',(#113),#1673,.T.);
#1758=ADVANCED_FACE('',(#114),#1674,.F.);
#1759=ADVANCED_FACE('',(#115),#1675,.T.);
#1760=ADVANCED_FACE('',(#116),#1676,.F.);
#1761=ADVANCED_FACE('',(#117),#1677,.F.);
#1762=ADVANCED_FACE('',(#118),#1678,.F.);
#1763=ADVANCED_FACE('',(#119),#28,.T.);
#1764=ADVANCED_FACE('',(#120),#1679,.F.);
#1765=ADVANCED_FACE('',(#121),#1680,.T.);
#1766=ADVANCED_FACE('',(#122,#39),#1681,.T.);
#1767=ADVANCED_FACE('',(#123),#1682,.F.);
#1768=ADVANCED_FACE('',(#124),#1683,.F.);
#1769=ADVANCED_FACE('',(#125),#1684,.F.);
#1770=ADVANCED_FACE('',(#126),#1685,.F.);
#1771=ADVANCED_FACE('',(#127),#1686,.F.);
#1772=ADVANCED_FACE('',(#128),#1687,.F.);
#1773=ADVANCED_FACE('',(#129),#1688,.F.);
#1774=ADVANCED_FACE('',(#130),#1689,.F.);
#1775=ADVANCED_FACE('',(#131),#1690,.F.);
#1776=ADVANCED_FACE('',(#132),#29,.T.);
#1777=ADVANCED_FACE('',(#133),#1691,.F.);
#1778=ADVANCED_FACE('',(#134),#1692,.F.);
#1779=ADVANCED_FACE('',(#135),#1693,.T.);
#1780=ADVANCED_FACE('',(#136),#1694,.F.);
#1781=ADVANCED_FACE('',(#137),#1695,.F.);
#1782=ADVANCED_FACE('',(#138),#1696,.F.);
#1783=ADVANCED_FACE('',(#139),#1697,.F.);
#1784=ADVANCED_FACE('',(#140),#1698,.T.);
#1785=ADVANCED_FACE('',(#141),#1699,.F.);
#1786=ADVANCED_FACE('',(#142),#30,.T.);
#1787=ADVANCED_FACE('',(#143),#1700,.T.);
#1788=ADVANCED_FACE('',(#144),#1701,.T.);
#1789=ADVANCED_FACE('',(#145),#1702,.F.);
#1790=ADVANCED_FACE('',(#146),#1703,.T.);
#1791=ADVANCED_FACE('',(#147),#1704,.T.);
#1792=ADVANCED_FACE('',(#148),#1705,.T.);
#1793=ADVANCED_FACE('',(#149),#1706,.T.);
#1794=ADVANCED_FACE('',(#150),#1707,.F.);
#1795=ADVANCED_FACE('',(#151),#1708,.T.);
#1796=ADVANCED_FACE('',(#152),#1709,.T.);
#1797=ADVANCED_FACE('',(#153),#1710,.T.);
#1798=ADVANCED_FACE('',(#154),#23,.F.);
#1799=ADVANCED_FACE('',(#155),#1711,.T.);
#1800=ADVANCED_FACE('',(#156),#24,.F.);
#1801=ADVANCED_FACE('',(#157),#1712,.T.);
#1802=ADVANCED_FACE('',(#158),#25,.T.);
#1803=ADVANCED_FACE('',(#159),#1713,.T.);
#1804=ADVANCED_FACE('',(#160),#26,.T.);
#1805=ADVANCED_FACE('',(#161),#1714,.T.);
#1806=ADVANCED_FACE('',(#162),#1715,.F.);
#1807=ADVANCED_FACE('',(#163),#1716,.F.);
#1808=ADVANCED_FACE('',(#164),#31,.F.);
#1809=ADVANCED_FACE('',(#165),#1717,.F.);
#1810=ADVANCED_FACE('',(#166),#32,.F.);
#1811=ADVANCED_FACE('',(#167),#1718,.T.);
#1812=ADVANCED_FACE('',(#168),#1719,.T.);
#1813=ADVANCED_FACE('',(#169),#1720,.F.);
#1814=ADVANCED_FACE('',(#170),#1721,.T.);
#1815=ADVANCED_FACE('',(#171),#1722,.T.);
#1816=ADVANCED_FACE('',(#172),#33,.T.);
#1817=ADVANCED_FACE('',(#173),#1723,.F.);
#1818=ADVANCED_FACE('',(#174),#34,.T.);
#1819=ADVANCED_FACE('',(#175),#1724,.F.);
#1820=ADVANCED_FACE('',(#176),#1725,.T.);
#1821=ADVANCED_FACE('',(#177,#40),#1726,.F.);
#1822=ADVANCED_FACE('',(#178),#1727,.T.);
#1823=ADVANCED_FACE('',(#179),#1728,.T.);
#1824=ADVANCED_FACE('',(#180),#1729,.F.);
#1825=ADVANCED_FACE('',(#181),#35,.T.);
#1826=ADVANCED_FACE('',(#182),#36,.T.);
#1827=ADVANCED_FACE('',(#183),#1730,.T.);
#1828=ADVANCED_FACE('',(#184),#1731,.T.);
#1829=ADVANCED_FACE('',(#185),#1732,.T.);
#1830=ADVANCED_FACE('',(#186),#1733,.T.);
#1831=ADVANCED_FACE('',(#187),#1734,.T.);
#1832=ADVANCED_FACE('',(#188),#1735,.T.);
#1833=ADVANCED_FACE('',(#189),#1736,.T.);
#1834=ADVANCED_FACE('',(#190),#1737,.T.);
#1835=ADVANCED_FACE('',(#191),#1738,.T.);
#1836=ADVANCED_FACE('',(#192),#1739,.T.);
#1837=ADVANCED_FACE('',(#193),#1740,.T.);
#1838=CLOSED_SHELL('',(#1741,#1742,#1743,#1744,#1745,#1746,#1747,#1748,
#1749,#1750,#1751,#1752,#1753,#1754,#1755,#1756,#1757,#1758,#1759,#1760,
#1761,#1762,#1763,#1764,#1765,#1766,#1767,#1768,#1769,#1770,#1771,#1772,
#1773,#1774,#1775,#1776,#1777,#1778,#1779,#1780,#1781,#1782,#1783,#1784,
#1785,#1786,#1787,#1788,#1789,#1790,#1791,#1792,#1793,#1794,#1795,#1796,
#1797,#1798,#1799,#1800,#1801,#1802,#1803,#1804,#1805,#1806,#1807,#1808,
#1809,#1810,#1811,#1812,#1813,#1814,#1815,#1816,#1817,#1818,#1819,#1820,
#1821,#1822,#1823,#1824,#1825,#1826,#1827));
#1839=CLOSED_SHELL('',(#1828,#1829,#1830,#1831,#1832,#1833,#1834,#1835,
#1836,#1837));
#1840=DERIVED_UNIT_ELEMENT(#1842,1.);
#1841=DERIVED_UNIT_ELEMENT(#3063,-3.);
#1842=(
MASS_UNIT()
NAMED_UNIT(*)
SI_UNIT(.KILO.,.GRAM.)
);
#1843=DERIVED_UNIT((#1840,#1841));
#1844=MEASURE_REPRESENTATION_ITEM('density measure',
POSITIVE_RATIO_MEASURE(7850.),#1843);
#1845=PROPERTY_DEFINITION_REPRESENTATION(#1850,#1847);
#1846=PROPERTY_DEFINITION_REPRESENTATION(#1851,#1848);
#1847=REPRESENTATION('material name',(#1849),#3060);
#1848=REPRESENTATION('density',(#1844),#3060);
#1849=DESCRIPTIVE_REPRESENTATION_ITEM('Steel','Steel');
#1850=PROPERTY_DEFINITION('material property','material name',#3075);
#1851=PROPERTY_DEFINITION('material property','density of part',#3075);
#1852=AXIS2_PLACEMENT_3D('',#2525,#2008,#2009);
#1853=AXIS2_PLACEMENT_3D('',#2526,#2010,#2011);
#1854=AXIS2_PLACEMENT_3D('',#2527,#2012,#2013);
#1855=AXIS2_PLACEMENT_3D('',#2540,#2020,#2021);
#1856=AXIS2_PLACEMENT_3D('',#2546,#2025,#2026);
#1857=AXIS2_PLACEMENT_3D('',#2550,#2029,#2030);
#1858=AXIS2_PLACEMENT_3D('',#2554,#2033,#2034);
#1859=AXIS2_PLACEMENT_3D('',#2567,#2041,#2042);
#1860=AXIS2_PLACEMENT_3D('',#2571,#2044,#2045);
#1861=AXIS2_PLACEMENT_3D('',#2573,#2047,#2048);
#1862=AXIS2_PLACEMENT_3D('',#2576,#2050,#2051);
#1863=AXIS2_PLACEMENT_3D('',#2577,#2052,#2053);
#1864=AXIS2_PLACEMENT_3D('',#2600,#2066,#2067);
#1865=AXIS2_PLACEMENT_3D('',#2602,#2068,#2069);
#1866=AXIS2_PLACEMENT_3D('',#2606,#2071,#2072);
#1867=AXIS2_PLACEMENT_3D('',#2610,#2074,#2075);
#1868=AXIS2_PLACEMENT_3D('',#2614,#2077,#2078);
#1869=AXIS2_PLACEMENT_3D('',#2638,#2090,#2091);
#1870=AXIS2_PLACEMENT_3D('',#2645,#2095,#2096);
#1871=AXIS2_PLACEMENT_3D('',#2646,#2097,#2098);
#1872=AXIS2_PLACEMENT_3D('',#2650,#2101,#2102);
#1873=AXIS2_PLACEMENT_3D('',#2652,#2104,#2105);
#1874=AXIS2_PLACEMENT_3D('',#2661,#2110,#2111);
#1875=AXIS2_PLACEMENT_3D('',#2664,#2114,#2115);
#1876=AXIS2_PLACEMENT_3D('',#2666,#2116,#2117);
#1877=AXIS2_PLACEMENT_3D('',#2668,#2118,#2119);
#1878=AXIS2_PLACEMENT_3D('',#2670,#2120,#2121);
#1879=AXIS2_PLACEMENT_3D('',#2674,#2123,#2124);
#1880=AXIS2_PLACEMENT_3D('',#2676,#2125,#2126);
#1881=AXIS2_PLACEMENT_3D('',#2681,#2129,#2130);
#1882=AXIS2_PLACEMENT_3D('',#2683,#2131,#2132);
#1883=AXIS2_PLACEMENT_3D('',#2687,#2134,#2135);
#1884=AXIS2_PLACEMENT_3D('',#2689,#2136,#2137);
#1885=AXIS2_PLACEMENT_3D('',#2691,#2139,#2140);
#1886=AXIS2_PLACEMENT_3D('',#2697,#2144,#2145);
#1887=AXIS2_PLACEMENT_3D('',#2700,#2147,#2148);
#1888=AXIS2_PLACEMENT_3D('',#2701,#2149,#2150);
#1889=AXIS2_PLACEMENT_3D('',#2705,#2153,#2154);
#1890=AXIS2_PLACEMENT_3D('',#2709,#2157,#2158);
#1891=AXIS2_PLACEMENT_3D('',#2713,#2161,#2162);
#1892=AXIS2_PLACEMENT_3D('',#2717,#2165,#2166);
#1893=AXIS2_PLACEMENT_3D('',#2718,#2167,#2168);
#1894=AXIS2_PLACEMENT_3D('',#2719,#2169,#2170);
#1895=AXIS2_PLACEMENT_3D('',#2723,#2173,#2174);
#1896=AXIS2_PLACEMENT_3D('',#2726,#2175,#2176);
#1897=AXIS2_PLACEMENT_3D('',#2729,#2178,#2179);
#1898=AXIS2_PLACEMENT_3D('',#2731,#2180,#2181);
#1899=AXIS2_PLACEMENT_3D('',#2734,#2183,#2184);
#1900=AXIS2_PLACEMENT_3D('',#2738,#2186,#2187);
#1901=AXIS2_PLACEMENT_3D('',#2740,#2188,#2189);
#1902=AXIS2_PLACEMENT_3D('',#2743,#2191,#2192);
#1903=AXIS2_PLACEMENT_3D('',#2744,#2193,#2194);
#1904=AXIS2_PLACEMENT_3D('',#2748,#2196,#2197);
#1905=AXIS2_PLACEMENT_3D('',#2750,#2199,#2200);
#1906=AXIS2_PLACEMENT_3D('',#2756,#2204,#2205);
#1907=AXIS2_PLACEMENT_3D('',#2760,#2207,#2208);
#1908=AXIS2_PLACEMENT_3D('',#2763,#2210,#2211);
#1909=AXIS2_PLACEMENT_3D('',#2766,#2212,#2213);
#1910=AXIS2_PLACEMENT_3D('',#2770,#2215,#2216);
#1911=AXIS2_PLACEMENT_3D('',#2778,#2220,#2221);
#1912=AXIS2_PLACEMENT_3D('',#2782,#2223,#2224);
#1913=AXIS2_PLACEMENT_3D('',#2788,#2228,#2229);
#1914=AXIS2_PLACEMENT_3D('',#2789,#2230,#2231);
#1915=AXIS2_PLACEMENT_3D('',#2790,#2232,#2233);
#1916=AXIS2_PLACEMENT_3D('',#2792,#2235,#2236);
#1917=AXIS2_PLACEMENT_3D('',#2794,#2238,#2239);
#1918=AXIS2_PLACEMENT_3D('',#2796,#2240,#2241);
#1919=AXIS2_PLACEMENT_3D('',#2798,#2243,#2244);
#1920=AXIS2_PLACEMENT_3D('',#2802,#2247,#2248);
#1921=AXIS2_PLACEMENT_3D('',#2804,#2249,#2250);
#1922=AXIS2_PLACEMENT_3D('',#2806,#2252,#2253);
#1923=AXIS2_PLACEMENT_3D('',#2810,#2256,#2257);
#1924=AXIS2_PLACEMENT_3D('',#2812,#2259,#2260);
#1925=AXIS2_PLACEMENT_3D('',#2814,#2261,#2262);
#1926=AXIS2_PLACEMENT_3D('',#2816,#2264,#2265);
#1927=AXIS2_PLACEMENT_3D('',#2819,#2266,#2267);
#1928=AXIS2_PLACEMENT_3D('',#2825,#2271,#2272);
#1929=AXIS2_PLACEMENT_3D('',#2827,#2273,#2274);
#1930=AXIS2_PLACEMENT_3D('',#2830,#2276,#2277);
#1931=AXIS2_PLACEMENT_3D('',#2831,#2278,#2279);
#1932=AXIS2_PLACEMENT_3D('',#2835,#2281,#2282);
#1933=AXIS2_PLACEMENT_3D('',#2837,#2284,#2285);
#1934=AXIS2_PLACEMENT_3D('',#2841,#2287,#2288);
#1935=AXIS2_PLACEMENT_3D('',#2843,#2290,#2291);
#1936=AXIS2_PLACEMENT_3D('',#2844,#2292,#2293);
#1937=AXIS2_PLACEMENT_3D('',#2850,#2297,#2298);
#1938=AXIS2_PLACEMENT_3D('',#2851,#2299,#2300);
#1939=AXIS2_PLACEMENT_3D('',#2852,#2301,#2302);
#1940=AXIS2_PLACEMENT_3D('',#2853,#2303,#2304);
#1941=AXIS2_PLACEMENT_3D('',#2854,#2305,#2306);
#1942=AXIS2_PLACEMENT_3D('',#2855,#2307,#2308);
#1943=AXIS2_PLACEMENT_3D('',#2859,#2311,#2312);
#1944=AXIS2_PLACEMENT_3D('',#2860,#2313,#2314);
#1945=AXIS2_PLACEMENT_3D('',#2861,#2315,#2316);
#1946=AXIS2_PLACEMENT_3D('',#2864,#2319,#2320);
#1947=AXIS2_PLACEMENT_3D('',#2865,#2321,#2322);
#1948=AXIS2_PLACEMENT_3D('',#2866,#2323,#2324);
#1949=AXIS2_PLACEMENT_3D('',#2870,#2327,#2328);
#1950=AXIS2_PLACEMENT_3D('',#2874,#2331,#2332);
#1951=AXIS2_PLACEMENT_3D('',#2878,#2335,#2336);
#1952=AXIS2_PLACEMENT_3D('',#2882,#2339,#2340);
#1953=AXIS2_PLACEMENT_3D('',#2888,#2344,#2345);
#1954=AXIS2_PLACEMENT_3D('',#2899,#2352,#2353);
#1955=AXIS2_PLACEMENT_3D('',#2904,#2357,#2358);
#1956=AXIS2_PLACEMENT_3D('',#2906,#2360,#2361);
#1957=AXIS2_PLACEMENT_3D('',#2910,#2364,#2365);
#1958=AXIS2_PLACEMENT_3D('',#2913,#2367,#2368);
#1959=AXIS2_PLACEMENT_3D('',#2914,#2369,#2370);
#1960=AXIS2_PLACEMENT_3D('',#2918,#2373,#2374);
#1961=AXIS2_PLACEMENT_3D('',#2921,#2376,#2377);
#1962=AXIS2_PLACEMENT_3D('',#2922,#2378,#2379);
#1963=AXIS2_PLACEMENT_3D('',#2924,#2381,#2382);
#1964=AXIS2_PLACEMENT_3D('',#2927,#2384,#2385);
#1965=AXIS2_PLACEMENT_3D('',#2928,#2386,#2387);
#1966=AXIS2_PLACEMENT_3D('',#2932,#2390,#2391);
#1967=AXIS2_PLACEMENT_3D('',#2935,#2393,#2394);
#1968=AXIS2_PLACEMENT_3D('',#2936,#2395,#2396);
#1969=AXIS2_PLACEMENT_3D('',#2938,#2398,#2399);
#1970=AXIS2_PLACEMENT_3D('',#2940,#2401,#2402);
#1971=AXIS2_PLACEMENT_3D('',#2943,#2405,#2406);
#1972=AXIS2_PLACEMENT_3D('',#2944,#2407,#2408);
#1973=AXIS2_PLACEMENT_3D('',#2946,#2410,#2411);
#1974=AXIS2_PLACEMENT_3D('',#2947,#2412,#2413);
#1975=AXIS2_PLACEMENT_3D('',#2949,#2415,#2416);
#1976=AXIS2_PLACEMENT_3D('',#2950,#2417,#2418);
#1977=AXIS2_PLACEMENT_3D('',#2953,#2419,#2420);
#1978=AXIS2_PLACEMENT_3D('',#2957,#2422,#2423);
#1979=AXIS2_PLACEMENT_3D('',#2959,#2425,#2426);
#1980=AXIS2_PLACEMENT_3D('',#2963,#2429,#2430);
#1981=AXIS2_PLACEMENT_3D('',#2967,#2433,#2434);
#1982=AXIS2_PLACEMENT_3D('',#2970,#2435,#2436);
#1983=AXIS2_PLACEMENT_3D('',#2973,#2439,#2440);
#1984=AXIS2_PLACEMENT_3D('',#2977,#2443,#2444);
#1985=AXIS2_PLACEMENT_3D('',#2979,#2445,#2446);
#1986=AXIS2_PLACEMENT_3D('',#2981,#2448,#2449);
#1987=AXIS2_PLACEMENT_3D('',#2983,#2451,#2452);
#1988=AXIS2_PLACEMENT_3D('',#2987,#2455,#2456);
#1989=AXIS2_PLACEMENT_3D('',#2991,#2458,#2459);
#1990=AXIS2_PLACEMENT_3D('',#2994,#2461,#2462);
#1991=AXIS2_PLACEMENT_3D('',#2995,#2463,#2464);
#1992=AXIS2_PLACEMENT_3D('',#2997,#2466,#2467);
#1993=AXIS2_PLACEMENT_3D('',#2999,#2469,#2470);
#1994=AXIS2_PLACEMENT_3D('',#3000,#2471,#2472);
#1995=AXIS2_PLACEMENT_3D('',#3002,#2474,#2475);
#1996=AXIS2_PLACEMENT_3D('',#3004,#2477,#2478);
#1997=AXIS2_PLACEMENT_3D('',#3005,#2479,#2480);
#1998=AXIS2_PLACEMENT_3D('',#3014,#2485,#2486);
#1999=AXIS2_PLACEMENT_3D('',#3020,#2490,#2491);
#2000=AXIS2_PLACEMENT_3D('',#3026,#2495,#2496);
#2001=AXIS2_PLACEMENT_3D('',#3032,#2500,#2501);
#2002=AXIS2_PLACEMENT_3D('',#3038,#2505,#2506);
#2003=AXIS2_PLACEMENT_3D('',#3044,#2510,#2511);
#2004=AXIS2_PLACEMENT_3D('',#3050,#2515,#2516);
#2005=AXIS2_PLACEMENT_3D('',#3053,#2519,#2520);
#2006=AXIS2_PLACEMENT_3D('',#3054,#2521,#2522);
#2007=AXIS2_PLACEMENT_3D('',#3055,#2523,#2524);
#2008=DIRECTION('axis',(0.,0.,1.));
#2009=DIRECTION('refdir',(1.,0.,0.));
#2010=DIRECTION('axis',(0.,0.,1.));
#2011=DIRECTION('refdir',(1.,0.,0.));
#2012=DIRECTION('center_axis',(0.707106781186546,-0.707106781186549,-2.55344648206209E-34));
#2013=DIRECTION('ref_axis',(-3.61111864572608E-34,0.,-1.));
#2014=DIRECTION('',(-0.57734998241622,-0.577349982416218,-0.577350842736011));
#2015=DIRECTION('',(0.,-3.61111864572606E-34,1.));
#2016=DIRECTION('',(0.577350269189627,0.577350269189625,-0.577350269189625));
#2017=DIRECTION('',(0.707106781186549,0.707106781186546,0.));
#2018=DIRECTION('',(0.,0.,1.));
#2019=DIRECTION('',(-0.707106781186549,-0.707106781186546,1.3170890527582E-8));
#2020=DIRECTION('center_axis',(-1.30104260698261E-17,1.,3.61111864572606E-34));
#2021=DIRECTION('ref_axis',(2.77555756156293E-17,5.79321751111624E-48,1.));
#2022=DIRECTION('',(1.,1.30104260698261E-17,-3.46944695195361E-17));
#2023=DIRECTION('',(3.61111864572608E-34,3.61111864572606E-34,-1.));
#2024=DIRECTION('',(1.,1.30104260698261E-17,-3.46944695195361E-17));
#2025=DIRECTION('center_axis',(-3.37324437430902E-17,0.707107308022348,
-0.707106254350355));
#2026=DIRECTION('ref_axis',(9.81309980072264E-18,0.707106254350355,0.707107308022348));
#2027=DIRECTION('',(1.,-1.86264242093566E-8,-1.86264520126377E-8));
#2028=DIRECTION('',(-0.577349982416221,-0.577349982416218,-0.577350842736011));
#2029=DIRECTION('center_axis',(-1.86264520126377E-8,0.,-1.));
#2030=DIRECTION('ref_axis',(-1.,0.,1.86264520126377E-8));
#2031=DIRECTION('',(1.,0.,-1.86264520126377E-8));
#2032=DIRECTION('',(-0.707106781186549,-0.707106781186546,1.3170890527582E-8));
#2033=DIRECTION('center_axis',(-0.707106781186547,-0.707106781186548,-2.55344648206208E-34));
#2034=DIRECTION('ref_axis',(-3.61111864572607E-34,0.,1.));
#2035=DIRECTION('',(0.577350269189627,-0.577350269189625,0.577350269189625));
#2036=DIRECTION('',(-1.36026791405428E-49,3.61111864572606E-34,-1.));
#2037=DIRECTION('',(-0.57734998241622,0.577349982416219,0.577350842736012));
#2038=DIRECTION('',(-0.707106781186548,0.707106781186547,1.3170890527582E-8));
#2039=DIRECTION('',(0.,0.,1.));
#2040=DIRECTION('',(0.707106781186548,-0.707106781186547,0.));
#2041=DIRECTION('center_axis',(1.53329341668337E-17,0.707106781186548,0.707106781186548));
#2042=DIRECTION('ref_axis',(2.94392336003199E-17,-0.707106781186548,0.707106781186548));
#2043=DIRECTION('',(1.,-2.16840434497101E-17,0.));
#2044=DIRECTION('center_axis',(1.53329341668337E-17,0.707106781186548,0.707106781186548));
#2045=DIRECTION('ref_axis',(-4.9065389333868E-17,-0.707106781186547,0.707106781186547));
#2046=DIRECTION('',(1.,1.30104260698261E-17,-3.46944695195361E-17));
#2047=DIRECTION('center_axis',(0.,0.,1.));
#2048=DIRECTION('ref_axis',(0.,1.,0.));
#2049=DIRECTION('',(1.,0.,-3.46944695195361E-17));
#2050=DIRECTION('center_axis',(0.,0.,1.));
#2051=DIRECTION('ref_axis',(-0.707106781186548,-0.707106781186547,0.));
#2052=DIRECTION('center_axis',(0.,-1.,0.));
#2053=DIRECTION('ref_axis',(1.,0.,0.));
#2054=DIRECTION('',(1.,0.,-3.46944695195361E-17));
#2055=DIRECTION('',(0.,0.,1.));
#2056=DIRECTION('',(-1.,0.,0.));
#2057=DIRECTION('',(0.,0.,-1.));
#2058=DIRECTION('',(1.,0.,0.));
#2059=DIRECTION('',(0.,0.,-1.));
#2060=DIRECTION('',(1.,0.,0.));
#2061=DIRECTION('',(0.,0.,1.));
#2062=DIRECTION('',(1.,0.,-1.86264520126377E-8));
#2063=DIRECTION('',(0.,0.,1.));
#2064=DIRECTION('',(1.,0.,0.));
#2065=DIRECTION('',(0.,0.,1.));
#2066=DIRECTION('center_axis',(0.,0.,1.));
#2067=DIRECTION('ref_axis',(-1.,0.,0.));
#2068=DIRECTION('center_axis',(0.,0.,1.));
#2069=DIRECTION('ref_axis',(-0.707106781186548,-0.707106781186547,0.));
#2070=DIRECTION('',(-2.06990730163454E-16,1.,0.));
#2071=DIRECTION('center_axis',(0.,0.,1.));
#2072=DIRECTION('ref_axis',(-0.707106781186548,0.707106781186547,0.));
#2073=DIRECTION('',(-1.,0.,0.));
#2074=DIRECTION('center_axis',(0.,0.,1.));
#2075=DIRECTION('ref_axis',(0.707106781186547,0.707106781186547,0.));
#2076=DIRECTION('',(0.,-1.,0.));
#2077=DIRECTION('center_axis',(0.,0.,1.));
#2078=DIRECTION('ref_axis',(0.707106781186548,-0.707106781186547,0.));
#2079=DIRECTION('',(-1.,0.,0.));
#2080=DIRECTION('',(0.707106781186549,-0.707106781186546,0.));
#2081=DIRECTION('',(-1.,0.,0.));
#2082=DIRECTION('',(0.707106781186549,0.707106781186546,0.));
#2083=DIRECTION('',(-1.,0.,0.));
#2084=DIRECTION('',(0.,-1.,0.));
#2085=DIRECTION('',(1.,1.38777878078145E-17,0.));
#2086=DIRECTION('',(0.,1.,0.));
#2087=DIRECTION('',(1.,0.,0.));
#2088=DIRECTION('',(0.,-1.,0.));
#2089=DIRECTION('',(1.,-2.08166817117217E-16,0.));
#2090=DIRECTION('center_axis',(0.,0.,1.));
#2091=DIRECTION('ref_axis',(1.,-5.44676186921056E-16,0.));
#2092=DIRECTION('',(0.,1.,0.));
#2093=DIRECTION('',(-1.,0.,0.));
#2094=DIRECTION('',(0.,-1.,0.));
#2095=DIRECTION('center_axis',(0.,0.,1.));
#2096=DIRECTION('ref_axis',(0.,-1.,0.));
#2097=DIRECTION('center_axis',(0.,0.,1.));
#2098=DIRECTION('ref_axis',(0.,1.,0.));
#2099=DIRECTION('',(1.,-2.16840434497101E-17,0.));
#2100=DIRECTION('',(0.707106781186549,0.707106781186546,-2.45326946669341E-17));
#2101=DIRECTION('center_axis',(1.53329341668337E-17,0.707106781186548,0.707106781186548));
#2102=DIRECTION('ref_axis',(2.94392336003199E-17,-0.707106781186548,0.707106781186548));
#2103=DIRECTION('',(0.577350269189628,0.577350269189625,-0.577350269189625));
#2104=DIRECTION('center_axis',(1.,0.,0.));
#2105=DIRECTION('ref_axis',(0.,1.,0.));
#2106=DIRECTION('',(0.,0.,1.));
#2107=DIRECTION('',(0.,1.,0.));
#2108=DIRECTION('',(0.,0.98058067569092,0.196116135138184));
#2109=DIRECTION('',(0.,1.,0.));
#2110=DIRECTION('center_axis',(-0.707106781186549,0.,-0.707106781186546));
#2111=DIRECTION('ref_axis',(-0.707106781186546,0.,0.707106781186549));
#2112=DIRECTION('',(0.707106781186546,0.,-0.707106781186549));
#2113=DIRECTION('',(0.192450089729875,-0.962250448649376,-0.192450089729875));
#2114=DIRECTION('center_axis',(0.,0.,1.));
#2115=DIRECTION('ref_axis',(0.707106781186548,-0.707106781186547,0.));
#2116=DIRECTION('center_axis',(0.,0.,-1.));
#2117=DIRECTION('ref_axis',(0.707106781186548,-0.707106781186547,0.));
#2118=DIRECTION('center_axis',(0.,0.,1.));
#2119=DIRECTION('ref_axis',(0.707106781186548,-0.707106781186547,0.));
#2120=DIRECTION('center_axis',(1.53329341668337E-17,0.707106781186548,0.707106781186548));
#2121=DIRECTION('ref_axis',(-4.9065389333868E-17,-0.707106781186547,0.707106781186547));
#2122=DIRECTION('',(0.,0.,-1.));
#2123=DIRECTION('center_axis',(-3.37324437430902E-17,0.707107308022348,
-0.707106254350355));
#2124=DIRECTION('ref_axis',(-4.90653527772635E-17,-0.707106254350355,-0.707107308022347));
#2125=DIRECTION('center_axis',(0.,0.,-1.));
#2126=DIRECTION('ref_axis',(0.707106781186548,-0.707106781186547,0.));
#2127=DIRECTION('',(0.,0.,1.));
#2128=DIRECTION('',(0.,0.,1.));
#2129=DIRECTION('center_axis',(0.,0.,-1.));
#2130=DIRECTION('ref_axis',(0.707106781186548,-0.707106781186547,0.));
#2131=DIRECTION('center_axis',(-0.707100393318807,0.,-0.707113168996582));
#2132=DIRECTION('ref_axis',(0.707113168996582,9.81316651544581E-17,-0.707100393318807));
#2133=DIRECTION('',(0.,0.,1.));
#2134=DIRECTION('center_axis',(-0.707106504597685,0.,0.707107057775302));
#2135=DIRECTION('ref_axis',(0.707107057775302,9.81308170521363E-17,0.707106504597685));
#2136=DIRECTION('center_axis',(0.,0.,1.));
#2137=DIRECTION('ref_axis',(0.707106781186548,-0.707106781186547,0.));
#2138=DIRECTION('',(0.,0.,1.));
#2139=DIRECTION('center_axis',(-1.,0.,0.));
#2140=DIRECTION('ref_axis',(0.,0.,1.));
#2141=DIRECTION('',(0.,1.,0.));
#2142=DIRECTION('',(0.,0.,-1.));
#2143=DIRECTION('',(0.,-1.,0.));
#2144=DIRECTION('center_axis',(-0.707100393318807,0.,-0.707113168996582));
#2145=DIRECTION('ref_axis',(-0.707113168996582,0.,0.707100393318807));
#2146=DIRECTION('',(0.,-1.,0.));
#2147=DIRECTION('center_axis',(-0.707100393318807,0.,-0.707113168996582));
#2148=DIRECTION('ref_axis',(0.707113168996582,0.,-0.707100393318807));
#2149=DIRECTION('center_axis',(1.,0.,0.));
#2150=DIRECTION('ref_axis',(0.,1.,0.));
#2151=DIRECTION('',(0.,0.,-1.));
#2152=DIRECTION('',(0.,-1.,0.));
#2153=DIRECTION('center_axis',(0.,0.,1.));
#2154=DIRECTION('ref_axis',(0.,1.,0.));
#2155=DIRECTION('',(0.707106781186549,-0.707106781186546,-2.45326946669341E-17));
#2156=DIRECTION('',(-1.,2.16840434497101E-17,0.));
#2157=DIRECTION('center_axis',(0.,-1.,0.));
#2158=DIRECTION('ref_axis',(1.,0.,0.));
#2159=DIRECTION('',(-1.,0.,3.46944695195361E-17));
#2160=DIRECTION('',(0.,0.,-1.));
#2161=DIRECTION('center_axis',(0.,0.,-1.));
#2162=DIRECTION('ref_axis',(0.,1.,0.));
#2163=DIRECTION('',(-1.,-4.77048438905742E-17,0.));
#2164=DIRECTION('',(-0.707106781186549,0.707106781186546,2.45326946669341E-17));
#2165=DIRECTION('center_axis',(0.,0.,-1.));
#2166=DIRECTION('ref_axis',(0.,1.,0.));
#2167=DIRECTION('center_axis',(0.,0.,-1.));
#2168=DIRECTION('ref_axis',(0.707106781186547,0.707106781186547,0.));
#2169=DIRECTION('center_axis',(-3.37324437430902E-17,0.707107308022348,
-0.707106254350355));
#2170=DIRECTION('ref_axis',(9.81309980072264E-18,0.707106254350355,0.707107308022348));
#2171=DIRECTION('',(1.,1.30104260698261E-17,-3.46944695195361E-17));
#2172=DIRECTION('',(-0.577349982416221,0.577349982416218,0.577350842736011));
#2173=DIRECTION('center_axis',(0.,0.,1.));
#2174=DIRECTION('ref_axis',(-0.707106781186548,-0.707106781186547,0.));
#2175=DIRECTION('center_axis',(-1.86264520126377E-8,0.,-1.));
#2176=DIRECTION('ref_axis',(-0.707106781186548,-0.707106781186547,1.3170890527582E-8));
#2177=DIRECTION('',(0.,0.,-1.));
#2178=DIRECTION('center_axis',(-1.86264520126377E-8,0.,-1.));
#2179=DIRECTION('ref_axis',(-0.707106781186548,-0.707106781186547,1.3170890527582E-8));
#2180=DIRECTION('center_axis',(-3.37324437430902E-17,0.707107308022348,
-0.707106254350355));
#2181=DIRECTION('ref_axis',(-4.90653527772635E-17,-0.707106254350355,-0.707107308022348));
#2182=DIRECTION('',(0.,0.,1.));
#2183=DIRECTION('center_axis',(0.,0.,-1.));
#2184=DIRECTION('ref_axis',(-0.707106781186548,-0.707106781186547,0.));
#2185=DIRECTION('',(0.,0.,1.));
#2186=DIRECTION('center_axis',(0.,0.,1.));
#2187=DIRECTION('ref_axis',(-0.707106781186548,-0.707106781186547,0.));
#2188=DIRECTION('center_axis',(0.707106504597685,0.,0.707107057775302));
#2189=DIRECTION('ref_axis',(-0.707107057775302,-4.90654085260682E-17,0.707106504597685));
#2190=DIRECTION('',(0.,0.,-1.));
#2191=DIRECTION('center_axis',(0.70710922767525,0.,-0.70710433468938));
#2192=DIRECTION('ref_axis',(-0.70710433468938,-4.90652195740252E-17,-0.70710922767525));
#2193=DIRECTION('center_axis',(0.707106504597685,0.,0.707107057775302));
#2194=DIRECTION('ref_axis',(0.707107057775302,0.,-0.707106504597685));
#2195=DIRECTION('',(0.,1.,0.));
#2196=DIRECTION('center_axis',(0.707106504597685,0.,0.707107057775302));
#2197=DIRECTION('ref_axis',(-0.707107057775302,0.,0.707106504597685));
#2198=DIRECTION('',(0.,1.,0.));
#2199=DIRECTION('center_axis',(-1.,-2.06990730163454E-16,0.));
#2200=DIRECTION('ref_axis',(2.06990730163454E-16,-1.,0.));
#2201=DIRECTION('',(-2.06990730163454E-16,1.,0.));
#2202=DIRECTION('',(0.,0.,1.));
#2203=DIRECTION('',(2.06990730163454E-16,-1.,0.));
#2204=DIRECTION('center_axis',(0.,0.,1.));
#2205=DIRECTION('ref_axis',(-1.,0.,0.));
#2206=DIRECTION('',(0.,1.,0.));
#2207=DIRECTION('center_axis',(0.,0.,-1.));
#2208=DIRECTION('ref_axis',(0.707106781186547,0.707106781186547,0.));
#2209=DIRECTION('',(-1.,0.,0.));
#2210=DIRECTION('center_axis',(0.,0.,-1.));
#2211=DIRECTION('ref_axis',(-0.707106781186548,0.707106781186547,0.));
#2212=DIRECTION('center_axis',(0.,0.,1.));
#2213=DIRECTION('ref_axis',(1.,-5.44676186921056E-16,0.));
#2214=DIRECTION('',(1.,-2.08166817117217E-16,0.));
#2215=DIRECTION('center_axis',(0.,0.,1.));
#2216=DIRECTION('ref_axis',(0.,-1.,0.));
#2217=DIRECTION('',(0.,-1.,0.));
#2218=DIRECTION('',(-1.,0.,0.));
#2219=DIRECTION('',(0.,1.,0.));
#2220=DIRECTION('center_axis',(0.,0.,-1.));
#2221=DIRECTION('ref_axis',(0.,-1.,0.));
#2222=DIRECTION('',(-1.,1.38777878078145E-16,0.));
#2223=DIRECTION('center_axis',(0.,0.,-1.));
#2224=DIRECTION('ref_axis',(1.,0.,0.));
#2225=DIRECTION('',(0.,-1.,0.));
#2226=DIRECTION('',(-1.,0.,0.));
#2227=DIRECTION('',(0.,1.,0.));
#2228=DIRECTION('center_axis',(0.,0.,1.));
#2229=DIRECTION('ref_axis',(0.,1.,0.));
#2230=DIRECTION('center_axis',(0.,0.,1.));
#2231=DIRECTION('ref_axis',(-0.707106781186548,0.707106781186547,0.));
#2232=DIRECTION('center_axis',(-1.86264520126377E-8,0.,-1.));
#2233=DIRECTION('ref_axis',(-1.,0.,1.86264520126377E-8));
#2234=DIRECTION('',(1.,-1.86264242093566E-8,-1.86264520126377E-8));
#2235=DIRECTION('center_axis',(-1.30104260698261E-17,1.,3.61111864572606E-34));
#2236=DIRECTION('ref_axis',(2.77555756156293E-17,5.79321751111624E-48,1.));
#2237=DIRECTION('',(1.,1.30104260698261E-17,-3.46944695195361E-17));
#2238=DIRECTION('center_axis',(-0.707106504597685,0.,0.707107057775302));
#2239=DIRECTION('ref_axis',(0.707107057775302,0.,0.707106504597685));
#2240=DIRECTION('center_axis',(-0.707106504597685,0.,0.707107057775302));
#2241=DIRECTION('ref_axis',(0.707107057775302,0.,0.707106504597685));
#2242=DIRECTION('',(0.,-1.,0.));
#2243=DIRECTION('center_axis',(1.,0.,0.));
#2244=DIRECTION('ref_axis',(0.,0.,-1.));
#2245=DIRECTION('',(0.,0.,1.));
#2246=DIRECTION('',(0.,1.,0.));
#2247=DIRECTION('center_axis',(0.70710922767525,0.,-0.70710433468938));
#2248=DIRECTION('ref_axis',(-0.70710433468938,0.,-0.70710922767525));
#2249=DIRECTION('center_axis',(0.70710922767525,0.,-0.70710433468938));
#2250=DIRECTION('ref_axis',(-0.70710433468938,-7.85043513184402E-17,-0.70710922767525));
#2251=DIRECTION('',(0.,-1.,0.));
#2252=DIRECTION('center_axis',(-1.30104260698261E-17,1.,3.61111864572606E-34));
#2253=DIRECTION('ref_axis',(2.77555756156293E-17,5.79321751111624E-48,1.));
#2254=DIRECTION('',(-1.,-1.51394048812521E-17,4.03717463500057E-17));
#2255=DIRECTION('',(3.61111864572608E-34,-3.61111864572606E-34,1.));
#2256=DIRECTION('center_axis',(1.53329341668337E-17,0.707106781186548,0.707106781186548));
#2257=DIRECTION('ref_axis',(2.94392336003199E-17,-0.707106781186548,0.707106781186548));
#2258=DIRECTION('',(0.577350269189628,-0.577350269189625,0.577350269189625));
#2259=DIRECTION('center_axis',(0.,0.,1.));
#2260=DIRECTION('ref_axis',(0.,1.,0.));
#2261=DIRECTION('center_axis',(0.,0.,1.));
#2262=DIRECTION('ref_axis',(0.707106781186547,0.707106781186547,0.));
#2263=DIRECTION('',(0.,-1.,0.));
#2264=DIRECTION('center_axis',(0.,0.,-1.));
#2265=DIRECTION('ref_axis',(0.707106781186547,0.707106781186547,0.));
#2266=DIRECTION('center_axis',(0.,0.,1.));
#2267=DIRECTION('ref_axis',(0.707106781186547,0.707106781186547,0.));
#2268=DIRECTION('',(0.,0.,1.));
#2269=DIRECTION('',(0.,0.,-1.));
#2270=DIRECTION('',(0.,0.,-1.));
#2271=DIRECTION('center_axis',(0.,0.,-1.));
#2272=DIRECTION('ref_axis',(0.707106781186547,0.707106781186547,0.));
#2273=DIRECTION('center_axis',(0.,-0.707109738494421,-0.707103823866305));
#2274=DIRECTION('ref_axis',(0.,0.707103823866305,-0.707109738494421));
#2275=DIRECTION('',(0.,0.,1.));
#2276=DIRECTION('center_axis',(0.,-0.707106781186545,0.70710678118655));
#2277=DIRECTION('ref_axis',(0.,0.70710678118655,0.707106781186545));
#2278=DIRECTION('center_axis',(0.,0.,-1.));
#2279=DIRECTION('ref_axis',(0.,1.,0.));
#2280=DIRECTION('',(-1.,0.,0.));
#2281=DIRECTION('center_axis',(0.,0.,-1.));
#2282=DIRECTION('ref_axis',(-0.707106781186548,0.707106781186547,0.));
#2283=DIRECTION('',(-1.,0.,0.));
#2284=DIRECTION('center_axis',(0.,0.,1.));
#2285=DIRECTION('ref_axis',(0.,1.,0.));
#2286=DIRECTION('',(1.,0.,0.));
#2287=DIRECTION('center_axis',(0.,0.,1.));
#2288=DIRECTION('ref_axis',(-0.707106781186548,0.707106781186547,0.));
#2289=DIRECTION('',(1.,0.,0.));
#2290=DIRECTION('center_axis',(1.,0.,0.));
#2291=DIRECTION('ref_axis',(0.,1.,0.));
#2292=DIRECTION('center_axis',(0.,-1.,0.));
#2293=DIRECTION('ref_axis',(0.,0.,1.));
#2294=DIRECTION('',(1.,0.,0.));
#2295=DIRECTION('',(0.,0.,-1.));
#2296=DIRECTION('',(1.,0.,0.));
#2297=DIRECTION('center_axis',(0.,-0.707109738494421,-0.707103823866305));
#2298=DIRECTION('ref_axis',(0.,0.707103823866305,-0.707109738494421));
#2299=DIRECTION('center_axis',(0.,-0.707109738494421,-0.707103823866305));
#2300=DIRECTION('ref_axis',(0.,0.707103823866305,-0.707109738494421));
#2301=DIRECTION('center_axis',(0.,-0.707106781186545,0.70710678118655));
#2302=DIRECTION('ref_axis',(0.,0.70710678118655,0.707106781186545));
#2303=DIRECTION('center_axis',(0.,-0.707106781186545,0.70710678118655));
#2304=DIRECTION('ref_axis',(0.,0.70710678118655,0.707106781186545));
#2305=DIRECTION('center_axis',(-3.37324437430902E-17,0.707107308022348,
-0.707106254350355));
#2306=DIRECTION('ref_axis',(9.81309980072264E-18,0.707106254350355,0.707107308022348));
#2307=DIRECTION('center_axis',(-1.,-2.06990730163454E-16,0.));
#2308=DIRECTION('ref_axis',(2.06990730163454E-16,-1.,0.));
#2309=DIRECTION('',(2.06990730163454E-16,-1.,-3.85550290245042E-24));
#2310=DIRECTION('',(0.,0.,1.));
#2311=DIRECTION('center_axis',(-1.86264520126377E-8,0.,-1.));
#2312=DIRECTION('ref_axis',(-1.,0.,1.86264520126377E-8));
#2313=DIRECTION('center_axis',(-1.86264520126377E-8,0.,-1.));
#2314=DIRECTION('ref_axis',(-0.707106781186548,0.707106781186547,1.3170890527582E-8));
#2315=DIRECTION('center_axis',(0.,0.,1.));
#2316=DIRECTION('ref_axis',(-0.707106781186548,0.707106781186547,0.));
#2317=DIRECTION('',(0.,0.,-1.));
#2318=DIRECTION('',(0.,0.,1.));
#2319=DIRECTION('center_axis',(0.,1.,0.));
#2320=DIRECTION('ref_axis',(-1.,0.,0.));
#2321=DIRECTION('center_axis',(0.,1.,0.));
#2322=DIRECTION('ref_axis',(-1.,0.,0.));
#2323=DIRECTION('center_axis',(0.,1.,0.));
#2324=DIRECTION('ref_axis',(0.,0.,-1.));
#2325=DIRECTION('',(-1.,0.,0.));
#2326=DIRECTION('',(-0.447213595499958,0.,-0.894427190999916));
#2327=DIRECTION('center_axis',(0.894427190999916,0.,-0.447213595499958));
#2328=DIRECTION('ref_axis',(-0.447213595499958,0.,-0.894427190999916));
#2329=DIRECTION('',(0.,-1.,0.));
#2330=DIRECTION('',(0.447213595499958,7.75791922889772E-18,0.894427190999916));
#2331=DIRECTION('center_axis',(0.,0.196116135138184,-0.98058067569092));
#2332=DIRECTION('ref_axis',(-1.,0.,0.));
#2333=DIRECTION('',(1.,0.,0.));
#2334=DIRECTION('',(0.0975900072948539,-0.975900072948533,-0.195180014589707));
#2335=DIRECTION('center_axis',(0.,0.,-1.));
#2336=DIRECTION('ref_axis',(1.,0.,0.));
#2337=DIRECTION('',(0.,1.,0.));
#2338=DIRECTION('',(1.,0.,0.));
#2339=DIRECTION('center_axis',(0.,-0.707106781186548,0.707106781186548));
#2340=DIRECTION('ref_axis',(1.,0.,0.));
#2341=DIRECTION('',(-0.577350269189627,0.577350269189625,0.577350269189625));
#2342=DIRECTION('',(1.,0.,0.));
#2343=DIRECTION('',(-0.577350269189627,-0.577350269189625,-0.577350269189625));
#2344=DIRECTION('center_axis',(0.,1.,0.));
#2345=DIRECTION('ref_axis',(0.,0.,1.));
#2346=DIRECTION('',(0.,0.,1.));
#2347=DIRECTION('',(1.,0.,0.));
#2348=DIRECTION('',(0.,0.,1.));
#2349=DIRECTION('',(-1.,0.,0.));
#2350=DIRECTION('',(0.,0.,-1.));
#2351=DIRECTION('',(0.,0.,1.));
#2352=DIRECTION('center_axis',(0.707106781186548,0.,0.707106781186548));
#2353=DIRECTION('ref_axis',(0.707106781186548,0.,-0.707106781186548));
#2354=DIRECTION('',(0.707106781186548,6.54205191118239E-16,-0.707106781186548));
#2355=DIRECTION('',(0.,1.,0.));
#2356=DIRECTION('',(-0.577350269189626,0.577350269189626,0.577350269189626));
#2357=DIRECTION('center_axis',(0.,-0.707106781186548,0.707106781186548));
#2358=DIRECTION('ref_axis',(1.,0.,0.));
#2359=DIRECTION('',(0.577350269189624,0.577350269189626,0.577350269189626));
#2360=DIRECTION('center_axis',(-0.707106781186549,0.,0.707106781186546));
#2361=DIRECTION('ref_axis',(0.707106781186546,0.,0.707106781186549));
#2362=DIRECTION('',(0.,-1.,0.));
#2363=DIRECTION('',(0.707106781186546,0.,0.707106781186549));
#2364=DIRECTION('center_axis',(0.,0.,1.));
#2365=DIRECTION('ref_axis',(1.,-5.44676186921056E-16,0.));
#2366=DIRECTION('',(0.,-0.707106781186547,0.707106781186548));
#2367=DIRECTION('center_axis',(0.,0.,-1.));
#2368=DIRECTION('ref_axis',(1.,-5.44676186921056E-16,0.));
#2369=DIRECTION('center_axis',(1.47196168001604E-16,0.707106781186548,0.707106781186547));
#2370=DIRECTION('ref_axis',(1.,0.,-2.08166817117217E-16));
#2371=DIRECTION('',(0.,-0.707106781186547,0.707106781186548));
#2372=DIRECTION('',(-1.,2.08166817117217E-16,0.));
#2373=DIRECTION('center_axis',(0.,0.,1.));
#2374=DIRECTION('ref_axis',(0.,-1.,0.));
#2375=DIRECTION('',(-0.707106781186547,-3.2710259555912E-16,0.707106781186548));
#2376=DIRECTION('center_axis',(0.,0.,-1.));
#2377=DIRECTION('ref_axis',(0.,-1.,0.));
#2378=DIRECTION('center_axis',(0.707106781186546,0.,0.707106781186549));
#2379=DIRECTION('ref_axis',(0.707106781186549,0.,-0.707106781186546));
#2380=DIRECTION('',(0.,1.,0.));
#2381=DIRECTION('center_axis',(0.,0.,-1.));
#2382=DIRECTION('ref_axis',(1.,0.,0.));
#2383=DIRECTION('',(0.,-0.707106781186548,-0.707106781186547));
#2384=DIRECTION('center_axis',(0.,0.,1.));
#2385=DIRECTION('ref_axis',(1.,0.,0.));
#2386=DIRECTION('center_axis',(-9.81307786677362E-17,-0.707106781186549,
0.707106781186546));
#2387=DIRECTION('ref_axis',(1.,0.,1.38777878078145E-16));
#2388=DIRECTION('',(0.,-0.707106781186546,-0.707106781186549));
#2389=DIRECTION('',(1.,-1.38777878078145E-16,0.));
#2390=DIRECTION('center_axis',(0.,0.,-1.));
#2391=DIRECTION('ref_axis',(0.,-1.,0.));
#2392=DIRECTION('',(-0.707106781186548,0.,-0.707106781186548));
#2393=DIRECTION('center_axis',(0.,0.,1.));
#2394=DIRECTION('ref_axis',(0.,-1.,0.));
#2395=DIRECTION('center_axis',(-0.707106781186546,0.,0.707106781186549));
#2396=DIRECTION('ref_axis',(0.707106781186549,0.,0.707106781186546));
#2397=DIRECTION('',(0.,-1.,0.));
#2398=DIRECTION('center_axis',(-1.,0.,0.));
#2399=DIRECTION('ref_axis',(0.,-1.,0.));
#2400=DIRECTION('',(0.,0.,1.));
#2401=DIRECTION('center_axis',(-2.08166817117217E-16,-1.,0.));
#2402=DIRECTION('ref_axis',(1.,-2.08166817117217E-16,0.));
#2403=DIRECTION('',(0.,0.,1.));
#2404=DIRECTION('',(0.,0.,1.));
#2405=DIRECTION('center_axis',(0.,0.,1.));
#2406=DIRECTION('ref_axis',(0.,-1.,0.));
#2407=DIRECTION('center_axis',(1.,0.,0.));
#2408=DIRECTION('ref_axis',(0.,1.,0.));
#2409=DIRECTION('',(0.,0.,1.));
#2410=DIRECTION('center_axis',(0.,0.,1.));
#2411=DIRECTION('ref_axis',(1.,-5.44676186921056E-16,0.));
#2412=DIRECTION('center_axis',(-0.894427190999915,0.,-0.44721359549996));
#2413=DIRECTION('ref_axis',(-0.44721359549996,0.,0.894427190999915));
#2414=DIRECTION('',(0.44721359549996,4.65475153733867E-18,-0.894427190999915));
#2415=DIRECTION('center_axis',(-1.38777878078145E-17,1.,-1.73472347597681E-18));
#2416=DIRECTION('ref_axis',(0.,1.73472347597681E-18,1.));
#2417=DIRECTION('center_axis',(0.,0.,1.));
#2418=DIRECTION('ref_axis',(1.,0.,0.));
#2419=DIRECTION('center_axis',(0.,0.,-1.));
#2420=DIRECTION('ref_axis',(0.,-1.,0.));
#2421=DIRECTION('',(1.,0.,0.));
#2422=DIRECTION('center_axis',(0.,0.,-1.));
#2423=DIRECTION('ref_axis',(0.,1.,0.));
#2424=DIRECTION('',(-1.,0.,0.));
#2425=DIRECTION('center_axis',(0.707106781186546,-0.707106781186549,0.));
#2426=DIRECTION('ref_axis',(0.,0.,-1.));
#2427=DIRECTION('',(0.,0.,1.));
#2428=DIRECTION('',(-0.577350269189628,-0.577350269189625,0.577350269189625));
#2429=DIRECTION('center_axis',(-0.707106781186546,-0.707106781186549,0.));
#2430=DIRECTION('ref_axis',(0.,0.,1.));
#2431=DIRECTION('',(-0.577350269189628,0.577350269189625,-0.577350269189625));
#2432=DIRECTION('',(0.,0.,-1.));
#2433=DIRECTION('center_axis',(0.,0.,1.));
#2434=DIRECTION('ref_axis',(0.,1.,0.));
#2435=DIRECTION('center_axis',(0.,0.,-1.));
#2436=DIRECTION('ref_axis',(0.,1.,0.));
#2437=DIRECTION('',(0.,0.,-1.));
#2438=DIRECTION('',(0.,0.,-1.));
#2439=DIRECTION('center_axis',(0.,1.,0.));
#2440=DIRECTION('ref_axis',(-1.,0.,0.));
#2441=DIRECTION('',(-1.,0.,0.));
#2442=DIRECTION('',(0.,0.,-1.));
#2443=DIRECTION('center_axis',(0.,0.,1.));
#2444=DIRECTION('ref_axis',(0.,-1.,0.));
#2445=DIRECTION('center_axis',(0.,0.,-1.));
#2446=DIRECTION('ref_axis',(0.,-1.,0.));
#2447=DIRECTION('',(0.,0.,-1.));
#2448=DIRECTION('center_axis',(0.,-1.,0.));
#2449=DIRECTION('ref_axis',(1.,0.,0.));
#2450=DIRECTION('',(1.,0.,0.));
#2451=DIRECTION('center_axis',(-1.,0.,0.));
#2452=DIRECTION('ref_axis',(0.,1.,0.));
#2453=DIRECTION('',(0.,0.,-1.));
#2454=DIRECTION('',(0.,1.,0.));
#2455=DIRECTION('center_axis',(0.,0.,1.));
#2456=DIRECTION('ref_axis',(1.,0.,0.));
#2457=DIRECTION('',(0.,-1.,0.));
#2458=DIRECTION('center_axis',(0.,0.,1.));
#2459=DIRECTION('ref_axis',(-1.,0.,0.));
#2460=DIRECTION('',(1.,-1.38777878078145E-16,0.));
#2461=DIRECTION('center_axis',(0.,0.,1.));
#2462=DIRECTION('ref_axis',(0.,1.,0.));
#2463=DIRECTION('center_axis',(1.,0.,0.));
#2464=DIRECTION('ref_axis',(0.,-1.,0.));
#2465=DIRECTION('',(0.,0.,-1.));
#2466=DIRECTION('center_axis',(0.,-0.707106781186548,-0.707106781186547));
#2467=DIRECTION('ref_axis',(-1.,0.,0.));
#2468=DIRECTION('',(1.,0.,0.));
#2469=DIRECTION('center_axis',(0.,1.,0.));
#2470=DIRECTION('ref_axis',(0.,0.,1.));
#2471=DIRECTION('center_axis',(0.,0.,-1.));
#2472=DIRECTION('ref_axis',(-1.,0.,0.));
#2473=DIRECTION('',(0.,0.,-1.));
#2474=DIRECTION('center_axis',(0.,0.,-1.));
#2475=DIRECTION('ref_axis',(0.,1.,0.));
#2476=DIRECTION('',(0.,0.,-1.));
#2477=DIRECTION('center_axis',(-1.38777878078145E-16,-1.,0.));
#2478=DIRECTION('ref_axis',(-1.,1.38777878078145E-16,0.));
#2479=DIRECTION('center_axis',(0.,-1.,0.));
#2480=DIRECTION('ref_axis',(-1.,0.,0.));
#2481=DIRECTION('',(-1.,0.,0.));
#2482=DIRECTION('',(0.,0.,-1.));
#2483=DIRECTION('',(-1.,0.,0.));
#2484=DIRECTION('',(0.,0.,-1.));
#2485=DIRECTION('center_axis',(1.,0.,0.));
#2486=DIRECTION('ref_axis',(0.,-1.,0.));
#2487=DIRECTION('',(0.,-1.,0.));
#2488=DIRECTION('',(0.,-1.,0.));
#2489=DIRECTION('',(0.,0.,-1.));
#2490=DIRECTION('center_axis',(0.,1.,0.));
#2491=DIRECTION('ref_axis',(1.,0.,0.));
#2492=DIRECTION('',(1.,0.,0.));
#2493=DIRECTION('',(1.,0.,0.));
#2494=DIRECTION('',(0.,0.,-1.));
#2495=DIRECTION('center_axis',(1.,0.,0.));
#2496=DIRECTION('ref_axis',(0.,-1.,0.));
#2497=DIRECTION('',(0.,-1.,0.));
#2498=DIRECTION('',(0.,-1.,0.));
#2499=DIRECTION('',(0.,0.,-1.));
#2500=DIRECTION('center_axis',(0.,-1.,0.));
#2501=DIRECTION('ref_axis',(-1.,0.,0.));
#2502=DIRECTION('',(-1.,0.,0.));
#2503=DIRECTION('',(-1.,0.,0.));
#2504=DIRECTION('',(0.,0.,-1.));
#2505=DIRECTION('center_axis',(1.,0.,0.));
#2506=DIRECTION('ref_axis',(0.,-1.,0.));
#2507=DIRECTION('',(0.,-1.,0.));
#2508=DIRECTION('',(0.,-1.,0.));
#2509=DIRECTION('',(0.,0.,-1.));
#2510=DIRECTION('center_axis',(0.,1.,0.));
#2511=DIRECTION('ref_axis',(1.,0.,0.));
#2512=DIRECTION('',(1.,0.,0.));
#2513=DIRECTION('',(1.,0.,0.));
#2514=DIRECTION('',(0.,0.,-1.));
#2515=DIRECTION('center_axis',(-1.,0.,0.));
#2516=DIRECTION('ref_axis',(0.,1.,0.));
#2517=DIRECTION('',(0.,1.,0.));
#2518=DIRECTION('',(0.,1.,0.));
#2519=DIRECTION('center_axis',(0.,0.,1.));
#2520=DIRECTION('ref_axis',(-1.,0.,0.));
#2521=DIRECTION('center_axis',(0.,0.,-1.));
#2522=DIRECTION('ref_axis',(-1.,0.,0.));
#2523=DIRECTION('',(0.,0.,1.));
#2524=DIRECTION('',(1.,0.,0.));
#2525=CARTESIAN_POINT('',(0.,0.,0.));
#2526=CARTESIAN_POINT('',(0.,0.,0.));
#2527=CARTESIAN_POINT('Origin',(9.64999977201223,-1.27267876324728,4.81187481802991));
#2528=CARTESIAN_POINT('',(9.79999977201224,-1.12267876324728,5.11187481802991));
#2529=CARTESIAN_POINT('',(9.64999981343331,-1.2726787218262,4.96187463593331));
#2530=CARTESIAN_POINT('',(11.3012508541843,0.378572318924784,6.61312813724373));
#2531=CARTESIAN_POINT('',(9.79999977201224,-1.12267876324728,5.26187481802991));
#2532=CARTESIAN_POINT('',(9.79999977201224,-1.12267876324728,4.81187481802991));
#2533=CARTESIAN_POINT('',(9.64999977201224,-1.27267876324728,5.41187481802991));
#2534=CARTESIAN_POINT('',(11.4762524200526,0.55357388479304,3.5856221699896));
#2535=CARTESIAN_POINT('',(9.49999977201223,-1.42267831621243,5.41187481802991));
#2536=CARTESIAN_POINT('',(23.1643790467526,12.241700511493,5.41187481802991));
#2537=CARTESIAN_POINT('',(9.49999977201223,-1.42267831621243,4.96187463872727));
#2538=CARTESIAN_POINT('',(9.49999977201223,-1.42267831621243,4.51187481802991));
#2539=CARTESIAN_POINT('',(7.26437878304866,-3.65829975221084,4.96187468036896));
#2540=CARTESIAN_POINT('Origin',(19.7075156602541,-1.12267876324728,5.11187481802991));
#2541=CARTESIAN_POINT('',(21.6825155149679,-1.12267876324728,5.11187481802991));
#2542=CARTESIAN_POINT('',(19.7075156602541,-1.12267876324728,5.11187481802991));
#2543=CARTESIAN_POINT('',(21.6825155149679,-1.12267876324728,5.26187481802991));
#2544=CARTESIAN_POINT('',(21.6825155149679,-1.12267876324728,4.90562481802991));
#2545=CARTESIAN_POINT('',(19.7075156602541,-1.12267876324728,5.26187481802991));
#2546=CARTESIAN_POINT('Origin',(19.7075156602541,-1.27267853972986,4.96187481802991));
#2547=CARTESIAN_POINT('',(21.5325153350602,-1.27267894315497,4.9618744146042));
#2548=CARTESIAN_POINT('',(9.73251551003201,-1.27267872336317,4.96187463439633));
#2549=CARTESIAN_POINT('',(21.2179327139374,-1.58726156427774,4.6472913247161));
#2550=CARTESIAN_POINT('Origin',(-0.242484633670832,-0.922678316212433,4.96187482019519));
#2551=CARTESIAN_POINT('',(21.3825159620027,-1.42267831621243,4.96187441739816));
#2552=CARTESIAN_POINT('',(-0.367484633391613,-1.42267831621243,4.9618748225235));
#2553=CARTESIAN_POINT('',(16.0762658143067,-6.72892846390847,4.96187451437212));
#2554=CARTESIAN_POINT('Origin',(3.04477720460225,-1.27267876324728,4.81187481802991));
#2555=CARTESIAN_POINT('',(2.89477720460225,-1.12267876324728,5.26187481802991));
#2556=CARTESIAN_POINT('',(3.04477720460225,-1.27267876324728,5.41187481802991));
#2557=CARTESIAN_POINT('',(5.67190028054423,-3.89980183918926,8.03899789397189));
#2558=CARTESIAN_POINT('',(2.89477720460225,-1.12267876324728,5.11187481802991));
#2559=CARTESIAN_POINT('',(2.89477720460225,-1.12267876324728,4.81187481802991));
#2560=CARTESIAN_POINT('',(3.04477704014949,-1.27267859879451,4.96187475896517));
#2561=CARTESIAN_POINT('',(5.84689742237572,-4.07479898102074,2.15975020124799));
#2562=CARTESIAN_POINT('',(3.19477720460225,-1.42267831621243,4.9618747561712));
#2563=CARTESIAN_POINT('',(2.13546163397376,-0.363363192618787,4.96187477590249));
#2564=CARTESIAN_POINT('',(3.19477720460225,-1.42267831621243,5.41187481802991));
#2565=CARTESIAN_POINT('',(3.19477720460225,-1.42267831621243,4.51187481802991));
#2566=CARTESIAN_POINT('',(2.16046166670967,-0.3883632253547,5.41187481802991));
#2567=CARTESIAN_POINT('Origin',(19.7075156602541,-1.12267876324728,5.26187481802991));
#2568=CARTESIAN_POINT('',(0.847582239099209,-1.27267876324728,5.41187481802991));
#2569=CARTESIAN_POINT('',(25.6575158111284,-1.27267876324728,5.41187481802991));
#2570=CARTESIAN_POINT('',(0.55395070454215,-1.12267876324728,5.26187481802991));
#2571=CARTESIAN_POINT('Origin',(1.6075153585057,0.577321683787566,3.56187437099507));
#2572=CARTESIAN_POINT('',(19.7075156602541,-1.12267876324728,5.26187481802991));
#2573=CARTESIAN_POINT('Origin',(31.6075159620027,30.8273221457236,5.41187481802991));
#2574=CARTESIAN_POINT('',(1.6075153585057,-1.42267831621243,5.41187481802991));
#2575=CARTESIAN_POINT('',(9.70751550937991,-1.42267831621243,5.41187481802991));
#2576=CARTESIAN_POINT('Origin',(1.6075153585057,0.577321683787566,5.41187481802991));
#2577=CARTESIAN_POINT('Origin',(-0.492484641494297,-1.42267831621243,4.51187481802991));
#2578=CARTESIAN_POINT('',(21.3825159620027,-1.42267831621243,5.41187481802991));
#2579=CARTESIAN_POINT('',(9.70751550937991,-1.42267831621243,5.41187481802991));
#2580=CARTESIAN_POINT('',(21.3825159620027,-1.42267831621243,5.76187481802991));
#2581=CARTESIAN_POINT('',(21.3825159620027,-1.42267831621243,4.51187481802991));
#2582=CARTESIAN_POINT('',(29.3825159620027,-1.42267831621243,5.76187481802991));
#2583=CARTESIAN_POINT('',(10.4450156602542,-1.42267831621243,5.76187481802991));
#2584=CARTESIAN_POINT('',(29.3825159620027,-1.42267831621243,5.41187481802991));
#2585=CARTESIAN_POINT('',(29.3825159620027,-1.42267831621243,4.88687481802991));
#2586=CARTESIAN_POINT('',(31.9075159620027,-1.42267831621243,5.41187481802991));
#2587=CARTESIAN_POINT('',(15.5575156602542,-1.42267831621243,5.41187481802991));
#2588=CARTESIAN_POINT('',(31.9075159620027,-1.42267831621243,6.01187481802991));
#2589=CARTESIAN_POINT('',(31.9075159620027,-1.42267831621243,4.51187481802991));
#2590=CARTESIAN_POINT('',(1.6075153585057,-1.42267831621243,6.01187481802991));
#2591=CARTESIAN_POINT('',(8.13251550937996,-1.42267831621243,6.01187481802991));
#2592=CARTESIAN_POINT('',(1.6075153585057,-1.42267831621243,4.51187481802991));
#2593=CARTESIAN_POINT('',(1.6075153585057,-1.42267831621243,4.96187478573626));
#2594=CARTESIAN_POINT('',(-0.367484633391613,-1.42267831621243,4.9618748225235));
#2595=CARTESIAN_POINT('',(1.6075153585057,-1.42267831621243,4.51187481802991));
#2596=CARTESIAN_POINT('',(1.6075153585057,-1.42267831621243,4.51187481802991));
#2597=CARTESIAN_POINT('',(21.3825159620027,-1.42267831621243,4.51187481802991));
#2598=CARTESIAN_POINT('',(-0.492484641494297,-1.42267831621243,4.51187481802991));
#2599=CARTESIAN_POINT('',(21.3825159620027,-1.42267831621243,4.51187481802991));
#2600=CARTESIAN_POINT('Origin',(16.7575156602542,14.9773219147556,4.51187481802991));
#2601=CARTESIAN_POINT('',(-0.392484641494299,0.577321683787564,4.51187481802991));
#2602=CARTESIAN_POINT('Origin',(1.6075153585057,0.577321683787566,4.51187481802991));
#2603=CARTESIAN_POINT('',(-0.392484641494304,28.3773221457236,4.51187481802991));
#2604=CARTESIAN_POINT('',(-0.392484641494303,21.7273220302396,4.51187481802991));
#2605=CARTESIAN_POINT('',(2.1075153585057,30.8773221457236,4.51187481802991));
#2606=CARTESIAN_POINT('Origin',(2.1075153585057,28.3773221457236,4.51187481802991));
#2607=CARTESIAN_POINT('',(31.4075159620027,30.8773221457236,4.51187481802991));
#2608=CARTESIAN_POINT('',(24.1325158111285,30.8773221457236,4.51187481802991));
#2609=CARTESIAN_POINT('',(33.9075159620027,28.3773221457236,4.51187481802991));
#2610=CARTESIAN_POINT('Origin',(31.4075159620027,28.3773221457236,4.51187481802991));
#2611=CARTESIAN_POINT('',(33.9075159620027,0.577321683787567,4.51187481802991));
#2612=CARTESIAN_POINT('',(33.9075159620027,6.97732179927157,4.51187481802991));
#2613=CARTESIAN_POINT('',(31.9075159620027,-1.42267831621243,4.51187481802991));
#2614=CARTESIAN_POINT('Origin',(31.9075159620027,0.577321683787567,4.51187481802991));
#2615=CARTESIAN_POINT('',(29.3825159620027,-1.42267831621243,4.51187481802991));
#2616=CARTESIAN_POINT('',(8.13251550937996,-1.42267831621243,4.51187481802991));
#2617=CARTESIAN_POINT('',(28.8825159620027,-0.922678316212433,4.51187481802991));
#2618=CARTESIAN_POINT('',(22.1012658288236,5.85857181696667,4.51187481802991));
#2619=CARTESIAN_POINT('',(21.8825159620027,-0.922678316212433,4.51187481802991));
#2620=CARTESIAN_POINT('',(21.0700158111285,-0.922678316212433,4.51187481802991));
#2621=CARTESIAN_POINT('',(24.3512659443076,1.54607166609242,4.51187481802991));
#2622=CARTESIAN_POINT('',(32.5000004768372,18.4511257366999,4.51187481802991));
#2623=CARTESIAN_POINT('',(9.49999977201223,18.4511257366999,4.51187481802991));
#2624=CARTESIAN_POINT('',(23.3787580536445,18.4511257366999,4.51187481802991));
#2625=CARTESIAN_POINT('',(9.49999977201223,-0.522678316212443,4.51187481802991));
#2626=CARTESIAN_POINT('',(9.49999977201223,7.28866096184813,4.51187481802991));
#2627=CARTESIAN_POINT('',(29.6999993517995,-0.522678316212443,4.51187481802991));
#2628=CARTESIAN_POINT('',(18.17875761108,-0.522678316212444,4.51187481802991));
#2629=CARTESIAN_POINT('',(29.6999993517995,6.50000017136336,4.51187481802991));
#2630=CARTESIAN_POINT('',(29.6999993517995,7.28866096184813,4.51187481802991));
#2631=CARTESIAN_POINT('',(32.5000004768372,6.50000017136335,4.51187481802991));
#2632=CARTESIAN_POINT('',(23.3787580536445,6.50000017136336,4.51187481802991));
#2633=CARTESIAN_POINT('',(32.5000004768372,13.2386610430595,4.51187481802991));
#2634=CARTESIAN_POINT('',(5.3475153585057,-0.681416462665308,4.51187481802991));
#2635=CARTESIAN_POINT('',(7.3475153585057,-0.681416462665308,4.51187481802991));
#2636=CARTESIAN_POINT('',(11.05251550938,-0.681416462665309,4.51187481802991));
#2637=CARTESIAN_POINT('',(8.87625351240916,0.847321691238145,4.51187481802991));
#2638=CARTESIAN_POINT('Origin',(7.3475153585057,0.847321691238146,4.51187481802991));
#2639=CARTESIAN_POINT('',(8.87625351240916,15.8473216912381,4.51187481802991));
#2640=CARTESIAN_POINT('',(8.87625351240915,7.91232180299685,4.51187481802991));
#2641=CARTESIAN_POINT('',(3.81877720460225,15.8473216912381,4.51187481802991));
#2642=CARTESIAN_POINT('',(12.8168845863317,15.8473216912381,4.51187481802991));
#2643=CARTESIAN_POINT('',(3.81877720460225,0.847321691238145,4.51187481802991));
#2644=CARTESIAN_POINT('',(3.81877720460225,15.4123218029969,4.51187481802991));
#2645=CARTESIAN_POINT('Origin',(5.3475153585057,0.847321691238146,4.51187481802991));
#2646=CARTESIAN_POINT('Origin',(31.6075159620027,30.8273221457236,5.41187481802991));
#2647=CARTESIAN_POINT('',(21.5325155149679,-1.27267876324728,5.41187481802991));
#2648=CARTESIAN_POINT('',(25.6575158111284,-1.27267876324728,5.41187481802991));
#2649=CARTESIAN_POINT('',(21.1262657748069,-1.6789285034083,5.41187481802991));
#2650=CARTESIAN_POINT('Origin',(19.7075156602541,-1.12267876324728,5.26187481802991));
#2651=CARTESIAN_POINT('',(21.4304323548605,-1.37476192335462,5.51395797813726));
#2652=CARTESIAN_POINT('Origin',(32.0000004768372,11.5000001713634,4.51187481802991));
#2653=CARTESIAN_POINT('',(32.0000004768372,18.4511257366999,5.01187481802992));
#2654=CARTESIAN_POINT('',(32.0000004768372,18.4511257366999,5.51187481802991));
#2655=CARTESIAN_POINT('',(32.0000004768372,18.4511257366999,5.01187481802991));
#2656=CARTESIAN_POINT('',(32.0000004768372,9.00000017136335,5.01187481802991));
#2657=CARTESIAN_POINT('',(32.0000004768372,13.2386610430595,5.01187481802991));
#2658=CARTESIAN_POINT('',(32.0000004768372,11.5000001713634,5.51187481802991));
#2659=CARTESIAN_POINT('',(32.0000004768372,10.1538463252095,5.24264404879914));
#2660=CARTESIAN_POINT('',(32.0000004768372,17.5000002607703,5.51187481802991));
#2661=CARTESIAN_POINT('Origin',(32.2500004768372,13.2386610430595,4.76187481802991));
#2662=CARTESIAN_POINT('',(31.5000004693866,18.4511257366999,5.51187482548049));
#2663=CARTESIAN_POINT('',(31.4571384993988,11.7143100585553,5.5547367954683));
#2664=CARTESIAN_POINT('Origin',(31.9075159620027,0.577321683787567,4.51187481802991));
#2665=CARTESIAN_POINT('',(33.9075159620027,0.577321683787567,6.01187481802991));
#2666=CARTESIAN_POINT('Origin',(31.9075159620027,0.577321683787567,6.01187481802991));
#2667=CARTESIAN_POINT('',(32.6674490814092,-1.27267876324727,5.41187481802991));
#2668=CARTESIAN_POINT('Origin',(31.9075159620027,0.577321683787567,5.41187481802991));
#2669=CARTESIAN_POINT('',(32.9610806159663,-1.12267876324728,5.26187481802991));
#2670=CARTESIAN_POINT('Origin',(31.9075159620027,0.577321683787567,3.56187437099507));
#2671=CARTESIAN_POINT('',(32.9610806159663,-1.12267876324728,5.11187481802991));
#2672=CARTESIAN_POINT('',(32.9610806159663,-1.12267876324728,4.51187481802991));
#2673=CARTESIAN_POINT('',(32.6674493561985,-1.27267865037081,4.96187470738879));
#2674=CARTESIAN_POINT('Origin',(31.9075159620027,0.577321683787567,6.81187779826659));
#2675=CARTESIAN_POINT('',(31.9075159620027,-1.42267831621243,4.96187481802991));
#2676=CARTESIAN_POINT('Origin',(31.9075159620027,0.577321683787567,4.96187470738879));
#2677=CARTESIAN_POINT('',(31.9075159620027,-1.42267831621243,4.51187481802991));
#2678=CARTESIAN_POINT('',(33.9075159620027,0.577321683787567,4.96187470738879));
#2679=CARTESIAN_POINT('',(33.9075159620027,0.577321683787567,4.51187481802991));
#2680=CARTESIAN_POINT('',(33.7575173120542,-0.182609237288674,4.96187470738879));
#2681=CARTESIAN_POINT('Origin',(31.9075159620027,0.577321683787567,4.96187470738879));
#2682=CARTESIAN_POINT('',(33.607514605252,-0.476245880704911,5.11187470403603));
#2683=CARTESIAN_POINT('Origin',(31.9075159620027,0.577321683787567,6.81184263277477));
#2684=CARTESIAN_POINT('',(33.607514605252,-0.476245880704911,5.26187481802991));
#2685=CARTESIAN_POINT('',(33.607514605252,-0.476245880704911,4.51187481802991));
#2686=CARTESIAN_POINT('',(33.7575147225987,-0.182615541115387,5.41187481802991));
#2687=CARTESIAN_POINT('Origin',(31.9075159620027,0.577321683787567,3.56187750470824));
#2688=CARTESIAN_POINT('',(33.9075159620027,0.577321683787566,5.41187481802991));
#2689=CARTESIAN_POINT('Origin',(31.9075159620027,0.577321683787567,5.41187481802991));
#2690=CARTESIAN_POINT('',(33.9075159620027,0.577321683787567,4.51187481802991));
#2691=CARTESIAN_POINT('Origin',(33.607514605252,-1.02267831621243,5.11187470403603));
#2692=CARTESIAN_POINT('',(33.607514605252,29.5647588681224,5.11187470403603));
#2693=CARTESIAN_POINT('',(33.607514605252,-1.02267831621243,5.11187470403603));
#2694=CARTESIAN_POINT('',(33.607514605252,29.5647588681224,5.26187481802991));
#2695=CARTESIAN_POINT('',(33.607514605252,29.5647588681224,4.51187481802991));
#2696=CARTESIAN_POINT('',(33.607514605252,-1.02267831621243,5.26187481802991));
#2697=CARTESIAN_POINT('Origin',(33.7575169662944,-1.02267831621243,4.9618750531423));
#2698=CARTESIAN_POINT('',(33.7575173120542,29.2302545315293,4.96187470738879));
#2699=CARTESIAN_POINT('',(33.7575173120542,14.9523213427372,4.96187470738879));
#2700=CARTESIAN_POINT('Origin',(31.4075159620027,28.3773221457236,7.311833599088));
#2701=CARTESIAN_POINT('Origin',(33.9075159620027,-1.02267831621243,4.51187481802991));
#2702=CARTESIAN_POINT('',(33.9075159620027,28.3773221457236,4.96187470738879));
#2703=CARTESIAN_POINT('',(33.9075159620027,28.3773221457236,4.51187481802991));
#2704=CARTESIAN_POINT('',(33.9075159620027,14.9523213427372,4.96187470738879));
#2705=CARTESIAN_POINT('Origin',(31.6075159620027,30.8273221457236,5.41187481802991));
#2706=CARTESIAN_POINT('',(29.2325164090376,-1.27267876324728,5.41187481802991));
#2707=CARTESIAN_POINT('',(26.8012659983243,1.15857164746601,5.41187481802991));
#2708=CARTESIAN_POINT('',(25.5575158111284,-1.27267876324727,5.41187481802991));
#2709=CARTESIAN_POINT('Origin',(-0.492484641494297,-1.42267831621243,4.51187481802991));
#2710=CARTESIAN_POINT('',(29.3825159620027,-1.42267831621243,4.96187481802991));
#2711=CARTESIAN_POINT('',(9.50751550937991,-1.42267831621243,4.96187481802991));
#2712=CARTESIAN_POINT('',(29.3825159620027,-1.42267831621243,4.88687481802991));
#2713=CARTESIAN_POINT('Origin',(31.4075159620027,30.8273210016869,4.96187470738879));
#2714=CARTESIAN_POINT('',(29.2325161855202,-1.27267853972986,4.96187481802991));
#2715=CARTESIAN_POINT('',(25.5575158111284,-1.27267865037081,4.96187470738879));
#2716=CARTESIAN_POINT('',(26.8387658865656,1.12107175922472,4.96187481802991));
#2717=CARTESIAN_POINT('Origin',(31.4075159620027,30.8273210016869,4.96187470738879));
#2718=CARTESIAN_POINT('Origin',(31.4075159620027,28.3773221457236,4.96187470738879));
#2719=CARTESIAN_POINT('Origin',(19.7075156602541,-1.27267853972986,4.96187481802991));
#2720=CARTESIAN_POINT('',(29.0825164090376,-1.12267876324728,5.11187481802991));
#2721=CARTESIAN_POINT('',(19.7075156602541,-1.12267876324728,5.11187481802991));
#2722=CARTESIAN_POINT('',(27.5929342909789,0.366903354811437,6.60145915574225));
#2723=CARTESIAN_POINT('Origin',(1.6075153585057,0.577321683787566,4.51187481802991));
#2724=CARTESIAN_POINT('',(-0.24248474647645,-0.182612268320132,4.96187470738879));
#2725=CARTESIAN_POINT('',(-0.392484641494298,0.577321683787566,4.96187482298916));
#2726=CARTESIAN_POINT('Origin',(1.6075153585057,0.577321683787566,4.96187478573626));
#2727=CARTESIAN_POINT('',(-0.392484641494298,0.577321683787566,4.51187481802991));
#2728=CARTESIAN_POINT('',(0.847581739120401,-1.27267855786862,4.96187479989112));
#2729=CARTESIAN_POINT('Origin',(1.6075153585057,0.577321683787566,4.96187478573626));
#2730=CARTESIAN_POINT('',(0.55395070454215,-1.12267876324728,5.11187481802991));
#2731=CARTESIAN_POINT('Origin',(1.6075153585057,0.577321683787566,6.81187779826659));
#2732=CARTESIAN_POINT('',(0.55395070454215,-1.12267876324728,4.51187481802991));
#2733=CARTESIAN_POINT('',(-0.392484641494298,0.577321683787566,6.01187481802991));
#2734=CARTESIAN_POINT('Origin',(1.6075153585057,0.577321683787566,6.01187481802991));
#2735=CARTESIAN_POINT('',(-0.392484641494298,0.577321683787566,5.41187469733051));
#2736=CARTESIAN_POINT('',(-0.392484641494298,0.577321683787566,4.51187481802991));
#2737=CARTESIAN_POINT('',(-0.242484754370691,-0.182612249102217,5.41187481802991));
#2738=CARTESIAN_POINT('Origin',(1.6075153585057,0.577321683787566,5.41187481802991));
#2739=CARTESIAN_POINT('',(-0.0924846370239507,-0.47624369871092,5.26187481802991));
#2740=CARTESIAN_POINT('Origin',(1.6075153585057,0.577321683787566,3.56187615242893));
#2741=CARTESIAN_POINT('',(-0.0924846370239507,-0.47624369871092,5.11187470403603));
#2742=CARTESIAN_POINT('',(-0.0924846370239507,-0.47624369871092,4.51187481802991));
#2743=CARTESIAN_POINT('Origin',(1.6075153585057,0.577321683787566,6.81188761391087));
#2744=CARTESIAN_POINT('Origin',(-0.242484633671189,-1.02267831621243,5.41187469733051));
#2745=CARTESIAN_POINT('',(-0.242484754370691,29.2302579401893,5.41187481802991));
#2746=CARTESIAN_POINT('',(-0.242484754370691,14.9523219147556,5.41187481802991));
#2747=CARTESIAN_POINT('',(-0.0924846370239507,29.5647563627097,5.26187481802991));
#2748=CARTESIAN_POINT('Origin',(2.1075153585057,28.3773221457236,3.06187654358442));
#2749=CARTESIAN_POINT('',(-0.0924846370239508,-1.02267831621243,5.26187481802991));
#2750=CARTESIAN_POINT('Origin',(-0.392484641494303,28.4773221457236,4.51187481802991));
#2751=CARTESIAN_POINT('',(-0.392484641494304,28.3773221457236,6.01187481802991));
#2752=CARTESIAN_POINT('',(-0.392484641494303,21.7273220302396,6.01187481802991));
#2753=CARTESIAN_POINT('',(-0.392484641494303,28.3773221457236,5.41187481802991));
#2754=CARTESIAN_POINT('',(-0.392484641494303,28.3773221457236,4.51187481802991));
#2755=CARTESIAN_POINT('',(-0.3924846414943,13.7273219147556,5.41187469733051));
#2756=CARTESIAN_POINT('Origin',(16.7575156602542,14.9773219147556,6.01187481802991));
#2757=CARTESIAN_POINT('',(33.9075159620027,28.3773221457236,6.01187481802991));
#2758=CARTESIAN_POINT('',(33.9075159620027,6.97732179927157,6.01187481802991));
#2759=CARTESIAN_POINT('',(31.4075159620027,30.8773221457236,6.01187481802991));
#2760=CARTESIAN_POINT('Origin',(31.4075159620027,28.3773221457236,6.01187481802991));
#2761=CARTESIAN_POINT('',(2.1075153585057,30.8773221457236,6.01187481802991));
#2762=CARTESIAN_POINT('',(31.5075159620027,30.8773221457236,6.01187481802991));
#2763=CARTESIAN_POINT('Origin',(2.1075153585057,28.3773221457236,6.01187481802991));
#2764=CARTESIAN_POINT('',(7.3475153585057,-0.981416462665307,6.01187481802991));
#2765=CARTESIAN_POINT('',(9.17625351240915,0.847321691238145,6.01187481802991));
#2766=CARTESIAN_POINT('Origin',(7.3475153585057,0.847321691238146,6.01187481802991));
#2767=CARTESIAN_POINT('',(5.3475153585057,-0.981416462665308,6.01187481802991));
#2768=CARTESIAN_POINT('',(11.05251550938,-0.981416462665309,6.01187481802991));
#2769=CARTESIAN_POINT('',(3.51877720460225,0.847321691238145,6.01187481802991));
#2770=CARTESIAN_POINT('Origin',(5.3475153585057,0.847321691238146,6.01187481802991));
#2771=CARTESIAN_POINT('',(3.51877720460225,16.1473216912381,6.01187481802991));
#2772=CARTESIAN_POINT('',(3.51877720460225,15.4123218029969,6.01187481802991));
#2773=CARTESIAN_POINT('',(4.5275153585057,16.1473216912381,6.01187481802991));
#2774=CARTESIAN_POINT('',(11.41751550938,16.1473216912381,6.01187481802991));
#2775=CARTESIAN_POINT('',(4.5275153585057,0.847321691238146,6.01187481802991));
#2776=CARTESIAN_POINT('',(4.5275153585057,7.91232180299685,6.01187481802991));
#2777=CARTESIAN_POINT('',(5.3475153585057,0.0273216912381445,6.01187481802991));
#2778=CARTESIAN_POINT('Origin',(5.3475153585057,0.847321691238146,6.01187481802991));
#2779=CARTESIAN_POINT('',(7.3475153585057,0.0273216912381456,6.01187481802991));
#2780=CARTESIAN_POINT('',(12.05251550938,0.0273216912381435,6.01187481802991));
#2781=CARTESIAN_POINT('',(8.1675153585057,0.847321691238145,6.01187481802991));
#2782=CARTESIAN_POINT('Origin',(7.3475153585057,0.847321691238146,6.01187481802991));
#2783=CARTESIAN_POINT('',(8.1675153585057,16.1473216912381,6.01187481802991));
#2784=CARTESIAN_POINT('',(8.1675153585057,10.9123218029969,6.01187481802991));
#2785=CARTESIAN_POINT('',(9.17625351240915,16.1473216912381,6.01187481802991));
#2786=CARTESIAN_POINT('',(11.41751550938,16.1473216912381,6.01187481802991));
#2787=CARTESIAN_POINT('',(9.17625351240915,7.91232180299685,6.01187481802991));
#2788=CARTESIAN_POINT('Origin',(31.6075159620027,30.8273221457236,5.41187481802991));
#2789=CARTESIAN_POINT('Origin',(2.1075153585057,28.3773221457236,5.41187481802991));
#2790=CARTESIAN_POINT('Origin',(-0.242484633670832,-0.922678316212433,4.96187482019519));
#2791=CARTESIAN_POINT('',(9.73251551003201,-1.27267872336317,4.96187463439633));
#2792=CARTESIAN_POINT('Origin',(19.7075156602541,-1.12267876324728,5.11187481802991));
#2793=CARTESIAN_POINT('',(19.7075156602541,-1.12267876324728,5.11187481802991));
#2794=CARTESIAN_POINT('Origin',(33.607514605252,-1.02267831621243,5.26187481802991));
#2795=CARTESIAN_POINT('',(33.7575147225987,29.2302616659694,5.41187481802991));
#2796=CARTESIAN_POINT('Origin',(31.4075159620027,28.3773221457236,3.06187789586372));
#2797=CARTESIAN_POINT('',(33.7575147225987,14.9523219147556,5.41187481802991));
#2798=CARTESIAN_POINT('Origin',(-0.0924846370239508,-1.02267831621243,5.26187481802991));
#2799=CARTESIAN_POINT('',(-0.0924846370239507,29.5647563627097,5.11187470403603));
#2800=CARTESIAN_POINT('',(-0.0924846370239507,29.5647563627097,4.51187481802991));
#2801=CARTESIAN_POINT('',(-0.0924846370239508,-1.02267831621243,5.11187470403603));
#2802=CARTESIAN_POINT('Origin',(-0.0924850973308263,-1.02267831621243,5.11187539449463));
#2803=CARTESIAN_POINT('',(-0.242484633670832,29.2302582727403,4.96187482019519));
#2804=CARTESIAN_POINT('Origin',(2.1075153585057,28.3773221457236,7.31189107378633));
#2805=CARTESIAN_POINT('',(-0.24248474647645,15.0023213427372,4.96187470738879));
#2806=CARTESIAN_POINT('Origin',(19.7075156602541,-1.12267876324728,5.11187481802991));
#2807=CARTESIAN_POINT('',(29.0825164090376,-1.12267876324728,5.26187481802991));
#2808=CARTESIAN_POINT('',(19.7075156602541,-1.12267876324728,5.26187481802991));
#2809=CARTESIAN_POINT('',(29.0825164090376,-1.12267876324728,5.09312481802991));
#2810=CARTESIAN_POINT('Origin',(19.7075156602541,-1.12267876324728,5.26187481802991));
#2811=CARTESIAN_POINT('',(27.5054328018954,0.454404843894916,3.68479121088772));
#2812=CARTESIAN_POINT('Origin',(31.6075159620027,30.8273221457236,5.41187481802991));
#2813=CARTESIAN_POINT('',(33.9075159620027,28.3773221457236,5.41187481802991));
#2814=CARTESIAN_POINT('Origin',(31.4075159620027,28.3773221457236,5.41187481802991));
#2815=CARTESIAN_POINT('',(33.9075159620027,14.9523219147556,5.41187481802991));
#2816=CARTESIAN_POINT('Origin',(31.4075159620027,28.3773221457236,4.51187481802991));
#2817=CARTESIAN_POINT('',(32.2604520674643,30.7273221457236,5.41187481802991));
#2818=CARTESIAN_POINT('',(31.4075159620027,30.8773221457236,5.41187481802991));
#2819=CARTESIAN_POINT('Origin',(31.4075159620027,28.3773221457236,5.41187481802991));
#2820=CARTESIAN_POINT('',(31.4075159620027,30.8773221457236,4.51187481802991));
#2821=CARTESIAN_POINT('',(33.9075159620027,28.3773221457236,4.51187481802991));
#2822=CARTESIAN_POINT('',(31.4075159620027,30.8773221457236,4.96187470738879));
#2823=CARTESIAN_POINT('',(31.4075159620027,30.8773221457236,4.51187481802991));
#2824=CARTESIAN_POINT('',(32.2604552194947,30.7273210016869,4.96187470738879));
#2825=CARTESIAN_POINT('Origin',(31.4075159620027,28.3773221457236,4.96187470738879));
#2826=CARTESIAN_POINT('',(32.5949501707065,30.5773221457236,5.11187481802991));
#2827=CARTESIAN_POINT('Origin',(31.4075159620027,28.3773221457236,7.31189322011095));
#2828=CARTESIAN_POINT('',(32.5949501707065,30.5773221457236,5.26187481802991));
#2829=CARTESIAN_POINT('',(32.5949501707065,30.5773221457236,4.51187481802991));
#2830=CARTESIAN_POINT('Origin',(31.4075159620027,28.3773221457236,3.06187481802991));
#2831=CARTESIAN_POINT('Origin',(31.4075159620027,30.7273210016869,4.96187470738879));
#2832=CARTESIAN_POINT('',(2.1075153585057,30.8773221457236,4.96187470738879));
#2833=CARTESIAN_POINT('',(31.4075159620027,30.8773221457236,4.96187470738879));
#2834=CARTESIAN_POINT('',(1.25457610101373,30.7273210016869,4.96187470738879));
#2835=CARTESIAN_POINT('Origin',(2.1075153585057,28.3773221457236,4.96187470738879));
#2836=CARTESIAN_POINT('',(31.4075159620027,30.7273210016869,4.96187470738879));
#2837=CARTESIAN_POINT('Origin',(31.5075159620027,30.7273221457236,5.41187481802991));
#2838=CARTESIAN_POINT('',(1.2545792530441,30.7273221457236,5.41187481802991));
#2839=CARTESIAN_POINT('',(31.5075159620027,30.7273221457236,5.41187481802991));
#2840=CARTESIAN_POINT('',(2.1075153585057,30.8773221457236,5.41187481802991));
#2841=CARTESIAN_POINT('Origin',(2.1075153585057,28.3773221457236,5.41187481802991));
#2842=CARTESIAN_POINT('',(31.4575159620027,30.8773221457236,5.41187481802991));
#2843=CARTESIAN_POINT('Origin',(33.9075159620027,-1.02267831621243,4.51187481802991));
#2844=CARTESIAN_POINT('Origin',(31.5075159620027,30.5773221457236,5.11187481802991));
#2845=CARTESIAN_POINT('',(0.920081149801906,30.5773221457236,5.11187481802991));
#2846=CARTESIAN_POINT('',(31.5075159620027,30.5773221457236,5.11187481802991));
#2847=CARTESIAN_POINT('',(0.920081149801906,30.5773221457236,5.26187481802991));
#2848=CARTESIAN_POINT('',(0.920081149801906,30.5773221457236,4.51187481802991));
#2849=CARTESIAN_POINT('',(31.5075159620027,30.5773221457236,5.26187481802991));
#2850=CARTESIAN_POINT('Origin',(31.5075159620027,30.5773221457236,5.11187481802991));
#2851=CARTESIAN_POINT('Origin',(2.1075153585057,28.3773221457236,7.31189322011093));
#2852=CARTESIAN_POINT('Origin',(31.5075159620027,30.5773221457236,5.26187481802991));
#2853=CARTESIAN_POINT('Origin',(2.1075153585057,28.3773221457236,3.06187481802993));
#2854=CARTESIAN_POINT('Origin',(19.7075156602541,-1.27267853972986,4.96187481802991));
#2855=CARTESIAN_POINT('Origin',(-0.392484641494303,28.4773221457236,4.51187481802991));
#2856=CARTESIAN_POINT('',(-0.392484641494303,28.3773221457236,4.96187482298916));
#2857=CARTESIAN_POINT('',(-0.3924846414943,13.8273219147556,4.96187482298916));
#2858=CARTESIAN_POINT('',(-0.392484641494303,28.3773221457236,4.51187481802991));
#2859=CARTESIAN_POINT('Origin',(-0.242484633670832,-0.922678316212433,4.96187482019519));
#2860=CARTESIAN_POINT('Origin',(2.1075153585057,28.3773221457236,4.96187477642303));
#2861=CARTESIAN_POINT('Origin',(2.1075153585057,28.3773221457236,4.51187481802991));
#2862=CARTESIAN_POINT('',(2.1075153585057,30.8773221457236,4.51187481802991));
#2863=CARTESIAN_POINT('',(2.1075153585057,30.8773221457236,4.51187481802991));
#2864=CARTESIAN_POINT('Origin',(31.5075159620027,30.8773221457236,4.51187481802991));
#2865=CARTESIAN_POINT('Origin',(31.5075159620027,30.8773221457236,4.51187481802991));
#2866=CARTESIAN_POINT('Origin',(30.0000004470348,18.4511257366999,5.51187481802991));
#2867=CARTESIAN_POINT('',(9.99999977201223,18.4511257366999,5.51187481802991));
#2868=CARTESIAN_POINT('',(30.0000004470348,18.4511257366999,5.51187481802991));
#2869=CARTESIAN_POINT('',(11.8749998395145,18.4511257366999,9.26187495303443));
#2870=CARTESIAN_POINT('Origin',(9.74999977201223,12.9193301292567,5.01187481802991));
#2871=CARTESIAN_POINT('',(9.99999977201223,-0.522678316212444,5.51187481802991));
#2872=CARTESIAN_POINT('',(9.99999977201223,12.9193301292567,5.51187481802991));
#2873=CARTESIAN_POINT('',(10.7049997510016,-0.522678316212443,6.92187477600864));
#2874=CARTESIAN_POINT('Origin',(23.3787580536445,9.00000017136335,5.01187481802991));
#2875=CARTESIAN_POINT('',(29.1999993517995,11.5000001713634,5.51187481802991));
#2876=CARTESIAN_POINT('',(32.0000004768372,11.5000001713634,5.51187481802991));
#2877=CARTESIAN_POINT('',(29.8165235953841,5.3347577355175,4.27882633086074));
#2878=CARTESIAN_POINT('Origin',(31.000000461936,14.5000002160668,5.51187481802991));
#2879=CARTESIAN_POINT('',(29.1999993517995,-0.522678316212444,5.51187481802991));
#2880=CARTESIAN_POINT('',(29.1999993517995,3.95799116561059,5.51187481802991));
#2881=CARTESIAN_POINT('',(9.49999977201223,-0.522678316212444,5.51187481802991));
#2882=CARTESIAN_POINT('Origin',(11.41751550938,15.9973216912381,5.86187481802991));
#2883=CARTESIAN_POINT('',(3.81877720460225,15.8473216912381,5.71187481802991));
#2884=CARTESIAN_POINT('',(5.05773357010542,14.608365325735,4.47291845252674));
#2885=CARTESIAN_POINT('',(4.2275153585057,15.8473216912381,5.71187481802991));
#2886=CARTESIAN_POINT('',(11.41751550938,15.8473216912381,5.71187481802991));
#2887=CARTESIAN_POINT('',(4.2033487356112,15.8231550683436,5.68770819513541));
#2888=CARTESIAN_POINT('Origin',(6.0775153585057,15.8473216912381,6.01187481802991));
#2889=CARTESIAN_POINT('',(8.87625351240916,15.8473216912381,5.71187481802991));
#2890=CARTESIAN_POINT('',(8.87625351240916,15.8473216912381,4.51187481802991));
#2891=CARTESIAN_POINT('',(8.4675153585057,15.8473216912381,5.71187481802991));
#2892=CARTESIAN_POINT('',(11.41751550938,15.8473216912381,5.71187481802991));
#2893=CARTESIAN_POINT('',(8.4675153585057,15.8473216912381,5.16187481802991));
#2894=CARTESIAN_POINT('',(8.4675153585057,15.8473216912381,6.01187481802991));
#2895=CARTESIAN_POINT('',(4.2275153585057,15.8473216912381,5.16187481802991));
#2896=CARTESIAN_POINT('',(6.7125153585057,15.8473216912381,5.16187481802991));
#2897=CARTESIAN_POINT('',(4.2275153585057,15.8473216912381,6.01187481802991));
#2898=CARTESIAN_POINT('',(3.81877720460225,15.8473216912381,4.51187481802991));
#2899=CARTESIAN_POINT('Origin',(8.3175153585057,10.9123218029969,5.86187481802991));
#2900=CARTESIAN_POINT('',(8.4675153585057,0.847321691238146,5.71187481802991));
#2901=CARTESIAN_POINT('',(8.1675153585057,0.847321691238145,6.01187481802991));
#2902=CARTESIAN_POINT('',(8.4675153585057,10.9123218029969,5.71187481802991));
#2903=CARTESIAN_POINT('',(8.4675153585057,15.8473216912381,5.71187481802991));
#2904=CARTESIAN_POINT('Origin',(11.41751550938,15.9973216912381,5.86187481802991));
#2905=CARTESIAN_POINT('',(8.87625351240916,15.8473216912381,5.71187481802991));
#2906=CARTESIAN_POINT('Origin',(9.02625351240916,7.91232180299685,5.86187481802991));
#2907=CARTESIAN_POINT('',(8.87625351240916,0.847321691238145,5.71187481802991));
#2908=CARTESIAN_POINT('',(8.87625351240916,7.91232180299685,5.71187481802991));
#2909=CARTESIAN_POINT('',(8.87625351240916,0.847321691238145,5.71187481802991));
#2910=CARTESIAN_POINT('Origin',(7.3475153585057,0.847321691238146,5.86187481802991));
#2911=CARTESIAN_POINT('',(7.3475153585057,-0.681416462665308,5.71187481802991));
#2912=CARTESIAN_POINT('',(7.3475153585057,-0.681416462665308,5.71187481802991));
#2913=CARTESIAN_POINT('Origin',(7.3475153585057,0.847321691238146,5.71187481802991));
#2914=CARTESIAN_POINT('Origin',(11.05251550938,-0.831416462665309,5.86187481802991));
#2915=CARTESIAN_POINT('',(5.3475153585057,-0.681416462665308,5.71187481802991));
#2916=CARTESIAN_POINT('',(5.3475153585057,-0.681416462665308,5.71187481802991));
#2917=CARTESIAN_POINT('',(11.05251550938,-0.681416462665309,5.71187481802991));
#2918=CARTESIAN_POINT('Origin',(5.3475153585057,0.847321691238146,5.86187481802991));
#2919=CARTESIAN_POINT('',(3.81877720460225,0.847321691238145,5.71187481802991));
#2920=CARTESIAN_POINT('',(3.81877720460225,0.847321691238145,5.71187481802991));
#2921=CARTESIAN_POINT('Origin',(5.3475153585057,0.847321691238146,5.71187481802991));
#2922=CARTESIAN_POINT('Origin',(3.66877720460225,15.4123218029969,5.86187481802991));
#2923=CARTESIAN_POINT('',(3.81877720460225,15.4123218029969,5.71187481802991));
#2924=CARTESIAN_POINT('Origin',(7.3475153585057,0.847321691238146,5.86187481802991));
#2925=CARTESIAN_POINT('',(7.3475153585057,-0.272678308761855,5.71187481802991));
#2926=CARTESIAN_POINT('',(7.3475153585057,0.0273216912381456,6.01187481802991));
#2927=CARTESIAN_POINT('Origin',(7.3475153585057,0.847321691238146,5.71187481802991));
#2928=CARTESIAN_POINT('Origin',(12.05251550938,-0.122678308761856,5.86187481802991));
#2929=CARTESIAN_POINT('',(5.3475153585057,-0.272678308761855,5.71187481802991));
#2930=CARTESIAN_POINT('',(5.3475153585057,0.0273216912381445,6.01187481802991));
#2931=CARTESIAN_POINT('',(12.05251550938,-0.272678308761855,5.71187481802991));
#2932=CARTESIAN_POINT('Origin',(5.3475153585057,0.847321691238146,5.86187481802991));
#2933=CARTESIAN_POINT('',(4.2275153585057,0.847321691238146,5.71187481802991));
#2934=CARTESIAN_POINT('',(4.5275153585057,0.847321691238146,6.01187481802991));
#2935=CARTESIAN_POINT('Origin',(5.3475153585057,0.847321691238146,5.71187481802991));
#2936=CARTESIAN_POINT('Origin',(4.3775153585057,7.91232180299685,5.86187481802991));
#2937=CARTESIAN_POINT('',(4.2275153585057,7.91232180299685,5.71187481802991));
#2938=CARTESIAN_POINT('Origin',(3.81877720460225,15.8473216912381,4.51187481802991));
#2939=CARTESIAN_POINT('',(3.81877720460225,0.847321691238145,4.51187481802991));
#2940=CARTESIAN_POINT('Origin',(5.3475153585057,-0.681416462665308,4.51187481802991));
#2941=CARTESIAN_POINT('',(5.3475153585057,-0.681416462665308,4.51187481802991));
#2942=CARTESIAN_POINT('',(7.3475153585057,-0.681416462665308,4.51187481802991));
#2943=CARTESIAN_POINT('Origin',(5.3475153585057,0.847321691238146,4.51187481802991));
#2944=CARTESIAN_POINT('Origin',(8.87625351240916,0.847321691238145,4.51187481802991));
#2945=CARTESIAN_POINT('',(8.87625351240916,0.847321691238145,4.51187481802991));
#2946=CARTESIAN_POINT('Origin',(7.3475153585057,0.847321691238146,4.51187481802991));
#2947=CARTESIAN_POINT('Origin',(29.4499993517995,3.95799116561059,5.01187481802991));
#2948=CARTESIAN_POINT('',(28.4949993728101,-0.522678316212443,6.92187477600864));
#2949=CARTESIAN_POINT('Origin',(19.5999995619059,-0.522678316212443,4.86187481802991));
#2950=CARTESIAN_POINT('Origin',(4.07751531827257,-1.02267831621243,4.31187471744708));
#2951=CARTESIAN_POINT('',(5.3475153585057,-0.182678296691914,4.31187471744708));
#2952=CARTESIAN_POINT('',(5.3475153585057,1.87732167916821,4.31187471744708));
#2953=CARTESIAN_POINT('Origin',(5.3475153585057,0.847321691238146,4.31187471744708));
#2954=CARTESIAN_POINT('',(7.3475153585057,1.87732167916821,4.31187471744708));
#2955=CARTESIAN_POINT('',(5.21251533838913,1.87732167916821,4.31187471744708));
#2956=CARTESIAN_POINT('',(7.3475153585057,-0.182678296691914,4.31187471744708));
#2957=CARTESIAN_POINT('Origin',(7.3475153585057,0.847321691238146,4.31187471744708));
#2958=CARTESIAN_POINT('',(5.71251533838913,-0.182678296691914,4.31187471744708));
#2959=CARTESIAN_POINT('Origin',(21.6325159620027,-1.17267831621243,4.69937481802991));
#2960=CARTESIAN_POINT('',(21.8825159620027,-0.922678316212433,5.26187481802991));
#2961=CARTESIAN_POINT('',(21.8825159620027,-0.922678316212433,4.69937481802991));
#2962=CARTESIAN_POINT('',(19.9033492450446,-2.90184503317052,7.241041534988));
#2963=CARTESIAN_POINT('Origin',(29.1325159620027,-1.17267831621243,5.07437481802991));
#2964=CARTESIAN_POINT('',(28.8825159620027,-0.922678316212433,5.26187481802991));
#2965=CARTESIAN_POINT('',(25.9450159117113,2.01482173407899,2.32437476773849));
#2966=CARTESIAN_POINT('',(28.8825159620027,-0.922678316212433,5.07437481802991));
#2967=CARTESIAN_POINT('Origin',(7.3475153585057,0.847321691238146,4.51187471744707));
#2968=CARTESIAN_POINT('',(7.3475153585057,1.87732167916821,5.16187481802991));
#2969=CARTESIAN_POINT('',(7.3475153585057,-0.182678296691914,5.16187481802991));
#2970=CARTESIAN_POINT('Origin',(7.3475153585057,0.847321691238146,5.16187481802991));
#2971=CARTESIAN_POINT('',(7.3475153585057,-0.182678296691914,4.51187471744707));
#2972=CARTESIAN_POINT('',(7.3475153585057,1.87732167916821,4.51187471744707));
#2973=CARTESIAN_POINT('Origin',(7.3475153585057,-0.182678296691914,4.51187471744707));
#2974=CARTESIAN_POINT('',(5.3475153585057,-0.182678296691914,5.16187481802991));
#2975=CARTESIAN_POINT('',(6.8475153585057,-0.182678296691914,5.16187481802991));
#2976=CARTESIAN_POINT('',(5.3475153585057,-0.182678296691914,4.51187471744707));
#2977=CARTESIAN_POINT('Origin',(5.3475153585057,0.847321691238146,4.51187471744707));
#2978=CARTESIAN_POINT('',(5.3475153585057,1.87732167916821,5.16187481802991));
#2979=CARTESIAN_POINT('Origin',(5.3475153585057,0.847321691238146,5.16187481802991));
#2980=CARTESIAN_POINT('',(5.3475153585057,1.87732167916821,4.51187471744707));
#2981=CARTESIAN_POINT('Origin',(5.3475153585057,1.87732167916821,4.51187471744707));
#2982=CARTESIAN_POINT('',(5.8475153585057,1.87732167916821,5.16187481802991));
#2983=CARTESIAN_POINT('Origin',(4.2275153585057,0.847321691238146,6.01187481802991));
#2984=CARTESIAN_POINT('',(4.2275153585057,0.847321691238146,5.16187481802991));
#2985=CARTESIAN_POINT('',(4.2275153585057,0.847321691238146,6.01187481802991));
#2986=CARTESIAN_POINT('',(4.2275153585057,3.09732169123815,5.16187481802991));
#2987=CARTESIAN_POINT('Origin',(7.3475153585057,5.34732169123815,5.16187481802991));
#2988=CARTESIAN_POINT('',(8.4675153585057,0.847321691238146,5.16187481802991));
#2989=CARTESIAN_POINT('',(8.4675153585057,11.3473216912381,5.16187481802991));
#2990=CARTESIAN_POINT('',(7.3475153585057,-0.272678308761854,5.16187481802991));
#2991=CARTESIAN_POINT('Origin',(7.3475153585057,0.847321691238146,5.16187481802991));
#2992=CARTESIAN_POINT('',(5.3475153585057,-0.272678308761854,5.16187481802991));
#2993=CARTESIAN_POINT('',(6.8475153585057,-0.272678308761855,5.16187481802991));
#2994=CARTESIAN_POINT('Origin',(5.3475153585057,0.847321691238146,5.16187481802991));
#2995=CARTESIAN_POINT('Origin',(8.4675153585057,6.84732169123815,6.01187481802991));
#2996=CARTESIAN_POINT('',(8.4675153585057,0.847321691238146,6.01187481802991));
#2997=CARTESIAN_POINT('Origin',(10.4450156602542,-1.17267831621243,5.51187481802991));
#2998=CARTESIAN_POINT('',(21.3825159620027,-0.922678316212433,5.26187481802991));
#2999=CARTESIAN_POINT('Origin',(25.3825159620027,-0.922678316212433,4.88687481802991));
#3000=CARTESIAN_POINT('Origin',(7.3475153585057,0.847321691238146,6.01187481802991));
#3001=CARTESIAN_POINT('',(7.3475153585057,-0.272678308761855,6.01187481802991));
#3002=CARTESIAN_POINT('Origin',(5.3475153585057,0.847321691238146,6.01187481802991));
#3003=CARTESIAN_POINT('',(5.3475153585057,-0.272678308761855,6.01187481802991));
#3004=CARTESIAN_POINT('Origin',(7.3475153585057,-0.272678308761855,6.01187481802991));
#3005=CARTESIAN_POINT('Origin',(16.7358564957976,19.0146953612566,6.01187481802991));
#3006=CARTESIAN_POINT('',(16.7358564957976,19.0146953612566,6.01187481802991));
#3007=CARTESIAN_POINT('',(7.50000011175871,19.0146953612566,6.01187481802991));
#3008=CARTESIAN_POINT('',(16.7358564957976,19.0146953612566,6.01187481802991));
#3009=CARTESIAN_POINT('',(7.50000011175871,19.0146953612566,5.91187481802991));
#3010=CARTESIAN_POINT('',(7.50000011175871,19.0146953612566,6.01187481802991));
#3011=CARTESIAN_POINT('',(16.7358564957976,19.0146953612566,5.91187481802991));
#3012=CARTESIAN_POINT('',(16.7358564957976,19.0146953612566,5.91187481802991));
#3013=CARTESIAN_POINT('',(16.7358564957976,19.0146953612566,6.01187481802991));
#3014=CARTESIAN_POINT('Origin',(16.7358564957976,21.4687735587358,6.01187481802991));
#3015=CARTESIAN_POINT('',(16.7358564957976,21.4687735587358,6.01187481802991));
#3016=CARTESIAN_POINT('',(16.7358564957976,21.4687735587358,6.01187481802991));
#3017=CARTESIAN_POINT('',(16.7358564957976,21.4687735587358,5.91187481802991));
#3018=CARTESIAN_POINT('',(16.7358564957976,21.4687735587358,5.91187481802991));
#3019=CARTESIAN_POINT('',(16.7358564957976,21.4687735587358,6.01187481802991));
#3020=CARTESIAN_POINT('Origin',(9.95407816022635,21.4687735587358,6.01187481802991));
#3021=CARTESIAN_POINT('',(9.95407816022635,21.4687735587358,6.01187481802991));
#3022=CARTESIAN_POINT('',(9.95407816022635,21.4687735587358,6.01187481802991));
#3023=CARTESIAN_POINT('',(9.95407816022635,21.4687735587358,5.91187481802991));
#3024=CARTESIAN_POINT('',(9.95407816022635,21.4687735587358,5.91187481802991));
#3025=CARTESIAN_POINT('',(9.95407816022635,21.4687735587358,6.01187481802991));
#3026=CARTESIAN_POINT('Origin',(9.95407816022635,26.5018368512392,6.01187481802991));
#3027=CARTESIAN_POINT('',(9.95407816022635,26.5018368512392,6.01187481802991));
#3028=CARTESIAN_POINT('',(9.95407816022635,26.5018368512392,6.01187481802991));
#3029=CARTESIAN_POINT('',(9.95407816022635,26.5018368512392,5.91187481802991));
#3030=CARTESIAN_POINT('',(9.95407816022635,26.5018368512392,5.91187481802991));
#3031=CARTESIAN_POINT('',(9.95407816022635,26.5018368512392,6.01187481802991));
#3032=CARTESIAN_POINT('Origin',(16.7358564957976,26.5018368512392,6.01187481802991));
#3033=CARTESIAN_POINT('',(16.7358564957976,26.5018368512392,6.01187481802991));
#3034=CARTESIAN_POINT('',(16.7358564957976,26.5018368512392,6.01187481802991));
#3035=CARTESIAN_POINT('',(16.7358564957976,26.5018368512392,5.91187481802991));
#3036=CARTESIAN_POINT('',(16.7358564957976,26.5018368512392,5.91187481802991));
#3037=CARTESIAN_POINT('',(16.7358564957976,26.5018368512392,6.01187481802991));
#3038=CARTESIAN_POINT('Origin',(16.7358564957976,29.0000004321337,6.01187481802991));
#3039=CARTESIAN_POINT('',(16.7358564957976,29.0000004321337,6.01187481802991));
#3040=CARTESIAN_POINT('',(16.7358564957976,29.0000004321337,6.01187481802991));
#3041=CARTESIAN_POINT('',(16.7358564957976,29.0000004321337,5.91187481802991));
#3042=CARTESIAN_POINT('',(16.7358564957976,29.0000004321337,5.91187481802991));
#3043=CARTESIAN_POINT('',(16.7358564957976,29.0000004321337,6.01187481802991));
#3044=CARTESIAN_POINT('Origin',(7.50000011175871,29.0000004321337,6.01187481802991));
#3045=CARTESIAN_POINT('',(7.50000011175871,29.0000004321337,6.01187481802991));
#3046=CARTESIAN_POINT('',(7.50000011175871,29.0000004321337,6.01187481802991));
#3047=CARTESIAN_POINT('',(7.50000011175871,29.0000004321337,5.91187481802991));
#3048=CARTESIAN_POINT('',(7.50000011175871,29.0000004321337,5.91187481802991));
#3049=CARTESIAN_POINT('',(7.50000011175871,29.0000004321337,6.01187481802991));
#3050=CARTESIAN_POINT('Origin',(7.50000011175871,19.0146953612566,6.01187481802991));
#3051=CARTESIAN_POINT('',(7.50000011175871,19.0146953612566,6.01187481802991));
#3052=CARTESIAN_POINT('',(7.50000011175871,19.0146953612566,5.91187481802991));
#3053=CARTESIAN_POINT('Origin',(12.1179283037782,24.0073478966951,6.01187481802991));
#3054=CARTESIAN_POINT('Origin',(12.1179283037782,24.0073478966951,5.91187481802991));
#3055=CARTESIAN_POINT('',(0.,0.,-1.11022302462516E-16));
#3056=UNCERTAINTY_MEASURE_WITH_UNIT(LENGTH_MEASURE(0.01),#3062,
'DISTANCE_ACCURACY_VALUE',
'Maximum model space distance between geometric entities at asserted c
onnectivities');
#3057=UNCERTAINTY_MEASURE_WITH_UNIT(LENGTH_MEASURE(0.01),#3062,
'DISTANCE_ACCURACY_VALUE',
'Maximum model space distance between geometric entities at asserted c
onnectivities');
#3058=UNCERTAINTY_MEASURE_WITH_UNIT(LENGTH_MEASURE(0.01),#3062,
'DISTANCE_ACCURACY_VALUE',
'Maximum model space distance between geometric entities at asserted c
onnectivities');
#3059=(
GEOMETRIC_REPRESENTATION_CONTEXT(3)
GLOBAL_UNCERTAINTY_ASSIGNED_CONTEXT((#3056))
GLOBAL_UNIT_ASSIGNED_CONTEXT((#3062,#3064,#3065))
REPRESENTATION_CONTEXT('','3D')
);
#3060=(
GEOMETRIC_REPRESENTATION_CONTEXT(3)
GLOBAL_UNCERTAINTY_ASSIGNED_CONTEXT((#3057))
GLOBAL_UNIT_ASSIGNED_CONTEXT((#3062,#3064,#3065))
REPRESENTATION_CONTEXT('','3D')
);
#3061=(
GEOMETRIC_REPRESENTATION_CONTEXT(3)
GLOBAL_UNCERTAINTY_ASSIGNED_CONTEXT((#3058))
GLOBAL_UNIT_ASSIGNED_CONTEXT((#3062,#3064,#3065))
REPRESENTATION_CONTEXT('','3D')
);
#3062=(
LENGTH_UNIT()
NAMED_UNIT(*)
SI_UNIT(.MILLI.,.METRE.)
);
#3063=(
LENGTH_UNIT()
NAMED_UNIT(*)
SI_UNIT($,.METRE.)
);
#3064=(
NAMED_UNIT(*)
PLANE_ANGLE_UNIT()
SI_UNIT($,.RADIAN.)
);
#3065=(
NAMED_UNIT(*)
SI_UNIT($,.STERADIAN.)
SOLID_ANGLE_UNIT()
);
#3066=SHAPE_DEFINITION_REPRESENTATION(#3068,#3071);
#3067=SHAPE_DEFINITION_REPRESENTATION(#3069,#3072);
#3068=PRODUCT_DEFINITION_SHAPE('',$,#3074);
#3069=PRODUCT_DEFINITION_SHAPE('',$,#3075);
#3070=PRODUCT_DEFINITION_SHAPE($,$,#14);
#3071=SHAPE_REPRESENTATION('',(#1852,#2007),#3059);
#3072=SHAPE_REPRESENTATION('',(#1853),#3060);
#3073=PRODUCT_DEFINITION_CONTEXT('part definition',#3081,'design');
#3074=PRODUCT_DEFINITION('track','track v17',#3076,#3073);
#3075=PRODUCT_DEFINITION('Cover','Cover',#3077,#3073);
#3076=PRODUCT_DEFINITION_FORMATION('',$,#3083);
#3077=PRODUCT_DEFINITION_FORMATION('',$,#3084);
#3078=PRODUCT_RELATED_PRODUCT_CATEGORY('track v17','track v17',(#3083));
#3079=PRODUCT_RELATED_PRODUCT_CATEGORY('Cover','Cover',(#3084));
#3080=APPLICATION_PROTOCOL_DEFINITION('international standard',
'automotive_design',2009,#3081);
#3081=APPLICATION_CONTEXT(
'Core Data for Automotive Mechanical Design Process');
#3082=PRODUCT_CONTEXT('part definition',#3081,'mechanical');
#3083=PRODUCT('track','track v17',$,(#3082));
#3084=PRODUCT('Cover','Cover',$,(#3082));
#3085=PRESENTATION_STYLE_ASSIGNMENT((#3088));
#3086=PRESENTATION_STYLE_ASSIGNMENT((#3089));
#3087=PRESENTATION_STYLE_ASSIGNMENT((#3090));
#3088=SURFACE_STYLE_USAGE(.BOTH.,#3091);
#3089=SURFACE_STYLE_USAGE(.BOTH.,#3092);
#3090=SURFACE_STYLE_USAGE(.BOTH.,#3093);
#3091=SURFACE_SIDE_STYLE('',(#3094));
#3092=SURFACE_SIDE_STYLE('',(#3095));
#3093=SURFACE_SIDE_STYLE('',(#3096));
#3094=SURFACE_STYLE_FILL_AREA(#3097);
#3095=SURFACE_STYLE_FILL_AREA(#3098);
#3096=SURFACE_STYLE_FILL_AREA(#3099);
#3097=FILL_AREA_STYLE('Steel - Satin',(#3100));
#3098=FILL_AREA_STYLE('ABS (White)',(#3101));
#3099=FILL_AREA_STYLE('ABS (White)',(#3102));
#3100=FILL_AREA_STYLE_COLOUR('Steel - Satin',#3103);
#3101=FILL_AREA_STYLE_COLOUR('ABS (White)',#3104);
#3102=FILL_AREA_STYLE_COLOUR('ABS (White)',#3105);
#3103=COLOUR_RGB('Steel - Satin',0.627450980392157,0.627450980392157,0.627450980392157);
#3104=COLOUR_RGB('ABS (White)',0.988235294117647,0.,0.);
#3105=COLOUR_RGB('ABS (White)',0.964705882352941,0.964705882352941,0.952941176470588);
ENDSEC;
END-ISO-10303-21;
