ISO-10303-21;
HEADER;
/* Generated by software containing ST-Developer
 * from STEP Tools, Inc. (www.steptools.com) 
 */

FILE_DESCRIPTION(
/* description */ (''),
/* implementation_level */ '2;1');

FILE_NAME(
/* name */ 'caseRA.step',
/* time_stamp */ '2026-09-24T04:57:06+05:00',
/* author */ (''),
/* organization */ (''),
/* preprocessor_version */ 'ST-DEVELOPER v20.2',
/* originating_system */ 'Autodesk Translation Framework v15.15.0.0',
/* authorisation */ '');

FILE_SCHEMA (('AUTOMOTIVE_DESIGN { 1 0 10303 214 3 1 1 }'));
ENDSEC;

DATA;
#10=MECHANICAL_DESIGN_GEOMETRIC_PRESENTATION_REPRESENTATION('',(#19,#20,
#21),#3682);
#11=ITEM_DEFINED_TRANSFORMATION($,$,#2250,#2424);
#12=(
REPRESENTATION_RELATIONSHIP($,$,#3693,#3692)
REPRESENTATION_RELATIONSHIP_WITH_TRANSFORMATION(#11)
SHAPE_REPRESENTATION_RELATIONSHIP()
);
#13=CONTEXT_DEPENDENT_SHAPE_REPRESENTATION(#12,#3691);
#14=NEXT_ASSEMBLY_USAGE_OCCURRENCE('Cover:1','Cover:1','Cover:1',#3695,
#3696,'Cover:1');
#15=SHAPE_REPRESENTATION_RELATIONSHIP('SRR','None',#3693,#17);
#16=SHAPE_REPRESENTATION_RELATIONSHIP('SRR','None',#3692,#18);
#17=ADVANCED_BREP_SHAPE_REPRESENTATION('',(#22),#3681);
#18=ADVANCED_BREP_SHAPE_REPRESENTATION('',(#23,#24),#3680);
#19=STYLED_ITEM('',(#3708),#22);
#20=STYLED_ITEM('',(#3707),#23);
#21=STYLED_ITEM('',(#3707),#24);
#22=MANIFOLD_SOLID_BREP('Cover',#2234);
#23=MANIFOLD_SOLID_BREP('A (1)',#2235);
#24=MANIFOLD_SOLID_BREP('R (3)',#2236);
#25=CONICAL_SURFACE('',#2354,1.67873815390345,0.785398163397447);
#26=CONICAL_SURFACE('',#2357,1.67873815390345,0.785398163397448);
#27=CONICAL_SURFACE('',#2360,0.97,0.785398163397448);
#28=CONICAL_SURFACE('',#2363,0.970000000000001,0.785398163397447);
#29=CYLINDRICAL_SURFACE('',#2272,2.);
#30=CYLINDRICAL_SURFACE('',#2292,2.);
#31=CYLINDRICAL_SURFACE('',#2323,2.50000000000001);
#32=CYLINDRICAL_SURFACE('',#2342,2.5);
#33=CYLINDRICAL_SURFACE('',#2368,1.52873815390345);
#34=CYLINDRICAL_SURFACE('',#2370,1.52873815390345);
#35=CYLINDRICAL_SURFACE('',#2378,1.02999998793006);
#36=CYLINDRICAL_SURFACE('',#2381,1.02999998793006);
#37=CYLINDRICAL_SURFACE('',#2391,1.12);
#38=CYLINDRICAL_SURFACE('',#2392,1.12);
#39=FACE_BOUND('',#229,.T.);
#40=FACE_BOUND('',#230,.T.);
#41=FACE_BOUND('',#248,.T.);
#42=FACE_BOUND('',#304,.T.);
#43=FACE_BOUND('',#324,.T.);
#44=FACE_BOUND('',#326,.T.);
#45=FACE_BOUND('',#342,.T.);
#46=FACE_BOUND('',#344,.T.);
#47=CIRCLE('',#2259,2.);
#48=CIRCLE('',#2262,2.);
#49=CIRCLE('',#2263,2.5);
#50=CIRCLE('',#2264,2.50000000000001);
#51=CIRCLE('',#2265,2.);
#52=CIRCLE('',#2266,1.52873815390345);
#53=CIRCLE('',#2267,1.52873815390345);
#54=CIRCLE('',#2273,2.);
#55=CIRCLE('',#2274,2.);
#56=CIRCLE('',#2277,2.);
#57=CIRCLE('',#2278,2.);
#58=CIRCLE('',#2281,2.);
#59=CIRCLE('',#2290,2.50000000000001);
#60=CIRCLE('',#2293,2.);
#61=CIRCLE('',#2294,2.);
#62=CIRCLE('',#2296,2.);
#63=CIRCLE('',#2297,2.);
#64=CIRCLE('',#2304,2.50000000000001);
#65=CIRCLE('',#2305,2.5);
#66=CIRCLE('',#2306,1.82873815390345);
#67=CIRCLE('',#2307,1.82873815390345);
#68=CIRCLE('',#2308,0.820000000000001);
#69=CIRCLE('',#2309,0.82);
#70=CIRCLE('',#2311,2.5);
#71=CIRCLE('',#2322,2.50000000000001);
#72=CIRCLE('',#2324,2.50000000000001);
#73=CIRCLE('',#2325,2.50000000000001);
#74=CIRCLE('',#2329,2.5);
#75=CIRCLE('',#2331,2.5);
#76=CIRCLE('',#2341,2.5);
#77=CIRCLE('',#2355,1.52873815390345);
#78=CIRCLE('',#2358,1.52873815390345);
#79=CIRCLE('',#2361,1.12);
#80=CIRCLE('',#2364,1.12);
#81=CIRCLE('',#2374,1.02999998793006);
#82=CIRCLE('',#2375,1.02999998793006);
#83=CIRCLE('',#2379,1.02999998793006);
#84=CIRCLE('',#2382,1.02999998793006);
#85=CIRCLE('',#2386,1.12);
#86=CIRCLE('',#2387,1.12);
#87=ELLIPSE('',#2257,2.82842712474619,2.);
#88=ELLIPSE('',#2275,2.82842712474619,2.);
#89=ELLIPSE('',#2276,2.82842923209253,2.);
#90=ELLIPSE('',#2279,2.82840157373687,2.);
#91=ELLIPSE('',#2280,2.82842601839161,2.);
#92=ELLIPSE('',#2284,3.53550196717111,2.50000000000001);
#93=ELLIPSE('',#2295,2.82842923209253,2.);
#94=ELLIPSE('',#2298,2.82842601839161,2.);
#95=ELLIPSE('',#2299,2.82843691076872,2.);
#96=ELLIPSE('',#2301,3.53553252298951,2.5);
#97=ELLIPSE('',#2315,3.53553252298953,2.50000000000001);
#98=ELLIPSE('',#2318,3.5355461384609,2.5);
#99=ELLIPSE('',#2326,3.53554869259581,2.50000000000001);
#100=ELLIPSE('',#2327,3.53553390593274,2.50000000000001);
#101=ELLIPSE('',#2335,3.5355486925958,2.5);
#102=ELLIPSE('',#2337,3.53553390593273,2.5);
#103=FACE_OUTER_BOUND('',#220,.T.);
#104=FACE_OUTER_BOUND('',#221,.T.);
#105=FACE_OUTER_BOUND('',#222,.T.);
#106=FACE_OUTER_BOUND('',#223,.T.);
#107=FACE_OUTER_BOUND('',#224,.T.);
#108=FACE_OUTER_BOUND('',#225,.T.);
#109=FACE_OUTER_BOUND('',#226,.T.);
#110=FACE_OUTER_BOUND('',#227,.T.);
#111=FACE_OUTER_BOUND('',#228,.T.);
#112=FACE_OUTER_BOUND('',#231,.T.);
#113=FACE_OUTER_BOUND('',#232,.T.);
#114=FACE_OUTER_BOUND('',#233,.T.);
#115=FACE_OUTER_BOUND('',#234,.T.);
#116=FACE_OUTER_BOUND('',#235,.T.);
#117=FACE_OUTER_BOUND('',#236,.T.);
#118=FACE_OUTER_BOUND('',#237,.T.);
#119=FACE_OUTER_BOUND('',#238,.T.);
#120=FACE_OUTER_BOUND('',#239,.T.);
#121=FACE_OUTER_BOUND('',#240,.T.);
#122=FACE_OUTER_BOUND('',#241,.T.);
#123=FACE_OUTER_BOUND('',#242,.T.);
#124=FACE_OUTER_BOUND('',#243,.T.);
#125=FACE_OUTER_BOUND('',#244,.T.);
#126=FACE_OUTER_BOUND('',#245,.T.);
#127=FACE_OUTER_BOUND('',#246,.T.);
#128=FACE_OUTER_BOUND('',#247,.T.);
#129=FACE_OUTER_BOUND('',#249,.T.);
#130=FACE_OUTER_BOUND('',#250,.T.);
#131=FACE_OUTER_BOUND('',#251,.T.);
#132=FACE_OUTER_BOUND('',#252,.T.);
#133=FACE_OUTER_BOUND('',#253,.T.);
#134=FACE_OUTER_BOUND('',#254,.T.);
#135=FACE_OUTER_BOUND('',#255,.T.);
#136=FACE_OUTER_BOUND('',#256,.T.);
#137=FACE_OUTER_BOUND('',#257,.T.);
#138=FACE_OUTER_BOUND('',#258,.T.);
#139=FACE_OUTER_BOUND('',#259,.T.);
#140=FACE_OUTER_BOUND('',#260,.T.);
#141=FACE_OUTER_BOUND('',#261,.T.);
#142=FACE_OUTER_BOUND('',#262,.T.);
#143=FACE_OUTER_BOUND('',#263,.T.);
#144=FACE_OUTER_BOUND('',#264,.T.);
#145=FACE_OUTER_BOUND('',#265,.T.);
#146=FACE_OUTER_BOUND('',#266,.T.);
#147=FACE_OUTER_BOUND('',#267,.T.);
#148=FACE_OUTER_BOUND('',#268,.T.);
#149=FACE_OUTER_BOUND('',#269,.T.);
#150=FACE_OUTER_BOUND('',#270,.T.);
#151=FACE_OUTER_BOUND('',#271,.T.);
#152=FACE_OUTER_BOUND('',#272,.T.);
#153=FACE_OUTER_BOUND('',#273,.T.);
#154=FACE_OUTER_BOUND('',#274,.T.);
#155=FACE_OUTER_BOUND('',#275,.T.);
#156=FACE_OUTER_BOUND('',#276,.T.);
#157=FACE_OUTER_BOUND('',#277,.T.);
#158=FACE_OUTER_BOUND('',#278,.T.);
#159=FACE_OUTER_BOUND('',#279,.T.);
#160=FACE_OUTER_BOUND('',#280,.T.);
#161=FACE_OUTER_BOUND('',#281,.T.);
#162=FACE_OUTER_BOUND('',#282,.T.);
#163=FACE_OUTER_BOUND('',#283,.T.);
#164=FACE_OUTER_BOUND('',#284,.T.);
#165=FACE_OUTER_BOUND('',#285,.T.);
#166=FACE_OUTER_BOUND('',#286,.T.);
#167=FACE_OUTER_BOUND('',#287,.T.);
#168=FACE_OUTER_BOUND('',#288,.T.);
#169=FACE_OUTER_BOUND('',#289,.T.);
#170=FACE_OUTER_BOUND('',#290,.T.);
#171=FACE_OUTER_BOUND('',#291,.T.);
#172=FACE_OUTER_BOUND('',#292,.T.);
#173=FACE_OUTER_BOUND('',#293,.T.);
#174=FACE_OUTER_BOUND('',#294,.T.);
#175=FACE_OUTER_BOUND('',#295,.T.);
#176=FACE_OUTER_BOUND('',#296,.T.);
#177=FACE_OUTER_BOUND('',#297,.T.);
#178=FACE_OUTER_BOUND('',#298,.T.);
#179=FACE_OUTER_BOUND('',#299,.T.);
#180=FACE_OUTER_BOUND('',#300,.T.);
#181=FACE_OUTER_BOUND('',#301,.T.);
#182=FACE_OUTER_BOUND('',#302,.T.);
#183=FACE_OUTER_BOUND('',#303,.T.);
#184=FACE_OUTER_BOUND('',#305,.T.);
#185=FACE_OUTER_BOUND('',#306,.T.);
#186=FACE_OUTER_BOUND('',#307,.T.);
#187=FACE_OUTER_BOUND('',#308,.T.);
#188=FACE_OUTER_BOUND('',#309,.T.);
#189=FACE_OUTER_BOUND('',#310,.T.);
#190=FACE_OUTER_BOUND('',#311,.T.);
#191=FACE_OUTER_BOUND('',#312,.T.);
#192=FACE_OUTER_BOUND('',#313,.T.);
#193=FACE_OUTER_BOUND('',#314,.T.);
#194=FACE_OUTER_BOUND('',#315,.T.);
#195=FACE_OUTER_BOUND('',#316,.T.);
#196=FACE_OUTER_BOUND('',#317,.T.);
#197=FACE_OUTER_BOUND('',#318,.T.);
#198=FACE_OUTER_BOUND('',#319,.T.);
#199=FACE_OUTER_BOUND('',#320,.T.);
#200=FACE_OUTER_BOUND('',#321,.T.);
#201=FACE_OUTER_BOUND('',#322,.T.);
#202=FACE_OUTER_BOUND('',#323,.T.);
#203=FACE_OUTER_BOUND('',#325,.T.);
#204=FACE_OUTER_BOUND('',#327,.T.);
#205=FACE_OUTER_BOUND('',#328,.T.);
#206=FACE_OUTER_BOUND('',#329,.T.);
#207=FACE_OUTER_BOUND('',#330,.T.);
#208=FACE_OUTER_BOUND('',#331,.T.);
#209=FACE_OUTER_BOUND('',#332,.T.);
#210=FACE_OUTER_BOUND('',#333,.T.);
#211=FACE_OUTER_BOUND('',#334,.T.);
#212=FACE_OUTER_BOUND('',#335,.T.);
#213=FACE_OUTER_BOUND('',#336,.T.);
#214=FACE_OUTER_BOUND('',#337,.T.);
#215=FACE_OUTER_BOUND('',#338,.T.);
#216=FACE_OUTER_BOUND('',#339,.T.);
#217=FACE_OUTER_BOUND('',#340,.T.);
#218=FACE_OUTER_BOUND('',#341,.T.);
#219=FACE_OUTER_BOUND('',#343,.T.);
#220=EDGE_LOOP('',(#1384,#1385,#1386,#1387,#1388,#1389));
#221=EDGE_LOOP('',(#1390,#1391,#1392,#1393));
#222=EDGE_LOOP('',(#1394,#1395,#1396,#1397));
#223=EDGE_LOOP('',(#1398,#1399,#1400,#1401));
#224=EDGE_LOOP('',(#1402,#1403,#1404,#1405,#1406,#1407));
#225=EDGE_LOOP('',(#1408,#1409,#1410,#1411));
#226=EDGE_LOOP('',(#1412,#1413,#1414,#1415));
#227=EDGE_LOOP('',(#1416,#1417,#1418,#1419,#1420,#1421,#1422,#1423,#1424,
#1425,#1426,#1427,#1428,#1429,#1430,#1431));
#228=EDGE_LOOP('',(#1432,#1433,#1434,#1435,#1436,#1437,#1438,#1439,#1440,
#1441,#1442,#1443));
#229=EDGE_LOOP('',(#1444,#1445,#1446,#1447,#1448,#1449));
#230=EDGE_LOOP('',(#1450,#1451,#1452,#1453,#1454,#1455));
#231=EDGE_LOOP('',(#1456,#1457,#1458,#1459));
#232=EDGE_LOOP('',(#1460,#1461,#1462,#1463));
#233=EDGE_LOOP('',(#1464,#1465,#1466,#1467));
#234=EDGE_LOOP('',(#1468,#1469,#1470,#1471));
#235=EDGE_LOOP('',(#1472,#1473,#1474,#1475,#1476,#1477,#1478,#1479,#1480,
#1481,#1482,#1483,#1484,#1485,#1486,#1487));
#236=EDGE_LOOP('',(#1488,#1489,#1490,#1491));
#237=EDGE_LOOP('',(#1492,#1493,#1494,#1495));
#238=EDGE_LOOP('',(#1496,#1497,#1498,#1499));
#239=EDGE_LOOP('',(#1500,#1501,#1502,#1503));
#240=EDGE_LOOP('',(#1504,#1505,#1506,#1507));
#241=EDGE_LOOP('',(#1508,#1509,#1510,#1511));
#242=EDGE_LOOP('',(#1512,#1513,#1514,#1515));
#243=EDGE_LOOP('',(#1516,#1517,#1518,#1519));
#244=EDGE_LOOP('',(#1520,#1521,#1522,#1523,#1524,#1525,#1526,#1527,#1528,
#1529,#1530,#1531,#1532,#1533,#1534,#1535));
#245=EDGE_LOOP('',(#1536,#1537,#1538,#1539));
#246=EDGE_LOOP('',(#1540,#1541,#1542,#1543));
#247=EDGE_LOOP('',(#1544,#1545,#1546,#1547,#1548,#1549,#1550,#1551));
#248=EDGE_LOOP('',(#1552,#1553,#1554,#1555,#1556,#1557,#1558,#1559,#1560,
#1561,#1562,#1563));
#249=EDGE_LOOP('',(#1564,#1565,#1566,#1567));
#250=EDGE_LOOP('',(#1568,#1569,#1570,#1571));
#251=EDGE_LOOP('',(#1572,#1573,#1574,#1575));
#252=EDGE_LOOP('',(#1576,#1577,#1578,#1579));
#253=EDGE_LOOP('',(#1580,#1581,#1582,#1583));
#254=EDGE_LOOP('',(#1584,#1585,#1586,#1587));
#255=EDGE_LOOP('',(#1588,#1589,#1590,#1591));
#256=EDGE_LOOP('',(#1592,#1593,#1594,#1595));
#257=EDGE_LOOP('',(#1596,#1597,#1598,#1599));
#258=EDGE_LOOP('',(#1600,#1601,#1602,#1603,#1604,#1605,#1606,#1607,#1608,
#1609,#1610,#1611,#1612,#1613,#1614,#1615));
#259=EDGE_LOOP('',(#1616,#1617,#1618,#1619));
#260=EDGE_LOOP('',(#1620,#1621,#1622,#1623));
#261=EDGE_LOOP('',(#1624,#1625,#1626,#1627));
#262=EDGE_LOOP('',(#1628,#1629,#1630,#1631));
#263=EDGE_LOOP('',(#1632,#1633,#1634,#1635));
#264=EDGE_LOOP('',(#1636,#1637,#1638,#1639));
#265=EDGE_LOOP('',(#1640,#1641,#1642,#1643));
#266=EDGE_LOOP('',(#1644,#1645,#1646,#1647));
#267=EDGE_LOOP('',(#1648,#1649,#1650,#1651));
#268=EDGE_LOOP('',(#1652,#1653,#1654,#1655,#1656,#1657,#1658,#1659,#1660,
#1661,#1662,#1663,#1664,#1665,#1666,#1667));
#269=EDGE_LOOP('',(#1668,#1669,#1670,#1671));
#270=EDGE_LOOP('',(#1672,#1673,#1674,#1675));
#271=EDGE_LOOP('',(#1676,#1677,#1678,#1679,#1680));
#272=EDGE_LOOP('',(#1681,#1682,#1683,#1684));
#273=EDGE_LOOP('',(#1685,#1686,#1687,#1688,#1689));
#274=EDGE_LOOP('',(#1690,#1691,#1692,#1693,#1694,#1695));
#275=EDGE_LOOP('',(#1696,#1697,#1698,#1699));
#276=EDGE_LOOP('',(#1700,#1701,#1702,#1703,#1704,#1705,#1706,#1707));
#277=EDGE_LOOP('',(#1708,#1709,#1710,#1711));
#278=EDGE_LOOP('',(#1712,#1713,#1714,#1715));
#279=EDGE_LOOP('',(#1716,#1717,#1718,#1719));
#280=EDGE_LOOP('',(#1720,#1721,#1722,#1723));
#281=EDGE_LOOP('',(#1724,#1725,#1726,#1727));
#282=EDGE_LOOP('',(#1728,#1729,#1730,#1731));
#283=EDGE_LOOP('',(#1732,#1733,#1734,#1735));
#284=EDGE_LOOP('',(#1736,#1737,#1738,#1739));
#285=EDGE_LOOP('',(#1740,#1741,#1742,#1743));
#286=EDGE_LOOP('',(#1744,#1745,#1746,#1747));
#287=EDGE_LOOP('',(#1748,#1749,#1750,#1751));
#288=EDGE_LOOP('',(#1752,#1753,#1754,#1755));
#289=EDGE_LOOP('',(#1756,#1757,#1758,#1759));
#290=EDGE_LOOP('',(#1760,#1761,#1762,#1763));
#291=EDGE_LOOP('',(#1764,#1765,#1766,#1767));
#292=EDGE_LOOP('',(#1768,#1769,#1770,#1771));
#293=EDGE_LOOP('',(#1772,#1773,#1774,#1775));
#294=EDGE_LOOP('',(#1776,#1777,#1778,#1779));
#295=EDGE_LOOP('',(#1780,#1781,#1782,#1783));
#296=EDGE_LOOP('',(#1784,#1785,#1786,#1787,#1788,#1789,#1790,#1791,#1792,
#1793));
#297=EDGE_LOOP('',(#1794,#1795,#1796,#1797,#1798,#1799,#1800,#1801,#1802,
#1803));
#298=EDGE_LOOP('',(#1804,#1805,#1806,#1807));
#299=EDGE_LOOP('',(#1808,#1809,#1810,#1811));
#300=EDGE_LOOP('',(#1812,#1813,#1814,#1815));
#301=EDGE_LOOP('',(#1816,#1817,#1818,#1819));
#302=EDGE_LOOP('',(#1820,#1821,#1822,#1823));
#303=EDGE_LOOP('',(#1824,#1825,#1826,#1827,#1828,#1829));
#304=EDGE_LOOP('',(#1830,#1831,#1832,#1833));
#305=EDGE_LOOP('',(#1834,#1835,#1836,#1837));
#306=EDGE_LOOP('',(#1838,#1839,#1840,#1841));
#307=EDGE_LOOP('',(#1842,#1843,#1844,#1845));
#308=EDGE_LOOP('',(#1846,#1847,#1848,#1849));
#309=EDGE_LOOP('',(#1850,#1851,#1852,#1853));
#310=EDGE_LOOP('',(#1854,#1855,#1856,#1857));
#311=EDGE_LOOP('',(#1858,#1859,#1860,#1861));
#312=EDGE_LOOP('',(#1862,#1863,#1864,#1865));
#313=EDGE_LOOP('',(#1866,#1867,#1868,#1869));
#314=EDGE_LOOP('',(#1870,#1871,#1872,#1873));
#315=EDGE_LOOP('',(#1874,#1875,#1876,#1877));
#316=EDGE_LOOP('',(#1878,#1879,#1880,#1881));
#317=EDGE_LOOP('',(#1882,#1883,#1884,#1885));
#318=EDGE_LOOP('',(#1886,#1887,#1888,#1889));
#319=EDGE_LOOP('',(#1890,#1891,#1892,#1893));
#320=EDGE_LOOP('',(#1894,#1895,#1896,#1897));
#321=EDGE_LOOP('',(#1898,#1899,#1900,#1901));
#322=EDGE_LOOP('',(#1902,#1903,#1904,#1905));
#323=EDGE_LOOP('',(#1906,#1907,#1908,#1909,#1910,#1911,#1912,#1913));
#324=EDGE_LOOP('',(#1914,#1915,#1916,#1917));
#325=EDGE_LOOP('',(#1918,#1919,#1920,#1921,#1922,#1923,#1924,#1925));
#326=EDGE_LOOP('',(#1926,#1927,#1928,#1929));
#327=EDGE_LOOP('',(#1930,#1931,#1932,#1933));
#328=EDGE_LOOP('',(#1934,#1935,#1936,#1937));
#329=EDGE_LOOP('',(#1938,#1939,#1940,#1941));
#330=EDGE_LOOP('',(#1942,#1943,#1944,#1945));
#331=EDGE_LOOP('',(#1946,#1947,#1948,#1949));
#332=EDGE_LOOP('',(#1950,#1951,#1952,#1953));
#333=EDGE_LOOP('',(#1954,#1955,#1956,#1957));
#334=EDGE_LOOP('',(#1958,#1959,#1960,#1961));
#335=EDGE_LOOP('',(#1962,#1963,#1964,#1965));
#336=EDGE_LOOP('',(#1966,#1967,#1968,#1969));
#337=EDGE_LOOP('',(#1970,#1971,#1972,#1973));
#338=EDGE_LOOP('',(#1974,#1975,#1976,#1977));
#339=EDGE_LOOP('',(#1978,#1979,#1980,#1981));
#340=EDGE_LOOP('',(#1982,#1983,#1984,#1985));
#341=EDGE_LOOP('',(#1986,#1987,#1988,#1989,#1990,#1991,#1992,#1993,#1994,
#1995));
#342=EDGE_LOOP('',(#1996,#1997,#1998,#1999));
#343=EDGE_LOOP('',(#2000,#2001,#2002,#2003,#2004,#2005,#2006,#2007,#2008,
#2009));
#344=EDGE_LOOP('',(#2010,#2011,#2012,#2013));
#345=LINE('',#3041,#604);
#346=LINE('',#3043,#605);
#347=LINE('',#3045,#606);
#348=LINE('',#3047,#607);
#349=LINE('',#3049,#608);
#350=LINE('',#3050,#609);
#351=LINE('',#3053,#610);
#352=LINE('',#3055,#611);
#353=LINE('',#3056,#612);
#354=LINE('',#3059,#613);
#355=LINE('',#3060,#614);
#356=LINE('',#3063,#615);
#357=LINE('',#3064,#616);
#358=LINE('',#3068,#617);
#359=LINE('',#3070,#618);
#360=LINE('',#3072,#619);
#361=LINE('',#3074,#620);
#362=LINE('',#3076,#621);
#363=LINE('',#3077,#622);
#364=LINE('',#3080,#623);
#365=LINE('',#3083,#624);
#366=LINE('',#3086,#625);
#367=LINE('',#3090,#626);
#368=LINE('',#3092,#627);
#369=LINE('',#3094,#628);
#370=LINE('',#3096,#629);
#371=LINE('',#3098,#630);
#372=LINE('',#3100,#631);
#373=LINE('',#3102,#632);
#374=LINE('',#3103,#633);
#375=LINE('',#3105,#634);
#376=LINE('',#3107,#635);
#377=LINE('',#3109,#636);
#378=LINE('',#3110,#637);
#379=LINE('',#3115,#638);
#380=LINE('',#3119,#639);
#381=LINE('',#3123,#640);
#382=LINE('',#3127,#641);
#383=LINE('',#3129,#642);
#384=LINE('',#3131,#643);
#385=LINE('',#3132,#644);
#386=LINE('',#3135,#645);
#387=LINE('',#3137,#646);
#388=LINE('',#3139,#647);
#389=LINE('',#3141,#648);
#390=LINE('',#3143,#649);
#391=LINE('',#3144,#650);
#392=LINE('',#3147,#651);
#393=LINE('',#3151,#652);
#394=LINE('',#3153,#653);
#395=LINE('',#3155,#654);
#396=LINE('',#3159,#655);
#397=LINE('',#3160,#656);
#398=LINE('',#3162,#657);
#399=LINE('',#3166,#658);
#400=LINE('',#3168,#659);
#401=LINE('',#3170,#660);
#402=LINE('',#3171,#661);
#403=LINE('',#3173,#662);
#404=LINE('',#3174,#663);
#405=LINE('',#3183,#664);
#406=LINE('',#3188,#665);
#407=LINE('',#3190,#666);
#408=LINE('',#3196,#667);
#409=LINE('',#3201,#668);
#410=LINE('',#3204,#669);
#411=LINE('',#3206,#670);
#412=LINE('',#3207,#671);
#413=LINE('',#3210,#672);
#414=LINE('',#3214,#673);
#415=LINE('',#3215,#674);
#416=LINE('',#3218,#675);
#417=LINE('',#3219,#676);
#418=LINE('',#3222,#677);
#419=LINE('',#3223,#678);
#420=LINE('',#3226,#679);
#421=LINE('',#3227,#680);
#422=LINE('',#3232,#681);
#423=LINE('',#3233,#682);
#424=LINE('',#3238,#683);
#425=LINE('',#3243,#684);
#426=LINE('',#3247,#685);
#427=LINE('',#3253,#686);
#428=LINE('',#3257,#687);
#429=LINE('',#3260,#688);
#430=LINE('',#3263,#689);
#431=LINE('',#3265,#690);
#432=LINE('',#3266,#691);
#433=LINE('',#3269,#692);
#434=LINE('',#3273,#693);
#435=LINE('',#3279,#694);
#436=LINE('',#3283,#695);
#437=LINE('',#3285,#696);
#438=LINE('',#3287,#697);
#439=LINE('',#3291,#698);
#440=LINE('',#3295,#699);
#441=LINE('',#3297,#700);
#442=LINE('',#3298,#701);
#443=LINE('',#3302,#702);
#444=LINE('',#3304,#703);
#445=LINE('',#3308,#704);
#446=LINE('',#3311,#705);
#447=LINE('',#3312,#706);
#448=LINE('',#3316,#707);
#449=LINE('',#3319,#708);
#450=LINE('',#3320,#709);
#451=LINE('',#3322,#710);
#452=LINE('',#3326,#711);
#453=LINE('',#3331,#712);
#454=LINE('',#3332,#713);
#455=LINE('',#3334,#714);
#456=LINE('',#3340,#715);
#457=LINE('',#3344,#716);
#458=LINE('',#3347,#717);
#459=LINE('',#3350,#718);
#460=LINE('',#3353,#719);
#461=LINE('',#3357,#720);
#462=LINE('',#3359,#721);
#463=LINE('',#3360,#722);
#464=LINE('',#3368,#723);
#465=LINE('',#3369,#724);
#466=LINE('',#3373,#725);
#467=LINE('',#3374,#726);
#468=LINE('',#3379,#727);
#469=LINE('',#3380,#728);
#470=LINE('',#3383,#729);
#471=LINE('',#3384,#730);
#472=LINE('',#3387,#731);
#473=LINE('',#3388,#732);
#474=LINE('',#3391,#733);
#475=LINE('',#3392,#734);
#476=LINE('',#3395,#735);
#477=LINE('',#3397,#736);
#478=LINE('',#3398,#737);
#479=LINE('',#3401,#738);
#480=LINE('',#3403,#739);
#481=LINE('',#3405,#740);
#482=LINE('',#3407,#741);
#483=LINE('',#3408,#742);
#484=LINE('',#3409,#743);
#485=LINE('',#3412,#744);
#486=LINE('',#3413,#745);
#487=LINE('',#3414,#746);
#488=LINE('',#3416,#747);
#489=LINE('',#3419,#748);
#490=LINE('',#3420,#749);
#491=LINE('',#3423,#750);
#492=LINE('',#3427,#751);
#493=LINE('',#3428,#752);
#494=LINE('',#3431,#753);
#495=LINE('',#3434,#754);
#496=LINE('',#3437,#755);
#497=LINE('',#3441,#756);
#498=LINE('',#3442,#757);
#499=LINE('',#3445,#758);
#500=LINE('',#3448,#759);
#501=LINE('',#3450,#760);
#502=LINE('',#3452,#761);
#503=LINE('',#3453,#762);
#504=LINE('',#3456,#763);
#505=LINE('',#3459,#764);
#506=LINE('',#3466,#765);
#507=LINE('',#3469,#766);
#508=LINE('',#3472,#767);
#509=LINE('',#3473,#768);
#510=LINE('',#3476,#769);
#511=LINE('',#3477,#770);
#512=LINE('',#3482,#771);
#513=LINE('',#3483,#772);
#514=LINE('',#3486,#773);
#515=LINE('',#3487,#774);
#516=LINE('',#3491,#775);
#517=LINE('',#3493,#776);
#518=LINE('',#3496,#777);
#519=LINE('',#3497,#778);
#520=LINE('',#3500,#779);
#521=LINE('',#3504,#780);
#522=LINE('',#3507,#781);
#523=LINE('',#3509,#782);
#524=LINE('',#3512,#783);
#525=LINE('',#3514,#784);
#526=LINE('',#3519,#785);
#527=LINE('',#3521,#786);
#528=LINE('',#3523,#787);
#529=LINE('',#3524,#788);
#530=LINE('',#3527,#789);
#531=LINE('',#3529,#790);
#532=LINE('',#3530,#791);
#533=LINE('',#3533,#792);
#534=LINE('',#3535,#793);
#535=LINE('',#3536,#794);
#536=LINE('',#3538,#795);
#537=LINE('',#3539,#796);
#538=LINE('',#3543,#797);
#539=LINE('',#3545,#798);
#540=LINE('',#3547,#799);
#541=LINE('',#3548,#800);
#542=LINE('',#3551,#801);
#543=LINE('',#3553,#802);
#544=LINE('',#3554,#803);
#545=LINE('',#3557,#804);
#546=LINE('',#3559,#805);
#547=LINE('',#3560,#806);
#548=LINE('',#3563,#807);
#549=LINE('',#3565,#808);
#550=LINE('',#3566,#809);
#551=LINE('',#3569,#810);
#552=LINE('',#3571,#811);
#553=LINE('',#3572,#812);
#554=LINE('',#3575,#813);
#555=LINE('',#3577,#814);
#556=LINE('',#3578,#815);
#557=LINE('',#3581,#816);
#558=LINE('',#3583,#817);
#559=LINE('',#3584,#818);
#560=LINE('',#3586,#819);
#561=LINE('',#3587,#820);
#562=LINE('',#3593,#821);
#563=LINE('',#3595,#822);
#564=LINE('',#3597,#823);
#565=LINE('',#3598,#824);
#566=LINE('',#3601,#825);
#567=LINE('',#3603,#826);
#568=LINE('',#3604,#827);
#569=LINE('',#3607,#828);
#570=LINE('',#3609,#829);
#571=LINE('',#3610,#830);
#572=LINE('',#3612,#831);
#573=LINE('',#3613,#832);
#574=LINE('',#3617,#833);
#575=LINE('',#3619,#834);
#576=LINE('',#3621,#835);
#577=LINE('',#3622,#836);
#578=LINE('',#3625,#837);
#579=LINE('',#3627,#838);
#580=LINE('',#3628,#839);
#581=LINE('',#3631,#840);
#582=LINE('',#3633,#841);
#583=LINE('',#3634,#842);
#584=LINE('',#3637,#843);
#585=LINE('',#3639,#844);
#586=LINE('',#3640,#845);
#587=LINE('',#3643,#846);
#588=LINE('',#3645,#847);
#589=LINE('',#3646,#848);
#590=LINE('',#3649,#849);
#591=LINE('',#3651,#850);
#592=LINE('',#3652,#851);
#593=LINE('',#3655,#852);
#594=LINE('',#3657,#853);
#595=LINE('',#3658,#854);
#596=LINE('',#3661,#855);
#597=LINE('',#3663,#856);
#598=LINE('',#3664,#857);
#599=LINE('',#3667,#858);
#600=LINE('',#3669,#859);
#601=LINE('',#3670,#860);
#602=LINE('',#3672,#861);
#603=LINE('',#3673,#862);
#604=VECTOR('',#2431,10.);
#605=VECTOR('',#2432,10.);
#606=VECTOR('',#2433,10.);
#607=VECTOR('',#2434,10.);
#608=VECTOR('',#2435,10.);
#609=VECTOR('',#2436,10.);
#610=VECTOR('',#2439,10.);
#611=VECTOR('',#2440,10.);
#612=VECTOR('',#2441,10.);
#613=VECTOR('',#2444,10.);
#614=VECTOR('',#2445,10.);
#615=VECTOR('',#2448,10.);
#616=VECTOR('',#2449,10.);
#617=VECTOR('',#2452,10.);
#618=VECTOR('',#2453,10.);
#619=VECTOR('',#2454,10.);
#620=VECTOR('',#2455,10.);
#621=VECTOR('',#2456,10.);
#622=VECTOR('',#2457,10.);
#623=VECTOR('',#2460,10.);
#624=VECTOR('',#2463,10.);
#625=VECTOR('',#2466,10.);
#626=VECTOR('',#2471,10.);
#627=VECTOR('',#2472,10.);
#628=VECTOR('',#2473,10.);
#629=VECTOR('',#2474,10.);
#630=VECTOR('',#2475,10.);
#631=VECTOR('',#2476,10.);
#632=VECTOR('',#2477,10.);
#633=VECTOR('',#2478,10.);
#634=VECTOR('',#2479,10.);
#635=VECTOR('',#2480,10.);
#636=VECTOR('',#2481,10.);
#637=VECTOR('',#2482,10.);
#638=VECTOR('',#2487,10.);
#639=VECTOR('',#2490,10.);
#640=VECTOR('',#2493,10.);
#641=VECTOR('',#2496,10.);
#642=VECTOR('',#2497,10.);
#643=VECTOR('',#2498,10.);
#644=VECTOR('',#2499,10.);
#645=VECTOR('',#2500,10.);
#646=VECTOR('',#2501,10.);
#647=VECTOR('',#2502,10.);
#648=VECTOR('',#2503,10.);
#649=VECTOR('',#2504,10.);
#650=VECTOR('',#2505,10.);
#651=VECTOR('',#2506,10.);
#652=VECTOR('',#2509,10.);
#653=VECTOR('',#2510,10.);
#654=VECTOR('',#2511,10.);
#655=VECTOR('',#2516,10.);
#656=VECTOR('',#2517,10.);
#657=VECTOR('',#2520,10.);
#658=VECTOR('',#2523,10.);
#659=VECTOR('',#2524,10.);
#660=VECTOR('',#2525,10.);
#661=VECTOR('',#2526,10.);
#662=VECTOR('',#2529,10.);
#663=VECTOR('',#2530,10.);
#664=VECTOR('',#2539,10.);
#665=VECTOR('',#2544,10.);
#666=VECTOR('',#2545,10.);
#667=VECTOR('',#2550,10.);
#668=VECTOR('',#2555,10.);
#669=VECTOR('',#2558,10.);
#670=VECTOR('',#2559,10.);
#671=VECTOR('',#2560,10.);
#672=VECTOR('',#2563,10.);
#673=VECTOR('',#2568,10.);
#674=VECTOR('',#2569,10.);
#675=VECTOR('',#2572,10.);
#676=VECTOR('',#2573,10.);
#677=VECTOR('',#2576,10.);
#678=VECTOR('',#2577,10.);
#679=VECTOR('',#2580,10.);
#680=VECTOR('',#2581,10.);
#681=VECTOR('',#2588,10.);
#682=VECTOR('',#2589,10.);
#683=VECTOR('',#2594,10.);
#684=VECTOR('',#2599,10.);
#685=VECTOR('',#2602,10.);
#686=VECTOR('',#2607,10.);
#687=VECTOR('',#2612,10.);
#688=VECTOR('',#2615,10.);
#689=VECTOR('',#2618,10.);
#690=VECTOR('',#2619,10.);
#691=VECTOR('',#2620,10.);
#692=VECTOR('',#2623,10.);
#693=VECTOR('',#2626,10.);
#694=VECTOR('',#2631,10.);
#695=VECTOR('',#2634,10.);
#696=VECTOR('',#2635,10.);
#697=VECTOR('',#2636,10.);
#698=VECTOR('',#2639,10.);
#699=VECTOR('',#2642,10.);
#700=VECTOR('',#2643,10.);
#701=VECTOR('',#2644,10.);
#702=VECTOR('',#2651,10.);
#703=VECTOR('',#2654,10.);
#704=VECTOR('',#2659,10.);
#705=VECTOR('',#2662,10.);
#706=VECTOR('',#2663,10.);
#707=VECTOR('',#2668,10.);
#708=VECTOR('',#2671,10.);
#709=VECTOR('',#2672,10.);
#710=VECTOR('',#2675,10.);
#711=VECTOR('',#2680,10.);
#712=VECTOR('',#2685,10.);
#713=VECTOR('',#2686,10.);
#714=VECTOR('',#2687,10.);
#715=VECTOR('',#2692,10.);
#716=VECTOR('',#2697,10.);
#717=VECTOR('',#2700,10.);
#718=VECTOR('',#2703,10.);
#719=VECTOR('',#2706,10.);
#720=VECTOR('',#2711,10.);
#721=VECTOR('',#2712,10.);
#722=VECTOR('',#2713,10.);
#723=VECTOR('',#2726,10.);
#724=VECTOR('',#2727,10.);
#725=VECTOR('',#2734,10.);
#726=VECTOR('',#2735,10.);
#727=VECTOR('',#2742,10.);
#728=VECTOR('',#2743,10.);
#729=VECTOR('',#2746,10.);
#730=VECTOR('',#2747,10.);
#731=VECTOR('',#2750,10.);
#732=VECTOR('',#2751,10.);
#733=VECTOR('',#2754,10.);
#734=VECTOR('',#2755,10.);
#735=VECTOR('',#2758,10.);
#736=VECTOR('',#2759,10.);
#737=VECTOR('',#2760,10.);
#738=VECTOR('',#2763,10.);
#739=VECTOR('',#2764,10.);
#740=VECTOR('',#2765,10.);
#741=VECTOR('',#2766,10.);
#742=VECTOR('',#2767,10.);
#743=VECTOR('',#2768,10.);
#744=VECTOR('',#2771,10.);
#745=VECTOR('',#2772,10.);
#746=VECTOR('',#2773,10.);
#747=VECTOR('',#2776,10.);
#748=VECTOR('',#2779,10.);
#749=VECTOR('',#2780,10.);
#750=VECTOR('',#2783,10.);
#751=VECTOR('',#2788,10.);
#752=VECTOR('',#2789,10.);
#753=VECTOR('',#2792,10.);
#754=VECTOR('',#2797,10.);
#755=VECTOR('',#2800,10.);
#756=VECTOR('',#2805,10.);
#757=VECTOR('',#2806,10.);
#758=VECTOR('',#2809,10.);
#759=VECTOR('',#2814,10.);
#760=VECTOR('',#2817,10.);
#761=VECTOR('',#2820,10.);
#762=VECTOR('',#2821,10.);
#763=VECTOR('',#2826,10.);
#764=VECTOR('',#2831,10.);
#765=VECTOR('',#2838,10.);
#766=VECTOR('',#2841,10.);
#767=VECTOR('',#2844,10.);
#768=VECTOR('',#2845,10.);
#769=VECTOR('',#2848,10.);
#770=VECTOR('',#2849,10.);
#771=VECTOR('',#2854,10.);
#772=VECTOR('',#2855,10.);
#773=VECTOR('',#2858,10.);
#774=VECTOR('',#2859,10.);
#775=VECTOR('',#2864,10.);
#776=VECTOR('',#2867,10.);
#777=VECTOR('',#2870,10.);
#778=VECTOR('',#2871,10.);
#779=VECTOR('',#2874,10.);
#780=VECTOR('',#2877,10.);
#781=VECTOR('',#2882,10.);
#782=VECTOR('',#2885,10.);
#783=VECTOR('',#2890,10.);
#784=VECTOR('',#2893,10.);
#785=VECTOR('',#2898,10.);
#786=VECTOR('',#2899,10.);
#787=VECTOR('',#2900,10.);
#788=VECTOR('',#2901,10.);
#789=VECTOR('',#2904,10.);
#790=VECTOR('',#2905,10.);
#791=VECTOR('',#2906,10.);
#792=VECTOR('',#2909,10.);
#793=VECTOR('',#2910,10.);
#794=VECTOR('',#2911,10.);
#795=VECTOR('',#2914,10.);
#796=VECTOR('',#2915,10.);
#797=VECTOR('',#2918,10.);
#798=VECTOR('',#2919,10.);
#799=VECTOR('',#2920,10.);
#800=VECTOR('',#2921,10.);
#801=VECTOR('',#2924,10.);
#802=VECTOR('',#2925,10.);
#803=VECTOR('',#2926,10.);
#804=VECTOR('',#2929,10.);
#805=VECTOR('',#2930,10.);
#806=VECTOR('',#2931,10.);
#807=VECTOR('',#2934,10.);
#808=VECTOR('',#2935,10.);
#809=VECTOR('',#2936,10.);
#810=VECTOR('',#2939,10.);
#811=VECTOR('',#2940,10.);
#812=VECTOR('',#2941,10.);
#813=VECTOR('',#2944,10.);
#814=VECTOR('',#2945,10.);
#815=VECTOR('',#2946,10.);
#816=VECTOR('',#2949,10.);
#817=VECTOR('',#2950,10.);
#818=VECTOR('',#2951,10.);
#819=VECTOR('',#2954,10.);
#820=VECTOR('',#2955,10.);
#821=VECTOR('',#2962,10.);
#822=VECTOR('',#2963,10.);
#823=VECTOR('',#2964,10.);
#824=VECTOR('',#2965,10.);
#825=VECTOR('',#2968,10.);
#826=VECTOR('',#2969,10.);
#827=VECTOR('',#2970,10.);
#828=VECTOR('',#2973,10.);
#829=VECTOR('',#2974,10.);
#830=VECTOR('',#2975,10.);
#831=VECTOR('',#2978,10.);
#832=VECTOR('',#2979,10.);
#833=VECTOR('',#2982,10.);
#834=VECTOR('',#2983,10.);
#835=VECTOR('',#2984,10.);
#836=VECTOR('',#2985,10.);
#837=VECTOR('',#2988,10.);
#838=VECTOR('',#2989,10.);
#839=VECTOR('',#2990,10.);
#840=VECTOR('',#2993,10.);
#841=VECTOR('',#2994,10.);
#842=VECTOR('',#2995,10.);
#843=VECTOR('',#2998,10.);
#844=VECTOR('',#2999,10.);
#845=VECTOR('',#3000,10.);
#846=VECTOR('',#3003,10.);
#847=VECTOR('',#3004,10.);
#848=VECTOR('',#3005,10.);
#849=VECTOR('',#3008,10.);
#850=VECTOR('',#3009,10.);
#851=VECTOR('',#3010,10.);
#852=VECTOR('',#3013,10.);
#853=VECTOR('',#3014,10.);
#854=VECTOR('',#3015,10.);
#855=VECTOR('',#3018,10.);
#856=VECTOR('',#3019,10.);
#857=VECTOR('',#3020,10.);
#858=VECTOR('',#3023,10.);
#859=VECTOR('',#3024,10.);
#860=VECTOR('',#3025,10.);
#861=VECTOR('',#3028,10.);
#862=VECTOR('',#3029,10.);
#863=VERTEX_POINT('',#3039);
#864=VERTEX_POINT('',#3040);
#865=VERTEX_POINT('',#3042);
#866=VERTEX_POINT('',#3044);
#867=VERTEX_POINT('',#3046);
#868=VERTEX_POINT('',#3048);
#869=VERTEX_POINT('',#3052);
#870=VERTEX_POINT('',#3054);
#871=VERTEX_POINT('',#3058);
#872=VERTEX_POINT('',#3062);
#873=VERTEX_POINT('',#3066);
#874=VERTEX_POINT('',#3067);
#875=VERTEX_POINT('',#3069);
#876=VERTEX_POINT('',#3071);
#877=VERTEX_POINT('',#3073);
#878=VERTEX_POINT('',#3075);
#879=VERTEX_POINT('',#3079);
#880=VERTEX_POINT('',#3081);
#881=VERTEX_POINT('',#3085);
#882=VERTEX_POINT('',#3089);
#883=VERTEX_POINT('',#3091);
#884=VERTEX_POINT('',#3093);
#885=VERTEX_POINT('',#3095);
#886=VERTEX_POINT('',#3097);
#887=VERTEX_POINT('',#3099);
#888=VERTEX_POINT('',#3101);
#889=VERTEX_POINT('',#3104);
#890=VERTEX_POINT('',#3106);
#891=VERTEX_POINT('',#3108);
#892=VERTEX_POINT('',#3112);
#893=VERTEX_POINT('',#3114);
#894=VERTEX_POINT('',#3116);
#895=VERTEX_POINT('',#3118);
#896=VERTEX_POINT('',#3120);
#897=VERTEX_POINT('',#3122);
#898=VERTEX_POINT('',#3124);
#899=VERTEX_POINT('',#3126);
#900=VERTEX_POINT('',#3128);
#901=VERTEX_POINT('',#3130);
#902=VERTEX_POINT('',#3133);
#903=VERTEX_POINT('',#3134);
#904=VERTEX_POINT('',#3136);
#905=VERTEX_POINT('',#3138);
#906=VERTEX_POINT('',#3140);
#907=VERTEX_POINT('',#3142);
#908=VERTEX_POINT('',#3145);
#909=VERTEX_POINT('',#3146);
#910=VERTEX_POINT('',#3148);
#911=VERTEX_POINT('',#3150);
#912=VERTEX_POINT('',#3152);
#913=VERTEX_POINT('',#3154);
#914=VERTEX_POINT('',#3158);
#915=VERTEX_POINT('',#3164);
#916=VERTEX_POINT('',#3165);
#917=VERTEX_POINT('',#3167);
#918=VERTEX_POINT('',#3169);
#919=VERTEX_POINT('',#3176);
#920=VERTEX_POINT('',#3178);
#921=VERTEX_POINT('',#3180);
#922=VERTEX_POINT('',#3182);
#923=VERTEX_POINT('',#3184);
#924=VERTEX_POINT('',#3186);
#925=VERTEX_POINT('',#3189);
#926=VERTEX_POINT('',#3191);
#927=VERTEX_POINT('',#3193);
#928=VERTEX_POINT('',#3195);
#929=VERTEX_POINT('',#3197);
#930=VERTEX_POINT('',#3199);
#931=VERTEX_POINT('',#3203);
#932=VERTEX_POINT('',#3205);
#933=VERTEX_POINT('',#3209);
#934=VERTEX_POINT('',#3213);
#935=VERTEX_POINT('',#3217);
#936=VERTEX_POINT('',#3221);
#937=VERTEX_POINT('',#3225);
#938=VERTEX_POINT('',#3231);
#939=VERTEX_POINT('',#3235);
#940=VERTEX_POINT('',#3236);
#941=VERTEX_POINT('',#3239);
#942=VERTEX_POINT('',#3241);
#943=VERTEX_POINT('',#3244);
#944=VERTEX_POINT('',#3246);
#945=VERTEX_POINT('',#3248);
#946=VERTEX_POINT('',#3250);
#947=VERTEX_POINT('',#3252);
#948=VERTEX_POINT('',#3256);
#949=VERTEX_POINT('',#3258);
#950=VERTEX_POINT('',#3262);
#951=VERTEX_POINT('',#3264);
#952=VERTEX_POINT('',#3268);
#953=VERTEX_POINT('',#3270);
#954=VERTEX_POINT('',#3272);
#955=VERTEX_POINT('',#3275);
#956=VERTEX_POINT('',#3276);
#957=VERTEX_POINT('',#3278);
#958=VERTEX_POINT('',#3280);
#959=VERTEX_POINT('',#3282);
#960=VERTEX_POINT('',#3284);
#961=VERTEX_POINT('',#3286);
#962=VERTEX_POINT('',#3288);
#963=VERTEX_POINT('',#3290);
#964=VERTEX_POINT('',#3292);
#965=VERTEX_POINT('',#3294);
#966=VERTEX_POINT('',#3296);
#967=VERTEX_POINT('',#3306);
#968=VERTEX_POINT('',#3310);
#969=VERTEX_POINT('',#3314);
#970=VERTEX_POINT('',#3318);
#971=VERTEX_POINT('',#3324);
#972=VERTEX_POINT('',#3328);
#973=VERTEX_POINT('',#3329);
#974=VERTEX_POINT('',#3333);
#975=VERTEX_POINT('',#3335);
#976=VERTEX_POINT('',#3337);
#977=VERTEX_POINT('',#3339);
#978=VERTEX_POINT('',#3343);
#979=VERTEX_POINT('',#3345);
#980=VERTEX_POINT('',#3349);
#981=VERTEX_POINT('',#3351);
#982=VERTEX_POINT('',#3356);
#983=VERTEX_POINT('',#3358);
#984=VERTEX_POINT('',#3367);
#985=VERTEX_POINT('',#3378);
#986=VERTEX_POINT('',#3382);
#987=VERTEX_POINT('',#3386);
#988=VERTEX_POINT('',#3390);
#989=VERTEX_POINT('',#3394);
#990=VERTEX_POINT('',#3396);
#991=VERTEX_POINT('',#3400);
#992=VERTEX_POINT('',#3402);
#993=VERTEX_POINT('',#3404);
#994=VERTEX_POINT('',#3406);
#995=VERTEX_POINT('',#3411);
#996=VERTEX_POINT('',#3418);
#997=VERTEX_POINT('',#3422);
#998=VERTEX_POINT('',#3426);
#999=VERTEX_POINT('',#3430);
#1000=VERTEX_POINT('',#3436);
#1001=VERTEX_POINT('',#3440);
#1002=VERTEX_POINT('',#3444);
#1003=VERTEX_POINT('',#3462);
#1004=VERTEX_POINT('',#3463);
#1005=VERTEX_POINT('',#3465);
#1006=VERTEX_POINT('',#3467);
#1007=VERTEX_POINT('',#3471);
#1008=VERTEX_POINT('',#3475);
#1009=VERTEX_POINT('',#3479);
#1010=VERTEX_POINT('',#3480);
#1011=VERTEX_POINT('',#3485);
#1012=VERTEX_POINT('',#3489);
#1013=VERTEX_POINT('',#3495);
#1014=VERTEX_POINT('',#3499);
#1015=VERTEX_POINT('',#3501);
#1016=VERTEX_POINT('',#3503);
#1017=VERTEX_POINT('',#3517);
#1018=VERTEX_POINT('',#3518);
#1019=VERTEX_POINT('',#3520);
#1020=VERTEX_POINT('',#3522);
#1021=VERTEX_POINT('',#3526);
#1022=VERTEX_POINT('',#3528);
#1023=VERTEX_POINT('',#3532);
#1024=VERTEX_POINT('',#3534);
#1025=VERTEX_POINT('',#3541);
#1026=VERTEX_POINT('',#3542);
#1027=VERTEX_POINT('',#3544);
#1028=VERTEX_POINT('',#3546);
#1029=VERTEX_POINT('',#3550);
#1030=VERTEX_POINT('',#3552);
#1031=VERTEX_POINT('',#3556);
#1032=VERTEX_POINT('',#3558);
#1033=VERTEX_POINT('',#3562);
#1034=VERTEX_POINT('',#3564);
#1035=VERTEX_POINT('',#3568);
#1036=VERTEX_POINT('',#3570);
#1037=VERTEX_POINT('',#3574);
#1038=VERTEX_POINT('',#3576);
#1039=VERTEX_POINT('',#3580);
#1040=VERTEX_POINT('',#3582);
#1041=VERTEX_POINT('',#3591);
#1042=VERTEX_POINT('',#3592);
#1043=VERTEX_POINT('',#3594);
#1044=VERTEX_POINT('',#3596);
#1045=VERTEX_POINT('',#3600);
#1046=VERTEX_POINT('',#3602);
#1047=VERTEX_POINT('',#3606);
#1048=VERTEX_POINT('',#3608);
#1049=VERTEX_POINT('',#3615);
#1050=VERTEX_POINT('',#3616);
#1051=VERTEX_POINT('',#3618);
#1052=VERTEX_POINT('',#3620);
#1053=VERTEX_POINT('',#3624);
#1054=VERTEX_POINT('',#3626);
#1055=VERTEX_POINT('',#3630);
#1056=VERTEX_POINT('',#3632);
#1057=VERTEX_POINT('',#3636);
#1058=VERTEX_POINT('',#3638);
#1059=VERTEX_POINT('',#3642);
#1060=VERTEX_POINT('',#3644);
#1061=VERTEX_POINT('',#3648);
#1062=VERTEX_POINT('',#3650);
#1063=VERTEX_POINT('',#3654);
#1064=VERTEX_POINT('',#3656);
#1065=VERTEX_POINT('',#3660);
#1066=VERTEX_POINT('',#3662);
#1067=VERTEX_POINT('',#3666);
#1068=VERTEX_POINT('',#3668);
#1069=EDGE_CURVE('',#863,#864,#345,.T.);
#1070=EDGE_CURVE('',#863,#865,#346,.T.);
#1071=EDGE_CURVE('',#866,#865,#347,.T.);
#1072=EDGE_CURVE('',#867,#866,#348,.T.);
#1073=EDGE_CURVE('',#868,#867,#349,.T.);
#1074=EDGE_CURVE('',#864,#868,#350,.T.);
#1075=EDGE_CURVE('',#863,#869,#351,.T.);
#1076=EDGE_CURVE('',#870,#869,#352,.T.);
#1077=EDGE_CURVE('',#865,#870,#353,.T.);
#1078=EDGE_CURVE('',#864,#871,#354,.T.);
#1079=EDGE_CURVE('',#869,#871,#355,.T.);
#1080=EDGE_CURVE('',#868,#872,#356,.T.);
#1081=EDGE_CURVE('',#871,#872,#357,.T.);
#1082=EDGE_CURVE('',#873,#874,#358,.T.);
#1083=EDGE_CURVE('',#873,#875,#359,.T.);
#1084=EDGE_CURVE('',#876,#875,#360,.T.);
#1085=EDGE_CURVE('',#877,#876,#361,.T.);
#1086=EDGE_CURVE('',#877,#878,#362,.T.);
#1087=EDGE_CURVE('',#874,#878,#363,.T.);
#1088=EDGE_CURVE('',#879,#874,#364,.T.);
#1089=EDGE_CURVE('',#880,#879,#87,.T.);
#1090=EDGE_CURVE('',#880,#873,#365,.T.);
#1091=EDGE_CURVE('',#881,#878,#366,.T.);
#1092=EDGE_CURVE('',#879,#881,#47,.T.);
#1093=EDGE_CURVE('',#867,#882,#367,.T.);
#1094=EDGE_CURVE('',#882,#883,#368,.T.);
#1095=EDGE_CURVE('',#884,#883,#369,.T.);
#1096=EDGE_CURVE('',#884,#885,#370,.T.);
#1097=EDGE_CURVE('',#885,#886,#371,.T.);
#1098=EDGE_CURVE('',#887,#886,#372,.T.);
#1099=EDGE_CURVE('',#888,#887,#373,.T.);
#1100=EDGE_CURVE('',#881,#888,#374,.T.);
#1101=EDGE_CURVE('',#889,#877,#375,.T.);
#1102=EDGE_CURVE('',#890,#889,#376,.T.);
#1103=EDGE_CURVE('',#890,#891,#377,.T.);
#1104=EDGE_CURVE('',#891,#872,#378,.T.);
#1105=EDGE_CURVE('',#892,#890,#48,.T.);
#1106=EDGE_CURVE('',#892,#893,#379,.T.);
#1107=EDGE_CURVE('',#894,#893,#49,.T.);
#1108=EDGE_CURVE('',#895,#894,#380,.T.);
#1109=EDGE_CURVE('',#896,#895,#50,.T.);
#1110=EDGE_CURVE('',#896,#897,#381,.T.);
#1111=EDGE_CURVE('',#898,#897,#51,.T.);
#1112=EDGE_CURVE('',#898,#899,#382,.T.);
#1113=EDGE_CURVE('',#900,#899,#383,.T.);
#1114=EDGE_CURVE('',#900,#901,#384,.T.);
#1115=EDGE_CURVE('',#891,#901,#385,.T.);
#1116=EDGE_CURVE('',#902,#903,#386,.T.);
#1117=EDGE_CURVE('',#903,#904,#387,.T.);
#1118=EDGE_CURVE('',#904,#905,#388,.T.);
#1119=EDGE_CURVE('',#905,#906,#389,.T.);
#1120=EDGE_CURVE('',#906,#907,#390,.T.);
#1121=EDGE_CURVE('',#902,#907,#391,.T.);
#1122=EDGE_CURVE('',#908,#909,#392,.T.);
#1123=EDGE_CURVE('',#909,#910,#52,.T.);
#1124=EDGE_CURVE('',#910,#911,#393,.T.);
#1125=EDGE_CURVE('',#911,#912,#394,.T.);
#1126=EDGE_CURVE('',#912,#913,#395,.T.);
#1127=EDGE_CURVE('',#913,#908,#53,.T.);
#1128=EDGE_CURVE('',#866,#914,#396,.T.);
#1129=EDGE_CURVE('',#882,#914,#397,.T.);
#1130=EDGE_CURVE('',#914,#870,#398,.T.);
#1131=EDGE_CURVE('',#915,#916,#399,.T.);
#1132=EDGE_CURVE('',#917,#915,#400,.T.);
#1133=EDGE_CURVE('',#918,#917,#401,.F.);
#1134=EDGE_CURVE('',#918,#916,#402,.T.);
#1135=EDGE_CURVE('',#915,#902,#403,.T.);
#1136=EDGE_CURVE('',#907,#917,#404,.F.);
#1137=EDGE_CURVE('',#919,#887,#54,.T.);
#1138=EDGE_CURVE('',#886,#920,#55,.T.);
#1139=EDGE_CURVE('',#920,#921,#88,.T.);
#1140=EDGE_CURVE('',#921,#922,#405,.T.);
#1141=EDGE_CURVE('',#922,#923,#89,.T.);
#1142=EDGE_CURVE('',#923,#924,#56,.T.);
#1143=EDGE_CURVE('',#898,#924,#406,.T.);
#1144=EDGE_CURVE('',#897,#925,#407,.T.);
#1145=EDGE_CURVE('',#925,#926,#57,.T.);
#1146=EDGE_CURVE('',#926,#927,#90,.T.);
#1147=EDGE_CURVE('',#927,#928,#408,.T.);
#1148=EDGE_CURVE('',#928,#929,#91,.T.);
#1149=EDGE_CURVE('',#929,#930,#58,.T.);
#1150=EDGE_CURVE('',#930,#919,#409,.T.);
#1151=EDGE_CURVE('',#927,#931,#410,.T.);
#1152=EDGE_CURVE('',#932,#931,#411,.T.);
#1153=EDGE_CURVE('',#932,#928,#412,.T.);
#1154=EDGE_CURVE('',#933,#926,#413,.T.);
#1155=EDGE_CURVE('',#931,#933,#92,.T.);
#1156=EDGE_CURVE('',#934,#896,#414,.T.);
#1157=EDGE_CURVE('',#934,#925,#415,.T.);
#1158=EDGE_CURVE('',#935,#885,#416,.T.);
#1159=EDGE_CURVE('',#920,#935,#417,.T.);
#1160=EDGE_CURVE('',#924,#936,#418,.T.);
#1161=EDGE_CURVE('',#936,#899,#419,.T.);
#1162=EDGE_CURVE('',#923,#937,#420,.T.);
#1163=EDGE_CURVE('',#936,#937,#421,.T.);
#1164=EDGE_CURVE('',#933,#934,#59,.T.);
#1165=EDGE_CURVE('',#938,#922,#422,.T.);
#1166=EDGE_CURVE('',#937,#938,#423,.T.);
#1167=EDGE_CURVE('',#939,#940,#60,.T.);
#1168=EDGE_CURVE('',#940,#892,#424,.T.);
#1169=EDGE_CURVE('',#889,#941,#61,.T.);
#1170=EDGE_CURVE('',#941,#942,#93,.T.);
#1171=EDGE_CURVE('',#942,#880,#425,.T.);
#1172=EDGE_CURVE('',#888,#943,#62,.T.);
#1173=EDGE_CURVE('',#944,#943,#426,.T.);
#1174=EDGE_CURVE('',#944,#945,#63,.T.);
#1175=EDGE_CURVE('',#945,#946,#94,.T.);
#1176=EDGE_CURVE('',#946,#947,#427,.T.);
#1177=EDGE_CURVE('',#947,#939,#95,.T.);
#1178=EDGE_CURVE('',#945,#948,#428,.T.);
#1179=EDGE_CURVE('',#949,#948,#96,.T.);
#1180=EDGE_CURVE('',#946,#949,#429,.T.);
#1181=EDGE_CURVE('',#943,#950,#430,.T.);
#1182=EDGE_CURVE('',#951,#950,#431,.T.);
#1183=EDGE_CURVE('',#951,#944,#432,.T.);
#1184=EDGE_CURVE('',#919,#952,#433,.T.);
#1185=EDGE_CURVE('',#953,#952,#64,.T.);
#1186=EDGE_CURVE('',#953,#954,#434,.T.);
#1187=EDGE_CURVE('',#950,#954,#65,.T.);
#1188=EDGE_CURVE('',#955,#956,#66,.T.);
#1189=EDGE_CURVE('',#957,#955,#435,.T.);
#1190=EDGE_CURVE('',#958,#957,#67,.T.);
#1191=EDGE_CURVE('',#959,#958,#436,.T.);
#1192=EDGE_CURVE('',#960,#959,#437,.T.);
#1193=EDGE_CURVE('',#961,#960,#438,.T.);
#1194=EDGE_CURVE('',#962,#961,#68,.T.);
#1195=EDGE_CURVE('',#963,#962,#439,.T.);
#1196=EDGE_CURVE('',#964,#963,#69,.T.);
#1197=EDGE_CURVE('',#965,#964,#440,.T.);
#1198=EDGE_CURVE('',#966,#965,#441,.T.);
#1199=EDGE_CURVE('',#956,#966,#442,.T.);
#1200=EDGE_CURVE('',#948,#951,#70,.T.);
#1201=EDGE_CURVE('',#941,#876,#443,.T.);
#1202=EDGE_CURVE('',#942,#875,#444,.T.);
#1203=EDGE_CURVE('',#967,#932,#97,.T.);
#1204=EDGE_CURVE('',#967,#929,#445,.T.);
#1205=EDGE_CURVE('',#968,#949,#446,.T.);
#1206=EDGE_CURVE('',#947,#968,#447,.T.);
#1207=EDGE_CURVE('',#969,#968,#98,.T.);
#1208=EDGE_CURVE('',#969,#939,#448,.T.);
#1209=EDGE_CURVE('',#921,#970,#449,.T.);
#1210=EDGE_CURVE('',#938,#970,#450,.T.);
#1211=EDGE_CURVE('',#970,#935,#451,.T.);
#1212=EDGE_CURVE('',#971,#967,#71,.T.);
#1213=EDGE_CURVE('',#971,#930,#452,.T.);
#1214=EDGE_CURVE('',#972,#973,#72,.T.);
#1215=EDGE_CURVE('',#973,#953,#453,.T.);
#1216=EDGE_CURVE('',#952,#971,#454,.T.);
#1217=EDGE_CURVE('',#974,#895,#455,.T.);
#1218=EDGE_CURVE('',#974,#975,#73,.T.);
#1219=EDGE_CURVE('',#975,#976,#99,.T.);
#1220=EDGE_CURVE('',#976,#977,#456,.T.);
#1221=EDGE_CURVE('',#977,#972,#100,.T.);
#1222=EDGE_CURVE('',#974,#978,#457,.T.);
#1223=EDGE_CURVE('',#979,#978,#74,.T.);
#1224=EDGE_CURVE('',#975,#979,#458,.T.);
#1225=EDGE_CURVE('',#980,#972,#459,.T.);
#1226=EDGE_CURVE('',#981,#980,#75,.T.);
#1227=EDGE_CURVE('',#981,#973,#460,.T.);
#1228=EDGE_CURVE('',#982,#976,#461,.T.);
#1229=EDGE_CURVE('',#983,#982,#462,.T.);
#1230=EDGE_CURVE('',#983,#977,#463,.T.);
#1231=EDGE_CURVE('',#982,#979,#101,.T.);
#1232=EDGE_CURVE('',#980,#983,#102,.T.);
#1233=EDGE_CURVE('',#984,#940,#464,.T.);
#1234=EDGE_CURVE('',#893,#984,#465,.T.);
#1235=EDGE_CURVE('',#984,#969,#76,.T.);
#1236=EDGE_CURVE('',#954,#981,#466,.T.);
#1237=EDGE_CURVE('',#894,#978,#467,.T.);
#1238=EDGE_CURVE('',#916,#985,#468,.T.);
#1239=EDGE_CURVE('',#985,#903,#469,.T.);
#1240=EDGE_CURVE('',#985,#986,#470,.T.);
#1241=EDGE_CURVE('',#904,#986,#471,.T.);
#1242=EDGE_CURVE('',#987,#918,#472,.T.);
#1243=EDGE_CURVE('',#987,#906,#473,.T.);
#1244=EDGE_CURVE('',#988,#987,#474,.T.);
#1245=EDGE_CURVE('',#986,#988,#475,.T.);
#1246=EDGE_CURVE('',#959,#989,#476,.F.);
#1247=EDGE_CURVE('',#989,#990,#477,.T.);
#1248=EDGE_CURVE('',#990,#960,#478,.F.);
#1249=EDGE_CURVE('',#911,#991,#479,.T.);
#1250=EDGE_CURVE('',#992,#991,#480,.T.);
#1251=EDGE_CURVE('',#993,#992,#481,.T.);
#1252=EDGE_CURVE('',#993,#994,#482,.T.);
#1253=EDGE_CURVE('',#990,#994,#483,.T.);
#1254=EDGE_CURVE('',#912,#989,#484,.T.);
#1255=EDGE_CURVE('',#964,#995,#485,.T.);
#1256=EDGE_CURVE('',#995,#992,#486,.T.);
#1257=EDGE_CURVE('',#992,#965,#487,.T.);
#1258=EDGE_CURVE('',#991,#966,#488,.T.);
#1259=EDGE_CURVE('',#991,#996,#489,.T.);
#1260=EDGE_CURVE('',#996,#956,#490,.T.);
#1261=EDGE_CURVE('',#997,#955,#491,.T.);
#1262=EDGE_CURVE('',#996,#997,#77,.T.);
#1263=EDGE_CURVE('',#998,#957,#492,.T.);
#1264=EDGE_CURVE('',#997,#998,#493,.T.);
#1265=EDGE_CURVE('',#999,#958,#494,.T.);
#1266=EDGE_CURVE('',#998,#999,#78,.T.);
#1267=EDGE_CURVE('',#999,#989,#495,.T.);
#1268=EDGE_CURVE('',#963,#1000,#496,.T.);
#1269=EDGE_CURVE('',#1000,#995,#79,.T.);
#1270=EDGE_CURVE('',#962,#1001,#497,.T.);
#1271=EDGE_CURVE('',#1001,#1000,#498,.T.);
#1272=EDGE_CURVE('',#961,#1002,#499,.T.);
#1273=EDGE_CURVE('',#1002,#1001,#80,.T.);
#1274=EDGE_CURVE('',#990,#1002,#500,.T.);
#1275=EDGE_CURVE('',#913,#999,#501,.T.);
#1276=EDGE_CURVE('',#908,#998,#502,.T.);
#1277=EDGE_CURVE('',#909,#997,#503,.T.);
#1278=EDGE_CURVE('',#910,#996,#504,.T.);
#1279=EDGE_CURVE('',#988,#905,#505,.T.);
#1280=EDGE_CURVE('',#1003,#1004,#81,.T.);
#1281=EDGE_CURVE('',#1004,#1005,#506,.T.);
#1282=EDGE_CURVE('',#1005,#1006,#82,.T.);
#1283=EDGE_CURVE('',#1006,#1003,#507,.T.);
#1284=EDGE_CURVE('',#901,#1007,#508,.T.);
#1285=EDGE_CURVE('',#883,#1007,#509,.F.);
#1286=EDGE_CURVE('',#1008,#884,#510,.F.);
#1287=EDGE_CURVE('',#1008,#900,#511,.T.);
#1288=EDGE_CURVE('',#1009,#1010,#83,.T.);
#1289=EDGE_CURVE('',#1010,#1006,#512,.T.);
#1290=EDGE_CURVE('',#1009,#1005,#513,.T.);
#1291=EDGE_CURVE('',#1010,#1011,#514,.T.);
#1292=EDGE_CURVE('',#1011,#1003,#515,.T.);
#1293=EDGE_CURVE('',#1011,#1012,#84,.T.);
#1294=EDGE_CURVE('',#1012,#1004,#516,.T.);
#1295=EDGE_CURVE('',#1012,#1009,#517,.T.);
#1296=EDGE_CURVE('',#1002,#1013,#518,.T.);
#1297=EDGE_CURVE('',#1013,#994,#519,.T.);
#1298=EDGE_CURVE('',#993,#1014,#520,.T.);
#1299=EDGE_CURVE('',#1015,#1014,#85,.T.);
#1300=EDGE_CURVE('',#1016,#1015,#521,.T.);
#1301=EDGE_CURVE('',#1013,#1016,#86,.T.);
#1302=EDGE_CURVE('',#995,#1014,#522,.T.);
#1303=EDGE_CURVE('',#1007,#1008,#523,.T.);
#1304=EDGE_CURVE('',#1000,#1015,#524,.T.);
#1305=EDGE_CURVE('',#1001,#1016,#525,.T.);
#1306=EDGE_CURVE('',#1017,#1018,#526,.T.);
#1307=EDGE_CURVE('',#1018,#1019,#527,.T.);
#1308=EDGE_CURVE('',#1020,#1019,#528,.T.);
#1309=EDGE_CURVE('',#1017,#1020,#529,.T.);
#1310=EDGE_CURVE('',#1021,#1017,#530,.T.);
#1311=EDGE_CURVE('',#1022,#1020,#531,.T.);
#1312=EDGE_CURVE('',#1021,#1022,#532,.T.);
#1313=EDGE_CURVE('',#1023,#1021,#533,.T.);
#1314=EDGE_CURVE('',#1024,#1022,#534,.T.);
#1315=EDGE_CURVE('',#1023,#1024,#535,.T.);
#1316=EDGE_CURVE('',#1018,#1023,#536,.T.);
#1317=EDGE_CURVE('',#1019,#1024,#537,.T.);
#1318=EDGE_CURVE('',#1025,#1026,#538,.T.);
#1319=EDGE_CURVE('',#1026,#1027,#539,.T.);
#1320=EDGE_CURVE('',#1028,#1027,#540,.T.);
#1321=EDGE_CURVE('',#1025,#1028,#541,.T.);
#1322=EDGE_CURVE('',#1029,#1025,#542,.T.);
#1323=EDGE_CURVE('',#1030,#1028,#543,.T.);
#1324=EDGE_CURVE('',#1029,#1030,#544,.T.);
#1325=EDGE_CURVE('',#1031,#1029,#545,.T.);
#1326=EDGE_CURVE('',#1032,#1030,#546,.T.);
#1327=EDGE_CURVE('',#1031,#1032,#547,.T.);
#1328=EDGE_CURVE('',#1033,#1031,#548,.T.);
#1329=EDGE_CURVE('',#1034,#1032,#549,.T.);
#1330=EDGE_CURVE('',#1033,#1034,#550,.T.);
#1331=EDGE_CURVE('',#1035,#1033,#551,.T.);
#1332=EDGE_CURVE('',#1036,#1034,#552,.T.);
#1333=EDGE_CURVE('',#1035,#1036,#553,.T.);
#1334=EDGE_CURVE('',#1037,#1035,#554,.T.);
#1335=EDGE_CURVE('',#1038,#1036,#555,.T.);
#1336=EDGE_CURVE('',#1037,#1038,#556,.T.);
#1337=EDGE_CURVE('',#1039,#1037,#557,.T.);
#1338=EDGE_CURVE('',#1040,#1038,#558,.T.);
#1339=EDGE_CURVE('',#1039,#1040,#559,.T.);
#1340=EDGE_CURVE('',#1026,#1039,#560,.T.);
#1341=EDGE_CURVE('',#1027,#1040,#561,.T.);
#1342=EDGE_CURVE('',#1041,#1042,#562,.T.);
#1343=EDGE_CURVE('',#1042,#1043,#563,.T.);
#1344=EDGE_CURVE('',#1044,#1043,#564,.T.);
#1345=EDGE_CURVE('',#1041,#1044,#565,.T.);
#1346=EDGE_CURVE('',#1045,#1041,#566,.T.);
#1347=EDGE_CURVE('',#1046,#1044,#567,.T.);
#1348=EDGE_CURVE('',#1045,#1046,#568,.T.);
#1349=EDGE_CURVE('',#1047,#1045,#569,.T.);
#1350=EDGE_CURVE('',#1048,#1046,#570,.T.);
#1351=EDGE_CURVE('',#1047,#1048,#571,.T.);
#1352=EDGE_CURVE('',#1042,#1047,#572,.T.);
#1353=EDGE_CURVE('',#1043,#1048,#573,.T.);
#1354=EDGE_CURVE('',#1049,#1050,#574,.T.);
#1355=EDGE_CURVE('',#1050,#1051,#575,.T.);
#1356=EDGE_CURVE('',#1052,#1051,#576,.T.);
#1357=EDGE_CURVE('',#1049,#1052,#577,.T.);
#1358=EDGE_CURVE('',#1053,#1049,#578,.T.);
#1359=EDGE_CURVE('',#1054,#1052,#579,.T.);
#1360=EDGE_CURVE('',#1053,#1054,#580,.T.);
#1361=EDGE_CURVE('',#1055,#1053,#581,.T.);
#1362=EDGE_CURVE('',#1056,#1054,#582,.T.);
#1363=EDGE_CURVE('',#1055,#1056,#583,.T.);
#1364=EDGE_CURVE('',#1057,#1055,#584,.T.);
#1365=EDGE_CURVE('',#1058,#1056,#585,.T.);
#1366=EDGE_CURVE('',#1057,#1058,#586,.T.);
#1367=EDGE_CURVE('',#1059,#1057,#587,.T.);
#1368=EDGE_CURVE('',#1060,#1058,#588,.T.);
#1369=EDGE_CURVE('',#1059,#1060,#589,.T.);
#1370=EDGE_CURVE('',#1061,#1059,#590,.T.);
#1371=EDGE_CURVE('',#1062,#1060,#591,.T.);
#1372=EDGE_CURVE('',#1061,#1062,#592,.T.);
#1373=EDGE_CURVE('',#1063,#1061,#593,.T.);
#1374=EDGE_CURVE('',#1064,#1062,#594,.T.);
#1375=EDGE_CURVE('',#1063,#1064,#595,.T.);
#1376=EDGE_CURVE('',#1065,#1063,#596,.T.);
#1377=EDGE_CURVE('',#1066,#1064,#597,.T.);
#1378=EDGE_CURVE('',#1065,#1066,#598,.T.);
#1379=EDGE_CURVE('',#1067,#1065,#599,.T.);
#1380=EDGE_CURVE('',#1068,#1066,#600,.T.);
#1381=EDGE_CURVE('',#1067,#1068,#601,.T.);
#1382=EDGE_CURVE('',#1050,#1067,#602,.T.);
#1383=EDGE_CURVE('',#1051,#1068,#603,.T.);
#1384=ORIENTED_EDGE('',*,*,#1069,.F.);
#1385=ORIENTED_EDGE('',*,*,#1070,.T.);
#1386=ORIENTED_EDGE('',*,*,#1071,.F.);
#1387=ORIENTED_EDGE('',*,*,#1072,.F.);
#1388=ORIENTED_EDGE('',*,*,#1073,.F.);
#1389=ORIENTED_EDGE('',*,*,#1074,.F.);
#1390=ORIENTED_EDGE('',*,*,#1070,.F.);
#1391=ORIENTED_EDGE('',*,*,#1075,.T.);
#1392=ORIENTED_EDGE('',*,*,#1076,.F.);
#1393=ORIENTED_EDGE('',*,*,#1077,.F.);
#1394=ORIENTED_EDGE('',*,*,#1069,.T.);
#1395=ORIENTED_EDGE('',*,*,#1078,.T.);
#1396=ORIENTED_EDGE('',*,*,#1079,.F.);
#1397=ORIENTED_EDGE('',*,*,#1075,.F.);
#1398=ORIENTED_EDGE('',*,*,#1074,.T.);
#1399=ORIENTED_EDGE('',*,*,#1080,.T.);
#1400=ORIENTED_EDGE('',*,*,#1081,.F.);
#1401=ORIENTED_EDGE('',*,*,#1078,.F.);
#1402=ORIENTED_EDGE('',*,*,#1082,.F.);
#1403=ORIENTED_EDGE('',*,*,#1083,.T.);
#1404=ORIENTED_EDGE('',*,*,#1084,.F.);
#1405=ORIENTED_EDGE('',*,*,#1085,.F.);
#1406=ORIENTED_EDGE('',*,*,#1086,.T.);
#1407=ORIENTED_EDGE('',*,*,#1087,.F.);
#1408=ORIENTED_EDGE('',*,*,#1082,.T.);
#1409=ORIENTED_EDGE('',*,*,#1088,.F.);
#1410=ORIENTED_EDGE('',*,*,#1089,.F.);
#1411=ORIENTED_EDGE('',*,*,#1090,.T.);
#1412=ORIENTED_EDGE('',*,*,#1087,.T.);
#1413=ORIENTED_EDGE('',*,*,#1091,.F.);
#1414=ORIENTED_EDGE('',*,*,#1092,.F.);
#1415=ORIENTED_EDGE('',*,*,#1088,.T.);
#1416=ORIENTED_EDGE('',*,*,#1093,.T.);
#1417=ORIENTED_EDGE('',*,*,#1094,.T.);
#1418=ORIENTED_EDGE('',*,*,#1095,.F.);
#1419=ORIENTED_EDGE('',*,*,#1096,.T.);
#1420=ORIENTED_EDGE('',*,*,#1097,.T.);
#1421=ORIENTED_EDGE('',*,*,#1098,.F.);
#1422=ORIENTED_EDGE('',*,*,#1099,.F.);
#1423=ORIENTED_EDGE('',*,*,#1100,.F.);
#1424=ORIENTED_EDGE('',*,*,#1091,.T.);
#1425=ORIENTED_EDGE('',*,*,#1086,.F.);
#1426=ORIENTED_EDGE('',*,*,#1101,.F.);
#1427=ORIENTED_EDGE('',*,*,#1102,.F.);
#1428=ORIENTED_EDGE('',*,*,#1103,.T.);
#1429=ORIENTED_EDGE('',*,*,#1104,.T.);
#1430=ORIENTED_EDGE('',*,*,#1080,.F.);
#1431=ORIENTED_EDGE('',*,*,#1073,.T.);
#1432=ORIENTED_EDGE('',*,*,#1103,.F.);
#1433=ORIENTED_EDGE('',*,*,#1105,.F.);
#1434=ORIENTED_EDGE('',*,*,#1106,.T.);
#1435=ORIENTED_EDGE('',*,*,#1107,.F.);
#1436=ORIENTED_EDGE('',*,*,#1108,.F.);
#1437=ORIENTED_EDGE('',*,*,#1109,.F.);
#1438=ORIENTED_EDGE('',*,*,#1110,.T.);
#1439=ORIENTED_EDGE('',*,*,#1111,.F.);
#1440=ORIENTED_EDGE('',*,*,#1112,.T.);
#1441=ORIENTED_EDGE('',*,*,#1113,.F.);
#1442=ORIENTED_EDGE('',*,*,#1114,.T.);
#1443=ORIENTED_EDGE('',*,*,#1115,.F.);
#1444=ORIENTED_EDGE('',*,*,#1116,.T.);
#1445=ORIENTED_EDGE('',*,*,#1117,.T.);
#1446=ORIENTED_EDGE('',*,*,#1118,.T.);
#1447=ORIENTED_EDGE('',*,*,#1119,.T.);
#1448=ORIENTED_EDGE('',*,*,#1120,.T.);
#1449=ORIENTED_EDGE('',*,*,#1121,.F.);
#1450=ORIENTED_EDGE('',*,*,#1122,.T.);
#1451=ORIENTED_EDGE('',*,*,#1123,.T.);
#1452=ORIENTED_EDGE('',*,*,#1124,.T.);
#1453=ORIENTED_EDGE('',*,*,#1125,.T.);
#1454=ORIENTED_EDGE('',*,*,#1126,.T.);
#1455=ORIENTED_EDGE('',*,*,#1127,.T.);
#1456=ORIENTED_EDGE('',*,*,#1072,.T.);
#1457=ORIENTED_EDGE('',*,*,#1128,.T.);
#1458=ORIENTED_EDGE('',*,*,#1129,.F.);
#1459=ORIENTED_EDGE('',*,*,#1093,.F.);
#1460=ORIENTED_EDGE('',*,*,#1071,.T.);
#1461=ORIENTED_EDGE('',*,*,#1077,.T.);
#1462=ORIENTED_EDGE('',*,*,#1130,.F.);
#1463=ORIENTED_EDGE('',*,*,#1128,.F.);
#1464=ORIENTED_EDGE('',*,*,#1131,.F.);
#1465=ORIENTED_EDGE('',*,*,#1132,.F.);
#1466=ORIENTED_EDGE('',*,*,#1133,.F.);
#1467=ORIENTED_EDGE('',*,*,#1134,.T.);
#1468=ORIENTED_EDGE('',*,*,#1135,.T.);
#1469=ORIENTED_EDGE('',*,*,#1121,.T.);
#1470=ORIENTED_EDGE('',*,*,#1136,.T.);
#1471=ORIENTED_EDGE('',*,*,#1132,.T.);
#1472=ORIENTED_EDGE('',*,*,#1137,.T.);
#1473=ORIENTED_EDGE('',*,*,#1098,.T.);
#1474=ORIENTED_EDGE('',*,*,#1138,.T.);
#1475=ORIENTED_EDGE('',*,*,#1139,.T.);
#1476=ORIENTED_EDGE('',*,*,#1140,.T.);
#1477=ORIENTED_EDGE('',*,*,#1141,.T.);
#1478=ORIENTED_EDGE('',*,*,#1142,.T.);
#1479=ORIENTED_EDGE('',*,*,#1143,.F.);
#1480=ORIENTED_EDGE('',*,*,#1111,.T.);
#1481=ORIENTED_EDGE('',*,*,#1144,.T.);
#1482=ORIENTED_EDGE('',*,*,#1145,.T.);
#1483=ORIENTED_EDGE('',*,*,#1146,.T.);
#1484=ORIENTED_EDGE('',*,*,#1147,.T.);
#1485=ORIENTED_EDGE('',*,*,#1148,.T.);
#1486=ORIENTED_EDGE('',*,*,#1149,.T.);
#1487=ORIENTED_EDGE('',*,*,#1150,.T.);
#1488=ORIENTED_EDGE('',*,*,#1147,.F.);
#1489=ORIENTED_EDGE('',*,*,#1151,.T.);
#1490=ORIENTED_EDGE('',*,*,#1152,.F.);
#1491=ORIENTED_EDGE('',*,*,#1153,.T.);
#1492=ORIENTED_EDGE('',*,*,#1146,.F.);
#1493=ORIENTED_EDGE('',*,*,#1154,.F.);
#1494=ORIENTED_EDGE('',*,*,#1155,.F.);
#1495=ORIENTED_EDGE('',*,*,#1151,.F.);
#1496=ORIENTED_EDGE('',*,*,#1144,.F.);
#1497=ORIENTED_EDGE('',*,*,#1110,.F.);
#1498=ORIENTED_EDGE('',*,*,#1156,.F.);
#1499=ORIENTED_EDGE('',*,*,#1157,.T.);
#1500=ORIENTED_EDGE('',*,*,#1138,.F.);
#1501=ORIENTED_EDGE('',*,*,#1097,.F.);
#1502=ORIENTED_EDGE('',*,*,#1158,.F.);
#1503=ORIENTED_EDGE('',*,*,#1159,.F.);
#1504=ORIENTED_EDGE('',*,*,#1143,.T.);
#1505=ORIENTED_EDGE('',*,*,#1160,.T.);
#1506=ORIENTED_EDGE('',*,*,#1161,.T.);
#1507=ORIENTED_EDGE('',*,*,#1112,.F.);
#1508=ORIENTED_EDGE('',*,*,#1142,.F.);
#1509=ORIENTED_EDGE('',*,*,#1162,.T.);
#1510=ORIENTED_EDGE('',*,*,#1163,.F.);
#1511=ORIENTED_EDGE('',*,*,#1160,.F.);
#1512=ORIENTED_EDGE('',*,*,#1145,.F.);
#1513=ORIENTED_EDGE('',*,*,#1157,.F.);
#1514=ORIENTED_EDGE('',*,*,#1164,.F.);
#1515=ORIENTED_EDGE('',*,*,#1154,.T.);
#1516=ORIENTED_EDGE('',*,*,#1141,.F.);
#1517=ORIENTED_EDGE('',*,*,#1165,.F.);
#1518=ORIENTED_EDGE('',*,*,#1166,.F.);
#1519=ORIENTED_EDGE('',*,*,#1162,.F.);
#1520=ORIENTED_EDGE('',*,*,#1167,.T.);
#1521=ORIENTED_EDGE('',*,*,#1168,.T.);
#1522=ORIENTED_EDGE('',*,*,#1105,.T.);
#1523=ORIENTED_EDGE('',*,*,#1102,.T.);
#1524=ORIENTED_EDGE('',*,*,#1169,.T.);
#1525=ORIENTED_EDGE('',*,*,#1170,.T.);
#1526=ORIENTED_EDGE('',*,*,#1171,.T.);
#1527=ORIENTED_EDGE('',*,*,#1089,.T.);
#1528=ORIENTED_EDGE('',*,*,#1092,.T.);
#1529=ORIENTED_EDGE('',*,*,#1100,.T.);
#1530=ORIENTED_EDGE('',*,*,#1172,.T.);
#1531=ORIENTED_EDGE('',*,*,#1173,.F.);
#1532=ORIENTED_EDGE('',*,*,#1174,.T.);
#1533=ORIENTED_EDGE('',*,*,#1175,.T.);
#1534=ORIENTED_EDGE('',*,*,#1176,.T.);
#1535=ORIENTED_EDGE('',*,*,#1177,.T.);
#1536=ORIENTED_EDGE('',*,*,#1175,.F.);
#1537=ORIENTED_EDGE('',*,*,#1178,.T.);
#1538=ORIENTED_EDGE('',*,*,#1179,.F.);
#1539=ORIENTED_EDGE('',*,*,#1180,.F.);
#1540=ORIENTED_EDGE('',*,*,#1173,.T.);
#1541=ORIENTED_EDGE('',*,*,#1181,.T.);
#1542=ORIENTED_EDGE('',*,*,#1182,.F.);
#1543=ORIENTED_EDGE('',*,*,#1183,.T.);
#1544=ORIENTED_EDGE('',*,*,#1137,.F.);
#1545=ORIENTED_EDGE('',*,*,#1184,.T.);
#1546=ORIENTED_EDGE('',*,*,#1185,.F.);
#1547=ORIENTED_EDGE('',*,*,#1186,.T.);
#1548=ORIENTED_EDGE('',*,*,#1187,.F.);
#1549=ORIENTED_EDGE('',*,*,#1181,.F.);
#1550=ORIENTED_EDGE('',*,*,#1172,.F.);
#1551=ORIENTED_EDGE('',*,*,#1099,.T.);
#1552=ORIENTED_EDGE('',*,*,#1188,.F.);
#1553=ORIENTED_EDGE('',*,*,#1189,.F.);
#1554=ORIENTED_EDGE('',*,*,#1190,.F.);
#1555=ORIENTED_EDGE('',*,*,#1191,.F.);
#1556=ORIENTED_EDGE('',*,*,#1192,.F.);
#1557=ORIENTED_EDGE('',*,*,#1193,.F.);
#1558=ORIENTED_EDGE('',*,*,#1194,.F.);
#1559=ORIENTED_EDGE('',*,*,#1195,.F.);
#1560=ORIENTED_EDGE('',*,*,#1196,.F.);
#1561=ORIENTED_EDGE('',*,*,#1197,.F.);
#1562=ORIENTED_EDGE('',*,*,#1198,.F.);
#1563=ORIENTED_EDGE('',*,*,#1199,.F.);
#1564=ORIENTED_EDGE('',*,*,#1174,.F.);
#1565=ORIENTED_EDGE('',*,*,#1183,.F.);
#1566=ORIENTED_EDGE('',*,*,#1200,.F.);
#1567=ORIENTED_EDGE('',*,*,#1178,.F.);
#1568=ORIENTED_EDGE('',*,*,#1085,.T.);
#1569=ORIENTED_EDGE('',*,*,#1201,.F.);
#1570=ORIENTED_EDGE('',*,*,#1169,.F.);
#1571=ORIENTED_EDGE('',*,*,#1101,.T.);
#1572=ORIENTED_EDGE('',*,*,#1083,.F.);
#1573=ORIENTED_EDGE('',*,*,#1090,.F.);
#1574=ORIENTED_EDGE('',*,*,#1171,.F.);
#1575=ORIENTED_EDGE('',*,*,#1202,.T.);
#1576=ORIENTED_EDGE('',*,*,#1148,.F.);
#1577=ORIENTED_EDGE('',*,*,#1153,.F.);
#1578=ORIENTED_EDGE('',*,*,#1203,.F.);
#1579=ORIENTED_EDGE('',*,*,#1204,.T.);
#1580=ORIENTED_EDGE('',*,*,#1176,.F.);
#1581=ORIENTED_EDGE('',*,*,#1180,.T.);
#1582=ORIENTED_EDGE('',*,*,#1205,.F.);
#1583=ORIENTED_EDGE('',*,*,#1206,.F.);
#1584=ORIENTED_EDGE('',*,*,#1177,.F.);
#1585=ORIENTED_EDGE('',*,*,#1206,.T.);
#1586=ORIENTED_EDGE('',*,*,#1207,.F.);
#1587=ORIENTED_EDGE('',*,*,#1208,.T.);
#1588=ORIENTED_EDGE('',*,*,#1140,.F.);
#1589=ORIENTED_EDGE('',*,*,#1209,.T.);
#1590=ORIENTED_EDGE('',*,*,#1210,.F.);
#1591=ORIENTED_EDGE('',*,*,#1165,.T.);
#1592=ORIENTED_EDGE('',*,*,#1139,.F.);
#1593=ORIENTED_EDGE('',*,*,#1159,.T.);
#1594=ORIENTED_EDGE('',*,*,#1211,.F.);
#1595=ORIENTED_EDGE('',*,*,#1209,.F.);
#1596=ORIENTED_EDGE('',*,*,#1149,.F.);
#1597=ORIENTED_EDGE('',*,*,#1204,.F.);
#1598=ORIENTED_EDGE('',*,*,#1212,.F.);
#1599=ORIENTED_EDGE('',*,*,#1213,.T.);
#1600=ORIENTED_EDGE('',*,*,#1214,.T.);
#1601=ORIENTED_EDGE('',*,*,#1215,.T.);
#1602=ORIENTED_EDGE('',*,*,#1185,.T.);
#1603=ORIENTED_EDGE('',*,*,#1216,.T.);
#1604=ORIENTED_EDGE('',*,*,#1212,.T.);
#1605=ORIENTED_EDGE('',*,*,#1203,.T.);
#1606=ORIENTED_EDGE('',*,*,#1152,.T.);
#1607=ORIENTED_EDGE('',*,*,#1155,.T.);
#1608=ORIENTED_EDGE('',*,*,#1164,.T.);
#1609=ORIENTED_EDGE('',*,*,#1156,.T.);
#1610=ORIENTED_EDGE('',*,*,#1109,.T.);
#1611=ORIENTED_EDGE('',*,*,#1217,.F.);
#1612=ORIENTED_EDGE('',*,*,#1218,.T.);
#1613=ORIENTED_EDGE('',*,*,#1219,.T.);
#1614=ORIENTED_EDGE('',*,*,#1220,.T.);
#1615=ORIENTED_EDGE('',*,*,#1221,.T.);
#1616=ORIENTED_EDGE('',*,*,#1218,.F.);
#1617=ORIENTED_EDGE('',*,*,#1222,.T.);
#1618=ORIENTED_EDGE('',*,*,#1223,.F.);
#1619=ORIENTED_EDGE('',*,*,#1224,.F.);
#1620=ORIENTED_EDGE('',*,*,#1214,.F.);
#1621=ORIENTED_EDGE('',*,*,#1225,.F.);
#1622=ORIENTED_EDGE('',*,*,#1226,.F.);
#1623=ORIENTED_EDGE('',*,*,#1227,.T.);
#1624=ORIENTED_EDGE('',*,*,#1150,.F.);
#1625=ORIENTED_EDGE('',*,*,#1213,.F.);
#1626=ORIENTED_EDGE('',*,*,#1216,.F.);
#1627=ORIENTED_EDGE('',*,*,#1184,.F.);
#1628=ORIENTED_EDGE('',*,*,#1220,.F.);
#1629=ORIENTED_EDGE('',*,*,#1228,.F.);
#1630=ORIENTED_EDGE('',*,*,#1229,.F.);
#1631=ORIENTED_EDGE('',*,*,#1230,.T.);
#1632=ORIENTED_EDGE('',*,*,#1219,.F.);
#1633=ORIENTED_EDGE('',*,*,#1224,.T.);
#1634=ORIENTED_EDGE('',*,*,#1231,.F.);
#1635=ORIENTED_EDGE('',*,*,#1228,.T.);
#1636=ORIENTED_EDGE('',*,*,#1221,.F.);
#1637=ORIENTED_EDGE('',*,*,#1230,.F.);
#1638=ORIENTED_EDGE('',*,*,#1232,.F.);
#1639=ORIENTED_EDGE('',*,*,#1225,.T.);
#1640=ORIENTED_EDGE('',*,*,#1084,.T.);
#1641=ORIENTED_EDGE('',*,*,#1202,.F.);
#1642=ORIENTED_EDGE('',*,*,#1170,.F.);
#1643=ORIENTED_EDGE('',*,*,#1201,.T.);
#1644=ORIENTED_EDGE('',*,*,#1168,.F.);
#1645=ORIENTED_EDGE('',*,*,#1233,.F.);
#1646=ORIENTED_EDGE('',*,*,#1234,.F.);
#1647=ORIENTED_EDGE('',*,*,#1106,.F.);
#1648=ORIENTED_EDGE('',*,*,#1167,.F.);
#1649=ORIENTED_EDGE('',*,*,#1208,.F.);
#1650=ORIENTED_EDGE('',*,*,#1235,.F.);
#1651=ORIENTED_EDGE('',*,*,#1233,.T.);
#1652=ORIENTED_EDGE('',*,*,#1187,.T.);
#1653=ORIENTED_EDGE('',*,*,#1236,.T.);
#1654=ORIENTED_EDGE('',*,*,#1226,.T.);
#1655=ORIENTED_EDGE('',*,*,#1232,.T.);
#1656=ORIENTED_EDGE('',*,*,#1229,.T.);
#1657=ORIENTED_EDGE('',*,*,#1231,.T.);
#1658=ORIENTED_EDGE('',*,*,#1223,.T.);
#1659=ORIENTED_EDGE('',*,*,#1237,.F.);
#1660=ORIENTED_EDGE('',*,*,#1107,.T.);
#1661=ORIENTED_EDGE('',*,*,#1234,.T.);
#1662=ORIENTED_EDGE('',*,*,#1235,.T.);
#1663=ORIENTED_EDGE('',*,*,#1207,.T.);
#1664=ORIENTED_EDGE('',*,*,#1205,.T.);
#1665=ORIENTED_EDGE('',*,*,#1179,.T.);
#1666=ORIENTED_EDGE('',*,*,#1200,.T.);
#1667=ORIENTED_EDGE('',*,*,#1182,.T.);
#1668=ORIENTED_EDGE('',*,*,#1217,.T.);
#1669=ORIENTED_EDGE('',*,*,#1108,.T.);
#1670=ORIENTED_EDGE('',*,*,#1237,.T.);
#1671=ORIENTED_EDGE('',*,*,#1222,.F.);
#1672=ORIENTED_EDGE('',*,*,#1215,.F.);
#1673=ORIENTED_EDGE('',*,*,#1227,.F.);
#1674=ORIENTED_EDGE('',*,*,#1236,.F.);
#1675=ORIENTED_EDGE('',*,*,#1186,.F.);
#1676=ORIENTED_EDGE('',*,*,#1131,.T.);
#1677=ORIENTED_EDGE('',*,*,#1238,.T.);
#1678=ORIENTED_EDGE('',*,*,#1239,.T.);
#1679=ORIENTED_EDGE('',*,*,#1116,.F.);
#1680=ORIENTED_EDGE('',*,*,#1135,.F.);
#1681=ORIENTED_EDGE('',*,*,#1239,.F.);
#1682=ORIENTED_EDGE('',*,*,#1240,.T.);
#1683=ORIENTED_EDGE('',*,*,#1241,.F.);
#1684=ORIENTED_EDGE('',*,*,#1117,.F.);
#1685=ORIENTED_EDGE('',*,*,#1242,.T.);
#1686=ORIENTED_EDGE('',*,*,#1133,.T.);
#1687=ORIENTED_EDGE('',*,*,#1136,.F.);
#1688=ORIENTED_EDGE('',*,*,#1120,.F.);
#1689=ORIENTED_EDGE('',*,*,#1243,.F.);
#1690=ORIENTED_EDGE('',*,*,#1134,.F.);
#1691=ORIENTED_EDGE('',*,*,#1242,.F.);
#1692=ORIENTED_EDGE('',*,*,#1244,.F.);
#1693=ORIENTED_EDGE('',*,*,#1245,.F.);
#1694=ORIENTED_EDGE('',*,*,#1240,.F.);
#1695=ORIENTED_EDGE('',*,*,#1238,.F.);
#1696=ORIENTED_EDGE('',*,*,#1246,.T.);
#1697=ORIENTED_EDGE('',*,*,#1247,.T.);
#1698=ORIENTED_EDGE('',*,*,#1248,.T.);
#1699=ORIENTED_EDGE('',*,*,#1192,.T.);
#1700=ORIENTED_EDGE('',*,*,#1249,.T.);
#1701=ORIENTED_EDGE('',*,*,#1250,.F.);
#1702=ORIENTED_EDGE('',*,*,#1251,.F.);
#1703=ORIENTED_EDGE('',*,*,#1252,.T.);
#1704=ORIENTED_EDGE('',*,*,#1253,.F.);
#1705=ORIENTED_EDGE('',*,*,#1247,.F.);
#1706=ORIENTED_EDGE('',*,*,#1254,.F.);
#1707=ORIENTED_EDGE('',*,*,#1125,.F.);
#1708=ORIENTED_EDGE('',*,*,#1197,.T.);
#1709=ORIENTED_EDGE('',*,*,#1255,.T.);
#1710=ORIENTED_EDGE('',*,*,#1256,.T.);
#1711=ORIENTED_EDGE('',*,*,#1257,.T.);
#1712=ORIENTED_EDGE('',*,*,#1250,.T.);
#1713=ORIENTED_EDGE('',*,*,#1258,.T.);
#1714=ORIENTED_EDGE('',*,*,#1198,.T.);
#1715=ORIENTED_EDGE('',*,*,#1257,.F.);
#1716=ORIENTED_EDGE('',*,*,#1259,.T.);
#1717=ORIENTED_EDGE('',*,*,#1260,.T.);
#1718=ORIENTED_EDGE('',*,*,#1199,.T.);
#1719=ORIENTED_EDGE('',*,*,#1258,.F.);
#1720=ORIENTED_EDGE('',*,*,#1261,.T.);
#1721=ORIENTED_EDGE('',*,*,#1188,.T.);
#1722=ORIENTED_EDGE('',*,*,#1260,.F.);
#1723=ORIENTED_EDGE('',*,*,#1262,.T.);
#1724=ORIENTED_EDGE('',*,*,#1263,.T.);
#1725=ORIENTED_EDGE('',*,*,#1189,.T.);
#1726=ORIENTED_EDGE('',*,*,#1261,.F.);
#1727=ORIENTED_EDGE('',*,*,#1264,.T.);
#1728=ORIENTED_EDGE('',*,*,#1265,.T.);
#1729=ORIENTED_EDGE('',*,*,#1190,.T.);
#1730=ORIENTED_EDGE('',*,*,#1263,.F.);
#1731=ORIENTED_EDGE('',*,*,#1266,.T.);
#1732=ORIENTED_EDGE('',*,*,#1191,.T.);
#1733=ORIENTED_EDGE('',*,*,#1265,.F.);
#1734=ORIENTED_EDGE('',*,*,#1267,.T.);
#1735=ORIENTED_EDGE('',*,*,#1246,.F.);
#1736=ORIENTED_EDGE('',*,*,#1255,.F.);
#1737=ORIENTED_EDGE('',*,*,#1196,.T.);
#1738=ORIENTED_EDGE('',*,*,#1268,.T.);
#1739=ORIENTED_EDGE('',*,*,#1269,.T.);
#1740=ORIENTED_EDGE('',*,*,#1268,.F.);
#1741=ORIENTED_EDGE('',*,*,#1195,.T.);
#1742=ORIENTED_EDGE('',*,*,#1270,.T.);
#1743=ORIENTED_EDGE('',*,*,#1271,.T.);
#1744=ORIENTED_EDGE('',*,*,#1270,.F.);
#1745=ORIENTED_EDGE('',*,*,#1194,.T.);
#1746=ORIENTED_EDGE('',*,*,#1272,.T.);
#1747=ORIENTED_EDGE('',*,*,#1273,.T.);
#1748=ORIENTED_EDGE('',*,*,#1274,.T.);
#1749=ORIENTED_EDGE('',*,*,#1272,.F.);
#1750=ORIENTED_EDGE('',*,*,#1193,.T.);
#1751=ORIENTED_EDGE('',*,*,#1248,.F.);
#1752=ORIENTED_EDGE('',*,*,#1275,.F.);
#1753=ORIENTED_EDGE('',*,*,#1126,.F.);
#1754=ORIENTED_EDGE('',*,*,#1254,.T.);
#1755=ORIENTED_EDGE('',*,*,#1267,.F.);
#1756=ORIENTED_EDGE('',*,*,#1276,.T.);
#1757=ORIENTED_EDGE('',*,*,#1264,.F.);
#1758=ORIENTED_EDGE('',*,*,#1277,.F.);
#1759=ORIENTED_EDGE('',*,*,#1122,.F.);
#1760=ORIENTED_EDGE('',*,*,#1266,.F.);
#1761=ORIENTED_EDGE('',*,*,#1276,.F.);
#1762=ORIENTED_EDGE('',*,*,#1127,.F.);
#1763=ORIENTED_EDGE('',*,*,#1275,.T.);
#1764=ORIENTED_EDGE('',*,*,#1278,.T.);
#1765=ORIENTED_EDGE('',*,*,#1259,.F.);
#1766=ORIENTED_EDGE('',*,*,#1249,.F.);
#1767=ORIENTED_EDGE('',*,*,#1124,.F.);
#1768=ORIENTED_EDGE('',*,*,#1262,.F.);
#1769=ORIENTED_EDGE('',*,*,#1278,.F.);
#1770=ORIENTED_EDGE('',*,*,#1123,.F.);
#1771=ORIENTED_EDGE('',*,*,#1277,.T.);
#1772=ORIENTED_EDGE('',*,*,#1243,.T.);
#1773=ORIENTED_EDGE('',*,*,#1119,.F.);
#1774=ORIENTED_EDGE('',*,*,#1279,.F.);
#1775=ORIENTED_EDGE('',*,*,#1244,.T.);
#1776=ORIENTED_EDGE('',*,*,#1279,.T.);
#1777=ORIENTED_EDGE('',*,*,#1118,.F.);
#1778=ORIENTED_EDGE('',*,*,#1241,.T.);
#1779=ORIENTED_EDGE('',*,*,#1245,.T.);
#1780=ORIENTED_EDGE('',*,*,#1280,.T.);
#1781=ORIENTED_EDGE('',*,*,#1281,.T.);
#1782=ORIENTED_EDGE('',*,*,#1282,.T.);
#1783=ORIENTED_EDGE('',*,*,#1283,.T.);
#1784=ORIENTED_EDGE('',*,*,#1104,.F.);
#1785=ORIENTED_EDGE('',*,*,#1115,.T.);
#1786=ORIENTED_EDGE('',*,*,#1284,.T.);
#1787=ORIENTED_EDGE('',*,*,#1285,.F.);
#1788=ORIENTED_EDGE('',*,*,#1094,.F.);
#1789=ORIENTED_EDGE('',*,*,#1129,.T.);
#1790=ORIENTED_EDGE('',*,*,#1130,.T.);
#1791=ORIENTED_EDGE('',*,*,#1076,.T.);
#1792=ORIENTED_EDGE('',*,*,#1079,.T.);
#1793=ORIENTED_EDGE('',*,*,#1081,.T.);
#1794=ORIENTED_EDGE('',*,*,#1163,.T.);
#1795=ORIENTED_EDGE('',*,*,#1166,.T.);
#1796=ORIENTED_EDGE('',*,*,#1210,.T.);
#1797=ORIENTED_EDGE('',*,*,#1211,.T.);
#1798=ORIENTED_EDGE('',*,*,#1158,.T.);
#1799=ORIENTED_EDGE('',*,*,#1096,.F.);
#1800=ORIENTED_EDGE('',*,*,#1286,.F.);
#1801=ORIENTED_EDGE('',*,*,#1287,.T.);
#1802=ORIENTED_EDGE('',*,*,#1113,.T.);
#1803=ORIENTED_EDGE('',*,*,#1161,.F.);
#1804=ORIENTED_EDGE('',*,*,#1288,.T.);
#1805=ORIENTED_EDGE('',*,*,#1289,.T.);
#1806=ORIENTED_EDGE('',*,*,#1282,.F.);
#1807=ORIENTED_EDGE('',*,*,#1290,.F.);
#1808=ORIENTED_EDGE('',*,*,#1291,.T.);
#1809=ORIENTED_EDGE('',*,*,#1292,.T.);
#1810=ORIENTED_EDGE('',*,*,#1283,.F.);
#1811=ORIENTED_EDGE('',*,*,#1289,.F.);
#1812=ORIENTED_EDGE('',*,*,#1293,.T.);
#1813=ORIENTED_EDGE('',*,*,#1294,.T.);
#1814=ORIENTED_EDGE('',*,*,#1280,.F.);
#1815=ORIENTED_EDGE('',*,*,#1292,.F.);
#1816=ORIENTED_EDGE('',*,*,#1295,.T.);
#1817=ORIENTED_EDGE('',*,*,#1290,.T.);
#1818=ORIENTED_EDGE('',*,*,#1281,.F.);
#1819=ORIENTED_EDGE('',*,*,#1294,.F.);
#1820=ORIENTED_EDGE('',*,*,#1296,.F.);
#1821=ORIENTED_EDGE('',*,*,#1274,.F.);
#1822=ORIENTED_EDGE('',*,*,#1253,.T.);
#1823=ORIENTED_EDGE('',*,*,#1297,.F.);
#1824=ORIENTED_EDGE('',*,*,#1298,.T.);
#1825=ORIENTED_EDGE('',*,*,#1299,.F.);
#1826=ORIENTED_EDGE('',*,*,#1300,.F.);
#1827=ORIENTED_EDGE('',*,*,#1301,.F.);
#1828=ORIENTED_EDGE('',*,*,#1297,.T.);
#1829=ORIENTED_EDGE('',*,*,#1252,.F.);
#1830=ORIENTED_EDGE('',*,*,#1288,.F.);
#1831=ORIENTED_EDGE('',*,*,#1295,.F.);
#1832=ORIENTED_EDGE('',*,*,#1293,.F.);
#1833=ORIENTED_EDGE('',*,*,#1291,.F.);
#1834=ORIENTED_EDGE('',*,*,#1251,.T.);
#1835=ORIENTED_EDGE('',*,*,#1256,.F.);
#1836=ORIENTED_EDGE('',*,*,#1302,.T.);
#1837=ORIENTED_EDGE('',*,*,#1298,.F.);
#1838=ORIENTED_EDGE('',*,*,#1285,.T.);
#1839=ORIENTED_EDGE('',*,*,#1303,.T.);
#1840=ORIENTED_EDGE('',*,*,#1286,.T.);
#1841=ORIENTED_EDGE('',*,*,#1095,.T.);
#1842=ORIENTED_EDGE('',*,*,#1287,.F.);
#1843=ORIENTED_EDGE('',*,*,#1303,.F.);
#1844=ORIENTED_EDGE('',*,*,#1284,.F.);
#1845=ORIENTED_EDGE('',*,*,#1114,.F.);
#1846=ORIENTED_EDGE('',*,*,#1302,.F.);
#1847=ORIENTED_EDGE('',*,*,#1269,.F.);
#1848=ORIENTED_EDGE('',*,*,#1304,.T.);
#1849=ORIENTED_EDGE('',*,*,#1299,.T.);
#1850=ORIENTED_EDGE('',*,*,#1305,.F.);
#1851=ORIENTED_EDGE('',*,*,#1273,.F.);
#1852=ORIENTED_EDGE('',*,*,#1296,.T.);
#1853=ORIENTED_EDGE('',*,*,#1301,.T.);
#1854=ORIENTED_EDGE('',*,*,#1304,.F.);
#1855=ORIENTED_EDGE('',*,*,#1271,.F.);
#1856=ORIENTED_EDGE('',*,*,#1305,.T.);
#1857=ORIENTED_EDGE('',*,*,#1300,.T.);
#1858=ORIENTED_EDGE('',*,*,#1306,.T.);
#1859=ORIENTED_EDGE('',*,*,#1307,.T.);
#1860=ORIENTED_EDGE('',*,*,#1308,.F.);
#1861=ORIENTED_EDGE('',*,*,#1309,.F.);
#1862=ORIENTED_EDGE('',*,*,#1310,.T.);
#1863=ORIENTED_EDGE('',*,*,#1309,.T.);
#1864=ORIENTED_EDGE('',*,*,#1311,.F.);
#1865=ORIENTED_EDGE('',*,*,#1312,.F.);
#1866=ORIENTED_EDGE('',*,*,#1313,.T.);
#1867=ORIENTED_EDGE('',*,*,#1312,.T.);
#1868=ORIENTED_EDGE('',*,*,#1314,.F.);
#1869=ORIENTED_EDGE('',*,*,#1315,.F.);
#1870=ORIENTED_EDGE('',*,*,#1316,.T.);
#1871=ORIENTED_EDGE('',*,*,#1315,.T.);
#1872=ORIENTED_EDGE('',*,*,#1317,.F.);
#1873=ORIENTED_EDGE('',*,*,#1307,.F.);
#1874=ORIENTED_EDGE('',*,*,#1318,.T.);
#1875=ORIENTED_EDGE('',*,*,#1319,.T.);
#1876=ORIENTED_EDGE('',*,*,#1320,.F.);
#1877=ORIENTED_EDGE('',*,*,#1321,.F.);
#1878=ORIENTED_EDGE('',*,*,#1322,.T.);
#1879=ORIENTED_EDGE('',*,*,#1321,.T.);
#1880=ORIENTED_EDGE('',*,*,#1323,.F.);
#1881=ORIENTED_EDGE('',*,*,#1324,.F.);
#1882=ORIENTED_EDGE('',*,*,#1325,.T.);
#1883=ORIENTED_EDGE('',*,*,#1324,.T.);
#1884=ORIENTED_EDGE('',*,*,#1326,.F.);
#1885=ORIENTED_EDGE('',*,*,#1327,.F.);
#1886=ORIENTED_EDGE('',*,*,#1328,.T.);
#1887=ORIENTED_EDGE('',*,*,#1327,.T.);
#1888=ORIENTED_EDGE('',*,*,#1329,.F.);
#1889=ORIENTED_EDGE('',*,*,#1330,.F.);
#1890=ORIENTED_EDGE('',*,*,#1331,.T.);
#1891=ORIENTED_EDGE('',*,*,#1330,.T.);
#1892=ORIENTED_EDGE('',*,*,#1332,.F.);
#1893=ORIENTED_EDGE('',*,*,#1333,.F.);
#1894=ORIENTED_EDGE('',*,*,#1334,.T.);
#1895=ORIENTED_EDGE('',*,*,#1333,.T.);
#1896=ORIENTED_EDGE('',*,*,#1335,.F.);
#1897=ORIENTED_EDGE('',*,*,#1336,.F.);
#1898=ORIENTED_EDGE('',*,*,#1337,.T.);
#1899=ORIENTED_EDGE('',*,*,#1336,.T.);
#1900=ORIENTED_EDGE('',*,*,#1338,.F.);
#1901=ORIENTED_EDGE('',*,*,#1339,.F.);
#1902=ORIENTED_EDGE('',*,*,#1340,.T.);
#1903=ORIENTED_EDGE('',*,*,#1339,.T.);
#1904=ORIENTED_EDGE('',*,*,#1341,.F.);
#1905=ORIENTED_EDGE('',*,*,#1319,.F.);
#1906=ORIENTED_EDGE('',*,*,#1340,.F.);
#1907=ORIENTED_EDGE('',*,*,#1318,.F.);
#1908=ORIENTED_EDGE('',*,*,#1322,.F.);
#1909=ORIENTED_EDGE('',*,*,#1325,.F.);
#1910=ORIENTED_EDGE('',*,*,#1328,.F.);
#1911=ORIENTED_EDGE('',*,*,#1331,.F.);
#1912=ORIENTED_EDGE('',*,*,#1334,.F.);
#1913=ORIENTED_EDGE('',*,*,#1337,.F.);
#1914=ORIENTED_EDGE('',*,*,#1316,.F.);
#1915=ORIENTED_EDGE('',*,*,#1306,.F.);
#1916=ORIENTED_EDGE('',*,*,#1310,.F.);
#1917=ORIENTED_EDGE('',*,*,#1313,.F.);
#1918=ORIENTED_EDGE('',*,*,#1341,.T.);
#1919=ORIENTED_EDGE('',*,*,#1338,.T.);
#1920=ORIENTED_EDGE('',*,*,#1335,.T.);
#1921=ORIENTED_EDGE('',*,*,#1332,.T.);
#1922=ORIENTED_EDGE('',*,*,#1329,.T.);
#1923=ORIENTED_EDGE('',*,*,#1326,.T.);
#1924=ORIENTED_EDGE('',*,*,#1323,.T.);
#1925=ORIENTED_EDGE('',*,*,#1320,.T.);
#1926=ORIENTED_EDGE('',*,*,#1317,.T.);
#1927=ORIENTED_EDGE('',*,*,#1314,.T.);
#1928=ORIENTED_EDGE('',*,*,#1311,.T.);
#1929=ORIENTED_EDGE('',*,*,#1308,.T.);
#1930=ORIENTED_EDGE('',*,*,#1342,.T.);
#1931=ORIENTED_EDGE('',*,*,#1343,.T.);
#1932=ORIENTED_EDGE('',*,*,#1344,.F.);
#1933=ORIENTED_EDGE('',*,*,#1345,.F.);
#1934=ORIENTED_EDGE('',*,*,#1346,.T.);
#1935=ORIENTED_EDGE('',*,*,#1345,.T.);
#1936=ORIENTED_EDGE('',*,*,#1347,.F.);
#1937=ORIENTED_EDGE('',*,*,#1348,.F.);
#1938=ORIENTED_EDGE('',*,*,#1349,.T.);
#1939=ORIENTED_EDGE('',*,*,#1348,.T.);
#1940=ORIENTED_EDGE('',*,*,#1350,.F.);
#1941=ORIENTED_EDGE('',*,*,#1351,.F.);
#1942=ORIENTED_EDGE('',*,*,#1352,.T.);
#1943=ORIENTED_EDGE('',*,*,#1351,.T.);
#1944=ORIENTED_EDGE('',*,*,#1353,.F.);
#1945=ORIENTED_EDGE('',*,*,#1343,.F.);
#1946=ORIENTED_EDGE('',*,*,#1354,.T.);
#1947=ORIENTED_EDGE('',*,*,#1355,.T.);
#1948=ORIENTED_EDGE('',*,*,#1356,.F.);
#1949=ORIENTED_EDGE('',*,*,#1357,.F.);
#1950=ORIENTED_EDGE('',*,*,#1358,.T.);
#1951=ORIENTED_EDGE('',*,*,#1357,.T.);
#1952=ORIENTED_EDGE('',*,*,#1359,.F.);
#1953=ORIENTED_EDGE('',*,*,#1360,.F.);
#1954=ORIENTED_EDGE('',*,*,#1361,.T.);
#1955=ORIENTED_EDGE('',*,*,#1360,.T.);
#1956=ORIENTED_EDGE('',*,*,#1362,.F.);
#1957=ORIENTED_EDGE('',*,*,#1363,.F.);
#1958=ORIENTED_EDGE('',*,*,#1364,.T.);
#1959=ORIENTED_EDGE('',*,*,#1363,.T.);
#1960=ORIENTED_EDGE('',*,*,#1365,.F.);
#1961=ORIENTED_EDGE('',*,*,#1366,.F.);
#1962=ORIENTED_EDGE('',*,*,#1367,.T.);
#1963=ORIENTED_EDGE('',*,*,#1366,.T.);
#1964=ORIENTED_EDGE('',*,*,#1368,.F.);
#1965=ORIENTED_EDGE('',*,*,#1369,.F.);
#1966=ORIENTED_EDGE('',*,*,#1370,.T.);
#1967=ORIENTED_EDGE('',*,*,#1369,.T.);
#1968=ORIENTED_EDGE('',*,*,#1371,.F.);
#1969=ORIENTED_EDGE('',*,*,#1372,.F.);
#1970=ORIENTED_EDGE('',*,*,#1373,.T.);
#1971=ORIENTED_EDGE('',*,*,#1372,.T.);
#1972=ORIENTED_EDGE('',*,*,#1374,.F.);
#1973=ORIENTED_EDGE('',*,*,#1375,.F.);
#1974=ORIENTED_EDGE('',*,*,#1376,.T.);
#1975=ORIENTED_EDGE('',*,*,#1375,.T.);
#1976=ORIENTED_EDGE('',*,*,#1377,.F.);
#1977=ORIENTED_EDGE('',*,*,#1378,.F.);
#1978=ORIENTED_EDGE('',*,*,#1379,.T.);
#1979=ORIENTED_EDGE('',*,*,#1378,.T.);
#1980=ORIENTED_EDGE('',*,*,#1380,.F.);
#1981=ORIENTED_EDGE('',*,*,#1381,.F.);
#1982=ORIENTED_EDGE('',*,*,#1382,.T.);
#1983=ORIENTED_EDGE('',*,*,#1381,.T.);
#1984=ORIENTED_EDGE('',*,*,#1383,.F.);
#1985=ORIENTED_EDGE('',*,*,#1355,.F.);
#1986=ORIENTED_EDGE('',*,*,#1382,.F.);
#1987=ORIENTED_EDGE('',*,*,#1354,.F.);
#1988=ORIENTED_EDGE('',*,*,#1358,.F.);
#1989=ORIENTED_EDGE('',*,*,#1361,.F.);
#1990=ORIENTED_EDGE('',*,*,#1364,.F.);
#1991=ORIENTED_EDGE('',*,*,#1367,.F.);
#1992=ORIENTED_EDGE('',*,*,#1370,.F.);
#1993=ORIENTED_EDGE('',*,*,#1373,.F.);
#1994=ORIENTED_EDGE('',*,*,#1376,.F.);
#1995=ORIENTED_EDGE('',*,*,#1379,.F.);
#1996=ORIENTED_EDGE('',*,*,#1352,.F.);
#1997=ORIENTED_EDGE('',*,*,#1342,.F.);
#1998=ORIENTED_EDGE('',*,*,#1346,.F.);
#1999=ORIENTED_EDGE('',*,*,#1349,.F.);
#2000=ORIENTED_EDGE('',*,*,#1383,.T.);
#2001=ORIENTED_EDGE('',*,*,#1380,.T.);
#2002=ORIENTED_EDGE('',*,*,#1377,.T.);
#2003=ORIENTED_EDGE('',*,*,#1374,.T.);
#2004=ORIENTED_EDGE('',*,*,#1371,.T.);
#2005=ORIENTED_EDGE('',*,*,#1368,.T.);
#2006=ORIENTED_EDGE('',*,*,#1365,.T.);
#2007=ORIENTED_EDGE('',*,*,#1362,.T.);
#2008=ORIENTED_EDGE('',*,*,#1359,.T.);
#2009=ORIENTED_EDGE('',*,*,#1356,.T.);
#2010=ORIENTED_EDGE('',*,*,#1353,.T.);
#2011=ORIENTED_EDGE('',*,*,#1350,.T.);
#2012=ORIENTED_EDGE('',*,*,#1347,.T.);
#2013=ORIENTED_EDGE('',*,*,#1344,.T.);
#2014=PLANE('',#2251);
#2015=PLANE('',#2252);
#2016=PLANE('',#2253);
#2017=PLANE('',#2254);
#2018=PLANE('',#2255);
#2019=PLANE('',#2256);
#2020=PLANE('',#2258);
#2021=PLANE('',#2260);
#2022=PLANE('',#2261);
#2023=PLANE('',#2268);
#2024=PLANE('',#2269);
#2025=PLANE('',#2270);
#2026=PLANE('',#2271);
#2027=PLANE('',#2282);
#2028=PLANE('',#2283);
#2029=PLANE('',#2285);
#2030=PLANE('',#2286);
#2031=PLANE('',#2287);
#2032=PLANE('',#2288);
#2033=PLANE('',#2289);
#2034=PLANE('',#2291);
#2035=PLANE('',#2300);
#2036=PLANE('',#2302);
#2037=PLANE('',#2303);
#2038=PLANE('',#2310);
#2039=PLANE('',#2312);
#2040=PLANE('',#2313);
#2041=PLANE('',#2314);
#2042=PLANE('',#2316);
#2043=PLANE('',#2317);
#2044=PLANE('',#2319);
#2045=PLANE('',#2320);
#2046=PLANE('',#2321);
#2047=PLANE('',#2328);
#2048=PLANE('',#2330);
#2049=PLANE('',#2332);
#2050=PLANE('',#2333);
#2051=PLANE('',#2334);
#2052=PLANE('',#2336);
#2053=PLANE('',#2338);
#2054=PLANE('',#2339);
#2055=PLANE('',#2340);
#2056=PLANE('',#2343);
#2057=PLANE('',#2344);
#2058=PLANE('',#2345);
#2059=PLANE('',#2346);
#2060=PLANE('',#2347);
#2061=PLANE('',#2348);
#2062=PLANE('',#2349);
#2063=PLANE('',#2350);
#2064=PLANE('',#2351);
#2065=PLANE('',#2352);
#2066=PLANE('',#2353);
#2067=PLANE('',#2356);
#2068=PLANE('',#2359);
#2069=PLANE('',#2362);
#2070=PLANE('',#2365);
#2071=PLANE('',#2366);
#2072=PLANE('',#2367);
#2073=PLANE('',#2369);
#2074=PLANE('',#2371);
#2075=PLANE('',#2372);
#2076=PLANE('',#2373);
#2077=PLANE('',#2376);
#2078=PLANE('',#2377);
#2079=PLANE('',#2380);
#2080=PLANE('',#2383);
#2081=PLANE('',#2384);
#2082=PLANE('',#2385);
#2083=PLANE('',#2388);
#2084=PLANE('',#2389);
#2085=PLANE('',#2390);
#2086=PLANE('',#2393);
#2087=PLANE('',#2394);
#2088=PLANE('',#2395);
#2089=PLANE('',#2396);
#2090=PLANE('',#2397);
#2091=PLANE('',#2398);
#2092=PLANE('',#2399);
#2093=PLANE('',#2400);
#2094=PLANE('',#2401);
#2095=PLANE('',#2402);
#2096=PLANE('',#2403);
#2097=PLANE('',#2404);
#2098=PLANE('',#2405);
#2099=PLANE('',#2406);
#2100=PLANE('',#2407);
#2101=PLANE('',#2408);
#2102=PLANE('',#2409);
#2103=PLANE('',#2410);
#2104=PLANE('',#2411);
#2105=PLANE('',#2412);
#2106=PLANE('',#2413);
#2107=PLANE('',#2414);
#2108=PLANE('',#2415);
#2109=PLANE('',#2416);
#2110=PLANE('',#2417);
#2111=PLANE('',#2418);
#2112=PLANE('',#2419);
#2113=PLANE('',#2420);
#2114=PLANE('',#2421);
#2115=PLANE('',#2422);
#2116=PLANE('',#2423);
#2117=ADVANCED_FACE('',(#103),#2014,.T.);
#2118=ADVANCED_FACE('',(#104),#2015,.F.);
#2119=ADVANCED_FACE('',(#105),#2016,.F.);
#2120=ADVANCED_FACE('',(#106),#2017,.F.);
#2121=ADVANCED_FACE('',(#107),#2018,.T.);
#2122=ADVANCED_FACE('',(#108),#2019,.F.);
#2123=ADVANCED_FACE('',(#109),#2020,.F.);
#2124=ADVANCED_FACE('',(#110),#2021,.T.);
#2125=ADVANCED_FACE('',(#111,#39,#40),#2022,.F.);
#2126=ADVANCED_FACE('',(#112),#2023,.F.);
#2127=ADVANCED_FACE('',(#113),#2024,.F.);
#2128=ADVANCED_FACE('',(#114),#2025,.F.);
#2129=ADVANCED_FACE('',(#115),#2026,.T.);
#2130=ADVANCED_FACE('',(#116),#29,.T.);
#2131=ADVANCED_FACE('',(#117),#2027,.F.);
#2132=ADVANCED_FACE('',(#118),#2028,.F.);
#2133=ADVANCED_FACE('',(#119),#2029,.T.);
#2134=ADVANCED_FACE('',(#120),#2030,.F.);
#2135=ADVANCED_FACE('',(#121),#2031,.T.);
#2136=ADVANCED_FACE('',(#122),#2032,.F.);
#2137=ADVANCED_FACE('',(#123),#2033,.F.);
#2138=ADVANCED_FACE('',(#124),#2034,.F.);
#2139=ADVANCED_FACE('',(#125),#30,.T.);
#2140=ADVANCED_FACE('',(#126),#2035,.F.);
#2141=ADVANCED_FACE('',(#127),#2036,.T.);
#2142=ADVANCED_FACE('',(#128,#41),#2037,.T.);
#2143=ADVANCED_FACE('',(#129),#2038,.F.);
#2144=ADVANCED_FACE('',(#130),#2039,.F.);
#2145=ADVANCED_FACE('',(#131),#2040,.F.);
#2146=ADVANCED_FACE('',(#132),#2041,.F.);
#2147=ADVANCED_FACE('',(#133),#2042,.F.);
#2148=ADVANCED_FACE('',(#134),#2043,.F.);
#2149=ADVANCED_FACE('',(#135),#2044,.F.);
#2150=ADVANCED_FACE('',(#136),#2045,.F.);
#2151=ADVANCED_FACE('',(#137),#2046,.F.);
#2152=ADVANCED_FACE('',(#138),#31,.T.);
#2153=ADVANCED_FACE('',(#139),#2047,.F.);
#2154=ADVANCED_FACE('',(#140),#2048,.F.);
#2155=ADVANCED_FACE('',(#141),#2049,.T.);
#2156=ADVANCED_FACE('',(#142),#2050,.F.);
#2157=ADVANCED_FACE('',(#143),#2051,.F.);
#2158=ADVANCED_FACE('',(#144),#2052,.F.);
#2159=ADVANCED_FACE('',(#145),#2053,.F.);
#2160=ADVANCED_FACE('',(#146),#2054,.T.);
#2161=ADVANCED_FACE('',(#147),#2055,.F.);
#2162=ADVANCED_FACE('',(#148),#32,.T.);
#2163=ADVANCED_FACE('',(#149),#2056,.T.);
#2164=ADVANCED_FACE('',(#150),#2057,.T.);
#2165=ADVANCED_FACE('',(#151),#2058,.F.);
#2166=ADVANCED_FACE('',(#152),#2059,.T.);
#2167=ADVANCED_FACE('',(#153),#2060,.T.);
#2168=ADVANCED_FACE('',(#154),#2061,.T.);
#2169=ADVANCED_FACE('',(#155),#2062,.T.);
#2170=ADVANCED_FACE('',(#156),#2063,.F.);
#2171=ADVANCED_FACE('',(#157),#2064,.T.);
#2172=ADVANCED_FACE('',(#158),#2065,.T.);
#2173=ADVANCED_FACE('',(#159),#2066,.T.);
#2174=ADVANCED_FACE('',(#160),#25,.F.);
#2175=ADVANCED_FACE('',(#161),#2067,.T.);
#2176=ADVANCED_FACE('',(#162),#26,.F.);
#2177=ADVANCED_FACE('',(#163),#2068,.T.);
#2178=ADVANCED_FACE('',(#164),#27,.T.);
#2179=ADVANCED_FACE('',(#165),#2069,.T.);
#2180=ADVANCED_FACE('',(#166),#28,.T.);
#2181=ADVANCED_FACE('',(#167),#2070,.T.);
#2182=ADVANCED_FACE('',(#168),#2071,.F.);
#2183=ADVANCED_FACE('',(#169),#2072,.F.);
#2184=ADVANCED_FACE('',(#170),#33,.F.);
#2185=ADVANCED_FACE('',(#171),#2073,.F.);
#2186=ADVANCED_FACE('',(#172),#34,.F.);
#2187=ADVANCED_FACE('',(#173),#2074,.T.);
#2188=ADVANCED_FACE('',(#174),#2075,.T.);
#2189=ADVANCED_FACE('',(#175),#2076,.F.);
#2190=ADVANCED_FACE('',(#176),#2077,.T.);
#2191=ADVANCED_FACE('',(#177),#2078,.T.);
#2192=ADVANCED_FACE('',(#178),#35,.T.);
#2193=ADVANCED_FACE('',(#179),#2079,.F.);
#2194=ADVANCED_FACE('',(#180),#36,.T.);
#2195=ADVANCED_FACE('',(#181),#2080,.F.);
#2196=ADVANCED_FACE('',(#182),#2081,.T.);
#2197=ADVANCED_FACE('',(#183,#42),#2082,.F.);
#2198=ADVANCED_FACE('',(#184),#2083,.T.);
#2199=ADVANCED_FACE('',(#185),#2084,.T.);
#2200=ADVANCED_FACE('',(#186),#2085,.F.);
#2201=ADVANCED_FACE('',(#187),#37,.T.);
#2202=ADVANCED_FACE('',(#188),#38,.T.);
#2203=ADVANCED_FACE('',(#189),#2086,.T.);
#2204=ADVANCED_FACE('',(#190),#2087,.T.);
#2205=ADVANCED_FACE('',(#191),#2088,.T.);
#2206=ADVANCED_FACE('',(#192),#2089,.T.);
#2207=ADVANCED_FACE('',(#193),#2090,.T.);
#2208=ADVANCED_FACE('',(#194),#2091,.T.);
#2209=ADVANCED_FACE('',(#195),#2092,.T.);
#2210=ADVANCED_FACE('',(#196),#2093,.T.);
#2211=ADVANCED_FACE('',(#197),#2094,.T.);
#2212=ADVANCED_FACE('',(#198),#2095,.T.);
#2213=ADVANCED_FACE('',(#199),#2096,.T.);
#2214=ADVANCED_FACE('',(#200),#2097,.T.);
#2215=ADVANCED_FACE('',(#201),#2098,.T.);
#2216=ADVANCED_FACE('',(#202,#43),#2099,.T.);
#2217=ADVANCED_FACE('',(#203,#44),#2100,.T.);
#2218=ADVANCED_FACE('',(#204),#2101,.T.);
#2219=ADVANCED_FACE('',(#205),#2102,.T.);
#2220=ADVANCED_FACE('',(#206),#2103,.T.);
#2221=ADVANCED_FACE('',(#207),#2104,.T.);
#2222=ADVANCED_FACE('',(#208),#2105,.T.);
#2223=ADVANCED_FACE('',(#209),#2106,.T.);
#2224=ADVANCED_FACE('',(#210),#2107,.T.);
#2225=ADVANCED_FACE('',(#211),#2108,.T.);
#2226=ADVANCED_FACE('',(#212),#2109,.T.);
#2227=ADVANCED_FACE('',(#213),#2110,.T.);
#2228=ADVANCED_FACE('',(#214),#2111,.T.);
#2229=ADVANCED_FACE('',(#215),#2112,.T.);
#2230=ADVANCED_FACE('',(#216),#2113,.T.);
#2231=ADVANCED_FACE('',(#217),#2114,.T.);
#2232=ADVANCED_FACE('',(#218,#45),#2115,.T.);
#2233=ADVANCED_FACE('',(#219,#46),#2116,.T.);
#2234=CLOSED_SHELL('',(#2117,#2118,#2119,#2120,#2121,#2122,#2123,#2124,
#2125,#2126,#2127,#2128,#2129,#2130,#2131,#2132,#2133,#2134,#2135,#2136,
#2137,#2138,#2139,#2140,#2141,#2142,#2143,#2144,#2145,#2146,#2147,#2148,
#2149,#2150,#2151,#2152,#2153,#2154,#2155,#2156,#2157,#2158,#2159,#2160,
#2161,#2162,#2163,#2164,#2165,#2166,#2167,#2168,#2169,#2170,#2171,#2172,
#2173,#2174,#2175,#2176,#2177,#2178,#2179,#2180,#2181,#2182,#2183,#2184,
#2185,#2186,#2187,#2188,#2189,#2190,#2191,#2192,#2193,#2194,#2195,#2196,
#2197,#2198,#2199,#2200,#2201,#2202,#2203));
#2235=CLOSED_SHELL('',(#2204,#2205,#2206,#2207,#2208,#2209,#2210,#2211,
#2212,#2213,#2214,#2215,#2216,#2217));
#2236=CLOSED_SHELL('',(#2218,#2219,#2220,#2221,#2222,#2223,#2224,#2225,
#2226,#2227,#2228,#2229,#2230,#2231,#2232,#2233));
#2237=DERIVED_UNIT_ELEMENT(#2239,1.);
#2238=DERIVED_UNIT_ELEMENT(#3684,-3.);
#2239=(
MASS_UNIT()
NAMED_UNIT(*)
SI_UNIT(.KILO.,.GRAM.)
);
#2240=DERIVED_UNIT((#2237,#2238));
#2241=MEASURE_REPRESENTATION_ITEM('density measure',
POSITIVE_RATIO_MEASURE(7850.),#2240);
#2242=PROPERTY_DEFINITION_REPRESENTATION(#2247,#2244);
#2243=PROPERTY_DEFINITION_REPRESENTATION(#2248,#2245);
#2244=REPRESENTATION('material name',(#2246),#3681);
#2245=REPRESENTATION('density',(#2241),#3681);
#2246=DESCRIPTIVE_REPRESENTATION_ITEM('Steel','Steel');
#2247=PROPERTY_DEFINITION('material property','material name',#3696);
#2248=PROPERTY_DEFINITION('material property','density of part',#3696);
#2249=AXIS2_PLACEMENT_3D('',#3036,#2425,#2426);
#2250=AXIS2_PLACEMENT_3D('',#3037,#2427,#2428);
#2251=AXIS2_PLACEMENT_3D('',#3038,#2429,#2430);
#2252=AXIS2_PLACEMENT_3D('',#3051,#2437,#2438);
#2253=AXIS2_PLACEMENT_3D('',#3057,#2442,#2443);
#2254=AXIS2_PLACEMENT_3D('',#3061,#2446,#2447);
#2255=AXIS2_PLACEMENT_3D('',#3065,#2450,#2451);
#2256=AXIS2_PLACEMENT_3D('',#3078,#2458,#2459);
#2257=AXIS2_PLACEMENT_3D('',#3082,#2461,#2462);
#2258=AXIS2_PLACEMENT_3D('',#3084,#2464,#2465);
#2259=AXIS2_PLACEMENT_3D('',#3087,#2467,#2468);
#2260=AXIS2_PLACEMENT_3D('',#3088,#2469,#2470);
#2261=AXIS2_PLACEMENT_3D('',#3111,#2483,#2484);
#2262=AXIS2_PLACEMENT_3D('',#3113,#2485,#2486);
#2263=AXIS2_PLACEMENT_3D('',#3117,#2488,#2489);
#2264=AXIS2_PLACEMENT_3D('',#3121,#2491,#2492);
#2265=AXIS2_PLACEMENT_3D('',#3125,#2494,#2495);
#2266=AXIS2_PLACEMENT_3D('',#3149,#2507,#2508);
#2267=AXIS2_PLACEMENT_3D('',#3156,#2512,#2513);
#2268=AXIS2_PLACEMENT_3D('',#3157,#2514,#2515);
#2269=AXIS2_PLACEMENT_3D('',#3161,#2518,#2519);
#2270=AXIS2_PLACEMENT_3D('',#3163,#2521,#2522);
#2271=AXIS2_PLACEMENT_3D('',#3172,#2527,#2528);
#2272=AXIS2_PLACEMENT_3D('',#3175,#2531,#2532);
#2273=AXIS2_PLACEMENT_3D('',#3177,#2533,#2534);
#2274=AXIS2_PLACEMENT_3D('',#3179,#2535,#2536);
#2275=AXIS2_PLACEMENT_3D('',#3181,#2537,#2538);
#2276=AXIS2_PLACEMENT_3D('',#3185,#2540,#2541);
#2277=AXIS2_PLACEMENT_3D('',#3187,#2542,#2543);
#2278=AXIS2_PLACEMENT_3D('',#3192,#2546,#2547);
#2279=AXIS2_PLACEMENT_3D('',#3194,#2548,#2549);
#2280=AXIS2_PLACEMENT_3D('',#3198,#2551,#2552);
#2281=AXIS2_PLACEMENT_3D('',#3200,#2553,#2554);
#2282=AXIS2_PLACEMENT_3D('',#3202,#2556,#2557);
#2283=AXIS2_PLACEMENT_3D('',#3208,#2561,#2562);
#2284=AXIS2_PLACEMENT_3D('',#3211,#2564,#2565);
#2285=AXIS2_PLACEMENT_3D('',#3212,#2566,#2567);
#2286=AXIS2_PLACEMENT_3D('',#3216,#2570,#2571);
#2287=AXIS2_PLACEMENT_3D('',#3220,#2574,#2575);
#2288=AXIS2_PLACEMENT_3D('',#3224,#2578,#2579);
#2289=AXIS2_PLACEMENT_3D('',#3228,#2582,#2583);
#2290=AXIS2_PLACEMENT_3D('',#3229,#2584,#2585);
#2291=AXIS2_PLACEMENT_3D('',#3230,#2586,#2587);
#2292=AXIS2_PLACEMENT_3D('',#3234,#2590,#2591);
#2293=AXIS2_PLACEMENT_3D('',#3237,#2592,#2593);
#2294=AXIS2_PLACEMENT_3D('',#3240,#2595,#2596);
#2295=AXIS2_PLACEMENT_3D('',#3242,#2597,#2598);
#2296=AXIS2_PLACEMENT_3D('',#3245,#2600,#2601);
#2297=AXIS2_PLACEMENT_3D('',#3249,#2603,#2604);
#2298=AXIS2_PLACEMENT_3D('',#3251,#2605,#2606);
#2299=AXIS2_PLACEMENT_3D('',#3254,#2608,#2609);
#2300=AXIS2_PLACEMENT_3D('',#3255,#2610,#2611);
#2301=AXIS2_PLACEMENT_3D('',#3259,#2613,#2614);
#2302=AXIS2_PLACEMENT_3D('',#3261,#2616,#2617);
#2303=AXIS2_PLACEMENT_3D('',#3267,#2621,#2622);
#2304=AXIS2_PLACEMENT_3D('',#3271,#2624,#2625);
#2305=AXIS2_PLACEMENT_3D('',#3274,#2627,#2628);
#2306=AXIS2_PLACEMENT_3D('',#3277,#2629,#2630);
#2307=AXIS2_PLACEMENT_3D('',#3281,#2632,#2633);
#2308=AXIS2_PLACEMENT_3D('',#3289,#2637,#2638);
#2309=AXIS2_PLACEMENT_3D('',#3293,#2640,#2641);
#2310=AXIS2_PLACEMENT_3D('',#3299,#2645,#2646);
#2311=AXIS2_PLACEMENT_3D('',#3300,#2647,#2648);
#2312=AXIS2_PLACEMENT_3D('',#3301,#2649,#2650);
#2313=AXIS2_PLACEMENT_3D('',#3303,#2652,#2653);
#2314=AXIS2_PLACEMENT_3D('',#3305,#2655,#2656);
#2315=AXIS2_PLACEMENT_3D('',#3307,#2657,#2658);
#2316=AXIS2_PLACEMENT_3D('',#3309,#2660,#2661);
#2317=AXIS2_PLACEMENT_3D('',#3313,#2664,#2665);
#2318=AXIS2_PLACEMENT_3D('',#3315,#2666,#2667);
#2319=AXIS2_PLACEMENT_3D('',#3317,#2669,#2670);
#2320=AXIS2_PLACEMENT_3D('',#3321,#2673,#2674);
#2321=AXIS2_PLACEMENT_3D('',#3323,#2676,#2677);
#2322=AXIS2_PLACEMENT_3D('',#3325,#2678,#2679);
#2323=AXIS2_PLACEMENT_3D('',#3327,#2681,#2682);
#2324=AXIS2_PLACEMENT_3D('',#3330,#2683,#2684);
#2325=AXIS2_PLACEMENT_3D('',#3336,#2688,#2689);
#2326=AXIS2_PLACEMENT_3D('',#3338,#2690,#2691);
#2327=AXIS2_PLACEMENT_3D('',#3341,#2693,#2694);
#2328=AXIS2_PLACEMENT_3D('',#3342,#2695,#2696);
#2329=AXIS2_PLACEMENT_3D('',#3346,#2698,#2699);
#2330=AXIS2_PLACEMENT_3D('',#3348,#2701,#2702);
#2331=AXIS2_PLACEMENT_3D('',#3352,#2704,#2705);
#2332=AXIS2_PLACEMENT_3D('',#3354,#2707,#2708);
#2333=AXIS2_PLACEMENT_3D('',#3355,#2709,#2710);
#2334=AXIS2_PLACEMENT_3D('',#3361,#2714,#2715);
#2335=AXIS2_PLACEMENT_3D('',#3362,#2716,#2717);
#2336=AXIS2_PLACEMENT_3D('',#3363,#2718,#2719);
#2337=AXIS2_PLACEMENT_3D('',#3364,#2720,#2721);
#2338=AXIS2_PLACEMENT_3D('',#3365,#2722,#2723);
#2339=AXIS2_PLACEMENT_3D('',#3366,#2724,#2725);
#2340=AXIS2_PLACEMENT_3D('',#3370,#2728,#2729);
#2341=AXIS2_PLACEMENT_3D('',#3371,#2730,#2731);
#2342=AXIS2_PLACEMENT_3D('',#3372,#2732,#2733);
#2343=AXIS2_PLACEMENT_3D('',#3375,#2736,#2737);
#2344=AXIS2_PLACEMENT_3D('',#3376,#2738,#2739);
#2345=AXIS2_PLACEMENT_3D('',#3377,#2740,#2741);
#2346=AXIS2_PLACEMENT_3D('',#3381,#2744,#2745);
#2347=AXIS2_PLACEMENT_3D('',#3385,#2748,#2749);
#2348=AXIS2_PLACEMENT_3D('',#3389,#2752,#2753);
#2349=AXIS2_PLACEMENT_3D('',#3393,#2756,#2757);
#2350=AXIS2_PLACEMENT_3D('',#3399,#2761,#2762);
#2351=AXIS2_PLACEMENT_3D('',#3410,#2769,#2770);
#2352=AXIS2_PLACEMENT_3D('',#3415,#2774,#2775);
#2353=AXIS2_PLACEMENT_3D('',#3417,#2777,#2778);
#2354=AXIS2_PLACEMENT_3D('',#3421,#2781,#2782);
#2355=AXIS2_PLACEMENT_3D('',#3424,#2784,#2785);
#2356=AXIS2_PLACEMENT_3D('',#3425,#2786,#2787);
#2357=AXIS2_PLACEMENT_3D('',#3429,#2790,#2791);
#2358=AXIS2_PLACEMENT_3D('',#3432,#2793,#2794);
#2359=AXIS2_PLACEMENT_3D('',#3433,#2795,#2796);
#2360=AXIS2_PLACEMENT_3D('',#3435,#2798,#2799);
#2361=AXIS2_PLACEMENT_3D('',#3438,#2801,#2802);
#2362=AXIS2_PLACEMENT_3D('',#3439,#2803,#2804);
#2363=AXIS2_PLACEMENT_3D('',#3443,#2807,#2808);
#2364=AXIS2_PLACEMENT_3D('',#3446,#2810,#2811);
#2365=AXIS2_PLACEMENT_3D('',#3447,#2812,#2813);
#2366=AXIS2_PLACEMENT_3D('',#3449,#2815,#2816);
#2367=AXIS2_PLACEMENT_3D('',#3451,#2818,#2819);
#2368=AXIS2_PLACEMENT_3D('',#3454,#2822,#2823);
#2369=AXIS2_PLACEMENT_3D('',#3455,#2824,#2825);
#2370=AXIS2_PLACEMENT_3D('',#3457,#2827,#2828);
#2371=AXIS2_PLACEMENT_3D('',#3458,#2829,#2830);
#2372=AXIS2_PLACEMENT_3D('',#3460,#2832,#2833);
#2373=AXIS2_PLACEMENT_3D('',#3461,#2834,#2835);
#2374=AXIS2_PLACEMENT_3D('',#3464,#2836,#2837);
#2375=AXIS2_PLACEMENT_3D('',#3468,#2839,#2840);
#2376=AXIS2_PLACEMENT_3D('',#3470,#2842,#2843);
#2377=AXIS2_PLACEMENT_3D('',#3474,#2846,#2847);
#2378=AXIS2_PLACEMENT_3D('',#3478,#2850,#2851);
#2379=AXIS2_PLACEMENT_3D('',#3481,#2852,#2853);
#2380=AXIS2_PLACEMENT_3D('',#3484,#2856,#2857);
#2381=AXIS2_PLACEMENT_3D('',#3488,#2860,#2861);
#2382=AXIS2_PLACEMENT_3D('',#3490,#2862,#2863);
#2383=AXIS2_PLACEMENT_3D('',#3492,#2865,#2866);
#2384=AXIS2_PLACEMENT_3D('',#3494,#2868,#2869);
#2385=AXIS2_PLACEMENT_3D('',#3498,#2872,#2873);
#2386=AXIS2_PLACEMENT_3D('',#3502,#2875,#2876);
#2387=AXIS2_PLACEMENT_3D('',#3505,#2878,#2879);
#2388=AXIS2_PLACEMENT_3D('',#3506,#2880,#2881);
#2389=AXIS2_PLACEMENT_3D('',#3508,#2883,#2884);
#2390=AXIS2_PLACEMENT_3D('',#3510,#2886,#2887);
#2391=AXIS2_PLACEMENT_3D('',#3511,#2888,#2889);
#2392=AXIS2_PLACEMENT_3D('',#3513,#2891,#2892);
#2393=AXIS2_PLACEMENT_3D('',#3515,#2894,#2895);
#2394=AXIS2_PLACEMENT_3D('',#3516,#2896,#2897);
#2395=AXIS2_PLACEMENT_3D('',#3525,#2902,#2903);
#2396=AXIS2_PLACEMENT_3D('',#3531,#2907,#2908);
#2397=AXIS2_PLACEMENT_3D('',#3537,#2912,#2913);
#2398=AXIS2_PLACEMENT_3D('',#3540,#2916,#2917);
#2399=AXIS2_PLACEMENT_3D('',#3549,#2922,#2923);
#2400=AXIS2_PLACEMENT_3D('',#3555,#2927,#2928);
#2401=AXIS2_PLACEMENT_3D('',#3561,#2932,#2933);
#2402=AXIS2_PLACEMENT_3D('',#3567,#2937,#2938);
#2403=AXIS2_PLACEMENT_3D('',#3573,#2942,#2943);
#2404=AXIS2_PLACEMENT_3D('',#3579,#2947,#2948);
#2405=AXIS2_PLACEMENT_3D('',#3585,#2952,#2953);
#2406=AXIS2_PLACEMENT_3D('',#3588,#2956,#2957);
#2407=AXIS2_PLACEMENT_3D('',#3589,#2958,#2959);
#2408=AXIS2_PLACEMENT_3D('',#3590,#2960,#2961);
#2409=AXIS2_PLACEMENT_3D('',#3599,#2966,#2967);
#2410=AXIS2_PLACEMENT_3D('',#3605,#2971,#2972);
#2411=AXIS2_PLACEMENT_3D('',#3611,#2976,#2977);
#2412=AXIS2_PLACEMENT_3D('',#3614,#2980,#2981);
#2413=AXIS2_PLACEMENT_3D('',#3623,#2986,#2987);
#2414=AXIS2_PLACEMENT_3D('',#3629,#2991,#2992);
#2415=AXIS2_PLACEMENT_3D('',#3635,#2996,#2997);
#2416=AXIS2_PLACEMENT_3D('',#3641,#3001,#3002);
#2417=AXIS2_PLACEMENT_3D('',#3647,#3006,#3007);
#2418=AXIS2_PLACEMENT_3D('',#3653,#3011,#3012);
#2419=AXIS2_PLACEMENT_3D('',#3659,#3016,#3017);
#2420=AXIS2_PLACEMENT_3D('',#3665,#3021,#3022);
#2421=AXIS2_PLACEMENT_3D('',#3671,#3026,#3027);
#2422=AXIS2_PLACEMENT_3D('',#3674,#3030,#3031);
#2423=AXIS2_PLACEMENT_3D('',#3675,#3032,#3033);
#2424=AXIS2_PLACEMENT_3D('',#3676,#3034,#3035);
#2425=DIRECTION('axis',(0.,0.,1.));
#2426=DIRECTION('refdir',(1.,0.,0.));
#2427=DIRECTION('axis',(0.,0.,1.));
#2428=DIRECTION('refdir',(1.,0.,0.));
#2429=DIRECTION('center_axis',(0.707106781186546,-0.707106781186549,-2.55344648206209E-34));
#2430=DIRECTION('ref_axis',(-3.61111864572608E-34,0.,-1.));
#2431=DIRECTION('',(-0.57734998241622,-0.577349982416218,-0.577350842736011));
#2432=DIRECTION('',(0.,-3.61111864572606E-34,1.));
#2433=DIRECTION('',(0.577350269189627,0.577350269189625,-0.577350269189625));
#2434=DIRECTION('',(0.707106781186549,0.707106781186546,0.));
#2435=DIRECTION('',(0.,0.,1.));
#2436=DIRECTION('',(-0.707106781186549,-0.707106781186546,1.3170890527582E-8));
#2437=DIRECTION('center_axis',(-1.30104260698261E-17,1.,3.61111864572606E-34));
#2438=DIRECTION('ref_axis',(2.77555756156293E-17,5.79321751111624E-48,1.));
#2439=DIRECTION('',(1.,1.30104260698261E-17,-3.46944695195361E-17));
#2440=DIRECTION('',(3.61111864572608E-34,3.61111864572606E-34,-1.));
#2441=DIRECTION('',(1.,1.30104260698261E-17,-3.46944695195361E-17));
#2442=DIRECTION('center_axis',(-3.37324437430902E-17,0.707107308022348,
-0.707106254350355));
#2443=DIRECTION('ref_axis',(9.81309980072264E-18,0.707106254350355,0.707107308022348));
#2444=DIRECTION('',(1.,-1.86264242093566E-8,-1.86264520126377E-8));
#2445=DIRECTION('',(-0.577349982416221,-0.577349982416218,-0.577350842736011));
#2446=DIRECTION('center_axis',(-1.86264520126377E-8,0.,-1.));
#2447=DIRECTION('ref_axis',(-1.,0.,1.86264520126377E-8));
#2448=DIRECTION('',(1.,0.,-1.86264520126377E-8));
#2449=DIRECTION('',(-0.707106781186549,-0.707106781186546,1.3170890527582E-8));
#2450=DIRECTION('center_axis',(-0.707106781186547,-0.707106781186548,-2.55344648206208E-34));
#2451=DIRECTION('ref_axis',(-3.61111864572607E-34,0.,1.));
#2452=DIRECTION('',(0.577350269189627,-0.577350269189625,0.577350269189625));
#2453=DIRECTION('',(-1.36026791405428E-49,3.61111864572606E-34,-1.));
#2454=DIRECTION('',(-0.57734998241622,0.577349982416219,0.577350842736012));
#2455=DIRECTION('',(-0.707106781186548,0.707106781186547,1.3170890527582E-8));
#2456=DIRECTION('',(0.,0.,1.));
#2457=DIRECTION('',(0.707106781186548,-0.707106781186547,0.));
#2458=DIRECTION('center_axis',(1.53329341668337E-17,0.707106781186548,0.707106781186548));
#2459=DIRECTION('ref_axis',(2.94392336003199E-17,-0.707106781186548,0.707106781186548));
#2460=DIRECTION('',(1.,-2.16840434497101E-17,0.));
#2461=DIRECTION('center_axis',(1.53329341668337E-17,0.707106781186548,0.707106781186548));
#2462=DIRECTION('ref_axis',(-4.9065389333868E-17,-0.707106781186547,0.707106781186547));
#2463=DIRECTION('',(1.,1.30104260698261E-17,-3.46944695195361E-17));
#2464=DIRECTION('center_axis',(0.,0.,1.));
#2465=DIRECTION('ref_axis',(0.,1.,0.));
#2466=DIRECTION('',(1.,0.,-3.46944695195361E-17));
#2467=DIRECTION('center_axis',(0.,0.,1.));
#2468=DIRECTION('ref_axis',(-0.707106781186548,-0.707106781186547,0.));
#2469=DIRECTION('center_axis',(0.,-1.,0.));
#2470=DIRECTION('ref_axis',(1.,0.,0.));
#2471=DIRECTION('',(1.,0.,-3.46944695195361E-17));
#2472=DIRECTION('',(0.,0.,1.));
#2473=DIRECTION('',(-1.,0.,0.));
#2474=DIRECTION('',(0.,0.,-1.));
#2475=DIRECTION('',(1.,0.,0.));
#2476=DIRECTION('',(0.,0.,-1.));
#2477=DIRECTION('',(1.,0.,0.));
#2478=DIRECTION('',(0.,0.,1.));
#2479=DIRECTION('',(1.,0.,-1.86264520126377E-8));
#2480=DIRECTION('',(0.,0.,1.));
#2481=DIRECTION('',(1.,0.,0.));
#2482=DIRECTION('',(0.,0.,1.));
#2483=DIRECTION('center_axis',(0.,0.,1.));
#2484=DIRECTION('ref_axis',(-1.,0.,0.));
#2485=DIRECTION('center_axis',(0.,0.,1.));
#2486=DIRECTION('ref_axis',(-0.707106781186548,-0.707106781186547,0.));
#2487=DIRECTION('',(-2.06990730163454E-16,1.,0.));
#2488=DIRECTION('center_axis',(0.,0.,1.));
#2489=DIRECTION('ref_axis',(-0.707106781186548,0.707106781186547,0.));
#2490=DIRECTION('',(-1.,0.,0.));
#2491=DIRECTION('center_axis',(0.,0.,1.));
#2492=DIRECTION('ref_axis',(0.707106781186547,0.707106781186547,0.));
#2493=DIRECTION('',(0.,-1.,0.));
#2494=DIRECTION('center_axis',(0.,0.,1.));
#2495=DIRECTION('ref_axis',(0.707106781186548,-0.707106781186547,0.));
#2496=DIRECTION('',(-1.,0.,0.));
#2497=DIRECTION('',(0.707106781186549,-0.707106781186546,0.));
#2498=DIRECTION('',(-1.,0.,0.));
#2499=DIRECTION('',(0.707106781186549,0.707106781186546,0.));
#2500=DIRECTION('',(-1.,0.,0.));
#2501=DIRECTION('',(0.,-1.,0.));
#2502=DIRECTION('',(1.,1.38777878078145E-17,0.));
#2503=DIRECTION('',(0.,1.,0.));
#2504=DIRECTION('',(1.,0.,0.));
#2505=DIRECTION('',(0.,-1.,0.));
#2506=DIRECTION('',(1.,-2.08166817117217E-16,0.));
#2507=DIRECTION('center_axis',(0.,0.,1.));
#2508=DIRECTION('ref_axis',(1.,-5.44676186921056E-16,0.));
#2509=DIRECTION('',(0.,1.,0.));
#2510=DIRECTION('',(-1.,0.,0.));
#2511=DIRECTION('',(0.,-1.,0.));
#2512=DIRECTION('center_axis',(0.,0.,1.));
#2513=DIRECTION('ref_axis',(0.,-1.,0.));
#2514=DIRECTION('center_axis',(0.,0.,1.));
#2515=DIRECTION('ref_axis',(0.,1.,0.));
#2516=DIRECTION('',(1.,-2.16840434497101E-17,0.));
#2517=DIRECTION('',(0.707106781186549,0.707106781186546,-2.45326946669341E-17));
#2518=DIRECTION('center_axis',(1.53329341668337E-17,0.707106781186548,0.707106781186548));
#2519=DIRECTION('ref_axis',(2.94392336003199E-17,-0.707106781186548,0.707106781186548));
#2520=DIRECTION('',(0.577350269189628,0.577350269189625,-0.577350269189625));
#2521=DIRECTION('center_axis',(1.,0.,0.));
#2522=DIRECTION('ref_axis',(0.,1.,0.));
#2523=DIRECTION('',(0.,0.,1.));
#2524=DIRECTION('',(0.,1.,0.));
#2525=DIRECTION('',(0.,0.98058067569092,0.196116135138184));
#2526=DIRECTION('',(0.,1.,0.));
#2527=DIRECTION('center_axis',(-0.707106781186549,0.,-0.707106781186546));
#2528=DIRECTION('ref_axis',(-0.707106781186546,0.,0.707106781186549));
#2529=DIRECTION('',(0.707106781186546,0.,-0.707106781186549));
#2530=DIRECTION('',(0.192450089729875,-0.962250448649376,-0.192450089729875));
#2531=DIRECTION('center_axis',(0.,0.,1.));
#2532=DIRECTION('ref_axis',(0.707106781186548,-0.707106781186547,0.));
#2533=DIRECTION('center_axis',(0.,0.,-1.));
#2534=DIRECTION('ref_axis',(0.707106781186548,-0.707106781186547,0.));
#2535=DIRECTION('center_axis',(0.,0.,1.));
#2536=DIRECTION('ref_axis',(0.707106781186548,-0.707106781186547,0.));
#2537=DIRECTION('center_axis',(1.53329341668337E-17,0.707106781186548,0.707106781186548));
#2538=DIRECTION('ref_axis',(-4.9065389333868E-17,-0.707106781186547,0.707106781186547));
#2539=DIRECTION('',(0.,0.,-1.));
#2540=DIRECTION('center_axis',(-3.37324437430902E-17,0.707107308022348,
-0.707106254350355));
#2541=DIRECTION('ref_axis',(-4.90653527772635E-17,-0.707106254350355,-0.707107308022347));
#2542=DIRECTION('center_axis',(0.,0.,-1.));
#2543=DIRECTION('ref_axis',(0.707106781186548,-0.707106781186547,0.));
#2544=DIRECTION('',(0.,0.,1.));
#2545=DIRECTION('',(0.,0.,1.));
#2546=DIRECTION('center_axis',(0.,0.,-1.));
#2547=DIRECTION('ref_axis',(0.707106781186548,-0.707106781186547,0.));
#2548=DIRECTION('center_axis',(-0.707100393318807,0.,-0.707113168996582));
#2549=DIRECTION('ref_axis',(0.707113168996582,9.81316651544581E-17,-0.707100393318807));
#2550=DIRECTION('',(0.,0.,1.));
#2551=DIRECTION('center_axis',(-0.707106504597685,0.,0.707107057775302));
#2552=DIRECTION('ref_axis',(0.707107057775302,9.81308170521363E-17,0.707106504597685));
#2553=DIRECTION('center_axis',(0.,0.,1.));
#2554=DIRECTION('ref_axis',(0.707106781186548,-0.707106781186547,0.));
#2555=DIRECTION('',(0.,0.,1.));
#2556=DIRECTION('center_axis',(-1.,0.,0.));
#2557=DIRECTION('ref_axis',(0.,0.,1.));
#2558=DIRECTION('',(0.,1.,0.));
#2559=DIRECTION('',(0.,0.,-1.));
#2560=DIRECTION('',(0.,-1.,0.));
#2561=DIRECTION('center_axis',(-0.707100393318807,0.,-0.707113168996582));
#2562=DIRECTION('ref_axis',(-0.707113168996582,0.,0.707100393318807));
#2563=DIRECTION('',(0.,-1.,0.));
#2564=DIRECTION('center_axis',(-0.707100393318807,0.,-0.707113168996582));
#2565=DIRECTION('ref_axis',(0.707113168996582,0.,-0.707100393318807));
#2566=DIRECTION('center_axis',(1.,0.,0.));
#2567=DIRECTION('ref_axis',(0.,1.,0.));
#2568=DIRECTION('',(0.,0.,-1.));
#2569=DIRECTION('',(0.,-1.,0.));
#2570=DIRECTION('center_axis',(0.,0.,1.));
#2571=DIRECTION('ref_axis',(0.,1.,0.));
#2572=DIRECTION('',(0.707106781186549,-0.707106781186546,-2.45326946669341E-17));
#2573=DIRECTION('',(-1.,2.16840434497101E-17,0.));
#2574=DIRECTION('center_axis',(0.,-1.,0.));
#2575=DIRECTION('ref_axis',(1.,0.,0.));
#2576=DIRECTION('',(-1.,0.,3.46944695195361E-17));
#2577=DIRECTION('',(0.,0.,-1.));
#2578=DIRECTION('center_axis',(0.,0.,-1.));
#2579=DIRECTION('ref_axis',(0.,1.,0.));
#2580=DIRECTION('',(-1.,-4.77048438905742E-17,0.));
#2581=DIRECTION('',(-0.707106781186549,0.707106781186546,2.45326946669341E-17));
#2582=DIRECTION('center_axis',(0.,0.,-1.));
#2583=DIRECTION('ref_axis',(0.,1.,0.));
#2584=DIRECTION('center_axis',(0.,0.,-1.));
#2585=DIRECTION('ref_axis',(0.707106781186547,0.707106781186547,0.));
#2586=DIRECTION('center_axis',(-3.37324437430902E-17,0.707107308022348,
-0.707106254350355));
#2587=DIRECTION('ref_axis',(9.81309980072264E-18,0.707106254350355,0.707107308022348));
#2588=DIRECTION('',(1.,1.30104260698261E-17,-3.46944695195361E-17));
#2589=DIRECTION('',(-0.577349982416221,0.577349982416218,0.577350842736011));
#2590=DIRECTION('center_axis',(0.,0.,1.));
#2591=DIRECTION('ref_axis',(-0.707106781186548,-0.707106781186547,0.));
#2592=DIRECTION('center_axis',(-1.86264520126377E-8,0.,-1.));
#2593=DIRECTION('ref_axis',(-0.707106781186548,-0.707106781186547,1.3170890527582E-8));
#2594=DIRECTION('',(0.,0.,-1.));
#2595=DIRECTION('center_axis',(-1.86264520126377E-8,0.,-1.));
#2596=DIRECTION('ref_axis',(-0.707106781186548,-0.707106781186547,1.3170890527582E-8));
#2597=DIRECTION('center_axis',(-3.37324437430902E-17,0.707107308022348,
-0.707106254350355));
#2598=DIRECTION('ref_axis',(-4.90653527772635E-17,-0.707106254350355,-0.707107308022348));
#2599=DIRECTION('',(0.,0.,1.));
#2600=DIRECTION('center_axis',(0.,0.,-1.));
#2601=DIRECTION('ref_axis',(-0.707106781186548,-0.707106781186547,0.));
#2602=DIRECTION('',(0.,0.,1.));
#2603=DIRECTION('center_axis',(0.,0.,1.));
#2604=DIRECTION('ref_axis',(-0.707106781186548,-0.707106781186547,0.));
#2605=DIRECTION('center_axis',(0.707106504597685,0.,0.707107057775302));
#2606=DIRECTION('ref_axis',(-0.707107057775302,-4.90654085260682E-17,0.707106504597685));
#2607=DIRECTION('',(0.,0.,-1.));
#2608=DIRECTION('center_axis',(0.70710922767525,0.,-0.70710433468938));
#2609=DIRECTION('ref_axis',(-0.70710433468938,-4.90652195740252E-17,-0.70710922767525));
#2610=DIRECTION('center_axis',(0.707106504597685,0.,0.707107057775302));
#2611=DIRECTION('ref_axis',(0.707107057775302,0.,-0.707106504597685));
#2612=DIRECTION('',(0.,1.,0.));
#2613=DIRECTION('center_axis',(0.707106504597685,0.,0.707107057775302));
#2614=DIRECTION('ref_axis',(-0.707107057775302,0.,0.707106504597685));
#2615=DIRECTION('',(0.,1.,0.));
#2616=DIRECTION('center_axis',(-1.,-2.06990730163454E-16,0.));
#2617=DIRECTION('ref_axis',(2.06990730163454E-16,-1.,0.));
#2618=DIRECTION('',(-2.06990730163454E-16,1.,0.));
#2619=DIRECTION('',(0.,0.,1.));
#2620=DIRECTION('',(2.06990730163454E-16,-1.,0.));
#2621=DIRECTION('center_axis',(0.,0.,1.));
#2622=DIRECTION('ref_axis',(-1.,0.,0.));
#2623=DIRECTION('',(0.,1.,0.));
#2624=DIRECTION('center_axis',(0.,0.,-1.));
#2625=DIRECTION('ref_axis',(0.707106781186547,0.707106781186547,0.));
#2626=DIRECTION('',(-1.,0.,0.));
#2627=DIRECTION('center_axis',(0.,0.,-1.));
#2628=DIRECTION('ref_axis',(-0.707106781186548,0.707106781186547,0.));
#2629=DIRECTION('center_axis',(0.,0.,1.));
#2630=DIRECTION('ref_axis',(1.,-5.44676186921056E-16,0.));
#2631=DIRECTION('',(1.,-2.08166817117217E-16,0.));
#2632=DIRECTION('center_axis',(0.,0.,1.));
#2633=DIRECTION('ref_axis',(0.,-1.,0.));
#2634=DIRECTION('',(0.,-1.,0.));
#2635=DIRECTION('',(-1.,0.,0.));
#2636=DIRECTION('',(0.,1.,0.));
#2637=DIRECTION('center_axis',(0.,0.,-1.));
#2638=DIRECTION('ref_axis',(0.,-1.,0.));
#2639=DIRECTION('',(-1.,1.38777878078145E-16,0.));
#2640=DIRECTION('center_axis',(0.,0.,-1.));
#2641=DIRECTION('ref_axis',(1.,0.,0.));
#2642=DIRECTION('',(0.,-1.,0.));
#2643=DIRECTION('',(-1.,0.,0.));
#2644=DIRECTION('',(0.,1.,0.));
#2645=DIRECTION('center_axis',(0.,0.,1.));
#2646=DIRECTION('ref_axis',(0.,1.,0.));
#2647=DIRECTION('center_axis',(0.,0.,1.));
#2648=DIRECTION('ref_axis',(-0.707106781186548,0.707106781186547,0.));
#2649=DIRECTION('center_axis',(-1.86264520126377E-8,0.,-1.));
#2650=DIRECTION('ref_axis',(-1.,0.,1.86264520126377E-8));
#2651=DIRECTION('',(1.,-1.86264242093566E-8,-1.86264520126377E-8));
#2652=DIRECTION('center_axis',(-1.30104260698261E-17,1.,3.61111864572606E-34));
#2653=DIRECTION('ref_axis',(2.77555756156293E-17,5.79321751111624E-48,1.));
#2654=DIRECTION('',(1.,1.30104260698261E-17,-3.46944695195361E-17));
#2655=DIRECTION('center_axis',(-0.707106504597685,0.,0.707107057775302));
#2656=DIRECTION('ref_axis',(0.707107057775302,0.,0.707106504597685));
#2657=DIRECTION('center_axis',(-0.707106504597685,0.,0.707107057775302));
#2658=DIRECTION('ref_axis',(0.707107057775302,0.,0.707106504597685));
#2659=DIRECTION('',(0.,-1.,0.));
#2660=DIRECTION('center_axis',(1.,0.,0.));
#2661=DIRECTION('ref_axis',(0.,0.,-1.));
#2662=DIRECTION('',(0.,0.,1.));
#2663=DIRECTION('',(0.,1.,0.));
#2664=DIRECTION('center_axis',(0.70710922767525,0.,-0.70710433468938));
#2665=DIRECTION('ref_axis',(-0.70710433468938,0.,-0.70710922767525));
#2666=DIRECTION('center_axis',(0.70710922767525,0.,-0.70710433468938));
#2667=DIRECTION('ref_axis',(-0.70710433468938,-7.85043513184402E-17,-0.70710922767525));
#2668=DIRECTION('',(0.,-1.,0.));
#2669=DIRECTION('center_axis',(-1.30104260698261E-17,1.,3.61111864572606E-34));
#2670=DIRECTION('ref_axis',(2.77555756156293E-17,5.79321751111624E-48,1.));
#2671=DIRECTION('',(-1.,-1.51394048812521E-17,4.03717463500057E-17));
#2672=DIRECTION('',(3.61111864572608E-34,-3.61111864572606E-34,1.));
#2673=DIRECTION('center_axis',(1.53329341668337E-17,0.707106781186548,0.707106781186548));
#2674=DIRECTION('ref_axis',(2.94392336003199E-17,-0.707106781186548,0.707106781186548));
#2675=DIRECTION('',(0.577350269189628,-0.577350269189625,0.577350269189625));
#2676=DIRECTION('center_axis',(0.,0.,1.));
#2677=DIRECTION('ref_axis',(0.,1.,0.));
#2678=DIRECTION('center_axis',(0.,0.,1.));
#2679=DIRECTION('ref_axis',(0.707106781186547,0.707106781186547,0.));
#2680=DIRECTION('',(0.,-1.,0.));
#2681=DIRECTION('center_axis',(0.,0.,-1.));
#2682=DIRECTION('ref_axis',(0.707106781186547,0.707106781186547,0.));
#2683=DIRECTION('center_axis',(0.,0.,1.));
#2684=DIRECTION('ref_axis',(0.707106781186547,0.707106781186547,0.));
#2685=DIRECTION('',(0.,0.,1.));
#2686=DIRECTION('',(0.,0.,-1.));
#2687=DIRECTION('',(0.,0.,-1.));
#2688=DIRECTION('center_axis',(0.,0.,-1.));
#2689=DIRECTION('ref_axis',(0.707106781186547,0.707106781186547,0.));
#2690=DIRECTION('center_axis',(0.,-0.707109738494421,-0.707103823866305));
#2691=DIRECTION('ref_axis',(0.,0.707103823866305,-0.707109738494421));
#2692=DIRECTION('',(0.,0.,1.));
#2693=DIRECTION('center_axis',(0.,-0.707106781186545,0.70710678118655));
#2694=DIRECTION('ref_axis',(0.,0.70710678118655,0.707106781186545));
#2695=DIRECTION('center_axis',(0.,0.,-1.));
#2696=DIRECTION('ref_axis',(0.,1.,0.));
#2697=DIRECTION('',(-1.,0.,0.));
#2698=DIRECTION('center_axis',(0.,0.,-1.));
#2699=DIRECTION('ref_axis',(-0.707106781186548,0.707106781186547,0.));
#2700=DIRECTION('',(-1.,0.,0.));
#2701=DIRECTION('center_axis',(0.,0.,1.));
#2702=DIRECTION('ref_axis',(0.,1.,0.));
#2703=DIRECTION('',(1.,0.,0.));
#2704=DIRECTION('center_axis',(0.,0.,1.));
#2705=DIRECTION('ref_axis',(-0.707106781186548,0.707106781186547,0.));
#2706=DIRECTION('',(1.,0.,0.));
#2707=DIRECTION('center_axis',(1.,0.,0.));
#2708=DIRECTION('ref_axis',(0.,1.,0.));
#2709=DIRECTION('center_axis',(0.,-1.,0.));
#2710=DIRECTION('ref_axis',(0.,0.,1.));
#2711=DIRECTION('',(1.,0.,0.));
#2712=DIRECTION('',(0.,0.,-1.));
#2713=DIRECTION('',(1.,0.,0.));
#2714=DIRECTION('center_axis',(0.,-0.707109738494421,-0.707103823866305));
#2715=DIRECTION('ref_axis',(0.,0.707103823866305,-0.707109738494421));
#2716=DIRECTION('center_axis',(0.,-0.707109738494421,-0.707103823866305));
#2717=DIRECTION('ref_axis',(0.,0.707103823866305,-0.707109738494421));
#2718=DIRECTION('center_axis',(0.,-0.707106781186545,0.70710678118655));
#2719=DIRECTION('ref_axis',(0.,0.70710678118655,0.707106781186545));
#2720=DIRECTION('center_axis',(0.,-0.707106781186545,0.70710678118655));
#2721=DIRECTION('ref_axis',(0.,0.70710678118655,0.707106781186545));
#2722=DIRECTION('center_axis',(-3.37324437430902E-17,0.707107308022348,
-0.707106254350355));
#2723=DIRECTION('ref_axis',(9.81309980072264E-18,0.707106254350355,0.707107308022348));
#2724=DIRECTION('center_axis',(-1.,-2.06990730163454E-16,0.));
#2725=DIRECTION('ref_axis',(2.06990730163454E-16,-1.,0.));
#2726=DIRECTION('',(2.06990730163454E-16,-1.,-3.85550290245042E-24));
#2727=DIRECTION('',(0.,0.,1.));
#2728=DIRECTION('center_axis',(-1.86264520126377E-8,0.,-1.));
#2729=DIRECTION('ref_axis',(-1.,0.,1.86264520126377E-8));
#2730=DIRECTION('center_axis',(-1.86264520126377E-8,0.,-1.));
#2731=DIRECTION('ref_axis',(-0.707106781186548,0.707106781186547,1.3170890527582E-8));
#2732=DIRECTION('center_axis',(0.,0.,1.));
#2733=DIRECTION('ref_axis',(-0.707106781186548,0.707106781186547,0.));
#2734=DIRECTION('',(0.,0.,-1.));
#2735=DIRECTION('',(0.,0.,1.));
#2736=DIRECTION('center_axis',(0.,1.,0.));
#2737=DIRECTION('ref_axis',(-1.,0.,0.));
#2738=DIRECTION('center_axis',(0.,1.,0.));
#2739=DIRECTION('ref_axis',(-1.,0.,0.));
#2740=DIRECTION('center_axis',(0.,1.,0.));
#2741=DIRECTION('ref_axis',(0.,0.,-1.));
#2742=DIRECTION('',(-1.,0.,0.));
#2743=DIRECTION('',(-0.447213595499958,0.,-0.894427190999916));
#2744=DIRECTION('center_axis',(0.894427190999916,0.,-0.447213595499958));
#2745=DIRECTION('ref_axis',(-0.447213595499958,0.,-0.894427190999916));
#2746=DIRECTION('',(0.,-1.,0.));
#2747=DIRECTION('',(0.447213595499958,7.75791922889772E-18,0.894427190999916));
#2748=DIRECTION('center_axis',(0.,0.196116135138184,-0.98058067569092));
#2749=DIRECTION('ref_axis',(-1.,0.,0.));
#2750=DIRECTION('',(1.,0.,0.));
#2751=DIRECTION('',(0.0975900072948539,-0.975900072948533,-0.195180014589707));
#2752=DIRECTION('center_axis',(0.,0.,-1.));
#2753=DIRECTION('ref_axis',(1.,0.,0.));
#2754=DIRECTION('',(0.,1.,0.));
#2755=DIRECTION('',(1.,0.,0.));
#2756=DIRECTION('center_axis',(0.,-0.707106781186548,0.707106781186548));
#2757=DIRECTION('ref_axis',(1.,0.,0.));
#2758=DIRECTION('',(-0.577350269189627,0.577350269189625,0.577350269189625));
#2759=DIRECTION('',(1.,0.,0.));
#2760=DIRECTION('',(-0.577350269189627,-0.577350269189625,-0.577350269189625));
#2761=DIRECTION('center_axis',(0.,1.,0.));
#2762=DIRECTION('ref_axis',(0.,0.,1.));
#2763=DIRECTION('',(0.,0.,1.));
#2764=DIRECTION('',(1.,0.,0.));
#2765=DIRECTION('',(0.,0.,1.));
#2766=DIRECTION('',(-1.,0.,0.));
#2767=DIRECTION('',(0.,0.,-1.));
#2768=DIRECTION('',(0.,0.,1.));
#2769=DIRECTION('center_axis',(0.707106781186548,0.,0.707106781186548));
#2770=DIRECTION('ref_axis',(0.707106781186548,0.,-0.707106781186548));
#2771=DIRECTION('',(0.707106781186548,6.54205191118239E-16,-0.707106781186548));
#2772=DIRECTION('',(0.,1.,0.));
#2773=DIRECTION('',(-0.577350269189626,0.577350269189626,0.577350269189626));
#2774=DIRECTION('center_axis',(0.,-0.707106781186548,0.707106781186548));
#2775=DIRECTION('ref_axis',(1.,0.,0.));
#2776=DIRECTION('',(0.577350269189624,0.577350269189626,0.577350269189626));
#2777=DIRECTION('center_axis',(-0.707106781186549,0.,0.707106781186546));
#2778=DIRECTION('ref_axis',(0.707106781186546,0.,0.707106781186549));
#2779=DIRECTION('',(0.,-1.,0.));
#2780=DIRECTION('',(0.707106781186546,0.,0.707106781186549));
#2781=DIRECTION('center_axis',(0.,0.,1.));
#2782=DIRECTION('ref_axis',(1.,-5.44676186921056E-16,0.));
#2783=DIRECTION('',(0.,-0.707106781186547,0.707106781186548));
#2784=DIRECTION('center_axis',(0.,0.,-1.));
#2785=DIRECTION('ref_axis',(1.,-5.44676186921056E-16,0.));
#2786=DIRECTION('center_axis',(1.47196168001604E-16,0.707106781186548,0.707106781186547));
#2787=DIRECTION('ref_axis',(1.,0.,-2.08166817117217E-16));
#2788=DIRECTION('',(0.,-0.707106781186547,0.707106781186548));
#2789=DIRECTION('',(-1.,2.08166817117217E-16,0.));
#2790=DIRECTION('center_axis',(0.,0.,1.));
#2791=DIRECTION('ref_axis',(0.,-1.,0.));
#2792=DIRECTION('',(-0.707106781186547,-3.2710259555912E-16,0.707106781186548));
#2793=DIRECTION('center_axis',(0.,0.,-1.));
#2794=DIRECTION('ref_axis',(0.,-1.,0.));
#2795=DIRECTION('center_axis',(0.707106781186546,0.,0.707106781186549));
#2796=DIRECTION('ref_axis',(0.707106781186549,0.,-0.707106781186546));
#2797=DIRECTION('',(0.,1.,0.));
#2798=DIRECTION('center_axis',(0.,0.,-1.));
#2799=DIRECTION('ref_axis',(1.,0.,0.));
#2800=DIRECTION('',(0.,-0.707106781186548,-0.707106781186547));
#2801=DIRECTION('center_axis',(0.,0.,1.));
#2802=DIRECTION('ref_axis',(1.,0.,0.));
#2803=DIRECTION('center_axis',(-9.81307786677362E-17,-0.707106781186549,
0.707106781186546));
#2804=DIRECTION('ref_axis',(1.,0.,1.38777878078145E-16));
#2805=DIRECTION('',(0.,-0.707106781186546,-0.707106781186549));
#2806=DIRECTION('',(1.,-1.38777878078145E-16,0.));
#2807=DIRECTION('center_axis',(0.,0.,-1.));
#2808=DIRECTION('ref_axis',(0.,-1.,0.));
#2809=DIRECTION('',(-0.707106781186548,0.,-0.707106781186548));
#2810=DIRECTION('center_axis',(0.,0.,1.));
#2811=DIRECTION('ref_axis',(0.,-1.,0.));
#2812=DIRECTION('center_axis',(-0.707106781186546,0.,0.707106781186549));
#2813=DIRECTION('ref_axis',(0.707106781186549,0.,0.707106781186546));
#2814=DIRECTION('',(0.,-1.,0.));
#2815=DIRECTION('center_axis',(-1.,0.,0.));
#2816=DIRECTION('ref_axis',(0.,-1.,0.));
#2817=DIRECTION('',(0.,0.,1.));
#2818=DIRECTION('center_axis',(-2.08166817117217E-16,-1.,0.));
#2819=DIRECTION('ref_axis',(1.,-2.08166817117217E-16,0.));
#2820=DIRECTION('',(0.,0.,1.));
#2821=DIRECTION('',(0.,0.,1.));
#2822=DIRECTION('center_axis',(0.,0.,1.));
#2823=DIRECTION('ref_axis',(0.,-1.,0.));
#2824=DIRECTION('center_axis',(1.,0.,0.));
#2825=DIRECTION('ref_axis',(0.,1.,0.));
#2826=DIRECTION('',(0.,0.,1.));
#2827=DIRECTION('center_axis',(0.,0.,1.));
#2828=DIRECTION('ref_axis',(1.,-5.44676186921056E-16,0.));
#2829=DIRECTION('center_axis',(-0.894427190999915,0.,-0.44721359549996));
#2830=DIRECTION('ref_axis',(-0.44721359549996,0.,0.894427190999915));
#2831=DIRECTION('',(0.44721359549996,4.65475153733867E-18,-0.894427190999915));
#2832=DIRECTION('center_axis',(-1.38777878078145E-17,1.,-1.73472347597681E-18));
#2833=DIRECTION('ref_axis',(0.,1.73472347597681E-18,1.));
#2834=DIRECTION('center_axis',(0.,0.,1.));
#2835=DIRECTION('ref_axis',(1.,0.,0.));
#2836=DIRECTION('center_axis',(0.,0.,-1.));
#2837=DIRECTION('ref_axis',(0.,-1.,0.));
#2838=DIRECTION('',(1.,0.,0.));
#2839=DIRECTION('center_axis',(0.,0.,-1.));
#2840=DIRECTION('ref_axis',(0.,1.,0.));
#2841=DIRECTION('',(-1.,0.,0.));
#2842=DIRECTION('center_axis',(0.707106781186546,-0.707106781186549,0.));
#2843=DIRECTION('ref_axis',(0.,0.,-1.));
#2844=DIRECTION('',(0.,0.,1.));
#2845=DIRECTION('',(-0.577350269189628,-0.577350269189625,0.577350269189625));
#2846=DIRECTION('center_axis',(-0.707106781186546,-0.707106781186549,0.));
#2847=DIRECTION('ref_axis',(0.,0.,1.));
#2848=DIRECTION('',(-0.577350269189628,0.577350269189625,-0.577350269189625));
#2849=DIRECTION('',(0.,0.,-1.));
#2850=DIRECTION('center_axis',(0.,0.,1.));
#2851=DIRECTION('ref_axis',(0.,1.,0.));
#2852=DIRECTION('center_axis',(0.,0.,-1.));
#2853=DIRECTION('ref_axis',(0.,1.,0.));
#2854=DIRECTION('',(0.,0.,-1.));
#2855=DIRECTION('',(0.,0.,-1.));
#2856=DIRECTION('center_axis',(0.,1.,0.));
#2857=DIRECTION('ref_axis',(-1.,0.,0.));
#2858=DIRECTION('',(-1.,0.,0.));
#2859=DIRECTION('',(0.,0.,-1.));
#2860=DIRECTION('center_axis',(0.,0.,1.));
#2861=DIRECTION('ref_axis',(0.,-1.,0.));
#2862=DIRECTION('center_axis',(0.,0.,-1.));
#2863=DIRECTION('ref_axis',(0.,-1.,0.));
#2864=DIRECTION('',(0.,0.,-1.));
#2865=DIRECTION('center_axis',(0.,-1.,0.));
#2866=DIRECTION('ref_axis',(1.,0.,0.));
#2867=DIRECTION('',(1.,0.,0.));
#2868=DIRECTION('center_axis',(-1.,0.,0.));
#2869=DIRECTION('ref_axis',(0.,1.,0.));
#2870=DIRECTION('',(0.,0.,-1.));
#2871=DIRECTION('',(0.,1.,0.));
#2872=DIRECTION('center_axis',(0.,0.,1.));
#2873=DIRECTION('ref_axis',(1.,0.,0.));
#2874=DIRECTION('',(0.,-1.,0.));
#2875=DIRECTION('center_axis',(0.,0.,1.));
#2876=DIRECTION('ref_axis',(-1.,0.,0.));
#2877=DIRECTION('',(1.,-1.38777878078145E-16,0.));
#2878=DIRECTION('center_axis',(0.,0.,1.));
#2879=DIRECTION('ref_axis',(0.,1.,0.));
#2880=DIRECTION('center_axis',(1.,0.,0.));
#2881=DIRECTION('ref_axis',(0.,-1.,0.));
#2882=DIRECTION('',(0.,0.,-1.));
#2883=DIRECTION('center_axis',(0.,-0.707106781186548,-0.707106781186547));
#2884=DIRECTION('ref_axis',(-1.,0.,0.));
#2885=DIRECTION('',(1.,0.,0.));
#2886=DIRECTION('center_axis',(0.,1.,0.));
#2887=DIRECTION('ref_axis',(0.,0.,1.));
#2888=DIRECTION('center_axis',(0.,0.,-1.));
#2889=DIRECTION('ref_axis',(-1.,0.,0.));
#2890=DIRECTION('',(0.,0.,-1.));
#2891=DIRECTION('center_axis',(0.,0.,-1.));
#2892=DIRECTION('ref_axis',(0.,1.,0.));
#2893=DIRECTION('',(0.,0.,-1.));
#2894=DIRECTION('center_axis',(-1.38777878078145E-16,-1.,0.));
#2895=DIRECTION('ref_axis',(-1.,1.38777878078145E-16,0.));
#2896=DIRECTION('center_axis',(0.,-1.,0.));
#2897=DIRECTION('ref_axis',(-1.,0.,0.));
#2898=DIRECTION('',(-1.,0.,0.));
#2899=DIRECTION('',(0.,0.,-1.));
#2900=DIRECTION('',(-1.,0.,0.));
#2901=DIRECTION('',(0.,0.,-1.));
#2902=DIRECTION('center_axis',(-1.,0.,0.));
#2903=DIRECTION('ref_axis',(0.,1.,0.));
#2904=DIRECTION('',(0.,1.,0.));
#2905=DIRECTION('',(0.,1.,0.));
#2906=DIRECTION('',(0.,0.,-1.));
#2907=DIRECTION('center_axis',(0.,1.,0.));
#2908=DIRECTION('ref_axis',(1.,0.,0.));
#2909=DIRECTION('',(1.,0.,0.));
#2910=DIRECTION('',(1.,0.,0.));
#2911=DIRECTION('',(0.,0.,-1.));
#2912=DIRECTION('center_axis',(1.,0.,0.));
#2913=DIRECTION('ref_axis',(0.,-1.,0.));
#2914=DIRECTION('',(0.,-1.,0.));
#2915=DIRECTION('',(0.,-1.,0.));
#2916=DIRECTION('center_axis',(0.,1.,0.));
#2917=DIRECTION('ref_axis',(1.,0.,0.));
#2918=DIRECTION('',(1.,0.,0.));
#2919=DIRECTION('',(0.,0.,-1.));
#2920=DIRECTION('',(1.,0.,0.));
#2921=DIRECTION('',(0.,0.,-1.));
#2922=DIRECTION('center_axis',(-1.,0.,0.));
#2923=DIRECTION('ref_axis',(0.,1.,0.));
#2924=DIRECTION('',(0.,1.,0.));
#2925=DIRECTION('',(0.,1.,0.));
#2926=DIRECTION('',(0.,0.,-1.));
#2927=DIRECTION('center_axis',(0.,-1.,0.));
#2928=DIRECTION('ref_axis',(-1.,0.,0.));
#2929=DIRECTION('',(-1.,0.,0.));
#2930=DIRECTION('',(-1.,0.,0.));
#2931=DIRECTION('',(0.,0.,-1.));
#2932=DIRECTION('center_axis',(1.,0.,0.));
#2933=DIRECTION('ref_axis',(0.,-1.,0.));
#2934=DIRECTION('',(0.,-1.,0.));
#2935=DIRECTION('',(0.,-1.,0.));
#2936=DIRECTION('',(0.,0.,-1.));
#2937=DIRECTION('center_axis',(0.,-1.,0.));
#2938=DIRECTION('ref_axis',(-1.,0.,0.));
#2939=DIRECTION('',(-1.,0.,0.));
#2940=DIRECTION('',(-1.,0.,0.));
#2941=DIRECTION('',(0.,0.,-1.));
#2942=DIRECTION('center_axis',(-1.,0.,0.));
#2943=DIRECTION('ref_axis',(0.,1.,0.));
#2944=DIRECTION('',(0.,1.,0.));
#2945=DIRECTION('',(0.,1.,0.));
#2946=DIRECTION('',(0.,0.,-1.));
#2947=DIRECTION('center_axis',(0.,-1.,0.));
#2948=DIRECTION('ref_axis',(-1.,0.,0.));
#2949=DIRECTION('',(-1.,0.,0.));
#2950=DIRECTION('',(-1.,0.,0.));
#2951=DIRECTION('',(0.,0.,-1.));
#2952=DIRECTION('center_axis',(1.,0.,0.));
#2953=DIRECTION('ref_axis',(0.,-1.,0.));
#2954=DIRECTION('',(0.,-1.,0.));
#2955=DIRECTION('',(0.,-1.,0.));
#2956=DIRECTION('center_axis',(0.,0.,1.));
#2957=DIRECTION('ref_axis',(-1.,0.,0.));
#2958=DIRECTION('center_axis',(0.,0.,-1.));
#2959=DIRECTION('ref_axis',(-1.,0.,0.));
#2960=DIRECTION('center_axis',(0.,-1.,0.));
#2961=DIRECTION('ref_axis',(-1.,0.,0.));
#2962=DIRECTION('',(-1.,0.,0.));
#2963=DIRECTION('',(0.,0.,-1.));
#2964=DIRECTION('',(-1.,0.,0.));
#2965=DIRECTION('',(0.,0.,-1.));
#2966=DIRECTION('center_axis',(-1.,0.,0.));
#2967=DIRECTION('ref_axis',(0.,1.,0.));
#2968=DIRECTION('',(0.,1.,0.));
#2969=DIRECTION('',(0.,1.,0.));
#2970=DIRECTION('',(0.,0.,-1.));
#2971=DIRECTION('center_axis',(0.,1.,0.));
#2972=DIRECTION('ref_axis',(1.,0.,0.));
#2973=DIRECTION('',(1.,0.,0.));
#2974=DIRECTION('',(1.,0.,0.));
#2975=DIRECTION('',(0.,0.,-1.));
#2976=DIRECTION('center_axis',(1.,0.,0.));
#2977=DIRECTION('ref_axis',(0.,-1.,0.));
#2978=DIRECTION('',(0.,-1.,0.));
#2979=DIRECTION('',(0.,-1.,0.));
#2980=DIRECTION('center_axis',(0.,-1.,0.));
#2981=DIRECTION('ref_axis',(-1.,0.,0.));
#2982=DIRECTION('',(-1.,0.,0.));
#2983=DIRECTION('',(0.,0.,-1.));
#2984=DIRECTION('',(-1.,0.,0.));
#2985=DIRECTION('',(0.,0.,-1.));
#2986=DIRECTION('center_axis',(0.851554310552309,0.524266398102893,0.));
#2987=DIRECTION('ref_axis',(0.524266398102893,-0.851554310552309,0.));
#2988=DIRECTION('',(0.524266398102893,-0.851554310552309,0.));
#2989=DIRECTION('',(0.524266398102893,-0.851554310552309,0.));
#2990=DIRECTION('',(0.,0.,-1.));
#2991=DIRECTION('center_axis',(0.,-1.,0.));
#2992=DIRECTION('ref_axis',(-1.,0.,0.));
#2993=DIRECTION('',(-1.,0.,0.));
#2994=DIRECTION('',(-1.,0.,0.));
#2995=DIRECTION('',(0.,0.,-1.));
#2996=DIRECTION('center_axis',(1.,0.,0.));
#2997=DIRECTION('ref_axis',(0.,-1.,0.));
#2998=DIRECTION('',(0.,-1.,0.));
#2999=DIRECTION('',(0.,-1.,0.));
#3000=DIRECTION('',(0.,0.,-1.));
#3001=DIRECTION('center_axis',(0.,1.,0.));
#3002=DIRECTION('ref_axis',(1.,0.,0.));
#3003=DIRECTION('',(1.,0.,0.));
#3004=DIRECTION('',(1.,0.,0.));
#3005=DIRECTION('',(0.,0.,-1.));
#3006=DIRECTION('center_axis',(-1.,0.,0.));
#3007=DIRECTION('ref_axis',(0.,1.,0.));
#3008=DIRECTION('',(0.,1.,0.));
#3009=DIRECTION('',(0.,1.,0.));
#3010=DIRECTION('',(0.,0.,-1.));
#3011=DIRECTION('center_axis',(0.,-1.,0.));
#3012=DIRECTION('ref_axis',(-1.,0.,0.));
#3013=DIRECTION('',(-1.,0.,0.));
#3014=DIRECTION('',(-1.,0.,0.));
#3015=DIRECTION('',(0.,0.,-1.));
#3016=DIRECTION('center_axis',(1.,0.,0.));
#3017=DIRECTION('ref_axis',(0.,-1.,0.));
#3018=DIRECTION('',(0.,-1.,0.));
#3019=DIRECTION('',(0.,-1.,0.));
#3020=DIRECTION('',(0.,0.,-1.));
#3021=DIRECTION('center_axis',(0.,-1.,0.));
#3022=DIRECTION('ref_axis',(-1.,0.,0.));
#3023=DIRECTION('',(-1.,0.,0.));
#3024=DIRECTION('',(-1.,0.,0.));
#3025=DIRECTION('',(0.,0.,-1.));
#3026=DIRECTION('center_axis',(-0.852906515470252,-0.522063670320386,0.));
#3027=DIRECTION('ref_axis',(-0.522063670320386,0.852906515470252,0.));
#3028=DIRECTION('',(-0.522063670320386,0.852906515470252,0.));
#3029=DIRECTION('',(-0.522063670320386,0.852906515470252,0.));
#3030=DIRECTION('center_axis',(0.,0.,1.));
#3031=DIRECTION('ref_axis',(-1.,0.,0.));
#3032=DIRECTION('center_axis',(0.,0.,-1.));
#3033=DIRECTION('ref_axis',(-1.,0.,0.));
#3034=DIRECTION('',(0.,0.,1.));
#3035=DIRECTION('',(1.,0.,0.));
#3036=CARTESIAN_POINT('',(0.,0.,0.));
#3037=CARTESIAN_POINT('',(0.,0.,0.));
#3038=CARTESIAN_POINT('Origin',(9.64999977201223,-1.27267876324728,4.81187481802991));
#3039=CARTESIAN_POINT('',(9.79999977201224,-1.12267876324728,5.11187481802991));
#3040=CARTESIAN_POINT('',(9.64999981343331,-1.2726787218262,4.96187463593331));
#3041=CARTESIAN_POINT('',(11.3012508541843,0.378572318924784,6.61312813724373));
#3042=CARTESIAN_POINT('',(9.79999977201224,-1.12267876324728,5.26187481802991));
#3043=CARTESIAN_POINT('',(9.79999977201224,-1.12267876324728,4.81187481802991));
#3044=CARTESIAN_POINT('',(9.64999977201224,-1.27267876324728,5.41187481802991));
#3045=CARTESIAN_POINT('',(11.4762524200526,0.55357388479304,3.5856221699896));
#3046=CARTESIAN_POINT('',(9.49999977201223,-1.42267831621243,5.41187481802991));
#3047=CARTESIAN_POINT('',(23.1643790467526,12.241700511493,5.41187481802991));
#3048=CARTESIAN_POINT('',(9.49999977201223,-1.42267831621243,4.96187463872727));
#3049=CARTESIAN_POINT('',(9.49999977201223,-1.42267831621243,4.51187481802991));
#3050=CARTESIAN_POINT('',(7.26437878304866,-3.65829975221084,4.96187468036896));
#3051=CARTESIAN_POINT('Origin',(19.7075156602541,-1.12267876324728,5.11187481802991));
#3052=CARTESIAN_POINT('',(21.6825155149679,-1.12267876324728,5.11187481802991));
#3053=CARTESIAN_POINT('',(19.7075156602541,-1.12267876324728,5.11187481802991));
#3054=CARTESIAN_POINT('',(21.6825155149679,-1.12267876324728,5.26187481802991));
#3055=CARTESIAN_POINT('',(21.6825155149679,-1.12267876324728,4.90562481802991));
#3056=CARTESIAN_POINT('',(19.7075156602541,-1.12267876324728,5.26187481802991));
#3057=CARTESIAN_POINT('Origin',(19.7075156602541,-1.27267853972986,4.96187481802991));
#3058=CARTESIAN_POINT('',(21.5325153350602,-1.27267894315497,4.9618744146042));
#3059=CARTESIAN_POINT('',(9.73251551003201,-1.27267872336317,4.96187463439633));
#3060=CARTESIAN_POINT('',(21.2179327139374,-1.58726156427774,4.6472913247161));
#3061=CARTESIAN_POINT('Origin',(-0.242484633670832,-0.922678316212433,4.96187482019519));
#3062=CARTESIAN_POINT('',(21.3825159620027,-1.42267831621243,4.96187441739816));
#3063=CARTESIAN_POINT('',(-0.367484633391613,-1.42267831621243,4.9618748225235));
#3064=CARTESIAN_POINT('',(16.0762658143067,-6.72892846390847,4.96187451437212));
#3065=CARTESIAN_POINT('Origin',(3.04477720460225,-1.27267876324728,4.81187481802991));
#3066=CARTESIAN_POINT('',(2.89477720460225,-1.12267876324728,5.26187481802991));
#3067=CARTESIAN_POINT('',(3.04477720460225,-1.27267876324728,5.41187481802991));
#3068=CARTESIAN_POINT('',(5.67190028054423,-3.89980183918926,8.03899789397189));
#3069=CARTESIAN_POINT('',(2.89477720460225,-1.12267876324728,5.11187481802991));
#3070=CARTESIAN_POINT('',(2.89477720460225,-1.12267876324728,4.81187481802991));
#3071=CARTESIAN_POINT('',(3.04477704014949,-1.27267859879451,4.96187475896517));
#3072=CARTESIAN_POINT('',(5.84689742237572,-4.07479898102074,2.15975020124799));
#3073=CARTESIAN_POINT('',(3.19477720460225,-1.42267831621243,4.9618747561712));
#3074=CARTESIAN_POINT('',(2.13546163397376,-0.363363192618787,4.96187477590249));
#3075=CARTESIAN_POINT('',(3.19477720460225,-1.42267831621243,5.41187481802991));
#3076=CARTESIAN_POINT('',(3.19477720460225,-1.42267831621243,4.51187481802991));
#3077=CARTESIAN_POINT('',(2.16046166670967,-0.3883632253547,5.41187481802991));
#3078=CARTESIAN_POINT('Origin',(19.7075156602541,-1.12267876324728,5.26187481802991));
#3079=CARTESIAN_POINT('',(0.847582239099209,-1.27267876324728,5.41187481802991));
#3080=CARTESIAN_POINT('',(25.6575158111284,-1.27267876324728,5.41187481802991));
#3081=CARTESIAN_POINT('',(0.55395070454215,-1.12267876324728,5.26187481802991));
#3082=CARTESIAN_POINT('Origin',(1.6075153585057,0.577321683787566,3.56187437099507));
#3083=CARTESIAN_POINT('',(19.7075156602541,-1.12267876324728,5.26187481802991));
#3084=CARTESIAN_POINT('Origin',(31.6075159620027,30.8273221457236,5.41187481802991));
#3085=CARTESIAN_POINT('',(1.6075153585057,-1.42267831621243,5.41187481802991));
#3086=CARTESIAN_POINT('',(9.70751550937991,-1.42267831621243,5.41187481802991));
#3087=CARTESIAN_POINT('Origin',(1.6075153585057,0.577321683787566,5.41187481802991));
#3088=CARTESIAN_POINT('Origin',(-0.492484641494297,-1.42267831621243,4.51187481802991));
#3089=CARTESIAN_POINT('',(21.3825159620027,-1.42267831621243,5.41187481802991));
#3090=CARTESIAN_POINT('',(9.70751550937991,-1.42267831621243,5.41187481802991));
#3091=CARTESIAN_POINT('',(21.3825159620027,-1.42267831621243,5.76187481802991));
#3092=CARTESIAN_POINT('',(21.3825159620027,-1.42267831621243,4.51187481802991));
#3093=CARTESIAN_POINT('',(29.3825159620027,-1.42267831621243,5.76187481802991));
#3094=CARTESIAN_POINT('',(10.4450156602542,-1.42267831621243,5.76187481802991));
#3095=CARTESIAN_POINT('',(29.3825159620027,-1.42267831621243,5.41187481802991));
#3096=CARTESIAN_POINT('',(29.3825159620027,-1.42267831621243,4.88687481802991));
#3097=CARTESIAN_POINT('',(31.9075159620027,-1.42267831621243,5.41187481802991));
#3098=CARTESIAN_POINT('',(15.5575156602542,-1.42267831621243,5.41187481802991));
#3099=CARTESIAN_POINT('',(31.9075159620027,-1.42267831621243,6.01187481802991));
#3100=CARTESIAN_POINT('',(31.9075159620027,-1.42267831621243,4.51187481802991));
#3101=CARTESIAN_POINT('',(1.6075153585057,-1.42267831621243,6.01187481802991));
#3102=CARTESIAN_POINT('',(8.13251550937996,-1.42267831621243,6.01187481802991));
#3103=CARTESIAN_POINT('',(1.6075153585057,-1.42267831621243,4.51187481802991));
#3104=CARTESIAN_POINT('',(1.6075153585057,-1.42267831621243,4.96187478573626));
#3105=CARTESIAN_POINT('',(-0.367484633391613,-1.42267831621243,4.9618748225235));
#3106=CARTESIAN_POINT('',(1.6075153585057,-1.42267831621243,4.51187481802991));
#3107=CARTESIAN_POINT('',(1.6075153585057,-1.42267831621243,4.51187481802991));
#3108=CARTESIAN_POINT('',(21.3825159620027,-1.42267831621243,4.51187481802991));
#3109=CARTESIAN_POINT('',(-0.492484641494297,-1.42267831621243,4.51187481802991));
#3110=CARTESIAN_POINT('',(21.3825159620027,-1.42267831621243,4.51187481802991));
#3111=CARTESIAN_POINT('Origin',(16.7575156602542,14.9773219147556,4.51187481802991));
#3112=CARTESIAN_POINT('',(-0.392484641494299,0.577321683787564,4.51187481802991));
#3113=CARTESIAN_POINT('Origin',(1.6075153585057,0.577321683787566,4.51187481802991));
#3114=CARTESIAN_POINT('',(-0.392484641494304,28.3773221457236,4.51187481802991));
#3115=CARTESIAN_POINT('',(-0.392484641494303,21.7273220302396,4.51187481802991));
#3116=CARTESIAN_POINT('',(2.1075153585057,30.8773221457236,4.51187481802991));
#3117=CARTESIAN_POINT('Origin',(2.1075153585057,28.3773221457236,4.51187481802991));
#3118=CARTESIAN_POINT('',(31.4075159620027,30.8773221457236,4.51187481802991));
#3119=CARTESIAN_POINT('',(24.1325158111285,30.8773221457236,4.51187481802991));
#3120=CARTESIAN_POINT('',(33.9075159620027,28.3773221457236,4.51187481802991));
#3121=CARTESIAN_POINT('Origin',(31.4075159620027,28.3773221457236,4.51187481802991));
#3122=CARTESIAN_POINT('',(33.9075159620027,0.577321683787567,4.51187481802991));
#3123=CARTESIAN_POINT('',(33.9075159620027,6.97732179927157,4.51187481802991));
#3124=CARTESIAN_POINT('',(31.9075159620027,-1.42267831621243,4.51187481802991));
#3125=CARTESIAN_POINT('Origin',(31.9075159620027,0.577321683787567,4.51187481802991));
#3126=CARTESIAN_POINT('',(29.3825159620027,-1.42267831621243,4.51187481802991));
#3127=CARTESIAN_POINT('',(8.13251550937996,-1.42267831621243,4.51187481802991));
#3128=CARTESIAN_POINT('',(28.8825159620027,-0.922678316212433,4.51187481802991));
#3129=CARTESIAN_POINT('',(22.1012658288236,5.85857181696667,4.51187481802991));
#3130=CARTESIAN_POINT('',(21.8825159620027,-0.922678316212433,4.51187481802991));
#3131=CARTESIAN_POINT('',(21.0700158111285,-0.922678316212433,4.51187481802991));
#3132=CARTESIAN_POINT('',(24.3512659443076,1.54607166609242,4.51187481802991));
#3133=CARTESIAN_POINT('',(32.5000004768372,18.4511257366999,4.51187481802991));
#3134=CARTESIAN_POINT('',(9.49999977201223,18.4511257366999,4.51187481802991));
#3135=CARTESIAN_POINT('',(23.3787580536445,18.4511257366999,4.51187481802991));
#3136=CARTESIAN_POINT('',(9.49999977201223,-0.522678316212443,4.51187481802991));
#3137=CARTESIAN_POINT('',(9.49999977201223,7.28866096184813,4.51187481802991));
#3138=CARTESIAN_POINT('',(29.6999993517995,-0.522678316212443,4.51187481802991));
#3139=CARTESIAN_POINT('',(18.17875761108,-0.522678316212444,4.51187481802991));
#3140=CARTESIAN_POINT('',(29.6999993517995,6.50000017136336,4.51187481802991));
#3141=CARTESIAN_POINT('',(29.6999993517995,7.28866096184813,4.51187481802991));
#3142=CARTESIAN_POINT('',(32.5000004768372,6.50000017136335,4.51187481802991));
#3143=CARTESIAN_POINT('',(23.3787580536445,6.50000017136336,4.51187481802991));
#3144=CARTESIAN_POINT('',(32.5000004768372,13.2386610430595,4.51187481802991));
#3145=CARTESIAN_POINT('',(5.3475153585057,-0.681416462665308,4.51187481802991));
#3146=CARTESIAN_POINT('',(7.3475153585057,-0.681416462665308,4.51187481802991));
#3147=CARTESIAN_POINT('',(11.05251550938,-0.681416462665309,4.51187481802991));
#3148=CARTESIAN_POINT('',(8.87625351240916,0.847321691238145,4.51187481802991));
#3149=CARTESIAN_POINT('Origin',(7.3475153585057,0.847321691238146,4.51187481802991));
#3150=CARTESIAN_POINT('',(8.87625351240916,15.8473216912381,4.51187481802991));
#3151=CARTESIAN_POINT('',(8.87625351240915,7.91232180299685,4.51187481802991));
#3152=CARTESIAN_POINT('',(3.81877720460225,15.8473216912381,4.51187481802991));
#3153=CARTESIAN_POINT('',(12.8168845863317,15.8473216912381,4.51187481802991));
#3154=CARTESIAN_POINT('',(3.81877720460225,0.847321691238145,4.51187481802991));
#3155=CARTESIAN_POINT('',(3.81877720460225,15.4123218029969,4.51187481802991));
#3156=CARTESIAN_POINT('Origin',(5.3475153585057,0.847321691238146,4.51187481802991));
#3157=CARTESIAN_POINT('Origin',(31.6075159620027,30.8273221457236,5.41187481802991));
#3158=CARTESIAN_POINT('',(21.5325155149679,-1.27267876324728,5.41187481802991));
#3159=CARTESIAN_POINT('',(25.6575158111284,-1.27267876324728,5.41187481802991));
#3160=CARTESIAN_POINT('',(21.1262657748069,-1.6789285034083,5.41187481802991));
#3161=CARTESIAN_POINT('Origin',(19.7075156602541,-1.12267876324728,5.26187481802991));
#3162=CARTESIAN_POINT('',(21.4304323548605,-1.37476192335462,5.51395797813726));
#3163=CARTESIAN_POINT('Origin',(32.0000004768372,11.5000001713634,4.51187481802991));
#3164=CARTESIAN_POINT('',(32.0000004768372,18.4511257366999,5.01187481802992));
#3165=CARTESIAN_POINT('',(32.0000004768372,18.4511257366999,5.51187481802991));
#3166=CARTESIAN_POINT('',(32.0000004768372,18.4511257366999,5.01187481802991));
#3167=CARTESIAN_POINT('',(32.0000004768372,9.00000017136335,5.01187481802991));
#3168=CARTESIAN_POINT('',(32.0000004768372,13.2386610430595,5.01187481802991));
#3169=CARTESIAN_POINT('',(32.0000004768372,11.5000001713634,5.51187481802991));
#3170=CARTESIAN_POINT('',(32.0000004768372,10.1538463252095,5.24264404879914));
#3171=CARTESIAN_POINT('',(32.0000004768372,17.5000002607703,5.51187481802991));
#3172=CARTESIAN_POINT('Origin',(32.2500004768372,13.2386610430595,4.76187481802991));
#3173=CARTESIAN_POINT('',(31.5000004693866,18.4511257366999,5.51187482548049));
#3174=CARTESIAN_POINT('',(31.4571384993988,11.7143100585553,5.5547367954683));
#3175=CARTESIAN_POINT('Origin',(31.9075159620027,0.577321683787567,4.51187481802991));
#3176=CARTESIAN_POINT('',(33.9075159620027,0.577321683787567,6.01187481802991));
#3177=CARTESIAN_POINT('Origin',(31.9075159620027,0.577321683787567,6.01187481802991));
#3178=CARTESIAN_POINT('',(32.6674490814092,-1.27267876324727,5.41187481802991));
#3179=CARTESIAN_POINT('Origin',(31.9075159620027,0.577321683787567,5.41187481802991));
#3180=CARTESIAN_POINT('',(32.9610806159663,-1.12267876324728,5.26187481802991));
#3181=CARTESIAN_POINT('Origin',(31.9075159620027,0.577321683787567,3.56187437099507));
#3182=CARTESIAN_POINT('',(32.9610806159663,-1.12267876324728,5.11187481802991));
#3183=CARTESIAN_POINT('',(32.9610806159663,-1.12267876324728,4.51187481802991));
#3184=CARTESIAN_POINT('',(32.6674493561985,-1.27267865037081,4.96187470738879));
#3185=CARTESIAN_POINT('Origin',(31.9075159620027,0.577321683787567,6.81187779826659));
#3186=CARTESIAN_POINT('',(31.9075159620027,-1.42267831621243,4.96187481802991));
#3187=CARTESIAN_POINT('Origin',(31.9075159620027,0.577321683787567,4.96187470738879));
#3188=CARTESIAN_POINT('',(31.9075159620027,-1.42267831621243,4.51187481802991));
#3189=CARTESIAN_POINT('',(33.9075159620027,0.577321683787567,4.96187470738879));
#3190=CARTESIAN_POINT('',(33.9075159620027,0.577321683787567,4.51187481802991));
#3191=CARTESIAN_POINT('',(33.7575173120542,-0.182609237288674,4.96187470738879));
#3192=CARTESIAN_POINT('Origin',(31.9075159620027,0.577321683787567,4.96187470738879));
#3193=CARTESIAN_POINT('',(33.607514605252,-0.476245880704911,5.11187470403603));
#3194=CARTESIAN_POINT('Origin',(31.9075159620027,0.577321683787567,6.81184263277477));
#3195=CARTESIAN_POINT('',(33.607514605252,-0.476245880704911,5.26187481802991));
#3196=CARTESIAN_POINT('',(33.607514605252,-0.476245880704911,4.51187481802991));
#3197=CARTESIAN_POINT('',(33.7575147225987,-0.182615541115387,5.41187481802991));
#3198=CARTESIAN_POINT('Origin',(31.9075159620027,0.577321683787567,3.56187750470824));
#3199=CARTESIAN_POINT('',(33.9075159620027,0.577321683787566,5.41187481802991));
#3200=CARTESIAN_POINT('Origin',(31.9075159620027,0.577321683787567,5.41187481802991));
#3201=CARTESIAN_POINT('',(33.9075159620027,0.577321683787567,4.51187481802991));
#3202=CARTESIAN_POINT('Origin',(33.607514605252,-1.02267831621243,5.11187470403603));
#3203=CARTESIAN_POINT('',(33.607514605252,29.5647588681224,5.11187470403603));
#3204=CARTESIAN_POINT('',(33.607514605252,-1.02267831621243,5.11187470403603));
#3205=CARTESIAN_POINT('',(33.607514605252,29.5647588681224,5.26187481802991));
#3206=CARTESIAN_POINT('',(33.607514605252,29.5647588681224,4.51187481802991));
#3207=CARTESIAN_POINT('',(33.607514605252,-1.02267831621243,5.26187481802991));
#3208=CARTESIAN_POINT('Origin',(33.7575169662944,-1.02267831621243,4.9618750531423));
#3209=CARTESIAN_POINT('',(33.7575173120542,29.2302545315293,4.96187470738879));
#3210=CARTESIAN_POINT('',(33.7575173120542,14.9523213427372,4.96187470738879));
#3211=CARTESIAN_POINT('Origin',(31.4075159620027,28.3773221457236,7.311833599088));
#3212=CARTESIAN_POINT('Origin',(33.9075159620027,-1.02267831621243,4.51187481802991));
#3213=CARTESIAN_POINT('',(33.9075159620027,28.3773221457236,4.96187470738879));
#3214=CARTESIAN_POINT('',(33.9075159620027,28.3773221457236,4.51187481802991));
#3215=CARTESIAN_POINT('',(33.9075159620027,14.9523213427372,4.96187470738879));
#3216=CARTESIAN_POINT('Origin',(31.6075159620027,30.8273221457236,5.41187481802991));
#3217=CARTESIAN_POINT('',(29.2325164090376,-1.27267876324728,5.41187481802991));
#3218=CARTESIAN_POINT('',(26.8012659983243,1.15857164746601,5.41187481802991));
#3219=CARTESIAN_POINT('',(25.5575158111284,-1.27267876324727,5.41187481802991));
#3220=CARTESIAN_POINT('Origin',(-0.492484641494297,-1.42267831621243,4.51187481802991));
#3221=CARTESIAN_POINT('',(29.3825159620027,-1.42267831621243,4.96187481802991));
#3222=CARTESIAN_POINT('',(9.50751550937991,-1.42267831621243,4.96187481802991));
#3223=CARTESIAN_POINT('',(29.3825159620027,-1.42267831621243,4.88687481802991));
#3224=CARTESIAN_POINT('Origin',(31.4075159620027,30.8273210016869,4.96187470738879));
#3225=CARTESIAN_POINT('',(29.2325161855202,-1.27267853972986,4.96187481802991));
#3226=CARTESIAN_POINT('',(25.5575158111284,-1.27267865037081,4.96187470738879));
#3227=CARTESIAN_POINT('',(26.8387658865656,1.12107175922472,4.96187481802991));
#3228=CARTESIAN_POINT('Origin',(31.4075159620027,30.8273210016869,4.96187470738879));
#3229=CARTESIAN_POINT('Origin',(31.4075159620027,28.3773221457236,4.96187470738879));
#3230=CARTESIAN_POINT('Origin',(19.7075156602541,-1.27267853972986,4.96187481802991));
#3231=CARTESIAN_POINT('',(29.0825164090376,-1.12267876324728,5.11187481802991));
#3232=CARTESIAN_POINT('',(19.7075156602541,-1.12267876324728,5.11187481802991));
#3233=CARTESIAN_POINT('',(27.5929342909789,0.366903354811437,6.60145915574225));
#3234=CARTESIAN_POINT('Origin',(1.6075153585057,0.577321683787566,4.51187481802991));
#3235=CARTESIAN_POINT('',(-0.24248474647645,-0.182612268320132,4.96187470738879));
#3236=CARTESIAN_POINT('',(-0.392484641494298,0.577321683787566,4.96187482298916));
#3237=CARTESIAN_POINT('Origin',(1.6075153585057,0.577321683787566,4.96187478573626));
#3238=CARTESIAN_POINT('',(-0.392484641494298,0.577321683787566,4.51187481802991));
#3239=CARTESIAN_POINT('',(0.847581739120401,-1.27267855786862,4.96187479989112));
#3240=CARTESIAN_POINT('Origin',(1.6075153585057,0.577321683787566,4.96187478573626));
#3241=CARTESIAN_POINT('',(0.55395070454215,-1.12267876324728,5.11187481802991));
#3242=CARTESIAN_POINT('Origin',(1.6075153585057,0.577321683787566,6.81187779826659));
#3243=CARTESIAN_POINT('',(0.55395070454215,-1.12267876324728,4.51187481802991));
#3244=CARTESIAN_POINT('',(-0.392484641494298,0.577321683787566,6.01187481802991));
#3245=CARTESIAN_POINT('Origin',(1.6075153585057,0.577321683787566,6.01187481802991));
#3246=CARTESIAN_POINT('',(-0.392484641494298,0.577321683787566,5.41187469733051));
#3247=CARTESIAN_POINT('',(-0.392484641494298,0.577321683787566,4.51187481802991));
#3248=CARTESIAN_POINT('',(-0.242484754370691,-0.182612249102217,5.41187481802991));
#3249=CARTESIAN_POINT('Origin',(1.6075153585057,0.577321683787566,5.41187481802991));
#3250=CARTESIAN_POINT('',(-0.0924846370239507,-0.47624369871092,5.26187481802991));
#3251=CARTESIAN_POINT('Origin',(1.6075153585057,0.577321683787566,3.56187615242893));
#3252=CARTESIAN_POINT('',(-0.0924846370239507,-0.47624369871092,5.11187470403603));
#3253=CARTESIAN_POINT('',(-0.0924846370239507,-0.47624369871092,4.51187481802991));
#3254=CARTESIAN_POINT('Origin',(1.6075153585057,0.577321683787566,6.81188761391087));
#3255=CARTESIAN_POINT('Origin',(-0.242484633671189,-1.02267831621243,5.41187469733051));
#3256=CARTESIAN_POINT('',(-0.242484754370691,29.2302579401893,5.41187481802991));
#3257=CARTESIAN_POINT('',(-0.242484754370691,14.9523219147556,5.41187481802991));
#3258=CARTESIAN_POINT('',(-0.0924846370239507,29.5647563627097,5.26187481802991));
#3259=CARTESIAN_POINT('Origin',(2.1075153585057,28.3773221457236,3.06187654358442));
#3260=CARTESIAN_POINT('',(-0.0924846370239508,-1.02267831621243,5.26187481802991));
#3261=CARTESIAN_POINT('Origin',(-0.392484641494303,28.4773221457236,4.51187481802991));
#3262=CARTESIAN_POINT('',(-0.392484641494304,28.3773221457236,6.01187481802991));
#3263=CARTESIAN_POINT('',(-0.392484641494303,21.7273220302396,6.01187481802991));
#3264=CARTESIAN_POINT('',(-0.392484641494303,28.3773221457236,5.41187481802991));
#3265=CARTESIAN_POINT('',(-0.392484641494303,28.3773221457236,4.51187481802991));
#3266=CARTESIAN_POINT('',(-0.3924846414943,13.7273219147556,5.41187469733051));
#3267=CARTESIAN_POINT('Origin',(16.7575156602542,14.9773219147556,6.01187481802991));
#3268=CARTESIAN_POINT('',(33.9075159620027,28.3773221457236,6.01187481802991));
#3269=CARTESIAN_POINT('',(33.9075159620027,6.97732179927157,6.01187481802991));
#3270=CARTESIAN_POINT('',(31.4075159620027,30.8773221457236,6.01187481802991));
#3271=CARTESIAN_POINT('Origin',(31.4075159620027,28.3773221457236,6.01187481802991));
#3272=CARTESIAN_POINT('',(2.1075153585057,30.8773221457236,6.01187481802991));
#3273=CARTESIAN_POINT('',(31.5075159620027,30.8773221457236,6.01187481802991));
#3274=CARTESIAN_POINT('Origin',(2.1075153585057,28.3773221457236,6.01187481802991));
#3275=CARTESIAN_POINT('',(7.3475153585057,-0.981416462665307,6.01187481802991));
#3276=CARTESIAN_POINT('',(9.17625351240915,0.847321691238145,6.01187481802991));
#3277=CARTESIAN_POINT('Origin',(7.3475153585057,0.847321691238146,6.01187481802991));
#3278=CARTESIAN_POINT('',(5.3475153585057,-0.981416462665308,6.01187481802991));
#3279=CARTESIAN_POINT('',(11.05251550938,-0.981416462665309,6.01187481802991));
#3280=CARTESIAN_POINT('',(3.51877720460225,0.847321691238145,6.01187481802991));
#3281=CARTESIAN_POINT('Origin',(5.3475153585057,0.847321691238146,6.01187481802991));
#3282=CARTESIAN_POINT('',(3.51877720460225,16.1473216912381,6.01187481802991));
#3283=CARTESIAN_POINT('',(3.51877720460225,15.4123218029969,6.01187481802991));
#3284=CARTESIAN_POINT('',(4.5275153585057,16.1473216912381,6.01187481802991));
#3285=CARTESIAN_POINT('',(11.41751550938,16.1473216912381,6.01187481802991));
#3286=CARTESIAN_POINT('',(4.5275153585057,0.847321691238146,6.01187481802991));
#3287=CARTESIAN_POINT('',(4.5275153585057,7.91232180299685,6.01187481802991));
#3288=CARTESIAN_POINT('',(5.3475153585057,0.0273216912381445,6.01187481802991));
#3289=CARTESIAN_POINT('Origin',(5.3475153585057,0.847321691238146,6.01187481802991));
#3290=CARTESIAN_POINT('',(7.3475153585057,0.0273216912381456,6.01187481802991));
#3291=CARTESIAN_POINT('',(12.05251550938,0.0273216912381435,6.01187481802991));
#3292=CARTESIAN_POINT('',(8.1675153585057,0.847321691238145,6.01187481802991));
#3293=CARTESIAN_POINT('Origin',(7.3475153585057,0.847321691238146,6.01187481802991));
#3294=CARTESIAN_POINT('',(8.1675153585057,16.1473216912381,6.01187481802991));
#3295=CARTESIAN_POINT('',(8.1675153585057,10.9123218029969,6.01187481802991));
#3296=CARTESIAN_POINT('',(9.17625351240915,16.1473216912381,6.01187481802991));
#3297=CARTESIAN_POINT('',(11.41751550938,16.1473216912381,6.01187481802991));
#3298=CARTESIAN_POINT('',(9.17625351240915,7.91232180299685,6.01187481802991));
#3299=CARTESIAN_POINT('Origin',(31.6075159620027,30.8273221457236,5.41187481802991));
#3300=CARTESIAN_POINT('Origin',(2.1075153585057,28.3773221457236,5.41187481802991));
#3301=CARTESIAN_POINT('Origin',(-0.242484633670832,-0.922678316212433,4.96187482019519));
#3302=CARTESIAN_POINT('',(9.73251551003201,-1.27267872336317,4.96187463439633));
#3303=CARTESIAN_POINT('Origin',(19.7075156602541,-1.12267876324728,5.11187481802991));
#3304=CARTESIAN_POINT('',(19.7075156602541,-1.12267876324728,5.11187481802991));
#3305=CARTESIAN_POINT('Origin',(33.607514605252,-1.02267831621243,5.26187481802991));
#3306=CARTESIAN_POINT('',(33.7575147225987,29.2302616659694,5.41187481802991));
#3307=CARTESIAN_POINT('Origin',(31.4075159620027,28.3773221457236,3.06187789586372));
#3308=CARTESIAN_POINT('',(33.7575147225987,14.9523219147556,5.41187481802991));
#3309=CARTESIAN_POINT('Origin',(-0.0924846370239508,-1.02267831621243,5.26187481802991));
#3310=CARTESIAN_POINT('',(-0.0924846370239507,29.5647563627097,5.11187470403603));
#3311=CARTESIAN_POINT('',(-0.0924846370239507,29.5647563627097,4.51187481802991));
#3312=CARTESIAN_POINT('',(-0.0924846370239508,-1.02267831621243,5.11187470403603));
#3313=CARTESIAN_POINT('Origin',(-0.0924850973308263,-1.02267831621243,5.11187539449463));
#3314=CARTESIAN_POINT('',(-0.242484633670832,29.2302582727403,4.96187482019519));
#3315=CARTESIAN_POINT('Origin',(2.1075153585057,28.3773221457236,7.31189107378633));
#3316=CARTESIAN_POINT('',(-0.24248474647645,15.0023213427372,4.96187470738879));
#3317=CARTESIAN_POINT('Origin',(19.7075156602541,-1.12267876324728,5.11187481802991));
#3318=CARTESIAN_POINT('',(29.0825164090376,-1.12267876324728,5.26187481802991));
#3319=CARTESIAN_POINT('',(19.7075156602541,-1.12267876324728,5.26187481802991));
#3320=CARTESIAN_POINT('',(29.0825164090376,-1.12267876324728,5.09312481802991));
#3321=CARTESIAN_POINT('Origin',(19.7075156602541,-1.12267876324728,5.26187481802991));
#3322=CARTESIAN_POINT('',(27.5054328018954,0.454404843894916,3.68479121088772));
#3323=CARTESIAN_POINT('Origin',(31.6075159620027,30.8273221457236,5.41187481802991));
#3324=CARTESIAN_POINT('',(33.9075159620027,28.3773221457236,5.41187481802991));
#3325=CARTESIAN_POINT('Origin',(31.4075159620027,28.3773221457236,5.41187481802991));
#3326=CARTESIAN_POINT('',(33.9075159620027,14.9523219147556,5.41187481802991));
#3327=CARTESIAN_POINT('Origin',(31.4075159620027,28.3773221457236,4.51187481802991));
#3328=CARTESIAN_POINT('',(32.2604520674643,30.7273221457236,5.41187481802991));
#3329=CARTESIAN_POINT('',(31.4075159620027,30.8773221457236,5.41187481802991));
#3330=CARTESIAN_POINT('Origin',(31.4075159620027,28.3773221457236,5.41187481802991));
#3331=CARTESIAN_POINT('',(31.4075159620027,30.8773221457236,4.51187481802991));
#3332=CARTESIAN_POINT('',(33.9075159620027,28.3773221457236,4.51187481802991));
#3333=CARTESIAN_POINT('',(31.4075159620027,30.8773221457236,4.96187470738879));
#3334=CARTESIAN_POINT('',(31.4075159620027,30.8773221457236,4.51187481802991));
#3335=CARTESIAN_POINT('',(32.2604552194947,30.7273210016869,4.96187470738879));
#3336=CARTESIAN_POINT('Origin',(31.4075159620027,28.3773221457236,4.96187470738879));
#3337=CARTESIAN_POINT('',(32.5949501707065,30.5773221457236,5.11187481802991));
#3338=CARTESIAN_POINT('Origin',(31.4075159620027,28.3773221457236,7.31189322011095));
#3339=CARTESIAN_POINT('',(32.5949501707065,30.5773221457236,5.26187481802991));
#3340=CARTESIAN_POINT('',(32.5949501707065,30.5773221457236,4.51187481802991));
#3341=CARTESIAN_POINT('Origin',(31.4075159620027,28.3773221457236,3.06187481802991));
#3342=CARTESIAN_POINT('Origin',(31.4075159620027,30.7273210016869,4.96187470738879));
#3343=CARTESIAN_POINT('',(2.1075153585057,30.8773221457236,4.96187470738879));
#3344=CARTESIAN_POINT('',(31.4075159620027,30.8773221457236,4.96187470738879));
#3345=CARTESIAN_POINT('',(1.25457610101373,30.7273210016869,4.96187470738879));
#3346=CARTESIAN_POINT('Origin',(2.1075153585057,28.3773221457236,4.96187470738879));
#3347=CARTESIAN_POINT('',(31.4075159620027,30.7273210016869,4.96187470738879));
#3348=CARTESIAN_POINT('Origin',(31.5075159620027,30.7273221457236,5.41187481802991));
#3349=CARTESIAN_POINT('',(1.2545792530441,30.7273221457236,5.41187481802991));
#3350=CARTESIAN_POINT('',(31.5075159620027,30.7273221457236,5.41187481802991));
#3351=CARTESIAN_POINT('',(2.1075153585057,30.8773221457236,5.41187481802991));
#3352=CARTESIAN_POINT('Origin',(2.1075153585057,28.3773221457236,5.41187481802991));
#3353=CARTESIAN_POINT('',(31.4575159620027,30.8773221457236,5.41187481802991));
#3354=CARTESIAN_POINT('Origin',(33.9075159620027,-1.02267831621243,4.51187481802991));
#3355=CARTESIAN_POINT('Origin',(31.5075159620027,30.5773221457236,5.11187481802991));
#3356=CARTESIAN_POINT('',(0.920081149801906,30.5773221457236,5.11187481802991));
#3357=CARTESIAN_POINT('',(31.5075159620027,30.5773221457236,5.11187481802991));
#3358=CARTESIAN_POINT('',(0.920081149801906,30.5773221457236,5.26187481802991));
#3359=CARTESIAN_POINT('',(0.920081149801906,30.5773221457236,4.51187481802991));
#3360=CARTESIAN_POINT('',(31.5075159620027,30.5773221457236,5.26187481802991));
#3361=CARTESIAN_POINT('Origin',(31.5075159620027,30.5773221457236,5.11187481802991));
#3362=CARTESIAN_POINT('Origin',(2.1075153585057,28.3773221457236,7.31189322011093));
#3363=CARTESIAN_POINT('Origin',(31.5075159620027,30.5773221457236,5.26187481802991));
#3364=CARTESIAN_POINT('Origin',(2.1075153585057,28.3773221457236,3.06187481802993));
#3365=CARTESIAN_POINT('Origin',(19.7075156602541,-1.27267853972986,4.96187481802991));
#3366=CARTESIAN_POINT('Origin',(-0.392484641494303,28.4773221457236,4.51187481802991));
#3367=CARTESIAN_POINT('',(-0.392484641494303,28.3773221457236,4.96187482298916));
#3368=CARTESIAN_POINT('',(-0.3924846414943,13.8273219147556,4.96187482298916));
#3369=CARTESIAN_POINT('',(-0.392484641494303,28.3773221457236,4.51187481802991));
#3370=CARTESIAN_POINT('Origin',(-0.242484633670832,-0.922678316212433,4.96187482019519));
#3371=CARTESIAN_POINT('Origin',(2.1075153585057,28.3773221457236,4.96187477642303));
#3372=CARTESIAN_POINT('Origin',(2.1075153585057,28.3773221457236,4.51187481802991));
#3373=CARTESIAN_POINT('',(2.1075153585057,30.8773221457236,4.51187481802991));
#3374=CARTESIAN_POINT('',(2.1075153585057,30.8773221457236,4.51187481802991));
#3375=CARTESIAN_POINT('Origin',(31.5075159620027,30.8773221457236,4.51187481802991));
#3376=CARTESIAN_POINT('Origin',(31.5075159620027,30.8773221457236,4.51187481802991));
#3377=CARTESIAN_POINT('Origin',(30.0000004470348,18.4511257366999,5.51187481802991));
#3378=CARTESIAN_POINT('',(9.99999977201223,18.4511257366999,5.51187481802991));
#3379=CARTESIAN_POINT('',(30.0000004470348,18.4511257366999,5.51187481802991));
#3380=CARTESIAN_POINT('',(11.8749998395145,18.4511257366999,9.26187495303443));
#3381=CARTESIAN_POINT('Origin',(9.74999977201223,12.9193301292567,5.01187481802991));
#3382=CARTESIAN_POINT('',(9.99999977201223,-0.522678316212444,5.51187481802991));
#3383=CARTESIAN_POINT('',(9.99999977201223,12.9193301292567,5.51187481802991));
#3384=CARTESIAN_POINT('',(10.7049997510016,-0.522678316212443,6.92187477600864));
#3385=CARTESIAN_POINT('Origin',(23.3787580536445,9.00000017136335,5.01187481802991));
#3386=CARTESIAN_POINT('',(29.1999993517995,11.5000001713634,5.51187481802991));
#3387=CARTESIAN_POINT('',(32.0000004768372,11.5000001713634,5.51187481802991));
#3388=CARTESIAN_POINT('',(29.8165235953841,5.3347577355175,4.27882633086074));
#3389=CARTESIAN_POINT('Origin',(31.000000461936,14.5000002160668,5.51187481802991));
#3390=CARTESIAN_POINT('',(29.1999993517995,-0.522678316212444,5.51187481802991));
#3391=CARTESIAN_POINT('',(29.1999993517995,3.95799116561059,5.51187481802991));
#3392=CARTESIAN_POINT('',(9.49999977201223,-0.522678316212444,5.51187481802991));
#3393=CARTESIAN_POINT('Origin',(11.41751550938,15.9973216912381,5.86187481802991));
#3394=CARTESIAN_POINT('',(3.81877720460225,15.8473216912381,5.71187481802991));
#3395=CARTESIAN_POINT('',(5.05773357010542,14.608365325735,4.47291845252674));
#3396=CARTESIAN_POINT('',(4.2275153585057,15.8473216912381,5.71187481802991));
#3397=CARTESIAN_POINT('',(11.41751550938,15.8473216912381,5.71187481802991));
#3398=CARTESIAN_POINT('',(4.2033487356112,15.8231550683436,5.68770819513541));
#3399=CARTESIAN_POINT('Origin',(6.0775153585057,15.8473216912381,6.01187481802991));
#3400=CARTESIAN_POINT('',(8.87625351240916,15.8473216912381,5.71187481802991));
#3401=CARTESIAN_POINT('',(8.87625351240916,15.8473216912381,4.51187481802991));
#3402=CARTESIAN_POINT('',(8.4675153585057,15.8473216912381,5.71187481802991));
#3403=CARTESIAN_POINT('',(11.41751550938,15.8473216912381,5.71187481802991));
#3404=CARTESIAN_POINT('',(8.4675153585057,15.8473216912381,5.16187481802991));
#3405=CARTESIAN_POINT('',(8.4675153585057,15.8473216912381,6.01187481802991));
#3406=CARTESIAN_POINT('',(4.2275153585057,15.8473216912381,5.16187481802991));
#3407=CARTESIAN_POINT('',(6.7125153585057,15.8473216912381,5.16187481802991));
#3408=CARTESIAN_POINT('',(4.2275153585057,15.8473216912381,6.01187481802991));
#3409=CARTESIAN_POINT('',(3.81877720460225,15.8473216912381,4.51187481802991));
#3410=CARTESIAN_POINT('Origin',(8.3175153585057,10.9123218029969,5.86187481802991));
#3411=CARTESIAN_POINT('',(8.4675153585057,0.847321691238146,5.71187481802991));
#3412=CARTESIAN_POINT('',(8.1675153585057,0.847321691238145,6.01187481802991));
#3413=CARTESIAN_POINT('',(8.4675153585057,10.9123218029969,5.71187481802991));
#3414=CARTESIAN_POINT('',(8.4675153585057,15.8473216912381,5.71187481802991));
#3415=CARTESIAN_POINT('Origin',(11.41751550938,15.9973216912381,5.86187481802991));
#3416=CARTESIAN_POINT('',(8.87625351240916,15.8473216912381,5.71187481802991));
#3417=CARTESIAN_POINT('Origin',(9.02625351240916,7.91232180299685,5.86187481802991));
#3418=CARTESIAN_POINT('',(8.87625351240916,0.847321691238145,5.71187481802991));
#3419=CARTESIAN_POINT('',(8.87625351240916,7.91232180299685,5.71187481802991));
#3420=CARTESIAN_POINT('',(8.87625351240916,0.847321691238145,5.71187481802991));
#3421=CARTESIAN_POINT('Origin',(7.3475153585057,0.847321691238146,5.86187481802991));
#3422=CARTESIAN_POINT('',(7.3475153585057,-0.681416462665308,5.71187481802991));
#3423=CARTESIAN_POINT('',(7.3475153585057,-0.681416462665308,5.71187481802991));
#3424=CARTESIAN_POINT('Origin',(7.3475153585057,0.847321691238146,5.71187481802991));
#3425=CARTESIAN_POINT('Origin',(11.05251550938,-0.831416462665309,5.86187481802991));
#3426=CARTESIAN_POINT('',(5.3475153585057,-0.681416462665308,5.71187481802991));
#3427=CARTESIAN_POINT('',(5.3475153585057,-0.681416462665308,5.71187481802991));
#3428=CARTESIAN_POINT('',(11.05251550938,-0.681416462665309,5.71187481802991));
#3429=CARTESIAN_POINT('Origin',(5.3475153585057,0.847321691238146,5.86187481802991));
#3430=CARTESIAN_POINT('',(3.81877720460225,0.847321691238145,5.71187481802991));
#3431=CARTESIAN_POINT('',(3.81877720460225,0.847321691238145,5.71187481802991));
#3432=CARTESIAN_POINT('Origin',(5.3475153585057,0.847321691238146,5.71187481802991));
#3433=CARTESIAN_POINT('Origin',(3.66877720460225,15.4123218029969,5.86187481802991));
#3434=CARTESIAN_POINT('',(3.81877720460225,15.4123218029969,5.71187481802991));
#3435=CARTESIAN_POINT('Origin',(7.3475153585057,0.847321691238146,5.86187481802991));
#3436=CARTESIAN_POINT('',(7.3475153585057,-0.272678308761855,5.71187481802991));
#3437=CARTESIAN_POINT('',(7.3475153585057,0.0273216912381456,6.01187481802991));
#3438=CARTESIAN_POINT('Origin',(7.3475153585057,0.847321691238146,5.71187481802991));
#3439=CARTESIAN_POINT('Origin',(12.05251550938,-0.122678308761856,5.86187481802991));
#3440=CARTESIAN_POINT('',(5.3475153585057,-0.272678308761855,5.71187481802991));
#3441=CARTESIAN_POINT('',(5.3475153585057,0.0273216912381445,6.01187481802991));
#3442=CARTESIAN_POINT('',(12.05251550938,-0.272678308761855,5.71187481802991));
#3443=CARTESIAN_POINT('Origin',(5.3475153585057,0.847321691238146,5.86187481802991));
#3444=CARTESIAN_POINT('',(4.2275153585057,0.847321691238146,5.71187481802991));
#3445=CARTESIAN_POINT('',(4.5275153585057,0.847321691238146,6.01187481802991));
#3446=CARTESIAN_POINT('Origin',(5.3475153585057,0.847321691238146,5.71187481802991));
#3447=CARTESIAN_POINT('Origin',(4.3775153585057,7.91232180299685,5.86187481802991));
#3448=CARTESIAN_POINT('',(4.2275153585057,7.91232180299685,5.71187481802991));
#3449=CARTESIAN_POINT('Origin',(3.81877720460225,15.8473216912381,4.51187481802991));
#3450=CARTESIAN_POINT('',(3.81877720460225,0.847321691238145,4.51187481802991));
#3451=CARTESIAN_POINT('Origin',(5.3475153585057,-0.681416462665308,4.51187481802991));
#3452=CARTESIAN_POINT('',(5.3475153585057,-0.681416462665308,4.51187481802991));
#3453=CARTESIAN_POINT('',(7.3475153585057,-0.681416462665308,4.51187481802991));
#3454=CARTESIAN_POINT('Origin',(5.3475153585057,0.847321691238146,4.51187481802991));
#3455=CARTESIAN_POINT('Origin',(8.87625351240916,0.847321691238145,4.51187481802991));
#3456=CARTESIAN_POINT('',(8.87625351240916,0.847321691238145,4.51187481802991));
#3457=CARTESIAN_POINT('Origin',(7.3475153585057,0.847321691238146,4.51187481802991));
#3458=CARTESIAN_POINT('Origin',(29.4499993517995,3.95799116561059,5.01187481802991));
#3459=CARTESIAN_POINT('',(28.4949993728101,-0.522678316212443,6.92187477600864));
#3460=CARTESIAN_POINT('Origin',(19.5999995619059,-0.522678316212443,4.86187481802991));
#3461=CARTESIAN_POINT('Origin',(4.07751531827257,-1.02267831621243,4.31187471744708));
#3462=CARTESIAN_POINT('',(5.3475153585057,-0.182678296691914,4.31187471744708));
#3463=CARTESIAN_POINT('',(5.3475153585057,1.87732167916821,4.31187471744708));
#3464=CARTESIAN_POINT('Origin',(5.3475153585057,0.847321691238146,4.31187471744708));
#3465=CARTESIAN_POINT('',(7.3475153585057,1.87732167916821,4.31187471744708));
#3466=CARTESIAN_POINT('',(5.21251533838913,1.87732167916821,4.31187471744708));
#3467=CARTESIAN_POINT('',(7.3475153585057,-0.182678296691914,4.31187471744708));
#3468=CARTESIAN_POINT('Origin',(7.3475153585057,0.847321691238146,4.31187471744708));
#3469=CARTESIAN_POINT('',(5.71251533838913,-0.182678296691914,4.31187471744708));
#3470=CARTESIAN_POINT('Origin',(21.6325159620027,-1.17267831621243,4.69937481802991));
#3471=CARTESIAN_POINT('',(21.8825159620027,-0.922678316212433,5.26187481802991));
#3472=CARTESIAN_POINT('',(21.8825159620027,-0.922678316212433,4.69937481802991));
#3473=CARTESIAN_POINT('',(19.9033492450446,-2.90184503317052,7.241041534988));
#3474=CARTESIAN_POINT('Origin',(29.1325159620027,-1.17267831621243,5.07437481802991));
#3475=CARTESIAN_POINT('',(28.8825159620027,-0.922678316212433,5.26187481802991));
#3476=CARTESIAN_POINT('',(25.9450159117113,2.01482173407899,2.32437476773849));
#3477=CARTESIAN_POINT('',(28.8825159620027,-0.922678316212433,5.07437481802991));
#3478=CARTESIAN_POINT('Origin',(7.3475153585057,0.847321691238146,4.51187471744707));
#3479=CARTESIAN_POINT('',(7.3475153585057,1.87732167916821,5.16187481802991));
#3480=CARTESIAN_POINT('',(7.3475153585057,-0.182678296691914,5.16187481802991));
#3481=CARTESIAN_POINT('Origin',(7.3475153585057,0.847321691238146,5.16187481802991));
#3482=CARTESIAN_POINT('',(7.3475153585057,-0.182678296691914,4.51187471744707));
#3483=CARTESIAN_POINT('',(7.3475153585057,1.87732167916821,4.51187471744707));
#3484=CARTESIAN_POINT('Origin',(7.3475153585057,-0.182678296691914,4.51187471744707));
#3485=CARTESIAN_POINT('',(5.3475153585057,-0.182678296691914,5.16187481802991));
#3486=CARTESIAN_POINT('',(6.8475153585057,-0.182678296691914,5.16187481802991));
#3487=CARTESIAN_POINT('',(5.3475153585057,-0.182678296691914,4.51187471744707));
#3488=CARTESIAN_POINT('Origin',(5.3475153585057,0.847321691238146,4.51187471744707));
#3489=CARTESIAN_POINT('',(5.3475153585057,1.87732167916821,5.16187481802991));
#3490=CARTESIAN_POINT('Origin',(5.3475153585057,0.847321691238146,5.16187481802991));
#3491=CARTESIAN_POINT('',(5.3475153585057,1.87732167916821,4.51187471744707));
#3492=CARTESIAN_POINT('Origin',(5.3475153585057,1.87732167916821,4.51187471744707));
#3493=CARTESIAN_POINT('',(5.8475153585057,1.87732167916821,5.16187481802991));
#3494=CARTESIAN_POINT('Origin',(4.2275153585057,0.847321691238146,6.01187481802991));
#3495=CARTESIAN_POINT('',(4.2275153585057,0.847321691238146,5.16187481802991));
#3496=CARTESIAN_POINT('',(4.2275153585057,0.847321691238146,6.01187481802991));
#3497=CARTESIAN_POINT('',(4.2275153585057,3.09732169123815,5.16187481802991));
#3498=CARTESIAN_POINT('Origin',(7.3475153585057,5.34732169123815,5.16187481802991));
#3499=CARTESIAN_POINT('',(8.4675153585057,0.847321691238146,5.16187481802991));
#3500=CARTESIAN_POINT('',(8.4675153585057,11.3473216912381,5.16187481802991));
#3501=CARTESIAN_POINT('',(7.3475153585057,-0.272678308761854,5.16187481802991));
#3502=CARTESIAN_POINT('Origin',(7.3475153585057,0.847321691238146,5.16187481802991));
#3503=CARTESIAN_POINT('',(5.3475153585057,-0.272678308761854,5.16187481802991));
#3504=CARTESIAN_POINT('',(6.8475153585057,-0.272678308761855,5.16187481802991));
#3505=CARTESIAN_POINT('Origin',(5.3475153585057,0.847321691238146,5.16187481802991));
#3506=CARTESIAN_POINT('Origin',(8.4675153585057,6.84732169123815,6.01187481802991));
#3507=CARTESIAN_POINT('',(8.4675153585057,0.847321691238146,6.01187481802991));
#3508=CARTESIAN_POINT('Origin',(10.4450156602542,-1.17267831621243,5.51187481802991));
#3509=CARTESIAN_POINT('',(21.3825159620027,-0.922678316212433,5.26187481802991));
#3510=CARTESIAN_POINT('Origin',(25.3825159620027,-0.922678316212433,4.88687481802991));
#3511=CARTESIAN_POINT('Origin',(7.3475153585057,0.847321691238146,6.01187481802991));
#3512=CARTESIAN_POINT('',(7.3475153585057,-0.272678308761855,6.01187481802991));
#3513=CARTESIAN_POINT('Origin',(5.3475153585057,0.847321691238146,6.01187481802991));
#3514=CARTESIAN_POINT('',(5.3475153585057,-0.272678308761855,6.01187481802991));
#3515=CARTESIAN_POINT('Origin',(7.3475153585057,-0.272678308761855,6.01187481802991));
#3516=CARTESIAN_POINT('Origin',(27.4706101045012,26.5459222346544,6.01187481802991));
#3517=CARTESIAN_POINT('',(27.4706101045012,26.5459222346544,6.01187481802991));
#3518=CARTESIAN_POINT('',(22.3934614285827,26.5459222346544,6.01187481802991));
#3519=CARTESIAN_POINT('',(27.4706101045012,26.5459222346544,6.01187481802991));
#3520=CARTESIAN_POINT('',(22.3934614285827,26.5459222346544,5.91187481802991));
#3521=CARTESIAN_POINT('',(22.3934614285827,26.5459222346544,6.01187481802991));
#3522=CARTESIAN_POINT('',(27.4706101045012,26.5459222346544,5.91187481802991));
#3523=CARTESIAN_POINT('',(27.4706101045012,26.5459222346544,5.91187481802991));
#3524=CARTESIAN_POINT('',(27.4706101045012,26.5459222346544,6.01187481802991));
#3525=CARTESIAN_POINT('Origin',(27.4706101045012,23.9669365435839,6.01187481802991));
#3526=CARTESIAN_POINT('',(27.4706101045012,23.9669365435839,6.01187481802991));
#3527=CARTESIAN_POINT('',(27.4706101045012,23.9669365435839,6.01187481802991));
#3528=CARTESIAN_POINT('',(27.4706101045012,23.9669365435839,5.91187481802991));
#3529=CARTESIAN_POINT('',(27.4706101045012,23.9669365435839,5.91187481802991));
#3530=CARTESIAN_POINT('',(27.4706101045012,23.9669365435839,6.01187481802991));
#3531=CARTESIAN_POINT('Origin',(22.3934614285827,23.9669365435839,6.01187481802991));
#3532=CARTESIAN_POINT('',(22.3934614285827,23.9669365435839,6.01187481802991));
#3533=CARTESIAN_POINT('',(22.3934614285827,23.9669365435839,6.01187481802991));
#3534=CARTESIAN_POINT('',(22.3934614285827,23.9669365435839,5.91187481802991));
#3535=CARTESIAN_POINT('',(22.3934614285827,23.9669365435839,5.91187481802991));
#3536=CARTESIAN_POINT('',(22.3934614285827,23.9669365435839,6.01187481802991));
#3537=CARTESIAN_POINT('Origin',(22.3934614285827,26.5459222346544,6.01187481802991));
#3538=CARTESIAN_POINT('',(22.3934614285827,26.5459222346544,6.01187481802991));
#3539=CARTESIAN_POINT('',(22.3934614285827,26.5459222346544,5.91187481802991));
#3540=CARTESIAN_POINT('Origin',(19.9393832311034,28.9999998360872,6.01187481802991));
#3541=CARTESIAN_POINT('',(19.9393832311034,28.9999998360872,6.01187481802991));
#3542=CARTESIAN_POINT('',(29.9246883019805,28.9999998360872,6.01187481802991));
#3543=CARTESIAN_POINT('',(19.9393832311034,28.9999998360872,6.01187481802991));
#3544=CARTESIAN_POINT('',(29.9246883019805,28.9999998360872,5.91187481802991));
#3545=CARTESIAN_POINT('',(29.9246883019805,28.9999998360872,6.01187481802991));
#3546=CARTESIAN_POINT('',(19.9393832311034,28.9999998360872,5.91187481802991));
#3547=CARTESIAN_POINT('',(19.9393832311034,28.9999998360872,5.91187481802991));
#3548=CARTESIAN_POINT('',(19.9393832311034,28.9999998360872,6.01187481802991));
#3549=CARTESIAN_POINT('Origin',(19.9393832311034,19.0220434218645,6.01187481802991));
#3550=CARTESIAN_POINT('',(19.9393832311034,19.0220434218645,6.01187481802991));
#3551=CARTESIAN_POINT('',(19.9393832311034,19.0220434218645,6.01187481802991));
#3552=CARTESIAN_POINT('',(19.9393832311034,19.0220434218645,5.91187481802991));
#3553=CARTESIAN_POINT('',(19.9393832311034,19.0220434218645,5.91187481802991));
#3554=CARTESIAN_POINT('',(19.9393832311034,19.0220434218645,6.01187481802991));
#3555=CARTESIAN_POINT('Origin',(22.3934614285827,19.0220434218645,6.01187481802991));
#3556=CARTESIAN_POINT('',(22.3934614285827,19.0220434218645,6.01187481802991));
#3557=CARTESIAN_POINT('',(22.3934614285827,19.0220434218645,6.01187481802991));
#3558=CARTESIAN_POINT('',(22.3934614285827,19.0220434218645,5.91187481802991));
#3559=CARTESIAN_POINT('',(22.3934614285827,19.0220434218645,5.91187481802991));
#3560=CARTESIAN_POINT('',(22.3934614285827,19.0220434218645,6.01187481802991));
#3561=CARTESIAN_POINT('Origin',(22.3934614285827,21.5128583461046,6.01187481802991));
#3562=CARTESIAN_POINT('',(22.3934614285827,21.5128583461046,6.01187481802991));
#3563=CARTESIAN_POINT('',(22.3934614285827,21.5128583461046,6.01187481802991));
#3564=CARTESIAN_POINT('',(22.3934614285827,21.5128583461046,5.91187481802991));
#3565=CARTESIAN_POINT('',(22.3934614285827,21.5128583461046,5.91187481802991));
#3566=CARTESIAN_POINT('',(22.3934614285827,21.5128583461046,6.01187481802991));
#3567=CARTESIAN_POINT('Origin',(27.4706101045012,21.5128583461046,6.01187481802991));
#3568=CARTESIAN_POINT('',(27.4706101045012,21.5128583461046,6.01187481802991));
#3569=CARTESIAN_POINT('',(27.4706101045012,21.5128583461046,6.01187481802991));
#3570=CARTESIAN_POINT('',(27.4706101045012,21.5128583461046,5.91187481802991));
#3571=CARTESIAN_POINT('',(27.4706101045012,21.5128583461046,5.91187481802991));
#3572=CARTESIAN_POINT('',(27.4706101045012,21.5128583461046,6.01187481802991));
#3573=CARTESIAN_POINT('Origin',(27.4706101045012,19.0220434218645,6.01187481802991));
#3574=CARTESIAN_POINT('',(27.4706101045012,19.0220434218645,6.01187481802991));
#3575=CARTESIAN_POINT('',(27.4706101045012,19.0220434218645,6.01187481802991));
#3576=CARTESIAN_POINT('',(27.4706101045012,19.0220434218645,5.91187481802991));
#3577=CARTESIAN_POINT('',(27.4706101045012,19.0220434218645,5.91187481802991));
#3578=CARTESIAN_POINT('',(27.4706101045012,19.0220434218645,6.01187481802991));
#3579=CARTESIAN_POINT('Origin',(29.9246883019805,19.0220434218645,6.01187481802991));
#3580=CARTESIAN_POINT('',(29.9246883019805,19.0220434218645,6.01187481802991));
#3581=CARTESIAN_POINT('',(29.9246883019805,19.0220434218645,6.01187481802991));
#3582=CARTESIAN_POINT('',(29.9246883019805,19.0220434218645,5.91187481802991));
#3583=CARTESIAN_POINT('',(29.9246883019805,19.0220434218645,5.91187481802991));
#3584=CARTESIAN_POINT('',(29.9246883019805,19.0220434218645,6.01187481802991));
#3585=CARTESIAN_POINT('Origin',(29.9246883019805,28.9999998360872,6.01187481802991));
#3586=CARTESIAN_POINT('',(29.9246883019805,28.9999998360872,6.01187481802991));
#3587=CARTESIAN_POINT('',(29.9246883019805,28.9999998360872,5.91187481802991));
#3588=CARTESIAN_POINT('Origin',(18.7123442068696,24.0000001341105,6.01187481802991));
#3589=CARTESIAN_POINT('Origin',(18.7123442068696,24.0000001341105,5.91187481802991));
#3590=CARTESIAN_POINT('Origin',(15.0312268361449,26.5312273055315,6.01187481802991));
#3591=CARTESIAN_POINT('',(15.0312268361449,26.5312273055315,6.01187481802991));
#3592=CARTESIAN_POINT('',(9.95407816022635,26.5312273055315,6.01187481802991));
#3593=CARTESIAN_POINT('',(15.0312268361449,26.5312273055315,6.01187481802991));
#3594=CARTESIAN_POINT('',(9.95407816022635,26.5312273055315,5.91187481802991));
#3595=CARTESIAN_POINT('',(9.95407816022635,26.5312273055315,6.01187481802991));
#3596=CARTESIAN_POINT('',(15.0312268361449,26.5312273055315,5.91187481802991));
#3597=CARTESIAN_POINT('',(15.0312268361449,26.5312273055315,5.91187481802991));
#3598=CARTESIAN_POINT('',(15.0312268361449,26.5312273055315,6.01187481802991));
#3599=CARTESIAN_POINT('Origin',(15.0312268361449,23.2395298033953,6.01187481802991));
#3600=CARTESIAN_POINT('',(15.0312268361449,23.2395298033953,6.01187481802991));
#3601=CARTESIAN_POINT('',(15.0312268361449,23.2395298033953,6.01187481802991));
#3602=CARTESIAN_POINT('',(15.0312268361449,23.2395298033953,5.91187481802991));
#3603=CARTESIAN_POINT('',(15.0312268361449,23.2395298033953,5.91187481802991));
#3604=CARTESIAN_POINT('',(15.0312268361449,23.2395298033953,6.01187481802991));
#3605=CARTESIAN_POINT('Origin',(9.95407816022635,23.2395298033953,6.01187481802991));
#3606=CARTESIAN_POINT('',(9.95407816022635,23.2395298033953,6.01187481802991));
#3607=CARTESIAN_POINT('',(9.95407816022635,23.2395298033953,6.01187481802991));
#3608=CARTESIAN_POINT('',(9.95407816022635,23.2395298033953,5.91187481802991));
#3609=CARTESIAN_POINT('',(9.95407816022635,23.2395298033953,5.91187481802991));
#3610=CARTESIAN_POINT('',(9.95407816022635,23.2395298033953,6.01187481802991));
#3611=CARTESIAN_POINT('Origin',(9.95407816022635,26.5312273055315,6.01187481802991));
#3612=CARTESIAN_POINT('',(9.95407816022635,26.5312273055315,6.01187481802991));
#3613=CARTESIAN_POINT('',(9.95407816022635,26.5312273055315,5.91187481802991));
#3614=CARTESIAN_POINT('Origin',(16.2215280160308,19.0000004321337,6.01187481802991));
#3615=CARTESIAN_POINT('',(16.2215280160308,19.0000004321337,6.01187481802991));
#3616=CARTESIAN_POINT('',(13.5249816998839,19.0000004321337,6.01187481802991));
#3617=CARTESIAN_POINT('',(16.2215280160308,19.0000004321337,6.01187481802991));
#3618=CARTESIAN_POINT('',(13.5249816998839,19.0000004321337,5.91187481802991));
#3619=CARTESIAN_POINT('',(13.5249816998839,19.0000004321337,6.01187481802991));
#3620=CARTESIAN_POINT('',(16.2215280160308,19.0000004321337,5.91187481802991));
#3621=CARTESIAN_POINT('',(16.2215280160308,19.0000004321337,5.91187481802991));
#3622=CARTESIAN_POINT('',(16.2215280160308,19.0000004321337,6.01187481802991));
#3623=CARTESIAN_POINT('Origin',(14.9504041299224,21.0646588355303,6.01187481802991));
#3624=CARTESIAN_POINT('',(14.9504041299224,21.0646588355303,6.01187481802991));
#3625=CARTESIAN_POINT('',(14.9504041299224,21.0646588355303,6.01187481802991));
#3626=CARTESIAN_POINT('',(14.9504041299224,21.0646588355303,5.91187481802991));
#3627=CARTESIAN_POINT('',(14.9504041299224,21.0646588355303,5.91187481802991));
#3628=CARTESIAN_POINT('',(14.9504041299224,21.0646588355303,6.01187481802991));
#3629=CARTESIAN_POINT('Origin',(17.4853050336242,21.0646588355303,6.01187481802991));
#3630=CARTESIAN_POINT('',(17.4853050336242,21.0646588355303,6.01187481802991));
#3631=CARTESIAN_POINT('',(17.4853050336242,21.0646588355303,6.01187481802991));
#3632=CARTESIAN_POINT('',(17.4853050336242,21.0646588355303,5.91187481802991));
#3633=CARTESIAN_POINT('',(17.4853050336242,21.0646588355303,5.91187481802991));
#3634=CARTESIAN_POINT('',(17.4853050336242,21.0646588355303,6.01187481802991));
#3635=CARTESIAN_POINT('Origin',(17.4853050336242,28.9853055030107,6.01187481802991));
#3636=CARTESIAN_POINT('',(17.4853050336242,28.9853055030107,6.01187481802991));
#3637=CARTESIAN_POINT('',(17.4853050336242,28.9853055030107,6.01187481802991));
#3638=CARTESIAN_POINT('',(17.4853050336242,28.9853055030107,5.91187481802991));
#3639=CARTESIAN_POINT('',(17.4853050336242,28.9853055030107,5.91187481802991));
#3640=CARTESIAN_POINT('',(17.4853050336242,28.9853055030107,6.01187481802991));
#3641=CARTESIAN_POINT('Origin',(7.50000011175871,28.9853055030107,6.01187481802991));
#3642=CARTESIAN_POINT('',(7.50000011175871,28.9853055030107,6.01187481802991));
#3643=CARTESIAN_POINT('',(7.50000011175871,28.9853055030107,6.01187481802991));
#3644=CARTESIAN_POINT('',(7.50000011175871,28.9853055030107,5.91187481802991));
#3645=CARTESIAN_POINT('',(7.50000011175871,28.9853055030107,5.91187481802991));
#3646=CARTESIAN_POINT('',(7.50000011175871,28.9853055030107,6.01187481802991));
#3647=CARTESIAN_POINT('Origin',(7.50000011175871,19.0000004321337,6.01187481802991));
#3648=CARTESIAN_POINT('',(7.50000011175871,19.0000004321337,6.01187481802991));
#3649=CARTESIAN_POINT('',(7.50000011175871,19.0000004321337,6.01187481802991));
#3650=CARTESIAN_POINT('',(7.50000011175871,19.0000004321337,5.91187481802991));
#3651=CARTESIAN_POINT('',(7.50000011175871,19.0000004321337,5.91187481802991));
#3652=CARTESIAN_POINT('',(7.50000011175871,19.0000004321337,6.01187481802991));
#3653=CARTESIAN_POINT('Origin',(9.95407816022635,19.0000004321337,6.01187481802991));
#3654=CARTESIAN_POINT('',(9.95407816022635,19.0000004321337,6.01187481802991));
#3655=CARTESIAN_POINT('',(9.95407816022635,19.0000004321337,6.01187481802991));
#3656=CARTESIAN_POINT('',(9.95407816022635,19.0000004321337,5.91187481802991));
#3657=CARTESIAN_POINT('',(9.95407816022635,19.0000004321337,5.91187481802991));
#3658=CARTESIAN_POINT('',(9.95407816022635,19.0000004321337,6.01187481802991));
#3659=CARTESIAN_POINT('Origin',(9.95407816022635,21.0646588355303,6.01187481802991));
#3660=CARTESIAN_POINT('',(9.95407816022635,21.0646588355303,6.01187481802991));
#3661=CARTESIAN_POINT('',(9.95407816022635,21.0646588355303,6.01187481802991));
#3662=CARTESIAN_POINT('',(9.95407816022635,21.0646588355303,5.91187481802991));
#3663=CARTESIAN_POINT('',(9.95407816022635,21.0646588355303,5.91187481802991));
#3664=CARTESIAN_POINT('',(9.95407816022635,21.0646588355303,6.01187481802991));
#3665=CARTESIAN_POINT('Origin',(12.261205278337,21.0646588355303,6.01187481802991));
#3666=CARTESIAN_POINT('',(12.261205278337,21.0646588355303,6.01187481802991));
#3667=CARTESIAN_POINT('',(12.261205278337,21.0646588355303,6.01187481802991));
#3668=CARTESIAN_POINT('',(12.261205278337,21.0646588355303,5.91187481802991));
#3669=CARTESIAN_POINT('',(12.261205278337,21.0646588355303,5.91187481802991));
#3670=CARTESIAN_POINT('',(12.261205278337,21.0646588355303,6.01187481802991));
#3671=CARTESIAN_POINT('Origin',(13.5249816998839,19.0000004321337,6.01187481802991));
#3672=CARTESIAN_POINT('',(13.5249816998839,19.0000004321337,6.01187481802991));
#3673=CARTESIAN_POINT('',(13.5249816998839,19.0000004321337,5.91187481802991));
#3674=CARTESIAN_POINT('Origin',(18.7123442068696,24.0000001341105,6.01187481802991));
#3675=CARTESIAN_POINT('Origin',(18.7123442068696,24.0000001341105,5.91187481802991));
#3676=CARTESIAN_POINT('',(0.,0.,-1.11022302462516E-16));
#3677=UNCERTAINTY_MEASURE_WITH_UNIT(LENGTH_MEASURE(0.01),#3683,
'DISTANCE_ACCURACY_VALUE',
'Maximum model space distance between geometric entities at asserted c
onnectivities');
#3678=UNCERTAINTY_MEASURE_WITH_UNIT(LENGTH_MEASURE(0.01),#3683,
'DISTANCE_ACCURACY_VALUE',
'Maximum model space distance between geometric entities at asserted c
onnectivities');
#3679=UNCERTAINTY_MEASURE_WITH_UNIT(LENGTH_MEASURE(0.01),#3683,
'DISTANCE_ACCURACY_VALUE',
'Maximum model space distance between geometric entities at asserted c
onnectivities');
#3680=(
GEOMETRIC_REPRESENTATION_CONTEXT(3)
GLOBAL_UNCERTAINTY_ASSIGNED_CONTEXT((#3677))
GLOBAL_UNIT_ASSIGNED_CONTEXT((#3683,#3685,#3686))
REPRESENTATION_CONTEXT('','3D')
);
#3681=(
GEOMETRIC_REPRESENTATION_CONTEXT(3)
GLOBAL_UNCERTAINTY_ASSIGNED_CONTEXT((#3678))
GLOBAL_UNIT_ASSIGNED_CONTEXT((#3683,#3685,#3686))
REPRESENTATION_CONTEXT('','3D')
);
#3682=(
GEOMETRIC_REPRESENTATION_CONTEXT(3)
GLOBAL_UNCERTAINTY_ASSIGNED_CONTEXT((#3679))
GLOBAL_UNIT_ASSIGNED_CONTEXT((#3683,#3685,#3686))
REPRESENTATION_CONTEXT('','3D')
);
#3683=(
LENGTH_UNIT()
NAMED_UNIT(*)
SI_UNIT(.MILLI.,.METRE.)
);
#3684=(
LENGTH_UNIT()
NAMED_UNIT(*)
SI_UNIT($,.METRE.)
);
#3685=(
NAMED_UNIT(*)
PLANE_ANGLE_UNIT()
SI_UNIT($,.RADIAN.)
);
#3686=(
NAMED_UNIT(*)
SI_UNIT($,.STERADIAN.)
SOLID_ANGLE_UNIT()
);
#3687=SHAPE_DEFINITION_REPRESENTATION(#3689,#3692);
#3688=SHAPE_DEFINITION_REPRESENTATION(#3690,#3693);
#3689=PRODUCT_DEFINITION_SHAPE('',$,#3695);
#3690=PRODUCT_DEFINITION_SHAPE('',$,#3696);
#3691=PRODUCT_DEFINITION_SHAPE($,$,#14);
#3692=SHAPE_REPRESENTATION('',(#2249,#2424),#3680);
#3693=SHAPE_REPRESENTATION('',(#2250),#3681);
#3694=PRODUCT_DEFINITION_CONTEXT('part definition',#3702,'design');
#3695=PRODUCT_DEFINITION('track','track v17',#3697,#3694);
#3696=PRODUCT_DEFINITION('Cover','Cover',#3698,#3694);
#3697=PRODUCT_DEFINITION_FORMATION('',$,#3704);
#3698=PRODUCT_DEFINITION_FORMATION('',$,#3705);
#3699=PRODUCT_RELATED_PRODUCT_CATEGORY('track v17','track v17',(#3704));
#3700=PRODUCT_RELATED_PRODUCT_CATEGORY('Cover','Cover',(#3705));
#3701=APPLICATION_PROTOCOL_DEFINITION('international standard',
'automotive_design',2009,#3702);
#3702=APPLICATION_CONTEXT(
'Core Data for Automotive Mechanical Design Process');
#3703=PRODUCT_CONTEXT('part definition',#3702,'mechanical');
#3704=PRODUCT('track','track v17',$,(#3703));
#3705=PRODUCT('Cover','Cover',$,(#3703));
#3706=PRESENTATION_STYLE_ASSIGNMENT((#3709));
#3707=PRESENTATION_STYLE_ASSIGNMENT((#3710));
#3708=PRESENTATION_STYLE_ASSIGNMENT((#3711));
#3709=SURFACE_STYLE_USAGE(.BOTH.,#3712);
#3710=SURFACE_STYLE_USAGE(.BOTH.,#3713);
#3711=SURFACE_STYLE_USAGE(.BOTH.,#3714);
#3712=SURFACE_SIDE_STYLE('',(#3715));
#3713=SURFACE_SIDE_STYLE('',(#3716));
#3714=SURFACE_SIDE_STYLE('',(#3717));
#3715=SURFACE_STYLE_FILL_AREA(#3718);
#3716=SURFACE_STYLE_FILL_AREA(#3719);
#3717=SURFACE_STYLE_FILL_AREA(#3720);
#3718=FILL_AREA_STYLE('Steel - Satin',(#3721));
#3719=FILL_AREA_STYLE('ABS (White)',(#3722));
#3720=FILL_AREA_STYLE('ABS (White)',(#3723));
#3721=FILL_AREA_STYLE_COLOUR('Steel - Satin',#3724);
#3722=FILL_AREA_STYLE_COLOUR('ABS (White)',#3725);
#3723=FILL_AREA_STYLE_COLOUR('ABS (White)',#3726);
#3724=COLOUR_RGB('Steel - Satin',0.627450980392157,0.627450980392157,0.627450980392157);
#3725=COLOUR_RGB('ABS (White)',0.988235294117647,0.,0.);
#3726=COLOUR_RGB('ABS (White)',0.964705882352941,0.964705882352941,0.952941176470588);
ENDSEC;
END-ISO-10303-21;
