ISO-10303-21;
HEADER;
/* Generated by software containing ST-Developer
 * from STEP Tools, Inc. (www.steptools.com) 
 */

FILE_DESCRIPTION(
/* description */ (''),
/* implementation_level */ '2;1');

FILE_NAME(
/* name */ 'caseW.step',
/* time_stamp */ '2026-09-24T04:55:03+05:00',
/* author */ (''),
/* organization */ (''),
/* preprocessor_version */ 'ST-DEVELOPER v20.2',
/* originating_system */ 'Autodesk Translation Framework v15.15.0.0',
/* authorisation */ '');

FILE_SCHEMA (('AUTOMOTIVE_DESIGN { 1 0 10303 214 3 1 1 }'));
ENDSEC;

DATA;
#10=MECHANICAL_DESIGN_GEOMETRIC_PRESENTATION_REPRESENTATION('',(#19,#20),
#3292);
#11=ITEM_DEFINED_TRANSFORMATION($,$,#2000,#2161);
#12=(
REPRESENTATION_RELATIONSHIP($,$,#3303,#3302)
REPRESENTATION_RELATIONSHIP_WITH_TRANSFORMATION(#11)
SHAPE_REPRESENTATION_RELATIONSHIP()
);
#13=CONTEXT_DEPENDENT_SHAPE_REPRESENTATION(#12,#3301);
#14=NEXT_ASSEMBLY_USAGE_OCCURRENCE('Cover:1','Cover:1','Cover:1',#3305,
#3306,'Cover:1');
#15=SHAPE_REPRESENTATION_RELATIONSHIP('SRR','None',#3303,#17);
#16=SHAPE_REPRESENTATION_RELATIONSHIP('SRR','None',#3302,#18);
#17=ADVANCED_BREP_SHAPE_REPRESENTATION('',(#21),#3291);
#18=ADVANCED_BREP_SHAPE_REPRESENTATION('',(#22),#3290);
#19=STYLED_ITEM('',(#3318),#21);
#20=STYLED_ITEM('',(#3317),#22);
#21=MANIFOLD_SOLID_BREP('Cover',#1985);
#22=MANIFOLD_SOLID_BREP('W',#1986);
#23=CONICAL_SURFACE('',#2104,1.67873815390345,0.785398163397447);
#24=CONICAL_SURFACE('',#2107,1.67873815390345,0.785398163397448);
#25=CONICAL_SURFACE('',#2110,0.97,0.785398163397448);
#26=CONICAL_SURFACE('',#2113,0.970000000000001,0.785398163397447);
#27=CYLINDRICAL_SURFACE('',#2022,2.);
#28=CYLINDRICAL_SURFACE('',#2042,2.);
#29=CYLINDRICAL_SURFACE('',#2073,2.50000000000001);
#30=CYLINDRICAL_SURFACE('',#2092,2.5);
#31=CYLINDRICAL_SURFACE('',#2118,1.52873815390345);
#32=CYLINDRICAL_SURFACE('',#2120,1.52873815390345);
#33=CYLINDRICAL_SURFACE('',#2128,1.02999998793006);
#34=CYLINDRICAL_SURFACE('',#2131,1.02999998793006);
#35=CYLINDRICAL_SURFACE('',#2141,1.12);
#36=CYLINDRICAL_SURFACE('',#2142,1.12);
#37=FACE_BOUND('',#210,.T.);
#38=FACE_BOUND('',#211,.T.);
#39=FACE_BOUND('',#229,.T.);
#40=FACE_BOUND('',#285,.T.);
#41=CIRCLE('',#2009,2.);
#42=CIRCLE('',#2012,2.);
#43=CIRCLE('',#2013,2.5);
#44=CIRCLE('',#2014,2.50000000000001);
#45=CIRCLE('',#2015,2.);
#46=CIRCLE('',#2016,1.52873815390345);
#47=CIRCLE('',#2017,1.52873815390345);
#48=CIRCLE('',#2023,2.);
#49=CIRCLE('',#2024,2.);
#50=CIRCLE('',#2027,2.);
#51=CIRCLE('',#2028,2.);
#52=CIRCLE('',#2031,2.);
#53=CIRCLE('',#2040,2.50000000000001);
#54=CIRCLE('',#2043,2.);
#55=CIRCLE('',#2044,2.);
#56=CIRCLE('',#2046,2.);
#57=CIRCLE('',#2047,2.);
#58=CIRCLE('',#2054,2.50000000000001);
#59=CIRCLE('',#2055,2.5);
#60=CIRCLE('',#2056,1.82873815390345);
#61=CIRCLE('',#2057,1.82873815390345);
#62=CIRCLE('',#2058,0.820000000000001);
#63=CIRCLE('',#2059,0.82);
#64=CIRCLE('',#2061,2.5);
#65=CIRCLE('',#2072,2.50000000000001);
#66=CIRCLE('',#2074,2.50000000000001);
#67=CIRCLE('',#2075,2.50000000000001);
#68=CIRCLE('',#2079,2.5);
#69=CIRCLE('',#2081,2.5);
#70=CIRCLE('',#2091,2.5);
#71=CIRCLE('',#2105,1.52873815390345);
#72=CIRCLE('',#2108,1.52873815390345);
#73=CIRCLE('',#2111,1.12);
#74=CIRCLE('',#2114,1.12);
#75=CIRCLE('',#2124,1.02999998793006);
#76=CIRCLE('',#2125,1.02999998793006);
#77=CIRCLE('',#2129,1.02999998793006);
#78=CIRCLE('',#2132,1.02999998793006);
#79=CIRCLE('',#2136,1.12);
#80=CIRCLE('',#2137,1.12);
#81=ELLIPSE('',#2007,2.82842712474619,2.);
#82=ELLIPSE('',#2025,2.82842712474619,2.);
#83=ELLIPSE('',#2026,2.82842923209253,2.);
#84=ELLIPSE('',#2029,2.82840157373687,2.);
#85=ELLIPSE('',#2030,2.82842601839161,2.);
#86=ELLIPSE('',#2034,3.53550196717111,2.50000000000001);
#87=ELLIPSE('',#2045,2.82842923209253,2.);
#88=ELLIPSE('',#2048,2.82842601839161,2.);
#89=ELLIPSE('',#2049,2.82843691076872,2.);
#90=ELLIPSE('',#2051,3.53553252298951,2.5);
#91=ELLIPSE('',#2065,3.53553252298953,2.50000000000001);
#92=ELLIPSE('',#2068,3.5355461384609,2.5);
#93=ELLIPSE('',#2076,3.53554869259581,2.50000000000001);
#94=ELLIPSE('',#2077,3.53553390593274,2.50000000000001);
#95=ELLIPSE('',#2085,3.5355486925958,2.5);
#96=ELLIPSE('',#2087,3.53553390593273,2.5);
#97=FACE_OUTER_BOUND('',#201,.T.);
#98=FACE_OUTER_BOUND('',#202,.T.);
#99=FACE_OUTER_BOUND('',#203,.T.);
#100=FACE_OUTER_BOUND('',#204,.T.);
#101=FACE_OUTER_BOUND('',#205,.T.);
#102=FACE_OUTER_BOUND('',#206,.T.);
#103=FACE_OUTER_BOUND('',#207,.T.);
#104=FACE_OUTER_BOUND('',#208,.T.);
#105=FACE_OUTER_BOUND('',#209,.T.);
#106=FACE_OUTER_BOUND('',#212,.T.);
#107=FACE_OUTER_BOUND('',#213,.T.);
#108=FACE_OUTER_BOUND('',#214,.T.);
#109=FACE_OUTER_BOUND('',#215,.T.);
#110=FACE_OUTER_BOUND('',#216,.T.);
#111=FACE_OUTER_BOUND('',#217,.T.);
#112=FACE_OUTER_BOUND('',#218,.T.);
#113=FACE_OUTER_BOUND('',#219,.T.);
#114=FACE_OUTER_BOUND('',#220,.T.);
#115=FACE_OUTER_BOUND('',#221,.T.);
#116=FACE_OUTER_BOUND('',#222,.T.);
#117=FACE_OUTER_BOUND('',#223,.T.);
#118=FACE_OUTER_BOUND('',#224,.T.);
#119=FACE_OUTER_BOUND('',#225,.T.);
#120=FACE_OUTER_BOUND('',#226,.T.);
#121=FACE_OUTER_BOUND('',#227,.T.);
#122=FACE_OUTER_BOUND('',#228,.T.);
#123=FACE_OUTER_BOUND('',#230,.T.);
#124=FACE_OUTER_BOUND('',#231,.T.);
#125=FACE_OUTER_BOUND('',#232,.T.);
#126=FACE_OUTER_BOUND('',#233,.T.);
#127=FACE_OUTER_BOUND('',#234,.T.);
#128=FACE_OUTER_BOUND('',#235,.T.);
#129=FACE_OUTER_BOUND('',#236,.T.);
#130=FACE_OUTER_BOUND('',#237,.T.);
#131=FACE_OUTER_BOUND('',#238,.T.);
#132=FACE_OUTER_BOUND('',#239,.T.);
#133=FACE_OUTER_BOUND('',#240,.T.);
#134=FACE_OUTER_BOUND('',#241,.T.);
#135=FACE_OUTER_BOUND('',#242,.T.);
#136=FACE_OUTER_BOUND('',#243,.T.);
#137=FACE_OUTER_BOUND('',#244,.T.);
#138=FACE_OUTER_BOUND('',#245,.T.);
#139=FACE_OUTER_BOUND('',#246,.T.);
#140=FACE_OUTER_BOUND('',#247,.T.);
#141=FACE_OUTER_BOUND('',#248,.T.);
#142=FACE_OUTER_BOUND('',#249,.T.);
#143=FACE_OUTER_BOUND('',#250,.T.);
#144=FACE_OUTER_BOUND('',#251,.T.);
#145=FACE_OUTER_BOUND('',#252,.T.);
#146=FACE_OUTER_BOUND('',#253,.T.);
#147=FACE_OUTER_BOUND('',#254,.T.);
#148=FACE_OUTER_BOUND('',#255,.T.);
#149=FACE_OUTER_BOUND('',#256,.T.);
#150=FACE_OUTER_BOUND('',#257,.T.);
#151=FACE_OUTER_BOUND('',#258,.T.);
#152=FACE_OUTER_BOUND('',#259,.T.);
#153=FACE_OUTER_BOUND('',#260,.T.);
#154=FACE_OUTER_BOUND('',#261,.T.);
#155=FACE_OUTER_BOUND('',#262,.T.);
#156=FACE_OUTER_BOUND('',#263,.T.);
#157=FACE_OUTER_BOUND('',#264,.T.);
#158=FACE_OUTER_BOUND('',#265,.T.);
#159=FACE_OUTER_BOUND('',#266,.T.);
#160=FACE_OUTER_BOUND('',#267,.T.);
#161=FACE_OUTER_BOUND('',#268,.T.);
#162=FACE_OUTER_BOUND('',#269,.T.);
#163=FACE_OUTER_BOUND('',#270,.T.);
#164=FACE_OUTER_BOUND('',#271,.T.);
#165=FACE_OUTER_BOUND('',#272,.T.);
#166=FACE_OUTER_BOUND('',#273,.T.);
#167=FACE_OUTER_BOUND('',#274,.T.);
#168=FACE_OUTER_BOUND('',#275,.T.);
#169=FACE_OUTER_BOUND('',#276,.T.);
#170=FACE_OUTER_BOUND('',#277,.T.);
#171=FACE_OUTER_BOUND('',#278,.T.);
#172=FACE_OUTER_BOUND('',#279,.T.);
#173=FACE_OUTER_BOUND('',#280,.T.);
#174=FACE_OUTER_BOUND('',#281,.T.);
#175=FACE_OUTER_BOUND('',#282,.T.);
#176=FACE_OUTER_BOUND('',#283,.T.);
#177=FACE_OUTER_BOUND('',#284,.T.);
#178=FACE_OUTER_BOUND('',#286,.T.);
#179=FACE_OUTER_BOUND('',#287,.T.);
#180=FACE_OUTER_BOUND('',#288,.T.);
#181=FACE_OUTER_BOUND('',#289,.T.);
#182=FACE_OUTER_BOUND('',#290,.T.);
#183=FACE_OUTER_BOUND('',#291,.T.);
#184=FACE_OUTER_BOUND('',#292,.T.);
#185=FACE_OUTER_BOUND('',#293,.T.);
#186=FACE_OUTER_BOUND('',#294,.T.);
#187=FACE_OUTER_BOUND('',#295,.T.);
#188=FACE_OUTER_BOUND('',#296,.T.);
#189=FACE_OUTER_BOUND('',#297,.T.);
#190=FACE_OUTER_BOUND('',#298,.T.);
#191=FACE_OUTER_BOUND('',#299,.T.);
#192=FACE_OUTER_BOUND('',#300,.T.);
#193=FACE_OUTER_BOUND('',#301,.T.);
#194=FACE_OUTER_BOUND('',#302,.T.);
#195=FACE_OUTER_BOUND('',#303,.T.);
#196=FACE_OUTER_BOUND('',#304,.T.);
#197=FACE_OUTER_BOUND('',#305,.T.);
#198=FACE_OUTER_BOUND('',#306,.T.);
#199=FACE_OUTER_BOUND('',#307,.T.);
#200=FACE_OUTER_BOUND('',#308,.T.);
#201=EDGE_LOOP('',(#1227,#1228,#1229,#1230,#1231,#1232));
#202=EDGE_LOOP('',(#1233,#1234,#1235,#1236));
#203=EDGE_LOOP('',(#1237,#1238,#1239,#1240));
#204=EDGE_LOOP('',(#1241,#1242,#1243,#1244));
#205=EDGE_LOOP('',(#1245,#1246,#1247,#1248,#1249,#1250));
#206=EDGE_LOOP('',(#1251,#1252,#1253,#1254));
#207=EDGE_LOOP('',(#1255,#1256,#1257,#1258));
#208=EDGE_LOOP('',(#1259,#1260,#1261,#1262,#1263,#1264,#1265,#1266,#1267,
#1268,#1269,#1270,#1271,#1272,#1273,#1274));
#209=EDGE_LOOP('',(#1275,#1276,#1277,#1278,#1279,#1280,#1281,#1282,#1283,
#1284,#1285,#1286));
#210=EDGE_LOOP('',(#1287,#1288,#1289,#1290,#1291,#1292));
#211=EDGE_LOOP('',(#1293,#1294,#1295,#1296,#1297,#1298));
#212=EDGE_LOOP('',(#1299,#1300,#1301,#1302));
#213=EDGE_LOOP('',(#1303,#1304,#1305,#1306));
#214=EDGE_LOOP('',(#1307,#1308,#1309,#1310));
#215=EDGE_LOOP('',(#1311,#1312,#1313,#1314));
#216=EDGE_LOOP('',(#1315,#1316,#1317,#1318,#1319,#1320,#1321,#1322,#1323,
#1324,#1325,#1326,#1327,#1328,#1329,#1330));
#217=EDGE_LOOP('',(#1331,#1332,#1333,#1334));
#218=EDGE_LOOP('',(#1335,#1336,#1337,#1338));
#219=EDGE_LOOP('',(#1339,#1340,#1341,#1342));
#220=EDGE_LOOP('',(#1343,#1344,#1345,#1346));
#221=EDGE_LOOP('',(#1347,#1348,#1349,#1350));
#222=EDGE_LOOP('',(#1351,#1352,#1353,#1354));
#223=EDGE_LOOP('',(#1355,#1356,#1357,#1358));
#224=EDGE_LOOP('',(#1359,#1360,#1361,#1362));
#225=EDGE_LOOP('',(#1363,#1364,#1365,#1366,#1367,#1368,#1369,#1370,#1371,
#1372,#1373,#1374,#1375,#1376,#1377,#1378));
#226=EDGE_LOOP('',(#1379,#1380,#1381,#1382));
#227=EDGE_LOOP('',(#1383,#1384,#1385,#1386));
#228=EDGE_LOOP('',(#1387,#1388,#1389,#1390,#1391,#1392,#1393,#1394));
#229=EDGE_LOOP('',(#1395,#1396,#1397,#1398,#1399,#1400,#1401,#1402,#1403,
#1404,#1405,#1406));
#230=EDGE_LOOP('',(#1407,#1408,#1409,#1410));
#231=EDGE_LOOP('',(#1411,#1412,#1413,#1414));
#232=EDGE_LOOP('',(#1415,#1416,#1417,#1418));
#233=EDGE_LOOP('',(#1419,#1420,#1421,#1422));
#234=EDGE_LOOP('',(#1423,#1424,#1425,#1426));
#235=EDGE_LOOP('',(#1427,#1428,#1429,#1430));
#236=EDGE_LOOP('',(#1431,#1432,#1433,#1434));
#237=EDGE_LOOP('',(#1435,#1436,#1437,#1438));
#238=EDGE_LOOP('',(#1439,#1440,#1441,#1442));
#239=EDGE_LOOP('',(#1443,#1444,#1445,#1446,#1447,#1448,#1449,#1450,#1451,
#1452,#1453,#1454,#1455,#1456,#1457,#1458));
#240=EDGE_LOOP('',(#1459,#1460,#1461,#1462));
#241=EDGE_LOOP('',(#1463,#1464,#1465,#1466));
#242=EDGE_LOOP('',(#1467,#1468,#1469,#1470));
#243=EDGE_LOOP('',(#1471,#1472,#1473,#1474));
#244=EDGE_LOOP('',(#1475,#1476,#1477,#1478));
#245=EDGE_LOOP('',(#1479,#1480,#1481,#1482));
#246=EDGE_LOOP('',(#1483,#1484,#1485,#1486));
#247=EDGE_LOOP('',(#1487,#1488,#1489,#1490));
#248=EDGE_LOOP('',(#1491,#1492,#1493,#1494));
#249=EDGE_LOOP('',(#1495,#1496,#1497,#1498,#1499,#1500,#1501,#1502,#1503,
#1504,#1505,#1506,#1507,#1508,#1509,#1510));
#250=EDGE_LOOP('',(#1511,#1512,#1513,#1514));
#251=EDGE_LOOP('',(#1515,#1516,#1517,#1518));
#252=EDGE_LOOP('',(#1519,#1520,#1521,#1522,#1523));
#253=EDGE_LOOP('',(#1524,#1525,#1526,#1527));
#254=EDGE_LOOP('',(#1528,#1529,#1530,#1531,#1532));
#255=EDGE_LOOP('',(#1533,#1534,#1535,#1536,#1537,#1538));
#256=EDGE_LOOP('',(#1539,#1540,#1541,#1542));
#257=EDGE_LOOP('',(#1543,#1544,#1545,#1546,#1547,#1548,#1549,#1550));
#258=EDGE_LOOP('',(#1551,#1552,#1553,#1554));
#259=EDGE_LOOP('',(#1555,#1556,#1557,#1558));
#260=EDGE_LOOP('',(#1559,#1560,#1561,#1562));
#261=EDGE_LOOP('',(#1563,#1564,#1565,#1566));
#262=EDGE_LOOP('',(#1567,#1568,#1569,#1570));
#263=EDGE_LOOP('',(#1571,#1572,#1573,#1574));
#264=EDGE_LOOP('',(#1575,#1576,#1577,#1578));
#265=EDGE_LOOP('',(#1579,#1580,#1581,#1582));
#266=EDGE_LOOP('',(#1583,#1584,#1585,#1586));
#267=EDGE_LOOP('',(#1587,#1588,#1589,#1590));
#268=EDGE_LOOP('',(#1591,#1592,#1593,#1594));
#269=EDGE_LOOP('',(#1595,#1596,#1597,#1598));
#270=EDGE_LOOP('',(#1599,#1600,#1601,#1602));
#271=EDGE_LOOP('',(#1603,#1604,#1605,#1606));
#272=EDGE_LOOP('',(#1607,#1608,#1609,#1610));
#273=EDGE_LOOP('',(#1611,#1612,#1613,#1614));
#274=EDGE_LOOP('',(#1615,#1616,#1617,#1618));
#275=EDGE_LOOP('',(#1619,#1620,#1621,#1622));
#276=EDGE_LOOP('',(#1623,#1624,#1625,#1626));
#277=EDGE_LOOP('',(#1627,#1628,#1629,#1630,#1631,#1632,#1633,#1634,#1635,
#1636));
#278=EDGE_LOOP('',(#1637,#1638,#1639,#1640,#1641,#1642,#1643,#1644,#1645,
#1646));
#279=EDGE_LOOP('',(#1647,#1648,#1649,#1650));
#280=EDGE_LOOP('',(#1651,#1652,#1653,#1654));
#281=EDGE_LOOP('',(#1655,#1656,#1657,#1658));
#282=EDGE_LOOP('',(#1659,#1660,#1661,#1662));
#283=EDGE_LOOP('',(#1663,#1664,#1665,#1666));
#284=EDGE_LOOP('',(#1667,#1668,#1669,#1670,#1671,#1672));
#285=EDGE_LOOP('',(#1673,#1674,#1675,#1676));
#286=EDGE_LOOP('',(#1677,#1678,#1679,#1680));
#287=EDGE_LOOP('',(#1681,#1682,#1683,#1684));
#288=EDGE_LOOP('',(#1685,#1686,#1687,#1688));
#289=EDGE_LOOP('',(#1689,#1690,#1691,#1692));
#290=EDGE_LOOP('',(#1693,#1694,#1695,#1696));
#291=EDGE_LOOP('',(#1697,#1698,#1699,#1700));
#292=EDGE_LOOP('',(#1701,#1702,#1703,#1704));
#293=EDGE_LOOP('',(#1705,#1706,#1707,#1708));
#294=EDGE_LOOP('',(#1709,#1710,#1711,#1712));
#295=EDGE_LOOP('',(#1713,#1714,#1715,#1716));
#296=EDGE_LOOP('',(#1717,#1718,#1719,#1720));
#297=EDGE_LOOP('',(#1721,#1722,#1723,#1724));
#298=EDGE_LOOP('',(#1725,#1726,#1727,#1728));
#299=EDGE_LOOP('',(#1729,#1730,#1731,#1732));
#300=EDGE_LOOP('',(#1733,#1734,#1735,#1736));
#301=EDGE_LOOP('',(#1737,#1738,#1739,#1740));
#302=EDGE_LOOP('',(#1741,#1742,#1743,#1744));
#303=EDGE_LOOP('',(#1745,#1746,#1747,#1748));
#304=EDGE_LOOP('',(#1749,#1750,#1751,#1752));
#305=EDGE_LOOP('',(#1753,#1754,#1755,#1756));
#306=EDGE_LOOP('',(#1757,#1758,#1759,#1760));
#307=EDGE_LOOP('',(#1761,#1762,#1763,#1764,#1765,#1766,#1767,#1768,#1769,
#1770,#1771,#1772,#1773,#1774,#1775));
#308=EDGE_LOOP('',(#1776,#1777,#1778,#1779,#1780,#1781,#1782,#1783,#1784,
#1785,#1786,#1787,#1788,#1789,#1790));
#309=LINE('',#2719,#535);
#310=LINE('',#2721,#536);
#311=LINE('',#2723,#537);
#312=LINE('',#2725,#538);
#313=LINE('',#2727,#539);
#314=LINE('',#2728,#540);
#315=LINE('',#2731,#541);
#316=LINE('',#2733,#542);
#317=LINE('',#2734,#543);
#318=LINE('',#2737,#544);
#319=LINE('',#2738,#545);
#320=LINE('',#2741,#546);
#321=LINE('',#2742,#547);
#322=LINE('',#2746,#548);
#323=LINE('',#2748,#549);
#324=LINE('',#2750,#550);
#325=LINE('',#2752,#551);
#326=LINE('',#2754,#552);
#327=LINE('',#2755,#553);
#328=LINE('',#2758,#554);
#329=LINE('',#2761,#555);
#330=LINE('',#2764,#556);
#331=LINE('',#2768,#557);
#332=LINE('',#2770,#558);
#333=LINE('',#2772,#559);
#334=LINE('',#2774,#560);
#335=LINE('',#2776,#561);
#336=LINE('',#2778,#562);
#337=LINE('',#2780,#563);
#338=LINE('',#2781,#564);
#339=LINE('',#2783,#565);
#340=LINE('',#2785,#566);
#341=LINE('',#2787,#567);
#342=LINE('',#2788,#568);
#343=LINE('',#2793,#569);
#344=LINE('',#2797,#570);
#345=LINE('',#2801,#571);
#346=LINE('',#2805,#572);
#347=LINE('',#2807,#573);
#348=LINE('',#2809,#574);
#349=LINE('',#2810,#575);
#350=LINE('',#2813,#576);
#351=LINE('',#2815,#577);
#352=LINE('',#2817,#578);
#353=LINE('',#2819,#579);
#354=LINE('',#2821,#580);
#355=LINE('',#2822,#581);
#356=LINE('',#2825,#582);
#357=LINE('',#2829,#583);
#358=LINE('',#2831,#584);
#359=LINE('',#2833,#585);
#360=LINE('',#2837,#586);
#361=LINE('',#2838,#587);
#362=LINE('',#2840,#588);
#363=LINE('',#2844,#589);
#364=LINE('',#2846,#590);
#365=LINE('',#2848,#591);
#366=LINE('',#2849,#592);
#367=LINE('',#2851,#593);
#368=LINE('',#2852,#594);
#369=LINE('',#2861,#595);
#370=LINE('',#2866,#596);
#371=LINE('',#2868,#597);
#372=LINE('',#2874,#598);
#373=LINE('',#2879,#599);
#374=LINE('',#2882,#600);
#375=LINE('',#2884,#601);
#376=LINE('',#2885,#602);
#377=LINE('',#2888,#603);
#378=LINE('',#2892,#604);
#379=LINE('',#2893,#605);
#380=LINE('',#2896,#606);
#381=LINE('',#2897,#607);
#382=LINE('',#2900,#608);
#383=LINE('',#2901,#609);
#384=LINE('',#2904,#610);
#385=LINE('',#2905,#611);
#386=LINE('',#2910,#612);
#387=LINE('',#2911,#613);
#388=LINE('',#2916,#614);
#389=LINE('',#2921,#615);
#390=LINE('',#2925,#616);
#391=LINE('',#2931,#617);
#392=LINE('',#2935,#618);
#393=LINE('',#2938,#619);
#394=LINE('',#2941,#620);
#395=LINE('',#2943,#621);
#396=LINE('',#2944,#622);
#397=LINE('',#2947,#623);
#398=LINE('',#2951,#624);
#399=LINE('',#2957,#625);
#400=LINE('',#2961,#626);
#401=LINE('',#2963,#627);
#402=LINE('',#2965,#628);
#403=LINE('',#2969,#629);
#404=LINE('',#2973,#630);
#405=LINE('',#2975,#631);
#406=LINE('',#2976,#632);
#407=LINE('',#2980,#633);
#408=LINE('',#2982,#634);
#409=LINE('',#2986,#635);
#410=LINE('',#2989,#636);
#411=LINE('',#2990,#637);
#412=LINE('',#2994,#638);
#413=LINE('',#2997,#639);
#414=LINE('',#2998,#640);
#415=LINE('',#3000,#641);
#416=LINE('',#3004,#642);
#417=LINE('',#3009,#643);
#418=LINE('',#3010,#644);
#419=LINE('',#3012,#645);
#420=LINE('',#3018,#646);
#421=LINE('',#3022,#647);
#422=LINE('',#3025,#648);
#423=LINE('',#3028,#649);
#424=LINE('',#3031,#650);
#425=LINE('',#3035,#651);
#426=LINE('',#3037,#652);
#427=LINE('',#3038,#653);
#428=LINE('',#3046,#654);
#429=LINE('',#3047,#655);
#430=LINE('',#3051,#656);
#431=LINE('',#3052,#657);
#432=LINE('',#3057,#658);
#433=LINE('',#3058,#659);
#434=LINE('',#3061,#660);
#435=LINE('',#3062,#661);
#436=LINE('',#3065,#662);
#437=LINE('',#3066,#663);
#438=LINE('',#3069,#664);
#439=LINE('',#3070,#665);
#440=LINE('',#3073,#666);
#441=LINE('',#3075,#667);
#442=LINE('',#3076,#668);
#443=LINE('',#3079,#669);
#444=LINE('',#3081,#670);
#445=LINE('',#3083,#671);
#446=LINE('',#3085,#672);
#447=LINE('',#3086,#673);
#448=LINE('',#3087,#674);
#449=LINE('',#3090,#675);
#450=LINE('',#3091,#676);
#451=LINE('',#3092,#677);
#452=LINE('',#3094,#678);
#453=LINE('',#3097,#679);
#454=LINE('',#3098,#680);
#455=LINE('',#3101,#681);
#456=LINE('',#3105,#682);
#457=LINE('',#3106,#683);
#458=LINE('',#3109,#684);
#459=LINE('',#3112,#685);
#460=LINE('',#3115,#686);
#461=LINE('',#3119,#687);
#462=LINE('',#3120,#688);
#463=LINE('',#3123,#689);
#464=LINE('',#3126,#690);
#465=LINE('',#3128,#691);
#466=LINE('',#3130,#692);
#467=LINE('',#3131,#693);
#468=LINE('',#3134,#694);
#469=LINE('',#3137,#695);
#470=LINE('',#3144,#696);
#471=LINE('',#3147,#697);
#472=LINE('',#3150,#698);
#473=LINE('',#3151,#699);
#474=LINE('',#3154,#700);
#475=LINE('',#3155,#701);
#476=LINE('',#3160,#702);
#477=LINE('',#3161,#703);
#478=LINE('',#3164,#704);
#479=LINE('',#3165,#705);
#480=LINE('',#3169,#706);
#481=LINE('',#3171,#707);
#482=LINE('',#3174,#708);
#483=LINE('',#3175,#709);
#484=LINE('',#3178,#710);
#485=LINE('',#3182,#711);
#486=LINE('',#3185,#712);
#487=LINE('',#3187,#713);
#488=LINE('',#3190,#714);
#489=LINE('',#3192,#715);
#490=LINE('',#3197,#716);
#491=LINE('',#3199,#717);
#492=LINE('',#3201,#718);
#493=LINE('',#3202,#719);
#494=LINE('',#3205,#720);
#495=LINE('',#3207,#721);
#496=LINE('',#3208,#722);
#497=LINE('',#3211,#723);
#498=LINE('',#3213,#724);
#499=LINE('',#3214,#725);
#500=LINE('',#3217,#726);
#501=LINE('',#3219,#727);
#502=LINE('',#3220,#728);
#503=LINE('',#3223,#729);
#504=LINE('',#3225,#730);
#505=LINE('',#3226,#731);
#506=LINE('',#3229,#732);
#507=LINE('',#3231,#733);
#508=LINE('',#3232,#734);
#509=LINE('',#3235,#735);
#510=LINE('',#3237,#736);
#511=LINE('',#3238,#737);
#512=LINE('',#3241,#738);
#513=LINE('',#3243,#739);
#514=LINE('',#3244,#740);
#515=LINE('',#3247,#741);
#516=LINE('',#3249,#742);
#517=LINE('',#3250,#743);
#518=LINE('',#3253,#744);
#519=LINE('',#3255,#745);
#520=LINE('',#3256,#746);
#521=LINE('',#3259,#747);
#522=LINE('',#3261,#748);
#523=LINE('',#3262,#749);
#524=LINE('',#3265,#750);
#525=LINE('',#3267,#751);
#526=LINE('',#3268,#752);
#527=LINE('',#3271,#753);
#528=LINE('',#3273,#754);
#529=LINE('',#3274,#755);
#530=LINE('',#3277,#756);
#531=LINE('',#3279,#757);
#532=LINE('',#3280,#758);
#533=LINE('',#3282,#759);
#534=LINE('',#3283,#760);
#535=VECTOR('',#2168,10.);
#536=VECTOR('',#2169,10.);
#537=VECTOR('',#2170,10.);
#538=VECTOR('',#2171,10.);
#539=VECTOR('',#2172,10.);
#540=VECTOR('',#2173,10.);
#541=VECTOR('',#2176,10.);
#542=VECTOR('',#2177,10.);
#543=VECTOR('',#2178,10.);
#544=VECTOR('',#2181,10.);
#545=VECTOR('',#2182,10.);
#546=VECTOR('',#2185,10.);
#547=VECTOR('',#2186,10.);
#548=VECTOR('',#2189,10.);
#549=VECTOR('',#2190,10.);
#550=VECTOR('',#2191,10.);
#551=VECTOR('',#2192,10.);
#552=VECTOR('',#2193,10.);
#553=VECTOR('',#2194,10.);
#554=VECTOR('',#2197,10.);
#555=VECTOR('',#2200,10.);
#556=VECTOR('',#2203,10.);
#557=VECTOR('',#2208,10.);
#558=VECTOR('',#2209,10.);
#559=VECTOR('',#2210,10.);
#560=VECTOR('',#2211,10.);
#561=VECTOR('',#2212,10.);
#562=VECTOR('',#2213,10.);
#563=VECTOR('',#2214,10.);
#564=VECTOR('',#2215,10.);
#565=VECTOR('',#2216,10.);
#566=VECTOR('',#2217,10.);
#567=VECTOR('',#2218,10.);
#568=VECTOR('',#2219,10.);
#569=VECTOR('',#2224,10.);
#570=VECTOR('',#2227,10.);
#571=VECTOR('',#2230,10.);
#572=VECTOR('',#2233,10.);
#573=VECTOR('',#2234,10.);
#574=VECTOR('',#2235,10.);
#575=VECTOR('',#2236,10.);
#576=VECTOR('',#2237,10.);
#577=VECTOR('',#2238,10.);
#578=VECTOR('',#2239,10.);
#579=VECTOR('',#2240,10.);
#580=VECTOR('',#2241,10.);
#581=VECTOR('',#2242,10.);
#582=VECTOR('',#2243,10.);
#583=VECTOR('',#2246,10.);
#584=VECTOR('',#2247,10.);
#585=VECTOR('',#2248,10.);
#586=VECTOR('',#2253,10.);
#587=VECTOR('',#2254,10.);
#588=VECTOR('',#2257,10.);
#589=VECTOR('',#2260,10.);
#590=VECTOR('',#2261,10.);
#591=VECTOR('',#2262,10.);
#592=VECTOR('',#2263,10.);
#593=VECTOR('',#2266,10.);
#594=VECTOR('',#2267,10.);
#595=VECTOR('',#2276,10.);
#596=VECTOR('',#2281,10.);
#597=VECTOR('',#2282,10.);
#598=VECTOR('',#2287,10.);
#599=VECTOR('',#2292,10.);
#600=VECTOR('',#2295,10.);
#601=VECTOR('',#2296,10.);
#602=VECTOR('',#2297,10.);
#603=VECTOR('',#2300,10.);
#604=VECTOR('',#2305,10.);
#605=VECTOR('',#2306,10.);
#606=VECTOR('',#2309,10.);
#607=VECTOR('',#2310,10.);
#608=VECTOR('',#2313,10.);
#609=VECTOR('',#2314,10.);
#610=VECTOR('',#2317,10.);
#611=VECTOR('',#2318,10.);
#612=VECTOR('',#2325,10.);
#613=VECTOR('',#2326,10.);
#614=VECTOR('',#2331,10.);
#615=VECTOR('',#2336,10.);
#616=VECTOR('',#2339,10.);
#617=VECTOR('',#2344,10.);
#618=VECTOR('',#2349,10.);
#619=VECTOR('',#2352,10.);
#620=VECTOR('',#2355,10.);
#621=VECTOR('',#2356,10.);
#622=VECTOR('',#2357,10.);
#623=VECTOR('',#2360,10.);
#624=VECTOR('',#2363,10.);
#625=VECTOR('',#2368,10.);
#626=VECTOR('',#2371,10.);
#627=VECTOR('',#2372,10.);
#628=VECTOR('',#2373,10.);
#629=VECTOR('',#2376,10.);
#630=VECTOR('',#2379,10.);
#631=VECTOR('',#2380,10.);
#632=VECTOR('',#2381,10.);
#633=VECTOR('',#2388,10.);
#634=VECTOR('',#2391,10.);
#635=VECTOR('',#2396,10.);
#636=VECTOR('',#2399,10.);
#637=VECTOR('',#2400,10.);
#638=VECTOR('',#2405,10.);
#639=VECTOR('',#2408,10.);
#640=VECTOR('',#2409,10.);
#641=VECTOR('',#2412,10.);
#642=VECTOR('',#2417,10.);
#643=VECTOR('',#2422,10.);
#644=VECTOR('',#2423,10.);
#645=VECTOR('',#2424,10.);
#646=VECTOR('',#2429,10.);
#647=VECTOR('',#2434,10.);
#648=VECTOR('',#2437,10.);
#649=VECTOR('',#2440,10.);
#650=VECTOR('',#2443,10.);
#651=VECTOR('',#2448,10.);
#652=VECTOR('',#2449,10.);
#653=VECTOR('',#2450,10.);
#654=VECTOR('',#2463,10.);
#655=VECTOR('',#2464,10.);
#656=VECTOR('',#2471,10.);
#657=VECTOR('',#2472,10.);
#658=VECTOR('',#2479,10.);
#659=VECTOR('',#2480,10.);
#660=VECTOR('',#2483,10.);
#661=VECTOR('',#2484,10.);
#662=VECTOR('',#2487,10.);
#663=VECTOR('',#2488,10.);
#664=VECTOR('',#2491,10.);
#665=VECTOR('',#2492,10.);
#666=VECTOR('',#2495,10.);
#667=VECTOR('',#2496,10.);
#668=VECTOR('',#2497,10.);
#669=VECTOR('',#2500,10.);
#670=VECTOR('',#2501,10.);
#671=VECTOR('',#2502,10.);
#672=VECTOR('',#2503,10.);
#673=VECTOR('',#2504,10.);
#674=VECTOR('',#2505,10.);
#675=VECTOR('',#2508,10.);
#676=VECTOR('',#2509,10.);
#677=VECTOR('',#2510,10.);
#678=VECTOR('',#2513,10.);
#679=VECTOR('',#2516,10.);
#680=VECTOR('',#2517,10.);
#681=VECTOR('',#2520,10.);
#682=VECTOR('',#2525,10.);
#683=VECTOR('',#2526,10.);
#684=VECTOR('',#2529,10.);
#685=VECTOR('',#2534,10.);
#686=VECTOR('',#2537,10.);
#687=VECTOR('',#2542,10.);
#688=VECTOR('',#2543,10.);
#689=VECTOR('',#2546,10.);
#690=VECTOR('',#2551,10.);
#691=VECTOR('',#2554,10.);
#692=VECTOR('',#2557,10.);
#693=VECTOR('',#2558,10.);
#694=VECTOR('',#2563,10.);
#695=VECTOR('',#2568,10.);
#696=VECTOR('',#2575,10.);
#697=VECTOR('',#2578,10.);
#698=VECTOR('',#2581,10.);
#699=VECTOR('',#2582,10.);
#700=VECTOR('',#2585,10.);
#701=VECTOR('',#2586,10.);
#702=VECTOR('',#2591,10.);
#703=VECTOR('',#2592,10.);
#704=VECTOR('',#2595,10.);
#705=VECTOR('',#2596,10.);
#706=VECTOR('',#2601,10.);
#707=VECTOR('',#2604,10.);
#708=VECTOR('',#2607,10.);
#709=VECTOR('',#2608,10.);
#710=VECTOR('',#2611,10.);
#711=VECTOR('',#2614,10.);
#712=VECTOR('',#2619,10.);
#713=VECTOR('',#2622,10.);
#714=VECTOR('',#2627,10.);
#715=VECTOR('',#2630,10.);
#716=VECTOR('',#2635,10.);
#717=VECTOR('',#2636,10.);
#718=VECTOR('',#2637,10.);
#719=VECTOR('',#2638,10.);
#720=VECTOR('',#2641,10.);
#721=VECTOR('',#2642,10.);
#722=VECTOR('',#2643,10.);
#723=VECTOR('',#2646,10.);
#724=VECTOR('',#2647,10.);
#725=VECTOR('',#2648,10.);
#726=VECTOR('',#2651,10.);
#727=VECTOR('',#2652,10.);
#728=VECTOR('',#2653,10.);
#729=VECTOR('',#2656,10.);
#730=VECTOR('',#2657,10.);
#731=VECTOR('',#2658,10.);
#732=VECTOR('',#2661,10.);
#733=VECTOR('',#2662,10.);
#734=VECTOR('',#2663,10.);
#735=VECTOR('',#2666,10.);
#736=VECTOR('',#2667,10.);
#737=VECTOR('',#2668,10.);
#738=VECTOR('',#2671,10.);
#739=VECTOR('',#2672,10.);
#740=VECTOR('',#2673,10.);
#741=VECTOR('',#2676,10.);
#742=VECTOR('',#2677,10.);
#743=VECTOR('',#2678,10.);
#744=VECTOR('',#2681,10.);
#745=VECTOR('',#2682,10.);
#746=VECTOR('',#2683,10.);
#747=VECTOR('',#2686,10.);
#748=VECTOR('',#2687,10.);
#749=VECTOR('',#2688,10.);
#750=VECTOR('',#2691,10.);
#751=VECTOR('',#2692,10.);
#752=VECTOR('',#2693,10.);
#753=VECTOR('',#2696,10.);
#754=VECTOR('',#2697,10.);
#755=VECTOR('',#2698,10.);
#756=VECTOR('',#2701,10.);
#757=VECTOR('',#2702,10.);
#758=VECTOR('',#2703,10.);
#759=VECTOR('',#2706,10.);
#760=VECTOR('',#2707,10.);
#761=VERTEX_POINT('',#2717);
#762=VERTEX_POINT('',#2718);
#763=VERTEX_POINT('',#2720);
#764=VERTEX_POINT('',#2722);
#765=VERTEX_POINT('',#2724);
#766=VERTEX_POINT('',#2726);
#767=VERTEX_POINT('',#2730);
#768=VERTEX_POINT('',#2732);
#769=VERTEX_POINT('',#2736);
#770=VERTEX_POINT('',#2740);
#771=VERTEX_POINT('',#2744);
#772=VERTEX_POINT('',#2745);
#773=VERTEX_POINT('',#2747);
#774=VERTEX_POINT('',#2749);
#775=VERTEX_POINT('',#2751);
#776=VERTEX_POINT('',#2753);
#777=VERTEX_POINT('',#2757);
#778=VERTEX_POINT('',#2759);
#779=VERTEX_POINT('',#2763);
#780=VERTEX_POINT('',#2767);
#781=VERTEX_POINT('',#2769);
#782=VERTEX_POINT('',#2771);
#783=VERTEX_POINT('',#2773);
#784=VERTEX_POINT('',#2775);
#785=VERTEX_POINT('',#2777);
#786=VERTEX_POINT('',#2779);
#787=VERTEX_POINT('',#2782);
#788=VERTEX_POINT('',#2784);
#789=VERTEX_POINT('',#2786);
#790=VERTEX_POINT('',#2790);
#791=VERTEX_POINT('',#2792);
#792=VERTEX_POINT('',#2794);
#793=VERTEX_POINT('',#2796);
#794=VERTEX_POINT('',#2798);
#795=VERTEX_POINT('',#2800);
#796=VERTEX_POINT('',#2802);
#797=VERTEX_POINT('',#2804);
#798=VERTEX_POINT('',#2806);
#799=VERTEX_POINT('',#2808);
#800=VERTEX_POINT('',#2811);
#801=VERTEX_POINT('',#2812);
#802=VERTEX_POINT('',#2814);
#803=VERTEX_POINT('',#2816);
#804=VERTEX_POINT('',#2818);
#805=VERTEX_POINT('',#2820);
#806=VERTEX_POINT('',#2823);
#807=VERTEX_POINT('',#2824);
#808=VERTEX_POINT('',#2826);
#809=VERTEX_POINT('',#2828);
#810=VERTEX_POINT('',#2830);
#811=VERTEX_POINT('',#2832);
#812=VERTEX_POINT('',#2836);
#813=VERTEX_POINT('',#2842);
#814=VERTEX_POINT('',#2843);
#815=VERTEX_POINT('',#2845);
#816=VERTEX_POINT('',#2847);
#817=VERTEX_POINT('',#2854);
#818=VERTEX_POINT('',#2856);
#819=VERTEX_POINT('',#2858);
#820=VERTEX_POINT('',#2860);
#821=VERTEX_POINT('',#2862);
#822=VERTEX_POINT('',#2864);
#823=VERTEX_POINT('',#2867);
#824=VERTEX_POINT('',#2869);
#825=VERTEX_POINT('',#2871);
#826=VERTEX_POINT('',#2873);
#827=VERTEX_POINT('',#2875);
#828=VERTEX_POINT('',#2877);
#829=VERTEX_POINT('',#2881);
#830=VERTEX_POINT('',#2883);
#831=VERTEX_POINT('',#2887);
#832=VERTEX_POINT('',#2891);
#833=VERTEX_POINT('',#2895);
#834=VERTEX_POINT('',#2899);
#835=VERTEX_POINT('',#2903);
#836=VERTEX_POINT('',#2909);
#837=VERTEX_POINT('',#2913);
#838=VERTEX_POINT('',#2914);
#839=VERTEX_POINT('',#2917);
#840=VERTEX_POINT('',#2919);
#841=VERTEX_POINT('',#2922);
#842=VERTEX_POINT('',#2924);
#843=VERTEX_POINT('',#2926);
#844=VERTEX_POINT('',#2928);
#845=VERTEX_POINT('',#2930);
#846=VERTEX_POINT('',#2934);
#847=VERTEX_POINT('',#2936);
#848=VERTEX_POINT('',#2940);
#849=VERTEX_POINT('',#2942);
#850=VERTEX_POINT('',#2946);
#851=VERTEX_POINT('',#2948);
#852=VERTEX_POINT('',#2950);
#853=VERTEX_POINT('',#2953);
#854=VERTEX_POINT('',#2954);
#855=VERTEX_POINT('',#2956);
#856=VERTEX_POINT('',#2958);
#857=VERTEX_POINT('',#2960);
#858=VERTEX_POINT('',#2962);
#859=VERTEX_POINT('',#2964);
#860=VERTEX_POINT('',#2966);
#861=VERTEX_POINT('',#2968);
#862=VERTEX_POINT('',#2970);
#863=VERTEX_POINT('',#2972);
#864=VERTEX_POINT('',#2974);
#865=VERTEX_POINT('',#2984);
#866=VERTEX_POINT('',#2988);
#867=VERTEX_POINT('',#2992);
#868=VERTEX_POINT('',#2996);
#869=VERTEX_POINT('',#3002);
#870=VERTEX_POINT('',#3006);
#871=VERTEX_POINT('',#3007);
#872=VERTEX_POINT('',#3011);
#873=VERTEX_POINT('',#3013);
#874=VERTEX_POINT('',#3015);
#875=VERTEX_POINT('',#3017);
#876=VERTEX_POINT('',#3021);
#877=VERTEX_POINT('',#3023);
#878=VERTEX_POINT('',#3027);
#879=VERTEX_POINT('',#3029);
#880=VERTEX_POINT('',#3034);
#881=VERTEX_POINT('',#3036);
#882=VERTEX_POINT('',#3045);
#883=VERTEX_POINT('',#3056);
#884=VERTEX_POINT('',#3060);
#885=VERTEX_POINT('',#3064);
#886=VERTEX_POINT('',#3068);
#887=VERTEX_POINT('',#3072);
#888=VERTEX_POINT('',#3074);
#889=VERTEX_POINT('',#3078);
#890=VERTEX_POINT('',#3080);
#891=VERTEX_POINT('',#3082);
#892=VERTEX_POINT('',#3084);
#893=VERTEX_POINT('',#3089);
#894=VERTEX_POINT('',#3096);
#895=VERTEX_POINT('',#3100);
#896=VERTEX_POINT('',#3104);
#897=VERTEX_POINT('',#3108);
#898=VERTEX_POINT('',#3114);
#899=VERTEX_POINT('',#3118);
#900=VERTEX_POINT('',#3122);
#901=VERTEX_POINT('',#3140);
#902=VERTEX_POINT('',#3141);
#903=VERTEX_POINT('',#3143);
#904=VERTEX_POINT('',#3145);
#905=VERTEX_POINT('',#3149);
#906=VERTEX_POINT('',#3153);
#907=VERTEX_POINT('',#3157);
#908=VERTEX_POINT('',#3158);
#909=VERTEX_POINT('',#3163);
#910=VERTEX_POINT('',#3167);
#911=VERTEX_POINT('',#3173);
#912=VERTEX_POINT('',#3177);
#913=VERTEX_POINT('',#3179);
#914=VERTEX_POINT('',#3181);
#915=VERTEX_POINT('',#3195);
#916=VERTEX_POINT('',#3196);
#917=VERTEX_POINT('',#3198);
#918=VERTEX_POINT('',#3200);
#919=VERTEX_POINT('',#3204);
#920=VERTEX_POINT('',#3206);
#921=VERTEX_POINT('',#3210);
#922=VERTEX_POINT('',#3212);
#923=VERTEX_POINT('',#3216);
#924=VERTEX_POINT('',#3218);
#925=VERTEX_POINT('',#3222);
#926=VERTEX_POINT('',#3224);
#927=VERTEX_POINT('',#3228);
#928=VERTEX_POINT('',#3230);
#929=VERTEX_POINT('',#3234);
#930=VERTEX_POINT('',#3236);
#931=VERTEX_POINT('',#3240);
#932=VERTEX_POINT('',#3242);
#933=VERTEX_POINT('',#3246);
#934=VERTEX_POINT('',#3248);
#935=VERTEX_POINT('',#3252);
#936=VERTEX_POINT('',#3254);
#937=VERTEX_POINT('',#3258);
#938=VERTEX_POINT('',#3260);
#939=VERTEX_POINT('',#3264);
#940=VERTEX_POINT('',#3266);
#941=VERTEX_POINT('',#3270);
#942=VERTEX_POINT('',#3272);
#943=VERTEX_POINT('',#3276);
#944=VERTEX_POINT('',#3278);
#945=EDGE_CURVE('',#761,#762,#309,.T.);
#946=EDGE_CURVE('',#761,#763,#310,.T.);
#947=EDGE_CURVE('',#764,#763,#311,.T.);
#948=EDGE_CURVE('',#765,#764,#312,.T.);
#949=EDGE_CURVE('',#766,#765,#313,.T.);
#950=EDGE_CURVE('',#762,#766,#314,.T.);
#951=EDGE_CURVE('',#761,#767,#315,.T.);
#952=EDGE_CURVE('',#768,#767,#316,.T.);
#953=EDGE_CURVE('',#763,#768,#317,.T.);
#954=EDGE_CURVE('',#762,#769,#318,.T.);
#955=EDGE_CURVE('',#767,#769,#319,.T.);
#956=EDGE_CURVE('',#766,#770,#320,.T.);
#957=EDGE_CURVE('',#769,#770,#321,.T.);
#958=EDGE_CURVE('',#771,#772,#322,.T.);
#959=EDGE_CURVE('',#771,#773,#323,.T.);
#960=EDGE_CURVE('',#774,#773,#324,.T.);
#961=EDGE_CURVE('',#775,#774,#325,.T.);
#962=EDGE_CURVE('',#775,#776,#326,.T.);
#963=EDGE_CURVE('',#772,#776,#327,.T.);
#964=EDGE_CURVE('',#777,#772,#328,.T.);
#965=EDGE_CURVE('',#778,#777,#81,.T.);
#966=EDGE_CURVE('',#778,#771,#329,.T.);
#967=EDGE_CURVE('',#779,#776,#330,.T.);
#968=EDGE_CURVE('',#777,#779,#41,.T.);
#969=EDGE_CURVE('',#765,#780,#331,.T.);
#970=EDGE_CURVE('',#780,#781,#332,.T.);
#971=EDGE_CURVE('',#782,#781,#333,.T.);
#972=EDGE_CURVE('',#782,#783,#334,.T.);
#973=EDGE_CURVE('',#783,#784,#335,.T.);
#974=EDGE_CURVE('',#785,#784,#336,.T.);
#975=EDGE_CURVE('',#786,#785,#337,.T.);
#976=EDGE_CURVE('',#779,#786,#338,.T.);
#977=EDGE_CURVE('',#787,#775,#339,.T.);
#978=EDGE_CURVE('',#788,#787,#340,.T.);
#979=EDGE_CURVE('',#788,#789,#341,.T.);
#980=EDGE_CURVE('',#789,#770,#342,.T.);
#981=EDGE_CURVE('',#790,#788,#42,.T.);
#982=EDGE_CURVE('',#790,#791,#343,.T.);
#983=EDGE_CURVE('',#792,#791,#43,.T.);
#984=EDGE_CURVE('',#793,#792,#344,.T.);
#985=EDGE_CURVE('',#794,#793,#44,.T.);
#986=EDGE_CURVE('',#794,#795,#345,.T.);
#987=EDGE_CURVE('',#796,#795,#45,.T.);
#988=EDGE_CURVE('',#796,#797,#346,.T.);
#989=EDGE_CURVE('',#798,#797,#347,.T.);
#990=EDGE_CURVE('',#798,#799,#348,.T.);
#991=EDGE_CURVE('',#789,#799,#349,.T.);
#992=EDGE_CURVE('',#800,#801,#350,.T.);
#993=EDGE_CURVE('',#801,#802,#351,.T.);
#994=EDGE_CURVE('',#802,#803,#352,.T.);
#995=EDGE_CURVE('',#803,#804,#353,.T.);
#996=EDGE_CURVE('',#804,#805,#354,.T.);
#997=EDGE_CURVE('',#800,#805,#355,.T.);
#998=EDGE_CURVE('',#806,#807,#356,.T.);
#999=EDGE_CURVE('',#807,#808,#46,.T.);
#1000=EDGE_CURVE('',#808,#809,#357,.T.);
#1001=EDGE_CURVE('',#809,#810,#358,.T.);
#1002=EDGE_CURVE('',#810,#811,#359,.T.);
#1003=EDGE_CURVE('',#811,#806,#47,.T.);
#1004=EDGE_CURVE('',#764,#812,#360,.T.);
#1005=EDGE_CURVE('',#780,#812,#361,.T.);
#1006=EDGE_CURVE('',#812,#768,#362,.T.);
#1007=EDGE_CURVE('',#813,#814,#363,.T.);
#1008=EDGE_CURVE('',#815,#813,#364,.T.);
#1009=EDGE_CURVE('',#816,#815,#365,.F.);
#1010=EDGE_CURVE('',#816,#814,#366,.T.);
#1011=EDGE_CURVE('',#813,#800,#367,.T.);
#1012=EDGE_CURVE('',#805,#815,#368,.F.);
#1013=EDGE_CURVE('',#817,#785,#48,.T.);
#1014=EDGE_CURVE('',#784,#818,#49,.T.);
#1015=EDGE_CURVE('',#818,#819,#82,.T.);
#1016=EDGE_CURVE('',#819,#820,#369,.T.);
#1017=EDGE_CURVE('',#820,#821,#83,.T.);
#1018=EDGE_CURVE('',#821,#822,#50,.T.);
#1019=EDGE_CURVE('',#796,#822,#370,.T.);
#1020=EDGE_CURVE('',#795,#823,#371,.T.);
#1021=EDGE_CURVE('',#823,#824,#51,.T.);
#1022=EDGE_CURVE('',#824,#825,#84,.T.);
#1023=EDGE_CURVE('',#825,#826,#372,.T.);
#1024=EDGE_CURVE('',#826,#827,#85,.T.);
#1025=EDGE_CURVE('',#827,#828,#52,.T.);
#1026=EDGE_CURVE('',#828,#817,#373,.T.);
#1027=EDGE_CURVE('',#825,#829,#374,.T.);
#1028=EDGE_CURVE('',#830,#829,#375,.T.);
#1029=EDGE_CURVE('',#830,#826,#376,.T.);
#1030=EDGE_CURVE('',#831,#824,#377,.T.);
#1031=EDGE_CURVE('',#829,#831,#86,.T.);
#1032=EDGE_CURVE('',#832,#794,#378,.T.);
#1033=EDGE_CURVE('',#832,#823,#379,.T.);
#1034=EDGE_CURVE('',#833,#783,#380,.T.);
#1035=EDGE_CURVE('',#818,#833,#381,.T.);
#1036=EDGE_CURVE('',#822,#834,#382,.T.);
#1037=EDGE_CURVE('',#834,#797,#383,.T.);
#1038=EDGE_CURVE('',#821,#835,#384,.T.);
#1039=EDGE_CURVE('',#834,#835,#385,.T.);
#1040=EDGE_CURVE('',#831,#832,#53,.T.);
#1041=EDGE_CURVE('',#836,#820,#386,.T.);
#1042=EDGE_CURVE('',#835,#836,#387,.T.);
#1043=EDGE_CURVE('',#837,#838,#54,.T.);
#1044=EDGE_CURVE('',#838,#790,#388,.T.);
#1045=EDGE_CURVE('',#787,#839,#55,.T.);
#1046=EDGE_CURVE('',#839,#840,#87,.T.);
#1047=EDGE_CURVE('',#840,#778,#389,.T.);
#1048=EDGE_CURVE('',#786,#841,#56,.T.);
#1049=EDGE_CURVE('',#842,#841,#390,.T.);
#1050=EDGE_CURVE('',#842,#843,#57,.T.);
#1051=EDGE_CURVE('',#843,#844,#88,.T.);
#1052=EDGE_CURVE('',#844,#845,#391,.T.);
#1053=EDGE_CURVE('',#845,#837,#89,.T.);
#1054=EDGE_CURVE('',#843,#846,#392,.T.);
#1055=EDGE_CURVE('',#847,#846,#90,.T.);
#1056=EDGE_CURVE('',#844,#847,#393,.T.);
#1057=EDGE_CURVE('',#841,#848,#394,.T.);
#1058=EDGE_CURVE('',#849,#848,#395,.T.);
#1059=EDGE_CURVE('',#849,#842,#396,.T.);
#1060=EDGE_CURVE('',#817,#850,#397,.T.);
#1061=EDGE_CURVE('',#851,#850,#58,.T.);
#1062=EDGE_CURVE('',#851,#852,#398,.T.);
#1063=EDGE_CURVE('',#848,#852,#59,.T.);
#1064=EDGE_CURVE('',#853,#854,#60,.T.);
#1065=EDGE_CURVE('',#855,#853,#399,.T.);
#1066=EDGE_CURVE('',#856,#855,#61,.T.);
#1067=EDGE_CURVE('',#857,#856,#400,.T.);
#1068=EDGE_CURVE('',#858,#857,#401,.T.);
#1069=EDGE_CURVE('',#859,#858,#402,.T.);
#1070=EDGE_CURVE('',#860,#859,#62,.T.);
#1071=EDGE_CURVE('',#861,#860,#403,.T.);
#1072=EDGE_CURVE('',#862,#861,#63,.T.);
#1073=EDGE_CURVE('',#863,#862,#404,.T.);
#1074=EDGE_CURVE('',#864,#863,#405,.T.);
#1075=EDGE_CURVE('',#854,#864,#406,.T.);
#1076=EDGE_CURVE('',#846,#849,#64,.T.);
#1077=EDGE_CURVE('',#839,#774,#407,.T.);
#1078=EDGE_CURVE('',#840,#773,#408,.T.);
#1079=EDGE_CURVE('',#865,#830,#91,.T.);
#1080=EDGE_CURVE('',#865,#827,#409,.T.);
#1081=EDGE_CURVE('',#866,#847,#410,.T.);
#1082=EDGE_CURVE('',#845,#866,#411,.T.);
#1083=EDGE_CURVE('',#867,#866,#92,.T.);
#1084=EDGE_CURVE('',#867,#837,#412,.T.);
#1085=EDGE_CURVE('',#819,#868,#413,.T.);
#1086=EDGE_CURVE('',#836,#868,#414,.T.);
#1087=EDGE_CURVE('',#868,#833,#415,.T.);
#1088=EDGE_CURVE('',#869,#865,#65,.T.);
#1089=EDGE_CURVE('',#869,#828,#416,.T.);
#1090=EDGE_CURVE('',#870,#871,#66,.T.);
#1091=EDGE_CURVE('',#871,#851,#417,.T.);
#1092=EDGE_CURVE('',#850,#869,#418,.T.);
#1093=EDGE_CURVE('',#872,#793,#419,.T.);
#1094=EDGE_CURVE('',#872,#873,#67,.T.);
#1095=EDGE_CURVE('',#873,#874,#93,.T.);
#1096=EDGE_CURVE('',#874,#875,#420,.T.);
#1097=EDGE_CURVE('',#875,#870,#94,.T.);
#1098=EDGE_CURVE('',#872,#876,#421,.T.);
#1099=EDGE_CURVE('',#877,#876,#68,.T.);
#1100=EDGE_CURVE('',#873,#877,#422,.T.);
#1101=EDGE_CURVE('',#878,#870,#423,.T.);
#1102=EDGE_CURVE('',#879,#878,#69,.T.);
#1103=EDGE_CURVE('',#879,#871,#424,.T.);
#1104=EDGE_CURVE('',#880,#874,#425,.T.);
#1105=EDGE_CURVE('',#881,#880,#426,.T.);
#1106=EDGE_CURVE('',#881,#875,#427,.T.);
#1107=EDGE_CURVE('',#880,#877,#95,.T.);
#1108=EDGE_CURVE('',#878,#881,#96,.T.);
#1109=EDGE_CURVE('',#882,#838,#428,.T.);
#1110=EDGE_CURVE('',#791,#882,#429,.T.);
#1111=EDGE_CURVE('',#882,#867,#70,.T.);
#1112=EDGE_CURVE('',#852,#879,#430,.T.);
#1113=EDGE_CURVE('',#792,#876,#431,.T.);
#1114=EDGE_CURVE('',#814,#883,#432,.T.);
#1115=EDGE_CURVE('',#883,#801,#433,.T.);
#1116=EDGE_CURVE('',#883,#884,#434,.T.);
#1117=EDGE_CURVE('',#802,#884,#435,.T.);
#1118=EDGE_CURVE('',#885,#816,#436,.T.);
#1119=EDGE_CURVE('',#885,#804,#437,.T.);
#1120=EDGE_CURVE('',#886,#885,#438,.T.);
#1121=EDGE_CURVE('',#884,#886,#439,.T.);
#1122=EDGE_CURVE('',#857,#887,#440,.F.);
#1123=EDGE_CURVE('',#887,#888,#441,.T.);
#1124=EDGE_CURVE('',#888,#858,#442,.F.);
#1125=EDGE_CURVE('',#809,#889,#443,.T.);
#1126=EDGE_CURVE('',#890,#889,#444,.T.);
#1127=EDGE_CURVE('',#891,#890,#445,.T.);
#1128=EDGE_CURVE('',#891,#892,#446,.T.);
#1129=EDGE_CURVE('',#888,#892,#447,.T.);
#1130=EDGE_CURVE('',#810,#887,#448,.T.);
#1131=EDGE_CURVE('',#862,#893,#449,.T.);
#1132=EDGE_CURVE('',#893,#890,#450,.T.);
#1133=EDGE_CURVE('',#890,#863,#451,.T.);
#1134=EDGE_CURVE('',#889,#864,#452,.T.);
#1135=EDGE_CURVE('',#889,#894,#453,.T.);
#1136=EDGE_CURVE('',#894,#854,#454,.T.);
#1137=EDGE_CURVE('',#895,#853,#455,.T.);
#1138=EDGE_CURVE('',#894,#895,#71,.T.);
#1139=EDGE_CURVE('',#896,#855,#456,.T.);
#1140=EDGE_CURVE('',#895,#896,#457,.T.);
#1141=EDGE_CURVE('',#897,#856,#458,.T.);
#1142=EDGE_CURVE('',#896,#897,#72,.T.);
#1143=EDGE_CURVE('',#897,#887,#459,.T.);
#1144=EDGE_CURVE('',#861,#898,#460,.T.);
#1145=EDGE_CURVE('',#898,#893,#73,.T.);
#1146=EDGE_CURVE('',#860,#899,#461,.T.);
#1147=EDGE_CURVE('',#899,#898,#462,.T.);
#1148=EDGE_CURVE('',#859,#900,#463,.T.);
#1149=EDGE_CURVE('',#900,#899,#74,.T.);
#1150=EDGE_CURVE('',#888,#900,#464,.T.);
#1151=EDGE_CURVE('',#811,#897,#465,.T.);
#1152=EDGE_CURVE('',#806,#896,#466,.T.);
#1153=EDGE_CURVE('',#807,#895,#467,.T.);
#1154=EDGE_CURVE('',#808,#894,#468,.T.);
#1155=EDGE_CURVE('',#886,#803,#469,.T.);
#1156=EDGE_CURVE('',#901,#902,#75,.T.);
#1157=EDGE_CURVE('',#902,#903,#470,.T.);
#1158=EDGE_CURVE('',#903,#904,#76,.T.);
#1159=EDGE_CURVE('',#904,#901,#471,.T.);
#1160=EDGE_CURVE('',#799,#905,#472,.T.);
#1161=EDGE_CURVE('',#781,#905,#473,.F.);
#1162=EDGE_CURVE('',#906,#782,#474,.F.);
#1163=EDGE_CURVE('',#906,#798,#475,.T.);
#1164=EDGE_CURVE('',#907,#908,#77,.T.);
#1165=EDGE_CURVE('',#908,#904,#476,.T.);
#1166=EDGE_CURVE('',#907,#903,#477,.T.);
#1167=EDGE_CURVE('',#908,#909,#478,.T.);
#1168=EDGE_CURVE('',#909,#901,#479,.T.);
#1169=EDGE_CURVE('',#909,#910,#78,.T.);
#1170=EDGE_CURVE('',#910,#902,#480,.T.);
#1171=EDGE_CURVE('',#910,#907,#481,.T.);
#1172=EDGE_CURVE('',#900,#911,#482,.T.);
#1173=EDGE_CURVE('',#911,#892,#483,.T.);
#1174=EDGE_CURVE('',#891,#912,#484,.T.);
#1175=EDGE_CURVE('',#913,#912,#79,.T.);
#1176=EDGE_CURVE('',#914,#913,#485,.T.);
#1177=EDGE_CURVE('',#911,#914,#80,.T.);
#1178=EDGE_CURVE('',#893,#912,#486,.T.);
#1179=EDGE_CURVE('',#905,#906,#487,.T.);
#1180=EDGE_CURVE('',#898,#913,#488,.T.);
#1181=EDGE_CURVE('',#899,#914,#489,.T.);
#1182=EDGE_CURVE('',#915,#916,#490,.T.);
#1183=EDGE_CURVE('',#915,#917,#491,.T.);
#1184=EDGE_CURVE('',#918,#917,#492,.T.);
#1185=EDGE_CURVE('',#916,#918,#493,.T.);
#1186=EDGE_CURVE('',#916,#919,#494,.T.);
#1187=EDGE_CURVE('',#920,#918,#495,.T.);
#1188=EDGE_CURVE('',#919,#920,#496,.T.);
#1189=EDGE_CURVE('',#919,#921,#497,.T.);
#1190=EDGE_CURVE('',#922,#920,#498,.T.);
#1191=EDGE_CURVE('',#921,#922,#499,.T.);
#1192=EDGE_CURVE('',#921,#923,#500,.T.);
#1193=EDGE_CURVE('',#924,#922,#501,.T.);
#1194=EDGE_CURVE('',#923,#924,#502,.T.);
#1195=EDGE_CURVE('',#923,#925,#503,.T.);
#1196=EDGE_CURVE('',#926,#924,#504,.T.);
#1197=EDGE_CURVE('',#925,#926,#505,.T.);
#1198=EDGE_CURVE('',#925,#927,#506,.T.);
#1199=EDGE_CURVE('',#928,#926,#507,.T.);
#1200=EDGE_CURVE('',#927,#928,#508,.T.);
#1201=EDGE_CURVE('',#927,#929,#509,.T.);
#1202=EDGE_CURVE('',#930,#928,#510,.T.);
#1203=EDGE_CURVE('',#929,#930,#511,.T.);
#1204=EDGE_CURVE('',#929,#931,#512,.T.);
#1205=EDGE_CURVE('',#932,#930,#513,.T.);
#1206=EDGE_CURVE('',#931,#932,#514,.T.);
#1207=EDGE_CURVE('',#931,#933,#515,.T.);
#1208=EDGE_CURVE('',#934,#932,#516,.T.);
#1209=EDGE_CURVE('',#933,#934,#517,.T.);
#1210=EDGE_CURVE('',#933,#935,#518,.T.);
#1211=EDGE_CURVE('',#936,#934,#519,.T.);
#1212=EDGE_CURVE('',#935,#936,#520,.T.);
#1213=EDGE_CURVE('',#935,#937,#521,.T.);
#1214=EDGE_CURVE('',#938,#936,#522,.T.);
#1215=EDGE_CURVE('',#937,#938,#523,.T.);
#1216=EDGE_CURVE('',#937,#939,#524,.T.);
#1217=EDGE_CURVE('',#940,#938,#525,.T.);
#1218=EDGE_CURVE('',#939,#940,#526,.T.);
#1219=EDGE_CURVE('',#939,#941,#527,.T.);
#1220=EDGE_CURVE('',#942,#940,#528,.T.);
#1221=EDGE_CURVE('',#941,#942,#529,.T.);
#1222=EDGE_CURVE('',#941,#943,#530,.T.);
#1223=EDGE_CURVE('',#944,#942,#531,.T.);
#1224=EDGE_CURVE('',#943,#944,#532,.T.);
#1225=EDGE_CURVE('',#943,#915,#533,.T.);
#1226=EDGE_CURVE('',#917,#944,#534,.T.);
#1227=ORIENTED_EDGE('',*,*,#945,.F.);
#1228=ORIENTED_EDGE('',*,*,#946,.T.);
#1229=ORIENTED_EDGE('',*,*,#947,.F.);
#1230=ORIENTED_EDGE('',*,*,#948,.F.);
#1231=ORIENTED_EDGE('',*,*,#949,.F.);
#1232=ORIENTED_EDGE('',*,*,#950,.F.);
#1233=ORIENTED_EDGE('',*,*,#946,.F.);
#1234=ORIENTED_EDGE('',*,*,#951,.T.);
#1235=ORIENTED_EDGE('',*,*,#952,.F.);
#1236=ORIENTED_EDGE('',*,*,#953,.F.);
#1237=ORIENTED_EDGE('',*,*,#945,.T.);
#1238=ORIENTED_EDGE('',*,*,#954,.T.);
#1239=ORIENTED_EDGE('',*,*,#955,.F.);
#1240=ORIENTED_EDGE('',*,*,#951,.F.);
#1241=ORIENTED_EDGE('',*,*,#950,.T.);
#1242=ORIENTED_EDGE('',*,*,#956,.T.);
#1243=ORIENTED_EDGE('',*,*,#957,.F.);
#1244=ORIENTED_EDGE('',*,*,#954,.F.);
#1245=ORIENTED_EDGE('',*,*,#958,.F.);
#1246=ORIENTED_EDGE('',*,*,#959,.T.);
#1247=ORIENTED_EDGE('',*,*,#960,.F.);
#1248=ORIENTED_EDGE('',*,*,#961,.F.);
#1249=ORIENTED_EDGE('',*,*,#962,.T.);
#1250=ORIENTED_EDGE('',*,*,#963,.F.);
#1251=ORIENTED_EDGE('',*,*,#958,.T.);
#1252=ORIENTED_EDGE('',*,*,#964,.F.);
#1253=ORIENTED_EDGE('',*,*,#965,.F.);
#1254=ORIENTED_EDGE('',*,*,#966,.T.);
#1255=ORIENTED_EDGE('',*,*,#963,.T.);
#1256=ORIENTED_EDGE('',*,*,#967,.F.);
#1257=ORIENTED_EDGE('',*,*,#968,.F.);
#1258=ORIENTED_EDGE('',*,*,#964,.T.);
#1259=ORIENTED_EDGE('',*,*,#969,.T.);
#1260=ORIENTED_EDGE('',*,*,#970,.T.);
#1261=ORIENTED_EDGE('',*,*,#971,.F.);
#1262=ORIENTED_EDGE('',*,*,#972,.T.);
#1263=ORIENTED_EDGE('',*,*,#973,.T.);
#1264=ORIENTED_EDGE('',*,*,#974,.F.);
#1265=ORIENTED_EDGE('',*,*,#975,.F.);
#1266=ORIENTED_EDGE('',*,*,#976,.F.);
#1267=ORIENTED_EDGE('',*,*,#967,.T.);
#1268=ORIENTED_EDGE('',*,*,#962,.F.);
#1269=ORIENTED_EDGE('',*,*,#977,.F.);
#1270=ORIENTED_EDGE('',*,*,#978,.F.);
#1271=ORIENTED_EDGE('',*,*,#979,.T.);
#1272=ORIENTED_EDGE('',*,*,#980,.T.);
#1273=ORIENTED_EDGE('',*,*,#956,.F.);
#1274=ORIENTED_EDGE('',*,*,#949,.T.);
#1275=ORIENTED_EDGE('',*,*,#979,.F.);
#1276=ORIENTED_EDGE('',*,*,#981,.F.);
#1277=ORIENTED_EDGE('',*,*,#982,.T.);
#1278=ORIENTED_EDGE('',*,*,#983,.F.);
#1279=ORIENTED_EDGE('',*,*,#984,.F.);
#1280=ORIENTED_EDGE('',*,*,#985,.F.);
#1281=ORIENTED_EDGE('',*,*,#986,.T.);
#1282=ORIENTED_EDGE('',*,*,#987,.F.);
#1283=ORIENTED_EDGE('',*,*,#988,.T.);
#1284=ORIENTED_EDGE('',*,*,#989,.F.);
#1285=ORIENTED_EDGE('',*,*,#990,.T.);
#1286=ORIENTED_EDGE('',*,*,#991,.F.);
#1287=ORIENTED_EDGE('',*,*,#992,.T.);
#1288=ORIENTED_EDGE('',*,*,#993,.T.);
#1289=ORIENTED_EDGE('',*,*,#994,.T.);
#1290=ORIENTED_EDGE('',*,*,#995,.T.);
#1291=ORIENTED_EDGE('',*,*,#996,.T.);
#1292=ORIENTED_EDGE('',*,*,#997,.F.);
#1293=ORIENTED_EDGE('',*,*,#998,.T.);
#1294=ORIENTED_EDGE('',*,*,#999,.T.);
#1295=ORIENTED_EDGE('',*,*,#1000,.T.);
#1296=ORIENTED_EDGE('',*,*,#1001,.T.);
#1297=ORIENTED_EDGE('',*,*,#1002,.T.);
#1298=ORIENTED_EDGE('',*,*,#1003,.T.);
#1299=ORIENTED_EDGE('',*,*,#948,.T.);
#1300=ORIENTED_EDGE('',*,*,#1004,.T.);
#1301=ORIENTED_EDGE('',*,*,#1005,.F.);
#1302=ORIENTED_EDGE('',*,*,#969,.F.);
#1303=ORIENTED_EDGE('',*,*,#947,.T.);
#1304=ORIENTED_EDGE('',*,*,#953,.T.);
#1305=ORIENTED_EDGE('',*,*,#1006,.F.);
#1306=ORIENTED_EDGE('',*,*,#1004,.F.);
#1307=ORIENTED_EDGE('',*,*,#1007,.F.);
#1308=ORIENTED_EDGE('',*,*,#1008,.F.);
#1309=ORIENTED_EDGE('',*,*,#1009,.F.);
#1310=ORIENTED_EDGE('',*,*,#1010,.T.);
#1311=ORIENTED_EDGE('',*,*,#1011,.T.);
#1312=ORIENTED_EDGE('',*,*,#997,.T.);
#1313=ORIENTED_EDGE('',*,*,#1012,.T.);
#1314=ORIENTED_EDGE('',*,*,#1008,.T.);
#1315=ORIENTED_EDGE('',*,*,#1013,.T.);
#1316=ORIENTED_EDGE('',*,*,#974,.T.);
#1317=ORIENTED_EDGE('',*,*,#1014,.T.);
#1318=ORIENTED_EDGE('',*,*,#1015,.T.);
#1319=ORIENTED_EDGE('',*,*,#1016,.T.);
#1320=ORIENTED_EDGE('',*,*,#1017,.T.);
#1321=ORIENTED_EDGE('',*,*,#1018,.T.);
#1322=ORIENTED_EDGE('',*,*,#1019,.F.);
#1323=ORIENTED_EDGE('',*,*,#987,.T.);
#1324=ORIENTED_EDGE('',*,*,#1020,.T.);
#1325=ORIENTED_EDGE('',*,*,#1021,.T.);
#1326=ORIENTED_EDGE('',*,*,#1022,.T.);
#1327=ORIENTED_EDGE('',*,*,#1023,.T.);
#1328=ORIENTED_EDGE('',*,*,#1024,.T.);
#1329=ORIENTED_EDGE('',*,*,#1025,.T.);
#1330=ORIENTED_EDGE('',*,*,#1026,.T.);
#1331=ORIENTED_EDGE('',*,*,#1023,.F.);
#1332=ORIENTED_EDGE('',*,*,#1027,.T.);
#1333=ORIENTED_EDGE('',*,*,#1028,.F.);
#1334=ORIENTED_EDGE('',*,*,#1029,.T.);
#1335=ORIENTED_EDGE('',*,*,#1022,.F.);
#1336=ORIENTED_EDGE('',*,*,#1030,.F.);
#1337=ORIENTED_EDGE('',*,*,#1031,.F.);
#1338=ORIENTED_EDGE('',*,*,#1027,.F.);
#1339=ORIENTED_EDGE('',*,*,#1020,.F.);
#1340=ORIENTED_EDGE('',*,*,#986,.F.);
#1341=ORIENTED_EDGE('',*,*,#1032,.F.);
#1342=ORIENTED_EDGE('',*,*,#1033,.T.);
#1343=ORIENTED_EDGE('',*,*,#1014,.F.);
#1344=ORIENTED_EDGE('',*,*,#973,.F.);
#1345=ORIENTED_EDGE('',*,*,#1034,.F.);
#1346=ORIENTED_EDGE('',*,*,#1035,.F.);
#1347=ORIENTED_EDGE('',*,*,#1019,.T.);
#1348=ORIENTED_EDGE('',*,*,#1036,.T.);
#1349=ORIENTED_EDGE('',*,*,#1037,.T.);
#1350=ORIENTED_EDGE('',*,*,#988,.F.);
#1351=ORIENTED_EDGE('',*,*,#1018,.F.);
#1352=ORIENTED_EDGE('',*,*,#1038,.T.);
#1353=ORIENTED_EDGE('',*,*,#1039,.F.);
#1354=ORIENTED_EDGE('',*,*,#1036,.F.);
#1355=ORIENTED_EDGE('',*,*,#1021,.F.);
#1356=ORIENTED_EDGE('',*,*,#1033,.F.);
#1357=ORIENTED_EDGE('',*,*,#1040,.F.);
#1358=ORIENTED_EDGE('',*,*,#1030,.T.);
#1359=ORIENTED_EDGE('',*,*,#1017,.F.);
#1360=ORIENTED_EDGE('',*,*,#1041,.F.);
#1361=ORIENTED_EDGE('',*,*,#1042,.F.);
#1362=ORIENTED_EDGE('',*,*,#1038,.F.);
#1363=ORIENTED_EDGE('',*,*,#1043,.T.);
#1364=ORIENTED_EDGE('',*,*,#1044,.T.);
#1365=ORIENTED_EDGE('',*,*,#981,.T.);
#1366=ORIENTED_EDGE('',*,*,#978,.T.);
#1367=ORIENTED_EDGE('',*,*,#1045,.T.);
#1368=ORIENTED_EDGE('',*,*,#1046,.T.);
#1369=ORIENTED_EDGE('',*,*,#1047,.T.);
#1370=ORIENTED_EDGE('',*,*,#965,.T.);
#1371=ORIENTED_EDGE('',*,*,#968,.T.);
#1372=ORIENTED_EDGE('',*,*,#976,.T.);
#1373=ORIENTED_EDGE('',*,*,#1048,.T.);
#1374=ORIENTED_EDGE('',*,*,#1049,.F.);
#1375=ORIENTED_EDGE('',*,*,#1050,.T.);
#1376=ORIENTED_EDGE('',*,*,#1051,.T.);
#1377=ORIENTED_EDGE('',*,*,#1052,.T.);
#1378=ORIENTED_EDGE('',*,*,#1053,.T.);
#1379=ORIENTED_EDGE('',*,*,#1051,.F.);
#1380=ORIENTED_EDGE('',*,*,#1054,.T.);
#1381=ORIENTED_EDGE('',*,*,#1055,.F.);
#1382=ORIENTED_EDGE('',*,*,#1056,.F.);
#1383=ORIENTED_EDGE('',*,*,#1049,.T.);
#1384=ORIENTED_EDGE('',*,*,#1057,.T.);
#1385=ORIENTED_EDGE('',*,*,#1058,.F.);
#1386=ORIENTED_EDGE('',*,*,#1059,.T.);
#1387=ORIENTED_EDGE('',*,*,#1013,.F.);
#1388=ORIENTED_EDGE('',*,*,#1060,.T.);
#1389=ORIENTED_EDGE('',*,*,#1061,.F.);
#1390=ORIENTED_EDGE('',*,*,#1062,.T.);
#1391=ORIENTED_EDGE('',*,*,#1063,.F.);
#1392=ORIENTED_EDGE('',*,*,#1057,.F.);
#1393=ORIENTED_EDGE('',*,*,#1048,.F.);
#1394=ORIENTED_EDGE('',*,*,#975,.T.);
#1395=ORIENTED_EDGE('',*,*,#1064,.F.);
#1396=ORIENTED_EDGE('',*,*,#1065,.F.);
#1397=ORIENTED_EDGE('',*,*,#1066,.F.);
#1398=ORIENTED_EDGE('',*,*,#1067,.F.);
#1399=ORIENTED_EDGE('',*,*,#1068,.F.);
#1400=ORIENTED_EDGE('',*,*,#1069,.F.);
#1401=ORIENTED_EDGE('',*,*,#1070,.F.);
#1402=ORIENTED_EDGE('',*,*,#1071,.F.);
#1403=ORIENTED_EDGE('',*,*,#1072,.F.);
#1404=ORIENTED_EDGE('',*,*,#1073,.F.);
#1405=ORIENTED_EDGE('',*,*,#1074,.F.);
#1406=ORIENTED_EDGE('',*,*,#1075,.F.);
#1407=ORIENTED_EDGE('',*,*,#1050,.F.);
#1408=ORIENTED_EDGE('',*,*,#1059,.F.);
#1409=ORIENTED_EDGE('',*,*,#1076,.F.);
#1410=ORIENTED_EDGE('',*,*,#1054,.F.);
#1411=ORIENTED_EDGE('',*,*,#961,.T.);
#1412=ORIENTED_EDGE('',*,*,#1077,.F.);
#1413=ORIENTED_EDGE('',*,*,#1045,.F.);
#1414=ORIENTED_EDGE('',*,*,#977,.T.);
#1415=ORIENTED_EDGE('',*,*,#959,.F.);
#1416=ORIENTED_EDGE('',*,*,#966,.F.);
#1417=ORIENTED_EDGE('',*,*,#1047,.F.);
#1418=ORIENTED_EDGE('',*,*,#1078,.T.);
#1419=ORIENTED_EDGE('',*,*,#1024,.F.);
#1420=ORIENTED_EDGE('',*,*,#1029,.F.);
#1421=ORIENTED_EDGE('',*,*,#1079,.F.);
#1422=ORIENTED_EDGE('',*,*,#1080,.T.);
#1423=ORIENTED_EDGE('',*,*,#1052,.F.);
#1424=ORIENTED_EDGE('',*,*,#1056,.T.);
#1425=ORIENTED_EDGE('',*,*,#1081,.F.);
#1426=ORIENTED_EDGE('',*,*,#1082,.F.);
#1427=ORIENTED_EDGE('',*,*,#1053,.F.);
#1428=ORIENTED_EDGE('',*,*,#1082,.T.);
#1429=ORIENTED_EDGE('',*,*,#1083,.F.);
#1430=ORIENTED_EDGE('',*,*,#1084,.T.);
#1431=ORIENTED_EDGE('',*,*,#1016,.F.);
#1432=ORIENTED_EDGE('',*,*,#1085,.T.);
#1433=ORIENTED_EDGE('',*,*,#1086,.F.);
#1434=ORIENTED_EDGE('',*,*,#1041,.T.);
#1435=ORIENTED_EDGE('',*,*,#1015,.F.);
#1436=ORIENTED_EDGE('',*,*,#1035,.T.);
#1437=ORIENTED_EDGE('',*,*,#1087,.F.);
#1438=ORIENTED_EDGE('',*,*,#1085,.F.);
#1439=ORIENTED_EDGE('',*,*,#1025,.F.);
#1440=ORIENTED_EDGE('',*,*,#1080,.F.);
#1441=ORIENTED_EDGE('',*,*,#1088,.F.);
#1442=ORIENTED_EDGE('',*,*,#1089,.T.);
#1443=ORIENTED_EDGE('',*,*,#1090,.T.);
#1444=ORIENTED_EDGE('',*,*,#1091,.T.);
#1445=ORIENTED_EDGE('',*,*,#1061,.T.);
#1446=ORIENTED_EDGE('',*,*,#1092,.T.);
#1447=ORIENTED_EDGE('',*,*,#1088,.T.);
#1448=ORIENTED_EDGE('',*,*,#1079,.T.);
#1449=ORIENTED_EDGE('',*,*,#1028,.T.);
#1450=ORIENTED_EDGE('',*,*,#1031,.T.);
#1451=ORIENTED_EDGE('',*,*,#1040,.T.);
#1452=ORIENTED_EDGE('',*,*,#1032,.T.);
#1453=ORIENTED_EDGE('',*,*,#985,.T.);
#1454=ORIENTED_EDGE('',*,*,#1093,.F.);
#1455=ORIENTED_EDGE('',*,*,#1094,.T.);
#1456=ORIENTED_EDGE('',*,*,#1095,.T.);
#1457=ORIENTED_EDGE('',*,*,#1096,.T.);
#1458=ORIENTED_EDGE('',*,*,#1097,.T.);
#1459=ORIENTED_EDGE('',*,*,#1094,.F.);
#1460=ORIENTED_EDGE('',*,*,#1098,.T.);
#1461=ORIENTED_EDGE('',*,*,#1099,.F.);
#1462=ORIENTED_EDGE('',*,*,#1100,.F.);
#1463=ORIENTED_EDGE('',*,*,#1090,.F.);
#1464=ORIENTED_EDGE('',*,*,#1101,.F.);
#1465=ORIENTED_EDGE('',*,*,#1102,.F.);
#1466=ORIENTED_EDGE('',*,*,#1103,.T.);
#1467=ORIENTED_EDGE('',*,*,#1026,.F.);
#1468=ORIENTED_EDGE('',*,*,#1089,.F.);
#1469=ORIENTED_EDGE('',*,*,#1092,.F.);
#1470=ORIENTED_EDGE('',*,*,#1060,.F.);
#1471=ORIENTED_EDGE('',*,*,#1096,.F.);
#1472=ORIENTED_EDGE('',*,*,#1104,.F.);
#1473=ORIENTED_EDGE('',*,*,#1105,.F.);
#1474=ORIENTED_EDGE('',*,*,#1106,.T.);
#1475=ORIENTED_EDGE('',*,*,#1095,.F.);
#1476=ORIENTED_EDGE('',*,*,#1100,.T.);
#1477=ORIENTED_EDGE('',*,*,#1107,.F.);
#1478=ORIENTED_EDGE('',*,*,#1104,.T.);
#1479=ORIENTED_EDGE('',*,*,#1097,.F.);
#1480=ORIENTED_EDGE('',*,*,#1106,.F.);
#1481=ORIENTED_EDGE('',*,*,#1108,.F.);
#1482=ORIENTED_EDGE('',*,*,#1101,.T.);
#1483=ORIENTED_EDGE('',*,*,#960,.T.);
#1484=ORIENTED_EDGE('',*,*,#1078,.F.);
#1485=ORIENTED_EDGE('',*,*,#1046,.F.);
#1486=ORIENTED_EDGE('',*,*,#1077,.T.);
#1487=ORIENTED_EDGE('',*,*,#1044,.F.);
#1488=ORIENTED_EDGE('',*,*,#1109,.F.);
#1489=ORIENTED_EDGE('',*,*,#1110,.F.);
#1490=ORIENTED_EDGE('',*,*,#982,.F.);
#1491=ORIENTED_EDGE('',*,*,#1043,.F.);
#1492=ORIENTED_EDGE('',*,*,#1084,.F.);
#1493=ORIENTED_EDGE('',*,*,#1111,.F.);
#1494=ORIENTED_EDGE('',*,*,#1109,.T.);
#1495=ORIENTED_EDGE('',*,*,#1063,.T.);
#1496=ORIENTED_EDGE('',*,*,#1112,.T.);
#1497=ORIENTED_EDGE('',*,*,#1102,.T.);
#1498=ORIENTED_EDGE('',*,*,#1108,.T.);
#1499=ORIENTED_EDGE('',*,*,#1105,.T.);
#1500=ORIENTED_EDGE('',*,*,#1107,.T.);
#1501=ORIENTED_EDGE('',*,*,#1099,.T.);
#1502=ORIENTED_EDGE('',*,*,#1113,.F.);
#1503=ORIENTED_EDGE('',*,*,#983,.T.);
#1504=ORIENTED_EDGE('',*,*,#1110,.T.);
#1505=ORIENTED_EDGE('',*,*,#1111,.T.);
#1506=ORIENTED_EDGE('',*,*,#1083,.T.);
#1507=ORIENTED_EDGE('',*,*,#1081,.T.);
#1508=ORIENTED_EDGE('',*,*,#1055,.T.);
#1509=ORIENTED_EDGE('',*,*,#1076,.T.);
#1510=ORIENTED_EDGE('',*,*,#1058,.T.);
#1511=ORIENTED_EDGE('',*,*,#1093,.T.);
#1512=ORIENTED_EDGE('',*,*,#984,.T.);
#1513=ORIENTED_EDGE('',*,*,#1113,.T.);
#1514=ORIENTED_EDGE('',*,*,#1098,.F.);
#1515=ORIENTED_EDGE('',*,*,#1091,.F.);
#1516=ORIENTED_EDGE('',*,*,#1103,.F.);
#1517=ORIENTED_EDGE('',*,*,#1112,.F.);
#1518=ORIENTED_EDGE('',*,*,#1062,.F.);
#1519=ORIENTED_EDGE('',*,*,#1007,.T.);
#1520=ORIENTED_EDGE('',*,*,#1114,.T.);
#1521=ORIENTED_EDGE('',*,*,#1115,.T.);
#1522=ORIENTED_EDGE('',*,*,#992,.F.);
#1523=ORIENTED_EDGE('',*,*,#1011,.F.);
#1524=ORIENTED_EDGE('',*,*,#1115,.F.);
#1525=ORIENTED_EDGE('',*,*,#1116,.T.);
#1526=ORIENTED_EDGE('',*,*,#1117,.F.);
#1527=ORIENTED_EDGE('',*,*,#993,.F.);
#1528=ORIENTED_EDGE('',*,*,#1118,.T.);
#1529=ORIENTED_EDGE('',*,*,#1009,.T.);
#1530=ORIENTED_EDGE('',*,*,#1012,.F.);
#1531=ORIENTED_EDGE('',*,*,#996,.F.);
#1532=ORIENTED_EDGE('',*,*,#1119,.F.);
#1533=ORIENTED_EDGE('',*,*,#1010,.F.);
#1534=ORIENTED_EDGE('',*,*,#1118,.F.);
#1535=ORIENTED_EDGE('',*,*,#1120,.F.);
#1536=ORIENTED_EDGE('',*,*,#1121,.F.);
#1537=ORIENTED_EDGE('',*,*,#1116,.F.);
#1538=ORIENTED_EDGE('',*,*,#1114,.F.);
#1539=ORIENTED_EDGE('',*,*,#1122,.T.);
#1540=ORIENTED_EDGE('',*,*,#1123,.T.);
#1541=ORIENTED_EDGE('',*,*,#1124,.T.);
#1542=ORIENTED_EDGE('',*,*,#1068,.T.);
#1543=ORIENTED_EDGE('',*,*,#1125,.T.);
#1544=ORIENTED_EDGE('',*,*,#1126,.F.);
#1545=ORIENTED_EDGE('',*,*,#1127,.F.);
#1546=ORIENTED_EDGE('',*,*,#1128,.T.);
#1547=ORIENTED_EDGE('',*,*,#1129,.F.);
#1548=ORIENTED_EDGE('',*,*,#1123,.F.);
#1549=ORIENTED_EDGE('',*,*,#1130,.F.);
#1550=ORIENTED_EDGE('',*,*,#1001,.F.);
#1551=ORIENTED_EDGE('',*,*,#1073,.T.);
#1552=ORIENTED_EDGE('',*,*,#1131,.T.);
#1553=ORIENTED_EDGE('',*,*,#1132,.T.);
#1554=ORIENTED_EDGE('',*,*,#1133,.T.);
#1555=ORIENTED_EDGE('',*,*,#1126,.T.);
#1556=ORIENTED_EDGE('',*,*,#1134,.T.);
#1557=ORIENTED_EDGE('',*,*,#1074,.T.);
#1558=ORIENTED_EDGE('',*,*,#1133,.F.);
#1559=ORIENTED_EDGE('',*,*,#1135,.T.);
#1560=ORIENTED_EDGE('',*,*,#1136,.T.);
#1561=ORIENTED_EDGE('',*,*,#1075,.T.);
#1562=ORIENTED_EDGE('',*,*,#1134,.F.);
#1563=ORIENTED_EDGE('',*,*,#1137,.T.);
#1564=ORIENTED_EDGE('',*,*,#1064,.T.);
#1565=ORIENTED_EDGE('',*,*,#1136,.F.);
#1566=ORIENTED_EDGE('',*,*,#1138,.T.);
#1567=ORIENTED_EDGE('',*,*,#1139,.T.);
#1568=ORIENTED_EDGE('',*,*,#1065,.T.);
#1569=ORIENTED_EDGE('',*,*,#1137,.F.);
#1570=ORIENTED_EDGE('',*,*,#1140,.T.);
#1571=ORIENTED_EDGE('',*,*,#1141,.T.);
#1572=ORIENTED_EDGE('',*,*,#1066,.T.);
#1573=ORIENTED_EDGE('',*,*,#1139,.F.);
#1574=ORIENTED_EDGE('',*,*,#1142,.T.);
#1575=ORIENTED_EDGE('',*,*,#1067,.T.);
#1576=ORIENTED_EDGE('',*,*,#1141,.F.);
#1577=ORIENTED_EDGE('',*,*,#1143,.T.);
#1578=ORIENTED_EDGE('',*,*,#1122,.F.);
#1579=ORIENTED_EDGE('',*,*,#1131,.F.);
#1580=ORIENTED_EDGE('',*,*,#1072,.T.);
#1581=ORIENTED_EDGE('',*,*,#1144,.T.);
#1582=ORIENTED_EDGE('',*,*,#1145,.T.);
#1583=ORIENTED_EDGE('',*,*,#1144,.F.);
#1584=ORIENTED_EDGE('',*,*,#1071,.T.);
#1585=ORIENTED_EDGE('',*,*,#1146,.T.);
#1586=ORIENTED_EDGE('',*,*,#1147,.T.);
#1587=ORIENTED_EDGE('',*,*,#1146,.F.);
#1588=ORIENTED_EDGE('',*,*,#1070,.T.);
#1589=ORIENTED_EDGE('',*,*,#1148,.T.);
#1590=ORIENTED_EDGE('',*,*,#1149,.T.);
#1591=ORIENTED_EDGE('',*,*,#1150,.T.);
#1592=ORIENTED_EDGE('',*,*,#1148,.F.);
#1593=ORIENTED_EDGE('',*,*,#1069,.T.);
#1594=ORIENTED_EDGE('',*,*,#1124,.F.);
#1595=ORIENTED_EDGE('',*,*,#1151,.F.);
#1596=ORIENTED_EDGE('',*,*,#1002,.F.);
#1597=ORIENTED_EDGE('',*,*,#1130,.T.);
#1598=ORIENTED_EDGE('',*,*,#1143,.F.);
#1599=ORIENTED_EDGE('',*,*,#1152,.T.);
#1600=ORIENTED_EDGE('',*,*,#1140,.F.);
#1601=ORIENTED_EDGE('',*,*,#1153,.F.);
#1602=ORIENTED_EDGE('',*,*,#998,.F.);
#1603=ORIENTED_EDGE('',*,*,#1142,.F.);
#1604=ORIENTED_EDGE('',*,*,#1152,.F.);
#1605=ORIENTED_EDGE('',*,*,#1003,.F.);
#1606=ORIENTED_EDGE('',*,*,#1151,.T.);
#1607=ORIENTED_EDGE('',*,*,#1154,.T.);
#1608=ORIENTED_EDGE('',*,*,#1135,.F.);
#1609=ORIENTED_EDGE('',*,*,#1125,.F.);
#1610=ORIENTED_EDGE('',*,*,#1000,.F.);
#1611=ORIENTED_EDGE('',*,*,#1138,.F.);
#1612=ORIENTED_EDGE('',*,*,#1154,.F.);
#1613=ORIENTED_EDGE('',*,*,#999,.F.);
#1614=ORIENTED_EDGE('',*,*,#1153,.T.);
#1615=ORIENTED_EDGE('',*,*,#1119,.T.);
#1616=ORIENTED_EDGE('',*,*,#995,.F.);
#1617=ORIENTED_EDGE('',*,*,#1155,.F.);
#1618=ORIENTED_EDGE('',*,*,#1120,.T.);
#1619=ORIENTED_EDGE('',*,*,#1155,.T.);
#1620=ORIENTED_EDGE('',*,*,#994,.F.);
#1621=ORIENTED_EDGE('',*,*,#1117,.T.);
#1622=ORIENTED_EDGE('',*,*,#1121,.T.);
#1623=ORIENTED_EDGE('',*,*,#1156,.T.);
#1624=ORIENTED_EDGE('',*,*,#1157,.T.);
#1625=ORIENTED_EDGE('',*,*,#1158,.T.);
#1626=ORIENTED_EDGE('',*,*,#1159,.T.);
#1627=ORIENTED_EDGE('',*,*,#980,.F.);
#1628=ORIENTED_EDGE('',*,*,#991,.T.);
#1629=ORIENTED_EDGE('',*,*,#1160,.T.);
#1630=ORIENTED_EDGE('',*,*,#1161,.F.);
#1631=ORIENTED_EDGE('',*,*,#970,.F.);
#1632=ORIENTED_EDGE('',*,*,#1005,.T.);
#1633=ORIENTED_EDGE('',*,*,#1006,.T.);
#1634=ORIENTED_EDGE('',*,*,#952,.T.);
#1635=ORIENTED_EDGE('',*,*,#955,.T.);
#1636=ORIENTED_EDGE('',*,*,#957,.T.);
#1637=ORIENTED_EDGE('',*,*,#1039,.T.);
#1638=ORIENTED_EDGE('',*,*,#1042,.T.);
#1639=ORIENTED_EDGE('',*,*,#1086,.T.);
#1640=ORIENTED_EDGE('',*,*,#1087,.T.);
#1641=ORIENTED_EDGE('',*,*,#1034,.T.);
#1642=ORIENTED_EDGE('',*,*,#972,.F.);
#1643=ORIENTED_EDGE('',*,*,#1162,.F.);
#1644=ORIENTED_EDGE('',*,*,#1163,.T.);
#1645=ORIENTED_EDGE('',*,*,#989,.T.);
#1646=ORIENTED_EDGE('',*,*,#1037,.F.);
#1647=ORIENTED_EDGE('',*,*,#1164,.T.);
#1648=ORIENTED_EDGE('',*,*,#1165,.T.);
#1649=ORIENTED_EDGE('',*,*,#1158,.F.);
#1650=ORIENTED_EDGE('',*,*,#1166,.F.);
#1651=ORIENTED_EDGE('',*,*,#1167,.T.);
#1652=ORIENTED_EDGE('',*,*,#1168,.T.);
#1653=ORIENTED_EDGE('',*,*,#1159,.F.);
#1654=ORIENTED_EDGE('',*,*,#1165,.F.);
#1655=ORIENTED_EDGE('',*,*,#1169,.T.);
#1656=ORIENTED_EDGE('',*,*,#1170,.T.);
#1657=ORIENTED_EDGE('',*,*,#1156,.F.);
#1658=ORIENTED_EDGE('',*,*,#1168,.F.);
#1659=ORIENTED_EDGE('',*,*,#1171,.T.);
#1660=ORIENTED_EDGE('',*,*,#1166,.T.);
#1661=ORIENTED_EDGE('',*,*,#1157,.F.);
#1662=ORIENTED_EDGE('',*,*,#1170,.F.);
#1663=ORIENTED_EDGE('',*,*,#1172,.F.);
#1664=ORIENTED_EDGE('',*,*,#1150,.F.);
#1665=ORIENTED_EDGE('',*,*,#1129,.T.);
#1666=ORIENTED_EDGE('',*,*,#1173,.F.);
#1667=ORIENTED_EDGE('',*,*,#1174,.T.);
#1668=ORIENTED_EDGE('',*,*,#1175,.F.);
#1669=ORIENTED_EDGE('',*,*,#1176,.F.);
#1670=ORIENTED_EDGE('',*,*,#1177,.F.);
#1671=ORIENTED_EDGE('',*,*,#1173,.T.);
#1672=ORIENTED_EDGE('',*,*,#1128,.F.);
#1673=ORIENTED_EDGE('',*,*,#1164,.F.);
#1674=ORIENTED_EDGE('',*,*,#1171,.F.);
#1675=ORIENTED_EDGE('',*,*,#1169,.F.);
#1676=ORIENTED_EDGE('',*,*,#1167,.F.);
#1677=ORIENTED_EDGE('',*,*,#1127,.T.);
#1678=ORIENTED_EDGE('',*,*,#1132,.F.);
#1679=ORIENTED_EDGE('',*,*,#1178,.T.);
#1680=ORIENTED_EDGE('',*,*,#1174,.F.);
#1681=ORIENTED_EDGE('',*,*,#1161,.T.);
#1682=ORIENTED_EDGE('',*,*,#1179,.T.);
#1683=ORIENTED_EDGE('',*,*,#1162,.T.);
#1684=ORIENTED_EDGE('',*,*,#971,.T.);
#1685=ORIENTED_EDGE('',*,*,#1163,.F.);
#1686=ORIENTED_EDGE('',*,*,#1179,.F.);
#1687=ORIENTED_EDGE('',*,*,#1160,.F.);
#1688=ORIENTED_EDGE('',*,*,#990,.F.);
#1689=ORIENTED_EDGE('',*,*,#1178,.F.);
#1690=ORIENTED_EDGE('',*,*,#1145,.F.);
#1691=ORIENTED_EDGE('',*,*,#1180,.T.);
#1692=ORIENTED_EDGE('',*,*,#1175,.T.);
#1693=ORIENTED_EDGE('',*,*,#1181,.F.);
#1694=ORIENTED_EDGE('',*,*,#1149,.F.);
#1695=ORIENTED_EDGE('',*,*,#1172,.T.);
#1696=ORIENTED_EDGE('',*,*,#1177,.T.);
#1697=ORIENTED_EDGE('',*,*,#1180,.F.);
#1698=ORIENTED_EDGE('',*,*,#1147,.F.);
#1699=ORIENTED_EDGE('',*,*,#1181,.T.);
#1700=ORIENTED_EDGE('',*,*,#1176,.T.);
#1701=ORIENTED_EDGE('',*,*,#1182,.F.);
#1702=ORIENTED_EDGE('',*,*,#1183,.T.);
#1703=ORIENTED_EDGE('',*,*,#1184,.F.);
#1704=ORIENTED_EDGE('',*,*,#1185,.F.);
#1705=ORIENTED_EDGE('',*,*,#1186,.F.);
#1706=ORIENTED_EDGE('',*,*,#1185,.T.);
#1707=ORIENTED_EDGE('',*,*,#1187,.F.);
#1708=ORIENTED_EDGE('',*,*,#1188,.F.);
#1709=ORIENTED_EDGE('',*,*,#1189,.F.);
#1710=ORIENTED_EDGE('',*,*,#1188,.T.);
#1711=ORIENTED_EDGE('',*,*,#1190,.F.);
#1712=ORIENTED_EDGE('',*,*,#1191,.F.);
#1713=ORIENTED_EDGE('',*,*,#1192,.F.);
#1714=ORIENTED_EDGE('',*,*,#1191,.T.);
#1715=ORIENTED_EDGE('',*,*,#1193,.F.);
#1716=ORIENTED_EDGE('',*,*,#1194,.F.);
#1717=ORIENTED_EDGE('',*,*,#1195,.F.);
#1718=ORIENTED_EDGE('',*,*,#1194,.T.);
#1719=ORIENTED_EDGE('',*,*,#1196,.F.);
#1720=ORIENTED_EDGE('',*,*,#1197,.F.);
#1721=ORIENTED_EDGE('',*,*,#1198,.F.);
#1722=ORIENTED_EDGE('',*,*,#1197,.T.);
#1723=ORIENTED_EDGE('',*,*,#1199,.F.);
#1724=ORIENTED_EDGE('',*,*,#1200,.F.);
#1725=ORIENTED_EDGE('',*,*,#1201,.F.);
#1726=ORIENTED_EDGE('',*,*,#1200,.T.);
#1727=ORIENTED_EDGE('',*,*,#1202,.F.);
#1728=ORIENTED_EDGE('',*,*,#1203,.F.);
#1729=ORIENTED_EDGE('',*,*,#1204,.F.);
#1730=ORIENTED_EDGE('',*,*,#1203,.T.);
#1731=ORIENTED_EDGE('',*,*,#1205,.F.);
#1732=ORIENTED_EDGE('',*,*,#1206,.F.);
#1733=ORIENTED_EDGE('',*,*,#1207,.F.);
#1734=ORIENTED_EDGE('',*,*,#1206,.T.);
#1735=ORIENTED_EDGE('',*,*,#1208,.F.);
#1736=ORIENTED_EDGE('',*,*,#1209,.F.);
#1737=ORIENTED_EDGE('',*,*,#1210,.F.);
#1738=ORIENTED_EDGE('',*,*,#1209,.T.);
#1739=ORIENTED_EDGE('',*,*,#1211,.F.);
#1740=ORIENTED_EDGE('',*,*,#1212,.F.);
#1741=ORIENTED_EDGE('',*,*,#1213,.F.);
#1742=ORIENTED_EDGE('',*,*,#1212,.T.);
#1743=ORIENTED_EDGE('',*,*,#1214,.F.);
#1744=ORIENTED_EDGE('',*,*,#1215,.F.);
#1745=ORIENTED_EDGE('',*,*,#1216,.F.);
#1746=ORIENTED_EDGE('',*,*,#1215,.T.);
#1747=ORIENTED_EDGE('',*,*,#1217,.F.);
#1748=ORIENTED_EDGE('',*,*,#1218,.F.);
#1749=ORIENTED_EDGE('',*,*,#1219,.F.);
#1750=ORIENTED_EDGE('',*,*,#1218,.T.);
#1751=ORIENTED_EDGE('',*,*,#1220,.F.);
#1752=ORIENTED_EDGE('',*,*,#1221,.F.);
#1753=ORIENTED_EDGE('',*,*,#1222,.F.);
#1754=ORIENTED_EDGE('',*,*,#1221,.T.);
#1755=ORIENTED_EDGE('',*,*,#1223,.F.);
#1756=ORIENTED_EDGE('',*,*,#1224,.F.);
#1757=ORIENTED_EDGE('',*,*,#1225,.F.);
#1758=ORIENTED_EDGE('',*,*,#1224,.T.);
#1759=ORIENTED_EDGE('',*,*,#1226,.F.);
#1760=ORIENTED_EDGE('',*,*,#1183,.F.);
#1761=ORIENTED_EDGE('',*,*,#1225,.T.);
#1762=ORIENTED_EDGE('',*,*,#1182,.T.);
#1763=ORIENTED_EDGE('',*,*,#1186,.T.);
#1764=ORIENTED_EDGE('',*,*,#1189,.T.);
#1765=ORIENTED_EDGE('',*,*,#1192,.T.);
#1766=ORIENTED_EDGE('',*,*,#1195,.T.);
#1767=ORIENTED_EDGE('',*,*,#1198,.T.);
#1768=ORIENTED_EDGE('',*,*,#1201,.T.);
#1769=ORIENTED_EDGE('',*,*,#1204,.T.);
#1770=ORIENTED_EDGE('',*,*,#1207,.T.);
#1771=ORIENTED_EDGE('',*,*,#1210,.T.);
#1772=ORIENTED_EDGE('',*,*,#1213,.T.);
#1773=ORIENTED_EDGE('',*,*,#1216,.T.);
#1774=ORIENTED_EDGE('',*,*,#1219,.T.);
#1775=ORIENTED_EDGE('',*,*,#1222,.T.);
#1776=ORIENTED_EDGE('',*,*,#1226,.T.);
#1777=ORIENTED_EDGE('',*,*,#1223,.T.);
#1778=ORIENTED_EDGE('',*,*,#1220,.T.);
#1779=ORIENTED_EDGE('',*,*,#1217,.T.);
#1780=ORIENTED_EDGE('',*,*,#1214,.T.);
#1781=ORIENTED_EDGE('',*,*,#1211,.T.);
#1782=ORIENTED_EDGE('',*,*,#1208,.T.);
#1783=ORIENTED_EDGE('',*,*,#1205,.T.);
#1784=ORIENTED_EDGE('',*,*,#1202,.T.);
#1785=ORIENTED_EDGE('',*,*,#1199,.T.);
#1786=ORIENTED_EDGE('',*,*,#1196,.T.);
#1787=ORIENTED_EDGE('',*,*,#1193,.T.);
#1788=ORIENTED_EDGE('',*,*,#1190,.T.);
#1789=ORIENTED_EDGE('',*,*,#1187,.T.);
#1790=ORIENTED_EDGE('',*,*,#1184,.T.);
#1791=PLANE('',#2001);
#1792=PLANE('',#2002);
#1793=PLANE('',#2003);
#1794=PLANE('',#2004);
#1795=PLANE('',#2005);
#1796=PLANE('',#2006);
#1797=PLANE('',#2008);
#1798=PLANE('',#2010);
#1799=PLANE('',#2011);
#1800=PLANE('',#2018);
#1801=PLANE('',#2019);
#1802=PLANE('',#2020);
#1803=PLANE('',#2021);
#1804=PLANE('',#2032);
#1805=PLANE('',#2033);
#1806=PLANE('',#2035);
#1807=PLANE('',#2036);
#1808=PLANE('',#2037);
#1809=PLANE('',#2038);
#1810=PLANE('',#2039);
#1811=PLANE('',#2041);
#1812=PLANE('',#2050);
#1813=PLANE('',#2052);
#1814=PLANE('',#2053);
#1815=PLANE('',#2060);
#1816=PLANE('',#2062);
#1817=PLANE('',#2063);
#1818=PLANE('',#2064);
#1819=PLANE('',#2066);
#1820=PLANE('',#2067);
#1821=PLANE('',#2069);
#1822=PLANE('',#2070);
#1823=PLANE('',#2071);
#1824=PLANE('',#2078);
#1825=PLANE('',#2080);
#1826=PLANE('',#2082);
#1827=PLANE('',#2083);
#1828=PLANE('',#2084);
#1829=PLANE('',#2086);
#1830=PLANE('',#2088);
#1831=PLANE('',#2089);
#1832=PLANE('',#2090);
#1833=PLANE('',#2093);
#1834=PLANE('',#2094);
#1835=PLANE('',#2095);
#1836=PLANE('',#2096);
#1837=PLANE('',#2097);
#1838=PLANE('',#2098);
#1839=PLANE('',#2099);
#1840=PLANE('',#2100);
#1841=PLANE('',#2101);
#1842=PLANE('',#2102);
#1843=PLANE('',#2103);
#1844=PLANE('',#2106);
#1845=PLANE('',#2109);
#1846=PLANE('',#2112);
#1847=PLANE('',#2115);
#1848=PLANE('',#2116);
#1849=PLANE('',#2117);
#1850=PLANE('',#2119);
#1851=PLANE('',#2121);
#1852=PLANE('',#2122);
#1853=PLANE('',#2123);
#1854=PLANE('',#2126);
#1855=PLANE('',#2127);
#1856=PLANE('',#2130);
#1857=PLANE('',#2133);
#1858=PLANE('',#2134);
#1859=PLANE('',#2135);
#1860=PLANE('',#2138);
#1861=PLANE('',#2139);
#1862=PLANE('',#2140);
#1863=PLANE('',#2143);
#1864=PLANE('',#2144);
#1865=PLANE('',#2145);
#1866=PLANE('',#2146);
#1867=PLANE('',#2147);
#1868=PLANE('',#2148);
#1869=PLANE('',#2149);
#1870=PLANE('',#2150);
#1871=PLANE('',#2151);
#1872=PLANE('',#2152);
#1873=PLANE('',#2153);
#1874=PLANE('',#2154);
#1875=PLANE('',#2155);
#1876=PLANE('',#2156);
#1877=PLANE('',#2157);
#1878=PLANE('',#2158);
#1879=PLANE('',#2159);
#1880=PLANE('',#2160);
#1881=ADVANCED_FACE('',(#97),#1791,.T.);
#1882=ADVANCED_FACE('',(#98),#1792,.F.);
#1883=ADVANCED_FACE('',(#99),#1793,.F.);
#1884=ADVANCED_FACE('',(#100),#1794,.F.);
#1885=ADVANCED_FACE('',(#101),#1795,.T.);
#1886=ADVANCED_FACE('',(#102),#1796,.F.);
#1887=ADVANCED_FACE('',(#103),#1797,.F.);
#1888=ADVANCED_FACE('',(#104),#1798,.T.);
#1889=ADVANCED_FACE('',(#105,#37,#38),#1799,.F.);
#1890=ADVANCED_FACE('',(#106),#1800,.F.);
#1891=ADVANCED_FACE('',(#107),#1801,.F.);
#1892=ADVANCED_FACE('',(#108),#1802,.F.);
#1893=ADVANCED_FACE('',(#109),#1803,.T.);
#1894=ADVANCED_FACE('',(#110),#27,.T.);
#1895=ADVANCED_FACE('',(#111),#1804,.F.);
#1896=ADVANCED_FACE('',(#112),#1805,.F.);
#1897=ADVANCED_FACE('',(#113),#1806,.T.);
#1898=ADVANCED_FACE('',(#114),#1807,.F.);
#1899=ADVANCED_FACE('',(#115),#1808,.T.);
#1900=ADVANCED_FACE('',(#116),#1809,.F.);
#1901=ADVANCED_FACE('',(#117),#1810,.F.);
#1902=ADVANCED_FACE('',(#118),#1811,.F.);
#1903=ADVANCED_FACE('',(#119),#28,.T.);
#1904=ADVANCED_FACE('',(#120),#1812,.F.);
#1905=ADVANCED_FACE('',(#121),#1813,.T.);
#1906=ADVANCED_FACE('',(#122,#39),#1814,.T.);
#1907=ADVANCED_FACE('',(#123),#1815,.F.);
#1908=ADVANCED_FACE('',(#124),#1816,.F.);
#1909=ADVANCED_FACE('',(#125),#1817,.F.);
#1910=ADVANCED_FACE('',(#126),#1818,.F.);
#1911=ADVANCED_FACE('',(#127),#1819,.F.);
#1912=ADVANCED_FACE('',(#128),#1820,.F.);
#1913=ADVANCED_FACE('',(#129),#1821,.F.);
#1914=ADVANCED_FACE('',(#130),#1822,.F.);
#1915=ADVANCED_FACE('',(#131),#1823,.F.);
#1916=ADVANCED_FACE('',(#132),#29,.T.);
#1917=ADVANCED_FACE('',(#133),#1824,.F.);
#1918=ADVANCED_FACE('',(#134),#1825,.F.);
#1919=ADVANCED_FACE('',(#135),#1826,.T.);
#1920=ADVANCED_FACE('',(#136),#1827,.F.);
#1921=ADVANCED_FACE('',(#137),#1828,.F.);
#1922=ADVANCED_FACE('',(#138),#1829,.F.);
#1923=ADVANCED_FACE('',(#139),#1830,.F.);
#1924=ADVANCED_FACE('',(#140),#1831,.T.);
#1925=ADVANCED_FACE('',(#141),#1832,.F.);
#1926=ADVANCED_FACE('',(#142),#30,.T.);
#1927=ADVANCED_FACE('',(#143),#1833,.T.);
#1928=ADVANCED_FACE('',(#144),#1834,.T.);
#1929=ADVANCED_FACE('',(#145),#1835,.F.);
#1930=ADVANCED_FACE('',(#146),#1836,.T.);
#1931=ADVANCED_FACE('',(#147),#1837,.T.);
#1932=ADVANCED_FACE('',(#148),#1838,.T.);
#1933=ADVANCED_FACE('',(#149),#1839,.T.);
#1934=ADVANCED_FACE('',(#150),#1840,.F.);
#1935=ADVANCED_FACE('',(#151),#1841,.T.);
#1936=ADVANCED_FACE('',(#152),#1842,.T.);
#1937=ADVANCED_FACE('',(#153),#1843,.T.);
#1938=ADVANCED_FACE('',(#154),#23,.F.);
#1939=ADVANCED_FACE('',(#155),#1844,.T.);
#1940=ADVANCED_FACE('',(#156),#24,.F.);
#1941=ADVANCED_FACE('',(#157),#1845,.T.);
#1942=ADVANCED_FACE('',(#158),#25,.T.);
#1943=ADVANCED_FACE('',(#159),#1846,.T.);
#1944=ADVANCED_FACE('',(#160),#26,.T.);
#1945=ADVANCED_FACE('',(#161),#1847,.T.);
#1946=ADVANCED_FACE('',(#162),#1848,.F.);
#1947=ADVANCED_FACE('',(#163),#1849,.F.);
#1948=ADVANCED_FACE('',(#164),#31,.F.);
#1949=ADVANCED_FACE('',(#165),#1850,.F.);
#1950=ADVANCED_FACE('',(#166),#32,.F.);
#1951=ADVANCED_FACE('',(#167),#1851,.T.);
#1952=ADVANCED_FACE('',(#168),#1852,.T.);
#1953=ADVANCED_FACE('',(#169),#1853,.F.);
#1954=ADVANCED_FACE('',(#170),#1854,.T.);
#1955=ADVANCED_FACE('',(#171),#1855,.T.);
#1956=ADVANCED_FACE('',(#172),#33,.T.);
#1957=ADVANCED_FACE('',(#173),#1856,.F.);
#1958=ADVANCED_FACE('',(#174),#34,.T.);
#1959=ADVANCED_FACE('',(#175),#1857,.F.);
#1960=ADVANCED_FACE('',(#176),#1858,.T.);
#1961=ADVANCED_FACE('',(#177,#40),#1859,.F.);
#1962=ADVANCED_FACE('',(#178),#1860,.T.);
#1963=ADVANCED_FACE('',(#179),#1861,.T.);
#1964=ADVANCED_FACE('',(#180),#1862,.F.);
#1965=ADVANCED_FACE('',(#181),#35,.T.);
#1966=ADVANCED_FACE('',(#182),#36,.T.);
#1967=ADVANCED_FACE('',(#183),#1863,.T.);
#1968=ADVANCED_FACE('',(#184),#1864,.T.);
#1969=ADVANCED_FACE('',(#185),#1865,.T.);
#1970=ADVANCED_FACE('',(#186),#1866,.T.);
#1971=ADVANCED_FACE('',(#187),#1867,.T.);
#1972=ADVANCED_FACE('',(#188),#1868,.T.);
#1973=ADVANCED_FACE('',(#189),#1869,.T.);
#1974=ADVANCED_FACE('',(#190),#1870,.T.);
#1975=ADVANCED_FACE('',(#191),#1871,.T.);
#1976=ADVANCED_FACE('',(#192),#1872,.T.);
#1977=ADVANCED_FACE('',(#193),#1873,.T.);
#1978=ADVANCED_FACE('',(#194),#1874,.T.);
#1979=ADVANCED_FACE('',(#195),#1875,.T.);
#1980=ADVANCED_FACE('',(#196),#1876,.T.);
#1981=ADVANCED_FACE('',(#197),#1877,.T.);
#1982=ADVANCED_FACE('',(#198),#1878,.T.);
#1983=ADVANCED_FACE('',(#199),#1879,.T.);
#1984=ADVANCED_FACE('',(#200),#1880,.T.);
#1985=CLOSED_SHELL('',(#1881,#1882,#1883,#1884,#1885,#1886,#1887,#1888,
#1889,#1890,#1891,#1892,#1893,#1894,#1895,#1896,#1897,#1898,#1899,#1900,
#1901,#1902,#1903,#1904,#1905,#1906,#1907,#1908,#1909,#1910,#1911,#1912,
#1913,#1914,#1915,#1916,#1917,#1918,#1919,#1920,#1921,#1922,#1923,#1924,
#1925,#1926,#1927,#1928,#1929,#1930,#1931,#1932,#1933,#1934,#1935,#1936,
#1937,#1938,#1939,#1940,#1941,#1942,#1943,#1944,#1945,#1946,#1947,#1948,
#1949,#1950,#1951,#1952,#1953,#1954,#1955,#1956,#1957,#1958,#1959,#1960,
#1961,#1962,#1963,#1964,#1965,#1966,#1967));
#1986=CLOSED_SHELL('',(#1968,#1969,#1970,#1971,#1972,#1973,#1974,#1975,
#1976,#1977,#1978,#1979,#1980,#1981,#1982,#1983,#1984));
#1987=DERIVED_UNIT_ELEMENT(#1989,1.);
#1988=DERIVED_UNIT_ELEMENT(#3294,-3.);
#1989=(
MASS_UNIT()
NAMED_UNIT(*)
SI_UNIT(.KILO.,.GRAM.)
);
#1990=DERIVED_UNIT((#1987,#1988));
#1991=MEASURE_REPRESENTATION_ITEM('density measure',
POSITIVE_RATIO_MEASURE(7850.),#1990);
#1992=PROPERTY_DEFINITION_REPRESENTATION(#1997,#1994);
#1993=PROPERTY_DEFINITION_REPRESENTATION(#1998,#1995);
#1994=REPRESENTATION('material name',(#1996),#3291);
#1995=REPRESENTATION('density',(#1991),#3291);
#1996=DESCRIPTIVE_REPRESENTATION_ITEM('Steel','Steel');
#1997=PROPERTY_DEFINITION('material property','material name',#3306);
#1998=PROPERTY_DEFINITION('material property','density of part',#3306);
#1999=AXIS2_PLACEMENT_3D('',#2714,#2162,#2163);
#2000=AXIS2_PLACEMENT_3D('',#2715,#2164,#2165);
#2001=AXIS2_PLACEMENT_3D('',#2716,#2166,#2167);
#2002=AXIS2_PLACEMENT_3D('',#2729,#2174,#2175);
#2003=AXIS2_PLACEMENT_3D('',#2735,#2179,#2180);
#2004=AXIS2_PLACEMENT_3D('',#2739,#2183,#2184);
#2005=AXIS2_PLACEMENT_3D('',#2743,#2187,#2188);
#2006=AXIS2_PLACEMENT_3D('',#2756,#2195,#2196);
#2007=AXIS2_PLACEMENT_3D('',#2760,#2198,#2199);
#2008=AXIS2_PLACEMENT_3D('',#2762,#2201,#2202);
#2009=AXIS2_PLACEMENT_3D('',#2765,#2204,#2205);
#2010=AXIS2_PLACEMENT_3D('',#2766,#2206,#2207);
#2011=AXIS2_PLACEMENT_3D('',#2789,#2220,#2221);
#2012=AXIS2_PLACEMENT_3D('',#2791,#2222,#2223);
#2013=AXIS2_PLACEMENT_3D('',#2795,#2225,#2226);
#2014=AXIS2_PLACEMENT_3D('',#2799,#2228,#2229);
#2015=AXIS2_PLACEMENT_3D('',#2803,#2231,#2232);
#2016=AXIS2_PLACEMENT_3D('',#2827,#2244,#2245);
#2017=AXIS2_PLACEMENT_3D('',#2834,#2249,#2250);
#2018=AXIS2_PLACEMENT_3D('',#2835,#2251,#2252);
#2019=AXIS2_PLACEMENT_3D('',#2839,#2255,#2256);
#2020=AXIS2_PLACEMENT_3D('',#2841,#2258,#2259);
#2021=AXIS2_PLACEMENT_3D('',#2850,#2264,#2265);
#2022=AXIS2_PLACEMENT_3D('',#2853,#2268,#2269);
#2023=AXIS2_PLACEMENT_3D('',#2855,#2270,#2271);
#2024=AXIS2_PLACEMENT_3D('',#2857,#2272,#2273);
#2025=AXIS2_PLACEMENT_3D('',#2859,#2274,#2275);
#2026=AXIS2_PLACEMENT_3D('',#2863,#2277,#2278);
#2027=AXIS2_PLACEMENT_3D('',#2865,#2279,#2280);
#2028=AXIS2_PLACEMENT_3D('',#2870,#2283,#2284);
#2029=AXIS2_PLACEMENT_3D('',#2872,#2285,#2286);
#2030=AXIS2_PLACEMENT_3D('',#2876,#2288,#2289);
#2031=AXIS2_PLACEMENT_3D('',#2878,#2290,#2291);
#2032=AXIS2_PLACEMENT_3D('',#2880,#2293,#2294);
#2033=AXIS2_PLACEMENT_3D('',#2886,#2298,#2299);
#2034=AXIS2_PLACEMENT_3D('',#2889,#2301,#2302);
#2035=AXIS2_PLACEMENT_3D('',#2890,#2303,#2304);
#2036=AXIS2_PLACEMENT_3D('',#2894,#2307,#2308);
#2037=AXIS2_PLACEMENT_3D('',#2898,#2311,#2312);
#2038=AXIS2_PLACEMENT_3D('',#2902,#2315,#2316);
#2039=AXIS2_PLACEMENT_3D('',#2906,#2319,#2320);
#2040=AXIS2_PLACEMENT_3D('',#2907,#2321,#2322);
#2041=AXIS2_PLACEMENT_3D('',#2908,#2323,#2324);
#2042=AXIS2_PLACEMENT_3D('',#2912,#2327,#2328);
#2043=AXIS2_PLACEMENT_3D('',#2915,#2329,#2330);
#2044=AXIS2_PLACEMENT_3D('',#2918,#2332,#2333);
#2045=AXIS2_PLACEMENT_3D('',#2920,#2334,#2335);
#2046=AXIS2_PLACEMENT_3D('',#2923,#2337,#2338);
#2047=AXIS2_PLACEMENT_3D('',#2927,#2340,#2341);
#2048=AXIS2_PLACEMENT_3D('',#2929,#2342,#2343);
#2049=AXIS2_PLACEMENT_3D('',#2932,#2345,#2346);
#2050=AXIS2_PLACEMENT_3D('',#2933,#2347,#2348);
#2051=AXIS2_PLACEMENT_3D('',#2937,#2350,#2351);
#2052=AXIS2_PLACEMENT_3D('',#2939,#2353,#2354);
#2053=AXIS2_PLACEMENT_3D('',#2945,#2358,#2359);
#2054=AXIS2_PLACEMENT_3D('',#2949,#2361,#2362);
#2055=AXIS2_PLACEMENT_3D('',#2952,#2364,#2365);
#2056=AXIS2_PLACEMENT_3D('',#2955,#2366,#2367);
#2057=AXIS2_PLACEMENT_3D('',#2959,#2369,#2370);
#2058=AXIS2_PLACEMENT_3D('',#2967,#2374,#2375);
#2059=AXIS2_PLACEMENT_3D('',#2971,#2377,#2378);
#2060=AXIS2_PLACEMENT_3D('',#2977,#2382,#2383);
#2061=AXIS2_PLACEMENT_3D('',#2978,#2384,#2385);
#2062=AXIS2_PLACEMENT_3D('',#2979,#2386,#2387);
#2063=AXIS2_PLACEMENT_3D('',#2981,#2389,#2390);
#2064=AXIS2_PLACEMENT_3D('',#2983,#2392,#2393);
#2065=AXIS2_PLACEMENT_3D('',#2985,#2394,#2395);
#2066=AXIS2_PLACEMENT_3D('',#2987,#2397,#2398);
#2067=AXIS2_PLACEMENT_3D('',#2991,#2401,#2402);
#2068=AXIS2_PLACEMENT_3D('',#2993,#2403,#2404);
#2069=AXIS2_PLACEMENT_3D('',#2995,#2406,#2407);
#2070=AXIS2_PLACEMENT_3D('',#2999,#2410,#2411);
#2071=AXIS2_PLACEMENT_3D('',#3001,#2413,#2414);
#2072=AXIS2_PLACEMENT_3D('',#3003,#2415,#2416);
#2073=AXIS2_PLACEMENT_3D('',#3005,#2418,#2419);
#2074=AXIS2_PLACEMENT_3D('',#3008,#2420,#2421);
#2075=AXIS2_PLACEMENT_3D('',#3014,#2425,#2426);
#2076=AXIS2_PLACEMENT_3D('',#3016,#2427,#2428);
#2077=AXIS2_PLACEMENT_3D('',#3019,#2430,#2431);
#2078=AXIS2_PLACEMENT_3D('',#3020,#2432,#2433);
#2079=AXIS2_PLACEMENT_3D('',#3024,#2435,#2436);
#2080=AXIS2_PLACEMENT_3D('',#3026,#2438,#2439);
#2081=AXIS2_PLACEMENT_3D('',#3030,#2441,#2442);
#2082=AXIS2_PLACEMENT_3D('',#3032,#2444,#2445);
#2083=AXIS2_PLACEMENT_3D('',#3033,#2446,#2447);
#2084=AXIS2_PLACEMENT_3D('',#3039,#2451,#2452);
#2085=AXIS2_PLACEMENT_3D('',#3040,#2453,#2454);
#2086=AXIS2_PLACEMENT_3D('',#3041,#2455,#2456);
#2087=AXIS2_PLACEMENT_3D('',#3042,#2457,#2458);
#2088=AXIS2_PLACEMENT_3D('',#3043,#2459,#2460);
#2089=AXIS2_PLACEMENT_3D('',#3044,#2461,#2462);
#2090=AXIS2_PLACEMENT_3D('',#3048,#2465,#2466);
#2091=AXIS2_PLACEMENT_3D('',#3049,#2467,#2468);
#2092=AXIS2_PLACEMENT_3D('',#3050,#2469,#2470);
#2093=AXIS2_PLACEMENT_3D('',#3053,#2473,#2474);
#2094=AXIS2_PLACEMENT_3D('',#3054,#2475,#2476);
#2095=AXIS2_PLACEMENT_3D('',#3055,#2477,#2478);
#2096=AXIS2_PLACEMENT_3D('',#3059,#2481,#2482);
#2097=AXIS2_PLACEMENT_3D('',#3063,#2485,#2486);
#2098=AXIS2_PLACEMENT_3D('',#3067,#2489,#2490);
#2099=AXIS2_PLACEMENT_3D('',#3071,#2493,#2494);
#2100=AXIS2_PLACEMENT_3D('',#3077,#2498,#2499);
#2101=AXIS2_PLACEMENT_3D('',#3088,#2506,#2507);
#2102=AXIS2_PLACEMENT_3D('',#3093,#2511,#2512);
#2103=AXIS2_PLACEMENT_3D('',#3095,#2514,#2515);
#2104=AXIS2_PLACEMENT_3D('',#3099,#2518,#2519);
#2105=AXIS2_PLACEMENT_3D('',#3102,#2521,#2522);
#2106=AXIS2_PLACEMENT_3D('',#3103,#2523,#2524);
#2107=AXIS2_PLACEMENT_3D('',#3107,#2527,#2528);
#2108=AXIS2_PLACEMENT_3D('',#3110,#2530,#2531);
#2109=AXIS2_PLACEMENT_3D('',#3111,#2532,#2533);
#2110=AXIS2_PLACEMENT_3D('',#3113,#2535,#2536);
#2111=AXIS2_PLACEMENT_3D('',#3116,#2538,#2539);
#2112=AXIS2_PLACEMENT_3D('',#3117,#2540,#2541);
#2113=AXIS2_PLACEMENT_3D('',#3121,#2544,#2545);
#2114=AXIS2_PLACEMENT_3D('',#3124,#2547,#2548);
#2115=AXIS2_PLACEMENT_3D('',#3125,#2549,#2550);
#2116=AXIS2_PLACEMENT_3D('',#3127,#2552,#2553);
#2117=AXIS2_PLACEMENT_3D('',#3129,#2555,#2556);
#2118=AXIS2_PLACEMENT_3D('',#3132,#2559,#2560);
#2119=AXIS2_PLACEMENT_3D('',#3133,#2561,#2562);
#2120=AXIS2_PLACEMENT_3D('',#3135,#2564,#2565);
#2121=AXIS2_PLACEMENT_3D('',#3136,#2566,#2567);
#2122=AXIS2_PLACEMENT_3D('',#3138,#2569,#2570);
#2123=AXIS2_PLACEMENT_3D('',#3139,#2571,#2572);
#2124=AXIS2_PLACEMENT_3D('',#3142,#2573,#2574);
#2125=AXIS2_PLACEMENT_3D('',#3146,#2576,#2577);
#2126=AXIS2_PLACEMENT_3D('',#3148,#2579,#2580);
#2127=AXIS2_PLACEMENT_3D('',#3152,#2583,#2584);
#2128=AXIS2_PLACEMENT_3D('',#3156,#2587,#2588);
#2129=AXIS2_PLACEMENT_3D('',#3159,#2589,#2590);
#2130=AXIS2_PLACEMENT_3D('',#3162,#2593,#2594);
#2131=AXIS2_PLACEMENT_3D('',#3166,#2597,#2598);
#2132=AXIS2_PLACEMENT_3D('',#3168,#2599,#2600);
#2133=AXIS2_PLACEMENT_3D('',#3170,#2602,#2603);
#2134=AXIS2_PLACEMENT_3D('',#3172,#2605,#2606);
#2135=AXIS2_PLACEMENT_3D('',#3176,#2609,#2610);
#2136=AXIS2_PLACEMENT_3D('',#3180,#2612,#2613);
#2137=AXIS2_PLACEMENT_3D('',#3183,#2615,#2616);
#2138=AXIS2_PLACEMENT_3D('',#3184,#2617,#2618);
#2139=AXIS2_PLACEMENT_3D('',#3186,#2620,#2621);
#2140=AXIS2_PLACEMENT_3D('',#3188,#2623,#2624);
#2141=AXIS2_PLACEMENT_3D('',#3189,#2625,#2626);
#2142=AXIS2_PLACEMENT_3D('',#3191,#2628,#2629);
#2143=AXIS2_PLACEMENT_3D('',#3193,#2631,#2632);
#2144=AXIS2_PLACEMENT_3D('',#3194,#2633,#2634);
#2145=AXIS2_PLACEMENT_3D('',#3203,#2639,#2640);
#2146=AXIS2_PLACEMENT_3D('',#3209,#2644,#2645);
#2147=AXIS2_PLACEMENT_3D('',#3215,#2649,#2650);
#2148=AXIS2_PLACEMENT_3D('',#3221,#2654,#2655);
#2149=AXIS2_PLACEMENT_3D('',#3227,#2659,#2660);
#2150=AXIS2_PLACEMENT_3D('',#3233,#2664,#2665);
#2151=AXIS2_PLACEMENT_3D('',#3239,#2669,#2670);
#2152=AXIS2_PLACEMENT_3D('',#3245,#2674,#2675);
#2153=AXIS2_PLACEMENT_3D('',#3251,#2679,#2680);
#2154=AXIS2_PLACEMENT_3D('',#3257,#2684,#2685);
#2155=AXIS2_PLACEMENT_3D('',#3263,#2689,#2690);
#2156=AXIS2_PLACEMENT_3D('',#3269,#2694,#2695);
#2157=AXIS2_PLACEMENT_3D('',#3275,#2699,#2700);
#2158=AXIS2_PLACEMENT_3D('',#3281,#2704,#2705);
#2159=AXIS2_PLACEMENT_3D('',#3284,#2708,#2709);
#2160=AXIS2_PLACEMENT_3D('',#3285,#2710,#2711);
#2161=AXIS2_PLACEMENT_3D('',#3286,#2712,#2713);
#2162=DIRECTION('axis',(0.,0.,1.));
#2163=DIRECTION('refdir',(1.,0.,0.));
#2164=DIRECTION('axis',(0.,0.,1.));
#2165=DIRECTION('refdir',(1.,0.,0.));
#2166=DIRECTION('center_axis',(0.707106781186546,-0.707106781186549,-2.55344648206209E-34));
#2167=DIRECTION('ref_axis',(-3.61111864572608E-34,0.,-1.));
#2168=DIRECTION('',(-0.57734998241622,-0.577349982416218,-0.577350842736011));
#2169=DIRECTION('',(0.,-3.61111864572606E-34,1.));
#2170=DIRECTION('',(0.577350269189627,0.577350269189625,-0.577350269189625));
#2171=DIRECTION('',(0.707106781186549,0.707106781186546,0.));
#2172=DIRECTION('',(0.,0.,1.));
#2173=DIRECTION('',(-0.707106781186549,-0.707106781186546,1.3170890527582E-8));
#2174=DIRECTION('center_axis',(-1.30104260698261E-17,1.,3.61111864572606E-34));
#2175=DIRECTION('ref_axis',(2.77555756156293E-17,5.79321751111624E-48,1.));
#2176=DIRECTION('',(1.,1.30104260698261E-17,-3.46944695195361E-17));
#2177=DIRECTION('',(3.61111864572608E-34,3.61111864572606E-34,-1.));
#2178=DIRECTION('',(1.,1.30104260698261E-17,-3.46944695195361E-17));
#2179=DIRECTION('center_axis',(-3.37324437430902E-17,0.707107308022348,
-0.707106254350355));
#2180=DIRECTION('ref_axis',(9.81309980072264E-18,0.707106254350355,0.707107308022348));
#2181=DIRECTION('',(1.,-1.86264242093566E-8,-1.86264520126377E-8));
#2182=DIRECTION('',(-0.577349982416221,-0.577349982416218,-0.577350842736011));
#2183=DIRECTION('center_axis',(-1.86264520126377E-8,0.,-1.));
#2184=DIRECTION('ref_axis',(-1.,0.,1.86264520126377E-8));
#2185=DIRECTION('',(1.,0.,-1.86264520126377E-8));
#2186=DIRECTION('',(-0.707106781186549,-0.707106781186546,1.3170890527582E-8));
#2187=DIRECTION('center_axis',(-0.707106781186547,-0.707106781186548,-2.55344648206208E-34));
#2188=DIRECTION('ref_axis',(-3.61111864572607E-34,0.,1.));
#2189=DIRECTION('',(0.577350269189627,-0.577350269189625,0.577350269189625));
#2190=DIRECTION('',(-1.36026791405428E-49,3.61111864572606E-34,-1.));
#2191=DIRECTION('',(-0.57734998241622,0.577349982416219,0.577350842736012));
#2192=DIRECTION('',(-0.707106781186548,0.707106781186547,1.3170890527582E-8));
#2193=DIRECTION('',(0.,0.,1.));
#2194=DIRECTION('',(0.707106781186548,-0.707106781186547,0.));
#2195=DIRECTION('center_axis',(1.53329341668337E-17,0.707106781186548,0.707106781186548));
#2196=DIRECTION('ref_axis',(2.94392336003199E-17,-0.707106781186548,0.707106781186548));
#2197=DIRECTION('',(1.,-2.16840434497101E-17,0.));
#2198=DIRECTION('center_axis',(1.53329341668337E-17,0.707106781186548,0.707106781186548));
#2199=DIRECTION('ref_axis',(-4.9065389333868E-17,-0.707106781186547,0.707106781186547));
#2200=DIRECTION('',(1.,1.30104260698261E-17,-3.46944695195361E-17));
#2201=DIRECTION('center_axis',(0.,0.,1.));
#2202=DIRECTION('ref_axis',(0.,1.,0.));
#2203=DIRECTION('',(1.,0.,-3.46944695195361E-17));
#2204=DIRECTION('center_axis',(0.,0.,1.));
#2205=DIRECTION('ref_axis',(-0.707106781186548,-0.707106781186547,0.));
#2206=DIRECTION('center_axis',(0.,-1.,0.));
#2207=DIRECTION('ref_axis',(1.,0.,0.));
#2208=DIRECTION('',(1.,0.,-3.46944695195361E-17));
#2209=DIRECTION('',(0.,0.,1.));
#2210=DIRECTION('',(-1.,0.,0.));
#2211=DIRECTION('',(0.,0.,-1.));
#2212=DIRECTION('',(1.,0.,0.));
#2213=DIRECTION('',(0.,0.,-1.));
#2214=DIRECTION('',(1.,0.,0.));
#2215=DIRECTION('',(0.,0.,1.));
#2216=DIRECTION('',(1.,0.,-1.86264520126377E-8));
#2217=DIRECTION('',(0.,0.,1.));
#2218=DIRECTION('',(1.,0.,0.));
#2219=DIRECTION('',(0.,0.,1.));
#2220=DIRECTION('center_axis',(0.,0.,1.));
#2221=DIRECTION('ref_axis',(-1.,0.,0.));
#2222=DIRECTION('center_axis',(0.,0.,1.));
#2223=DIRECTION('ref_axis',(-0.707106781186548,-0.707106781186547,0.));
#2224=DIRECTION('',(-2.06990730163454E-16,1.,0.));
#2225=DIRECTION('center_axis',(0.,0.,1.));
#2226=DIRECTION('ref_axis',(-0.707106781186548,0.707106781186547,0.));
#2227=DIRECTION('',(-1.,0.,0.));
#2228=DIRECTION('center_axis',(0.,0.,1.));
#2229=DIRECTION('ref_axis',(0.707106781186547,0.707106781186547,0.));
#2230=DIRECTION('',(0.,-1.,0.));
#2231=DIRECTION('center_axis',(0.,0.,1.));
#2232=DIRECTION('ref_axis',(0.707106781186548,-0.707106781186547,0.));
#2233=DIRECTION('',(-1.,0.,0.));
#2234=DIRECTION('',(0.707106781186549,-0.707106781186546,0.));
#2235=DIRECTION('',(-1.,0.,0.));
#2236=DIRECTION('',(0.707106781186549,0.707106781186546,0.));
#2237=DIRECTION('',(-1.,0.,0.));
#2238=DIRECTION('',(0.,-1.,0.));
#2239=DIRECTION('',(1.,1.38777878078145E-17,0.));
#2240=DIRECTION('',(0.,1.,0.));
#2241=DIRECTION('',(1.,0.,0.));
#2242=DIRECTION('',(0.,-1.,0.));
#2243=DIRECTION('',(1.,-2.08166817117217E-16,0.));
#2244=DIRECTION('center_axis',(0.,0.,1.));
#2245=DIRECTION('ref_axis',(1.,-5.44676186921056E-16,0.));
#2246=DIRECTION('',(0.,1.,0.));
#2247=DIRECTION('',(-1.,0.,0.));
#2248=DIRECTION('',(0.,-1.,0.));
#2249=DIRECTION('center_axis',(0.,0.,1.));
#2250=DIRECTION('ref_axis',(0.,-1.,0.));
#2251=DIRECTION('center_axis',(0.,0.,1.));
#2252=DIRECTION('ref_axis',(0.,1.,0.));
#2253=DIRECTION('',(1.,-2.16840434497101E-17,0.));
#2254=DIRECTION('',(0.707106781186549,0.707106781186546,-2.45326946669341E-17));
#2255=DIRECTION('center_axis',(1.53329341668337E-17,0.707106781186548,0.707106781186548));
#2256=DIRECTION('ref_axis',(2.94392336003199E-17,-0.707106781186548,0.707106781186548));
#2257=DIRECTION('',(0.577350269189628,0.577350269189625,-0.577350269189625));
#2258=DIRECTION('center_axis',(1.,0.,0.));
#2259=DIRECTION('ref_axis',(0.,1.,0.));
#2260=DIRECTION('',(0.,0.,1.));
#2261=DIRECTION('',(0.,1.,0.));
#2262=DIRECTION('',(0.,0.98058067569092,0.196116135138184));
#2263=DIRECTION('',(0.,1.,0.));
#2264=DIRECTION('center_axis',(-0.707106781186549,0.,-0.707106781186546));
#2265=DIRECTION('ref_axis',(-0.707106781186546,0.,0.707106781186549));
#2266=DIRECTION('',(0.707106781186546,0.,-0.707106781186549));
#2267=DIRECTION('',(0.192450089729875,-0.962250448649376,-0.192450089729875));
#2268=DIRECTION('center_axis',(0.,0.,1.));
#2269=DIRECTION('ref_axis',(0.707106781186548,-0.707106781186547,0.));
#2270=DIRECTION('center_axis',(0.,0.,-1.));
#2271=DIRECTION('ref_axis',(0.707106781186548,-0.707106781186547,0.));
#2272=DIRECTION('center_axis',(0.,0.,1.));
#2273=DIRECTION('ref_axis',(0.707106781186548,-0.707106781186547,0.));
#2274=DIRECTION('center_axis',(1.53329341668337E-17,0.707106781186548,0.707106781186548));
#2275=DIRECTION('ref_axis',(-4.9065389333868E-17,-0.707106781186547,0.707106781186547));
#2276=DIRECTION('',(0.,0.,-1.));
#2277=DIRECTION('center_axis',(-3.37324437430902E-17,0.707107308022348,
-0.707106254350355));
#2278=DIRECTION('ref_axis',(-4.90653527772635E-17,-0.707106254350355,-0.707107308022347));
#2279=DIRECTION('center_axis',(0.,0.,-1.));
#2280=DIRECTION('ref_axis',(0.707106781186548,-0.707106781186547,0.));
#2281=DIRECTION('',(0.,0.,1.));
#2282=DIRECTION('',(0.,0.,1.));
#2283=DIRECTION('center_axis',(0.,0.,-1.));
#2284=DIRECTION('ref_axis',(0.707106781186548,-0.707106781186547,0.));
#2285=DIRECTION('center_axis',(-0.707100393318807,0.,-0.707113168996582));
#2286=DIRECTION('ref_axis',(0.707113168996582,9.81316651544581E-17,-0.707100393318807));
#2287=DIRECTION('',(0.,0.,1.));
#2288=DIRECTION('center_axis',(-0.707106504597685,0.,0.707107057775302));
#2289=DIRECTION('ref_axis',(0.707107057775302,9.81308170521363E-17,0.707106504597685));
#2290=DIRECTION('center_axis',(0.,0.,1.));
#2291=DIRECTION('ref_axis',(0.707106781186548,-0.707106781186547,0.));
#2292=DIRECTION('',(0.,0.,1.));
#2293=DIRECTION('center_axis',(-1.,0.,0.));
#2294=DIRECTION('ref_axis',(0.,0.,1.));
#2295=DIRECTION('',(0.,1.,0.));
#2296=DIRECTION('',(0.,0.,-1.));
#2297=DIRECTION('',(0.,-1.,0.));
#2298=DIRECTION('center_axis',(-0.707100393318807,0.,-0.707113168996582));
#2299=DIRECTION('ref_axis',(-0.707113168996582,0.,0.707100393318807));
#2300=DIRECTION('',(0.,-1.,0.));
#2301=DIRECTION('center_axis',(-0.707100393318807,0.,-0.707113168996582));
#2302=DIRECTION('ref_axis',(0.707113168996582,0.,-0.707100393318807));
#2303=DIRECTION('center_axis',(1.,0.,0.));
#2304=DIRECTION('ref_axis',(0.,1.,0.));
#2305=DIRECTION('',(0.,0.,-1.));
#2306=DIRECTION('',(0.,-1.,0.));
#2307=DIRECTION('center_axis',(0.,0.,1.));
#2308=DIRECTION('ref_axis',(0.,1.,0.));
#2309=DIRECTION('',(0.707106781186549,-0.707106781186546,-2.45326946669341E-17));
#2310=DIRECTION('',(-1.,2.16840434497101E-17,0.));
#2311=DIRECTION('center_axis',(0.,-1.,0.));
#2312=DIRECTION('ref_axis',(1.,0.,0.));
#2313=DIRECTION('',(-1.,0.,3.46944695195361E-17));
#2314=DIRECTION('',(0.,0.,-1.));
#2315=DIRECTION('center_axis',(0.,0.,-1.));
#2316=DIRECTION('ref_axis',(0.,1.,0.));
#2317=DIRECTION('',(-1.,-4.77048438905742E-17,0.));
#2318=DIRECTION('',(-0.707106781186549,0.707106781186546,2.45326946669341E-17));
#2319=DIRECTION('center_axis',(0.,0.,-1.));
#2320=DIRECTION('ref_axis',(0.,1.,0.));
#2321=DIRECTION('center_axis',(0.,0.,-1.));
#2322=DIRECTION('ref_axis',(0.707106781186547,0.707106781186547,0.));
#2323=DIRECTION('center_axis',(-3.37324437430902E-17,0.707107308022348,
-0.707106254350355));
#2324=DIRECTION('ref_axis',(9.81309980072264E-18,0.707106254350355,0.707107308022348));
#2325=DIRECTION('',(1.,1.30104260698261E-17,-3.46944695195361E-17));
#2326=DIRECTION('',(-0.577349982416221,0.577349982416218,0.577350842736011));
#2327=DIRECTION('center_axis',(0.,0.,1.));
#2328=DIRECTION('ref_axis',(-0.707106781186548,-0.707106781186547,0.));
#2329=DIRECTION('center_axis',(-1.86264520126377E-8,0.,-1.));
#2330=DIRECTION('ref_axis',(-0.707106781186548,-0.707106781186547,1.3170890527582E-8));
#2331=DIRECTION('',(0.,0.,-1.));
#2332=DIRECTION('center_axis',(-1.86264520126377E-8,0.,-1.));
#2333=DIRECTION('ref_axis',(-0.707106781186548,-0.707106781186547,1.3170890527582E-8));
#2334=DIRECTION('center_axis',(-3.37324437430902E-17,0.707107308022348,
-0.707106254350355));
#2335=DIRECTION('ref_axis',(-4.90653527772635E-17,-0.707106254350355,-0.707107308022348));
#2336=DIRECTION('',(0.,0.,1.));
#2337=DIRECTION('center_axis',(0.,0.,-1.));
#2338=DIRECTION('ref_axis',(-0.707106781186548,-0.707106781186547,0.));
#2339=DIRECTION('',(0.,0.,1.));
#2340=DIRECTION('center_axis',(0.,0.,1.));
#2341=DIRECTION('ref_axis',(-0.707106781186548,-0.707106781186547,0.));
#2342=DIRECTION('center_axis',(0.707106504597685,0.,0.707107057775302));
#2343=DIRECTION('ref_axis',(-0.707107057775302,-4.90654085260682E-17,0.707106504597685));
#2344=DIRECTION('',(0.,0.,-1.));
#2345=DIRECTION('center_axis',(0.70710922767525,0.,-0.70710433468938));
#2346=DIRECTION('ref_axis',(-0.70710433468938,-4.90652195740252E-17,-0.70710922767525));
#2347=DIRECTION('center_axis',(0.707106504597685,0.,0.707107057775302));
#2348=DIRECTION('ref_axis',(0.707107057775302,0.,-0.707106504597685));
#2349=DIRECTION('',(0.,1.,0.));
#2350=DIRECTION('center_axis',(0.707106504597685,0.,0.707107057775302));
#2351=DIRECTION('ref_axis',(-0.707107057775302,0.,0.707106504597685));
#2352=DIRECTION('',(0.,1.,0.));
#2353=DIRECTION('center_axis',(-1.,-2.06990730163454E-16,0.));
#2354=DIRECTION('ref_axis',(2.06990730163454E-16,-1.,0.));
#2355=DIRECTION('',(-2.06990730163454E-16,1.,0.));
#2356=DIRECTION('',(0.,0.,1.));
#2357=DIRECTION('',(2.06990730163454E-16,-1.,0.));
#2358=DIRECTION('center_axis',(0.,0.,1.));
#2359=DIRECTION('ref_axis',(-1.,0.,0.));
#2360=DIRECTION('',(0.,1.,0.));
#2361=DIRECTION('center_axis',(0.,0.,-1.));
#2362=DIRECTION('ref_axis',(0.707106781186547,0.707106781186547,0.));
#2363=DIRECTION('',(-1.,0.,0.));
#2364=DIRECTION('center_axis',(0.,0.,-1.));
#2365=DIRECTION('ref_axis',(-0.707106781186548,0.707106781186547,0.));
#2366=DIRECTION('center_axis',(0.,0.,1.));
#2367=DIRECTION('ref_axis',(1.,-5.44676186921056E-16,0.));
#2368=DIRECTION('',(1.,-2.08166817117217E-16,0.));
#2369=DIRECTION('center_axis',(0.,0.,1.));
#2370=DIRECTION('ref_axis',(0.,-1.,0.));
#2371=DIRECTION('',(0.,-1.,0.));
#2372=DIRECTION('',(-1.,0.,0.));
#2373=DIRECTION('',(0.,1.,0.));
#2374=DIRECTION('center_axis',(0.,0.,-1.));
#2375=DIRECTION('ref_axis',(0.,-1.,0.));
#2376=DIRECTION('',(-1.,1.38777878078145E-16,0.));
#2377=DIRECTION('center_axis',(0.,0.,-1.));
#2378=DIRECTION('ref_axis',(1.,0.,0.));
#2379=DIRECTION('',(0.,-1.,0.));
#2380=DIRECTION('',(-1.,0.,0.));
#2381=DIRECTION('',(0.,1.,0.));
#2382=DIRECTION('center_axis',(0.,0.,1.));
#2383=DIRECTION('ref_axis',(0.,1.,0.));
#2384=DIRECTION('center_axis',(0.,0.,1.));
#2385=DIRECTION('ref_axis',(-0.707106781186548,0.707106781186547,0.));
#2386=DIRECTION('center_axis',(-1.86264520126377E-8,0.,-1.));
#2387=DIRECTION('ref_axis',(-1.,0.,1.86264520126377E-8));
#2388=DIRECTION('',(1.,-1.86264242093566E-8,-1.86264520126377E-8));
#2389=DIRECTION('center_axis',(-1.30104260698261E-17,1.,3.61111864572606E-34));
#2390=DIRECTION('ref_axis',(2.77555756156293E-17,5.79321751111624E-48,1.));
#2391=DIRECTION('',(1.,1.30104260698261E-17,-3.46944695195361E-17));
#2392=DIRECTION('center_axis',(-0.707106504597685,0.,0.707107057775302));
#2393=DIRECTION('ref_axis',(0.707107057775302,0.,0.707106504597685));
#2394=DIRECTION('center_axis',(-0.707106504597685,0.,0.707107057775302));
#2395=DIRECTION('ref_axis',(0.707107057775302,0.,0.707106504597685));
#2396=DIRECTION('',(0.,-1.,0.));
#2397=DIRECTION('center_axis',(1.,0.,0.));
#2398=DIRECTION('ref_axis',(0.,0.,-1.));
#2399=DIRECTION('',(0.,0.,1.));
#2400=DIRECTION('',(0.,1.,0.));
#2401=DIRECTION('center_axis',(0.70710922767525,0.,-0.70710433468938));
#2402=DIRECTION('ref_axis',(-0.70710433468938,0.,-0.70710922767525));
#2403=DIRECTION('center_axis',(0.70710922767525,0.,-0.70710433468938));
#2404=DIRECTION('ref_axis',(-0.70710433468938,-7.85043513184402E-17,-0.70710922767525));
#2405=DIRECTION('',(0.,-1.,0.));
#2406=DIRECTION('center_axis',(-1.30104260698261E-17,1.,3.61111864572606E-34));
#2407=DIRECTION('ref_axis',(2.77555756156293E-17,5.79321751111624E-48,1.));
#2408=DIRECTION('',(-1.,-1.51394048812521E-17,4.03717463500057E-17));
#2409=DIRECTION('',(3.61111864572608E-34,-3.61111864572606E-34,1.));
#2410=DIRECTION('center_axis',(1.53329341668337E-17,0.707106781186548,0.707106781186548));
#2411=DIRECTION('ref_axis',(2.94392336003199E-17,-0.707106781186548,0.707106781186548));
#2412=DIRECTION('',(0.577350269189628,-0.577350269189625,0.577350269189625));
#2413=DIRECTION('center_axis',(0.,0.,1.));
#2414=DIRECTION('ref_axis',(0.,1.,0.));
#2415=DIRECTION('center_axis',(0.,0.,1.));
#2416=DIRECTION('ref_axis',(0.707106781186547,0.707106781186547,0.));
#2417=DIRECTION('',(0.,-1.,0.));
#2418=DIRECTION('center_axis',(0.,0.,-1.));
#2419=DIRECTION('ref_axis',(0.707106781186547,0.707106781186547,0.));
#2420=DIRECTION('center_axis',(0.,0.,1.));
#2421=DIRECTION('ref_axis',(0.707106781186547,0.707106781186547,0.));
#2422=DIRECTION('',(0.,0.,1.));
#2423=DIRECTION('',(0.,0.,-1.));
#2424=DIRECTION('',(0.,0.,-1.));
#2425=DIRECTION('center_axis',(0.,0.,-1.));
#2426=DIRECTION('ref_axis',(0.707106781186547,0.707106781186547,0.));
#2427=DIRECTION('center_axis',(0.,-0.707109738494421,-0.707103823866305));
#2428=DIRECTION('ref_axis',(0.,0.707103823866305,-0.707109738494421));
#2429=DIRECTION('',(0.,0.,1.));
#2430=DIRECTION('center_axis',(0.,-0.707106781186545,0.70710678118655));
#2431=DIRECTION('ref_axis',(0.,0.70710678118655,0.707106781186545));
#2432=DIRECTION('center_axis',(0.,0.,-1.));
#2433=DIRECTION('ref_axis',(0.,1.,0.));
#2434=DIRECTION('',(-1.,0.,0.));
#2435=DIRECTION('center_axis',(0.,0.,-1.));
#2436=DIRECTION('ref_axis',(-0.707106781186548,0.707106781186547,0.));
#2437=DIRECTION('',(-1.,0.,0.));
#2438=DIRECTION('center_axis',(0.,0.,1.));
#2439=DIRECTION('ref_axis',(0.,1.,0.));
#2440=DIRECTION('',(1.,0.,0.));
#2441=DIRECTION('center_axis',(0.,0.,1.));
#2442=DIRECTION('ref_axis',(-0.707106781186548,0.707106781186547,0.));
#2443=DIRECTION('',(1.,0.,0.));
#2444=DIRECTION('center_axis',(1.,0.,0.));
#2445=DIRECTION('ref_axis',(0.,1.,0.));
#2446=DIRECTION('center_axis',(0.,-1.,0.));
#2447=DIRECTION('ref_axis',(0.,0.,1.));
#2448=DIRECTION('',(1.,0.,0.));
#2449=DIRECTION('',(0.,0.,-1.));
#2450=DIRECTION('',(1.,0.,0.));
#2451=DIRECTION('center_axis',(0.,-0.707109738494421,-0.707103823866305));
#2452=DIRECTION('ref_axis',(0.,0.707103823866305,-0.707109738494421));
#2453=DIRECTION('center_axis',(0.,-0.707109738494421,-0.707103823866305));
#2454=DIRECTION('ref_axis',(0.,0.707103823866305,-0.707109738494421));
#2455=DIRECTION('center_axis',(0.,-0.707106781186545,0.70710678118655));
#2456=DIRECTION('ref_axis',(0.,0.70710678118655,0.707106781186545));
#2457=DIRECTION('center_axis',(0.,-0.707106781186545,0.70710678118655));
#2458=DIRECTION('ref_axis',(0.,0.70710678118655,0.707106781186545));
#2459=DIRECTION('center_axis',(-3.37324437430902E-17,0.707107308022348,
-0.707106254350355));
#2460=DIRECTION('ref_axis',(9.81309980072264E-18,0.707106254350355,0.707107308022348));
#2461=DIRECTION('center_axis',(-1.,-2.06990730163454E-16,0.));
#2462=DIRECTION('ref_axis',(2.06990730163454E-16,-1.,0.));
#2463=DIRECTION('',(2.06990730163454E-16,-1.,-3.85550290245042E-24));
#2464=DIRECTION('',(0.,0.,1.));
#2465=DIRECTION('center_axis',(-1.86264520126377E-8,0.,-1.));
#2466=DIRECTION('ref_axis',(-1.,0.,1.86264520126377E-8));
#2467=DIRECTION('center_axis',(-1.86264520126377E-8,0.,-1.));
#2468=DIRECTION('ref_axis',(-0.707106781186548,0.707106781186547,1.3170890527582E-8));
#2469=DIRECTION('center_axis',(0.,0.,1.));
#2470=DIRECTION('ref_axis',(-0.707106781186548,0.707106781186547,0.));
#2471=DIRECTION('',(0.,0.,-1.));
#2472=DIRECTION('',(0.,0.,1.));
#2473=DIRECTION('center_axis',(0.,1.,0.));
#2474=DIRECTION('ref_axis',(-1.,0.,0.));
#2475=DIRECTION('center_axis',(0.,1.,0.));
#2476=DIRECTION('ref_axis',(-1.,0.,0.));
#2477=DIRECTION('center_axis',(0.,1.,0.));
#2478=DIRECTION('ref_axis',(0.,0.,-1.));
#2479=DIRECTION('',(-1.,0.,0.));
#2480=DIRECTION('',(-0.447213595499958,0.,-0.894427190999916));
#2481=DIRECTION('center_axis',(0.894427190999916,0.,-0.447213595499958));
#2482=DIRECTION('ref_axis',(-0.447213595499958,0.,-0.894427190999916));
#2483=DIRECTION('',(0.,-1.,0.));
#2484=DIRECTION('',(0.447213595499958,7.75791922889772E-18,0.894427190999916));
#2485=DIRECTION('center_axis',(0.,0.196116135138184,-0.98058067569092));
#2486=DIRECTION('ref_axis',(-1.,0.,0.));
#2487=DIRECTION('',(1.,0.,0.));
#2488=DIRECTION('',(0.0975900072948539,-0.975900072948533,-0.195180014589707));
#2489=DIRECTION('center_axis',(0.,0.,-1.));
#2490=DIRECTION('ref_axis',(1.,0.,0.));
#2491=DIRECTION('',(0.,1.,0.));
#2492=DIRECTION('',(1.,0.,0.));
#2493=DIRECTION('center_axis',(0.,-0.707106781186548,0.707106781186548));
#2494=DIRECTION('ref_axis',(1.,0.,0.));
#2495=DIRECTION('',(-0.577350269189627,0.577350269189625,0.577350269189625));
#2496=DIRECTION('',(1.,0.,0.));
#2497=DIRECTION('',(-0.577350269189627,-0.577350269189625,-0.577350269189625));
#2498=DIRECTION('center_axis',(0.,1.,0.));
#2499=DIRECTION('ref_axis',(0.,0.,1.));
#2500=DIRECTION('',(0.,0.,1.));
#2501=DIRECTION('',(1.,0.,0.));
#2502=DIRECTION('',(0.,0.,1.));
#2503=DIRECTION('',(-1.,0.,0.));
#2504=DIRECTION('',(0.,0.,-1.));
#2505=DIRECTION('',(0.,0.,1.));
#2506=DIRECTION('center_axis',(0.707106781186548,0.,0.707106781186548));
#2507=DIRECTION('ref_axis',(0.707106781186548,0.,-0.707106781186548));
#2508=DIRECTION('',(0.707106781186548,6.54205191118239E-16,-0.707106781186548));
#2509=DIRECTION('',(0.,1.,0.));
#2510=DIRECTION('',(-0.577350269189626,0.577350269189626,0.577350269189626));
#2511=DIRECTION('center_axis',(0.,-0.707106781186548,0.707106781186548));
#2512=DIRECTION('ref_axis',(1.,0.,0.));
#2513=DIRECTION('',(0.577350269189624,0.577350269189626,0.577350269189626));
#2514=DIRECTION('center_axis',(-0.707106781186549,0.,0.707106781186546));
#2515=DIRECTION('ref_axis',(0.707106781186546,0.,0.707106781186549));
#2516=DIRECTION('',(0.,-1.,0.));
#2517=DIRECTION('',(0.707106781186546,0.,0.707106781186549));
#2518=DIRECTION('center_axis',(0.,0.,1.));
#2519=DIRECTION('ref_axis',(1.,-5.44676186921056E-16,0.));
#2520=DIRECTION('',(0.,-0.707106781186547,0.707106781186548));
#2521=DIRECTION('center_axis',(0.,0.,-1.));
#2522=DIRECTION('ref_axis',(1.,-5.44676186921056E-16,0.));
#2523=DIRECTION('center_axis',(1.47196168001604E-16,0.707106781186548,0.707106781186547));
#2524=DIRECTION('ref_axis',(1.,0.,-2.08166817117217E-16));
#2525=DIRECTION('',(0.,-0.707106781186547,0.707106781186548));
#2526=DIRECTION('',(-1.,2.08166817117217E-16,0.));
#2527=DIRECTION('center_axis',(0.,0.,1.));
#2528=DIRECTION('ref_axis',(0.,-1.,0.));
#2529=DIRECTION('',(-0.707106781186547,-3.2710259555912E-16,0.707106781186548));
#2530=DIRECTION('center_axis',(0.,0.,-1.));
#2531=DIRECTION('ref_axis',(0.,-1.,0.));
#2532=DIRECTION('center_axis',(0.707106781186546,0.,0.707106781186549));
#2533=DIRECTION('ref_axis',(0.707106781186549,0.,-0.707106781186546));
#2534=DIRECTION('',(0.,1.,0.));
#2535=DIRECTION('center_axis',(0.,0.,-1.));
#2536=DIRECTION('ref_axis',(1.,0.,0.));
#2537=DIRECTION('',(0.,-0.707106781186548,-0.707106781186547));
#2538=DIRECTION('center_axis',(0.,0.,1.));
#2539=DIRECTION('ref_axis',(1.,0.,0.));
#2540=DIRECTION('center_axis',(-9.81307786677362E-17,-0.707106781186549,
0.707106781186546));
#2541=DIRECTION('ref_axis',(1.,0.,1.38777878078145E-16));
#2542=DIRECTION('',(0.,-0.707106781186546,-0.707106781186549));
#2543=DIRECTION('',(1.,-1.38777878078145E-16,0.));
#2544=DIRECTION('center_axis',(0.,0.,-1.));
#2545=DIRECTION('ref_axis',(0.,-1.,0.));
#2546=DIRECTION('',(-0.707106781186548,0.,-0.707106781186548));
#2547=DIRECTION('center_axis',(0.,0.,1.));
#2548=DIRECTION('ref_axis',(0.,-1.,0.));
#2549=DIRECTION('center_axis',(-0.707106781186546,0.,0.707106781186549));
#2550=DIRECTION('ref_axis',(0.707106781186549,0.,0.707106781186546));
#2551=DIRECTION('',(0.,-1.,0.));
#2552=DIRECTION('center_axis',(-1.,0.,0.));
#2553=DIRECTION('ref_axis',(0.,-1.,0.));
#2554=DIRECTION('',(0.,0.,1.));
#2555=DIRECTION('center_axis',(-2.08166817117217E-16,-1.,0.));
#2556=DIRECTION('ref_axis',(1.,-2.08166817117217E-16,0.));
#2557=DIRECTION('',(0.,0.,1.));
#2558=DIRECTION('',(0.,0.,1.));
#2559=DIRECTION('center_axis',(0.,0.,1.));
#2560=DIRECTION('ref_axis',(0.,-1.,0.));
#2561=DIRECTION('center_axis',(1.,0.,0.));
#2562=DIRECTION('ref_axis',(0.,1.,0.));
#2563=DIRECTION('',(0.,0.,1.));
#2564=DIRECTION('center_axis',(0.,0.,1.));
#2565=DIRECTION('ref_axis',(1.,-5.44676186921056E-16,0.));
#2566=DIRECTION('center_axis',(-0.894427190999915,0.,-0.44721359549996));
#2567=DIRECTION('ref_axis',(-0.44721359549996,0.,0.894427190999915));
#2568=DIRECTION('',(0.44721359549996,4.65475153733867E-18,-0.894427190999915));
#2569=DIRECTION('center_axis',(-1.38777878078145E-17,1.,-1.73472347597681E-18));
#2570=DIRECTION('ref_axis',(0.,1.73472347597681E-18,1.));
#2571=DIRECTION('center_axis',(0.,0.,1.));
#2572=DIRECTION('ref_axis',(1.,0.,0.));
#2573=DIRECTION('center_axis',(0.,0.,-1.));
#2574=DIRECTION('ref_axis',(0.,-1.,0.));
#2575=DIRECTION('',(1.,0.,0.));
#2576=DIRECTION('center_axis',(0.,0.,-1.));
#2577=DIRECTION('ref_axis',(0.,1.,0.));
#2578=DIRECTION('',(-1.,0.,0.));
#2579=DIRECTION('center_axis',(0.707106781186546,-0.707106781186549,0.));
#2580=DIRECTION('ref_axis',(0.,0.,-1.));
#2581=DIRECTION('',(0.,0.,1.));
#2582=DIRECTION('',(-0.577350269189628,-0.577350269189625,0.577350269189625));
#2583=DIRECTION('center_axis',(-0.707106781186546,-0.707106781186549,0.));
#2584=DIRECTION('ref_axis',(0.,0.,1.));
#2585=DIRECTION('',(-0.577350269189628,0.577350269189625,-0.577350269189625));
#2586=DIRECTION('',(0.,0.,-1.));
#2587=DIRECTION('center_axis',(0.,0.,1.));
#2588=DIRECTION('ref_axis',(0.,1.,0.));
#2589=DIRECTION('center_axis',(0.,0.,-1.));
#2590=DIRECTION('ref_axis',(0.,1.,0.));
#2591=DIRECTION('',(0.,0.,-1.));
#2592=DIRECTION('',(0.,0.,-1.));
#2593=DIRECTION('center_axis',(0.,1.,0.));
#2594=DIRECTION('ref_axis',(-1.,0.,0.));
#2595=DIRECTION('',(-1.,0.,0.));
#2596=DIRECTION('',(0.,0.,-1.));
#2597=DIRECTION('center_axis',(0.,0.,1.));
#2598=DIRECTION('ref_axis',(0.,-1.,0.));
#2599=DIRECTION('center_axis',(0.,0.,-1.));
#2600=DIRECTION('ref_axis',(0.,-1.,0.));
#2601=DIRECTION('',(0.,0.,-1.));
#2602=DIRECTION('center_axis',(0.,-1.,0.));
#2603=DIRECTION('ref_axis',(1.,0.,0.));
#2604=DIRECTION('',(1.,0.,0.));
#2605=DIRECTION('center_axis',(-1.,0.,0.));
#2606=DIRECTION('ref_axis',(0.,1.,0.));
#2607=DIRECTION('',(0.,0.,-1.));
#2608=DIRECTION('',(0.,1.,0.));
#2609=DIRECTION('center_axis',(0.,0.,1.));
#2610=DIRECTION('ref_axis',(1.,0.,0.));
#2611=DIRECTION('',(0.,-1.,0.));
#2612=DIRECTION('center_axis',(0.,0.,1.));
#2613=DIRECTION('ref_axis',(-1.,0.,0.));
#2614=DIRECTION('',(1.,-1.38777878078145E-16,0.));
#2615=DIRECTION('center_axis',(0.,0.,1.));
#2616=DIRECTION('ref_axis',(0.,1.,0.));
#2617=DIRECTION('center_axis',(1.,0.,0.));
#2618=DIRECTION('ref_axis',(0.,-1.,0.));
#2619=DIRECTION('',(0.,0.,-1.));
#2620=DIRECTION('center_axis',(0.,-0.707106781186548,-0.707106781186547));
#2621=DIRECTION('ref_axis',(-1.,0.,0.));
#2622=DIRECTION('',(1.,0.,0.));
#2623=DIRECTION('center_axis',(0.,1.,0.));
#2624=DIRECTION('ref_axis',(0.,0.,1.));
#2625=DIRECTION('center_axis',(0.,0.,-1.));
#2626=DIRECTION('ref_axis',(-1.,0.,0.));
#2627=DIRECTION('',(0.,0.,-1.));
#2628=DIRECTION('center_axis',(0.,0.,-1.));
#2629=DIRECTION('ref_axis',(0.,1.,0.));
#2630=DIRECTION('',(0.,0.,-1.));
#2631=DIRECTION('center_axis',(-1.38777878078145E-16,-1.,0.));
#2632=DIRECTION('ref_axis',(-1.,1.38777878078145E-16,0.));
#2633=DIRECTION('center_axis',(0.,1.,0.));
#2634=DIRECTION('ref_axis',(1.,0.,0.));
#2635=DIRECTION('',(-1.,0.,0.));
#2636=DIRECTION('',(0.,0.,-1.));
#2637=DIRECTION('',(1.,0.,0.));
#2638=DIRECTION('',(0.,0.,-1.));
#2639=DIRECTION('center_axis',(-0.942053392164369,0.335462973085863,0.));
#2640=DIRECTION('ref_axis',(0.335462973085863,0.942053392164368,0.));
#2641=DIRECTION('',(-0.335462973085863,-0.942053392164368,0.));
#2642=DIRECTION('',(0.335462973085863,0.942053392164368,0.));
#2643=DIRECTION('',(0.,0.,-1.));
#2644=DIRECTION('center_axis',(0.,1.,0.));
#2645=DIRECTION('ref_axis',(1.,0.,0.));
#2646=DIRECTION('',(-1.,0.,0.));
#2647=DIRECTION('',(1.,0.,0.));
#2648=DIRECTION('',(0.,0.,-1.));
#2649=DIRECTION('center_axis',(0.959989510641345,0.280035961009636,0.));
#2650=DIRECTION('ref_axis',(0.280035961009636,-0.959989510641345,0.));
#2651=DIRECTION('',(-0.280035961009636,0.959989510641345,0.));
#2652=DIRECTION('',(0.280035961009636,-0.959989510641345,0.));
#2653=DIRECTION('',(0.,0.,-1.));
#2654=DIRECTION('center_axis',(0.,1.,0.));
#2655=DIRECTION('ref_axis',(1.,0.,0.));
#2656=DIRECTION('',(-1.,0.,0.));
#2657=DIRECTION('',(1.,0.,0.));
#2658=DIRECTION('',(0.,0.,-1.));
#2659=DIRECTION('center_axis',(-0.960071179484555,-0.279755840552321,0.));
#2660=DIRECTION('ref_axis',(-0.279755840552321,0.960071179484555,0.));
#2661=DIRECTION('',(0.279755840552321,-0.960071179484555,0.));
#2662=DIRECTION('',(-0.279755840552321,0.960071179484555,0.));
#2663=DIRECTION('',(0.,0.,-1.));
#2664=DIRECTION('center_axis',(0.,-1.,0.));
#2665=DIRECTION('ref_axis',(-1.,0.,0.));
#2666=DIRECTION('',(1.,0.,0.));
#2667=DIRECTION('',(-1.,0.,0.));
#2668=DIRECTION('',(0.,0.,-1.));
#2669=DIRECTION('center_axis',(0.941822494840491,-0.336110678515923,0.));
#2670=DIRECTION('ref_axis',(-0.336110678515923,-0.941822494840491,0.));
#2671=DIRECTION('',(0.336110678515923,0.941822494840491,0.));
#2672=DIRECTION('',(-0.336110678515923,-0.941822494840491,0.));
#2673=DIRECTION('',(0.,0.,-1.));
#2674=DIRECTION('center_axis',(-0.960094852744494,-0.279674585426577,0.));
#2675=DIRECTION('ref_axis',(-0.279674585426577,0.960094852744494,0.));
#2676=DIRECTION('',(0.279674585426577,-0.960094852744494,0.));
#2677=DIRECTION('',(-0.279674585426577,0.960094852744494,0.));
#2678=DIRECTION('',(0.,0.,-1.));
#2679=DIRECTION('center_axis',(0.,-1.,0.));
#2680=DIRECTION('ref_axis',(-1.,0.,0.));
#2681=DIRECTION('',(1.,0.,0.));
#2682=DIRECTION('',(-1.,0.,0.));
#2683=DIRECTION('',(0.,0.,-1.));
#2684=DIRECTION('center_axis',(0.941820341404099,-0.336116712642299,0.));
#2685=DIRECTION('ref_axis',(-0.336116712642299,-0.941820341404099,0.));
#2686=DIRECTION('',(0.336116712642299,0.941820341404099,0.));
#2687=DIRECTION('',(-0.336116712642299,-0.941820341404099,0.));
#2688=DIRECTION('',(0.,0.,-1.));
#2689=DIRECTION('center_axis',(0.,1.,0.));
#2690=DIRECTION('ref_axis',(1.,0.,0.));
#2691=DIRECTION('',(-1.,0.,0.));
#2692=DIRECTION('',(1.,0.,0.));
#2693=DIRECTION('',(0.,0.,-1.));
#2694=DIRECTION('center_axis',(-0.94205341572625,0.335462906918939,0.));
#2695=DIRECTION('ref_axis',(0.335462906918939,0.94205341572625,0.));
#2696=DIRECTION('',(-0.335462906918939,-0.94205341572625,0.));
#2697=DIRECTION('',(0.335462906918939,0.94205341572625,0.));
#2698=DIRECTION('',(0.,0.,-1.));
#2699=DIRECTION('center_axis',(0.,1.,0.));
#2700=DIRECTION('ref_axis',(1.,0.,0.));
#2701=DIRECTION('',(-1.,0.,0.));
#2702=DIRECTION('',(1.,0.,0.));
#2703=DIRECTION('',(0.,0.,-1.));
#2704=DIRECTION('center_axis',(0.959989510641345,0.280035961009636,0.));
#2705=DIRECTION('ref_axis',(0.280035961009636,-0.959989510641345,0.));
#2706=DIRECTION('',(-0.280035961009636,0.959989510641345,0.));
#2707=DIRECTION('',(0.280035961009636,-0.959989510641345,0.));
#2708=DIRECTION('center_axis',(0.,0.,1.));
#2709=DIRECTION('ref_axis',(-1.,0.,0.));
#2710=DIRECTION('center_axis',(0.,0.,-1.));
#2711=DIRECTION('ref_axis',(-1.,0.,0.));
#2712=DIRECTION('',(0.,0.,1.));
#2713=DIRECTION('',(1.,0.,0.));
#2714=CARTESIAN_POINT('',(0.,0.,0.));
#2715=CARTESIAN_POINT('',(0.,0.,0.));
#2716=CARTESIAN_POINT('Origin',(9.64999977201223,-1.27267876324728,4.81187481802991));
#2717=CARTESIAN_POINT('',(9.79999977201224,-1.12267876324728,5.11187481802991));
#2718=CARTESIAN_POINT('',(9.64999981343331,-1.2726787218262,4.96187463593331));
#2719=CARTESIAN_POINT('',(11.3012508541843,0.378572318924784,6.61312813724373));
#2720=CARTESIAN_POINT('',(9.79999977201224,-1.12267876324728,5.26187481802991));
#2721=CARTESIAN_POINT('',(9.79999977201224,-1.12267876324728,4.81187481802991));
#2722=CARTESIAN_POINT('',(9.64999977201224,-1.27267876324728,5.41187481802991));
#2723=CARTESIAN_POINT('',(11.4762524200526,0.55357388479304,3.5856221699896));
#2724=CARTESIAN_POINT('',(9.49999977201223,-1.42267831621243,5.41187481802991));
#2725=CARTESIAN_POINT('',(23.1643790467526,12.241700511493,5.41187481802991));
#2726=CARTESIAN_POINT('',(9.49999977201223,-1.42267831621243,4.96187463872727));
#2727=CARTESIAN_POINT('',(9.49999977201223,-1.42267831621243,4.51187481802991));
#2728=CARTESIAN_POINT('',(7.26437878304866,-3.65829975221084,4.96187468036896));
#2729=CARTESIAN_POINT('Origin',(19.7075156602541,-1.12267876324728,5.11187481802991));
#2730=CARTESIAN_POINT('',(21.6825155149679,-1.12267876324728,5.11187481802991));
#2731=CARTESIAN_POINT('',(19.7075156602541,-1.12267876324728,5.11187481802991));
#2732=CARTESIAN_POINT('',(21.6825155149679,-1.12267876324728,5.26187481802991));
#2733=CARTESIAN_POINT('',(21.6825155149679,-1.12267876324728,4.90562481802991));
#2734=CARTESIAN_POINT('',(19.7075156602541,-1.12267876324728,5.26187481802991));
#2735=CARTESIAN_POINT('Origin',(19.7075156602541,-1.27267853972986,4.96187481802991));
#2736=CARTESIAN_POINT('',(21.5325153350602,-1.27267894315497,4.9618744146042));
#2737=CARTESIAN_POINT('',(9.73251551003201,-1.27267872336317,4.96187463439633));
#2738=CARTESIAN_POINT('',(21.2179327139374,-1.58726156427774,4.6472913247161));
#2739=CARTESIAN_POINT('Origin',(-0.242484633670832,-0.922678316212433,4.96187482019519));
#2740=CARTESIAN_POINT('',(21.3825159620027,-1.42267831621243,4.96187441739816));
#2741=CARTESIAN_POINT('',(-0.367484633391613,-1.42267831621243,4.9618748225235));
#2742=CARTESIAN_POINT('',(16.0762658143067,-6.72892846390847,4.96187451437212));
#2743=CARTESIAN_POINT('Origin',(3.04477720460225,-1.27267876324728,4.81187481802991));
#2744=CARTESIAN_POINT('',(2.89477720460225,-1.12267876324728,5.26187481802991));
#2745=CARTESIAN_POINT('',(3.04477720460225,-1.27267876324728,5.41187481802991));
#2746=CARTESIAN_POINT('',(5.67190028054423,-3.89980183918926,8.03899789397189));
#2747=CARTESIAN_POINT('',(2.89477720460225,-1.12267876324728,5.11187481802991));
#2748=CARTESIAN_POINT('',(2.89477720460225,-1.12267876324728,4.81187481802991));
#2749=CARTESIAN_POINT('',(3.04477704014949,-1.27267859879451,4.96187475896517));
#2750=CARTESIAN_POINT('',(5.84689742237572,-4.07479898102074,2.15975020124799));
#2751=CARTESIAN_POINT('',(3.19477720460225,-1.42267831621243,4.9618747561712));
#2752=CARTESIAN_POINT('',(2.13546163397376,-0.363363192618787,4.96187477590249));
#2753=CARTESIAN_POINT('',(3.19477720460225,-1.42267831621243,5.41187481802991));
#2754=CARTESIAN_POINT('',(3.19477720460225,-1.42267831621243,4.51187481802991));
#2755=CARTESIAN_POINT('',(2.16046166670967,-0.3883632253547,5.41187481802991));
#2756=CARTESIAN_POINT('Origin',(19.7075156602541,-1.12267876324728,5.26187481802991));
#2757=CARTESIAN_POINT('',(0.847582239099209,-1.27267876324728,5.41187481802991));
#2758=CARTESIAN_POINT('',(25.6575158111284,-1.27267876324728,5.41187481802991));
#2759=CARTESIAN_POINT('',(0.55395070454215,-1.12267876324728,5.26187481802991));
#2760=CARTESIAN_POINT('Origin',(1.6075153585057,0.577321683787566,3.56187437099507));
#2761=CARTESIAN_POINT('',(19.7075156602541,-1.12267876324728,5.26187481802991));
#2762=CARTESIAN_POINT('Origin',(31.6075159620027,30.8273221457236,5.41187481802991));
#2763=CARTESIAN_POINT('',(1.6075153585057,-1.42267831621243,5.41187481802991));
#2764=CARTESIAN_POINT('',(9.70751550937991,-1.42267831621243,5.41187481802991));
#2765=CARTESIAN_POINT('Origin',(1.6075153585057,0.577321683787566,5.41187481802991));
#2766=CARTESIAN_POINT('Origin',(-0.492484641494297,-1.42267831621243,4.51187481802991));
#2767=CARTESIAN_POINT('',(21.3825159620027,-1.42267831621243,5.41187481802991));
#2768=CARTESIAN_POINT('',(9.70751550937991,-1.42267831621243,5.41187481802991));
#2769=CARTESIAN_POINT('',(21.3825159620027,-1.42267831621243,5.76187481802991));
#2770=CARTESIAN_POINT('',(21.3825159620027,-1.42267831621243,4.51187481802991));
#2771=CARTESIAN_POINT('',(29.3825159620027,-1.42267831621243,5.76187481802991));
#2772=CARTESIAN_POINT('',(10.4450156602542,-1.42267831621243,5.76187481802991));
#2773=CARTESIAN_POINT('',(29.3825159620027,-1.42267831621243,5.41187481802991));
#2774=CARTESIAN_POINT('',(29.3825159620027,-1.42267831621243,4.88687481802991));
#2775=CARTESIAN_POINT('',(31.9075159620027,-1.42267831621243,5.41187481802991));
#2776=CARTESIAN_POINT('',(15.5575156602542,-1.42267831621243,5.41187481802991));
#2777=CARTESIAN_POINT('',(31.9075159620027,-1.42267831621243,6.01187481802991));
#2778=CARTESIAN_POINT('',(31.9075159620027,-1.42267831621243,4.51187481802991));
#2779=CARTESIAN_POINT('',(1.6075153585057,-1.42267831621243,6.01187481802991));
#2780=CARTESIAN_POINT('',(8.13251550937996,-1.42267831621243,6.01187481802991));
#2781=CARTESIAN_POINT('',(1.6075153585057,-1.42267831621243,4.51187481802991));
#2782=CARTESIAN_POINT('',(1.6075153585057,-1.42267831621243,4.96187478573626));
#2783=CARTESIAN_POINT('',(-0.367484633391613,-1.42267831621243,4.9618748225235));
#2784=CARTESIAN_POINT('',(1.6075153585057,-1.42267831621243,4.51187481802991));
#2785=CARTESIAN_POINT('',(1.6075153585057,-1.42267831621243,4.51187481802991));
#2786=CARTESIAN_POINT('',(21.3825159620027,-1.42267831621243,4.51187481802991));
#2787=CARTESIAN_POINT('',(-0.492484641494297,-1.42267831621243,4.51187481802991));
#2788=CARTESIAN_POINT('',(21.3825159620027,-1.42267831621243,4.51187481802991));
#2789=CARTESIAN_POINT('Origin',(16.7575156602542,14.9773219147556,4.51187481802991));
#2790=CARTESIAN_POINT('',(-0.392484641494299,0.577321683787564,4.51187481802991));
#2791=CARTESIAN_POINT('Origin',(1.6075153585057,0.577321683787566,4.51187481802991));
#2792=CARTESIAN_POINT('',(-0.392484641494304,28.3773221457236,4.51187481802991));
#2793=CARTESIAN_POINT('',(-0.392484641494303,21.7273220302396,4.51187481802991));
#2794=CARTESIAN_POINT('',(2.1075153585057,30.8773221457236,4.51187481802991));
#2795=CARTESIAN_POINT('Origin',(2.1075153585057,28.3773221457236,4.51187481802991));
#2796=CARTESIAN_POINT('',(31.4075159620027,30.8773221457236,4.51187481802991));
#2797=CARTESIAN_POINT('',(24.1325158111285,30.8773221457236,4.51187481802991));
#2798=CARTESIAN_POINT('',(33.9075159620027,28.3773221457236,4.51187481802991));
#2799=CARTESIAN_POINT('Origin',(31.4075159620027,28.3773221457236,4.51187481802991));
#2800=CARTESIAN_POINT('',(33.9075159620027,0.577321683787567,4.51187481802991));
#2801=CARTESIAN_POINT('',(33.9075159620027,6.97732179927157,4.51187481802991));
#2802=CARTESIAN_POINT('',(31.9075159620027,-1.42267831621243,4.51187481802991));
#2803=CARTESIAN_POINT('Origin',(31.9075159620027,0.577321683787567,4.51187481802991));
#2804=CARTESIAN_POINT('',(29.3825159620027,-1.42267831621243,4.51187481802991));
#2805=CARTESIAN_POINT('',(8.13251550937996,-1.42267831621243,4.51187481802991));
#2806=CARTESIAN_POINT('',(28.8825159620027,-0.922678316212433,4.51187481802991));
#2807=CARTESIAN_POINT('',(22.1012658288236,5.85857181696667,4.51187481802991));
#2808=CARTESIAN_POINT('',(21.8825159620027,-0.922678316212433,4.51187481802991));
#2809=CARTESIAN_POINT('',(21.0700158111285,-0.922678316212433,4.51187481802991));
#2810=CARTESIAN_POINT('',(24.3512659443076,1.54607166609242,4.51187481802991));
#2811=CARTESIAN_POINT('',(32.5000004768372,18.4511257366999,4.51187481802991));
#2812=CARTESIAN_POINT('',(9.49999977201223,18.4511257366999,4.51187481802991));
#2813=CARTESIAN_POINT('',(23.3787580536445,18.4511257366999,4.51187481802991));
#2814=CARTESIAN_POINT('',(9.49999977201223,-0.522678316212443,4.51187481802991));
#2815=CARTESIAN_POINT('',(9.49999977201223,7.28866096184813,4.51187481802991));
#2816=CARTESIAN_POINT('',(29.6999993517995,-0.522678316212443,4.51187481802991));
#2817=CARTESIAN_POINT('',(18.17875761108,-0.522678316212444,4.51187481802991));
#2818=CARTESIAN_POINT('',(29.6999993517995,6.50000017136336,4.51187481802991));
#2819=CARTESIAN_POINT('',(29.6999993517995,7.28866096184813,4.51187481802991));
#2820=CARTESIAN_POINT('',(32.5000004768372,6.50000017136335,4.51187481802991));
#2821=CARTESIAN_POINT('',(23.3787580536445,6.50000017136336,4.51187481802991));
#2822=CARTESIAN_POINT('',(32.5000004768372,13.2386610430595,4.51187481802991));
#2823=CARTESIAN_POINT('',(5.3475153585057,-0.681416462665308,4.51187481802991));
#2824=CARTESIAN_POINT('',(7.3475153585057,-0.681416462665308,4.51187481802991));
#2825=CARTESIAN_POINT('',(11.05251550938,-0.681416462665309,4.51187481802991));
#2826=CARTESIAN_POINT('',(8.87625351240916,0.847321691238145,4.51187481802991));
#2827=CARTESIAN_POINT('Origin',(7.3475153585057,0.847321691238146,4.51187481802991));
#2828=CARTESIAN_POINT('',(8.87625351240916,15.8473216912381,4.51187481802991));
#2829=CARTESIAN_POINT('',(8.87625351240915,7.91232180299685,4.51187481802991));
#2830=CARTESIAN_POINT('',(3.81877720460225,15.8473216912381,4.51187481802991));
#2831=CARTESIAN_POINT('',(12.8168845863317,15.8473216912381,4.51187481802991));
#2832=CARTESIAN_POINT('',(3.81877720460225,0.847321691238145,4.51187481802991));
#2833=CARTESIAN_POINT('',(3.81877720460225,15.4123218029969,4.51187481802991));
#2834=CARTESIAN_POINT('Origin',(5.3475153585057,0.847321691238146,4.51187481802991));
#2835=CARTESIAN_POINT('Origin',(31.6075159620027,30.8273221457236,5.41187481802991));
#2836=CARTESIAN_POINT('',(21.5325155149679,-1.27267876324728,5.41187481802991));
#2837=CARTESIAN_POINT('',(25.6575158111284,-1.27267876324728,5.41187481802991));
#2838=CARTESIAN_POINT('',(21.1262657748069,-1.6789285034083,5.41187481802991));
#2839=CARTESIAN_POINT('Origin',(19.7075156602541,-1.12267876324728,5.26187481802991));
#2840=CARTESIAN_POINT('',(21.4304323548605,-1.37476192335462,5.51395797813726));
#2841=CARTESIAN_POINT('Origin',(32.0000004768372,11.5000001713634,4.51187481802991));
#2842=CARTESIAN_POINT('',(32.0000004768372,18.4511257366999,5.01187481802992));
#2843=CARTESIAN_POINT('',(32.0000004768372,18.4511257366999,5.51187481802991));
#2844=CARTESIAN_POINT('',(32.0000004768372,18.4511257366999,5.01187481802991));
#2845=CARTESIAN_POINT('',(32.0000004768372,9.00000017136335,5.01187481802991));
#2846=CARTESIAN_POINT('',(32.0000004768372,13.2386610430595,5.01187481802991));
#2847=CARTESIAN_POINT('',(32.0000004768372,11.5000001713634,5.51187481802991));
#2848=CARTESIAN_POINT('',(32.0000004768372,10.1538463252095,5.24264404879914));
#2849=CARTESIAN_POINT('',(32.0000004768372,17.5000002607703,5.51187481802991));
#2850=CARTESIAN_POINT('Origin',(32.2500004768372,13.2386610430595,4.76187481802991));
#2851=CARTESIAN_POINT('',(31.5000004693866,18.4511257366999,5.51187482548049));
#2852=CARTESIAN_POINT('',(31.4571384993988,11.7143100585553,5.5547367954683));
#2853=CARTESIAN_POINT('Origin',(31.9075159620027,0.577321683787567,4.51187481802991));
#2854=CARTESIAN_POINT('',(33.9075159620027,0.577321683787567,6.01187481802991));
#2855=CARTESIAN_POINT('Origin',(31.9075159620027,0.577321683787567,6.01187481802991));
#2856=CARTESIAN_POINT('',(32.6674490814092,-1.27267876324727,5.41187481802991));
#2857=CARTESIAN_POINT('Origin',(31.9075159620027,0.577321683787567,5.41187481802991));
#2858=CARTESIAN_POINT('',(32.9610806159663,-1.12267876324728,5.26187481802991));
#2859=CARTESIAN_POINT('Origin',(31.9075159620027,0.577321683787567,3.56187437099507));
#2860=CARTESIAN_POINT('',(32.9610806159663,-1.12267876324728,5.11187481802991));
#2861=CARTESIAN_POINT('',(32.9610806159663,-1.12267876324728,4.51187481802991));
#2862=CARTESIAN_POINT('',(32.6674493561985,-1.27267865037081,4.96187470738879));
#2863=CARTESIAN_POINT('Origin',(31.9075159620027,0.577321683787567,6.81187779826659));
#2864=CARTESIAN_POINT('',(31.9075159620027,-1.42267831621243,4.96187481802991));
#2865=CARTESIAN_POINT('Origin',(31.9075159620027,0.577321683787567,4.96187470738879));
#2866=CARTESIAN_POINT('',(31.9075159620027,-1.42267831621243,4.51187481802991));
#2867=CARTESIAN_POINT('',(33.9075159620027,0.577321683787567,4.96187470738879));
#2868=CARTESIAN_POINT('',(33.9075159620027,0.577321683787567,4.51187481802991));
#2869=CARTESIAN_POINT('',(33.7575173120542,-0.182609237288674,4.96187470738879));
#2870=CARTESIAN_POINT('Origin',(31.9075159620027,0.577321683787567,4.96187470738879));
#2871=CARTESIAN_POINT('',(33.607514605252,-0.476245880704911,5.11187470403603));
#2872=CARTESIAN_POINT('Origin',(31.9075159620027,0.577321683787567,6.81184263277477));
#2873=CARTESIAN_POINT('',(33.607514605252,-0.476245880704911,5.26187481802991));
#2874=CARTESIAN_POINT('',(33.607514605252,-0.476245880704911,4.51187481802991));
#2875=CARTESIAN_POINT('',(33.7575147225987,-0.182615541115387,5.41187481802991));
#2876=CARTESIAN_POINT('Origin',(31.9075159620027,0.577321683787567,3.56187750470824));
#2877=CARTESIAN_POINT('',(33.9075159620027,0.577321683787566,5.41187481802991));
#2878=CARTESIAN_POINT('Origin',(31.9075159620027,0.577321683787567,5.41187481802991));
#2879=CARTESIAN_POINT('',(33.9075159620027,0.577321683787567,4.51187481802991));
#2880=CARTESIAN_POINT('Origin',(33.607514605252,-1.02267831621243,5.11187470403603));
#2881=CARTESIAN_POINT('',(33.607514605252,29.5647588681224,5.11187470403603));
#2882=CARTESIAN_POINT('',(33.607514605252,-1.02267831621243,5.11187470403603));
#2883=CARTESIAN_POINT('',(33.607514605252,29.5647588681224,5.26187481802991));
#2884=CARTESIAN_POINT('',(33.607514605252,29.5647588681224,4.51187481802991));
#2885=CARTESIAN_POINT('',(33.607514605252,-1.02267831621243,5.26187481802991));
#2886=CARTESIAN_POINT('Origin',(33.7575169662944,-1.02267831621243,4.9618750531423));
#2887=CARTESIAN_POINT('',(33.7575173120542,29.2302545315293,4.96187470738879));
#2888=CARTESIAN_POINT('',(33.7575173120542,14.9523213427372,4.96187470738879));
#2889=CARTESIAN_POINT('Origin',(31.4075159620027,28.3773221457236,7.311833599088));
#2890=CARTESIAN_POINT('Origin',(33.9075159620027,-1.02267831621243,4.51187481802991));
#2891=CARTESIAN_POINT('',(33.9075159620027,28.3773221457236,4.96187470738879));
#2892=CARTESIAN_POINT('',(33.9075159620027,28.3773221457236,4.51187481802991));
#2893=CARTESIAN_POINT('',(33.9075159620027,14.9523213427372,4.96187470738879));
#2894=CARTESIAN_POINT('Origin',(31.6075159620027,30.8273221457236,5.41187481802991));
#2895=CARTESIAN_POINT('',(29.2325164090376,-1.27267876324728,5.41187481802991));
#2896=CARTESIAN_POINT('',(26.8012659983243,1.15857164746601,5.41187481802991));
#2897=CARTESIAN_POINT('',(25.5575158111284,-1.27267876324727,5.41187481802991));
#2898=CARTESIAN_POINT('Origin',(-0.492484641494297,-1.42267831621243,4.51187481802991));
#2899=CARTESIAN_POINT('',(29.3825159620027,-1.42267831621243,4.96187481802991));
#2900=CARTESIAN_POINT('',(9.50751550937991,-1.42267831621243,4.96187481802991));
#2901=CARTESIAN_POINT('',(29.3825159620027,-1.42267831621243,4.88687481802991));
#2902=CARTESIAN_POINT('Origin',(31.4075159620027,30.8273210016869,4.96187470738879));
#2903=CARTESIAN_POINT('',(29.2325161855202,-1.27267853972986,4.96187481802991));
#2904=CARTESIAN_POINT('',(25.5575158111284,-1.27267865037081,4.96187470738879));
#2905=CARTESIAN_POINT('',(26.8387658865656,1.12107175922472,4.96187481802991));
#2906=CARTESIAN_POINT('Origin',(31.4075159620027,30.8273210016869,4.96187470738879));
#2907=CARTESIAN_POINT('Origin',(31.4075159620027,28.3773221457236,4.96187470738879));
#2908=CARTESIAN_POINT('Origin',(19.7075156602541,-1.27267853972986,4.96187481802991));
#2909=CARTESIAN_POINT('',(29.0825164090376,-1.12267876324728,5.11187481802991));
#2910=CARTESIAN_POINT('',(19.7075156602541,-1.12267876324728,5.11187481802991));
#2911=CARTESIAN_POINT('',(27.5929342909789,0.366903354811437,6.60145915574225));
#2912=CARTESIAN_POINT('Origin',(1.6075153585057,0.577321683787566,4.51187481802991));
#2913=CARTESIAN_POINT('',(-0.24248474647645,-0.182612268320132,4.96187470738879));
#2914=CARTESIAN_POINT('',(-0.392484641494298,0.577321683787566,4.96187482298916));
#2915=CARTESIAN_POINT('Origin',(1.6075153585057,0.577321683787566,4.96187478573626));
#2916=CARTESIAN_POINT('',(-0.392484641494298,0.577321683787566,4.51187481802991));
#2917=CARTESIAN_POINT('',(0.847581739120401,-1.27267855786862,4.96187479989112));
#2918=CARTESIAN_POINT('Origin',(1.6075153585057,0.577321683787566,4.96187478573626));
#2919=CARTESIAN_POINT('',(0.55395070454215,-1.12267876324728,5.11187481802991));
#2920=CARTESIAN_POINT('Origin',(1.6075153585057,0.577321683787566,6.81187779826659));
#2921=CARTESIAN_POINT('',(0.55395070454215,-1.12267876324728,4.51187481802991));
#2922=CARTESIAN_POINT('',(-0.392484641494298,0.577321683787566,6.01187481802991));
#2923=CARTESIAN_POINT('Origin',(1.6075153585057,0.577321683787566,6.01187481802991));
#2924=CARTESIAN_POINT('',(-0.392484641494298,0.577321683787566,5.41187469733051));
#2925=CARTESIAN_POINT('',(-0.392484641494298,0.577321683787566,4.51187481802991));
#2926=CARTESIAN_POINT('',(-0.242484754370691,-0.182612249102217,5.41187481802991));
#2927=CARTESIAN_POINT('Origin',(1.6075153585057,0.577321683787566,5.41187481802991));
#2928=CARTESIAN_POINT('',(-0.0924846370239507,-0.47624369871092,5.26187481802991));
#2929=CARTESIAN_POINT('Origin',(1.6075153585057,0.577321683787566,3.56187615242893));
#2930=CARTESIAN_POINT('',(-0.0924846370239507,-0.47624369871092,5.11187470403603));
#2931=CARTESIAN_POINT('',(-0.0924846370239507,-0.47624369871092,4.51187481802991));
#2932=CARTESIAN_POINT('Origin',(1.6075153585057,0.577321683787566,6.81188761391087));
#2933=CARTESIAN_POINT('Origin',(-0.242484633671189,-1.02267831621243,5.41187469733051));
#2934=CARTESIAN_POINT('',(-0.242484754370691,29.2302579401893,5.41187481802991));
#2935=CARTESIAN_POINT('',(-0.242484754370691,14.9523219147556,5.41187481802991));
#2936=CARTESIAN_POINT('',(-0.0924846370239507,29.5647563627097,5.26187481802991));
#2937=CARTESIAN_POINT('Origin',(2.1075153585057,28.3773221457236,3.06187654358442));
#2938=CARTESIAN_POINT('',(-0.0924846370239508,-1.02267831621243,5.26187481802991));
#2939=CARTESIAN_POINT('Origin',(-0.392484641494303,28.4773221457236,4.51187481802991));
#2940=CARTESIAN_POINT('',(-0.392484641494304,28.3773221457236,6.01187481802991));
#2941=CARTESIAN_POINT('',(-0.392484641494303,21.7273220302396,6.01187481802991));
#2942=CARTESIAN_POINT('',(-0.392484641494303,28.3773221457236,5.41187481802991));
#2943=CARTESIAN_POINT('',(-0.392484641494303,28.3773221457236,4.51187481802991));
#2944=CARTESIAN_POINT('',(-0.3924846414943,13.7273219147556,5.41187469733051));
#2945=CARTESIAN_POINT('Origin',(16.7575156602542,14.9773219147556,6.01187481802991));
#2946=CARTESIAN_POINT('',(33.9075159620027,28.3773221457236,6.01187481802991));
#2947=CARTESIAN_POINT('',(33.9075159620027,6.97732179927157,6.01187481802991));
#2948=CARTESIAN_POINT('',(31.4075159620027,30.8773221457236,6.01187481802991));
#2949=CARTESIAN_POINT('Origin',(31.4075159620027,28.3773221457236,6.01187481802991));
#2950=CARTESIAN_POINT('',(2.1075153585057,30.8773221457236,6.01187481802991));
#2951=CARTESIAN_POINT('',(31.5075159620027,30.8773221457236,6.01187481802991));
#2952=CARTESIAN_POINT('Origin',(2.1075153585057,28.3773221457236,6.01187481802991));
#2953=CARTESIAN_POINT('',(7.3475153585057,-0.981416462665307,6.01187481802991));
#2954=CARTESIAN_POINT('',(9.17625351240915,0.847321691238145,6.01187481802991));
#2955=CARTESIAN_POINT('Origin',(7.3475153585057,0.847321691238146,6.01187481802991));
#2956=CARTESIAN_POINT('',(5.3475153585057,-0.981416462665308,6.01187481802991));
#2957=CARTESIAN_POINT('',(11.05251550938,-0.981416462665309,6.01187481802991));
#2958=CARTESIAN_POINT('',(3.51877720460225,0.847321691238145,6.01187481802991));
#2959=CARTESIAN_POINT('Origin',(5.3475153585057,0.847321691238146,6.01187481802991));
#2960=CARTESIAN_POINT('',(3.51877720460225,16.1473216912381,6.01187481802991));
#2961=CARTESIAN_POINT('',(3.51877720460225,15.4123218029969,6.01187481802991));
#2962=CARTESIAN_POINT('',(4.5275153585057,16.1473216912381,6.01187481802991));
#2963=CARTESIAN_POINT('',(11.41751550938,16.1473216912381,6.01187481802991));
#2964=CARTESIAN_POINT('',(4.5275153585057,0.847321691238146,6.01187481802991));
#2965=CARTESIAN_POINT('',(4.5275153585057,7.91232180299685,6.01187481802991));
#2966=CARTESIAN_POINT('',(5.3475153585057,0.0273216912381445,6.01187481802991));
#2967=CARTESIAN_POINT('Origin',(5.3475153585057,0.847321691238146,6.01187481802991));
#2968=CARTESIAN_POINT('',(7.3475153585057,0.0273216912381456,6.01187481802991));
#2969=CARTESIAN_POINT('',(12.05251550938,0.0273216912381435,6.01187481802991));
#2970=CARTESIAN_POINT('',(8.1675153585057,0.847321691238145,6.01187481802991));
#2971=CARTESIAN_POINT('Origin',(7.3475153585057,0.847321691238146,6.01187481802991));
#2972=CARTESIAN_POINT('',(8.1675153585057,16.1473216912381,6.01187481802991));
#2973=CARTESIAN_POINT('',(8.1675153585057,10.9123218029969,6.01187481802991));
#2974=CARTESIAN_POINT('',(9.17625351240915,16.1473216912381,6.01187481802991));
#2975=CARTESIAN_POINT('',(11.41751550938,16.1473216912381,6.01187481802991));
#2976=CARTESIAN_POINT('',(9.17625351240915,7.91232180299685,6.01187481802991));
#2977=CARTESIAN_POINT('Origin',(31.6075159620027,30.8273221457236,5.41187481802991));
#2978=CARTESIAN_POINT('Origin',(2.1075153585057,28.3773221457236,5.41187481802991));
#2979=CARTESIAN_POINT('Origin',(-0.242484633670832,-0.922678316212433,4.96187482019519));
#2980=CARTESIAN_POINT('',(9.73251551003201,-1.27267872336317,4.96187463439633));
#2981=CARTESIAN_POINT('Origin',(19.7075156602541,-1.12267876324728,5.11187481802991));
#2982=CARTESIAN_POINT('',(19.7075156602541,-1.12267876324728,5.11187481802991));
#2983=CARTESIAN_POINT('Origin',(33.607514605252,-1.02267831621243,5.26187481802991));
#2984=CARTESIAN_POINT('',(33.7575147225987,29.2302616659694,5.41187481802991));
#2985=CARTESIAN_POINT('Origin',(31.4075159620027,28.3773221457236,3.06187789586372));
#2986=CARTESIAN_POINT('',(33.7575147225987,14.9523219147556,5.41187481802991));
#2987=CARTESIAN_POINT('Origin',(-0.0924846370239508,-1.02267831621243,5.26187481802991));
#2988=CARTESIAN_POINT('',(-0.0924846370239507,29.5647563627097,5.11187470403603));
#2989=CARTESIAN_POINT('',(-0.0924846370239507,29.5647563627097,4.51187481802991));
#2990=CARTESIAN_POINT('',(-0.0924846370239508,-1.02267831621243,5.11187470403603));
#2991=CARTESIAN_POINT('Origin',(-0.0924850973308263,-1.02267831621243,5.11187539449463));
#2992=CARTESIAN_POINT('',(-0.242484633670832,29.2302582727403,4.96187482019519));
#2993=CARTESIAN_POINT('Origin',(2.1075153585057,28.3773221457236,7.31189107378633));
#2994=CARTESIAN_POINT('',(-0.24248474647645,15.0023213427372,4.96187470738879));
#2995=CARTESIAN_POINT('Origin',(19.7075156602541,-1.12267876324728,5.11187481802991));
#2996=CARTESIAN_POINT('',(29.0825164090376,-1.12267876324728,5.26187481802991));
#2997=CARTESIAN_POINT('',(19.7075156602541,-1.12267876324728,5.26187481802991));
#2998=CARTESIAN_POINT('',(29.0825164090376,-1.12267876324728,5.09312481802991));
#2999=CARTESIAN_POINT('Origin',(19.7075156602541,-1.12267876324728,5.26187481802991));
#3000=CARTESIAN_POINT('',(27.5054328018954,0.454404843894916,3.68479121088772));
#3001=CARTESIAN_POINT('Origin',(31.6075159620027,30.8273221457236,5.41187481802991));
#3002=CARTESIAN_POINT('',(33.9075159620027,28.3773221457236,5.41187481802991));
#3003=CARTESIAN_POINT('Origin',(31.4075159620027,28.3773221457236,5.41187481802991));
#3004=CARTESIAN_POINT('',(33.9075159620027,14.9523219147556,5.41187481802991));
#3005=CARTESIAN_POINT('Origin',(31.4075159620027,28.3773221457236,4.51187481802991));
#3006=CARTESIAN_POINT('',(32.2604520674643,30.7273221457236,5.41187481802991));
#3007=CARTESIAN_POINT('',(31.4075159620027,30.8773221457236,5.41187481802991));
#3008=CARTESIAN_POINT('Origin',(31.4075159620027,28.3773221457236,5.41187481802991));
#3009=CARTESIAN_POINT('',(31.4075159620027,30.8773221457236,4.51187481802991));
#3010=CARTESIAN_POINT('',(33.9075159620027,28.3773221457236,4.51187481802991));
#3011=CARTESIAN_POINT('',(31.4075159620027,30.8773221457236,4.96187470738879));
#3012=CARTESIAN_POINT('',(31.4075159620027,30.8773221457236,4.51187481802991));
#3013=CARTESIAN_POINT('',(32.2604552194947,30.7273210016869,4.96187470738879));
#3014=CARTESIAN_POINT('Origin',(31.4075159620027,28.3773221457236,4.96187470738879));
#3015=CARTESIAN_POINT('',(32.5949501707065,30.5773221457236,5.11187481802991));
#3016=CARTESIAN_POINT('Origin',(31.4075159620027,28.3773221457236,7.31189322011095));
#3017=CARTESIAN_POINT('',(32.5949501707065,30.5773221457236,5.26187481802991));
#3018=CARTESIAN_POINT('',(32.5949501707065,30.5773221457236,4.51187481802991));
#3019=CARTESIAN_POINT('Origin',(31.4075159620027,28.3773221457236,3.06187481802991));
#3020=CARTESIAN_POINT('Origin',(31.4075159620027,30.7273210016869,4.96187470738879));
#3021=CARTESIAN_POINT('',(2.1075153585057,30.8773221457236,4.96187470738879));
#3022=CARTESIAN_POINT('',(31.4075159620027,30.8773221457236,4.96187470738879));
#3023=CARTESIAN_POINT('',(1.25457610101373,30.7273210016869,4.96187470738879));
#3024=CARTESIAN_POINT('Origin',(2.1075153585057,28.3773221457236,4.96187470738879));
#3025=CARTESIAN_POINT('',(31.4075159620027,30.7273210016869,4.96187470738879));
#3026=CARTESIAN_POINT('Origin',(31.5075159620027,30.7273221457236,5.41187481802991));
#3027=CARTESIAN_POINT('',(1.2545792530441,30.7273221457236,5.41187481802991));
#3028=CARTESIAN_POINT('',(31.5075159620027,30.7273221457236,5.41187481802991));
#3029=CARTESIAN_POINT('',(2.1075153585057,30.8773221457236,5.41187481802991));
#3030=CARTESIAN_POINT('Origin',(2.1075153585057,28.3773221457236,5.41187481802991));
#3031=CARTESIAN_POINT('',(31.4575159620027,30.8773221457236,5.41187481802991));
#3032=CARTESIAN_POINT('Origin',(33.9075159620027,-1.02267831621243,4.51187481802991));
#3033=CARTESIAN_POINT('Origin',(31.5075159620027,30.5773221457236,5.11187481802991));
#3034=CARTESIAN_POINT('',(0.920081149801906,30.5773221457236,5.11187481802991));
#3035=CARTESIAN_POINT('',(31.5075159620027,30.5773221457236,5.11187481802991));
#3036=CARTESIAN_POINT('',(0.920081149801906,30.5773221457236,5.26187481802991));
#3037=CARTESIAN_POINT('',(0.920081149801906,30.5773221457236,4.51187481802991));
#3038=CARTESIAN_POINT('',(31.5075159620027,30.5773221457236,5.26187481802991));
#3039=CARTESIAN_POINT('Origin',(31.5075159620027,30.5773221457236,5.11187481802991));
#3040=CARTESIAN_POINT('Origin',(2.1075153585057,28.3773221457236,7.31189322011093));
#3041=CARTESIAN_POINT('Origin',(31.5075159620027,30.5773221457236,5.26187481802991));
#3042=CARTESIAN_POINT('Origin',(2.1075153585057,28.3773221457236,3.06187481802993));
#3043=CARTESIAN_POINT('Origin',(19.7075156602541,-1.27267853972986,4.96187481802991));
#3044=CARTESIAN_POINT('Origin',(-0.392484641494303,28.4773221457236,4.51187481802991));
#3045=CARTESIAN_POINT('',(-0.392484641494303,28.3773221457236,4.96187482298916));
#3046=CARTESIAN_POINT('',(-0.3924846414943,13.8273219147556,4.96187482298916));
#3047=CARTESIAN_POINT('',(-0.392484641494303,28.3773221457236,4.51187481802991));
#3048=CARTESIAN_POINT('Origin',(-0.242484633670832,-0.922678316212433,4.96187482019519));
#3049=CARTESIAN_POINT('Origin',(2.1075153585057,28.3773221457236,4.96187477642303));
#3050=CARTESIAN_POINT('Origin',(2.1075153585057,28.3773221457236,4.51187481802991));
#3051=CARTESIAN_POINT('',(2.1075153585057,30.8773221457236,4.51187481802991));
#3052=CARTESIAN_POINT('',(2.1075153585057,30.8773221457236,4.51187481802991));
#3053=CARTESIAN_POINT('Origin',(31.5075159620027,30.8773221457236,4.51187481802991));
#3054=CARTESIAN_POINT('Origin',(31.5075159620027,30.8773221457236,4.51187481802991));
#3055=CARTESIAN_POINT('Origin',(30.0000004470348,18.4511257366999,5.51187481802991));
#3056=CARTESIAN_POINT('',(9.99999977201223,18.4511257366999,5.51187481802991));
#3057=CARTESIAN_POINT('',(30.0000004470348,18.4511257366999,5.51187481802991));
#3058=CARTESIAN_POINT('',(11.8749998395145,18.4511257366999,9.26187495303443));
#3059=CARTESIAN_POINT('Origin',(9.74999977201223,12.9193301292567,5.01187481802991));
#3060=CARTESIAN_POINT('',(9.99999977201223,-0.522678316212444,5.51187481802991));
#3061=CARTESIAN_POINT('',(9.99999977201223,12.9193301292567,5.51187481802991));
#3062=CARTESIAN_POINT('',(10.7049997510016,-0.522678316212443,6.92187477600864));
#3063=CARTESIAN_POINT('Origin',(23.3787580536445,9.00000017136335,5.01187481802991));
#3064=CARTESIAN_POINT('',(29.1999993517995,11.5000001713634,5.51187481802991));
#3065=CARTESIAN_POINT('',(32.0000004768372,11.5000001713634,5.51187481802991));
#3066=CARTESIAN_POINT('',(29.8165235953841,5.3347577355175,4.27882633086074));
#3067=CARTESIAN_POINT('Origin',(31.000000461936,14.5000002160668,5.51187481802991));
#3068=CARTESIAN_POINT('',(29.1999993517995,-0.522678316212444,5.51187481802991));
#3069=CARTESIAN_POINT('',(29.1999993517995,3.95799116561059,5.51187481802991));
#3070=CARTESIAN_POINT('',(9.49999977201223,-0.522678316212444,5.51187481802991));
#3071=CARTESIAN_POINT('Origin',(11.41751550938,15.9973216912381,5.86187481802991));
#3072=CARTESIAN_POINT('',(3.81877720460225,15.8473216912381,5.71187481802991));
#3073=CARTESIAN_POINT('',(5.05773357010542,14.608365325735,4.47291845252674));
#3074=CARTESIAN_POINT('',(4.2275153585057,15.8473216912381,5.71187481802991));
#3075=CARTESIAN_POINT('',(11.41751550938,15.8473216912381,5.71187481802991));
#3076=CARTESIAN_POINT('',(4.2033487356112,15.8231550683436,5.68770819513541));
#3077=CARTESIAN_POINT('Origin',(6.0775153585057,15.8473216912381,6.01187481802991));
#3078=CARTESIAN_POINT('',(8.87625351240916,15.8473216912381,5.71187481802991));
#3079=CARTESIAN_POINT('',(8.87625351240916,15.8473216912381,4.51187481802991));
#3080=CARTESIAN_POINT('',(8.4675153585057,15.8473216912381,5.71187481802991));
#3081=CARTESIAN_POINT('',(11.41751550938,15.8473216912381,5.71187481802991));
#3082=CARTESIAN_POINT('',(8.4675153585057,15.8473216912381,5.16187481802991));
#3083=CARTESIAN_POINT('',(8.4675153585057,15.8473216912381,6.01187481802991));
#3084=CARTESIAN_POINT('',(4.2275153585057,15.8473216912381,5.16187481802991));
#3085=CARTESIAN_POINT('',(6.7125153585057,15.8473216912381,5.16187481802991));
#3086=CARTESIAN_POINT('',(4.2275153585057,15.8473216912381,6.01187481802991));
#3087=CARTESIAN_POINT('',(3.81877720460225,15.8473216912381,4.51187481802991));
#3088=CARTESIAN_POINT('Origin',(8.3175153585057,10.9123218029969,5.86187481802991));
#3089=CARTESIAN_POINT('',(8.4675153585057,0.847321691238146,5.71187481802991));
#3090=CARTESIAN_POINT('',(8.1675153585057,0.847321691238145,6.01187481802991));
#3091=CARTESIAN_POINT('',(8.4675153585057,10.9123218029969,5.71187481802991));
#3092=CARTESIAN_POINT('',(8.4675153585057,15.8473216912381,5.71187481802991));
#3093=CARTESIAN_POINT('Origin',(11.41751550938,15.9973216912381,5.86187481802991));
#3094=CARTESIAN_POINT('',(8.87625351240916,15.8473216912381,5.71187481802991));
#3095=CARTESIAN_POINT('Origin',(9.02625351240916,7.91232180299685,5.86187481802991));
#3096=CARTESIAN_POINT('',(8.87625351240916,0.847321691238145,5.71187481802991));
#3097=CARTESIAN_POINT('',(8.87625351240916,7.91232180299685,5.71187481802991));
#3098=CARTESIAN_POINT('',(8.87625351240916,0.847321691238145,5.71187481802991));
#3099=CARTESIAN_POINT('Origin',(7.3475153585057,0.847321691238146,5.86187481802991));
#3100=CARTESIAN_POINT('',(7.3475153585057,-0.681416462665308,5.71187481802991));
#3101=CARTESIAN_POINT('',(7.3475153585057,-0.681416462665308,5.71187481802991));
#3102=CARTESIAN_POINT('Origin',(7.3475153585057,0.847321691238146,5.71187481802991));
#3103=CARTESIAN_POINT('Origin',(11.05251550938,-0.831416462665309,5.86187481802991));
#3104=CARTESIAN_POINT('',(5.3475153585057,-0.681416462665308,5.71187481802991));
#3105=CARTESIAN_POINT('',(5.3475153585057,-0.681416462665308,5.71187481802991));
#3106=CARTESIAN_POINT('',(11.05251550938,-0.681416462665309,5.71187481802991));
#3107=CARTESIAN_POINT('Origin',(5.3475153585057,0.847321691238146,5.86187481802991));
#3108=CARTESIAN_POINT('',(3.81877720460225,0.847321691238145,5.71187481802991));
#3109=CARTESIAN_POINT('',(3.81877720460225,0.847321691238145,5.71187481802991));
#3110=CARTESIAN_POINT('Origin',(5.3475153585057,0.847321691238146,5.71187481802991));
#3111=CARTESIAN_POINT('Origin',(3.66877720460225,15.4123218029969,5.86187481802991));
#3112=CARTESIAN_POINT('',(3.81877720460225,15.4123218029969,5.71187481802991));
#3113=CARTESIAN_POINT('Origin',(7.3475153585057,0.847321691238146,5.86187481802991));
#3114=CARTESIAN_POINT('',(7.3475153585057,-0.272678308761855,5.71187481802991));
#3115=CARTESIAN_POINT('',(7.3475153585057,0.0273216912381456,6.01187481802991));
#3116=CARTESIAN_POINT('Origin',(7.3475153585057,0.847321691238146,5.71187481802991));
#3117=CARTESIAN_POINT('Origin',(12.05251550938,-0.122678308761856,5.86187481802991));
#3118=CARTESIAN_POINT('',(5.3475153585057,-0.272678308761855,5.71187481802991));
#3119=CARTESIAN_POINT('',(5.3475153585057,0.0273216912381445,6.01187481802991));
#3120=CARTESIAN_POINT('',(12.05251550938,-0.272678308761855,5.71187481802991));
#3121=CARTESIAN_POINT('Origin',(5.3475153585057,0.847321691238146,5.86187481802991));
#3122=CARTESIAN_POINT('',(4.2275153585057,0.847321691238146,5.71187481802991));
#3123=CARTESIAN_POINT('',(4.5275153585057,0.847321691238146,6.01187481802991));
#3124=CARTESIAN_POINT('Origin',(5.3475153585057,0.847321691238146,5.71187481802991));
#3125=CARTESIAN_POINT('Origin',(4.3775153585057,7.91232180299685,5.86187481802991));
#3126=CARTESIAN_POINT('',(4.2275153585057,7.91232180299685,5.71187481802991));
#3127=CARTESIAN_POINT('Origin',(3.81877720460225,15.8473216912381,4.51187481802991));
#3128=CARTESIAN_POINT('',(3.81877720460225,0.847321691238145,4.51187481802991));
#3129=CARTESIAN_POINT('Origin',(5.3475153585057,-0.681416462665308,4.51187481802991));
#3130=CARTESIAN_POINT('',(5.3475153585057,-0.681416462665308,4.51187481802991));
#3131=CARTESIAN_POINT('',(7.3475153585057,-0.681416462665308,4.51187481802991));
#3132=CARTESIAN_POINT('Origin',(5.3475153585057,0.847321691238146,4.51187481802991));
#3133=CARTESIAN_POINT('Origin',(8.87625351240916,0.847321691238145,4.51187481802991));
#3134=CARTESIAN_POINT('',(8.87625351240916,0.847321691238145,4.51187481802991));
#3135=CARTESIAN_POINT('Origin',(7.3475153585057,0.847321691238146,4.51187481802991));
#3136=CARTESIAN_POINT('Origin',(29.4499993517995,3.95799116561059,5.01187481802991));
#3137=CARTESIAN_POINT('',(28.4949993728101,-0.522678316212443,6.92187477600864));
#3138=CARTESIAN_POINT('Origin',(19.5999995619059,-0.522678316212443,4.86187481802991));
#3139=CARTESIAN_POINT('Origin',(4.07751531827257,-1.02267831621243,4.31187471744708));
#3140=CARTESIAN_POINT('',(5.3475153585057,-0.182678296691914,4.31187471744708));
#3141=CARTESIAN_POINT('',(5.3475153585057,1.87732167916821,4.31187471744708));
#3142=CARTESIAN_POINT('Origin',(5.3475153585057,0.847321691238146,4.31187471744708));
#3143=CARTESIAN_POINT('',(7.3475153585057,1.87732167916821,4.31187471744708));
#3144=CARTESIAN_POINT('',(5.21251533838913,1.87732167916821,4.31187471744708));
#3145=CARTESIAN_POINT('',(7.3475153585057,-0.182678296691914,4.31187471744708));
#3146=CARTESIAN_POINT('Origin',(7.3475153585057,0.847321691238146,4.31187471744708));
#3147=CARTESIAN_POINT('',(5.71251533838913,-0.182678296691914,4.31187471744708));
#3148=CARTESIAN_POINT('Origin',(21.6325159620027,-1.17267831621243,4.69937481802991));
#3149=CARTESIAN_POINT('',(21.8825159620027,-0.922678316212433,5.26187481802991));
#3150=CARTESIAN_POINT('',(21.8825159620027,-0.922678316212433,4.69937481802991));
#3151=CARTESIAN_POINT('',(19.9033492450446,-2.90184503317052,7.241041534988));
#3152=CARTESIAN_POINT('Origin',(29.1325159620027,-1.17267831621243,5.07437481802991));
#3153=CARTESIAN_POINT('',(28.8825159620027,-0.922678316212433,5.26187481802991));
#3154=CARTESIAN_POINT('',(25.9450159117113,2.01482173407899,2.32437476773849));
#3155=CARTESIAN_POINT('',(28.8825159620027,-0.922678316212433,5.07437481802991));
#3156=CARTESIAN_POINT('Origin',(7.3475153585057,0.847321691238146,4.51187471744707));
#3157=CARTESIAN_POINT('',(7.3475153585057,1.87732167916821,5.16187481802991));
#3158=CARTESIAN_POINT('',(7.3475153585057,-0.182678296691914,5.16187481802991));
#3159=CARTESIAN_POINT('Origin',(7.3475153585057,0.847321691238146,5.16187481802991));
#3160=CARTESIAN_POINT('',(7.3475153585057,-0.182678296691914,4.51187471744707));
#3161=CARTESIAN_POINT('',(7.3475153585057,1.87732167916821,4.51187471744707));
#3162=CARTESIAN_POINT('Origin',(7.3475153585057,-0.182678296691914,4.51187471744707));
#3163=CARTESIAN_POINT('',(5.3475153585057,-0.182678296691914,5.16187481802991));
#3164=CARTESIAN_POINT('',(6.8475153585057,-0.182678296691914,5.16187481802991));
#3165=CARTESIAN_POINT('',(5.3475153585057,-0.182678296691914,4.51187471744707));
#3166=CARTESIAN_POINT('Origin',(5.3475153585057,0.847321691238146,4.51187471744707));
#3167=CARTESIAN_POINT('',(5.3475153585057,1.87732167916821,5.16187481802991));
#3168=CARTESIAN_POINT('Origin',(5.3475153585057,0.847321691238146,5.16187481802991));
#3169=CARTESIAN_POINT('',(5.3475153585057,1.87732167916821,4.51187471744707));
#3170=CARTESIAN_POINT('Origin',(5.3475153585057,1.87732167916821,4.51187471744707));
#3171=CARTESIAN_POINT('',(5.8475153585057,1.87732167916821,5.16187481802991));
#3172=CARTESIAN_POINT('Origin',(4.2275153585057,0.847321691238146,6.01187481802991));
#3173=CARTESIAN_POINT('',(4.2275153585057,0.847321691238146,5.16187481802991));
#3174=CARTESIAN_POINT('',(4.2275153585057,0.847321691238146,6.01187481802991));
#3175=CARTESIAN_POINT('',(4.2275153585057,3.09732169123815,5.16187481802991));
#3176=CARTESIAN_POINT('Origin',(7.3475153585057,5.34732169123815,5.16187481802991));
#3177=CARTESIAN_POINT('',(8.4675153585057,0.847321691238146,5.16187481802991));
#3178=CARTESIAN_POINT('',(8.4675153585057,11.3473216912381,5.16187481802991));
#3179=CARTESIAN_POINT('',(7.3475153585057,-0.272678308761854,5.16187481802991));
#3180=CARTESIAN_POINT('Origin',(7.3475153585057,0.847321691238146,5.16187481802991));
#3181=CARTESIAN_POINT('',(5.3475153585057,-0.272678308761854,5.16187481802991));
#3182=CARTESIAN_POINT('',(6.8475153585057,-0.272678308761855,5.16187481802991));
#3183=CARTESIAN_POINT('Origin',(5.3475153585057,0.847321691238146,5.16187481802991));
#3184=CARTESIAN_POINT('Origin',(8.4675153585057,6.84732169123815,6.01187481802991));
#3185=CARTESIAN_POINT('',(8.4675153585057,0.847321691238146,6.01187481802991));
#3186=CARTESIAN_POINT('Origin',(10.4450156602542,-1.17267831621243,5.51187481802991));
#3187=CARTESIAN_POINT('',(21.3825159620027,-0.922678316212433,5.26187481802991));
#3188=CARTESIAN_POINT('Origin',(25.3825159620027,-0.922678316212433,4.88687481802991));
#3189=CARTESIAN_POINT('Origin',(7.3475153585057,0.847321691238146,6.01187481802991));
#3190=CARTESIAN_POINT('',(7.3475153585057,-0.272678308761855,6.01187481802991));
#3191=CARTESIAN_POINT('Origin',(5.3475153585057,0.847321691238146,6.01187481802991));
#3192=CARTESIAN_POINT('',(5.3475153585057,-0.272678308761855,6.01187481802991));
#3193=CARTESIAN_POINT('Origin',(7.3475153585057,-0.272678308761855,6.01187481802991));
#3194=CARTESIAN_POINT('Origin',(16.2509187671822,29.0000004321337,6.01187481802991));
#3195=CARTESIAN_POINT('',(19.1017630312126,29.0000004321337,6.01187481802991));
#3196=CARTESIAN_POINT('',(16.2509187671822,29.0000004321337,6.01187481802991));
#3197=CARTESIAN_POINT('',(19.1017630312126,29.0000004321337,6.01187481802991));
#3198=CARTESIAN_POINT('',(19.1017630312126,29.0000004321337,5.91187481802991));
#3199=CARTESIAN_POINT('',(19.1017630312126,29.0000004321337,6.01187481802991));
#3200=CARTESIAN_POINT('',(16.2509187671822,29.0000004321337,5.91187481802991));
#3201=CARTESIAN_POINT('',(19.1017630312126,29.0000004321337,5.91187481802991));
#3202=CARTESIAN_POINT('',(16.2509187671822,29.0000004321337,6.01187481802991));
#3203=CARTESIAN_POINT('Origin',(13.5690667841118,21.4687735587358,6.01187481802991));
#3204=CARTESIAN_POINT('',(13.5690667841118,21.4687735587358,6.01187481802991));
#3205=CARTESIAN_POINT('',(16.2509187671822,29.0000004321337,6.01187481802991));
#3206=CARTESIAN_POINT('',(13.5690667841118,21.4687735587358,5.91187481802991));
#3207=CARTESIAN_POINT('',(16.2509187671822,29.0000004321337,5.91187481802991));
#3208=CARTESIAN_POINT('',(13.5690667841118,21.4687735587358,6.01187481802991));
#3209=CARTESIAN_POINT('Origin',(12.4669363710564,21.4687735587358,6.01187481802991));
#3210=CARTESIAN_POINT('',(12.4669363710564,21.4687735587358,6.01187481802991));
#3211=CARTESIAN_POINT('',(13.5690667841118,21.4687735587358,6.01187481802991));
#3212=CARTESIAN_POINT('',(12.4669363710564,21.4687735587358,5.91187481802991));
#3213=CARTESIAN_POINT('',(13.5690667841118,21.4687735587358,5.91187481802991));
#3214=CARTESIAN_POINT('',(12.4669363710564,21.4687735587358,6.01187481802991));
#3215=CARTESIAN_POINT('Origin',(10.2700224134605,29.0000004321337,6.01187481802991));
#3216=CARTESIAN_POINT('',(10.2700224134605,29.0000004321337,6.01187481802991));
#3217=CARTESIAN_POINT('',(12.4669363710564,21.4687735587358,6.01187481802991));
#3218=CARTESIAN_POINT('',(10.2700224134605,29.0000004321337,5.91187481802991));
#3219=CARTESIAN_POINT('',(12.4669363710564,21.4687735587358,5.91187481802991));
#3220=CARTESIAN_POINT('',(10.2700224134605,29.0000004321337,6.01187481802991));
#3221=CARTESIAN_POINT('Origin',(7.50000011175871,29.0000004321337,6.01187481802991));
#3222=CARTESIAN_POINT('',(7.50000011175871,29.0000004321337,6.01187481802991));
#3223=CARTESIAN_POINT('',(10.2700224134605,29.0000004321337,6.01187481802991));
#3224=CARTESIAN_POINT('',(7.50000011175871,29.0000004321337,5.91187481802991));
#3225=CARTESIAN_POINT('',(10.2700224134605,29.0000004321337,5.91187481802991));
#3226=CARTESIAN_POINT('',(7.50000011175871,29.0000004321337,6.01187481802991));
#3227=CARTESIAN_POINT('Origin',(10.4096254322212,19.0146953612566,6.01187481802991));
#3228=CARTESIAN_POINT('',(10.4096254322212,19.0146953612566,6.01187481802991));
#3229=CARTESIAN_POINT('',(7.50000011175871,29.0000004321337,6.01187481802991));
#3230=CARTESIAN_POINT('',(10.4096254322212,19.0146953612566,5.91187481802991));
#3231=CARTESIAN_POINT('',(7.50000011175871,29.0000004321337,5.91187481802991));
#3232=CARTESIAN_POINT('',(10.4096254322212,19.0146953612566,6.01187481802991));
#3233=CARTESIAN_POINT('Origin',(15.4647317144554,19.0146953612566,6.01187481802991));
#3234=CARTESIAN_POINT('',(15.4647317144554,19.0146953612566,6.01187481802991));
#3235=CARTESIAN_POINT('',(10.4096254322212,19.0146953612566,6.01187481802991));
#3236=CARTESIAN_POINT('',(15.4647317144554,19.0146953612566,5.91187481802991));
#3237=CARTESIAN_POINT('',(10.4096254322212,19.0146953612566,5.91187481802991));
#3238=CARTESIAN_POINT('',(15.4647317144554,19.0146953612566,6.01187481802991));
#3239=CARTESIAN_POINT('Origin',(17.5440850469749,24.8412931710482,6.01187481802991));
#3240=CARTESIAN_POINT('',(17.5440850469749,24.8412931710482,6.01187481802991));
#3241=CARTESIAN_POINT('',(15.4647317144554,19.0146953612566,6.01187481802991));
#3242=CARTESIAN_POINT('',(17.5440850469749,24.8412931710482,5.91187481802991));
#3243=CARTESIAN_POINT('',(15.4647317144554,19.0146953612566,5.91187481802991));
#3244=CARTESIAN_POINT('',(17.5440850469749,24.8412931710482,6.01187481802991));
#3245=CARTESIAN_POINT('Origin',(19.2413666460197,19.0146953612566,6.01187481802991));
#3246=CARTESIAN_POINT('',(19.2413666460197,19.0146953612566,6.01187481802991));
#3247=CARTESIAN_POINT('',(17.5440850469749,24.8412931710482,6.01187481802991));
#3248=CARTESIAN_POINT('',(19.2413666460197,19.0146953612566,5.91187481802991));
#3249=CARTESIAN_POINT('',(17.5440850469749,24.8412931710482,5.91187481802991));
#3250=CARTESIAN_POINT('',(19.2413666460197,19.0146953612566,6.01187481802991));
#3251=CARTESIAN_POINT('Origin',(24.2964735243004,19.0146953612566,6.01187481802991));
#3252=CARTESIAN_POINT('',(24.2964735243004,19.0146953612566,6.01187481802991));
#3253=CARTESIAN_POINT('',(19.2413666460197,19.0146953612566,6.01187481802991));
#3254=CARTESIAN_POINT('',(24.2964735243004,19.0146953612566,5.91187481802991));
#3255=CARTESIAN_POINT('',(19.2413666460197,19.0146953612566,5.91187481802991));
#3256=CARTESIAN_POINT('',(24.2964735243004,19.0146953612566,6.01187481802991));
#3257=CARTESIAN_POINT('Origin',(27.8600278112572,29.0000004321337,6.01187481802991));
#3258=CARTESIAN_POINT('',(27.8600278112572,29.0000004321337,6.01187481802991));
#3259=CARTESIAN_POINT('',(24.2964735243004,19.0146953612566,6.01187481802991));
#3260=CARTESIAN_POINT('',(27.8600278112572,29.0000004321337,5.91187481802991));
#3261=CARTESIAN_POINT('',(24.2964735243004,19.0146953612566,5.91187481802991));
#3262=CARTESIAN_POINT('',(27.8600278112572,29.0000004321337,6.01187481802991));
#3263=CARTESIAN_POINT('Origin',(25.0826599809807,29.0000004321337,6.01187481802991));
#3264=CARTESIAN_POINT('',(25.0826599809807,29.0000004321337,6.01187481802991));
#3265=CARTESIAN_POINT('',(27.8600278112572,29.0000004321337,6.01187481802991));
#3266=CARTESIAN_POINT('',(25.0826599809807,29.0000004321337,5.91187481802991));
#3267=CARTESIAN_POINT('',(27.8600278112572,29.0000004321337,5.91187481802991));
#3268=CARTESIAN_POINT('',(25.0826599809807,29.0000004321337,6.01187481802991));
#3269=CARTESIAN_POINT('Origin',(22.4008085939568,21.4687735587358,6.01187481802991));
#3270=CARTESIAN_POINT('',(22.4008085939568,21.4687735587358,6.01187481802991));
#3271=CARTESIAN_POINT('',(25.0826599809807,29.0000004321337,6.01187481802991));
#3272=CARTESIAN_POINT('',(22.4008085939568,21.4687735587358,5.91187481802991));
#3273=CARTESIAN_POINT('',(25.0826599809807,29.0000004321337,5.91187481802991));
#3274=CARTESIAN_POINT('',(22.4008085939568,21.4687735587358,6.01187481802991));
#3275=CARTESIAN_POINT('Origin',(21.2986769888084,21.4687735587358,6.01187481802991));
#3276=CARTESIAN_POINT('',(21.2986769888084,21.4687735587358,6.01187481802991));
#3277=CARTESIAN_POINT('',(22.4008085939568,21.4687735587358,6.01187481802991));
#3278=CARTESIAN_POINT('',(21.2986769888084,21.4687735587358,5.91187481802991));
#3279=CARTESIAN_POINT('',(22.4008085939568,21.4687735587358,5.91187481802991));
#3280=CARTESIAN_POINT('',(21.2986769888084,21.4687735587358,6.01187481802991));
#3281=CARTESIAN_POINT('Origin',(19.1017630312126,29.0000004321337,6.01187481802991));
#3282=CARTESIAN_POINT('',(21.2986769888084,21.4687735587358,6.01187481802991));
#3283=CARTESIAN_POINT('',(21.2986769888084,21.4687735587358,5.91187481802991));
#3284=CARTESIAN_POINT('Origin',(17.6800139615079,24.0073478966951,6.01187481802991));
#3285=CARTESIAN_POINT('Origin',(17.6800139615079,24.0073478966951,5.91187481802991));
#3286=CARTESIAN_POINT('',(0.,0.,-1.11022302462516E-16));
#3287=UNCERTAINTY_MEASURE_WITH_UNIT(LENGTH_MEASURE(0.01),#3293,
'DISTANCE_ACCURACY_VALUE',
'Maximum model space distance between geometric entities at asserted c
onnectivities');
#3288=UNCERTAINTY_MEASURE_WITH_UNIT(LENGTH_MEASURE(0.01),#3293,
'DISTANCE_ACCURACY_VALUE',
'Maximum model space distance between geometric entities at asserted c
onnectivities');
#3289=UNCERTAINTY_MEASURE_WITH_UNIT(LENGTH_MEASURE(0.01),#3293,
'DISTANCE_ACCURACY_VALUE',
'Maximum model space distance between geometric entities at asserted c
onnectivities');
#3290=(
GEOMETRIC_REPRESENTATION_CONTEXT(3)
GLOBAL_UNCERTAINTY_ASSIGNED_CONTEXT((#3287))
GLOBAL_UNIT_ASSIGNED_CONTEXT((#3293,#3295,#3296))
REPRESENTATION_CONTEXT('','3D')
);
#3291=(
GEOMETRIC_REPRESENTATION_CONTEXT(3)
GLOBAL_UNCERTAINTY_ASSIGNED_CONTEXT((#3288))
GLOBAL_UNIT_ASSIGNED_CONTEXT((#3293,#3295,#3296))
REPRESENTATION_CONTEXT('','3D')
);
#3292=(
GEOMETRIC_REPRESENTATION_CONTEXT(3)
GLOBAL_UNCERTAINTY_ASSIGNED_CONTEXT((#3289))
GLOBAL_UNIT_ASSIGNED_CONTEXT((#3293,#3295,#3296))
REPRESENTATION_CONTEXT('','3D')
);
#3293=(
LENGTH_UNIT()
NAMED_UNIT(*)
SI_UNIT(.MILLI.,.METRE.)
);
#3294=(
LENGTH_UNIT()
NAMED_UNIT(*)
SI_UNIT($,.METRE.)
);
#3295=(
NAMED_UNIT(*)
PLANE_ANGLE_UNIT()
SI_UNIT($,.RADIAN.)
);
#3296=(
NAMED_UNIT(*)
SI_UNIT($,.STERADIAN.)
SOLID_ANGLE_UNIT()
);
#3297=SHAPE_DEFINITION_REPRESENTATION(#3299,#3302);
#3298=SHAPE_DEFINITION_REPRESENTATION(#3300,#3303);
#3299=PRODUCT_DEFINITION_SHAPE('',$,#3305);
#3300=PRODUCT_DEFINITION_SHAPE('',$,#3306);
#3301=PRODUCT_DEFINITION_SHAPE($,$,#14);
#3302=SHAPE_REPRESENTATION('',(#1999,#2161),#3290);
#3303=SHAPE_REPRESENTATION('',(#2000),#3291);
#3304=PRODUCT_DEFINITION_CONTEXT('part definition',#3312,'design');
#3305=PRODUCT_DEFINITION('track','track v17',#3307,#3304);
#3306=PRODUCT_DEFINITION('Cover','Cover',#3308,#3304);
#3307=PRODUCT_DEFINITION_FORMATION('',$,#3314);
#3308=PRODUCT_DEFINITION_FORMATION('',$,#3315);
#3309=PRODUCT_RELATED_PRODUCT_CATEGORY('track v17','track v17',(#3314));
#3310=PRODUCT_RELATED_PRODUCT_CATEGORY('Cover','Cover',(#3315));
#3311=APPLICATION_PROTOCOL_DEFINITION('international standard',
'automotive_design',2009,#3312);
#3312=APPLICATION_CONTEXT(
'Core Data for Automotive Mechanical Design Process');
#3313=PRODUCT_CONTEXT('part definition',#3312,'mechanical');
#3314=PRODUCT('track','track v17',$,(#3313));
#3315=PRODUCT('Cover','Cover',$,(#3313));
#3316=PRESENTATION_STYLE_ASSIGNMENT((#3319));
#3317=PRESENTATION_STYLE_ASSIGNMENT((#3320));
#3318=PRESENTATION_STYLE_ASSIGNMENT((#3321));
#3319=SURFACE_STYLE_USAGE(.BOTH.,#3322);
#3320=SURFACE_STYLE_USAGE(.BOTH.,#3323);
#3321=SURFACE_STYLE_USAGE(.BOTH.,#3324);
#3322=SURFACE_SIDE_STYLE('',(#3325));
#3323=SURFACE_SIDE_STYLE('',(#3326));
#3324=SURFACE_SIDE_STYLE('',(#3327));
#3325=SURFACE_STYLE_FILL_AREA(#3328);
#3326=SURFACE_STYLE_FILL_AREA(#3329);
#3327=SURFACE_STYLE_FILL_AREA(#3330);
#3328=FILL_AREA_STYLE('Steel - Satin',(#3331));
#3329=FILL_AREA_STYLE('ABS (White)',(#3332));
#3330=FILL_AREA_STYLE('ABS (White)',(#3333));
#3331=FILL_AREA_STYLE_COLOUR('Steel - Satin',#3334);
#3332=FILL_AREA_STYLE_COLOUR('ABS (White)',#3335);
#3333=FILL_AREA_STYLE_COLOUR('ABS (White)',#3336);
#3334=COLOUR_RGB('Steel - Satin',0.627450980392157,0.627450980392157,0.627450980392157);
#3335=COLOUR_RGB('ABS (White)',0.988235294117647,0.,0.);
#3336=COLOUR_RGB('ABS (White)',0.964705882352941,0.964705882352941,0.952941176470588);
ENDSEC;
END-ISO-10303-21;
