ISO-10303-21;
HEADER;
/* Generated by software containing ST-Developer
 * from STEP Tools, Inc. (www.steptools.com) 
 */

FILE_DESCRIPTION(
/* description */ (''),
/* implementation_level */ '2;1');

FILE_NAME(
/* name */ 'caseR2.step',
/* time_stamp */ '2026-09-24T04:54:16+05:00',
/* author */ (''),
/* organization */ (''),
/* preprocessor_version */ 'ST-DEVELOPER v20.2',
/* originating_system */ 'Autodesk Translation Framework v15.15.0.0',
/* authorisation */ '');

FILE_SCHEMA (('AUTOMOTIVE_DESIGN { 1 0 10303 214 3 1 1 }'));
ENDSEC;

DATA;
#10=MECHANICAL_DESIGN_GEOMETRIC_PRESENTATION_REPRESENTATION('',(#84,#85,
#86),#4379);
#11=ITEM_DEFINED_TRANSFORMATION($,$,#2515,#2685);
#12=(
REPRESENTATION_RELATIONSHIP($,$,#4390,#4389)
REPRESENTATION_RELATIONSHIP_WITH_TRANSFORMATION(#11)
SHAPE_REPRESENTATION_RELATIONSHIP()
);
#13=CONTEXT_DEPENDENT_SHAPE_REPRESENTATION(#12,#4388);
#14=NEXT_ASSEMBLY_USAGE_OCCURRENCE('Cover:1','Cover:1','Cover:1',#4392,
#4393,'Cover:1');
#15=B_SPLINE_CURVE_WITH_KNOTS('',3,(#3780,#3781,#3782,#3783,#3784),
 .UNSPECIFIED.,.F.,.F.,(4,1,4),(0.,0.0777656610605814,0.155531322121163),
 .UNSPECIFIED.);
#16=B_SPLINE_CURVE_WITH_KNOTS('',3,(#3788,#3789,#3790,#3791,#3792),
 .UNSPECIFIED.,.F.,.F.,(4,1,4),(-0.155531322121163,-0.0777656610605814,
0.),.UNSPECIFIED.);
#17=B_SPLINE_CURVE_WITH_KNOTS('',3,(#3805,#3806,#3807,#3808,#3809),
 .UNSPECIFIED.,.F.,.F.,(4,1,4),(0.,0.0782319116736106,0.158237560278991),
 .UNSPECIFIED.);
#18=B_SPLINE_CURVE_WITH_KNOTS('',3,(#3811,#3812,#3813,#3814,#3815),
 .UNSPECIFIED.,.F.,.F.,(4,1,4),(-0.158237560278991,-0.0782319116736106,
0.),.UNSPECIFIED.);
#19=B_SPLINE_CURVE_WITH_KNOTS('',3,(#3831,#3832,#3833,#3834,#3835),
 .UNSPECIFIED.,.F.,.F.,(4,1,4),(0.,0.16972827911377,0.67891263961792),
 .UNSPECIFIED.);
#20=B_SPLINE_CURVE_WITH_KNOTS('',3,(#3837,#3838,#3839,#3840,#3841),
 .UNSPECIFIED.,.F.,.F.,(4,1,4),(-0.67891263961792,-0.16972827911377,0.),
 .UNSPECIFIED.);
#21=B_SPLINE_CURVE_WITH_KNOTS('',3,(#3854,#3855,#3856,#3857,#3858),
 .UNSPECIFIED.,.F.,.F.,(4,1,4),(0.,0.0282790280250198,0.057777387214248),
 .UNSPECIFIED.);
#22=B_SPLINE_CURVE_WITH_KNOTS('',3,(#3860,#3861,#3862,#3863,#3864),
 .UNSPECIFIED.,.F.,.F.,(4,1,4),(-0.057777387214248,-0.0282790280250198,
0.),.UNSPECIFIED.);
#23=B_SPLINE_CURVE_WITH_KNOTS('',3,(#3877,#3878,#3879,#3880,#3881),
 .UNSPECIFIED.,.F.,.F.,(4,1,4),(0.,0.029498508767378,0.0577775720245594),
 .UNSPECIFIED.);
#24=B_SPLINE_CURVE_WITH_KNOTS('',3,(#3883,#3884,#3885,#3886,#3887),
 .UNSPECIFIED.,.F.,.F.,(4,1,4),(-0.0577775720245594,-0.029498508767378,
0.),.UNSPECIFIED.);
#25=B_SPLINE_CURVE_WITH_KNOTS('',3,(#3900,#3901,#3902,#3903,#3904),
 .UNSPECIFIED.,.F.,.F.,(4,1,4),(0.,0.0288198261664375,0.0584705387466074),
 .UNSPECIFIED.);
#26=B_SPLINE_CURVE_WITH_KNOTS('',3,(#3906,#3907,#3908,#3909,#3910),
 .UNSPECIFIED.,.F.,.F.,(4,1,4),(-0.0584705387466074,-0.0288198261664375,
0.),.UNSPECIFIED.);
#27=B_SPLINE_CURVE_WITH_KNOTS('',3,(#3923,#3924,#3925,#3926,#3927),
 .UNSPECIFIED.,.F.,.F.,(4,1,4),(0.,0.0294983925937415,0.0577774206187613),
 .UNSPECIFIED.);
#28=B_SPLINE_CURVE_WITH_KNOTS('',3,(#3929,#3930,#3931,#3932,#3933),
 .UNSPECIFIED.,.F.,.F.,(4,1,4),(-0.0577774206187613,-0.0294983925937415,
0.),.UNSPECIFIED.);
#29=B_SPLINE_CURVE_WITH_KNOTS('',3,(#3937,#3938,#3939,#3940,#3941),
 .UNSPECIFIED.,.F.,.F.,(4,1,4),(0.,0.160360097885132,0.376928806304932),
 .UNSPECIFIED.);
#30=B_SPLINE_CURVE_WITH_KNOTS('',3,(#3943,#3944,#3945,#3946,#3947),
 .UNSPECIFIED.,.F.,.F.,(4,1,4),(-0.376928806304932,-0.160360097885132,0.),
 .UNSPECIFIED.);
#31=B_SPLINE_CURVE_WITH_KNOTS('',3,(#3960,#3961,#3962,#3963,#3964),
 .UNSPECIFIED.,.F.,.F.,(4,1,4),(0.,0.115279047852087,0.235104682223811),
 .UNSPECIFIED.);
#32=B_SPLINE_CURVE_WITH_KNOTS('',3,(#3966,#3967,#3968,#3969,#3970),
 .UNSPECIFIED.,.F.,.F.,(4,1,4),(-0.235104682223811,-0.115279047852087,0.),
 .UNSPECIFIED.);
#33=B_SPLINE_CURVE_WITH_KNOTS('',3,(#3983,#3984,#3985,#3986,#3987),
 .UNSPECIFIED.,.F.,.F.,(4,1,4),(0.,0.120283614313171,0.236138806745126),
 .UNSPECIFIED.);
#34=B_SPLINE_CURVE_WITH_KNOTS('',3,(#3989,#3990,#3991,#3992,#3993),
 .UNSPECIFIED.,.F.,.F.,(4,1,4),(-0.236138806745126,-0.120283614313171,0.),
 .UNSPECIFIED.);
#35=B_SPLINE_CURVE_WITH_KNOTS('',3,(#4006,#4007,#4008,#4009,#4010),
 .UNSPECIFIED.,.F.,.F.,(4,1,4),(0.,0.0800966923414037,0.158582300540001),
 .UNSPECIFIED.);
#36=B_SPLINE_CURVE_WITH_KNOTS('',3,(#4012,#4013,#4014,#4015,#4016),
 .UNSPECIFIED.,.F.,.F.,(4,1,4),(-0.158582300540001,-0.0800966923414037,
0.),.UNSPECIFIED.);
#37=B_SPLINE_CURVE_WITH_KNOTS('',3,(#4029,#4030,#4031,#4032,#4033),
 .UNSPECIFIED.,.F.,.F.,(4,1,4),(0.,0.078039728530542,0.156079326304928),
 .UNSPECIFIED.);
#38=B_SPLINE_CURVE_WITH_KNOTS('',3,(#4035,#4036,#4037,#4038,#4039),
 .UNSPECIFIED.,.F.,.F.,(4,1,4),(-0.156079326304928,-0.078039728530542,0.),
 .UNSPECIFIED.);
#39=B_SPLINE_CURVE_WITH_KNOTS('',3,(#4052,#4053,#4054,#4055,#4056),
 .UNSPECIFIED.,.F.,.F.,(4,1,4),(0.,0.0784855765322683,0.1585823795269),
 .UNSPECIFIED.);
#40=B_SPLINE_CURVE_WITH_KNOTS('',3,(#4058,#4059,#4060,#4061,#4062),
 .UNSPECIFIED.,.F.,.F.,(4,1,4),(-0.1585823795269,-0.0784855765322683,0.),
 .UNSPECIFIED.);
#41=B_SPLINE_CURVE_WITH_KNOTS('',3,(#4078,#4079,#4080,#4081,#4082),
 .UNSPECIFIED.,.F.,.F.,(4,1,4),(0.,0.169544339179993,0.678177714347839),
 .UNSPECIFIED.);
#42=B_SPLINE_CURVE_WITH_KNOTS('',3,(#4084,#4085,#4086,#4087,#4088),
 .UNSPECIFIED.,.F.,.F.,(4,1,4),(-0.678177714347839,-0.169544339179993,0.),
 .UNSPECIFIED.);
#43=B_SPLINE_CURVE_WITH_KNOTS('',3,(#4101,#4102,#4103,#4104,#4105),
 .UNSPECIFIED.,.F.,.F.,(4,1,4),(0.,0.0284593473401458,0.0584158553456308),
 .UNSPECIFIED.);
#44=B_SPLINE_CURVE_WITH_KNOTS('',3,(#4107,#4108,#4109,#4110,#4111),
 .UNSPECIFIED.,.F.,.F.,(4,1,4),(-0.0584158553456308,-0.0284593473401458,
0.),.UNSPECIFIED.);
#45=B_SPLINE_CURVE_WITH_KNOTS('',3,(#4124,#4125,#4126,#4127,#4128),
 .UNSPECIFIED.,.F.,.F.,(4,1,4),(0.,0.029956408592931,0.0584156743737784),
 .UNSPECIFIED.);
#46=B_SPLINE_CURVE_WITH_KNOTS('',3,(#4130,#4131,#4132,#4133,#4134),
 .UNSPECIFIED.,.F.,.F.,(4,1,4),(-0.0584156743737784,-0.029956408592931,
0.),.UNSPECIFIED.);
#47=B_SPLINE_CURVE_WITH_KNOTS('',3,(#4147,#4148,#4149,#4150,#4151),
 .UNSPECIFIED.,.F.,.F.,(4,1,4),(0.,0.0288197448675519,0.0584704574477217),
 .UNSPECIFIED.);
#48=B_SPLINE_CURVE_WITH_KNOTS('',3,(#4153,#4154,#4155,#4156,#4157),
 .UNSPECIFIED.,.F.,.F.,(4,1,4),(-0.0584704574477217,-0.0288197448675519,
0.),.UNSPECIFIED.);
#49=B_SPLINE_CURVE_WITH_KNOTS('',3,(#4170,#4171,#4172,#4173,#4174),
 .UNSPECIFIED.,.F.,.F.,(4,1,4),(0.,0.029956508005485,0.0584158553456308),
 .UNSPECIFIED.);
#50=B_SPLINE_CURVE_WITH_KNOTS('',3,(#4176,#4177,#4178,#4179,#4180),
 .UNSPECIFIED.,.F.,.F.,(4,1,4),(-0.0584158553456308,-0.029956508005485,
0.),.UNSPECIFIED.);
#51=B_SPLINE_CURVE_WITH_KNOTS('',3,(#4184,#4185,#4186,#4187,#4188),
 .UNSPECIFIED.,.F.,.F.,(4,1,4),(0.,0.160359978675842,0.376928567886353),
 .UNSPECIFIED.);
#52=B_SPLINE_CURVE_WITH_KNOTS('',3,(#4190,#4191,#4192,#4193,#4194),
 .UNSPECIFIED.,.F.,.F.,(4,1,4),(-0.376928567886353,-0.160359978675842,0.),
 .UNSPECIFIED.);
#53=B_SPLINE_CURVE_WITH_KNOTS('',3,(#4207,#4208,#4209,#4210,#4211),
 .UNSPECIFIED.,.F.,.F.,(4,1,4),(0.,0.0800055227727176,0.158237567470338),
 .UNSPECIFIED.);
#54=B_SPLINE_CURVE_WITH_KNOTS('',3,(#4213,#4214,#4215,#4216,#4217),
 .UNSPECIFIED.,.F.,.F.,(4,1,4),(-0.158237567470338,-0.0800055227727176,
0.),.UNSPECIFIED.);
#55=B_SPLINE_CURVE_WITH_KNOTS('',3,(#4230,#4231,#4232,#4233,#4234),
 .UNSPECIFIED.,.F.,.F.,(4,1,4),(0.,0.0777657187145162,0.155531306704772),
 .UNSPECIFIED.);
#56=B_SPLINE_CURVE_WITH_KNOTS('',3,(#4236,#4237,#4238,#4239,#4240),
 .UNSPECIFIED.,.F.,.F.,(4,1,4),(-0.155531306704772,-0.0777657187145162,
0.),.UNSPECIFIED.);
#57=B_SPLINE_CURVE_WITH_KNOTS('',3,(#4253,#4254,#4255,#4256,#4257),
 .UNSPECIFIED.,.F.,.F.,(4,1,4),(0.,0.0784010262971624,0.158953258392483),
 .UNSPECIFIED.);
#58=B_SPLINE_CURVE_WITH_KNOTS('',3,(#4259,#4260,#4261,#4262,#4263),
 .UNSPECIFIED.,.F.,.F.,(4,1,4),(-0.158953258392483,-0.0784010262971624,
0.),.UNSPECIFIED.);
#59=B_SPLINE_CURVE_WITH_KNOTS('',3,(#4275,#4276,#4277,#4278,#4279),
 .UNSPECIFIED.,.F.,.F.,(4,1,4),(0.,0.080005574296371,0.158237532573911),
 .UNSPECIFIED.);
#60=B_SPLINE_CURVE_WITH_KNOTS('',3,(#4280,#4281,#4282,#4283,#4284),
 .UNSPECIFIED.,.F.,.F.,(4,1,4),(-0.158237532573911,-0.080005574296371,0.),
 .UNSPECIFIED.);
#61=B_SPLINE_SURFACE_WITH_KNOTS('',3,1,((#3768,#3769),(#3770,#3771),(#3772,
#3773),(#3774,#3775),(#3776,#3777)),.UNSPECIFIED.,.F.,.F.,.F.,(4,1,4),(2,
2),(-0.155531322121163,-0.0777656610605814,0.),(0.,0.01),.UNSPECIFIED.);
#62=B_SPLINE_SURFACE_WITH_KNOTS('',3,1,((#3794,#3795),(#3796,#3797),(#3798,
#3799),(#3800,#3801),(#3802,#3803)),.UNSPECIFIED.,.F.,.F.,.F.,(4,1,4),(2,
2),(-0.158237560278991,-0.0782319116736106,0.),(0.,0.01),.UNSPECIFIED.);
#63=B_SPLINE_SURFACE_WITH_KNOTS('',3,1,((#3843,#3844),(#3845,#3846),(#3847,
#3848),(#3849,#3850),(#3851,#3852)),.UNSPECIFIED.,.F.,.F.,.F.,(4,1,4),(2,
2),(-0.057777387214248,-0.0282790280250198,0.),(0.,0.01),.UNSPECIFIED.);
#64=B_SPLINE_SURFACE_WITH_KNOTS('',3,1,((#3866,#3867),(#3868,#3869),(#3870,
#3871),(#3872,#3873),(#3874,#3875)),.UNSPECIFIED.,.F.,.F.,.F.,(4,1,4),(2,
2),(-0.0577775720245594,-0.029498508767378,0.),(0.,0.01),.UNSPECIFIED.);
#65=B_SPLINE_SURFACE_WITH_KNOTS('',3,1,((#3889,#3890),(#3891,#3892),(#3893,
#3894),(#3895,#3896),(#3897,#3898)),.UNSPECIFIED.,.F.,.F.,.F.,(4,1,4),(2,
2),(-0.0584705387466074,-0.0288198261664375,0.),(0.,0.01),.UNSPECIFIED.);
#66=B_SPLINE_SURFACE_WITH_KNOTS('',3,1,((#3912,#3913),(#3914,#3915),(#3916,
#3917),(#3918,#3919),(#3920,#3921)),.UNSPECIFIED.,.F.,.F.,.F.,(4,1,4),(2,
2),(-0.0577774206187613,-0.0294983925937415,0.),(0.,0.01),.UNSPECIFIED.);
#67=B_SPLINE_SURFACE_WITH_KNOTS('',3,1,((#3949,#3950),(#3951,#3952),(#3953,
#3954),(#3955,#3956),(#3957,#3958)),.UNSPECIFIED.,.F.,.F.,.F.,(4,1,4),(2,
2),(-0.235104682223811,-0.115279047852087,0.),(0.,0.01),.UNSPECIFIED.);
#68=B_SPLINE_SURFACE_WITH_KNOTS('',3,1,((#3972,#3973),(#3974,#3975),(#3976,
#3977),(#3978,#3979),(#3980,#3981)),.UNSPECIFIED.,.F.,.F.,.F.,(4,1,4),(2,
2),(-0.236138806745126,-0.120283614313171,0.),(0.,0.01),.UNSPECIFIED.);
#69=B_SPLINE_SURFACE_WITH_KNOTS('',3,1,((#3995,#3996),(#3997,#3998),(#3999,
#4000),(#4001,#4002),(#4003,#4004)),.UNSPECIFIED.,.F.,.F.,.F.,(4,1,4),(2,
2),(-0.158582300540001,-0.0800966923414037,0.),(0.,0.01),.UNSPECIFIED.);
#70=B_SPLINE_SURFACE_WITH_KNOTS('',3,1,((#4018,#4019),(#4020,#4021),(#4022,
#4023),(#4024,#4025),(#4026,#4027)),.UNSPECIFIED.,.F.,.F.,.F.,(4,1,4),(2,
2),(-0.156079326304928,-0.078039728530542,0.),(0.,0.01),.UNSPECIFIED.);
#71=B_SPLINE_SURFACE_WITH_KNOTS('',3,1,((#4041,#4042),(#4043,#4044),(#4045,
#4046),(#4047,#4048),(#4049,#4050)),.UNSPECIFIED.,.F.,.F.,.F.,(4,1,4),(2,
2),(-0.1585823795269,-0.0784855765322683,0.),(0.,0.01),.UNSPECIFIED.);
#72=B_SPLINE_SURFACE_WITH_KNOTS('',3,1,((#4090,#4091),(#4092,#4093),(#4094,
#4095),(#4096,#4097),(#4098,#4099)),.UNSPECIFIED.,.F.,.F.,.F.,(4,1,4),(2,
2),(-0.0584158553456308,-0.0284593473401458,0.),(0.,0.01),.UNSPECIFIED.);
#73=B_SPLINE_SURFACE_WITH_KNOTS('',3,1,((#4113,#4114),(#4115,#4116),(#4117,
#4118),(#4119,#4120),(#4121,#4122)),.UNSPECIFIED.,.F.,.F.,.F.,(4,1,4),(2,
2),(-0.0584156743737784,-0.029956408592931,0.),(0.,0.01),.UNSPECIFIED.);
#74=B_SPLINE_SURFACE_WITH_KNOTS('',3,1,((#4136,#4137),(#4138,#4139),(#4140,
#4141),(#4142,#4143),(#4144,#4145)),.UNSPECIFIED.,.F.,.F.,.F.,(4,1,4),(2,
2),(-0.0584704574477217,-0.0288197448675519,0.),(0.,0.01),.UNSPECIFIED.);
#75=B_SPLINE_SURFACE_WITH_KNOTS('',3,1,((#4159,#4160),(#4161,#4162),(#4163,
#4164),(#4165,#4166),(#4167,#4168)),.UNSPECIFIED.,.F.,.F.,.F.,(4,1,4),(2,
2),(-0.0584158553456308,-0.029956508005485,0.),(0.,0.01),.UNSPECIFIED.);
#76=B_SPLINE_SURFACE_WITH_KNOTS('',3,1,((#4196,#4197),(#4198,#4199),(#4200,
#4201),(#4202,#4203),(#4204,#4205)),.UNSPECIFIED.,.F.,.F.,.F.,(4,1,4),(2,
2),(-0.158237567470338,-0.0800055227727176,0.),(0.,0.01),.UNSPECIFIED.);
#77=B_SPLINE_SURFACE_WITH_KNOTS('',3,1,((#4219,#4220),(#4221,#4222),(#4223,
#4224),(#4225,#4226),(#4227,#4228)),.UNSPECIFIED.,.F.,.F.,.F.,(4,1,4),(2,
2),(-0.155531306704772,-0.0777657187145162,0.),(0.,0.01),.UNSPECIFIED.);
#78=B_SPLINE_SURFACE_WITH_KNOTS('',3,1,((#4242,#4243),(#4244,#4245),(#4246,
#4247),(#4248,#4249),(#4250,#4251)),.UNSPECIFIED.,.F.,.F.,.F.,(4,1,4),(2,
2),(-0.158953258392483,-0.0784010262971624,0.),(0.,0.01),.UNSPECIFIED.);
#79=B_SPLINE_SURFACE_WITH_KNOTS('',3,1,((#4265,#4266),(#4267,#4268),(#4269,
#4270),(#4271,#4272),(#4273,#4274)),.UNSPECIFIED.,.F.,.F.,.F.,(4,1,4),(2,
2),(-0.158237532573911,-0.080005574296371,0.),(0.,0.01),.UNSPECIFIED.);
#80=SHAPE_REPRESENTATION_RELATIONSHIP('SRR','None',#4390,#82);
#81=SHAPE_REPRESENTATION_RELATIONSHIP('SRR','None',#4389,#83);
#82=ADVANCED_BREP_SHAPE_REPRESENTATION('',(#87),#4378);
#83=ADVANCED_BREP_SHAPE_REPRESENTATION('',(#88,#89),#4377);
#84=STYLED_ITEM('',(#4405),#87);
#85=STYLED_ITEM('',(#4404),#88);
#86=STYLED_ITEM('',(#4404),#89);
#87=MANIFOLD_SOLID_BREP('Cover',#2499);
#88=MANIFOLD_SOLID_BREP('2',#2500);
#89=MANIFOLD_SOLID_BREP('R',#2501);
#90=CONICAL_SURFACE('',#2619,1.67873815390345,0.785398163397447);
#91=CONICAL_SURFACE('',#2622,1.67873815390345,0.785398163397448);
#92=CONICAL_SURFACE('',#2625,0.97,0.785398163397448);
#93=CONICAL_SURFACE('',#2628,0.970000000000001,0.785398163397447);
#94=CYLINDRICAL_SURFACE('',#2537,2.);
#95=CYLINDRICAL_SURFACE('',#2557,2.);
#96=CYLINDRICAL_SURFACE('',#2588,2.50000000000001);
#97=CYLINDRICAL_SURFACE('',#2607,2.5);
#98=CYLINDRICAL_SURFACE('',#2633,1.52873815390345);
#99=CYLINDRICAL_SURFACE('',#2635,1.52873815390345);
#100=CYLINDRICAL_SURFACE('',#2643,1.02999998793006);
#101=CYLINDRICAL_SURFACE('',#2646,1.02999998793006);
#102=CYLINDRICAL_SURFACE('',#2656,1.12);
#103=CYLINDRICAL_SURFACE('',#2657,1.12);
#104=FACE_BOUND('',#307,.T.);
#105=FACE_BOUND('',#308,.T.);
#106=FACE_BOUND('',#326,.T.);
#107=FACE_BOUND('',#382,.T.);
#108=FACE_BOUND('',#433,.T.);
#109=FACE_BOUND('',#435,.T.);
#110=CIRCLE('',#2524,2.);
#111=CIRCLE('',#2527,2.);
#112=CIRCLE('',#2528,2.5);
#113=CIRCLE('',#2529,2.50000000000001);
#114=CIRCLE('',#2530,2.);
#115=CIRCLE('',#2531,1.52873815390345);
#116=CIRCLE('',#2532,1.52873815390345);
#117=CIRCLE('',#2538,2.);
#118=CIRCLE('',#2539,2.);
#119=CIRCLE('',#2542,2.);
#120=CIRCLE('',#2543,2.);
#121=CIRCLE('',#2546,2.);
#122=CIRCLE('',#2555,2.50000000000001);
#123=CIRCLE('',#2558,2.);
#124=CIRCLE('',#2559,2.);
#125=CIRCLE('',#2561,2.);
#126=CIRCLE('',#2562,2.);
#127=CIRCLE('',#2569,2.50000000000001);
#128=CIRCLE('',#2570,2.5);
#129=CIRCLE('',#2571,1.82873815390345);
#130=CIRCLE('',#2572,1.82873815390345);
#131=CIRCLE('',#2573,0.820000000000001);
#132=CIRCLE('',#2574,0.82);
#133=CIRCLE('',#2576,2.5);
#134=CIRCLE('',#2587,2.50000000000001);
#135=CIRCLE('',#2589,2.50000000000001);
#136=CIRCLE('',#2590,2.50000000000001);
#137=CIRCLE('',#2594,2.5);
#138=CIRCLE('',#2596,2.5);
#139=CIRCLE('',#2606,2.5);
#140=CIRCLE('',#2620,1.52873815390345);
#141=CIRCLE('',#2623,1.52873815390345);
#142=CIRCLE('',#2626,1.12);
#143=CIRCLE('',#2629,1.12);
#144=CIRCLE('',#2639,1.02999998793006);
#145=CIRCLE('',#2640,1.02999998793006);
#146=CIRCLE('',#2644,1.02999998793006);
#147=CIRCLE('',#2647,1.02999998793006);
#148=CIRCLE('',#2651,1.12);
#149=CIRCLE('',#2652,1.12);
#150=ELLIPSE('',#2522,2.82842712474619,2.);
#151=ELLIPSE('',#2540,2.82842712474619,2.);
#152=ELLIPSE('',#2541,2.82842923209253,2.);
#153=ELLIPSE('',#2544,2.82840157373687,2.);
#154=ELLIPSE('',#2545,2.82842601839161,2.);
#155=ELLIPSE('',#2549,3.53550196717111,2.50000000000001);
#156=ELLIPSE('',#2560,2.82842923209253,2.);
#157=ELLIPSE('',#2563,2.82842601839161,2.);
#158=ELLIPSE('',#2564,2.82843691076872,2.);
#159=ELLIPSE('',#2566,3.53553252298951,2.5);
#160=ELLIPSE('',#2580,3.53553252298953,2.50000000000001);
#161=ELLIPSE('',#2583,3.5355461384609,2.5);
#162=ELLIPSE('',#2591,3.53554869259581,2.50000000000001);
#163=ELLIPSE('',#2592,3.53553390593274,2.50000000000001);
#164=ELLIPSE('',#2600,3.5355486925958,2.5);
#165=ELLIPSE('',#2602,3.53553390593273,2.5);
#166=FACE_OUTER_BOUND('',#298,.T.);
#167=FACE_OUTER_BOUND('',#299,.T.);
#168=FACE_OUTER_BOUND('',#300,.T.);
#169=FACE_OUTER_BOUND('',#301,.T.);
#170=FACE_OUTER_BOUND('',#302,.T.);
#171=FACE_OUTER_BOUND('',#303,.T.);
#172=FACE_OUTER_BOUND('',#304,.T.);
#173=FACE_OUTER_BOUND('',#305,.T.);
#174=FACE_OUTER_BOUND('',#306,.T.);
#175=FACE_OUTER_BOUND('',#309,.T.);
#176=FACE_OUTER_BOUND('',#310,.T.);
#177=FACE_OUTER_BOUND('',#311,.T.);
#178=FACE_OUTER_BOUND('',#312,.T.);
#179=FACE_OUTER_BOUND('',#313,.T.);
#180=FACE_OUTER_BOUND('',#314,.T.);
#181=FACE_OUTER_BOUND('',#315,.T.);
#182=FACE_OUTER_BOUND('',#316,.T.);
#183=FACE_OUTER_BOUND('',#317,.T.);
#184=FACE_OUTER_BOUND('',#318,.T.);
#185=FACE_OUTER_BOUND('',#319,.T.);
#186=FACE_OUTER_BOUND('',#320,.T.);
#187=FACE_OUTER_BOUND('',#321,.T.);
#188=FACE_OUTER_BOUND('',#322,.T.);
#189=FACE_OUTER_BOUND('',#323,.T.);
#190=FACE_OUTER_BOUND('',#324,.T.);
#191=FACE_OUTER_BOUND('',#325,.T.);
#192=FACE_OUTER_BOUND('',#327,.T.);
#193=FACE_OUTER_BOUND('',#328,.T.);
#194=FACE_OUTER_BOUND('',#329,.T.);
#195=FACE_OUTER_BOUND('',#330,.T.);
#196=FACE_OUTER_BOUND('',#331,.T.);
#197=FACE_OUTER_BOUND('',#332,.T.);
#198=FACE_OUTER_BOUND('',#333,.T.);
#199=FACE_OUTER_BOUND('',#334,.T.);
#200=FACE_OUTER_BOUND('',#335,.T.);
#201=FACE_OUTER_BOUND('',#336,.T.);
#202=FACE_OUTER_BOUND('',#337,.T.);
#203=FACE_OUTER_BOUND('',#338,.T.);
#204=FACE_OUTER_BOUND('',#339,.T.);
#205=FACE_OUTER_BOUND('',#340,.T.);
#206=FACE_OUTER_BOUND('',#341,.T.);
#207=FACE_OUTER_BOUND('',#342,.T.);
#208=FACE_OUTER_BOUND('',#343,.T.);
#209=FACE_OUTER_BOUND('',#344,.T.);
#210=FACE_OUTER_BOUND('',#345,.T.);
#211=FACE_OUTER_BOUND('',#346,.T.);
#212=FACE_OUTER_BOUND('',#347,.T.);
#213=FACE_OUTER_BOUND('',#348,.T.);
#214=FACE_OUTER_BOUND('',#349,.T.);
#215=FACE_OUTER_BOUND('',#350,.T.);
#216=FACE_OUTER_BOUND('',#351,.T.);
#217=FACE_OUTER_BOUND('',#352,.T.);
#218=FACE_OUTER_BOUND('',#353,.T.);
#219=FACE_OUTER_BOUND('',#354,.T.);
#220=FACE_OUTER_BOUND('',#355,.T.);
#221=FACE_OUTER_BOUND('',#356,.T.);
#222=FACE_OUTER_BOUND('',#357,.T.);
#223=FACE_OUTER_BOUND('',#358,.T.);
#224=FACE_OUTER_BOUND('',#359,.T.);
#225=FACE_OUTER_BOUND('',#360,.T.);
#226=FACE_OUTER_BOUND('',#361,.T.);
#227=FACE_OUTER_BOUND('',#362,.T.);
#228=FACE_OUTER_BOUND('',#363,.T.);
#229=FACE_OUTER_BOUND('',#364,.T.);
#230=FACE_OUTER_BOUND('',#365,.T.);
#231=FACE_OUTER_BOUND('',#366,.T.);
#232=FACE_OUTER_BOUND('',#367,.T.);
#233=FACE_OUTER_BOUND('',#368,.T.);
#234=FACE_OUTER_BOUND('',#369,.T.);
#235=FACE_OUTER_BOUND('',#370,.T.);
#236=FACE_OUTER_BOUND('',#371,.T.);
#237=FACE_OUTER_BOUND('',#372,.T.);
#238=FACE_OUTER_BOUND('',#373,.T.);
#239=FACE_OUTER_BOUND('',#374,.T.);
#240=FACE_OUTER_BOUND('',#375,.T.);
#241=FACE_OUTER_BOUND('',#376,.T.);
#242=FACE_OUTER_BOUND('',#377,.T.);
#243=FACE_OUTER_BOUND('',#378,.T.);
#244=FACE_OUTER_BOUND('',#379,.T.);
#245=FACE_OUTER_BOUND('',#380,.T.);
#246=FACE_OUTER_BOUND('',#381,.T.);
#247=FACE_OUTER_BOUND('',#383,.T.);
#248=FACE_OUTER_BOUND('',#384,.T.);
#249=FACE_OUTER_BOUND('',#385,.T.);
#250=FACE_OUTER_BOUND('',#386,.T.);
#251=FACE_OUTER_BOUND('',#387,.T.);
#252=FACE_OUTER_BOUND('',#388,.T.);
#253=FACE_OUTER_BOUND('',#389,.T.);
#254=FACE_OUTER_BOUND('',#390,.T.);
#255=FACE_OUTER_BOUND('',#391,.T.);
#256=FACE_OUTER_BOUND('',#392,.T.);
#257=FACE_OUTER_BOUND('',#393,.T.);
#258=FACE_OUTER_BOUND('',#394,.T.);
#259=FACE_OUTER_BOUND('',#395,.T.);
#260=FACE_OUTER_BOUND('',#396,.T.);
#261=FACE_OUTER_BOUND('',#397,.T.);
#262=FACE_OUTER_BOUND('',#398,.T.);
#263=FACE_OUTER_BOUND('',#399,.T.);
#264=FACE_OUTER_BOUND('',#400,.T.);
#265=FACE_OUTER_BOUND('',#401,.T.);
#266=FACE_OUTER_BOUND('',#402,.T.);
#267=FACE_OUTER_BOUND('',#403,.T.);
#268=FACE_OUTER_BOUND('',#404,.T.);
#269=FACE_OUTER_BOUND('',#405,.T.);
#270=FACE_OUTER_BOUND('',#406,.T.);
#271=FACE_OUTER_BOUND('',#407,.T.);
#272=FACE_OUTER_BOUND('',#408,.T.);
#273=FACE_OUTER_BOUND('',#409,.T.);
#274=FACE_OUTER_BOUND('',#410,.T.);
#275=FACE_OUTER_BOUND('',#411,.T.);
#276=FACE_OUTER_BOUND('',#412,.T.);
#277=FACE_OUTER_BOUND('',#413,.T.);
#278=FACE_OUTER_BOUND('',#414,.T.);
#279=FACE_OUTER_BOUND('',#415,.T.);
#280=FACE_OUTER_BOUND('',#416,.T.);
#281=FACE_OUTER_BOUND('',#417,.T.);
#282=FACE_OUTER_BOUND('',#418,.T.);
#283=FACE_OUTER_BOUND('',#419,.T.);
#284=FACE_OUTER_BOUND('',#420,.T.);
#285=FACE_OUTER_BOUND('',#421,.T.);
#286=FACE_OUTER_BOUND('',#422,.T.);
#287=FACE_OUTER_BOUND('',#423,.T.);
#288=FACE_OUTER_BOUND('',#424,.T.);
#289=FACE_OUTER_BOUND('',#425,.T.);
#290=FACE_OUTER_BOUND('',#426,.T.);
#291=FACE_OUTER_BOUND('',#427,.T.);
#292=FACE_OUTER_BOUND('',#428,.T.);
#293=FACE_OUTER_BOUND('',#429,.T.);
#294=FACE_OUTER_BOUND('',#430,.T.);
#295=FACE_OUTER_BOUND('',#431,.T.);
#296=FACE_OUTER_BOUND('',#432,.T.);
#297=FACE_OUTER_BOUND('',#434,.T.);
#298=EDGE_LOOP('',(#1548,#1549,#1550,#1551,#1552,#1553));
#299=EDGE_LOOP('',(#1554,#1555,#1556,#1557));
#300=EDGE_LOOP('',(#1558,#1559,#1560,#1561));
#301=EDGE_LOOP('',(#1562,#1563,#1564,#1565));
#302=EDGE_LOOP('',(#1566,#1567,#1568,#1569,#1570,#1571));
#303=EDGE_LOOP('',(#1572,#1573,#1574,#1575));
#304=EDGE_LOOP('',(#1576,#1577,#1578,#1579));
#305=EDGE_LOOP('',(#1580,#1581,#1582,#1583,#1584,#1585,#1586,#1587,#1588,
#1589,#1590,#1591,#1592,#1593,#1594,#1595));
#306=EDGE_LOOP('',(#1596,#1597,#1598,#1599,#1600,#1601,#1602,#1603,#1604,
#1605,#1606,#1607));
#307=EDGE_LOOP('',(#1608,#1609,#1610,#1611,#1612,#1613));
#308=EDGE_LOOP('',(#1614,#1615,#1616,#1617,#1618,#1619));
#309=EDGE_LOOP('',(#1620,#1621,#1622,#1623));
#310=EDGE_LOOP('',(#1624,#1625,#1626,#1627));
#311=EDGE_LOOP('',(#1628,#1629,#1630,#1631));
#312=EDGE_LOOP('',(#1632,#1633,#1634,#1635));
#313=EDGE_LOOP('',(#1636,#1637,#1638,#1639,#1640,#1641,#1642,#1643,#1644,
#1645,#1646,#1647,#1648,#1649,#1650,#1651));
#314=EDGE_LOOP('',(#1652,#1653,#1654,#1655));
#315=EDGE_LOOP('',(#1656,#1657,#1658,#1659));
#316=EDGE_LOOP('',(#1660,#1661,#1662,#1663));
#317=EDGE_LOOP('',(#1664,#1665,#1666,#1667));
#318=EDGE_LOOP('',(#1668,#1669,#1670,#1671));
#319=EDGE_LOOP('',(#1672,#1673,#1674,#1675));
#320=EDGE_LOOP('',(#1676,#1677,#1678,#1679));
#321=EDGE_LOOP('',(#1680,#1681,#1682,#1683));
#322=EDGE_LOOP('',(#1684,#1685,#1686,#1687,#1688,#1689,#1690,#1691,#1692,
#1693,#1694,#1695,#1696,#1697,#1698,#1699));
#323=EDGE_LOOP('',(#1700,#1701,#1702,#1703));
#324=EDGE_LOOP('',(#1704,#1705,#1706,#1707));
#325=EDGE_LOOP('',(#1708,#1709,#1710,#1711,#1712,#1713,#1714,#1715));
#326=EDGE_LOOP('',(#1716,#1717,#1718,#1719,#1720,#1721,#1722,#1723,#1724,
#1725,#1726,#1727));
#327=EDGE_LOOP('',(#1728,#1729,#1730,#1731));
#328=EDGE_LOOP('',(#1732,#1733,#1734,#1735));
#329=EDGE_LOOP('',(#1736,#1737,#1738,#1739));
#330=EDGE_LOOP('',(#1740,#1741,#1742,#1743));
#331=EDGE_LOOP('',(#1744,#1745,#1746,#1747));
#332=EDGE_LOOP('',(#1748,#1749,#1750,#1751));
#333=EDGE_LOOP('',(#1752,#1753,#1754,#1755));
#334=EDGE_LOOP('',(#1756,#1757,#1758,#1759));
#335=EDGE_LOOP('',(#1760,#1761,#1762,#1763));
#336=EDGE_LOOP('',(#1764,#1765,#1766,#1767,#1768,#1769,#1770,#1771,#1772,
#1773,#1774,#1775,#1776,#1777,#1778,#1779));
#337=EDGE_LOOP('',(#1780,#1781,#1782,#1783));
#338=EDGE_LOOP('',(#1784,#1785,#1786,#1787));
#339=EDGE_LOOP('',(#1788,#1789,#1790,#1791));
#340=EDGE_LOOP('',(#1792,#1793,#1794,#1795));
#341=EDGE_LOOP('',(#1796,#1797,#1798,#1799));
#342=EDGE_LOOP('',(#1800,#1801,#1802,#1803));
#343=EDGE_LOOP('',(#1804,#1805,#1806,#1807));
#344=EDGE_LOOP('',(#1808,#1809,#1810,#1811));
#345=EDGE_LOOP('',(#1812,#1813,#1814,#1815));
#346=EDGE_LOOP('',(#1816,#1817,#1818,#1819,#1820,#1821,#1822,#1823,#1824,
#1825,#1826,#1827,#1828,#1829,#1830,#1831));
#347=EDGE_LOOP('',(#1832,#1833,#1834,#1835));
#348=EDGE_LOOP('',(#1836,#1837,#1838,#1839));
#349=EDGE_LOOP('',(#1840,#1841,#1842,#1843,#1844));
#350=EDGE_LOOP('',(#1845,#1846,#1847,#1848));
#351=EDGE_LOOP('',(#1849,#1850,#1851,#1852,#1853));
#352=EDGE_LOOP('',(#1854,#1855,#1856,#1857,#1858,#1859));
#353=EDGE_LOOP('',(#1860,#1861,#1862,#1863));
#354=EDGE_LOOP('',(#1864,#1865,#1866,#1867,#1868,#1869,#1870,#1871));
#355=EDGE_LOOP('',(#1872,#1873,#1874,#1875));
#356=EDGE_LOOP('',(#1876,#1877,#1878,#1879));
#357=EDGE_LOOP('',(#1880,#1881,#1882,#1883));
#358=EDGE_LOOP('',(#1884,#1885,#1886,#1887));
#359=EDGE_LOOP('',(#1888,#1889,#1890,#1891));
#360=EDGE_LOOP('',(#1892,#1893,#1894,#1895));
#361=EDGE_LOOP('',(#1896,#1897,#1898,#1899));
#362=EDGE_LOOP('',(#1900,#1901,#1902,#1903));
#363=EDGE_LOOP('',(#1904,#1905,#1906,#1907));
#364=EDGE_LOOP('',(#1908,#1909,#1910,#1911));
#365=EDGE_LOOP('',(#1912,#1913,#1914,#1915));
#366=EDGE_LOOP('',(#1916,#1917,#1918,#1919));
#367=EDGE_LOOP('',(#1920,#1921,#1922,#1923));
#368=EDGE_LOOP('',(#1924,#1925,#1926,#1927));
#369=EDGE_LOOP('',(#1928,#1929,#1930,#1931));
#370=EDGE_LOOP('',(#1932,#1933,#1934,#1935));
#371=EDGE_LOOP('',(#1936,#1937,#1938,#1939));
#372=EDGE_LOOP('',(#1940,#1941,#1942,#1943));
#373=EDGE_LOOP('',(#1944,#1945,#1946,#1947));
#374=EDGE_LOOP('',(#1948,#1949,#1950,#1951,#1952,#1953,#1954,#1955,#1956,
#1957));
#375=EDGE_LOOP('',(#1958,#1959,#1960,#1961,#1962,#1963,#1964,#1965,#1966,
#1967));
#376=EDGE_LOOP('',(#1968,#1969,#1970,#1971));
#377=EDGE_LOOP('',(#1972,#1973,#1974,#1975));
#378=EDGE_LOOP('',(#1976,#1977,#1978,#1979));
#379=EDGE_LOOP('',(#1980,#1981,#1982,#1983));
#380=EDGE_LOOP('',(#1984,#1985,#1986,#1987));
#381=EDGE_LOOP('',(#1988,#1989,#1990,#1991,#1992,#1993));
#382=EDGE_LOOP('',(#1994,#1995,#1996,#1997));
#383=EDGE_LOOP('',(#1998,#1999,#2000,#2001));
#384=EDGE_LOOP('',(#2002,#2003,#2004,#2005));
#385=EDGE_LOOP('',(#2006,#2007,#2008,#2009));
#386=EDGE_LOOP('',(#2010,#2011,#2012,#2013));
#387=EDGE_LOOP('',(#2014,#2015,#2016,#2017));
#388=EDGE_LOOP('',(#2018,#2019,#2020,#2021));
#389=EDGE_LOOP('',(#2022,#2023,#2024,#2025));
#390=EDGE_LOOP('',(#2026,#2027,#2028,#2029));
#391=EDGE_LOOP('',(#2030,#2031,#2032,#2033));
#392=EDGE_LOOP('',(#2034,#2035,#2036,#2037));
#393=EDGE_LOOP('',(#2038,#2039,#2040,#2041));
#394=EDGE_LOOP('',(#2042,#2043,#2044,#2045));
#395=EDGE_LOOP('',(#2046,#2047,#2048,#2049));
#396=EDGE_LOOP('',(#2050,#2051,#2052,#2053));
#397=EDGE_LOOP('',(#2054,#2055,#2056,#2057));
#398=EDGE_LOOP('',(#2058,#2059,#2060,#2061));
#399=EDGE_LOOP('',(#2062,#2063,#2064,#2065));
#400=EDGE_LOOP('',(#2066,#2067,#2068,#2069));
#401=EDGE_LOOP('',(#2070,#2071,#2072,#2073));
#402=EDGE_LOOP('',(#2074,#2075,#2076,#2077));
#403=EDGE_LOOP('',(#2078,#2079,#2080,#2081));
#404=EDGE_LOOP('',(#2082,#2083,#2084,#2085));
#405=EDGE_LOOP('',(#2086,#2087,#2088,#2089));
#406=EDGE_LOOP('',(#2090,#2091,#2092,#2093));
#407=EDGE_LOOP('',(#2094,#2095,#2096,#2097));
#408=EDGE_LOOP('',(#2098,#2099,#2100,#2101));
#409=EDGE_LOOP('',(#2102,#2103,#2104,#2105));
#410=EDGE_LOOP('',(#2106,#2107,#2108,#2109));
#411=EDGE_LOOP('',(#2110,#2111,#2112,#2113));
#412=EDGE_LOOP('',(#2114,#2115,#2116,#2117));
#413=EDGE_LOOP('',(#2118,#2119,#2120,#2121));
#414=EDGE_LOOP('',(#2122,#2123,#2124,#2125));
#415=EDGE_LOOP('',(#2126,#2127,#2128,#2129));
#416=EDGE_LOOP('',(#2130,#2131,#2132,#2133,#2134,#2135,#2136,#2137,#2138,
#2139,#2140,#2141,#2142,#2143,#2144,#2145,#2146,#2147,#2148,#2149,#2150,
#2151,#2152,#2153,#2154,#2155,#2156));
#417=EDGE_LOOP('',(#2157,#2158,#2159,#2160,#2161,#2162,#2163,#2164,#2165,
#2166,#2167,#2168,#2169,#2170,#2171,#2172,#2173,#2174,#2175,#2176,#2177,
#2178,#2179,#2180,#2181,#2182,#2183));
#418=EDGE_LOOP('',(#2184,#2185,#2186,#2187));
#419=EDGE_LOOP('',(#2188,#2189,#2190,#2191));
#420=EDGE_LOOP('',(#2192,#2193,#2194,#2195));
#421=EDGE_LOOP('',(#2196,#2197,#2198,#2199));
#422=EDGE_LOOP('',(#2200,#2201,#2202,#2203));
#423=EDGE_LOOP('',(#2204,#2205,#2206,#2207));
#424=EDGE_LOOP('',(#2208,#2209,#2210,#2211));
#425=EDGE_LOOP('',(#2212,#2213,#2214,#2215));
#426=EDGE_LOOP('',(#2216,#2217,#2218,#2219));
#427=EDGE_LOOP('',(#2220,#2221,#2222,#2223));
#428=EDGE_LOOP('',(#2224,#2225,#2226,#2227));
#429=EDGE_LOOP('',(#2228,#2229,#2230,#2231));
#430=EDGE_LOOP('',(#2232,#2233,#2234,#2235));
#431=EDGE_LOOP('',(#2236,#2237,#2238,#2239));
#432=EDGE_LOOP('',(#2240,#2241,#2242,#2243,#2244,#2245,#2246,#2247,#2248,
#2249));
#433=EDGE_LOOP('',(#2250,#2251,#2252,#2253));
#434=EDGE_LOOP('',(#2254,#2255,#2256,#2257,#2258,#2259,#2260,#2261,#2262,
#2263));
#435=EDGE_LOOP('',(#2264,#2265,#2266,#2267));
#436=LINE('',#3293,#694);
#437=LINE('',#3295,#695);
#438=LINE('',#3297,#696);
#439=LINE('',#3299,#697);
#440=LINE('',#3301,#698);
#441=LINE('',#3302,#699);
#442=LINE('',#3305,#700);
#443=LINE('',#3307,#701);
#444=LINE('',#3308,#702);
#445=LINE('',#3311,#703);
#446=LINE('',#3312,#704);
#447=LINE('',#3315,#705);
#448=LINE('',#3316,#706);
#449=LINE('',#3320,#707);
#450=LINE('',#3322,#708);
#451=LINE('',#3324,#709);
#452=LINE('',#3326,#710);
#453=LINE('',#3328,#711);
#454=LINE('',#3329,#712);
#455=LINE('',#3332,#713);
#456=LINE('',#3335,#714);
#457=LINE('',#3338,#715);
#458=LINE('',#3342,#716);
#459=LINE('',#3344,#717);
#460=LINE('',#3346,#718);
#461=LINE('',#3348,#719);
#462=LINE('',#3350,#720);
#463=LINE('',#3352,#721);
#464=LINE('',#3354,#722);
#465=LINE('',#3355,#723);
#466=LINE('',#3357,#724);
#467=LINE('',#3359,#725);
#468=LINE('',#3361,#726);
#469=LINE('',#3362,#727);
#470=LINE('',#3367,#728);
#471=LINE('',#3371,#729);
#472=LINE('',#3375,#730);
#473=LINE('',#3379,#731);
#474=LINE('',#3381,#732);
#475=LINE('',#3383,#733);
#476=LINE('',#3384,#734);
#477=LINE('',#3387,#735);
#478=LINE('',#3389,#736);
#479=LINE('',#3391,#737);
#480=LINE('',#3393,#738);
#481=LINE('',#3395,#739);
#482=LINE('',#3396,#740);
#483=LINE('',#3399,#741);
#484=LINE('',#3403,#742);
#485=LINE('',#3405,#743);
#486=LINE('',#3407,#744);
#487=LINE('',#3411,#745);
#488=LINE('',#3412,#746);
#489=LINE('',#3414,#747);
#490=LINE('',#3418,#748);
#491=LINE('',#3420,#749);
#492=LINE('',#3422,#750);
#493=LINE('',#3423,#751);
#494=LINE('',#3425,#752);
#495=LINE('',#3426,#753);
#496=LINE('',#3435,#754);
#497=LINE('',#3440,#755);
#498=LINE('',#3442,#756);
#499=LINE('',#3448,#757);
#500=LINE('',#3453,#758);
#501=LINE('',#3456,#759);
#502=LINE('',#3458,#760);
#503=LINE('',#3459,#761);
#504=LINE('',#3462,#762);
#505=LINE('',#3466,#763);
#506=LINE('',#3467,#764);
#507=LINE('',#3470,#765);
#508=LINE('',#3471,#766);
#509=LINE('',#3474,#767);
#510=LINE('',#3475,#768);
#511=LINE('',#3478,#769);
#512=LINE('',#3479,#770);
#513=LINE('',#3484,#771);
#514=LINE('',#3485,#772);
#515=LINE('',#3490,#773);
#516=LINE('',#3495,#774);
#517=LINE('',#3499,#775);
#518=LINE('',#3505,#776);
#519=LINE('',#3509,#777);
#520=LINE('',#3512,#778);
#521=LINE('',#3515,#779);
#522=LINE('',#3517,#780);
#523=LINE('',#3518,#781);
#524=LINE('',#3521,#782);
#525=LINE('',#3525,#783);
#526=LINE('',#3531,#784);
#527=LINE('',#3535,#785);
#528=LINE('',#3537,#786);
#529=LINE('',#3539,#787);
#530=LINE('',#3543,#788);
#531=LINE('',#3547,#789);
#532=LINE('',#3549,#790);
#533=LINE('',#3550,#791);
#534=LINE('',#3554,#792);
#535=LINE('',#3556,#793);
#536=LINE('',#3560,#794);
#537=LINE('',#3563,#795);
#538=LINE('',#3564,#796);
#539=LINE('',#3568,#797);
#540=LINE('',#3571,#798);
#541=LINE('',#3572,#799);
#542=LINE('',#3574,#800);
#543=LINE('',#3578,#801);
#544=LINE('',#3583,#802);
#545=LINE('',#3584,#803);
#546=LINE('',#3586,#804);
#547=LINE('',#3592,#805);
#548=LINE('',#3596,#806);
#549=LINE('',#3599,#807);
#550=LINE('',#3602,#808);
#551=LINE('',#3605,#809);
#552=LINE('',#3609,#810);
#553=LINE('',#3611,#811);
#554=LINE('',#3612,#812);
#555=LINE('',#3620,#813);
#556=LINE('',#3621,#814);
#557=LINE('',#3625,#815);
#558=LINE('',#3626,#816);
#559=LINE('',#3631,#817);
#560=LINE('',#3632,#818);
#561=LINE('',#3635,#819);
#562=LINE('',#3636,#820);
#563=LINE('',#3639,#821);
#564=LINE('',#3640,#822);
#565=LINE('',#3643,#823);
#566=LINE('',#3644,#824);
#567=LINE('',#3647,#825);
#568=LINE('',#3649,#826);
#569=LINE('',#3650,#827);
#570=LINE('',#3653,#828);
#571=LINE('',#3655,#829);
#572=LINE('',#3657,#830);
#573=LINE('',#3659,#831);
#574=LINE('',#3660,#832);
#575=LINE('',#3661,#833);
#576=LINE('',#3664,#834);
#577=LINE('',#3665,#835);
#578=LINE('',#3666,#836);
#579=LINE('',#3668,#837);
#580=LINE('',#3671,#838);
#581=LINE('',#3672,#839);
#582=LINE('',#3675,#840);
#583=LINE('',#3679,#841);
#584=LINE('',#3680,#842);
#585=LINE('',#3683,#843);
#586=LINE('',#3686,#844);
#587=LINE('',#3689,#845);
#588=LINE('',#3693,#846);
#589=LINE('',#3694,#847);
#590=LINE('',#3697,#848);
#591=LINE('',#3700,#849);
#592=LINE('',#3702,#850);
#593=LINE('',#3704,#851);
#594=LINE('',#3705,#852);
#595=LINE('',#3708,#853);
#596=LINE('',#3711,#854);
#597=LINE('',#3718,#855);
#598=LINE('',#3721,#856);
#599=LINE('',#3724,#857);
#600=LINE('',#3725,#858);
#601=LINE('',#3728,#859);
#602=LINE('',#3729,#860);
#603=LINE('',#3734,#861);
#604=LINE('',#3735,#862);
#605=LINE('',#3738,#863);
#606=LINE('',#3739,#864);
#607=LINE('',#3743,#865);
#608=LINE('',#3745,#866);
#609=LINE('',#3748,#867);
#610=LINE('',#3749,#868);
#611=LINE('',#3752,#869);
#612=LINE('',#3756,#870);
#613=LINE('',#3759,#871);
#614=LINE('',#3761,#872);
#615=LINE('',#3764,#873);
#616=LINE('',#3766,#874);
#617=LINE('',#3786,#875);
#618=LINE('',#3793,#876);
#619=LINE('',#3816,#877);
#620=LINE('',#3819,#878);
#621=LINE('',#3821,#879);
#622=LINE('',#3822,#880);
#623=LINE('',#3825,#881);
#624=LINE('',#3827,#882);
#625=LINE('',#3828,#883);
#626=LINE('',#3842,#884);
#627=LINE('',#3865,#885);
#628=LINE('',#3888,#886);
#629=LINE('',#3911,#887);
#630=LINE('',#3934,#888);
#631=LINE('',#3948,#889);
#632=LINE('',#3971,#890);
#633=LINE('',#3994,#891);
#634=LINE('',#4017,#892);
#635=LINE('',#4040,#893);
#636=LINE('',#4063,#894);
#637=LINE('',#4066,#895);
#638=LINE('',#4068,#896);
#639=LINE('',#4069,#897);
#640=LINE('',#4072,#898);
#641=LINE('',#4074,#899);
#642=LINE('',#4075,#900);
#643=LINE('',#4089,#901);
#644=LINE('',#4112,#902);
#645=LINE('',#4135,#903);
#646=LINE('',#4158,#904);
#647=LINE('',#4181,#905);
#648=LINE('',#4195,#906);
#649=LINE('',#4218,#907);
#650=LINE('',#4241,#908);
#651=LINE('',#4264,#909);
#652=LINE('',#4290,#910);
#653=LINE('',#4292,#911);
#654=LINE('',#4294,#912);
#655=LINE('',#4295,#913);
#656=LINE('',#4298,#914);
#657=LINE('',#4300,#915);
#658=LINE('',#4301,#916);
#659=LINE('',#4304,#917);
#660=LINE('',#4306,#918);
#661=LINE('',#4307,#919);
#662=LINE('',#4309,#920);
#663=LINE('',#4310,#921);
#664=LINE('',#4314,#922);
#665=LINE('',#4316,#923);
#666=LINE('',#4318,#924);
#667=LINE('',#4319,#925);
#668=LINE('',#4322,#926);
#669=LINE('',#4324,#927);
#670=LINE('',#4325,#928);
#671=LINE('',#4328,#929);
#672=LINE('',#4330,#930);
#673=LINE('',#4331,#931);
#674=LINE('',#4334,#932);
#675=LINE('',#4336,#933);
#676=LINE('',#4337,#934);
#677=LINE('',#4340,#935);
#678=LINE('',#4342,#936);
#679=LINE('',#4343,#937);
#680=LINE('',#4346,#938);
#681=LINE('',#4348,#939);
#682=LINE('',#4349,#940);
#683=LINE('',#4352,#941);
#684=LINE('',#4354,#942);
#685=LINE('',#4355,#943);
#686=LINE('',#4358,#944);
#687=LINE('',#4360,#945);
#688=LINE('',#4361,#946);
#689=LINE('',#4364,#947);
#690=LINE('',#4366,#948);
#691=LINE('',#4367,#949);
#692=LINE('',#4369,#950);
#693=LINE('',#4370,#951);
#694=VECTOR('',#2692,10.);
#695=VECTOR('',#2693,10.);
#696=VECTOR('',#2694,10.);
#697=VECTOR('',#2695,10.);
#698=VECTOR('',#2696,10.);
#699=VECTOR('',#2697,10.);
#700=VECTOR('',#2700,10.);
#701=VECTOR('',#2701,10.);
#702=VECTOR('',#2702,10.);
#703=VECTOR('',#2705,10.);
#704=VECTOR('',#2706,10.);
#705=VECTOR('',#2709,10.);
#706=VECTOR('',#2710,10.);
#707=VECTOR('',#2713,10.);
#708=VECTOR('',#2714,10.);
#709=VECTOR('',#2715,10.);
#710=VECTOR('',#2716,10.);
#711=VECTOR('',#2717,10.);
#712=VECTOR('',#2718,10.);
#713=VECTOR('',#2721,10.);
#714=VECTOR('',#2724,10.);
#715=VECTOR('',#2727,10.);
#716=VECTOR('',#2732,10.);
#717=VECTOR('',#2733,10.);
#718=VECTOR('',#2734,10.);
#719=VECTOR('',#2735,10.);
#720=VECTOR('',#2736,10.);
#721=VECTOR('',#2737,10.);
#722=VECTOR('',#2738,10.);
#723=VECTOR('',#2739,10.);
#724=VECTOR('',#2740,10.);
#725=VECTOR('',#2741,10.);
#726=VECTOR('',#2742,10.);
#727=VECTOR('',#2743,10.);
#728=VECTOR('',#2748,10.);
#729=VECTOR('',#2751,10.);
#730=VECTOR('',#2754,10.);
#731=VECTOR('',#2757,10.);
#732=VECTOR('',#2758,10.);
#733=VECTOR('',#2759,10.);
#734=VECTOR('',#2760,10.);
#735=VECTOR('',#2761,10.);
#736=VECTOR('',#2762,10.);
#737=VECTOR('',#2763,10.);
#738=VECTOR('',#2764,10.);
#739=VECTOR('',#2765,10.);
#740=VECTOR('',#2766,10.);
#741=VECTOR('',#2767,10.);
#742=VECTOR('',#2770,10.);
#743=VECTOR('',#2771,10.);
#744=VECTOR('',#2772,10.);
#745=VECTOR('',#2777,10.);
#746=VECTOR('',#2778,10.);
#747=VECTOR('',#2781,10.);
#748=VECTOR('',#2784,10.);
#749=VECTOR('',#2785,10.);
#750=VECTOR('',#2786,10.);
#751=VECTOR('',#2787,10.);
#752=VECTOR('',#2790,10.);
#753=VECTOR('',#2791,10.);
#754=VECTOR('',#2800,10.);
#755=VECTOR('',#2805,10.);
#756=VECTOR('',#2806,10.);
#757=VECTOR('',#2811,10.);
#758=VECTOR('',#2816,10.);
#759=VECTOR('',#2819,10.);
#760=VECTOR('',#2820,10.);
#761=VECTOR('',#2821,10.);
#762=VECTOR('',#2824,10.);
#763=VECTOR('',#2829,10.);
#764=VECTOR('',#2830,10.);
#765=VECTOR('',#2833,10.);
#766=VECTOR('',#2834,10.);
#767=VECTOR('',#2837,10.);
#768=VECTOR('',#2838,10.);
#769=VECTOR('',#2841,10.);
#770=VECTOR('',#2842,10.);
#771=VECTOR('',#2849,10.);
#772=VECTOR('',#2850,10.);
#773=VECTOR('',#2855,10.);
#774=VECTOR('',#2860,10.);
#775=VECTOR('',#2863,10.);
#776=VECTOR('',#2868,10.);
#777=VECTOR('',#2873,10.);
#778=VECTOR('',#2876,10.);
#779=VECTOR('',#2879,10.);
#780=VECTOR('',#2880,10.);
#781=VECTOR('',#2881,10.);
#782=VECTOR('',#2884,10.);
#783=VECTOR('',#2887,10.);
#784=VECTOR('',#2892,10.);
#785=VECTOR('',#2895,10.);
#786=VECTOR('',#2896,10.);
#787=VECTOR('',#2897,10.);
#788=VECTOR('',#2900,10.);
#789=VECTOR('',#2903,10.);
#790=VECTOR('',#2904,10.);
#791=VECTOR('',#2905,10.);
#792=VECTOR('',#2912,10.);
#793=VECTOR('',#2915,10.);
#794=VECTOR('',#2920,10.);
#795=VECTOR('',#2923,10.);
#796=VECTOR('',#2924,10.);
#797=VECTOR('',#2929,10.);
#798=VECTOR('',#2932,10.);
#799=VECTOR('',#2933,10.);
#800=VECTOR('',#2936,10.);
#801=VECTOR('',#2941,10.);
#802=VECTOR('',#2946,10.);
#803=VECTOR('',#2947,10.);
#804=VECTOR('',#2948,10.);
#805=VECTOR('',#2953,10.);
#806=VECTOR('',#2958,10.);
#807=VECTOR('',#2961,10.);
#808=VECTOR('',#2964,10.);
#809=VECTOR('',#2967,10.);
#810=VECTOR('',#2972,10.);
#811=VECTOR('',#2973,10.);
#812=VECTOR('',#2974,10.);
#813=VECTOR('',#2987,10.);
#814=VECTOR('',#2988,10.);
#815=VECTOR('',#2995,10.);
#816=VECTOR('',#2996,10.);
#817=VECTOR('',#3003,10.);
#818=VECTOR('',#3004,10.);
#819=VECTOR('',#3007,10.);
#820=VECTOR('',#3008,10.);
#821=VECTOR('',#3011,10.);
#822=VECTOR('',#3012,10.);
#823=VECTOR('',#3015,10.);
#824=VECTOR('',#3016,10.);
#825=VECTOR('',#3019,10.);
#826=VECTOR('',#3020,10.);
#827=VECTOR('',#3021,10.);
#828=VECTOR('',#3024,10.);
#829=VECTOR('',#3025,10.);
#830=VECTOR('',#3026,10.);
#831=VECTOR('',#3027,10.);
#832=VECTOR('',#3028,10.);
#833=VECTOR('',#3029,10.);
#834=VECTOR('',#3032,10.);
#835=VECTOR('',#3033,10.);
#836=VECTOR('',#3034,10.);
#837=VECTOR('',#3037,10.);
#838=VECTOR('',#3040,10.);
#839=VECTOR('',#3041,10.);
#840=VECTOR('',#3044,10.);
#841=VECTOR('',#3049,10.);
#842=VECTOR('',#3050,10.);
#843=VECTOR('',#3053,10.);
#844=VECTOR('',#3058,10.);
#845=VECTOR('',#3061,10.);
#846=VECTOR('',#3066,10.);
#847=VECTOR('',#3067,10.);
#848=VECTOR('',#3070,10.);
#849=VECTOR('',#3075,10.);
#850=VECTOR('',#3078,10.);
#851=VECTOR('',#3081,10.);
#852=VECTOR('',#3082,10.);
#853=VECTOR('',#3087,10.);
#854=VECTOR('',#3092,10.);
#855=VECTOR('',#3099,10.);
#856=VECTOR('',#3102,10.);
#857=VECTOR('',#3105,10.);
#858=VECTOR('',#3106,10.);
#859=VECTOR('',#3109,10.);
#860=VECTOR('',#3110,10.);
#861=VECTOR('',#3115,10.);
#862=VECTOR('',#3116,10.);
#863=VECTOR('',#3119,10.);
#864=VECTOR('',#3120,10.);
#865=VECTOR('',#3125,10.);
#866=VECTOR('',#3128,10.);
#867=VECTOR('',#3131,10.);
#868=VECTOR('',#3132,10.);
#869=VECTOR('',#3135,10.);
#870=VECTOR('',#3138,10.);
#871=VECTOR('',#3143,10.);
#872=VECTOR('',#3146,10.);
#873=VECTOR('',#3151,10.);
#874=VECTOR('',#3154,10.);
#875=VECTOR('',#3157,10.);
#876=VECTOR('',#3158,10.);
#877=VECTOR('',#3159,10.);
#878=VECTOR('',#3162,10.);
#879=VECTOR('',#3163,10.);
#880=VECTOR('',#3164,10.);
#881=VECTOR('',#3167,10.);
#882=VECTOR('',#3168,10.);
#883=VECTOR('',#3169,10.);
#884=VECTOR('',#3172,10.);
#885=VECTOR('',#3173,10.);
#886=VECTOR('',#3174,10.);
#887=VECTOR('',#3175,10.);
#888=VECTOR('',#3176,10.);
#889=VECTOR('',#3179,10.);
#890=VECTOR('',#3180,10.);
#891=VECTOR('',#3181,10.);
#892=VECTOR('',#3182,10.);
#893=VECTOR('',#3183,10.);
#894=VECTOR('',#3184,10.);
#895=VECTOR('',#3187,10.);
#896=VECTOR('',#3188,10.);
#897=VECTOR('',#3189,10.);
#898=VECTOR('',#3192,10.);
#899=VECTOR('',#3193,10.);
#900=VECTOR('',#3194,10.);
#901=VECTOR('',#3197,10.);
#902=VECTOR('',#3198,10.);
#903=VECTOR('',#3199,10.);
#904=VECTOR('',#3200,10.);
#905=VECTOR('',#3201,10.);
#906=VECTOR('',#3204,10.);
#907=VECTOR('',#3205,10.);
#908=VECTOR('',#3206,10.);
#909=VECTOR('',#3207,10.);
#910=VECTOR('',#3214,10.);
#911=VECTOR('',#3215,10.);
#912=VECTOR('',#3216,10.);
#913=VECTOR('',#3217,10.);
#914=VECTOR('',#3220,10.);
#915=VECTOR('',#3221,10.);
#916=VECTOR('',#3222,10.);
#917=VECTOR('',#3225,10.);
#918=VECTOR('',#3226,10.);
#919=VECTOR('',#3227,10.);
#920=VECTOR('',#3230,10.);
#921=VECTOR('',#3231,10.);
#922=VECTOR('',#3234,10.);
#923=VECTOR('',#3235,10.);
#924=VECTOR('',#3236,10.);
#925=VECTOR('',#3237,10.);
#926=VECTOR('',#3240,10.);
#927=VECTOR('',#3241,10.);
#928=VECTOR('',#3242,10.);
#929=VECTOR('',#3245,10.);
#930=VECTOR('',#3246,10.);
#931=VECTOR('',#3247,10.);
#932=VECTOR('',#3250,10.);
#933=VECTOR('',#3251,10.);
#934=VECTOR('',#3252,10.);
#935=VECTOR('',#3255,10.);
#936=VECTOR('',#3256,10.);
#937=VECTOR('',#3257,10.);
#938=VECTOR('',#3260,10.);
#939=VECTOR('',#3261,10.);
#940=VECTOR('',#3262,10.);
#941=VECTOR('',#3265,10.);
#942=VECTOR('',#3266,10.);
#943=VECTOR('',#3267,10.);
#944=VECTOR('',#3270,10.);
#945=VECTOR('',#3271,10.);
#946=VECTOR('',#3272,10.);
#947=VECTOR('',#3275,10.);
#948=VECTOR('',#3276,10.);
#949=VECTOR('',#3277,10.);
#950=VECTOR('',#3280,10.);
#951=VECTOR('',#3281,10.);
#952=VERTEX_POINT('',#3291);
#953=VERTEX_POINT('',#3292);
#954=VERTEX_POINT('',#3294);
#955=VERTEX_POINT('',#3296);
#956=VERTEX_POINT('',#3298);
#957=VERTEX_POINT('',#3300);
#958=VERTEX_POINT('',#3304);
#959=VERTEX_POINT('',#3306);
#960=VERTEX_POINT('',#3310);
#961=VERTEX_POINT('',#3314);
#962=VERTEX_POINT('',#3318);
#963=VERTEX_POINT('',#3319);
#964=VERTEX_POINT('',#3321);
#965=VERTEX_POINT('',#3323);
#966=VERTEX_POINT('',#3325);
#967=VERTEX_POINT('',#3327);
#968=VERTEX_POINT('',#3331);
#969=VERTEX_POINT('',#3333);
#970=VERTEX_POINT('',#3337);
#971=VERTEX_POINT('',#3341);
#972=VERTEX_POINT('',#3343);
#973=VERTEX_POINT('',#3345);
#974=VERTEX_POINT('',#3347);
#975=VERTEX_POINT('',#3349);
#976=VERTEX_POINT('',#3351);
#977=VERTEX_POINT('',#3353);
#978=VERTEX_POINT('',#3356);
#979=VERTEX_POINT('',#3358);
#980=VERTEX_POINT('',#3360);
#981=VERTEX_POINT('',#3364);
#982=VERTEX_POINT('',#3366);
#983=VERTEX_POINT('',#3368);
#984=VERTEX_POINT('',#3370);
#985=VERTEX_POINT('',#3372);
#986=VERTEX_POINT('',#3374);
#987=VERTEX_POINT('',#3376);
#988=VERTEX_POINT('',#3378);
#989=VERTEX_POINT('',#3380);
#990=VERTEX_POINT('',#3382);
#991=VERTEX_POINT('',#3385);
#992=VERTEX_POINT('',#3386);
#993=VERTEX_POINT('',#3388);
#994=VERTEX_POINT('',#3390);
#995=VERTEX_POINT('',#3392);
#996=VERTEX_POINT('',#3394);
#997=VERTEX_POINT('',#3397);
#998=VERTEX_POINT('',#3398);
#999=VERTEX_POINT('',#3400);
#1000=VERTEX_POINT('',#3402);
#1001=VERTEX_POINT('',#3404);
#1002=VERTEX_POINT('',#3406);
#1003=VERTEX_POINT('',#3410);
#1004=VERTEX_POINT('',#3416);
#1005=VERTEX_POINT('',#3417);
#1006=VERTEX_POINT('',#3419);
#1007=VERTEX_POINT('',#3421);
#1008=VERTEX_POINT('',#3428);
#1009=VERTEX_POINT('',#3430);
#1010=VERTEX_POINT('',#3432);
#1011=VERTEX_POINT('',#3434);
#1012=VERTEX_POINT('',#3436);
#1013=VERTEX_POINT('',#3438);
#1014=VERTEX_POINT('',#3441);
#1015=VERTEX_POINT('',#3443);
#1016=VERTEX_POINT('',#3445);
#1017=VERTEX_POINT('',#3447);
#1018=VERTEX_POINT('',#3449);
#1019=VERTEX_POINT('',#3451);
#1020=VERTEX_POINT('',#3455);
#1021=VERTEX_POINT('',#3457);
#1022=VERTEX_POINT('',#3461);
#1023=VERTEX_POINT('',#3465);
#1024=VERTEX_POINT('',#3469);
#1025=VERTEX_POINT('',#3473);
#1026=VERTEX_POINT('',#3477);
#1027=VERTEX_POINT('',#3483);
#1028=VERTEX_POINT('',#3487);
#1029=VERTEX_POINT('',#3488);
#1030=VERTEX_POINT('',#3491);
#1031=VERTEX_POINT('',#3493);
#1032=VERTEX_POINT('',#3496);
#1033=VERTEX_POINT('',#3498);
#1034=VERTEX_POINT('',#3500);
#1035=VERTEX_POINT('',#3502);
#1036=VERTEX_POINT('',#3504);
#1037=VERTEX_POINT('',#3508);
#1038=VERTEX_POINT('',#3510);
#1039=VERTEX_POINT('',#3514);
#1040=VERTEX_POINT('',#3516);
#1041=VERTEX_POINT('',#3520);
#1042=VERTEX_POINT('',#3522);
#1043=VERTEX_POINT('',#3524);
#1044=VERTEX_POINT('',#3527);
#1045=VERTEX_POINT('',#3528);
#1046=VERTEX_POINT('',#3530);
#1047=VERTEX_POINT('',#3532);
#1048=VERTEX_POINT('',#3534);
#1049=VERTEX_POINT('',#3536);
#1050=VERTEX_POINT('',#3538);
#1051=VERTEX_POINT('',#3540);
#1052=VERTEX_POINT('',#3542);
#1053=VERTEX_POINT('',#3544);
#1054=VERTEX_POINT('',#3546);
#1055=VERTEX_POINT('',#3548);
#1056=VERTEX_POINT('',#3558);
#1057=VERTEX_POINT('',#3562);
#1058=VERTEX_POINT('',#3566);
#1059=VERTEX_POINT('',#3570);
#1060=VERTEX_POINT('',#3576);
#1061=VERTEX_POINT('',#3580);
#1062=VERTEX_POINT('',#3581);
#1063=VERTEX_POINT('',#3585);
#1064=VERTEX_POINT('',#3587);
#1065=VERTEX_POINT('',#3589);
#1066=VERTEX_POINT('',#3591);
#1067=VERTEX_POINT('',#3595);
#1068=VERTEX_POINT('',#3597);
#1069=VERTEX_POINT('',#3601);
#1070=VERTEX_POINT('',#3603);
#1071=VERTEX_POINT('',#3608);
#1072=VERTEX_POINT('',#3610);
#1073=VERTEX_POINT('',#3619);
#1074=VERTEX_POINT('',#3630);
#1075=VERTEX_POINT('',#3634);
#1076=VERTEX_POINT('',#3638);
#1077=VERTEX_POINT('',#3642);
#1078=VERTEX_POINT('',#3646);
#1079=VERTEX_POINT('',#3648);
#1080=VERTEX_POINT('',#3652);
#1081=VERTEX_POINT('',#3654);
#1082=VERTEX_POINT('',#3656);
#1083=VERTEX_POINT('',#3658);
#1084=VERTEX_POINT('',#3663);
#1085=VERTEX_POINT('',#3670);
#1086=VERTEX_POINT('',#3674);
#1087=VERTEX_POINT('',#3678);
#1088=VERTEX_POINT('',#3682);
#1089=VERTEX_POINT('',#3688);
#1090=VERTEX_POINT('',#3692);
#1091=VERTEX_POINT('',#3696);
#1092=VERTEX_POINT('',#3714);
#1093=VERTEX_POINT('',#3715);
#1094=VERTEX_POINT('',#3717);
#1095=VERTEX_POINT('',#3719);
#1096=VERTEX_POINT('',#3723);
#1097=VERTEX_POINT('',#3727);
#1098=VERTEX_POINT('',#3731);
#1099=VERTEX_POINT('',#3732);
#1100=VERTEX_POINT('',#3737);
#1101=VERTEX_POINT('',#3741);
#1102=VERTEX_POINT('',#3747);
#1103=VERTEX_POINT('',#3751);
#1104=VERTEX_POINT('',#3753);
#1105=VERTEX_POINT('',#3755);
#1106=VERTEX_POINT('',#3778);
#1107=VERTEX_POINT('',#3779);
#1108=VERTEX_POINT('',#3785);
#1109=VERTEX_POINT('',#3787);
#1110=VERTEX_POINT('',#3804);
#1111=VERTEX_POINT('',#3810);
#1112=VERTEX_POINT('',#3818);
#1113=VERTEX_POINT('',#3820);
#1114=VERTEX_POINT('',#3824);
#1115=VERTEX_POINT('',#3826);
#1116=VERTEX_POINT('',#3830);
#1117=VERTEX_POINT('',#3836);
#1118=VERTEX_POINT('',#3853);
#1119=VERTEX_POINT('',#3859);
#1120=VERTEX_POINT('',#3876);
#1121=VERTEX_POINT('',#3882);
#1122=VERTEX_POINT('',#3899);
#1123=VERTEX_POINT('',#3905);
#1124=VERTEX_POINT('',#3922);
#1125=VERTEX_POINT('',#3928);
#1126=VERTEX_POINT('',#3936);
#1127=VERTEX_POINT('',#3942);
#1128=VERTEX_POINT('',#3959);
#1129=VERTEX_POINT('',#3965);
#1130=VERTEX_POINT('',#3982);
#1131=VERTEX_POINT('',#3988);
#1132=VERTEX_POINT('',#4005);
#1133=VERTEX_POINT('',#4011);
#1134=VERTEX_POINT('',#4028);
#1135=VERTEX_POINT('',#4034);
#1136=VERTEX_POINT('',#4051);
#1137=VERTEX_POINT('',#4057);
#1138=VERTEX_POINT('',#4065);
#1139=VERTEX_POINT('',#4067);
#1140=VERTEX_POINT('',#4071);
#1141=VERTEX_POINT('',#4073);
#1142=VERTEX_POINT('',#4077);
#1143=VERTEX_POINT('',#4083);
#1144=VERTEX_POINT('',#4100);
#1145=VERTEX_POINT('',#4106);
#1146=VERTEX_POINT('',#4123);
#1147=VERTEX_POINT('',#4129);
#1148=VERTEX_POINT('',#4146);
#1149=VERTEX_POINT('',#4152);
#1150=VERTEX_POINT('',#4169);
#1151=VERTEX_POINT('',#4175);
#1152=VERTEX_POINT('',#4183);
#1153=VERTEX_POINT('',#4189);
#1154=VERTEX_POINT('',#4206);
#1155=VERTEX_POINT('',#4212);
#1156=VERTEX_POINT('',#4229);
#1157=VERTEX_POINT('',#4235);
#1158=VERTEX_POINT('',#4252);
#1159=VERTEX_POINT('',#4258);
#1160=VERTEX_POINT('',#4288);
#1161=VERTEX_POINT('',#4289);
#1162=VERTEX_POINT('',#4291);
#1163=VERTEX_POINT('',#4293);
#1164=VERTEX_POINT('',#4297);
#1165=VERTEX_POINT('',#4299);
#1166=VERTEX_POINT('',#4303);
#1167=VERTEX_POINT('',#4305);
#1168=VERTEX_POINT('',#4312);
#1169=VERTEX_POINT('',#4313);
#1170=VERTEX_POINT('',#4315);
#1171=VERTEX_POINT('',#4317);
#1172=VERTEX_POINT('',#4321);
#1173=VERTEX_POINT('',#4323);
#1174=VERTEX_POINT('',#4327);
#1175=VERTEX_POINT('',#4329);
#1176=VERTEX_POINT('',#4333);
#1177=VERTEX_POINT('',#4335);
#1178=VERTEX_POINT('',#4339);
#1179=VERTEX_POINT('',#4341);
#1180=VERTEX_POINT('',#4345);
#1181=VERTEX_POINT('',#4347);
#1182=VERTEX_POINT('',#4351);
#1183=VERTEX_POINT('',#4353);
#1184=VERTEX_POINT('',#4357);
#1185=VERTEX_POINT('',#4359);
#1186=VERTEX_POINT('',#4363);
#1187=VERTEX_POINT('',#4365);
#1188=EDGE_CURVE('',#952,#953,#436,.T.);
#1189=EDGE_CURVE('',#952,#954,#437,.T.);
#1190=EDGE_CURVE('',#955,#954,#438,.T.);
#1191=EDGE_CURVE('',#956,#955,#439,.T.);
#1192=EDGE_CURVE('',#957,#956,#440,.T.);
#1193=EDGE_CURVE('',#953,#957,#441,.T.);
#1194=EDGE_CURVE('',#952,#958,#442,.T.);
#1195=EDGE_CURVE('',#959,#958,#443,.T.);
#1196=EDGE_CURVE('',#954,#959,#444,.T.);
#1197=EDGE_CURVE('',#953,#960,#445,.T.);
#1198=EDGE_CURVE('',#958,#960,#446,.T.);
#1199=EDGE_CURVE('',#957,#961,#447,.T.);
#1200=EDGE_CURVE('',#960,#961,#448,.T.);
#1201=EDGE_CURVE('',#962,#963,#449,.T.);
#1202=EDGE_CURVE('',#962,#964,#450,.T.);
#1203=EDGE_CURVE('',#965,#964,#451,.T.);
#1204=EDGE_CURVE('',#966,#965,#452,.T.);
#1205=EDGE_CURVE('',#966,#967,#453,.T.);
#1206=EDGE_CURVE('',#963,#967,#454,.T.);
#1207=EDGE_CURVE('',#968,#963,#455,.T.);
#1208=EDGE_CURVE('',#969,#968,#150,.T.);
#1209=EDGE_CURVE('',#969,#962,#456,.T.);
#1210=EDGE_CURVE('',#970,#967,#457,.T.);
#1211=EDGE_CURVE('',#968,#970,#110,.T.);
#1212=EDGE_CURVE('',#956,#971,#458,.T.);
#1213=EDGE_CURVE('',#971,#972,#459,.T.);
#1214=EDGE_CURVE('',#973,#972,#460,.T.);
#1215=EDGE_CURVE('',#973,#974,#461,.T.);
#1216=EDGE_CURVE('',#974,#975,#462,.T.);
#1217=EDGE_CURVE('',#976,#975,#463,.T.);
#1218=EDGE_CURVE('',#977,#976,#464,.T.);
#1219=EDGE_CURVE('',#970,#977,#465,.T.);
#1220=EDGE_CURVE('',#978,#966,#466,.T.);
#1221=EDGE_CURVE('',#979,#978,#467,.T.);
#1222=EDGE_CURVE('',#979,#980,#468,.T.);
#1223=EDGE_CURVE('',#980,#961,#469,.T.);
#1224=EDGE_CURVE('',#981,#979,#111,.T.);
#1225=EDGE_CURVE('',#981,#982,#470,.T.);
#1226=EDGE_CURVE('',#983,#982,#112,.T.);
#1227=EDGE_CURVE('',#984,#983,#471,.T.);
#1228=EDGE_CURVE('',#985,#984,#113,.T.);
#1229=EDGE_CURVE('',#985,#986,#472,.T.);
#1230=EDGE_CURVE('',#987,#986,#114,.T.);
#1231=EDGE_CURVE('',#987,#988,#473,.T.);
#1232=EDGE_CURVE('',#989,#988,#474,.T.);
#1233=EDGE_CURVE('',#989,#990,#475,.T.);
#1234=EDGE_CURVE('',#980,#990,#476,.T.);
#1235=EDGE_CURVE('',#991,#992,#477,.T.);
#1236=EDGE_CURVE('',#992,#993,#478,.T.);
#1237=EDGE_CURVE('',#993,#994,#479,.T.);
#1238=EDGE_CURVE('',#994,#995,#480,.T.);
#1239=EDGE_CURVE('',#995,#996,#481,.T.);
#1240=EDGE_CURVE('',#991,#996,#482,.T.);
#1241=EDGE_CURVE('',#997,#998,#483,.T.);
#1242=EDGE_CURVE('',#998,#999,#115,.T.);
#1243=EDGE_CURVE('',#999,#1000,#484,.T.);
#1244=EDGE_CURVE('',#1000,#1001,#485,.T.);
#1245=EDGE_CURVE('',#1001,#1002,#486,.T.);
#1246=EDGE_CURVE('',#1002,#997,#116,.T.);
#1247=EDGE_CURVE('',#955,#1003,#487,.T.);
#1248=EDGE_CURVE('',#971,#1003,#488,.T.);
#1249=EDGE_CURVE('',#1003,#959,#489,.T.);
#1250=EDGE_CURVE('',#1004,#1005,#490,.T.);
#1251=EDGE_CURVE('',#1006,#1004,#491,.T.);
#1252=EDGE_CURVE('',#1007,#1006,#492,.F.);
#1253=EDGE_CURVE('',#1007,#1005,#493,.T.);
#1254=EDGE_CURVE('',#1004,#991,#494,.T.);
#1255=EDGE_CURVE('',#996,#1006,#495,.F.);
#1256=EDGE_CURVE('',#1008,#976,#117,.T.);
#1257=EDGE_CURVE('',#975,#1009,#118,.T.);
#1258=EDGE_CURVE('',#1009,#1010,#151,.T.);
#1259=EDGE_CURVE('',#1010,#1011,#496,.T.);
#1260=EDGE_CURVE('',#1011,#1012,#152,.T.);
#1261=EDGE_CURVE('',#1012,#1013,#119,.T.);
#1262=EDGE_CURVE('',#987,#1013,#497,.T.);
#1263=EDGE_CURVE('',#986,#1014,#498,.T.);
#1264=EDGE_CURVE('',#1014,#1015,#120,.T.);
#1265=EDGE_CURVE('',#1015,#1016,#153,.T.);
#1266=EDGE_CURVE('',#1016,#1017,#499,.T.);
#1267=EDGE_CURVE('',#1017,#1018,#154,.T.);
#1268=EDGE_CURVE('',#1018,#1019,#121,.T.);
#1269=EDGE_CURVE('',#1019,#1008,#500,.T.);
#1270=EDGE_CURVE('',#1016,#1020,#501,.T.);
#1271=EDGE_CURVE('',#1021,#1020,#502,.T.);
#1272=EDGE_CURVE('',#1021,#1017,#503,.T.);
#1273=EDGE_CURVE('',#1022,#1015,#504,.T.);
#1274=EDGE_CURVE('',#1020,#1022,#155,.T.);
#1275=EDGE_CURVE('',#1023,#985,#505,.T.);
#1276=EDGE_CURVE('',#1023,#1014,#506,.T.);
#1277=EDGE_CURVE('',#1024,#974,#507,.T.);
#1278=EDGE_CURVE('',#1009,#1024,#508,.T.);
#1279=EDGE_CURVE('',#1013,#1025,#509,.T.);
#1280=EDGE_CURVE('',#1025,#988,#510,.T.);
#1281=EDGE_CURVE('',#1012,#1026,#511,.T.);
#1282=EDGE_CURVE('',#1025,#1026,#512,.T.);
#1283=EDGE_CURVE('',#1022,#1023,#122,.T.);
#1284=EDGE_CURVE('',#1027,#1011,#513,.T.);
#1285=EDGE_CURVE('',#1026,#1027,#514,.T.);
#1286=EDGE_CURVE('',#1028,#1029,#123,.T.);
#1287=EDGE_CURVE('',#1029,#981,#515,.T.);
#1288=EDGE_CURVE('',#978,#1030,#124,.T.);
#1289=EDGE_CURVE('',#1030,#1031,#156,.T.);
#1290=EDGE_CURVE('',#1031,#969,#516,.T.);
#1291=EDGE_CURVE('',#977,#1032,#125,.T.);
#1292=EDGE_CURVE('',#1033,#1032,#517,.T.);
#1293=EDGE_CURVE('',#1033,#1034,#126,.T.);
#1294=EDGE_CURVE('',#1034,#1035,#157,.T.);
#1295=EDGE_CURVE('',#1035,#1036,#518,.T.);
#1296=EDGE_CURVE('',#1036,#1028,#158,.T.);
#1297=EDGE_CURVE('',#1034,#1037,#519,.T.);
#1298=EDGE_CURVE('',#1038,#1037,#159,.T.);
#1299=EDGE_CURVE('',#1035,#1038,#520,.T.);
#1300=EDGE_CURVE('',#1032,#1039,#521,.T.);
#1301=EDGE_CURVE('',#1040,#1039,#522,.T.);
#1302=EDGE_CURVE('',#1040,#1033,#523,.T.);
#1303=EDGE_CURVE('',#1008,#1041,#524,.T.);
#1304=EDGE_CURVE('',#1042,#1041,#127,.T.);
#1305=EDGE_CURVE('',#1042,#1043,#525,.T.);
#1306=EDGE_CURVE('',#1039,#1043,#128,.T.);
#1307=EDGE_CURVE('',#1044,#1045,#129,.T.);
#1308=EDGE_CURVE('',#1046,#1044,#526,.T.);
#1309=EDGE_CURVE('',#1047,#1046,#130,.T.);
#1310=EDGE_CURVE('',#1048,#1047,#527,.T.);
#1311=EDGE_CURVE('',#1049,#1048,#528,.T.);
#1312=EDGE_CURVE('',#1050,#1049,#529,.T.);
#1313=EDGE_CURVE('',#1051,#1050,#131,.T.);
#1314=EDGE_CURVE('',#1052,#1051,#530,.T.);
#1315=EDGE_CURVE('',#1053,#1052,#132,.T.);
#1316=EDGE_CURVE('',#1054,#1053,#531,.T.);
#1317=EDGE_CURVE('',#1055,#1054,#532,.T.);
#1318=EDGE_CURVE('',#1045,#1055,#533,.T.);
#1319=EDGE_CURVE('',#1037,#1040,#133,.T.);
#1320=EDGE_CURVE('',#1030,#965,#534,.T.);
#1321=EDGE_CURVE('',#1031,#964,#535,.T.);
#1322=EDGE_CURVE('',#1056,#1021,#160,.T.);
#1323=EDGE_CURVE('',#1056,#1018,#536,.T.);
#1324=EDGE_CURVE('',#1057,#1038,#537,.T.);
#1325=EDGE_CURVE('',#1036,#1057,#538,.T.);
#1326=EDGE_CURVE('',#1058,#1057,#161,.T.);
#1327=EDGE_CURVE('',#1058,#1028,#539,.T.);
#1328=EDGE_CURVE('',#1010,#1059,#540,.T.);
#1329=EDGE_CURVE('',#1027,#1059,#541,.T.);
#1330=EDGE_CURVE('',#1059,#1024,#542,.T.);
#1331=EDGE_CURVE('',#1060,#1056,#134,.T.);
#1332=EDGE_CURVE('',#1060,#1019,#543,.T.);
#1333=EDGE_CURVE('',#1061,#1062,#135,.T.);
#1334=EDGE_CURVE('',#1062,#1042,#544,.T.);
#1335=EDGE_CURVE('',#1041,#1060,#545,.T.);
#1336=EDGE_CURVE('',#1063,#984,#546,.T.);
#1337=EDGE_CURVE('',#1063,#1064,#136,.T.);
#1338=EDGE_CURVE('',#1064,#1065,#162,.T.);
#1339=EDGE_CURVE('',#1065,#1066,#547,.T.);
#1340=EDGE_CURVE('',#1066,#1061,#163,.T.);
#1341=EDGE_CURVE('',#1063,#1067,#548,.T.);
#1342=EDGE_CURVE('',#1068,#1067,#137,.T.);
#1343=EDGE_CURVE('',#1064,#1068,#549,.T.);
#1344=EDGE_CURVE('',#1069,#1061,#550,.T.);
#1345=EDGE_CURVE('',#1070,#1069,#138,.T.);
#1346=EDGE_CURVE('',#1070,#1062,#551,.T.);
#1347=EDGE_CURVE('',#1071,#1065,#552,.T.);
#1348=EDGE_CURVE('',#1072,#1071,#553,.T.);
#1349=EDGE_CURVE('',#1072,#1066,#554,.T.);
#1350=EDGE_CURVE('',#1071,#1068,#164,.T.);
#1351=EDGE_CURVE('',#1069,#1072,#165,.T.);
#1352=EDGE_CURVE('',#1073,#1029,#555,.T.);
#1353=EDGE_CURVE('',#982,#1073,#556,.T.);
#1354=EDGE_CURVE('',#1073,#1058,#139,.T.);
#1355=EDGE_CURVE('',#1043,#1070,#557,.T.);
#1356=EDGE_CURVE('',#983,#1067,#558,.T.);
#1357=EDGE_CURVE('',#1005,#1074,#559,.T.);
#1358=EDGE_CURVE('',#1074,#992,#560,.T.);
#1359=EDGE_CURVE('',#1074,#1075,#561,.T.);
#1360=EDGE_CURVE('',#993,#1075,#562,.T.);
#1361=EDGE_CURVE('',#1076,#1007,#563,.T.);
#1362=EDGE_CURVE('',#1076,#995,#564,.T.);
#1363=EDGE_CURVE('',#1077,#1076,#565,.T.);
#1364=EDGE_CURVE('',#1075,#1077,#566,.T.);
#1365=EDGE_CURVE('',#1048,#1078,#567,.F.);
#1366=EDGE_CURVE('',#1078,#1079,#568,.T.);
#1367=EDGE_CURVE('',#1079,#1049,#569,.F.);
#1368=EDGE_CURVE('',#1000,#1080,#570,.T.);
#1369=EDGE_CURVE('',#1081,#1080,#571,.T.);
#1370=EDGE_CURVE('',#1082,#1081,#572,.T.);
#1371=EDGE_CURVE('',#1082,#1083,#573,.T.);
#1372=EDGE_CURVE('',#1079,#1083,#574,.T.);
#1373=EDGE_CURVE('',#1001,#1078,#575,.T.);
#1374=EDGE_CURVE('',#1053,#1084,#576,.T.);
#1375=EDGE_CURVE('',#1084,#1081,#577,.T.);
#1376=EDGE_CURVE('',#1081,#1054,#578,.T.);
#1377=EDGE_CURVE('',#1080,#1055,#579,.T.);
#1378=EDGE_CURVE('',#1080,#1085,#580,.T.);
#1379=EDGE_CURVE('',#1085,#1045,#581,.T.);
#1380=EDGE_CURVE('',#1086,#1044,#582,.T.);
#1381=EDGE_CURVE('',#1085,#1086,#140,.T.);
#1382=EDGE_CURVE('',#1087,#1046,#583,.T.);
#1383=EDGE_CURVE('',#1086,#1087,#584,.T.);
#1384=EDGE_CURVE('',#1088,#1047,#585,.T.);
#1385=EDGE_CURVE('',#1087,#1088,#141,.T.);
#1386=EDGE_CURVE('',#1088,#1078,#586,.T.);
#1387=EDGE_CURVE('',#1052,#1089,#587,.T.);
#1388=EDGE_CURVE('',#1089,#1084,#142,.T.);
#1389=EDGE_CURVE('',#1051,#1090,#588,.T.);
#1390=EDGE_CURVE('',#1090,#1089,#589,.T.);
#1391=EDGE_CURVE('',#1050,#1091,#590,.T.);
#1392=EDGE_CURVE('',#1091,#1090,#143,.T.);
#1393=EDGE_CURVE('',#1079,#1091,#591,.T.);
#1394=EDGE_CURVE('',#1002,#1088,#592,.T.);
#1395=EDGE_CURVE('',#997,#1087,#593,.T.);
#1396=EDGE_CURVE('',#998,#1086,#594,.T.);
#1397=EDGE_CURVE('',#999,#1085,#595,.T.);
#1398=EDGE_CURVE('',#1077,#994,#596,.T.);
#1399=EDGE_CURVE('',#1092,#1093,#144,.T.);
#1400=EDGE_CURVE('',#1093,#1094,#597,.T.);
#1401=EDGE_CURVE('',#1094,#1095,#145,.T.);
#1402=EDGE_CURVE('',#1095,#1092,#598,.T.);
#1403=EDGE_CURVE('',#990,#1096,#599,.T.);
#1404=EDGE_CURVE('',#972,#1096,#600,.F.);
#1405=EDGE_CURVE('',#1097,#973,#601,.F.);
#1406=EDGE_CURVE('',#1097,#989,#602,.T.);
#1407=EDGE_CURVE('',#1098,#1099,#146,.T.);
#1408=EDGE_CURVE('',#1099,#1095,#603,.T.);
#1409=EDGE_CURVE('',#1098,#1094,#604,.T.);
#1410=EDGE_CURVE('',#1099,#1100,#605,.T.);
#1411=EDGE_CURVE('',#1100,#1092,#606,.T.);
#1412=EDGE_CURVE('',#1100,#1101,#147,.T.);
#1413=EDGE_CURVE('',#1101,#1093,#607,.T.);
#1414=EDGE_CURVE('',#1101,#1098,#608,.T.);
#1415=EDGE_CURVE('',#1091,#1102,#609,.T.);
#1416=EDGE_CURVE('',#1102,#1083,#610,.T.);
#1417=EDGE_CURVE('',#1082,#1103,#611,.T.);
#1418=EDGE_CURVE('',#1104,#1103,#148,.T.);
#1419=EDGE_CURVE('',#1105,#1104,#612,.T.);
#1420=EDGE_CURVE('',#1102,#1105,#149,.T.);
#1421=EDGE_CURVE('',#1084,#1103,#613,.T.);
#1422=EDGE_CURVE('',#1096,#1097,#614,.T.);
#1423=EDGE_CURVE('',#1089,#1104,#615,.T.);
#1424=EDGE_CURVE('',#1090,#1105,#616,.T.);
#1425=EDGE_CURVE('',#1106,#1107,#15,.T.);
#1426=EDGE_CURVE('',#1106,#1108,#617,.T.);
#1427=EDGE_CURVE('',#1109,#1108,#16,.T.);
#1428=EDGE_CURVE('',#1107,#1109,#618,.T.);
#1429=EDGE_CURVE('',#1107,#1110,#17,.T.);
#1430=EDGE_CURVE('',#1111,#1109,#18,.T.);
#1431=EDGE_CURVE('',#1110,#1111,#619,.T.);
#1432=EDGE_CURVE('',#1110,#1112,#620,.T.);
#1433=EDGE_CURVE('',#1113,#1111,#621,.T.);
#1434=EDGE_CURVE('',#1112,#1113,#622,.T.);
#1435=EDGE_CURVE('',#1112,#1114,#623,.T.);
#1436=EDGE_CURVE('',#1115,#1113,#624,.T.);
#1437=EDGE_CURVE('',#1114,#1115,#625,.T.);
#1438=EDGE_CURVE('',#1114,#1116,#19,.T.);
#1439=EDGE_CURVE('',#1117,#1115,#20,.T.);
#1440=EDGE_CURVE('',#1116,#1117,#626,.T.);
#1441=EDGE_CURVE('',#1116,#1118,#21,.T.);
#1442=EDGE_CURVE('',#1119,#1117,#22,.T.);
#1443=EDGE_CURVE('',#1118,#1119,#627,.T.);
#1444=EDGE_CURVE('',#1118,#1120,#23,.T.);
#1445=EDGE_CURVE('',#1121,#1119,#24,.T.);
#1446=EDGE_CURVE('',#1120,#1121,#628,.T.);
#1447=EDGE_CURVE('',#1120,#1122,#25,.T.);
#1448=EDGE_CURVE('',#1123,#1121,#26,.T.);
#1449=EDGE_CURVE('',#1122,#1123,#629,.T.);
#1450=EDGE_CURVE('',#1122,#1124,#27,.T.);
#1451=EDGE_CURVE('',#1125,#1123,#28,.T.);
#1452=EDGE_CURVE('',#1124,#1125,#630,.T.);
#1453=EDGE_CURVE('',#1124,#1126,#29,.T.);
#1454=EDGE_CURVE('',#1127,#1125,#30,.T.);
#1455=EDGE_CURVE('',#1126,#1127,#631,.T.);
#1456=EDGE_CURVE('',#1126,#1128,#31,.T.);
#1457=EDGE_CURVE('',#1129,#1127,#32,.T.);
#1458=EDGE_CURVE('',#1128,#1129,#632,.T.);
#1459=EDGE_CURVE('',#1128,#1130,#33,.T.);
#1460=EDGE_CURVE('',#1131,#1129,#34,.T.);
#1461=EDGE_CURVE('',#1130,#1131,#633,.T.);
#1462=EDGE_CURVE('',#1130,#1132,#35,.T.);
#1463=EDGE_CURVE('',#1133,#1131,#36,.T.);
#1464=EDGE_CURVE('',#1132,#1133,#634,.T.);
#1465=EDGE_CURVE('',#1132,#1134,#37,.T.);
#1466=EDGE_CURVE('',#1135,#1133,#38,.T.);
#1467=EDGE_CURVE('',#1134,#1135,#635,.T.);
#1468=EDGE_CURVE('',#1134,#1136,#39,.T.);
#1469=EDGE_CURVE('',#1137,#1135,#40,.T.);
#1470=EDGE_CURVE('',#1136,#1137,#636,.T.);
#1471=EDGE_CURVE('',#1136,#1138,#637,.T.);
#1472=EDGE_CURVE('',#1139,#1137,#638,.T.);
#1473=EDGE_CURVE('',#1138,#1139,#639,.T.);
#1474=EDGE_CURVE('',#1138,#1140,#640,.T.);
#1475=EDGE_CURVE('',#1141,#1139,#641,.T.);
#1476=EDGE_CURVE('',#1140,#1141,#642,.T.);
#1477=EDGE_CURVE('',#1140,#1142,#41,.T.);
#1478=EDGE_CURVE('',#1143,#1141,#42,.T.);
#1479=EDGE_CURVE('',#1142,#1143,#643,.T.);
#1480=EDGE_CURVE('',#1142,#1144,#43,.T.);
#1481=EDGE_CURVE('',#1145,#1143,#44,.T.);
#1482=EDGE_CURVE('',#1144,#1145,#644,.T.);
#1483=EDGE_CURVE('',#1144,#1146,#45,.T.);
#1484=EDGE_CURVE('',#1147,#1145,#46,.T.);
#1485=EDGE_CURVE('',#1146,#1147,#645,.T.);
#1486=EDGE_CURVE('',#1146,#1148,#47,.T.);
#1487=EDGE_CURVE('',#1149,#1147,#48,.T.);
#1488=EDGE_CURVE('',#1148,#1149,#646,.T.);
#1489=EDGE_CURVE('',#1148,#1150,#49,.T.);
#1490=EDGE_CURVE('',#1151,#1149,#50,.T.);
#1491=EDGE_CURVE('',#1150,#1151,#647,.T.);
#1492=EDGE_CURVE('',#1150,#1152,#51,.T.);
#1493=EDGE_CURVE('',#1153,#1151,#52,.T.);
#1494=EDGE_CURVE('',#1152,#1153,#648,.T.);
#1495=EDGE_CURVE('',#1152,#1154,#53,.T.);
#1496=EDGE_CURVE('',#1155,#1153,#54,.T.);
#1497=EDGE_CURVE('',#1154,#1155,#649,.T.);
#1498=EDGE_CURVE('',#1154,#1156,#55,.T.);
#1499=EDGE_CURVE('',#1157,#1155,#56,.T.);
#1500=EDGE_CURVE('',#1156,#1157,#650,.T.);
#1501=EDGE_CURVE('',#1156,#1158,#57,.T.);
#1502=EDGE_CURVE('',#1159,#1157,#58,.T.);
#1503=EDGE_CURVE('',#1158,#1159,#651,.T.);
#1504=EDGE_CURVE('',#1158,#1106,#59,.T.);
#1505=EDGE_CURVE('',#1108,#1159,#60,.T.);
#1506=EDGE_CURVE('',#1160,#1161,#652,.T.);
#1507=EDGE_CURVE('',#1161,#1162,#653,.T.);
#1508=EDGE_CURVE('',#1163,#1162,#654,.T.);
#1509=EDGE_CURVE('',#1160,#1163,#655,.T.);
#1510=EDGE_CURVE('',#1164,#1160,#656,.T.);
#1511=EDGE_CURVE('',#1165,#1163,#657,.T.);
#1512=EDGE_CURVE('',#1164,#1165,#658,.T.);
#1513=EDGE_CURVE('',#1166,#1164,#659,.T.);
#1514=EDGE_CURVE('',#1167,#1165,#660,.T.);
#1515=EDGE_CURVE('',#1166,#1167,#661,.T.);
#1516=EDGE_CURVE('',#1161,#1166,#662,.T.);
#1517=EDGE_CURVE('',#1162,#1167,#663,.T.);
#1518=EDGE_CURVE('',#1168,#1169,#664,.T.);
#1519=EDGE_CURVE('',#1169,#1170,#665,.T.);
#1520=EDGE_CURVE('',#1171,#1170,#666,.T.);
#1521=EDGE_CURVE('',#1168,#1171,#667,.T.);
#1522=EDGE_CURVE('',#1172,#1168,#668,.T.);
#1523=EDGE_CURVE('',#1173,#1171,#669,.T.);
#1524=EDGE_CURVE('',#1172,#1173,#670,.T.);
#1525=EDGE_CURVE('',#1174,#1172,#671,.T.);
#1526=EDGE_CURVE('',#1175,#1173,#672,.T.);
#1527=EDGE_CURVE('',#1174,#1175,#673,.T.);
#1528=EDGE_CURVE('',#1176,#1174,#674,.T.);
#1529=EDGE_CURVE('',#1177,#1175,#675,.T.);
#1530=EDGE_CURVE('',#1176,#1177,#676,.T.);
#1531=EDGE_CURVE('',#1178,#1176,#677,.T.);
#1532=EDGE_CURVE('',#1179,#1177,#678,.T.);
#1533=EDGE_CURVE('',#1178,#1179,#679,.T.);
#1534=EDGE_CURVE('',#1180,#1178,#680,.T.);
#1535=EDGE_CURVE('',#1181,#1179,#681,.T.);
#1536=EDGE_CURVE('',#1180,#1181,#682,.T.);
#1537=EDGE_CURVE('',#1182,#1180,#683,.T.);
#1538=EDGE_CURVE('',#1183,#1181,#684,.T.);
#1539=EDGE_CURVE('',#1182,#1183,#685,.T.);
#1540=EDGE_CURVE('',#1184,#1182,#686,.T.);
#1541=EDGE_CURVE('',#1185,#1183,#687,.T.);
#1542=EDGE_CURVE('',#1184,#1185,#688,.T.);
#1543=EDGE_CURVE('',#1186,#1184,#689,.T.);
#1544=EDGE_CURVE('',#1187,#1185,#690,.T.);
#1545=EDGE_CURVE('',#1186,#1187,#691,.T.);
#1546=EDGE_CURVE('',#1169,#1186,#692,.T.);
#1547=EDGE_CURVE('',#1170,#1187,#693,.T.);
#1548=ORIENTED_EDGE('',*,*,#1188,.F.);
#1549=ORIENTED_EDGE('',*,*,#1189,.T.);
#1550=ORIENTED_EDGE('',*,*,#1190,.F.);
#1551=ORIENTED_EDGE('',*,*,#1191,.F.);
#1552=ORIENTED_EDGE('',*,*,#1192,.F.);
#1553=ORIENTED_EDGE('',*,*,#1193,.F.);
#1554=ORIENTED_EDGE('',*,*,#1189,.F.);
#1555=ORIENTED_EDGE('',*,*,#1194,.T.);
#1556=ORIENTED_EDGE('',*,*,#1195,.F.);
#1557=ORIENTED_EDGE('',*,*,#1196,.F.);
#1558=ORIENTED_EDGE('',*,*,#1188,.T.);
#1559=ORIENTED_EDGE('',*,*,#1197,.T.);
#1560=ORIENTED_EDGE('',*,*,#1198,.F.);
#1561=ORIENTED_EDGE('',*,*,#1194,.F.);
#1562=ORIENTED_EDGE('',*,*,#1193,.T.);
#1563=ORIENTED_EDGE('',*,*,#1199,.T.);
#1564=ORIENTED_EDGE('',*,*,#1200,.F.);
#1565=ORIENTED_EDGE('',*,*,#1197,.F.);
#1566=ORIENTED_EDGE('',*,*,#1201,.F.);
#1567=ORIENTED_EDGE('',*,*,#1202,.T.);
#1568=ORIENTED_EDGE('',*,*,#1203,.F.);
#1569=ORIENTED_EDGE('',*,*,#1204,.F.);
#1570=ORIENTED_EDGE('',*,*,#1205,.T.);
#1571=ORIENTED_EDGE('',*,*,#1206,.F.);
#1572=ORIENTED_EDGE('',*,*,#1201,.T.);
#1573=ORIENTED_EDGE('',*,*,#1207,.F.);
#1574=ORIENTED_EDGE('',*,*,#1208,.F.);
#1575=ORIENTED_EDGE('',*,*,#1209,.T.);
#1576=ORIENTED_EDGE('',*,*,#1206,.T.);
#1577=ORIENTED_EDGE('',*,*,#1210,.F.);
#1578=ORIENTED_EDGE('',*,*,#1211,.F.);
#1579=ORIENTED_EDGE('',*,*,#1207,.T.);
#1580=ORIENTED_EDGE('',*,*,#1212,.T.);
#1581=ORIENTED_EDGE('',*,*,#1213,.T.);
#1582=ORIENTED_EDGE('',*,*,#1214,.F.);
#1583=ORIENTED_EDGE('',*,*,#1215,.T.);
#1584=ORIENTED_EDGE('',*,*,#1216,.T.);
#1585=ORIENTED_EDGE('',*,*,#1217,.F.);
#1586=ORIENTED_EDGE('',*,*,#1218,.F.);
#1587=ORIENTED_EDGE('',*,*,#1219,.F.);
#1588=ORIENTED_EDGE('',*,*,#1210,.T.);
#1589=ORIENTED_EDGE('',*,*,#1205,.F.);
#1590=ORIENTED_EDGE('',*,*,#1220,.F.);
#1591=ORIENTED_EDGE('',*,*,#1221,.F.);
#1592=ORIENTED_EDGE('',*,*,#1222,.T.);
#1593=ORIENTED_EDGE('',*,*,#1223,.T.);
#1594=ORIENTED_EDGE('',*,*,#1199,.F.);
#1595=ORIENTED_EDGE('',*,*,#1192,.T.);
#1596=ORIENTED_EDGE('',*,*,#1222,.F.);
#1597=ORIENTED_EDGE('',*,*,#1224,.F.);
#1598=ORIENTED_EDGE('',*,*,#1225,.T.);
#1599=ORIENTED_EDGE('',*,*,#1226,.F.);
#1600=ORIENTED_EDGE('',*,*,#1227,.F.);
#1601=ORIENTED_EDGE('',*,*,#1228,.F.);
#1602=ORIENTED_EDGE('',*,*,#1229,.T.);
#1603=ORIENTED_EDGE('',*,*,#1230,.F.);
#1604=ORIENTED_EDGE('',*,*,#1231,.T.);
#1605=ORIENTED_EDGE('',*,*,#1232,.F.);
#1606=ORIENTED_EDGE('',*,*,#1233,.T.);
#1607=ORIENTED_EDGE('',*,*,#1234,.F.);
#1608=ORIENTED_EDGE('',*,*,#1235,.T.);
#1609=ORIENTED_EDGE('',*,*,#1236,.T.);
#1610=ORIENTED_EDGE('',*,*,#1237,.T.);
#1611=ORIENTED_EDGE('',*,*,#1238,.T.);
#1612=ORIENTED_EDGE('',*,*,#1239,.T.);
#1613=ORIENTED_EDGE('',*,*,#1240,.F.);
#1614=ORIENTED_EDGE('',*,*,#1241,.T.);
#1615=ORIENTED_EDGE('',*,*,#1242,.T.);
#1616=ORIENTED_EDGE('',*,*,#1243,.T.);
#1617=ORIENTED_EDGE('',*,*,#1244,.T.);
#1618=ORIENTED_EDGE('',*,*,#1245,.T.);
#1619=ORIENTED_EDGE('',*,*,#1246,.T.);
#1620=ORIENTED_EDGE('',*,*,#1191,.T.);
#1621=ORIENTED_EDGE('',*,*,#1247,.T.);
#1622=ORIENTED_EDGE('',*,*,#1248,.F.);
#1623=ORIENTED_EDGE('',*,*,#1212,.F.);
#1624=ORIENTED_EDGE('',*,*,#1190,.T.);
#1625=ORIENTED_EDGE('',*,*,#1196,.T.);
#1626=ORIENTED_EDGE('',*,*,#1249,.F.);
#1627=ORIENTED_EDGE('',*,*,#1247,.F.);
#1628=ORIENTED_EDGE('',*,*,#1250,.F.);
#1629=ORIENTED_EDGE('',*,*,#1251,.F.);
#1630=ORIENTED_EDGE('',*,*,#1252,.F.);
#1631=ORIENTED_EDGE('',*,*,#1253,.T.);
#1632=ORIENTED_EDGE('',*,*,#1254,.T.);
#1633=ORIENTED_EDGE('',*,*,#1240,.T.);
#1634=ORIENTED_EDGE('',*,*,#1255,.T.);
#1635=ORIENTED_EDGE('',*,*,#1251,.T.);
#1636=ORIENTED_EDGE('',*,*,#1256,.T.);
#1637=ORIENTED_EDGE('',*,*,#1217,.T.);
#1638=ORIENTED_EDGE('',*,*,#1257,.T.);
#1639=ORIENTED_EDGE('',*,*,#1258,.T.);
#1640=ORIENTED_EDGE('',*,*,#1259,.T.);
#1641=ORIENTED_EDGE('',*,*,#1260,.T.);
#1642=ORIENTED_EDGE('',*,*,#1261,.T.);
#1643=ORIENTED_EDGE('',*,*,#1262,.F.);
#1644=ORIENTED_EDGE('',*,*,#1230,.T.);
#1645=ORIENTED_EDGE('',*,*,#1263,.T.);
#1646=ORIENTED_EDGE('',*,*,#1264,.T.);
#1647=ORIENTED_EDGE('',*,*,#1265,.T.);
#1648=ORIENTED_EDGE('',*,*,#1266,.T.);
#1649=ORIENTED_EDGE('',*,*,#1267,.T.);
#1650=ORIENTED_EDGE('',*,*,#1268,.T.);
#1651=ORIENTED_EDGE('',*,*,#1269,.T.);
#1652=ORIENTED_EDGE('',*,*,#1266,.F.);
#1653=ORIENTED_EDGE('',*,*,#1270,.T.);
#1654=ORIENTED_EDGE('',*,*,#1271,.F.);
#1655=ORIENTED_EDGE('',*,*,#1272,.T.);
#1656=ORIENTED_EDGE('',*,*,#1265,.F.);
#1657=ORIENTED_EDGE('',*,*,#1273,.F.);
#1658=ORIENTED_EDGE('',*,*,#1274,.F.);
#1659=ORIENTED_EDGE('',*,*,#1270,.F.);
#1660=ORIENTED_EDGE('',*,*,#1263,.F.);
#1661=ORIENTED_EDGE('',*,*,#1229,.F.);
#1662=ORIENTED_EDGE('',*,*,#1275,.F.);
#1663=ORIENTED_EDGE('',*,*,#1276,.T.);
#1664=ORIENTED_EDGE('',*,*,#1257,.F.);
#1665=ORIENTED_EDGE('',*,*,#1216,.F.);
#1666=ORIENTED_EDGE('',*,*,#1277,.F.);
#1667=ORIENTED_EDGE('',*,*,#1278,.F.);
#1668=ORIENTED_EDGE('',*,*,#1262,.T.);
#1669=ORIENTED_EDGE('',*,*,#1279,.T.);
#1670=ORIENTED_EDGE('',*,*,#1280,.T.);
#1671=ORIENTED_EDGE('',*,*,#1231,.F.);
#1672=ORIENTED_EDGE('',*,*,#1261,.F.);
#1673=ORIENTED_EDGE('',*,*,#1281,.T.);
#1674=ORIENTED_EDGE('',*,*,#1282,.F.);
#1675=ORIENTED_EDGE('',*,*,#1279,.F.);
#1676=ORIENTED_EDGE('',*,*,#1264,.F.);
#1677=ORIENTED_EDGE('',*,*,#1276,.F.);
#1678=ORIENTED_EDGE('',*,*,#1283,.F.);
#1679=ORIENTED_EDGE('',*,*,#1273,.T.);
#1680=ORIENTED_EDGE('',*,*,#1260,.F.);
#1681=ORIENTED_EDGE('',*,*,#1284,.F.);
#1682=ORIENTED_EDGE('',*,*,#1285,.F.);
#1683=ORIENTED_EDGE('',*,*,#1281,.F.);
#1684=ORIENTED_EDGE('',*,*,#1286,.T.);
#1685=ORIENTED_EDGE('',*,*,#1287,.T.);
#1686=ORIENTED_EDGE('',*,*,#1224,.T.);
#1687=ORIENTED_EDGE('',*,*,#1221,.T.);
#1688=ORIENTED_EDGE('',*,*,#1288,.T.);
#1689=ORIENTED_EDGE('',*,*,#1289,.T.);
#1690=ORIENTED_EDGE('',*,*,#1290,.T.);
#1691=ORIENTED_EDGE('',*,*,#1208,.T.);
#1692=ORIENTED_EDGE('',*,*,#1211,.T.);
#1693=ORIENTED_EDGE('',*,*,#1219,.T.);
#1694=ORIENTED_EDGE('',*,*,#1291,.T.);
#1695=ORIENTED_EDGE('',*,*,#1292,.F.);
#1696=ORIENTED_EDGE('',*,*,#1293,.T.);
#1697=ORIENTED_EDGE('',*,*,#1294,.T.);
#1698=ORIENTED_EDGE('',*,*,#1295,.T.);
#1699=ORIENTED_EDGE('',*,*,#1296,.T.);
#1700=ORIENTED_EDGE('',*,*,#1294,.F.);
#1701=ORIENTED_EDGE('',*,*,#1297,.T.);
#1702=ORIENTED_EDGE('',*,*,#1298,.F.);
#1703=ORIENTED_EDGE('',*,*,#1299,.F.);
#1704=ORIENTED_EDGE('',*,*,#1292,.T.);
#1705=ORIENTED_EDGE('',*,*,#1300,.T.);
#1706=ORIENTED_EDGE('',*,*,#1301,.F.);
#1707=ORIENTED_EDGE('',*,*,#1302,.T.);
#1708=ORIENTED_EDGE('',*,*,#1256,.F.);
#1709=ORIENTED_EDGE('',*,*,#1303,.T.);
#1710=ORIENTED_EDGE('',*,*,#1304,.F.);
#1711=ORIENTED_EDGE('',*,*,#1305,.T.);
#1712=ORIENTED_EDGE('',*,*,#1306,.F.);
#1713=ORIENTED_EDGE('',*,*,#1300,.F.);
#1714=ORIENTED_EDGE('',*,*,#1291,.F.);
#1715=ORIENTED_EDGE('',*,*,#1218,.T.);
#1716=ORIENTED_EDGE('',*,*,#1307,.F.);
#1717=ORIENTED_EDGE('',*,*,#1308,.F.);
#1718=ORIENTED_EDGE('',*,*,#1309,.F.);
#1719=ORIENTED_EDGE('',*,*,#1310,.F.);
#1720=ORIENTED_EDGE('',*,*,#1311,.F.);
#1721=ORIENTED_EDGE('',*,*,#1312,.F.);
#1722=ORIENTED_EDGE('',*,*,#1313,.F.);
#1723=ORIENTED_EDGE('',*,*,#1314,.F.);
#1724=ORIENTED_EDGE('',*,*,#1315,.F.);
#1725=ORIENTED_EDGE('',*,*,#1316,.F.);
#1726=ORIENTED_EDGE('',*,*,#1317,.F.);
#1727=ORIENTED_EDGE('',*,*,#1318,.F.);
#1728=ORIENTED_EDGE('',*,*,#1293,.F.);
#1729=ORIENTED_EDGE('',*,*,#1302,.F.);
#1730=ORIENTED_EDGE('',*,*,#1319,.F.);
#1731=ORIENTED_EDGE('',*,*,#1297,.F.);
#1732=ORIENTED_EDGE('',*,*,#1204,.T.);
#1733=ORIENTED_EDGE('',*,*,#1320,.F.);
#1734=ORIENTED_EDGE('',*,*,#1288,.F.);
#1735=ORIENTED_EDGE('',*,*,#1220,.T.);
#1736=ORIENTED_EDGE('',*,*,#1202,.F.);
#1737=ORIENTED_EDGE('',*,*,#1209,.F.);
#1738=ORIENTED_EDGE('',*,*,#1290,.F.);
#1739=ORIENTED_EDGE('',*,*,#1321,.T.);
#1740=ORIENTED_EDGE('',*,*,#1267,.F.);
#1741=ORIENTED_EDGE('',*,*,#1272,.F.);
#1742=ORIENTED_EDGE('',*,*,#1322,.F.);
#1743=ORIENTED_EDGE('',*,*,#1323,.T.);
#1744=ORIENTED_EDGE('',*,*,#1295,.F.);
#1745=ORIENTED_EDGE('',*,*,#1299,.T.);
#1746=ORIENTED_EDGE('',*,*,#1324,.F.);
#1747=ORIENTED_EDGE('',*,*,#1325,.F.);
#1748=ORIENTED_EDGE('',*,*,#1296,.F.);
#1749=ORIENTED_EDGE('',*,*,#1325,.T.);
#1750=ORIENTED_EDGE('',*,*,#1326,.F.);
#1751=ORIENTED_EDGE('',*,*,#1327,.T.);
#1752=ORIENTED_EDGE('',*,*,#1259,.F.);
#1753=ORIENTED_EDGE('',*,*,#1328,.T.);
#1754=ORIENTED_EDGE('',*,*,#1329,.F.);
#1755=ORIENTED_EDGE('',*,*,#1284,.T.);
#1756=ORIENTED_EDGE('',*,*,#1258,.F.);
#1757=ORIENTED_EDGE('',*,*,#1278,.T.);
#1758=ORIENTED_EDGE('',*,*,#1330,.F.);
#1759=ORIENTED_EDGE('',*,*,#1328,.F.);
#1760=ORIENTED_EDGE('',*,*,#1268,.F.);
#1761=ORIENTED_EDGE('',*,*,#1323,.F.);
#1762=ORIENTED_EDGE('',*,*,#1331,.F.);
#1763=ORIENTED_EDGE('',*,*,#1332,.T.);
#1764=ORIENTED_EDGE('',*,*,#1333,.T.);
#1765=ORIENTED_EDGE('',*,*,#1334,.T.);
#1766=ORIENTED_EDGE('',*,*,#1304,.T.);
#1767=ORIENTED_EDGE('',*,*,#1335,.T.);
#1768=ORIENTED_EDGE('',*,*,#1331,.T.);
#1769=ORIENTED_EDGE('',*,*,#1322,.T.);
#1770=ORIENTED_EDGE('',*,*,#1271,.T.);
#1771=ORIENTED_EDGE('',*,*,#1274,.T.);
#1772=ORIENTED_EDGE('',*,*,#1283,.T.);
#1773=ORIENTED_EDGE('',*,*,#1275,.T.);
#1774=ORIENTED_EDGE('',*,*,#1228,.T.);
#1775=ORIENTED_EDGE('',*,*,#1336,.F.);
#1776=ORIENTED_EDGE('',*,*,#1337,.T.);
#1777=ORIENTED_EDGE('',*,*,#1338,.T.);
#1778=ORIENTED_EDGE('',*,*,#1339,.T.);
#1779=ORIENTED_EDGE('',*,*,#1340,.T.);
#1780=ORIENTED_EDGE('',*,*,#1337,.F.);
#1781=ORIENTED_EDGE('',*,*,#1341,.T.);
#1782=ORIENTED_EDGE('',*,*,#1342,.F.);
#1783=ORIENTED_EDGE('',*,*,#1343,.F.);
#1784=ORIENTED_EDGE('',*,*,#1333,.F.);
#1785=ORIENTED_EDGE('',*,*,#1344,.F.);
#1786=ORIENTED_EDGE('',*,*,#1345,.F.);
#1787=ORIENTED_EDGE('',*,*,#1346,.T.);
#1788=ORIENTED_EDGE('',*,*,#1269,.F.);
#1789=ORIENTED_EDGE('',*,*,#1332,.F.);
#1790=ORIENTED_EDGE('',*,*,#1335,.F.);
#1791=ORIENTED_EDGE('',*,*,#1303,.F.);
#1792=ORIENTED_EDGE('',*,*,#1339,.F.);
#1793=ORIENTED_EDGE('',*,*,#1347,.F.);
#1794=ORIENTED_EDGE('',*,*,#1348,.F.);
#1795=ORIENTED_EDGE('',*,*,#1349,.T.);
#1796=ORIENTED_EDGE('',*,*,#1338,.F.);
#1797=ORIENTED_EDGE('',*,*,#1343,.T.);
#1798=ORIENTED_EDGE('',*,*,#1350,.F.);
#1799=ORIENTED_EDGE('',*,*,#1347,.T.);
#1800=ORIENTED_EDGE('',*,*,#1340,.F.);
#1801=ORIENTED_EDGE('',*,*,#1349,.F.);
#1802=ORIENTED_EDGE('',*,*,#1351,.F.);
#1803=ORIENTED_EDGE('',*,*,#1344,.T.);
#1804=ORIENTED_EDGE('',*,*,#1203,.T.);
#1805=ORIENTED_EDGE('',*,*,#1321,.F.);
#1806=ORIENTED_EDGE('',*,*,#1289,.F.);
#1807=ORIENTED_EDGE('',*,*,#1320,.T.);
#1808=ORIENTED_EDGE('',*,*,#1287,.F.);
#1809=ORIENTED_EDGE('',*,*,#1352,.F.);
#1810=ORIENTED_EDGE('',*,*,#1353,.F.);
#1811=ORIENTED_EDGE('',*,*,#1225,.F.);
#1812=ORIENTED_EDGE('',*,*,#1286,.F.);
#1813=ORIENTED_EDGE('',*,*,#1327,.F.);
#1814=ORIENTED_EDGE('',*,*,#1354,.F.);
#1815=ORIENTED_EDGE('',*,*,#1352,.T.);
#1816=ORIENTED_EDGE('',*,*,#1306,.T.);
#1817=ORIENTED_EDGE('',*,*,#1355,.T.);
#1818=ORIENTED_EDGE('',*,*,#1345,.T.);
#1819=ORIENTED_EDGE('',*,*,#1351,.T.);
#1820=ORIENTED_EDGE('',*,*,#1348,.T.);
#1821=ORIENTED_EDGE('',*,*,#1350,.T.);
#1822=ORIENTED_EDGE('',*,*,#1342,.T.);
#1823=ORIENTED_EDGE('',*,*,#1356,.F.);
#1824=ORIENTED_EDGE('',*,*,#1226,.T.);
#1825=ORIENTED_EDGE('',*,*,#1353,.T.);
#1826=ORIENTED_EDGE('',*,*,#1354,.T.);
#1827=ORIENTED_EDGE('',*,*,#1326,.T.);
#1828=ORIENTED_EDGE('',*,*,#1324,.T.);
#1829=ORIENTED_EDGE('',*,*,#1298,.T.);
#1830=ORIENTED_EDGE('',*,*,#1319,.T.);
#1831=ORIENTED_EDGE('',*,*,#1301,.T.);
#1832=ORIENTED_EDGE('',*,*,#1336,.T.);
#1833=ORIENTED_EDGE('',*,*,#1227,.T.);
#1834=ORIENTED_EDGE('',*,*,#1356,.T.);
#1835=ORIENTED_EDGE('',*,*,#1341,.F.);
#1836=ORIENTED_EDGE('',*,*,#1334,.F.);
#1837=ORIENTED_EDGE('',*,*,#1346,.F.);
#1838=ORIENTED_EDGE('',*,*,#1355,.F.);
#1839=ORIENTED_EDGE('',*,*,#1305,.F.);
#1840=ORIENTED_EDGE('',*,*,#1250,.T.);
#1841=ORIENTED_EDGE('',*,*,#1357,.T.);
#1842=ORIENTED_EDGE('',*,*,#1358,.T.);
#1843=ORIENTED_EDGE('',*,*,#1235,.F.);
#1844=ORIENTED_EDGE('',*,*,#1254,.F.);
#1845=ORIENTED_EDGE('',*,*,#1358,.F.);
#1846=ORIENTED_EDGE('',*,*,#1359,.T.);
#1847=ORIENTED_EDGE('',*,*,#1360,.F.);
#1848=ORIENTED_EDGE('',*,*,#1236,.F.);
#1849=ORIENTED_EDGE('',*,*,#1361,.T.);
#1850=ORIENTED_EDGE('',*,*,#1252,.T.);
#1851=ORIENTED_EDGE('',*,*,#1255,.F.);
#1852=ORIENTED_EDGE('',*,*,#1239,.F.);
#1853=ORIENTED_EDGE('',*,*,#1362,.F.);
#1854=ORIENTED_EDGE('',*,*,#1253,.F.);
#1855=ORIENTED_EDGE('',*,*,#1361,.F.);
#1856=ORIENTED_EDGE('',*,*,#1363,.F.);
#1857=ORIENTED_EDGE('',*,*,#1364,.F.);
#1858=ORIENTED_EDGE('',*,*,#1359,.F.);
#1859=ORIENTED_EDGE('',*,*,#1357,.F.);
#1860=ORIENTED_EDGE('',*,*,#1365,.T.);
#1861=ORIENTED_EDGE('',*,*,#1366,.T.);
#1862=ORIENTED_EDGE('',*,*,#1367,.T.);
#1863=ORIENTED_EDGE('',*,*,#1311,.T.);
#1864=ORIENTED_EDGE('',*,*,#1368,.T.);
#1865=ORIENTED_EDGE('',*,*,#1369,.F.);
#1866=ORIENTED_EDGE('',*,*,#1370,.F.);
#1867=ORIENTED_EDGE('',*,*,#1371,.T.);
#1868=ORIENTED_EDGE('',*,*,#1372,.F.);
#1869=ORIENTED_EDGE('',*,*,#1366,.F.);
#1870=ORIENTED_EDGE('',*,*,#1373,.F.);
#1871=ORIENTED_EDGE('',*,*,#1244,.F.);
#1872=ORIENTED_EDGE('',*,*,#1316,.T.);
#1873=ORIENTED_EDGE('',*,*,#1374,.T.);
#1874=ORIENTED_EDGE('',*,*,#1375,.T.);
#1875=ORIENTED_EDGE('',*,*,#1376,.T.);
#1876=ORIENTED_EDGE('',*,*,#1369,.T.);
#1877=ORIENTED_EDGE('',*,*,#1377,.T.);
#1878=ORIENTED_EDGE('',*,*,#1317,.T.);
#1879=ORIENTED_EDGE('',*,*,#1376,.F.);
#1880=ORIENTED_EDGE('',*,*,#1378,.T.);
#1881=ORIENTED_EDGE('',*,*,#1379,.T.);
#1882=ORIENTED_EDGE('',*,*,#1318,.T.);
#1883=ORIENTED_EDGE('',*,*,#1377,.F.);
#1884=ORIENTED_EDGE('',*,*,#1380,.T.);
#1885=ORIENTED_EDGE('',*,*,#1307,.T.);
#1886=ORIENTED_EDGE('',*,*,#1379,.F.);
#1887=ORIENTED_EDGE('',*,*,#1381,.T.);
#1888=ORIENTED_EDGE('',*,*,#1382,.T.);
#1889=ORIENTED_EDGE('',*,*,#1308,.T.);
#1890=ORIENTED_EDGE('',*,*,#1380,.F.);
#1891=ORIENTED_EDGE('',*,*,#1383,.T.);
#1892=ORIENTED_EDGE('',*,*,#1384,.T.);
#1893=ORIENTED_EDGE('',*,*,#1309,.T.);
#1894=ORIENTED_EDGE('',*,*,#1382,.F.);
#1895=ORIENTED_EDGE('',*,*,#1385,.T.);
#1896=ORIENTED_EDGE('',*,*,#1310,.T.);
#1897=ORIENTED_EDGE('',*,*,#1384,.F.);
#1898=ORIENTED_EDGE('',*,*,#1386,.T.);
#1899=ORIENTED_EDGE('',*,*,#1365,.F.);
#1900=ORIENTED_EDGE('',*,*,#1374,.F.);
#1901=ORIENTED_EDGE('',*,*,#1315,.T.);
#1902=ORIENTED_EDGE('',*,*,#1387,.T.);
#1903=ORIENTED_EDGE('',*,*,#1388,.T.);
#1904=ORIENTED_EDGE('',*,*,#1387,.F.);
#1905=ORIENTED_EDGE('',*,*,#1314,.T.);
#1906=ORIENTED_EDGE('',*,*,#1389,.T.);
#1907=ORIENTED_EDGE('',*,*,#1390,.T.);
#1908=ORIENTED_EDGE('',*,*,#1389,.F.);
#1909=ORIENTED_EDGE('',*,*,#1313,.T.);
#1910=ORIENTED_EDGE('',*,*,#1391,.T.);
#1911=ORIENTED_EDGE('',*,*,#1392,.T.);
#1912=ORIENTED_EDGE('',*,*,#1393,.T.);
#1913=ORIENTED_EDGE('',*,*,#1391,.F.);
#1914=ORIENTED_EDGE('',*,*,#1312,.T.);
#1915=ORIENTED_EDGE('',*,*,#1367,.F.);
#1916=ORIENTED_EDGE('',*,*,#1394,.F.);
#1917=ORIENTED_EDGE('',*,*,#1245,.F.);
#1918=ORIENTED_EDGE('',*,*,#1373,.T.);
#1919=ORIENTED_EDGE('',*,*,#1386,.F.);
#1920=ORIENTED_EDGE('',*,*,#1395,.T.);
#1921=ORIENTED_EDGE('',*,*,#1383,.F.);
#1922=ORIENTED_EDGE('',*,*,#1396,.F.);
#1923=ORIENTED_EDGE('',*,*,#1241,.F.);
#1924=ORIENTED_EDGE('',*,*,#1385,.F.);
#1925=ORIENTED_EDGE('',*,*,#1395,.F.);
#1926=ORIENTED_EDGE('',*,*,#1246,.F.);
#1927=ORIENTED_EDGE('',*,*,#1394,.T.);
#1928=ORIENTED_EDGE('',*,*,#1397,.T.);
#1929=ORIENTED_EDGE('',*,*,#1378,.F.);
#1930=ORIENTED_EDGE('',*,*,#1368,.F.);
#1931=ORIENTED_EDGE('',*,*,#1243,.F.);
#1932=ORIENTED_EDGE('',*,*,#1381,.F.);
#1933=ORIENTED_EDGE('',*,*,#1397,.F.);
#1934=ORIENTED_EDGE('',*,*,#1242,.F.);
#1935=ORIENTED_EDGE('',*,*,#1396,.T.);
#1936=ORIENTED_EDGE('',*,*,#1362,.T.);
#1937=ORIENTED_EDGE('',*,*,#1238,.F.);
#1938=ORIENTED_EDGE('',*,*,#1398,.F.);
#1939=ORIENTED_EDGE('',*,*,#1363,.T.);
#1940=ORIENTED_EDGE('',*,*,#1398,.T.);
#1941=ORIENTED_EDGE('',*,*,#1237,.F.);
#1942=ORIENTED_EDGE('',*,*,#1360,.T.);
#1943=ORIENTED_EDGE('',*,*,#1364,.T.);
#1944=ORIENTED_EDGE('',*,*,#1399,.T.);
#1945=ORIENTED_EDGE('',*,*,#1400,.T.);
#1946=ORIENTED_EDGE('',*,*,#1401,.T.);
#1947=ORIENTED_EDGE('',*,*,#1402,.T.);
#1948=ORIENTED_EDGE('',*,*,#1223,.F.);
#1949=ORIENTED_EDGE('',*,*,#1234,.T.);
#1950=ORIENTED_EDGE('',*,*,#1403,.T.);
#1951=ORIENTED_EDGE('',*,*,#1404,.F.);
#1952=ORIENTED_EDGE('',*,*,#1213,.F.);
#1953=ORIENTED_EDGE('',*,*,#1248,.T.);
#1954=ORIENTED_EDGE('',*,*,#1249,.T.);
#1955=ORIENTED_EDGE('',*,*,#1195,.T.);
#1956=ORIENTED_EDGE('',*,*,#1198,.T.);
#1957=ORIENTED_EDGE('',*,*,#1200,.T.);
#1958=ORIENTED_EDGE('',*,*,#1282,.T.);
#1959=ORIENTED_EDGE('',*,*,#1285,.T.);
#1960=ORIENTED_EDGE('',*,*,#1329,.T.);
#1961=ORIENTED_EDGE('',*,*,#1330,.T.);
#1962=ORIENTED_EDGE('',*,*,#1277,.T.);
#1963=ORIENTED_EDGE('',*,*,#1215,.F.);
#1964=ORIENTED_EDGE('',*,*,#1405,.F.);
#1965=ORIENTED_EDGE('',*,*,#1406,.T.);
#1966=ORIENTED_EDGE('',*,*,#1232,.T.);
#1967=ORIENTED_EDGE('',*,*,#1280,.F.);
#1968=ORIENTED_EDGE('',*,*,#1407,.T.);
#1969=ORIENTED_EDGE('',*,*,#1408,.T.);
#1970=ORIENTED_EDGE('',*,*,#1401,.F.);
#1971=ORIENTED_EDGE('',*,*,#1409,.F.);
#1972=ORIENTED_EDGE('',*,*,#1410,.T.);
#1973=ORIENTED_EDGE('',*,*,#1411,.T.);
#1974=ORIENTED_EDGE('',*,*,#1402,.F.);
#1975=ORIENTED_EDGE('',*,*,#1408,.F.);
#1976=ORIENTED_EDGE('',*,*,#1412,.T.);
#1977=ORIENTED_EDGE('',*,*,#1413,.T.);
#1978=ORIENTED_EDGE('',*,*,#1399,.F.);
#1979=ORIENTED_EDGE('',*,*,#1411,.F.);
#1980=ORIENTED_EDGE('',*,*,#1414,.T.);
#1981=ORIENTED_EDGE('',*,*,#1409,.T.);
#1982=ORIENTED_EDGE('',*,*,#1400,.F.);
#1983=ORIENTED_EDGE('',*,*,#1413,.F.);
#1984=ORIENTED_EDGE('',*,*,#1415,.F.);
#1985=ORIENTED_EDGE('',*,*,#1393,.F.);
#1986=ORIENTED_EDGE('',*,*,#1372,.T.);
#1987=ORIENTED_EDGE('',*,*,#1416,.F.);
#1988=ORIENTED_EDGE('',*,*,#1417,.T.);
#1989=ORIENTED_EDGE('',*,*,#1418,.F.);
#1990=ORIENTED_EDGE('',*,*,#1419,.F.);
#1991=ORIENTED_EDGE('',*,*,#1420,.F.);
#1992=ORIENTED_EDGE('',*,*,#1416,.T.);
#1993=ORIENTED_EDGE('',*,*,#1371,.F.);
#1994=ORIENTED_EDGE('',*,*,#1407,.F.);
#1995=ORIENTED_EDGE('',*,*,#1414,.F.);
#1996=ORIENTED_EDGE('',*,*,#1412,.F.);
#1997=ORIENTED_EDGE('',*,*,#1410,.F.);
#1998=ORIENTED_EDGE('',*,*,#1370,.T.);
#1999=ORIENTED_EDGE('',*,*,#1375,.F.);
#2000=ORIENTED_EDGE('',*,*,#1421,.T.);
#2001=ORIENTED_EDGE('',*,*,#1417,.F.);
#2002=ORIENTED_EDGE('',*,*,#1404,.T.);
#2003=ORIENTED_EDGE('',*,*,#1422,.T.);
#2004=ORIENTED_EDGE('',*,*,#1405,.T.);
#2005=ORIENTED_EDGE('',*,*,#1214,.T.);
#2006=ORIENTED_EDGE('',*,*,#1406,.F.);
#2007=ORIENTED_EDGE('',*,*,#1422,.F.);
#2008=ORIENTED_EDGE('',*,*,#1403,.F.);
#2009=ORIENTED_EDGE('',*,*,#1233,.F.);
#2010=ORIENTED_EDGE('',*,*,#1421,.F.);
#2011=ORIENTED_EDGE('',*,*,#1388,.F.);
#2012=ORIENTED_EDGE('',*,*,#1423,.T.);
#2013=ORIENTED_EDGE('',*,*,#1418,.T.);
#2014=ORIENTED_EDGE('',*,*,#1424,.F.);
#2015=ORIENTED_EDGE('',*,*,#1392,.F.);
#2016=ORIENTED_EDGE('',*,*,#1415,.T.);
#2017=ORIENTED_EDGE('',*,*,#1420,.T.);
#2018=ORIENTED_EDGE('',*,*,#1423,.F.);
#2019=ORIENTED_EDGE('',*,*,#1390,.F.);
#2020=ORIENTED_EDGE('',*,*,#1424,.T.);
#2021=ORIENTED_EDGE('',*,*,#1419,.T.);
#2022=ORIENTED_EDGE('',*,*,#1425,.F.);
#2023=ORIENTED_EDGE('',*,*,#1426,.T.);
#2024=ORIENTED_EDGE('',*,*,#1427,.F.);
#2025=ORIENTED_EDGE('',*,*,#1428,.F.);
#2026=ORIENTED_EDGE('',*,*,#1429,.F.);
#2027=ORIENTED_EDGE('',*,*,#1428,.T.);
#2028=ORIENTED_EDGE('',*,*,#1430,.F.);
#2029=ORIENTED_EDGE('',*,*,#1431,.F.);
#2030=ORIENTED_EDGE('',*,*,#1432,.F.);
#2031=ORIENTED_EDGE('',*,*,#1431,.T.);
#2032=ORIENTED_EDGE('',*,*,#1433,.F.);
#2033=ORIENTED_EDGE('',*,*,#1434,.F.);
#2034=ORIENTED_EDGE('',*,*,#1435,.F.);
#2035=ORIENTED_EDGE('',*,*,#1434,.T.);
#2036=ORIENTED_EDGE('',*,*,#1436,.F.);
#2037=ORIENTED_EDGE('',*,*,#1437,.F.);
#2038=ORIENTED_EDGE('',*,*,#1438,.F.);
#2039=ORIENTED_EDGE('',*,*,#1437,.T.);
#2040=ORIENTED_EDGE('',*,*,#1439,.F.);
#2041=ORIENTED_EDGE('',*,*,#1440,.F.);
#2042=ORIENTED_EDGE('',*,*,#1441,.F.);
#2043=ORIENTED_EDGE('',*,*,#1440,.T.);
#2044=ORIENTED_EDGE('',*,*,#1442,.F.);
#2045=ORIENTED_EDGE('',*,*,#1443,.F.);
#2046=ORIENTED_EDGE('',*,*,#1444,.F.);
#2047=ORIENTED_EDGE('',*,*,#1443,.T.);
#2048=ORIENTED_EDGE('',*,*,#1445,.F.);
#2049=ORIENTED_EDGE('',*,*,#1446,.F.);
#2050=ORIENTED_EDGE('',*,*,#1447,.F.);
#2051=ORIENTED_EDGE('',*,*,#1446,.T.);
#2052=ORIENTED_EDGE('',*,*,#1448,.F.);
#2053=ORIENTED_EDGE('',*,*,#1449,.F.);
#2054=ORIENTED_EDGE('',*,*,#1450,.F.);
#2055=ORIENTED_EDGE('',*,*,#1449,.T.);
#2056=ORIENTED_EDGE('',*,*,#1451,.F.);
#2057=ORIENTED_EDGE('',*,*,#1452,.F.);
#2058=ORIENTED_EDGE('',*,*,#1453,.F.);
#2059=ORIENTED_EDGE('',*,*,#1452,.T.);
#2060=ORIENTED_EDGE('',*,*,#1454,.F.);
#2061=ORIENTED_EDGE('',*,*,#1455,.F.);
#2062=ORIENTED_EDGE('',*,*,#1456,.F.);
#2063=ORIENTED_EDGE('',*,*,#1455,.T.);
#2064=ORIENTED_EDGE('',*,*,#1457,.F.);
#2065=ORIENTED_EDGE('',*,*,#1458,.F.);
#2066=ORIENTED_EDGE('',*,*,#1459,.F.);
#2067=ORIENTED_EDGE('',*,*,#1458,.T.);
#2068=ORIENTED_EDGE('',*,*,#1460,.F.);
#2069=ORIENTED_EDGE('',*,*,#1461,.F.);
#2070=ORIENTED_EDGE('',*,*,#1462,.F.);
#2071=ORIENTED_EDGE('',*,*,#1461,.T.);
#2072=ORIENTED_EDGE('',*,*,#1463,.F.);
#2073=ORIENTED_EDGE('',*,*,#1464,.F.);
#2074=ORIENTED_EDGE('',*,*,#1465,.F.);
#2075=ORIENTED_EDGE('',*,*,#1464,.T.);
#2076=ORIENTED_EDGE('',*,*,#1466,.F.);
#2077=ORIENTED_EDGE('',*,*,#1467,.F.);
#2078=ORIENTED_EDGE('',*,*,#1468,.F.);
#2079=ORIENTED_EDGE('',*,*,#1467,.T.);
#2080=ORIENTED_EDGE('',*,*,#1469,.F.);
#2081=ORIENTED_EDGE('',*,*,#1470,.F.);
#2082=ORIENTED_EDGE('',*,*,#1471,.F.);
#2083=ORIENTED_EDGE('',*,*,#1470,.T.);
#2084=ORIENTED_EDGE('',*,*,#1472,.F.);
#2085=ORIENTED_EDGE('',*,*,#1473,.F.);
#2086=ORIENTED_EDGE('',*,*,#1474,.F.);
#2087=ORIENTED_EDGE('',*,*,#1473,.T.);
#2088=ORIENTED_EDGE('',*,*,#1475,.F.);
#2089=ORIENTED_EDGE('',*,*,#1476,.F.);
#2090=ORIENTED_EDGE('',*,*,#1477,.F.);
#2091=ORIENTED_EDGE('',*,*,#1476,.T.);
#2092=ORIENTED_EDGE('',*,*,#1478,.F.);
#2093=ORIENTED_EDGE('',*,*,#1479,.F.);
#2094=ORIENTED_EDGE('',*,*,#1480,.F.);
#2095=ORIENTED_EDGE('',*,*,#1479,.T.);
#2096=ORIENTED_EDGE('',*,*,#1481,.F.);
#2097=ORIENTED_EDGE('',*,*,#1482,.F.);
#2098=ORIENTED_EDGE('',*,*,#1483,.F.);
#2099=ORIENTED_EDGE('',*,*,#1482,.T.);
#2100=ORIENTED_EDGE('',*,*,#1484,.F.);
#2101=ORIENTED_EDGE('',*,*,#1485,.F.);
#2102=ORIENTED_EDGE('',*,*,#1486,.F.);
#2103=ORIENTED_EDGE('',*,*,#1485,.T.);
#2104=ORIENTED_EDGE('',*,*,#1487,.F.);
#2105=ORIENTED_EDGE('',*,*,#1488,.F.);
#2106=ORIENTED_EDGE('',*,*,#1489,.F.);
#2107=ORIENTED_EDGE('',*,*,#1488,.T.);
#2108=ORIENTED_EDGE('',*,*,#1490,.F.);
#2109=ORIENTED_EDGE('',*,*,#1491,.F.);
#2110=ORIENTED_EDGE('',*,*,#1492,.F.);
#2111=ORIENTED_EDGE('',*,*,#1491,.T.);
#2112=ORIENTED_EDGE('',*,*,#1493,.F.);
#2113=ORIENTED_EDGE('',*,*,#1494,.F.);
#2114=ORIENTED_EDGE('',*,*,#1495,.F.);
#2115=ORIENTED_EDGE('',*,*,#1494,.T.);
#2116=ORIENTED_EDGE('',*,*,#1496,.F.);
#2117=ORIENTED_EDGE('',*,*,#1497,.F.);
#2118=ORIENTED_EDGE('',*,*,#1498,.F.);
#2119=ORIENTED_EDGE('',*,*,#1497,.T.);
#2120=ORIENTED_EDGE('',*,*,#1499,.F.);
#2121=ORIENTED_EDGE('',*,*,#1500,.F.);
#2122=ORIENTED_EDGE('',*,*,#1501,.F.);
#2123=ORIENTED_EDGE('',*,*,#1500,.T.);
#2124=ORIENTED_EDGE('',*,*,#1502,.F.);
#2125=ORIENTED_EDGE('',*,*,#1503,.F.);
#2126=ORIENTED_EDGE('',*,*,#1504,.F.);
#2127=ORIENTED_EDGE('',*,*,#1503,.T.);
#2128=ORIENTED_EDGE('',*,*,#1505,.F.);
#2129=ORIENTED_EDGE('',*,*,#1426,.F.);
#2130=ORIENTED_EDGE('',*,*,#1504,.T.);
#2131=ORIENTED_EDGE('',*,*,#1425,.T.);
#2132=ORIENTED_EDGE('',*,*,#1429,.T.);
#2133=ORIENTED_EDGE('',*,*,#1432,.T.);
#2134=ORIENTED_EDGE('',*,*,#1435,.T.);
#2135=ORIENTED_EDGE('',*,*,#1438,.T.);
#2136=ORIENTED_EDGE('',*,*,#1441,.T.);
#2137=ORIENTED_EDGE('',*,*,#1444,.T.);
#2138=ORIENTED_EDGE('',*,*,#1447,.T.);
#2139=ORIENTED_EDGE('',*,*,#1450,.T.);
#2140=ORIENTED_EDGE('',*,*,#1453,.T.);
#2141=ORIENTED_EDGE('',*,*,#1456,.T.);
#2142=ORIENTED_EDGE('',*,*,#1459,.T.);
#2143=ORIENTED_EDGE('',*,*,#1462,.T.);
#2144=ORIENTED_EDGE('',*,*,#1465,.T.);
#2145=ORIENTED_EDGE('',*,*,#1468,.T.);
#2146=ORIENTED_EDGE('',*,*,#1471,.T.);
#2147=ORIENTED_EDGE('',*,*,#1474,.T.);
#2148=ORIENTED_EDGE('',*,*,#1477,.T.);
#2149=ORIENTED_EDGE('',*,*,#1480,.T.);
#2150=ORIENTED_EDGE('',*,*,#1483,.T.);
#2151=ORIENTED_EDGE('',*,*,#1486,.T.);
#2152=ORIENTED_EDGE('',*,*,#1489,.T.);
#2153=ORIENTED_EDGE('',*,*,#1492,.T.);
#2154=ORIENTED_EDGE('',*,*,#1495,.T.);
#2155=ORIENTED_EDGE('',*,*,#1498,.T.);
#2156=ORIENTED_EDGE('',*,*,#1501,.T.);
#2157=ORIENTED_EDGE('',*,*,#1505,.T.);
#2158=ORIENTED_EDGE('',*,*,#1502,.T.);
#2159=ORIENTED_EDGE('',*,*,#1499,.T.);
#2160=ORIENTED_EDGE('',*,*,#1496,.T.);
#2161=ORIENTED_EDGE('',*,*,#1493,.T.);
#2162=ORIENTED_EDGE('',*,*,#1490,.T.);
#2163=ORIENTED_EDGE('',*,*,#1487,.T.);
#2164=ORIENTED_EDGE('',*,*,#1484,.T.);
#2165=ORIENTED_EDGE('',*,*,#1481,.T.);
#2166=ORIENTED_EDGE('',*,*,#1478,.T.);
#2167=ORIENTED_EDGE('',*,*,#1475,.T.);
#2168=ORIENTED_EDGE('',*,*,#1472,.T.);
#2169=ORIENTED_EDGE('',*,*,#1469,.T.);
#2170=ORIENTED_EDGE('',*,*,#1466,.T.);
#2171=ORIENTED_EDGE('',*,*,#1463,.T.);
#2172=ORIENTED_EDGE('',*,*,#1460,.T.);
#2173=ORIENTED_EDGE('',*,*,#1457,.T.);
#2174=ORIENTED_EDGE('',*,*,#1454,.T.);
#2175=ORIENTED_EDGE('',*,*,#1451,.T.);
#2176=ORIENTED_EDGE('',*,*,#1448,.T.);
#2177=ORIENTED_EDGE('',*,*,#1445,.T.);
#2178=ORIENTED_EDGE('',*,*,#1442,.T.);
#2179=ORIENTED_EDGE('',*,*,#1439,.T.);
#2180=ORIENTED_EDGE('',*,*,#1436,.T.);
#2181=ORIENTED_EDGE('',*,*,#1433,.T.);
#2182=ORIENTED_EDGE('',*,*,#1430,.T.);
#2183=ORIENTED_EDGE('',*,*,#1427,.T.);
#2184=ORIENTED_EDGE('',*,*,#1506,.T.);
#2185=ORIENTED_EDGE('',*,*,#1507,.T.);
#2186=ORIENTED_EDGE('',*,*,#1508,.F.);
#2187=ORIENTED_EDGE('',*,*,#1509,.F.);
#2188=ORIENTED_EDGE('',*,*,#1510,.T.);
#2189=ORIENTED_EDGE('',*,*,#1509,.T.);
#2190=ORIENTED_EDGE('',*,*,#1511,.F.);
#2191=ORIENTED_EDGE('',*,*,#1512,.F.);
#2192=ORIENTED_EDGE('',*,*,#1513,.T.);
#2193=ORIENTED_EDGE('',*,*,#1512,.T.);
#2194=ORIENTED_EDGE('',*,*,#1514,.F.);
#2195=ORIENTED_EDGE('',*,*,#1515,.F.);
#2196=ORIENTED_EDGE('',*,*,#1516,.T.);
#2197=ORIENTED_EDGE('',*,*,#1515,.T.);
#2198=ORIENTED_EDGE('',*,*,#1517,.F.);
#2199=ORIENTED_EDGE('',*,*,#1507,.F.);
#2200=ORIENTED_EDGE('',*,*,#1518,.T.);
#2201=ORIENTED_EDGE('',*,*,#1519,.T.);
#2202=ORIENTED_EDGE('',*,*,#1520,.F.);
#2203=ORIENTED_EDGE('',*,*,#1521,.F.);
#2204=ORIENTED_EDGE('',*,*,#1522,.T.);
#2205=ORIENTED_EDGE('',*,*,#1521,.T.);
#2206=ORIENTED_EDGE('',*,*,#1523,.F.);
#2207=ORIENTED_EDGE('',*,*,#1524,.F.);
#2208=ORIENTED_EDGE('',*,*,#1525,.T.);
#2209=ORIENTED_EDGE('',*,*,#1524,.T.);
#2210=ORIENTED_EDGE('',*,*,#1526,.F.);
#2211=ORIENTED_EDGE('',*,*,#1527,.F.);
#2212=ORIENTED_EDGE('',*,*,#1528,.T.);
#2213=ORIENTED_EDGE('',*,*,#1527,.T.);
#2214=ORIENTED_EDGE('',*,*,#1529,.F.);
#2215=ORIENTED_EDGE('',*,*,#1530,.F.);
#2216=ORIENTED_EDGE('',*,*,#1531,.T.);
#2217=ORIENTED_EDGE('',*,*,#1530,.T.);
#2218=ORIENTED_EDGE('',*,*,#1532,.F.);
#2219=ORIENTED_EDGE('',*,*,#1533,.F.);
#2220=ORIENTED_EDGE('',*,*,#1534,.T.);
#2221=ORIENTED_EDGE('',*,*,#1533,.T.);
#2222=ORIENTED_EDGE('',*,*,#1535,.F.);
#2223=ORIENTED_EDGE('',*,*,#1536,.F.);
#2224=ORIENTED_EDGE('',*,*,#1537,.T.);
#2225=ORIENTED_EDGE('',*,*,#1536,.T.);
#2226=ORIENTED_EDGE('',*,*,#1538,.F.);
#2227=ORIENTED_EDGE('',*,*,#1539,.F.);
#2228=ORIENTED_EDGE('',*,*,#1540,.T.);
#2229=ORIENTED_EDGE('',*,*,#1539,.T.);
#2230=ORIENTED_EDGE('',*,*,#1541,.F.);
#2231=ORIENTED_EDGE('',*,*,#1542,.F.);
#2232=ORIENTED_EDGE('',*,*,#1543,.T.);
#2233=ORIENTED_EDGE('',*,*,#1542,.T.);
#2234=ORIENTED_EDGE('',*,*,#1544,.F.);
#2235=ORIENTED_EDGE('',*,*,#1545,.F.);
#2236=ORIENTED_EDGE('',*,*,#1546,.T.);
#2237=ORIENTED_EDGE('',*,*,#1545,.T.);
#2238=ORIENTED_EDGE('',*,*,#1547,.F.);
#2239=ORIENTED_EDGE('',*,*,#1519,.F.);
#2240=ORIENTED_EDGE('',*,*,#1546,.F.);
#2241=ORIENTED_EDGE('',*,*,#1518,.F.);
#2242=ORIENTED_EDGE('',*,*,#1522,.F.);
#2243=ORIENTED_EDGE('',*,*,#1525,.F.);
#2244=ORIENTED_EDGE('',*,*,#1528,.F.);
#2245=ORIENTED_EDGE('',*,*,#1531,.F.);
#2246=ORIENTED_EDGE('',*,*,#1534,.F.);
#2247=ORIENTED_EDGE('',*,*,#1537,.F.);
#2248=ORIENTED_EDGE('',*,*,#1540,.F.);
#2249=ORIENTED_EDGE('',*,*,#1543,.F.);
#2250=ORIENTED_EDGE('',*,*,#1516,.F.);
#2251=ORIENTED_EDGE('',*,*,#1506,.F.);
#2252=ORIENTED_EDGE('',*,*,#1510,.F.);
#2253=ORIENTED_EDGE('',*,*,#1513,.F.);
#2254=ORIENTED_EDGE('',*,*,#1547,.T.);
#2255=ORIENTED_EDGE('',*,*,#1544,.T.);
#2256=ORIENTED_EDGE('',*,*,#1541,.T.);
#2257=ORIENTED_EDGE('',*,*,#1538,.T.);
#2258=ORIENTED_EDGE('',*,*,#1535,.T.);
#2259=ORIENTED_EDGE('',*,*,#1532,.T.);
#2260=ORIENTED_EDGE('',*,*,#1529,.T.);
#2261=ORIENTED_EDGE('',*,*,#1526,.T.);
#2262=ORIENTED_EDGE('',*,*,#1523,.T.);
#2263=ORIENTED_EDGE('',*,*,#1520,.T.);
#2264=ORIENTED_EDGE('',*,*,#1517,.T.);
#2265=ORIENTED_EDGE('',*,*,#1514,.T.);
#2266=ORIENTED_EDGE('',*,*,#1511,.T.);
#2267=ORIENTED_EDGE('',*,*,#1508,.T.);
#2268=PLANE('',#2516);
#2269=PLANE('',#2517);
#2270=PLANE('',#2518);
#2271=PLANE('',#2519);
#2272=PLANE('',#2520);
#2273=PLANE('',#2521);
#2274=PLANE('',#2523);
#2275=PLANE('',#2525);
#2276=PLANE('',#2526);
#2277=PLANE('',#2533);
#2278=PLANE('',#2534);
#2279=PLANE('',#2535);
#2280=PLANE('',#2536);
#2281=PLANE('',#2547);
#2282=PLANE('',#2548);
#2283=PLANE('',#2550);
#2284=PLANE('',#2551);
#2285=PLANE('',#2552);
#2286=PLANE('',#2553);
#2287=PLANE('',#2554);
#2288=PLANE('',#2556);
#2289=PLANE('',#2565);
#2290=PLANE('',#2567);
#2291=PLANE('',#2568);
#2292=PLANE('',#2575);
#2293=PLANE('',#2577);
#2294=PLANE('',#2578);
#2295=PLANE('',#2579);
#2296=PLANE('',#2581);
#2297=PLANE('',#2582);
#2298=PLANE('',#2584);
#2299=PLANE('',#2585);
#2300=PLANE('',#2586);
#2301=PLANE('',#2593);
#2302=PLANE('',#2595);
#2303=PLANE('',#2597);
#2304=PLANE('',#2598);
#2305=PLANE('',#2599);
#2306=PLANE('',#2601);
#2307=PLANE('',#2603);
#2308=PLANE('',#2604);
#2309=PLANE('',#2605);
#2310=PLANE('',#2608);
#2311=PLANE('',#2609);
#2312=PLANE('',#2610);
#2313=PLANE('',#2611);
#2314=PLANE('',#2612);
#2315=PLANE('',#2613);
#2316=PLANE('',#2614);
#2317=PLANE('',#2615);
#2318=PLANE('',#2616);
#2319=PLANE('',#2617);
#2320=PLANE('',#2618);
#2321=PLANE('',#2621);
#2322=PLANE('',#2624);
#2323=PLANE('',#2627);
#2324=PLANE('',#2630);
#2325=PLANE('',#2631);
#2326=PLANE('',#2632);
#2327=PLANE('',#2634);
#2328=PLANE('',#2636);
#2329=PLANE('',#2637);
#2330=PLANE('',#2638);
#2331=PLANE('',#2641);
#2332=PLANE('',#2642);
#2333=PLANE('',#2645);
#2334=PLANE('',#2648);
#2335=PLANE('',#2649);
#2336=PLANE('',#2650);
#2337=PLANE('',#2653);
#2338=PLANE('',#2654);
#2339=PLANE('',#2655);
#2340=PLANE('',#2658);
#2341=PLANE('',#2659);
#2342=PLANE('',#2660);
#2343=PLANE('',#2661);
#2344=PLANE('',#2662);
#2345=PLANE('',#2663);
#2346=PLANE('',#2664);
#2347=PLANE('',#2665);
#2348=PLANE('',#2666);
#2349=PLANE('',#2667);
#2350=PLANE('',#2668);
#2351=PLANE('',#2669);
#2352=PLANE('',#2670);
#2353=PLANE('',#2671);
#2354=PLANE('',#2672);
#2355=PLANE('',#2673);
#2356=PLANE('',#2674);
#2357=PLANE('',#2675);
#2358=PLANE('',#2676);
#2359=PLANE('',#2677);
#2360=PLANE('',#2678);
#2361=PLANE('',#2679);
#2362=PLANE('',#2680);
#2363=PLANE('',#2681);
#2364=PLANE('',#2682);
#2365=PLANE('',#2683);
#2366=PLANE('',#2684);
#2367=ADVANCED_FACE('',(#166),#2268,.T.);
#2368=ADVANCED_FACE('',(#167),#2269,.F.);
#2369=ADVANCED_FACE('',(#168),#2270,.F.);
#2370=ADVANCED_FACE('',(#169),#2271,.F.);
#2371=ADVANCED_FACE('',(#170),#2272,.T.);
#2372=ADVANCED_FACE('',(#171),#2273,.F.);
#2373=ADVANCED_FACE('',(#172),#2274,.F.);
#2374=ADVANCED_FACE('',(#173),#2275,.T.);
#2375=ADVANCED_FACE('',(#174,#104,#105),#2276,.F.);
#2376=ADVANCED_FACE('',(#175),#2277,.F.);
#2377=ADVANCED_FACE('',(#176),#2278,.F.);
#2378=ADVANCED_FACE('',(#177),#2279,.F.);
#2379=ADVANCED_FACE('',(#178),#2280,.T.);
#2380=ADVANCED_FACE('',(#179),#94,.T.);
#2381=ADVANCED_FACE('',(#180),#2281,.F.);
#2382=ADVANCED_FACE('',(#181),#2282,.F.);
#2383=ADVANCED_FACE('',(#182),#2283,.T.);
#2384=ADVANCED_FACE('',(#183),#2284,.F.);
#2385=ADVANCED_FACE('',(#184),#2285,.T.);
#2386=ADVANCED_FACE('',(#185),#2286,.F.);
#2387=ADVANCED_FACE('',(#186),#2287,.F.);
#2388=ADVANCED_FACE('',(#187),#2288,.F.);
#2389=ADVANCED_FACE('',(#188),#95,.T.);
#2390=ADVANCED_FACE('',(#189),#2289,.F.);
#2391=ADVANCED_FACE('',(#190),#2290,.T.);
#2392=ADVANCED_FACE('',(#191,#106),#2291,.T.);
#2393=ADVANCED_FACE('',(#192),#2292,.F.);
#2394=ADVANCED_FACE('',(#193),#2293,.F.);
#2395=ADVANCED_FACE('',(#194),#2294,.F.);
#2396=ADVANCED_FACE('',(#195),#2295,.F.);
#2397=ADVANCED_FACE('',(#196),#2296,.F.);
#2398=ADVANCED_FACE('',(#197),#2297,.F.);
#2399=ADVANCED_FACE('',(#198),#2298,.F.);
#2400=ADVANCED_FACE('',(#199),#2299,.F.);
#2401=ADVANCED_FACE('',(#200),#2300,.F.);
#2402=ADVANCED_FACE('',(#201),#96,.T.);
#2403=ADVANCED_FACE('',(#202),#2301,.F.);
#2404=ADVANCED_FACE('',(#203),#2302,.F.);
#2405=ADVANCED_FACE('',(#204),#2303,.T.);
#2406=ADVANCED_FACE('',(#205),#2304,.F.);
#2407=ADVANCED_FACE('',(#206),#2305,.F.);
#2408=ADVANCED_FACE('',(#207),#2306,.F.);
#2409=ADVANCED_FACE('',(#208),#2307,.F.);
#2410=ADVANCED_FACE('',(#209),#2308,.T.);
#2411=ADVANCED_FACE('',(#210),#2309,.F.);
#2412=ADVANCED_FACE('',(#211),#97,.T.);
#2413=ADVANCED_FACE('',(#212),#2310,.T.);
#2414=ADVANCED_FACE('',(#213),#2311,.T.);
#2415=ADVANCED_FACE('',(#214),#2312,.F.);
#2416=ADVANCED_FACE('',(#215),#2313,.T.);
#2417=ADVANCED_FACE('',(#216),#2314,.T.);
#2418=ADVANCED_FACE('',(#217),#2315,.T.);
#2419=ADVANCED_FACE('',(#218),#2316,.T.);
#2420=ADVANCED_FACE('',(#219),#2317,.F.);
#2421=ADVANCED_FACE('',(#220),#2318,.T.);
#2422=ADVANCED_FACE('',(#221),#2319,.T.);
#2423=ADVANCED_FACE('',(#222),#2320,.T.);
#2424=ADVANCED_FACE('',(#223),#90,.F.);
#2425=ADVANCED_FACE('',(#224),#2321,.T.);
#2426=ADVANCED_FACE('',(#225),#91,.F.);
#2427=ADVANCED_FACE('',(#226),#2322,.T.);
#2428=ADVANCED_FACE('',(#227),#92,.T.);
#2429=ADVANCED_FACE('',(#228),#2323,.T.);
#2430=ADVANCED_FACE('',(#229),#93,.T.);
#2431=ADVANCED_FACE('',(#230),#2324,.T.);
#2432=ADVANCED_FACE('',(#231),#2325,.F.);
#2433=ADVANCED_FACE('',(#232),#2326,.F.);
#2434=ADVANCED_FACE('',(#233),#98,.F.);
#2435=ADVANCED_FACE('',(#234),#2327,.F.);
#2436=ADVANCED_FACE('',(#235),#99,.F.);
#2437=ADVANCED_FACE('',(#236),#2328,.T.);
#2438=ADVANCED_FACE('',(#237),#2329,.T.);
#2439=ADVANCED_FACE('',(#238),#2330,.F.);
#2440=ADVANCED_FACE('',(#239),#2331,.T.);
#2441=ADVANCED_FACE('',(#240),#2332,.T.);
#2442=ADVANCED_FACE('',(#241),#100,.T.);
#2443=ADVANCED_FACE('',(#242),#2333,.F.);
#2444=ADVANCED_FACE('',(#243),#101,.T.);
#2445=ADVANCED_FACE('',(#244),#2334,.F.);
#2446=ADVANCED_FACE('',(#245),#2335,.T.);
#2447=ADVANCED_FACE('',(#246,#107),#2336,.F.);
#2448=ADVANCED_FACE('',(#247),#2337,.T.);
#2449=ADVANCED_FACE('',(#248),#2338,.T.);
#2450=ADVANCED_FACE('',(#249),#2339,.F.);
#2451=ADVANCED_FACE('',(#250),#102,.T.);
#2452=ADVANCED_FACE('',(#251),#103,.T.);
#2453=ADVANCED_FACE('',(#252),#2340,.T.);
#2454=ADVANCED_FACE('',(#253),#61,.T.);
#2455=ADVANCED_FACE('',(#254),#62,.T.);
#2456=ADVANCED_FACE('',(#255),#2341,.T.);
#2457=ADVANCED_FACE('',(#256),#2342,.T.);
#2458=ADVANCED_FACE('',(#257),#2343,.T.);
#2459=ADVANCED_FACE('',(#258),#63,.T.);
#2460=ADVANCED_FACE('',(#259),#64,.T.);
#2461=ADVANCED_FACE('',(#260),#65,.T.);
#2462=ADVANCED_FACE('',(#261),#66,.T.);
#2463=ADVANCED_FACE('',(#262),#2344,.T.);
#2464=ADVANCED_FACE('',(#263),#67,.T.);
#2465=ADVANCED_FACE('',(#264),#68,.T.);
#2466=ADVANCED_FACE('',(#265),#69,.T.);
#2467=ADVANCED_FACE('',(#266),#70,.T.);
#2468=ADVANCED_FACE('',(#267),#71,.T.);
#2469=ADVANCED_FACE('',(#268),#2345,.T.);
#2470=ADVANCED_FACE('',(#269),#2346,.T.);
#2471=ADVANCED_FACE('',(#270),#2347,.T.);
#2472=ADVANCED_FACE('',(#271),#72,.T.);
#2473=ADVANCED_FACE('',(#272),#73,.T.);
#2474=ADVANCED_FACE('',(#273),#74,.T.);
#2475=ADVANCED_FACE('',(#274),#75,.T.);
#2476=ADVANCED_FACE('',(#275),#2348,.T.);
#2477=ADVANCED_FACE('',(#276),#76,.T.);
#2478=ADVANCED_FACE('',(#277),#77,.T.);
#2479=ADVANCED_FACE('',(#278),#78,.T.);
#2480=ADVANCED_FACE('',(#279),#79,.T.);
#2481=ADVANCED_FACE('',(#280),#2349,.T.);
#2482=ADVANCED_FACE('',(#281),#2350,.F.);
#2483=ADVANCED_FACE('',(#282),#2351,.T.);
#2484=ADVANCED_FACE('',(#283),#2352,.T.);
#2485=ADVANCED_FACE('',(#284),#2353,.T.);
#2486=ADVANCED_FACE('',(#285),#2354,.T.);
#2487=ADVANCED_FACE('',(#286),#2355,.T.);
#2488=ADVANCED_FACE('',(#287),#2356,.T.);
#2489=ADVANCED_FACE('',(#288),#2357,.T.);
#2490=ADVANCED_FACE('',(#289),#2358,.T.);
#2491=ADVANCED_FACE('',(#290),#2359,.T.);
#2492=ADVANCED_FACE('',(#291),#2360,.T.);
#2493=ADVANCED_FACE('',(#292),#2361,.T.);
#2494=ADVANCED_FACE('',(#293),#2362,.T.);
#2495=ADVANCED_FACE('',(#294),#2363,.T.);
#2496=ADVANCED_FACE('',(#295),#2364,.T.);
#2497=ADVANCED_FACE('',(#296,#108),#2365,.T.);
#2498=ADVANCED_FACE('',(#297,#109),#2366,.T.);
#2499=CLOSED_SHELL('',(#2367,#2368,#2369,#2370,#2371,#2372,#2373,#2374,
#2375,#2376,#2377,#2378,#2379,#2380,#2381,#2382,#2383,#2384,#2385,#2386,
#2387,#2388,#2389,#2390,#2391,#2392,#2393,#2394,#2395,#2396,#2397,#2398,
#2399,#2400,#2401,#2402,#2403,#2404,#2405,#2406,#2407,#2408,#2409,#2410,
#2411,#2412,#2413,#2414,#2415,#2416,#2417,#2418,#2419,#2420,#2421,#2422,
#2423,#2424,#2425,#2426,#2427,#2428,#2429,#2430,#2431,#2432,#2433,#2434,
#2435,#2436,#2437,#2438,#2439,#2440,#2441,#2442,#2443,#2444,#2445,#2446,
#2447,#2448,#2449,#2450,#2451,#2452,#2453));
#2500=CLOSED_SHELL('',(#2454,#2455,#2456,#2457,#2458,#2459,#2460,#2461,
#2462,#2463,#2464,#2465,#2466,#2467,#2468,#2469,#2470,#2471,#2472,#2473,
#2474,#2475,#2476,#2477,#2478,#2479,#2480,#2481,#2482));
#2501=CLOSED_SHELL('',(#2483,#2484,#2485,#2486,#2487,#2488,#2489,#2490,
#2491,#2492,#2493,#2494,#2495,#2496,#2497,#2498));
#2502=DERIVED_UNIT_ELEMENT(#2504,1.);
#2503=DERIVED_UNIT_ELEMENT(#4381,-3.);
#2504=(
MASS_UNIT()
NAMED_UNIT(*)
SI_UNIT(.KILO.,.GRAM.)
);
#2505=DERIVED_UNIT((#2502,#2503));
#2506=MEASURE_REPRESENTATION_ITEM('density measure',
POSITIVE_RATIO_MEASURE(7850.),#2505);
#2507=PROPERTY_DEFINITION_REPRESENTATION(#2512,#2509);
#2508=PROPERTY_DEFINITION_REPRESENTATION(#2513,#2510);
#2509=REPRESENTATION('material name',(#2511),#4378);
#2510=REPRESENTATION('density',(#2506),#4378);
#2511=DESCRIPTIVE_REPRESENTATION_ITEM('Steel','Steel');
#2512=PROPERTY_DEFINITION('material property','material name',#4393);
#2513=PROPERTY_DEFINITION('material property','density of part',#4393);
#2514=AXIS2_PLACEMENT_3D('',#3288,#2686,#2687);
#2515=AXIS2_PLACEMENT_3D('',#3289,#2688,#2689);
#2516=AXIS2_PLACEMENT_3D('',#3290,#2690,#2691);
#2517=AXIS2_PLACEMENT_3D('',#3303,#2698,#2699);
#2518=AXIS2_PLACEMENT_3D('',#3309,#2703,#2704);
#2519=AXIS2_PLACEMENT_3D('',#3313,#2707,#2708);
#2520=AXIS2_PLACEMENT_3D('',#3317,#2711,#2712);
#2521=AXIS2_PLACEMENT_3D('',#3330,#2719,#2720);
#2522=AXIS2_PLACEMENT_3D('',#3334,#2722,#2723);
#2523=AXIS2_PLACEMENT_3D('',#3336,#2725,#2726);
#2524=AXIS2_PLACEMENT_3D('',#3339,#2728,#2729);
#2525=AXIS2_PLACEMENT_3D('',#3340,#2730,#2731);
#2526=AXIS2_PLACEMENT_3D('',#3363,#2744,#2745);
#2527=AXIS2_PLACEMENT_3D('',#3365,#2746,#2747);
#2528=AXIS2_PLACEMENT_3D('',#3369,#2749,#2750);
#2529=AXIS2_PLACEMENT_3D('',#3373,#2752,#2753);
#2530=AXIS2_PLACEMENT_3D('',#3377,#2755,#2756);
#2531=AXIS2_PLACEMENT_3D('',#3401,#2768,#2769);
#2532=AXIS2_PLACEMENT_3D('',#3408,#2773,#2774);
#2533=AXIS2_PLACEMENT_3D('',#3409,#2775,#2776);
#2534=AXIS2_PLACEMENT_3D('',#3413,#2779,#2780);
#2535=AXIS2_PLACEMENT_3D('',#3415,#2782,#2783);
#2536=AXIS2_PLACEMENT_3D('',#3424,#2788,#2789);
#2537=AXIS2_PLACEMENT_3D('',#3427,#2792,#2793);
#2538=AXIS2_PLACEMENT_3D('',#3429,#2794,#2795);
#2539=AXIS2_PLACEMENT_3D('',#3431,#2796,#2797);
#2540=AXIS2_PLACEMENT_3D('',#3433,#2798,#2799);
#2541=AXIS2_PLACEMENT_3D('',#3437,#2801,#2802);
#2542=AXIS2_PLACEMENT_3D('',#3439,#2803,#2804);
#2543=AXIS2_PLACEMENT_3D('',#3444,#2807,#2808);
#2544=AXIS2_PLACEMENT_3D('',#3446,#2809,#2810);
#2545=AXIS2_PLACEMENT_3D('',#3450,#2812,#2813);
#2546=AXIS2_PLACEMENT_3D('',#3452,#2814,#2815);
#2547=AXIS2_PLACEMENT_3D('',#3454,#2817,#2818);
#2548=AXIS2_PLACEMENT_3D('',#3460,#2822,#2823);
#2549=AXIS2_PLACEMENT_3D('',#3463,#2825,#2826);
#2550=AXIS2_PLACEMENT_3D('',#3464,#2827,#2828);
#2551=AXIS2_PLACEMENT_3D('',#3468,#2831,#2832);
#2552=AXIS2_PLACEMENT_3D('',#3472,#2835,#2836);
#2553=AXIS2_PLACEMENT_3D('',#3476,#2839,#2840);
#2554=AXIS2_PLACEMENT_3D('',#3480,#2843,#2844);
#2555=AXIS2_PLACEMENT_3D('',#3481,#2845,#2846);
#2556=AXIS2_PLACEMENT_3D('',#3482,#2847,#2848);
#2557=AXIS2_PLACEMENT_3D('',#3486,#2851,#2852);
#2558=AXIS2_PLACEMENT_3D('',#3489,#2853,#2854);
#2559=AXIS2_PLACEMENT_3D('',#3492,#2856,#2857);
#2560=AXIS2_PLACEMENT_3D('',#3494,#2858,#2859);
#2561=AXIS2_PLACEMENT_3D('',#3497,#2861,#2862);
#2562=AXIS2_PLACEMENT_3D('',#3501,#2864,#2865);
#2563=AXIS2_PLACEMENT_3D('',#3503,#2866,#2867);
#2564=AXIS2_PLACEMENT_3D('',#3506,#2869,#2870);
#2565=AXIS2_PLACEMENT_3D('',#3507,#2871,#2872);
#2566=AXIS2_PLACEMENT_3D('',#3511,#2874,#2875);
#2567=AXIS2_PLACEMENT_3D('',#3513,#2877,#2878);
#2568=AXIS2_PLACEMENT_3D('',#3519,#2882,#2883);
#2569=AXIS2_PLACEMENT_3D('',#3523,#2885,#2886);
#2570=AXIS2_PLACEMENT_3D('',#3526,#2888,#2889);
#2571=AXIS2_PLACEMENT_3D('',#3529,#2890,#2891);
#2572=AXIS2_PLACEMENT_3D('',#3533,#2893,#2894);
#2573=AXIS2_PLACEMENT_3D('',#3541,#2898,#2899);
#2574=AXIS2_PLACEMENT_3D('',#3545,#2901,#2902);
#2575=AXIS2_PLACEMENT_3D('',#3551,#2906,#2907);
#2576=AXIS2_PLACEMENT_3D('',#3552,#2908,#2909);
#2577=AXIS2_PLACEMENT_3D('',#3553,#2910,#2911);
#2578=AXIS2_PLACEMENT_3D('',#3555,#2913,#2914);
#2579=AXIS2_PLACEMENT_3D('',#3557,#2916,#2917);
#2580=AXIS2_PLACEMENT_3D('',#3559,#2918,#2919);
#2581=AXIS2_PLACEMENT_3D('',#3561,#2921,#2922);
#2582=AXIS2_PLACEMENT_3D('',#3565,#2925,#2926);
#2583=AXIS2_PLACEMENT_3D('',#3567,#2927,#2928);
#2584=AXIS2_PLACEMENT_3D('',#3569,#2930,#2931);
#2585=AXIS2_PLACEMENT_3D('',#3573,#2934,#2935);
#2586=AXIS2_PLACEMENT_3D('',#3575,#2937,#2938);
#2587=AXIS2_PLACEMENT_3D('',#3577,#2939,#2940);
#2588=AXIS2_PLACEMENT_3D('',#3579,#2942,#2943);
#2589=AXIS2_PLACEMENT_3D('',#3582,#2944,#2945);
#2590=AXIS2_PLACEMENT_3D('',#3588,#2949,#2950);
#2591=AXIS2_PLACEMENT_3D('',#3590,#2951,#2952);
#2592=AXIS2_PLACEMENT_3D('',#3593,#2954,#2955);
#2593=AXIS2_PLACEMENT_3D('',#3594,#2956,#2957);
#2594=AXIS2_PLACEMENT_3D('',#3598,#2959,#2960);
#2595=AXIS2_PLACEMENT_3D('',#3600,#2962,#2963);
#2596=AXIS2_PLACEMENT_3D('',#3604,#2965,#2966);
#2597=AXIS2_PLACEMENT_3D('',#3606,#2968,#2969);
#2598=AXIS2_PLACEMENT_3D('',#3607,#2970,#2971);
#2599=AXIS2_PLACEMENT_3D('',#3613,#2975,#2976);
#2600=AXIS2_PLACEMENT_3D('',#3614,#2977,#2978);
#2601=AXIS2_PLACEMENT_3D('',#3615,#2979,#2980);
#2602=AXIS2_PLACEMENT_3D('',#3616,#2981,#2982);
#2603=AXIS2_PLACEMENT_3D('',#3617,#2983,#2984);
#2604=AXIS2_PLACEMENT_3D('',#3618,#2985,#2986);
#2605=AXIS2_PLACEMENT_3D('',#3622,#2989,#2990);
#2606=AXIS2_PLACEMENT_3D('',#3623,#2991,#2992);
#2607=AXIS2_PLACEMENT_3D('',#3624,#2993,#2994);
#2608=AXIS2_PLACEMENT_3D('',#3627,#2997,#2998);
#2609=AXIS2_PLACEMENT_3D('',#3628,#2999,#3000);
#2610=AXIS2_PLACEMENT_3D('',#3629,#3001,#3002);
#2611=AXIS2_PLACEMENT_3D('',#3633,#3005,#3006);
#2612=AXIS2_PLACEMENT_3D('',#3637,#3009,#3010);
#2613=AXIS2_PLACEMENT_3D('',#3641,#3013,#3014);
#2614=AXIS2_PLACEMENT_3D('',#3645,#3017,#3018);
#2615=AXIS2_PLACEMENT_3D('',#3651,#3022,#3023);
#2616=AXIS2_PLACEMENT_3D('',#3662,#3030,#3031);
#2617=AXIS2_PLACEMENT_3D('',#3667,#3035,#3036);
#2618=AXIS2_PLACEMENT_3D('',#3669,#3038,#3039);
#2619=AXIS2_PLACEMENT_3D('',#3673,#3042,#3043);
#2620=AXIS2_PLACEMENT_3D('',#3676,#3045,#3046);
#2621=AXIS2_PLACEMENT_3D('',#3677,#3047,#3048);
#2622=AXIS2_PLACEMENT_3D('',#3681,#3051,#3052);
#2623=AXIS2_PLACEMENT_3D('',#3684,#3054,#3055);
#2624=AXIS2_PLACEMENT_3D('',#3685,#3056,#3057);
#2625=AXIS2_PLACEMENT_3D('',#3687,#3059,#3060);
#2626=AXIS2_PLACEMENT_3D('',#3690,#3062,#3063);
#2627=AXIS2_PLACEMENT_3D('',#3691,#3064,#3065);
#2628=AXIS2_PLACEMENT_3D('',#3695,#3068,#3069);
#2629=AXIS2_PLACEMENT_3D('',#3698,#3071,#3072);
#2630=AXIS2_PLACEMENT_3D('',#3699,#3073,#3074);
#2631=AXIS2_PLACEMENT_3D('',#3701,#3076,#3077);
#2632=AXIS2_PLACEMENT_3D('',#3703,#3079,#3080);
#2633=AXIS2_PLACEMENT_3D('',#3706,#3083,#3084);
#2634=AXIS2_PLACEMENT_3D('',#3707,#3085,#3086);
#2635=AXIS2_PLACEMENT_3D('',#3709,#3088,#3089);
#2636=AXIS2_PLACEMENT_3D('',#3710,#3090,#3091);
#2637=AXIS2_PLACEMENT_3D('',#3712,#3093,#3094);
#2638=AXIS2_PLACEMENT_3D('',#3713,#3095,#3096);
#2639=AXIS2_PLACEMENT_3D('',#3716,#3097,#3098);
#2640=AXIS2_PLACEMENT_3D('',#3720,#3100,#3101);
#2641=AXIS2_PLACEMENT_3D('',#3722,#3103,#3104);
#2642=AXIS2_PLACEMENT_3D('',#3726,#3107,#3108);
#2643=AXIS2_PLACEMENT_3D('',#3730,#3111,#3112);
#2644=AXIS2_PLACEMENT_3D('',#3733,#3113,#3114);
#2645=AXIS2_PLACEMENT_3D('',#3736,#3117,#3118);
#2646=AXIS2_PLACEMENT_3D('',#3740,#3121,#3122);
#2647=AXIS2_PLACEMENT_3D('',#3742,#3123,#3124);
#2648=AXIS2_PLACEMENT_3D('',#3744,#3126,#3127);
#2649=AXIS2_PLACEMENT_3D('',#3746,#3129,#3130);
#2650=AXIS2_PLACEMENT_3D('',#3750,#3133,#3134);
#2651=AXIS2_PLACEMENT_3D('',#3754,#3136,#3137);
#2652=AXIS2_PLACEMENT_3D('',#3757,#3139,#3140);
#2653=AXIS2_PLACEMENT_3D('',#3758,#3141,#3142);
#2654=AXIS2_PLACEMENT_3D('',#3760,#3144,#3145);
#2655=AXIS2_PLACEMENT_3D('',#3762,#3147,#3148);
#2656=AXIS2_PLACEMENT_3D('',#3763,#3149,#3150);
#2657=AXIS2_PLACEMENT_3D('',#3765,#3152,#3153);
#2658=AXIS2_PLACEMENT_3D('',#3767,#3155,#3156);
#2659=AXIS2_PLACEMENT_3D('',#3817,#3160,#3161);
#2660=AXIS2_PLACEMENT_3D('',#3823,#3165,#3166);
#2661=AXIS2_PLACEMENT_3D('',#3829,#3170,#3171);
#2662=AXIS2_PLACEMENT_3D('',#3935,#3177,#3178);
#2663=AXIS2_PLACEMENT_3D('',#4064,#3185,#3186);
#2664=AXIS2_PLACEMENT_3D('',#4070,#3190,#3191);
#2665=AXIS2_PLACEMENT_3D('',#4076,#3195,#3196);
#2666=AXIS2_PLACEMENT_3D('',#4182,#3202,#3203);
#2667=AXIS2_PLACEMENT_3D('',#4285,#3208,#3209);
#2668=AXIS2_PLACEMENT_3D('',#4286,#3210,#3211);
#2669=AXIS2_PLACEMENT_3D('',#4287,#3212,#3213);
#2670=AXIS2_PLACEMENT_3D('',#4296,#3218,#3219);
#2671=AXIS2_PLACEMENT_3D('',#4302,#3223,#3224);
#2672=AXIS2_PLACEMENT_3D('',#4308,#3228,#3229);
#2673=AXIS2_PLACEMENT_3D('',#4311,#3232,#3233);
#2674=AXIS2_PLACEMENT_3D('',#4320,#3238,#3239);
#2675=AXIS2_PLACEMENT_3D('',#4326,#3243,#3244);
#2676=AXIS2_PLACEMENT_3D('',#4332,#3248,#3249);
#2677=AXIS2_PLACEMENT_3D('',#4338,#3253,#3254);
#2678=AXIS2_PLACEMENT_3D('',#4344,#3258,#3259);
#2679=AXIS2_PLACEMENT_3D('',#4350,#3263,#3264);
#2680=AXIS2_PLACEMENT_3D('',#4356,#3268,#3269);
#2681=AXIS2_PLACEMENT_3D('',#4362,#3273,#3274);
#2682=AXIS2_PLACEMENT_3D('',#4368,#3278,#3279);
#2683=AXIS2_PLACEMENT_3D('',#4371,#3282,#3283);
#2684=AXIS2_PLACEMENT_3D('',#4372,#3284,#3285);
#2685=AXIS2_PLACEMENT_3D('',#4373,#3286,#3287);
#2686=DIRECTION('axis',(0.,0.,1.));
#2687=DIRECTION('refdir',(1.,0.,0.));
#2688=DIRECTION('axis',(0.,0.,1.));
#2689=DIRECTION('refdir',(1.,0.,0.));
#2690=DIRECTION('center_axis',(0.707106781186546,-0.707106781186549,-2.55344648206209E-34));
#2691=DIRECTION('ref_axis',(-3.61111864572608E-34,0.,-1.));
#2692=DIRECTION('',(-0.57734998241622,-0.577349982416218,-0.577350842736011));
#2693=DIRECTION('',(0.,-3.61111864572606E-34,1.));
#2694=DIRECTION('',(0.577350269189627,0.577350269189625,-0.577350269189625));
#2695=DIRECTION('',(0.707106781186549,0.707106781186546,0.));
#2696=DIRECTION('',(0.,0.,1.));
#2697=DIRECTION('',(-0.707106781186549,-0.707106781186546,1.3170890527582E-8));
#2698=DIRECTION('center_axis',(-1.30104260698261E-17,1.,3.61111864572606E-34));
#2699=DIRECTION('ref_axis',(2.77555756156293E-17,5.79321751111624E-48,1.));
#2700=DIRECTION('',(1.,1.30104260698261E-17,-3.46944695195361E-17));
#2701=DIRECTION('',(3.61111864572608E-34,3.61111864572606E-34,-1.));
#2702=DIRECTION('',(1.,1.30104260698261E-17,-3.46944695195361E-17));
#2703=DIRECTION('center_axis',(-3.37324437430902E-17,0.707107308022348,
-0.707106254350355));
#2704=DIRECTION('ref_axis',(9.81309980072264E-18,0.707106254350355,0.707107308022348));
#2705=DIRECTION('',(1.,-1.86264242093566E-8,-1.86264520126377E-8));
#2706=DIRECTION('',(-0.577349982416221,-0.577349982416218,-0.577350842736011));
#2707=DIRECTION('center_axis',(-1.86264520126377E-8,0.,-1.));
#2708=DIRECTION('ref_axis',(-1.,0.,1.86264520126377E-8));
#2709=DIRECTION('',(1.,0.,-1.86264520126377E-8));
#2710=DIRECTION('',(-0.707106781186549,-0.707106781186546,1.3170890527582E-8));
#2711=DIRECTION('center_axis',(-0.707106781186547,-0.707106781186548,-2.55344648206208E-34));
#2712=DIRECTION('ref_axis',(-3.61111864572607E-34,0.,1.));
#2713=DIRECTION('',(0.577350269189627,-0.577350269189625,0.577350269189625));
#2714=DIRECTION('',(-1.36026791405428E-49,3.61111864572606E-34,-1.));
#2715=DIRECTION('',(-0.57734998241622,0.577349982416219,0.577350842736012));
#2716=DIRECTION('',(-0.707106781186548,0.707106781186547,1.3170890527582E-8));
#2717=DIRECTION('',(0.,0.,1.));
#2718=DIRECTION('',(0.707106781186548,-0.707106781186547,0.));
#2719=DIRECTION('center_axis',(1.53329341668337E-17,0.707106781186548,0.707106781186548));
#2720=DIRECTION('ref_axis',(2.94392336003199E-17,-0.707106781186548,0.707106781186548));
#2721=DIRECTION('',(1.,-2.16840434497101E-17,0.));
#2722=DIRECTION('center_axis',(1.53329341668337E-17,0.707106781186548,0.707106781186548));
#2723=DIRECTION('ref_axis',(-4.9065389333868E-17,-0.707106781186547,0.707106781186547));
#2724=DIRECTION('',(1.,1.30104260698261E-17,-3.46944695195361E-17));
#2725=DIRECTION('center_axis',(0.,0.,1.));
#2726=DIRECTION('ref_axis',(0.,1.,0.));
#2727=DIRECTION('',(1.,0.,-3.46944695195361E-17));
#2728=DIRECTION('center_axis',(0.,0.,1.));
#2729=DIRECTION('ref_axis',(-0.707106781186548,-0.707106781186547,0.));
#2730=DIRECTION('center_axis',(0.,-1.,0.));
#2731=DIRECTION('ref_axis',(1.,0.,0.));
#2732=DIRECTION('',(1.,0.,-3.46944695195361E-17));
#2733=DIRECTION('',(0.,0.,1.));
#2734=DIRECTION('',(-1.,0.,0.));
#2735=DIRECTION('',(0.,0.,-1.));
#2736=DIRECTION('',(1.,0.,0.));
#2737=DIRECTION('',(0.,0.,-1.));
#2738=DIRECTION('',(1.,0.,0.));
#2739=DIRECTION('',(0.,0.,1.));
#2740=DIRECTION('',(1.,0.,-1.86264520126377E-8));
#2741=DIRECTION('',(0.,0.,1.));
#2742=DIRECTION('',(1.,0.,0.));
#2743=DIRECTION('',(0.,0.,1.));
#2744=DIRECTION('center_axis',(0.,0.,1.));
#2745=DIRECTION('ref_axis',(-1.,0.,0.));
#2746=DIRECTION('center_axis',(0.,0.,1.));
#2747=DIRECTION('ref_axis',(-0.707106781186548,-0.707106781186547,0.));
#2748=DIRECTION('',(-2.06990730163454E-16,1.,0.));
#2749=DIRECTION('center_axis',(0.,0.,1.));
#2750=DIRECTION('ref_axis',(-0.707106781186548,0.707106781186547,0.));
#2751=DIRECTION('',(-1.,0.,0.));
#2752=DIRECTION('center_axis',(0.,0.,1.));
#2753=DIRECTION('ref_axis',(0.707106781186547,0.707106781186547,0.));
#2754=DIRECTION('',(0.,-1.,0.));
#2755=DIRECTION('center_axis',(0.,0.,1.));
#2756=DIRECTION('ref_axis',(0.707106781186548,-0.707106781186547,0.));
#2757=DIRECTION('',(-1.,0.,0.));
#2758=DIRECTION('',(0.707106781186549,-0.707106781186546,0.));
#2759=DIRECTION('',(-1.,0.,0.));
#2760=DIRECTION('',(0.707106781186549,0.707106781186546,0.));
#2761=DIRECTION('',(-1.,0.,0.));
#2762=DIRECTION('',(0.,-1.,0.));
#2763=DIRECTION('',(1.,1.38777878078145E-17,0.));
#2764=DIRECTION('',(0.,1.,0.));
#2765=DIRECTION('',(1.,0.,0.));
#2766=DIRECTION('',(0.,-1.,0.));
#2767=DIRECTION('',(1.,-2.08166817117217E-16,0.));
#2768=DIRECTION('center_axis',(0.,0.,1.));
#2769=DIRECTION('ref_axis',(1.,-5.44676186921056E-16,0.));
#2770=DIRECTION('',(0.,1.,0.));
#2771=DIRECTION('',(-1.,0.,0.));
#2772=DIRECTION('',(0.,-1.,0.));
#2773=DIRECTION('center_axis',(0.,0.,1.));
#2774=DIRECTION('ref_axis',(0.,-1.,0.));
#2775=DIRECTION('center_axis',(0.,0.,1.));
#2776=DIRECTION('ref_axis',(0.,1.,0.));
#2777=DIRECTION('',(1.,-2.16840434497101E-17,0.));
#2778=DIRECTION('',(0.707106781186549,0.707106781186546,-2.45326946669341E-17));
#2779=DIRECTION('center_axis',(1.53329341668337E-17,0.707106781186548,0.707106781186548));
#2780=DIRECTION('ref_axis',(2.94392336003199E-17,-0.707106781186548,0.707106781186548));
#2781=DIRECTION('',(0.577350269189628,0.577350269189625,-0.577350269189625));
#2782=DIRECTION('center_axis',(1.,0.,0.));
#2783=DIRECTION('ref_axis',(0.,1.,0.));
#2784=DIRECTION('',(0.,0.,1.));
#2785=DIRECTION('',(0.,1.,0.));
#2786=DIRECTION('',(0.,0.98058067569092,0.196116135138184));
#2787=DIRECTION('',(0.,1.,0.));
#2788=DIRECTION('center_axis',(-0.707106781186549,0.,-0.707106781186546));
#2789=DIRECTION('ref_axis',(-0.707106781186546,0.,0.707106781186549));
#2790=DIRECTION('',(0.707106781186546,0.,-0.707106781186549));
#2791=DIRECTION('',(0.192450089729875,-0.962250448649376,-0.192450089729875));
#2792=DIRECTION('center_axis',(0.,0.,1.));
#2793=DIRECTION('ref_axis',(0.707106781186548,-0.707106781186547,0.));
#2794=DIRECTION('center_axis',(0.,0.,-1.));
#2795=DIRECTION('ref_axis',(0.707106781186548,-0.707106781186547,0.));
#2796=DIRECTION('center_axis',(0.,0.,1.));
#2797=DIRECTION('ref_axis',(0.707106781186548,-0.707106781186547,0.));
#2798=DIRECTION('center_axis',(1.53329341668337E-17,0.707106781186548,0.707106781186548));
#2799=DIRECTION('ref_axis',(-4.9065389333868E-17,-0.707106781186547,0.707106781186547));
#2800=DIRECTION('',(0.,0.,-1.));
#2801=DIRECTION('center_axis',(-3.37324437430902E-17,0.707107308022348,
-0.707106254350355));
#2802=DIRECTION('ref_axis',(-4.90653527772635E-17,-0.707106254350355,-0.707107308022347));
#2803=DIRECTION('center_axis',(0.,0.,-1.));
#2804=DIRECTION('ref_axis',(0.707106781186548,-0.707106781186547,0.));
#2805=DIRECTION('',(0.,0.,1.));
#2806=DIRECTION('',(0.,0.,1.));
#2807=DIRECTION('center_axis',(0.,0.,-1.));
#2808=DIRECTION('ref_axis',(0.707106781186548,-0.707106781186547,0.));
#2809=DIRECTION('center_axis',(-0.707100393318807,0.,-0.707113168996582));
#2810=DIRECTION('ref_axis',(0.707113168996582,9.81316651544581E-17,-0.707100393318807));
#2811=DIRECTION('',(0.,0.,1.));
#2812=DIRECTION('center_axis',(-0.707106504597685,0.,0.707107057775302));
#2813=DIRECTION('ref_axis',(0.707107057775302,9.81308170521363E-17,0.707106504597685));
#2814=DIRECTION('center_axis',(0.,0.,1.));
#2815=DIRECTION('ref_axis',(0.707106781186548,-0.707106781186547,0.));
#2816=DIRECTION('',(0.,0.,1.));
#2817=DIRECTION('center_axis',(-1.,0.,0.));
#2818=DIRECTION('ref_axis',(0.,0.,1.));
#2819=DIRECTION('',(0.,1.,0.));
#2820=DIRECTION('',(0.,0.,-1.));
#2821=DIRECTION('',(0.,-1.,0.));
#2822=DIRECTION('center_axis',(-0.707100393318807,0.,-0.707113168996582));
#2823=DIRECTION('ref_axis',(-0.707113168996582,0.,0.707100393318807));
#2824=DIRECTION('',(0.,-1.,0.));
#2825=DIRECTION('center_axis',(-0.707100393318807,0.,-0.707113168996582));
#2826=DIRECTION('ref_axis',(0.707113168996582,0.,-0.707100393318807));
#2827=DIRECTION('center_axis',(1.,0.,0.));
#2828=DIRECTION('ref_axis',(0.,1.,0.));
#2829=DIRECTION('',(0.,0.,-1.));
#2830=DIRECTION('',(0.,-1.,0.));
#2831=DIRECTION('center_axis',(0.,0.,1.));
#2832=DIRECTION('ref_axis',(0.,1.,0.));
#2833=DIRECTION('',(0.707106781186549,-0.707106781186546,-2.45326946669341E-17));
#2834=DIRECTION('',(-1.,2.16840434497101E-17,0.));
#2835=DIRECTION('center_axis',(0.,-1.,0.));
#2836=DIRECTION('ref_axis',(1.,0.,0.));
#2837=DIRECTION('',(-1.,0.,3.46944695195361E-17));
#2838=DIRECTION('',(0.,0.,-1.));
#2839=DIRECTION('center_axis',(0.,0.,-1.));
#2840=DIRECTION('ref_axis',(0.,1.,0.));
#2841=DIRECTION('',(-1.,-4.77048438905742E-17,0.));
#2842=DIRECTION('',(-0.707106781186549,0.707106781186546,2.45326946669341E-17));
#2843=DIRECTION('center_axis',(0.,0.,-1.));
#2844=DIRECTION('ref_axis',(0.,1.,0.));
#2845=DIRECTION('center_axis',(0.,0.,-1.));
#2846=DIRECTION('ref_axis',(0.707106781186547,0.707106781186547,0.));
#2847=DIRECTION('center_axis',(-3.37324437430902E-17,0.707107308022348,
-0.707106254350355));
#2848=DIRECTION('ref_axis',(9.81309980072264E-18,0.707106254350355,0.707107308022348));
#2849=DIRECTION('',(1.,1.30104260698261E-17,-3.46944695195361E-17));
#2850=DIRECTION('',(-0.577349982416221,0.577349982416218,0.577350842736011));
#2851=DIRECTION('center_axis',(0.,0.,1.));
#2852=DIRECTION('ref_axis',(-0.707106781186548,-0.707106781186547,0.));
#2853=DIRECTION('center_axis',(-1.86264520126377E-8,0.,-1.));
#2854=DIRECTION('ref_axis',(-0.707106781186548,-0.707106781186547,1.3170890527582E-8));
#2855=DIRECTION('',(0.,0.,-1.));
#2856=DIRECTION('center_axis',(-1.86264520126377E-8,0.,-1.));
#2857=DIRECTION('ref_axis',(-0.707106781186548,-0.707106781186547,1.3170890527582E-8));
#2858=DIRECTION('center_axis',(-3.37324437430902E-17,0.707107308022348,
-0.707106254350355));
#2859=DIRECTION('ref_axis',(-4.90653527772635E-17,-0.707106254350355,-0.707107308022348));
#2860=DIRECTION('',(0.,0.,1.));
#2861=DIRECTION('center_axis',(0.,0.,-1.));
#2862=DIRECTION('ref_axis',(-0.707106781186548,-0.707106781186547,0.));
#2863=DIRECTION('',(0.,0.,1.));
#2864=DIRECTION('center_axis',(0.,0.,1.));
#2865=DIRECTION('ref_axis',(-0.707106781186548,-0.707106781186547,0.));
#2866=DIRECTION('center_axis',(0.707106504597685,0.,0.707107057775302));
#2867=DIRECTION('ref_axis',(-0.707107057775302,-4.90654085260682E-17,0.707106504597685));
#2868=DIRECTION('',(0.,0.,-1.));
#2869=DIRECTION('center_axis',(0.70710922767525,0.,-0.70710433468938));
#2870=DIRECTION('ref_axis',(-0.70710433468938,-4.90652195740252E-17,-0.70710922767525));
#2871=DIRECTION('center_axis',(0.707106504597685,0.,0.707107057775302));
#2872=DIRECTION('ref_axis',(0.707107057775302,0.,-0.707106504597685));
#2873=DIRECTION('',(0.,1.,0.));
#2874=DIRECTION('center_axis',(0.707106504597685,0.,0.707107057775302));
#2875=DIRECTION('ref_axis',(-0.707107057775302,0.,0.707106504597685));
#2876=DIRECTION('',(0.,1.,0.));
#2877=DIRECTION('center_axis',(-1.,-2.06990730163454E-16,0.));
#2878=DIRECTION('ref_axis',(2.06990730163454E-16,-1.,0.));
#2879=DIRECTION('',(-2.06990730163454E-16,1.,0.));
#2880=DIRECTION('',(0.,0.,1.));
#2881=DIRECTION('',(2.06990730163454E-16,-1.,0.));
#2882=DIRECTION('center_axis',(0.,0.,1.));
#2883=DIRECTION('ref_axis',(-1.,0.,0.));
#2884=DIRECTION('',(0.,1.,0.));
#2885=DIRECTION('center_axis',(0.,0.,-1.));
#2886=DIRECTION('ref_axis',(0.707106781186547,0.707106781186547,0.));
#2887=DIRECTION('',(-1.,0.,0.));
#2888=DIRECTION('center_axis',(0.,0.,-1.));
#2889=DIRECTION('ref_axis',(-0.707106781186548,0.707106781186547,0.));
#2890=DIRECTION('center_axis',(0.,0.,1.));
#2891=DIRECTION('ref_axis',(1.,-5.44676186921056E-16,0.));
#2892=DIRECTION('',(1.,-2.08166817117217E-16,0.));
#2893=DIRECTION('center_axis',(0.,0.,1.));
#2894=DIRECTION('ref_axis',(0.,-1.,0.));
#2895=DIRECTION('',(0.,-1.,0.));
#2896=DIRECTION('',(-1.,0.,0.));
#2897=DIRECTION('',(0.,1.,0.));
#2898=DIRECTION('center_axis',(0.,0.,-1.));
#2899=DIRECTION('ref_axis',(0.,-1.,0.));
#2900=DIRECTION('',(-1.,1.38777878078145E-16,0.));
#2901=DIRECTION('center_axis',(0.,0.,-1.));
#2902=DIRECTION('ref_axis',(1.,0.,0.));
#2903=DIRECTION('',(0.,-1.,0.));
#2904=DIRECTION('',(-1.,0.,0.));
#2905=DIRECTION('',(0.,1.,0.));
#2906=DIRECTION('center_axis',(0.,0.,1.));
#2907=DIRECTION('ref_axis',(0.,1.,0.));
#2908=DIRECTION('center_axis',(0.,0.,1.));
#2909=DIRECTION('ref_axis',(-0.707106781186548,0.707106781186547,0.));
#2910=DIRECTION('center_axis',(-1.86264520126377E-8,0.,-1.));
#2911=DIRECTION('ref_axis',(-1.,0.,1.86264520126377E-8));
#2912=DIRECTION('',(1.,-1.86264242093566E-8,-1.86264520126377E-8));
#2913=DIRECTION('center_axis',(-1.30104260698261E-17,1.,3.61111864572606E-34));
#2914=DIRECTION('ref_axis',(2.77555756156293E-17,5.79321751111624E-48,1.));
#2915=DIRECTION('',(1.,1.30104260698261E-17,-3.46944695195361E-17));
#2916=DIRECTION('center_axis',(-0.707106504597685,0.,0.707107057775302));
#2917=DIRECTION('ref_axis',(0.707107057775302,0.,0.707106504597685));
#2918=DIRECTION('center_axis',(-0.707106504597685,0.,0.707107057775302));
#2919=DIRECTION('ref_axis',(0.707107057775302,0.,0.707106504597685));
#2920=DIRECTION('',(0.,-1.,0.));
#2921=DIRECTION('center_axis',(1.,0.,0.));
#2922=DIRECTION('ref_axis',(0.,0.,-1.));
#2923=DIRECTION('',(0.,0.,1.));
#2924=DIRECTION('',(0.,1.,0.));
#2925=DIRECTION('center_axis',(0.70710922767525,0.,-0.70710433468938));
#2926=DIRECTION('ref_axis',(-0.70710433468938,0.,-0.70710922767525));
#2927=DIRECTION('center_axis',(0.70710922767525,0.,-0.70710433468938));
#2928=DIRECTION('ref_axis',(-0.70710433468938,-7.85043513184402E-17,-0.70710922767525));
#2929=DIRECTION('',(0.,-1.,0.));
#2930=DIRECTION('center_axis',(-1.30104260698261E-17,1.,3.61111864572606E-34));
#2931=DIRECTION('ref_axis',(2.77555756156293E-17,5.79321751111624E-48,1.));
#2932=DIRECTION('',(-1.,-1.51394048812521E-17,4.03717463500057E-17));
#2933=DIRECTION('',(3.61111864572608E-34,-3.61111864572606E-34,1.));
#2934=DIRECTION('center_axis',(1.53329341668337E-17,0.707106781186548,0.707106781186548));
#2935=DIRECTION('ref_axis',(2.94392336003199E-17,-0.707106781186548,0.707106781186548));
#2936=DIRECTION('',(0.577350269189628,-0.577350269189625,0.577350269189625));
#2937=DIRECTION('center_axis',(0.,0.,1.));
#2938=DIRECTION('ref_axis',(0.,1.,0.));
#2939=DIRECTION('center_axis',(0.,0.,1.));
#2940=DIRECTION('ref_axis',(0.707106781186547,0.707106781186547,0.));
#2941=DIRECTION('',(0.,-1.,0.));
#2942=DIRECTION('center_axis',(0.,0.,-1.));
#2943=DIRECTION('ref_axis',(0.707106781186547,0.707106781186547,0.));
#2944=DIRECTION('center_axis',(0.,0.,1.));
#2945=DIRECTION('ref_axis',(0.707106781186547,0.707106781186547,0.));
#2946=DIRECTION('',(0.,0.,1.));
#2947=DIRECTION('',(0.,0.,-1.));
#2948=DIRECTION('',(0.,0.,-1.));
#2949=DIRECTION('center_axis',(0.,0.,-1.));
#2950=DIRECTION('ref_axis',(0.707106781186547,0.707106781186547,0.));
#2951=DIRECTION('center_axis',(0.,-0.707109738494421,-0.707103823866305));
#2952=DIRECTION('ref_axis',(0.,0.707103823866305,-0.707109738494421));
#2953=DIRECTION('',(0.,0.,1.));
#2954=DIRECTION('center_axis',(0.,-0.707106781186545,0.70710678118655));
#2955=DIRECTION('ref_axis',(0.,0.70710678118655,0.707106781186545));
#2956=DIRECTION('center_axis',(0.,0.,-1.));
#2957=DIRECTION('ref_axis',(0.,1.,0.));
#2958=DIRECTION('',(-1.,0.,0.));
#2959=DIRECTION('center_axis',(0.,0.,-1.));
#2960=DIRECTION('ref_axis',(-0.707106781186548,0.707106781186547,0.));
#2961=DIRECTION('',(-1.,0.,0.));
#2962=DIRECTION('center_axis',(0.,0.,1.));
#2963=DIRECTION('ref_axis',(0.,1.,0.));
#2964=DIRECTION('',(1.,0.,0.));
#2965=DIRECTION('center_axis',(0.,0.,1.));
#2966=DIRECTION('ref_axis',(-0.707106781186548,0.707106781186547,0.));
#2967=DIRECTION('',(1.,0.,0.));
#2968=DIRECTION('center_axis',(1.,0.,0.));
#2969=DIRECTION('ref_axis',(0.,1.,0.));
#2970=DIRECTION('center_axis',(0.,-1.,0.));
#2971=DIRECTION('ref_axis',(0.,0.,1.));
#2972=DIRECTION('',(1.,0.,0.));
#2973=DIRECTION('',(0.,0.,-1.));
#2974=DIRECTION('',(1.,0.,0.));
#2975=DIRECTION('center_axis',(0.,-0.707109738494421,-0.707103823866305));
#2976=DIRECTION('ref_axis',(0.,0.707103823866305,-0.707109738494421));
#2977=DIRECTION('center_axis',(0.,-0.707109738494421,-0.707103823866305));
#2978=DIRECTION('ref_axis',(0.,0.707103823866305,-0.707109738494421));
#2979=DIRECTION('center_axis',(0.,-0.707106781186545,0.70710678118655));
#2980=DIRECTION('ref_axis',(0.,0.70710678118655,0.707106781186545));
#2981=DIRECTION('center_axis',(0.,-0.707106781186545,0.70710678118655));
#2982=DIRECTION('ref_axis',(0.,0.70710678118655,0.707106781186545));
#2983=DIRECTION('center_axis',(-3.37324437430902E-17,0.707107308022348,
-0.707106254350355));
#2984=DIRECTION('ref_axis',(9.81309980072264E-18,0.707106254350355,0.707107308022348));
#2985=DIRECTION('center_axis',(-1.,-2.06990730163454E-16,0.));
#2986=DIRECTION('ref_axis',(2.06990730163454E-16,-1.,0.));
#2987=DIRECTION('',(2.06990730163454E-16,-1.,-3.85550290245042E-24));
#2988=DIRECTION('',(0.,0.,1.));
#2989=DIRECTION('center_axis',(-1.86264520126377E-8,0.,-1.));
#2990=DIRECTION('ref_axis',(-1.,0.,1.86264520126377E-8));
#2991=DIRECTION('center_axis',(-1.86264520126377E-8,0.,-1.));
#2992=DIRECTION('ref_axis',(-0.707106781186548,0.707106781186547,1.3170890527582E-8));
#2993=DIRECTION('center_axis',(0.,0.,1.));
#2994=DIRECTION('ref_axis',(-0.707106781186548,0.707106781186547,0.));
#2995=DIRECTION('',(0.,0.,-1.));
#2996=DIRECTION('',(0.,0.,1.));
#2997=DIRECTION('center_axis',(0.,1.,0.));
#2998=DIRECTION('ref_axis',(-1.,0.,0.));
#2999=DIRECTION('center_axis',(0.,1.,0.));
#3000=DIRECTION('ref_axis',(-1.,0.,0.));
#3001=DIRECTION('center_axis',(0.,1.,0.));
#3002=DIRECTION('ref_axis',(0.,0.,-1.));
#3003=DIRECTION('',(-1.,0.,0.));
#3004=DIRECTION('',(-0.447213595499958,0.,-0.894427190999916));
#3005=DIRECTION('center_axis',(0.894427190999916,0.,-0.447213595499958));
#3006=DIRECTION('ref_axis',(-0.447213595499958,0.,-0.894427190999916));
#3007=DIRECTION('',(0.,-1.,0.));
#3008=DIRECTION('',(0.447213595499958,7.75791922889772E-18,0.894427190999916));
#3009=DIRECTION('center_axis',(0.,0.196116135138184,-0.98058067569092));
#3010=DIRECTION('ref_axis',(-1.,0.,0.));
#3011=DIRECTION('',(1.,0.,0.));
#3012=DIRECTION('',(0.0975900072948539,-0.975900072948533,-0.195180014589707));
#3013=DIRECTION('center_axis',(0.,0.,-1.));
#3014=DIRECTION('ref_axis',(1.,0.,0.));
#3015=DIRECTION('',(0.,1.,0.));
#3016=DIRECTION('',(1.,0.,0.));
#3017=DIRECTION('center_axis',(0.,-0.707106781186548,0.707106781186548));
#3018=DIRECTION('ref_axis',(1.,0.,0.));
#3019=DIRECTION('',(-0.577350269189627,0.577350269189625,0.577350269189625));
#3020=DIRECTION('',(1.,0.,0.));
#3021=DIRECTION('',(-0.577350269189627,-0.577350269189625,-0.577350269189625));
#3022=DIRECTION('center_axis',(0.,1.,0.));
#3023=DIRECTION('ref_axis',(0.,0.,1.));
#3024=DIRECTION('',(0.,0.,1.));
#3025=DIRECTION('',(1.,0.,0.));
#3026=DIRECTION('',(0.,0.,1.));
#3027=DIRECTION('',(-1.,0.,0.));
#3028=DIRECTION('',(0.,0.,-1.));
#3029=DIRECTION('',(0.,0.,1.));
#3030=DIRECTION('center_axis',(0.707106781186548,0.,0.707106781186548));
#3031=DIRECTION('ref_axis',(0.707106781186548,0.,-0.707106781186548));
#3032=DIRECTION('',(0.707106781186548,6.54205191118239E-16,-0.707106781186548));
#3033=DIRECTION('',(0.,1.,0.));
#3034=DIRECTION('',(-0.577350269189626,0.577350269189626,0.577350269189626));
#3035=DIRECTION('center_axis',(0.,-0.707106781186548,0.707106781186548));
#3036=DIRECTION('ref_axis',(1.,0.,0.));
#3037=DIRECTION('',(0.577350269189624,0.577350269189626,0.577350269189626));
#3038=DIRECTION('center_axis',(-0.707106781186549,0.,0.707106781186546));
#3039=DIRECTION('ref_axis',(0.707106781186546,0.,0.707106781186549));
#3040=DIRECTION('',(0.,-1.,0.));
#3041=DIRECTION('',(0.707106781186546,0.,0.707106781186549));
#3042=DIRECTION('center_axis',(0.,0.,1.));
#3043=DIRECTION('ref_axis',(1.,-5.44676186921056E-16,0.));
#3044=DIRECTION('',(0.,-0.707106781186547,0.707106781186548));
#3045=DIRECTION('center_axis',(0.,0.,-1.));
#3046=DIRECTION('ref_axis',(1.,-5.44676186921056E-16,0.));
#3047=DIRECTION('center_axis',(1.47196168001604E-16,0.707106781186548,0.707106781186547));
#3048=DIRECTION('ref_axis',(1.,0.,-2.08166817117217E-16));
#3049=DIRECTION('',(0.,-0.707106781186547,0.707106781186548));
#3050=DIRECTION('',(-1.,2.08166817117217E-16,0.));
#3051=DIRECTION('center_axis',(0.,0.,1.));
#3052=DIRECTION('ref_axis',(0.,-1.,0.));
#3053=DIRECTION('',(-0.707106781186547,-3.2710259555912E-16,0.707106781186548));
#3054=DIRECTION('center_axis',(0.,0.,-1.));
#3055=DIRECTION('ref_axis',(0.,-1.,0.));
#3056=DIRECTION('center_axis',(0.707106781186546,0.,0.707106781186549));
#3057=DIRECTION('ref_axis',(0.707106781186549,0.,-0.707106781186546));
#3058=DIRECTION('',(0.,1.,0.));
#3059=DIRECTION('center_axis',(0.,0.,-1.));
#3060=DIRECTION('ref_axis',(1.,0.,0.));
#3061=DIRECTION('',(0.,-0.707106781186548,-0.707106781186547));
#3062=DIRECTION('center_axis',(0.,0.,1.));
#3063=DIRECTION('ref_axis',(1.,0.,0.));
#3064=DIRECTION('center_axis',(-9.81307786677362E-17,-0.707106781186549,
0.707106781186546));
#3065=DIRECTION('ref_axis',(1.,0.,1.38777878078145E-16));
#3066=DIRECTION('',(0.,-0.707106781186546,-0.707106781186549));
#3067=DIRECTION('',(1.,-1.38777878078145E-16,0.));
#3068=DIRECTION('center_axis',(0.,0.,-1.));
#3069=DIRECTION('ref_axis',(0.,-1.,0.));
#3070=DIRECTION('',(-0.707106781186548,0.,-0.707106781186548));
#3071=DIRECTION('center_axis',(0.,0.,1.));
#3072=DIRECTION('ref_axis',(0.,-1.,0.));
#3073=DIRECTION('center_axis',(-0.707106781186546,0.,0.707106781186549));
#3074=DIRECTION('ref_axis',(0.707106781186549,0.,0.707106781186546));
#3075=DIRECTION('',(0.,-1.,0.));
#3076=DIRECTION('center_axis',(-1.,0.,0.));
#3077=DIRECTION('ref_axis',(0.,-1.,0.));
#3078=DIRECTION('',(0.,0.,1.));
#3079=DIRECTION('center_axis',(-2.08166817117217E-16,-1.,0.));
#3080=DIRECTION('ref_axis',(1.,-2.08166817117217E-16,0.));
#3081=DIRECTION('',(0.,0.,1.));
#3082=DIRECTION('',(0.,0.,1.));
#3083=DIRECTION('center_axis',(0.,0.,1.));
#3084=DIRECTION('ref_axis',(0.,-1.,0.));
#3085=DIRECTION('center_axis',(1.,0.,0.));
#3086=DIRECTION('ref_axis',(0.,1.,0.));
#3087=DIRECTION('',(0.,0.,1.));
#3088=DIRECTION('center_axis',(0.,0.,1.));
#3089=DIRECTION('ref_axis',(1.,-5.44676186921056E-16,0.));
#3090=DIRECTION('center_axis',(-0.894427190999915,0.,-0.44721359549996));
#3091=DIRECTION('ref_axis',(-0.44721359549996,0.,0.894427190999915));
#3092=DIRECTION('',(0.44721359549996,4.65475153733867E-18,-0.894427190999915));
#3093=DIRECTION('center_axis',(-1.38777878078145E-17,1.,-1.73472347597681E-18));
#3094=DIRECTION('ref_axis',(0.,1.73472347597681E-18,1.));
#3095=DIRECTION('center_axis',(0.,0.,1.));
#3096=DIRECTION('ref_axis',(1.,0.,0.));
#3097=DIRECTION('center_axis',(0.,0.,-1.));
#3098=DIRECTION('ref_axis',(0.,-1.,0.));
#3099=DIRECTION('',(1.,0.,0.));
#3100=DIRECTION('center_axis',(0.,0.,-1.));
#3101=DIRECTION('ref_axis',(0.,1.,0.));
#3102=DIRECTION('',(-1.,0.,0.));
#3103=DIRECTION('center_axis',(0.707106781186546,-0.707106781186549,0.));
#3104=DIRECTION('ref_axis',(0.,0.,-1.));
#3105=DIRECTION('',(0.,0.,1.));
#3106=DIRECTION('',(-0.577350269189628,-0.577350269189625,0.577350269189625));
#3107=DIRECTION('center_axis',(-0.707106781186546,-0.707106781186549,0.));
#3108=DIRECTION('ref_axis',(0.,0.,1.));
#3109=DIRECTION('',(-0.577350269189628,0.577350269189625,-0.577350269189625));
#3110=DIRECTION('',(0.,0.,-1.));
#3111=DIRECTION('center_axis',(0.,0.,1.));
#3112=DIRECTION('ref_axis',(0.,1.,0.));
#3113=DIRECTION('center_axis',(0.,0.,-1.));
#3114=DIRECTION('ref_axis',(0.,1.,0.));
#3115=DIRECTION('',(0.,0.,-1.));
#3116=DIRECTION('',(0.,0.,-1.));
#3117=DIRECTION('center_axis',(0.,1.,0.));
#3118=DIRECTION('ref_axis',(-1.,0.,0.));
#3119=DIRECTION('',(-1.,0.,0.));
#3120=DIRECTION('',(0.,0.,-1.));
#3121=DIRECTION('center_axis',(0.,0.,1.));
#3122=DIRECTION('ref_axis',(0.,-1.,0.));
#3123=DIRECTION('center_axis',(0.,0.,-1.));
#3124=DIRECTION('ref_axis',(0.,-1.,0.));
#3125=DIRECTION('',(0.,0.,-1.));
#3126=DIRECTION('center_axis',(0.,-1.,0.));
#3127=DIRECTION('ref_axis',(1.,0.,0.));
#3128=DIRECTION('',(1.,0.,0.));
#3129=DIRECTION('center_axis',(-1.,0.,0.));
#3130=DIRECTION('ref_axis',(0.,1.,0.));
#3131=DIRECTION('',(0.,0.,-1.));
#3132=DIRECTION('',(0.,1.,0.));
#3133=DIRECTION('center_axis',(0.,0.,1.));
#3134=DIRECTION('ref_axis',(1.,0.,0.));
#3135=DIRECTION('',(0.,-1.,0.));
#3136=DIRECTION('center_axis',(0.,0.,1.));
#3137=DIRECTION('ref_axis',(-1.,0.,0.));
#3138=DIRECTION('',(1.,-1.38777878078145E-16,0.));
#3139=DIRECTION('center_axis',(0.,0.,1.));
#3140=DIRECTION('ref_axis',(0.,1.,0.));
#3141=DIRECTION('center_axis',(1.,0.,0.));
#3142=DIRECTION('ref_axis',(0.,-1.,0.));
#3143=DIRECTION('',(0.,0.,-1.));
#3144=DIRECTION('center_axis',(0.,-0.707106781186548,-0.707106781186547));
#3145=DIRECTION('ref_axis',(-1.,0.,0.));
#3146=DIRECTION('',(1.,0.,0.));
#3147=DIRECTION('center_axis',(0.,1.,0.));
#3148=DIRECTION('ref_axis',(0.,0.,1.));
#3149=DIRECTION('center_axis',(0.,0.,-1.));
#3150=DIRECTION('ref_axis',(-1.,0.,0.));
#3151=DIRECTION('',(0.,0.,-1.));
#3152=DIRECTION('center_axis',(0.,0.,-1.));
#3153=DIRECTION('ref_axis',(0.,1.,0.));
#3154=DIRECTION('',(0.,0.,-1.));
#3155=DIRECTION('center_axis',(-1.38777878078145E-16,-1.,0.));
#3156=DIRECTION('ref_axis',(-1.,1.38777878078145E-16,0.));
#3157=DIRECTION('',(0.,0.,-1.));
#3158=DIRECTION('',(0.,0.,-1.));
#3159=DIRECTION('',(0.,0.,-1.));
#3160=DIRECTION('center_axis',(0.,-1.,0.));
#3161=DIRECTION('ref_axis',(-1.,0.,0.));
#3162=DIRECTION('',(1.,0.,0.));
#3163=DIRECTION('',(-1.,0.,0.));
#3164=DIRECTION('',(0.,0.,-1.));
#3165=DIRECTION('center_axis',(1.,0.,0.));
#3166=DIRECTION('ref_axis',(0.,-1.,0.));
#3167=DIRECTION('',(0.,1.,0.));
#3168=DIRECTION('',(0.,-1.,0.));
#3169=DIRECTION('',(0.,0.,-1.));
#3170=DIRECTION('center_axis',(0.,1.,0.));
#3171=DIRECTION('ref_axis',(1.,0.,0.));
#3172=DIRECTION('',(0.,0.,-1.));
#3173=DIRECTION('',(0.,0.,-1.));
#3174=DIRECTION('',(0.,0.,-1.));
#3175=DIRECTION('',(0.,0.,-1.));
#3176=DIRECTION('',(0.,0.,-1.));
#3177=DIRECTION('center_axis',(0.,-1.,0.));
#3178=DIRECTION('ref_axis',(-1.,0.,0.));
#3179=DIRECTION('',(0.,0.,-1.));
#3180=DIRECTION('',(0.,0.,-1.));
#3181=DIRECTION('',(0.,0.,-1.));
#3182=DIRECTION('',(0.,0.,-1.));
#3183=DIRECTION('',(0.,0.,-1.));
#3184=DIRECTION('',(0.,0.,-1.));
#3185=DIRECTION('center_axis',(0.,1.,0.));
#3186=DIRECTION('ref_axis',(1.,0.,0.));
#3187=DIRECTION('',(-1.,0.,0.));
#3188=DIRECTION('',(1.,0.,0.));
#3189=DIRECTION('',(0.,0.,-1.));
#3190=DIRECTION('center_axis',(-1.,0.,0.));
#3191=DIRECTION('ref_axis',(0.,1.,0.));
#3192=DIRECTION('',(0.,-1.,0.));
#3193=DIRECTION('',(0.,1.,0.));
#3194=DIRECTION('',(0.,0.,-1.));
#3195=DIRECTION('center_axis',(0.,-1.,0.));
#3196=DIRECTION('ref_axis',(-1.,0.,0.));
#3197=DIRECTION('',(0.,0.,-1.));
#3198=DIRECTION('',(0.,0.,-1.));
#3199=DIRECTION('',(0.,0.,-1.));
#3200=DIRECTION('',(0.,0.,-1.));
#3201=DIRECTION('',(0.,0.,-1.));
#3202=DIRECTION('center_axis',(0.,1.,0.));
#3203=DIRECTION('ref_axis',(1.,0.,0.));
#3204=DIRECTION('',(0.,0.,-1.));
#3205=DIRECTION('',(0.,0.,-1.));
#3206=DIRECTION('',(0.,0.,-1.));
#3207=DIRECTION('',(0.,0.,-1.));
#3208=DIRECTION('center_axis',(0.,0.,1.));
#3209=DIRECTION('ref_axis',(-1.,0.,0.));
#3210=DIRECTION('center_axis',(0.,0.,1.));
#3211=DIRECTION('ref_axis',(-1.,0.,0.));
#3212=DIRECTION('center_axis',(0.,-1.,0.));
#3213=DIRECTION('ref_axis',(-1.,0.,0.));
#3214=DIRECTION('',(-1.,0.,0.));
#3215=DIRECTION('',(0.,0.,-1.));
#3216=DIRECTION('',(-1.,0.,0.));
#3217=DIRECTION('',(0.,0.,-1.));
#3218=DIRECTION('center_axis',(-1.,0.,0.));
#3219=DIRECTION('ref_axis',(0.,1.,0.));
#3220=DIRECTION('',(0.,1.,0.));
#3221=DIRECTION('',(0.,1.,0.));
#3222=DIRECTION('',(0.,0.,-1.));
#3223=DIRECTION('center_axis',(0.,1.,0.));
#3224=DIRECTION('ref_axis',(1.,0.,0.));
#3225=DIRECTION('',(1.,0.,0.));
#3226=DIRECTION('',(1.,0.,0.));
#3227=DIRECTION('',(0.,0.,-1.));
#3228=DIRECTION('center_axis',(1.,0.,0.));
#3229=DIRECTION('ref_axis',(0.,-1.,0.));
#3230=DIRECTION('',(0.,-1.,0.));
#3231=DIRECTION('',(0.,-1.,0.));
#3232=DIRECTION('center_axis',(0.,-1.,0.));
#3233=DIRECTION('ref_axis',(-1.,0.,0.));
#3234=DIRECTION('',(-1.,0.,0.));
#3235=DIRECTION('',(0.,0.,-1.));
#3236=DIRECTION('',(-1.,0.,0.));
#3237=DIRECTION('',(0.,0.,-1.));
#3238=DIRECTION('center_axis',(0.851554310552309,0.524266398102893,0.));
#3239=DIRECTION('ref_axis',(0.524266398102893,-0.851554310552309,0.));
#3240=DIRECTION('',(0.524266398102893,-0.851554310552309,0.));
#3241=DIRECTION('',(0.524266398102893,-0.851554310552309,0.));
#3242=DIRECTION('',(0.,0.,-1.));
#3243=DIRECTION('center_axis',(0.,-1.,0.));
#3244=DIRECTION('ref_axis',(-1.,0.,0.));
#3245=DIRECTION('',(-1.,0.,0.));
#3246=DIRECTION('',(-1.,0.,0.));
#3247=DIRECTION('',(0.,0.,-1.));
#3248=DIRECTION('center_axis',(1.,0.,0.));
#3249=DIRECTION('ref_axis',(0.,-1.,0.));
#3250=DIRECTION('',(0.,-1.,0.));
#3251=DIRECTION('',(0.,-1.,0.));
#3252=DIRECTION('',(0.,0.,-1.));
#3253=DIRECTION('center_axis',(0.,1.,0.));
#3254=DIRECTION('ref_axis',(1.,0.,0.));
#3255=DIRECTION('',(1.,0.,0.));
#3256=DIRECTION('',(1.,0.,0.));
#3257=DIRECTION('',(0.,0.,-1.));
#3258=DIRECTION('center_axis',(-1.,0.,0.));
#3259=DIRECTION('ref_axis',(0.,1.,0.));
#3260=DIRECTION('',(0.,1.,0.));
#3261=DIRECTION('',(0.,1.,0.));
#3262=DIRECTION('',(0.,0.,-1.));
#3263=DIRECTION('center_axis',(0.,-1.,0.));
#3264=DIRECTION('ref_axis',(-1.,0.,0.));
#3265=DIRECTION('',(-1.,0.,0.));
#3266=DIRECTION('',(-1.,0.,0.));
#3267=DIRECTION('',(0.,0.,-1.));
#3268=DIRECTION('center_axis',(1.,0.,0.));
#3269=DIRECTION('ref_axis',(0.,-1.,0.));
#3270=DIRECTION('',(0.,-1.,0.));
#3271=DIRECTION('',(0.,-1.,0.));
#3272=DIRECTION('',(0.,0.,-1.));
#3273=DIRECTION('center_axis',(0.,-1.,0.));
#3274=DIRECTION('ref_axis',(-1.,0.,0.));
#3275=DIRECTION('',(-1.,0.,0.));
#3276=DIRECTION('',(-1.,0.,0.));
#3277=DIRECTION('',(0.,0.,-1.));
#3278=DIRECTION('center_axis',(-0.852906515470252,-0.522063670320386,0.));
#3279=DIRECTION('ref_axis',(-0.522063670320386,0.852906515470252,0.));
#3280=DIRECTION('',(-0.522063670320386,0.852906515470252,0.));
#3281=DIRECTION('',(-0.522063670320386,0.852906515470252,0.));
#3282=DIRECTION('center_axis',(0.,0.,1.));
#3283=DIRECTION('ref_axis',(-1.,0.,0.));
#3284=DIRECTION('center_axis',(0.,0.,-1.));
#3285=DIRECTION('ref_axis',(-1.,0.,0.));
#3286=DIRECTION('',(0.,0.,1.));
#3287=DIRECTION('',(1.,0.,0.));
#3288=CARTESIAN_POINT('',(0.,0.,0.));
#3289=CARTESIAN_POINT('',(0.,0.,0.));
#3290=CARTESIAN_POINT('Origin',(9.64999977201223,-1.27267876324728,4.81187481802991));
#3291=CARTESIAN_POINT('',(9.79999977201224,-1.12267876324728,5.11187481802991));
#3292=CARTESIAN_POINT('',(9.64999981343331,-1.2726787218262,4.96187463593331));
#3293=CARTESIAN_POINT('',(11.3012508541843,0.378572318924784,6.61312813724373));
#3294=CARTESIAN_POINT('',(9.79999977201224,-1.12267876324728,5.26187481802991));
#3295=CARTESIAN_POINT('',(9.79999977201224,-1.12267876324728,4.81187481802991));
#3296=CARTESIAN_POINT('',(9.64999977201224,-1.27267876324728,5.41187481802991));
#3297=CARTESIAN_POINT('',(11.4762524200526,0.55357388479304,3.5856221699896));
#3298=CARTESIAN_POINT('',(9.49999977201223,-1.42267831621243,5.41187481802991));
#3299=CARTESIAN_POINT('',(23.1643790467526,12.241700511493,5.41187481802991));
#3300=CARTESIAN_POINT('',(9.49999977201223,-1.42267831621243,4.96187463872727));
#3301=CARTESIAN_POINT('',(9.49999977201223,-1.42267831621243,4.51187481802991));
#3302=CARTESIAN_POINT('',(7.26437878304866,-3.65829975221084,4.96187468036896));
#3303=CARTESIAN_POINT('Origin',(19.7075156602541,-1.12267876324728,5.11187481802991));
#3304=CARTESIAN_POINT('',(21.6825155149679,-1.12267876324728,5.11187481802991));
#3305=CARTESIAN_POINT('',(19.7075156602541,-1.12267876324728,5.11187481802991));
#3306=CARTESIAN_POINT('',(21.6825155149679,-1.12267876324728,5.26187481802991));
#3307=CARTESIAN_POINT('',(21.6825155149679,-1.12267876324728,4.90562481802991));
#3308=CARTESIAN_POINT('',(19.7075156602541,-1.12267876324728,5.26187481802991));
#3309=CARTESIAN_POINT('Origin',(19.7075156602541,-1.27267853972986,4.96187481802991));
#3310=CARTESIAN_POINT('',(21.5325153350602,-1.27267894315497,4.9618744146042));
#3311=CARTESIAN_POINT('',(9.73251551003201,-1.27267872336317,4.96187463439633));
#3312=CARTESIAN_POINT('',(21.2179327139374,-1.58726156427774,4.6472913247161));
#3313=CARTESIAN_POINT('Origin',(-0.242484633670832,-0.922678316212433,4.96187482019519));
#3314=CARTESIAN_POINT('',(21.3825159620027,-1.42267831621243,4.96187441739816));
#3315=CARTESIAN_POINT('',(-0.367484633391613,-1.42267831621243,4.9618748225235));
#3316=CARTESIAN_POINT('',(16.0762658143067,-6.72892846390847,4.96187451437212));
#3317=CARTESIAN_POINT('Origin',(3.04477720460225,-1.27267876324728,4.81187481802991));
#3318=CARTESIAN_POINT('',(2.89477720460225,-1.12267876324728,5.26187481802991));
#3319=CARTESIAN_POINT('',(3.04477720460225,-1.27267876324728,5.41187481802991));
#3320=CARTESIAN_POINT('',(5.67190028054423,-3.89980183918926,8.03899789397189));
#3321=CARTESIAN_POINT('',(2.89477720460225,-1.12267876324728,5.11187481802991));
#3322=CARTESIAN_POINT('',(2.89477720460225,-1.12267876324728,4.81187481802991));
#3323=CARTESIAN_POINT('',(3.04477704014949,-1.27267859879451,4.96187475896517));
#3324=CARTESIAN_POINT('',(5.84689742237572,-4.07479898102074,2.15975020124799));
#3325=CARTESIAN_POINT('',(3.19477720460225,-1.42267831621243,4.9618747561712));
#3326=CARTESIAN_POINT('',(2.13546163397376,-0.363363192618787,4.96187477590249));
#3327=CARTESIAN_POINT('',(3.19477720460225,-1.42267831621243,5.41187481802991));
#3328=CARTESIAN_POINT('',(3.19477720460225,-1.42267831621243,4.51187481802991));
#3329=CARTESIAN_POINT('',(2.16046166670967,-0.3883632253547,5.41187481802991));
#3330=CARTESIAN_POINT('Origin',(19.7075156602541,-1.12267876324728,5.26187481802991));
#3331=CARTESIAN_POINT('',(0.847582239099209,-1.27267876324728,5.41187481802991));
#3332=CARTESIAN_POINT('',(25.6575158111284,-1.27267876324728,5.41187481802991));
#3333=CARTESIAN_POINT('',(0.55395070454215,-1.12267876324728,5.26187481802991));
#3334=CARTESIAN_POINT('Origin',(1.6075153585057,0.577321683787566,3.56187437099507));
#3335=CARTESIAN_POINT('',(19.7075156602541,-1.12267876324728,5.26187481802991));
#3336=CARTESIAN_POINT('Origin',(31.6075159620027,30.8273221457236,5.41187481802991));
#3337=CARTESIAN_POINT('',(1.6075153585057,-1.42267831621243,5.41187481802991));
#3338=CARTESIAN_POINT('',(9.70751550937991,-1.42267831621243,5.41187481802991));
#3339=CARTESIAN_POINT('Origin',(1.6075153585057,0.577321683787566,5.41187481802991));
#3340=CARTESIAN_POINT('Origin',(-0.492484641494297,-1.42267831621243,4.51187481802991));
#3341=CARTESIAN_POINT('',(21.3825159620027,-1.42267831621243,5.41187481802991));
#3342=CARTESIAN_POINT('',(9.70751550937991,-1.42267831621243,5.41187481802991));
#3343=CARTESIAN_POINT('',(21.3825159620027,-1.42267831621243,5.76187481802991));
#3344=CARTESIAN_POINT('',(21.3825159620027,-1.42267831621243,4.51187481802991));
#3345=CARTESIAN_POINT('',(29.3825159620027,-1.42267831621243,5.76187481802991));
#3346=CARTESIAN_POINT('',(10.4450156602542,-1.42267831621243,5.76187481802991));
#3347=CARTESIAN_POINT('',(29.3825159620027,-1.42267831621243,5.41187481802991));
#3348=CARTESIAN_POINT('',(29.3825159620027,-1.42267831621243,4.88687481802991));
#3349=CARTESIAN_POINT('',(31.9075159620027,-1.42267831621243,5.41187481802991));
#3350=CARTESIAN_POINT('',(15.5575156602542,-1.42267831621243,5.41187481802991));
#3351=CARTESIAN_POINT('',(31.9075159620027,-1.42267831621243,6.01187481802991));
#3352=CARTESIAN_POINT('',(31.9075159620027,-1.42267831621243,4.51187481802991));
#3353=CARTESIAN_POINT('',(1.6075153585057,-1.42267831621243,6.01187481802991));
#3354=CARTESIAN_POINT('',(8.13251550937996,-1.42267831621243,6.01187481802991));
#3355=CARTESIAN_POINT('',(1.6075153585057,-1.42267831621243,4.51187481802991));
#3356=CARTESIAN_POINT('',(1.6075153585057,-1.42267831621243,4.96187478573626));
#3357=CARTESIAN_POINT('',(-0.367484633391613,-1.42267831621243,4.9618748225235));
#3358=CARTESIAN_POINT('',(1.6075153585057,-1.42267831621243,4.51187481802991));
#3359=CARTESIAN_POINT('',(1.6075153585057,-1.42267831621243,4.51187481802991));
#3360=CARTESIAN_POINT('',(21.3825159620027,-1.42267831621243,4.51187481802991));
#3361=CARTESIAN_POINT('',(-0.492484641494297,-1.42267831621243,4.51187481802991));
#3362=CARTESIAN_POINT('',(21.3825159620027,-1.42267831621243,4.51187481802991));
#3363=CARTESIAN_POINT('Origin',(16.7575156602542,14.9773219147556,4.51187481802991));
#3364=CARTESIAN_POINT('',(-0.392484641494299,0.577321683787564,4.51187481802991));
#3365=CARTESIAN_POINT('Origin',(1.6075153585057,0.577321683787566,4.51187481802991));
#3366=CARTESIAN_POINT('',(-0.392484641494304,28.3773221457236,4.51187481802991));
#3367=CARTESIAN_POINT('',(-0.392484641494303,21.7273220302396,4.51187481802991));
#3368=CARTESIAN_POINT('',(2.1075153585057,30.8773221457236,4.51187481802991));
#3369=CARTESIAN_POINT('Origin',(2.1075153585057,28.3773221457236,4.51187481802991));
#3370=CARTESIAN_POINT('',(31.4075159620027,30.8773221457236,4.51187481802991));
#3371=CARTESIAN_POINT('',(24.1325158111285,30.8773221457236,4.51187481802991));
#3372=CARTESIAN_POINT('',(33.9075159620027,28.3773221457236,4.51187481802991));
#3373=CARTESIAN_POINT('Origin',(31.4075159620027,28.3773221457236,4.51187481802991));
#3374=CARTESIAN_POINT('',(33.9075159620027,0.577321683787567,4.51187481802991));
#3375=CARTESIAN_POINT('',(33.9075159620027,6.97732179927157,4.51187481802991));
#3376=CARTESIAN_POINT('',(31.9075159620027,-1.42267831621243,4.51187481802991));
#3377=CARTESIAN_POINT('Origin',(31.9075159620027,0.577321683787567,4.51187481802991));
#3378=CARTESIAN_POINT('',(29.3825159620027,-1.42267831621243,4.51187481802991));
#3379=CARTESIAN_POINT('',(8.13251550937996,-1.42267831621243,4.51187481802991));
#3380=CARTESIAN_POINT('',(28.8825159620027,-0.922678316212433,4.51187481802991));
#3381=CARTESIAN_POINT('',(22.1012658288236,5.85857181696667,4.51187481802991));
#3382=CARTESIAN_POINT('',(21.8825159620027,-0.922678316212433,4.51187481802991));
#3383=CARTESIAN_POINT('',(21.0700158111285,-0.922678316212433,4.51187481802991));
#3384=CARTESIAN_POINT('',(24.3512659443076,1.54607166609242,4.51187481802991));
#3385=CARTESIAN_POINT('',(32.5000004768372,18.4511257366999,4.51187481802991));
#3386=CARTESIAN_POINT('',(9.49999977201223,18.4511257366999,4.51187481802991));
#3387=CARTESIAN_POINT('',(23.3787580536445,18.4511257366999,4.51187481802991));
#3388=CARTESIAN_POINT('',(9.49999977201223,-0.522678316212443,4.51187481802991));
#3389=CARTESIAN_POINT('',(9.49999977201223,7.28866096184813,4.51187481802991));
#3390=CARTESIAN_POINT('',(29.6999993517995,-0.522678316212443,4.51187481802991));
#3391=CARTESIAN_POINT('',(18.17875761108,-0.522678316212444,4.51187481802991));
#3392=CARTESIAN_POINT('',(29.6999993517995,6.50000017136336,4.51187481802991));
#3393=CARTESIAN_POINT('',(29.6999993517995,7.28866096184813,4.51187481802991));
#3394=CARTESIAN_POINT('',(32.5000004768372,6.50000017136335,4.51187481802991));
#3395=CARTESIAN_POINT('',(23.3787580536445,6.50000017136336,4.51187481802991));
#3396=CARTESIAN_POINT('',(32.5000004768372,13.2386610430595,4.51187481802991));
#3397=CARTESIAN_POINT('',(5.3475153585057,-0.681416462665308,4.51187481802991));
#3398=CARTESIAN_POINT('',(7.3475153585057,-0.681416462665308,4.51187481802991));
#3399=CARTESIAN_POINT('',(11.05251550938,-0.681416462665309,4.51187481802991));
#3400=CARTESIAN_POINT('',(8.87625351240916,0.847321691238145,4.51187481802991));
#3401=CARTESIAN_POINT('Origin',(7.3475153585057,0.847321691238146,4.51187481802991));
#3402=CARTESIAN_POINT('',(8.87625351240916,15.8473216912381,4.51187481802991));
#3403=CARTESIAN_POINT('',(8.87625351240915,7.91232180299685,4.51187481802991));
#3404=CARTESIAN_POINT('',(3.81877720460225,15.8473216912381,4.51187481802991));
#3405=CARTESIAN_POINT('',(12.8168845863317,15.8473216912381,4.51187481802991));
#3406=CARTESIAN_POINT('',(3.81877720460225,0.847321691238145,4.51187481802991));
#3407=CARTESIAN_POINT('',(3.81877720460225,15.4123218029969,4.51187481802991));
#3408=CARTESIAN_POINT('Origin',(5.3475153585057,0.847321691238146,4.51187481802991));
#3409=CARTESIAN_POINT('Origin',(31.6075159620027,30.8273221457236,5.41187481802991));
#3410=CARTESIAN_POINT('',(21.5325155149679,-1.27267876324728,5.41187481802991));
#3411=CARTESIAN_POINT('',(25.6575158111284,-1.27267876324728,5.41187481802991));
#3412=CARTESIAN_POINT('',(21.1262657748069,-1.6789285034083,5.41187481802991));
#3413=CARTESIAN_POINT('Origin',(19.7075156602541,-1.12267876324728,5.26187481802991));
#3414=CARTESIAN_POINT('',(21.4304323548605,-1.37476192335462,5.51395797813726));
#3415=CARTESIAN_POINT('Origin',(32.0000004768372,11.5000001713634,4.51187481802991));
#3416=CARTESIAN_POINT('',(32.0000004768372,18.4511257366999,5.01187481802992));
#3417=CARTESIAN_POINT('',(32.0000004768372,18.4511257366999,5.51187481802991));
#3418=CARTESIAN_POINT('',(32.0000004768372,18.4511257366999,5.01187481802991));
#3419=CARTESIAN_POINT('',(32.0000004768372,9.00000017136335,5.01187481802991));
#3420=CARTESIAN_POINT('',(32.0000004768372,13.2386610430595,5.01187481802991));
#3421=CARTESIAN_POINT('',(32.0000004768372,11.5000001713634,5.51187481802991));
#3422=CARTESIAN_POINT('',(32.0000004768372,10.1538463252095,5.24264404879914));
#3423=CARTESIAN_POINT('',(32.0000004768372,17.5000002607703,5.51187481802991));
#3424=CARTESIAN_POINT('Origin',(32.2500004768372,13.2386610430595,4.76187481802991));
#3425=CARTESIAN_POINT('',(31.5000004693866,18.4511257366999,5.51187482548049));
#3426=CARTESIAN_POINT('',(31.4571384993988,11.7143100585553,5.5547367954683));
#3427=CARTESIAN_POINT('Origin',(31.9075159620027,0.577321683787567,4.51187481802991));
#3428=CARTESIAN_POINT('',(33.9075159620027,0.577321683787567,6.01187481802991));
#3429=CARTESIAN_POINT('Origin',(31.9075159620027,0.577321683787567,6.01187481802991));
#3430=CARTESIAN_POINT('',(32.6674490814092,-1.27267876324727,5.41187481802991));
#3431=CARTESIAN_POINT('Origin',(31.9075159620027,0.577321683787567,5.41187481802991));
#3432=CARTESIAN_POINT('',(32.9610806159663,-1.12267876324728,5.26187481802991));
#3433=CARTESIAN_POINT('Origin',(31.9075159620027,0.577321683787567,3.56187437099507));
#3434=CARTESIAN_POINT('',(32.9610806159663,-1.12267876324728,5.11187481802991));
#3435=CARTESIAN_POINT('',(32.9610806159663,-1.12267876324728,4.51187481802991));
#3436=CARTESIAN_POINT('',(32.6674493561985,-1.27267865037081,4.96187470738879));
#3437=CARTESIAN_POINT('Origin',(31.9075159620027,0.577321683787567,6.81187779826659));
#3438=CARTESIAN_POINT('',(31.9075159620027,-1.42267831621243,4.96187481802991));
#3439=CARTESIAN_POINT('Origin',(31.9075159620027,0.577321683787567,4.96187470738879));
#3440=CARTESIAN_POINT('',(31.9075159620027,-1.42267831621243,4.51187481802991));
#3441=CARTESIAN_POINT('',(33.9075159620027,0.577321683787567,4.96187470738879));
#3442=CARTESIAN_POINT('',(33.9075159620027,0.577321683787567,4.51187481802991));
#3443=CARTESIAN_POINT('',(33.7575173120542,-0.182609237288674,4.96187470738879));
#3444=CARTESIAN_POINT('Origin',(31.9075159620027,0.577321683787567,4.96187470738879));
#3445=CARTESIAN_POINT('',(33.607514605252,-0.476245880704911,5.11187470403603));
#3446=CARTESIAN_POINT('Origin',(31.9075159620027,0.577321683787567,6.81184263277477));
#3447=CARTESIAN_POINT('',(33.607514605252,-0.476245880704911,5.26187481802991));
#3448=CARTESIAN_POINT('',(33.607514605252,-0.476245880704911,4.51187481802991));
#3449=CARTESIAN_POINT('',(33.7575147225987,-0.182615541115387,5.41187481802991));
#3450=CARTESIAN_POINT('Origin',(31.9075159620027,0.577321683787567,3.56187750470824));
#3451=CARTESIAN_POINT('',(33.9075159620027,0.577321683787566,5.41187481802991));
#3452=CARTESIAN_POINT('Origin',(31.9075159620027,0.577321683787567,5.41187481802991));
#3453=CARTESIAN_POINT('',(33.9075159620027,0.577321683787567,4.51187481802991));
#3454=CARTESIAN_POINT('Origin',(33.607514605252,-1.02267831621243,5.11187470403603));
#3455=CARTESIAN_POINT('',(33.607514605252,29.5647588681224,5.11187470403603));
#3456=CARTESIAN_POINT('',(33.607514605252,-1.02267831621243,5.11187470403603));
#3457=CARTESIAN_POINT('',(33.607514605252,29.5647588681224,5.26187481802991));
#3458=CARTESIAN_POINT('',(33.607514605252,29.5647588681224,4.51187481802991));
#3459=CARTESIAN_POINT('',(33.607514605252,-1.02267831621243,5.26187481802991));
#3460=CARTESIAN_POINT('Origin',(33.7575169662944,-1.02267831621243,4.9618750531423));
#3461=CARTESIAN_POINT('',(33.7575173120542,29.2302545315293,4.96187470738879));
#3462=CARTESIAN_POINT('',(33.7575173120542,14.9523213427372,4.96187470738879));
#3463=CARTESIAN_POINT('Origin',(31.4075159620027,28.3773221457236,7.311833599088));
#3464=CARTESIAN_POINT('Origin',(33.9075159620027,-1.02267831621243,4.51187481802991));
#3465=CARTESIAN_POINT('',(33.9075159620027,28.3773221457236,4.96187470738879));
#3466=CARTESIAN_POINT('',(33.9075159620027,28.3773221457236,4.51187481802991));
#3467=CARTESIAN_POINT('',(33.9075159620027,14.9523213427372,4.96187470738879));
#3468=CARTESIAN_POINT('Origin',(31.6075159620027,30.8273221457236,5.41187481802991));
#3469=CARTESIAN_POINT('',(29.2325164090376,-1.27267876324728,5.41187481802991));
#3470=CARTESIAN_POINT('',(26.8012659983243,1.15857164746601,5.41187481802991));
#3471=CARTESIAN_POINT('',(25.5575158111284,-1.27267876324727,5.41187481802991));
#3472=CARTESIAN_POINT('Origin',(-0.492484641494297,-1.42267831621243,4.51187481802991));
#3473=CARTESIAN_POINT('',(29.3825159620027,-1.42267831621243,4.96187481802991));
#3474=CARTESIAN_POINT('',(9.50751550937991,-1.42267831621243,4.96187481802991));
#3475=CARTESIAN_POINT('',(29.3825159620027,-1.42267831621243,4.88687481802991));
#3476=CARTESIAN_POINT('Origin',(31.4075159620027,30.8273210016869,4.96187470738879));
#3477=CARTESIAN_POINT('',(29.2325161855202,-1.27267853972986,4.96187481802991));
#3478=CARTESIAN_POINT('',(25.5575158111284,-1.27267865037081,4.96187470738879));
#3479=CARTESIAN_POINT('',(26.8387658865656,1.12107175922472,4.96187481802991));
#3480=CARTESIAN_POINT('Origin',(31.4075159620027,30.8273210016869,4.96187470738879));
#3481=CARTESIAN_POINT('Origin',(31.4075159620027,28.3773221457236,4.96187470738879));
#3482=CARTESIAN_POINT('Origin',(19.7075156602541,-1.27267853972986,4.96187481802991));
#3483=CARTESIAN_POINT('',(29.0825164090376,-1.12267876324728,5.11187481802991));
#3484=CARTESIAN_POINT('',(19.7075156602541,-1.12267876324728,5.11187481802991));
#3485=CARTESIAN_POINT('',(27.5929342909789,0.366903354811437,6.60145915574225));
#3486=CARTESIAN_POINT('Origin',(1.6075153585057,0.577321683787566,4.51187481802991));
#3487=CARTESIAN_POINT('',(-0.24248474647645,-0.182612268320132,4.96187470738879));
#3488=CARTESIAN_POINT('',(-0.392484641494298,0.577321683787566,4.96187482298916));
#3489=CARTESIAN_POINT('Origin',(1.6075153585057,0.577321683787566,4.96187478573626));
#3490=CARTESIAN_POINT('',(-0.392484641494298,0.577321683787566,4.51187481802991));
#3491=CARTESIAN_POINT('',(0.847581739120401,-1.27267855786862,4.96187479989112));
#3492=CARTESIAN_POINT('Origin',(1.6075153585057,0.577321683787566,4.96187478573626));
#3493=CARTESIAN_POINT('',(0.55395070454215,-1.12267876324728,5.11187481802991));
#3494=CARTESIAN_POINT('Origin',(1.6075153585057,0.577321683787566,6.81187779826659));
#3495=CARTESIAN_POINT('',(0.55395070454215,-1.12267876324728,4.51187481802991));
#3496=CARTESIAN_POINT('',(-0.392484641494298,0.577321683787566,6.01187481802991));
#3497=CARTESIAN_POINT('Origin',(1.6075153585057,0.577321683787566,6.01187481802991));
#3498=CARTESIAN_POINT('',(-0.392484641494298,0.577321683787566,5.41187469733051));
#3499=CARTESIAN_POINT('',(-0.392484641494298,0.577321683787566,4.51187481802991));
#3500=CARTESIAN_POINT('',(-0.242484754370691,-0.182612249102217,5.41187481802991));
#3501=CARTESIAN_POINT('Origin',(1.6075153585057,0.577321683787566,5.41187481802991));
#3502=CARTESIAN_POINT('',(-0.0924846370239507,-0.47624369871092,5.26187481802991));
#3503=CARTESIAN_POINT('Origin',(1.6075153585057,0.577321683787566,3.56187615242893));
#3504=CARTESIAN_POINT('',(-0.0924846370239507,-0.47624369871092,5.11187470403603));
#3505=CARTESIAN_POINT('',(-0.0924846370239507,-0.47624369871092,4.51187481802991));
#3506=CARTESIAN_POINT('Origin',(1.6075153585057,0.577321683787566,6.81188761391087));
#3507=CARTESIAN_POINT('Origin',(-0.242484633671189,-1.02267831621243,5.41187469733051));
#3508=CARTESIAN_POINT('',(-0.242484754370691,29.2302579401893,5.41187481802991));
#3509=CARTESIAN_POINT('',(-0.242484754370691,14.9523219147556,5.41187481802991));
#3510=CARTESIAN_POINT('',(-0.0924846370239507,29.5647563627097,5.26187481802991));
#3511=CARTESIAN_POINT('Origin',(2.1075153585057,28.3773221457236,3.06187654358442));
#3512=CARTESIAN_POINT('',(-0.0924846370239508,-1.02267831621243,5.26187481802991));
#3513=CARTESIAN_POINT('Origin',(-0.392484641494303,28.4773221457236,4.51187481802991));
#3514=CARTESIAN_POINT('',(-0.392484641494304,28.3773221457236,6.01187481802991));
#3515=CARTESIAN_POINT('',(-0.392484641494303,21.7273220302396,6.01187481802991));
#3516=CARTESIAN_POINT('',(-0.392484641494303,28.3773221457236,5.41187481802991));
#3517=CARTESIAN_POINT('',(-0.392484641494303,28.3773221457236,4.51187481802991));
#3518=CARTESIAN_POINT('',(-0.3924846414943,13.7273219147556,5.41187469733051));
#3519=CARTESIAN_POINT('Origin',(16.7575156602542,14.9773219147556,6.01187481802991));
#3520=CARTESIAN_POINT('',(33.9075159620027,28.3773221457236,6.01187481802991));
#3521=CARTESIAN_POINT('',(33.9075159620027,6.97732179927157,6.01187481802991));
#3522=CARTESIAN_POINT('',(31.4075159620027,30.8773221457236,6.01187481802991));
#3523=CARTESIAN_POINT('Origin',(31.4075159620027,28.3773221457236,6.01187481802991));
#3524=CARTESIAN_POINT('',(2.1075153585057,30.8773221457236,6.01187481802991));
#3525=CARTESIAN_POINT('',(31.5075159620027,30.8773221457236,6.01187481802991));
#3526=CARTESIAN_POINT('Origin',(2.1075153585057,28.3773221457236,6.01187481802991));
#3527=CARTESIAN_POINT('',(7.3475153585057,-0.981416462665307,6.01187481802991));
#3528=CARTESIAN_POINT('',(9.17625351240915,0.847321691238145,6.01187481802991));
#3529=CARTESIAN_POINT('Origin',(7.3475153585057,0.847321691238146,6.01187481802991));
#3530=CARTESIAN_POINT('',(5.3475153585057,-0.981416462665308,6.01187481802991));
#3531=CARTESIAN_POINT('',(11.05251550938,-0.981416462665309,6.01187481802991));
#3532=CARTESIAN_POINT('',(3.51877720460225,0.847321691238145,6.01187481802991));
#3533=CARTESIAN_POINT('Origin',(5.3475153585057,0.847321691238146,6.01187481802991));
#3534=CARTESIAN_POINT('',(3.51877720460225,16.1473216912381,6.01187481802991));
#3535=CARTESIAN_POINT('',(3.51877720460225,15.4123218029969,6.01187481802991));
#3536=CARTESIAN_POINT('',(4.5275153585057,16.1473216912381,6.01187481802991));
#3537=CARTESIAN_POINT('',(11.41751550938,16.1473216912381,6.01187481802991));
#3538=CARTESIAN_POINT('',(4.5275153585057,0.847321691238146,6.01187481802991));
#3539=CARTESIAN_POINT('',(4.5275153585057,7.91232180299685,6.01187481802991));
#3540=CARTESIAN_POINT('',(5.3475153585057,0.0273216912381445,6.01187481802991));
#3541=CARTESIAN_POINT('Origin',(5.3475153585057,0.847321691238146,6.01187481802991));
#3542=CARTESIAN_POINT('',(7.3475153585057,0.0273216912381456,6.01187481802991));
#3543=CARTESIAN_POINT('',(12.05251550938,0.0273216912381435,6.01187481802991));
#3544=CARTESIAN_POINT('',(8.1675153585057,0.847321691238145,6.01187481802991));
#3545=CARTESIAN_POINT('Origin',(7.3475153585057,0.847321691238146,6.01187481802991));
#3546=CARTESIAN_POINT('',(8.1675153585057,16.1473216912381,6.01187481802991));
#3547=CARTESIAN_POINT('',(8.1675153585057,10.9123218029969,6.01187481802991));
#3548=CARTESIAN_POINT('',(9.17625351240915,16.1473216912381,6.01187481802991));
#3549=CARTESIAN_POINT('',(11.41751550938,16.1473216912381,6.01187481802991));
#3550=CARTESIAN_POINT('',(9.17625351240915,7.91232180299685,6.01187481802991));
#3551=CARTESIAN_POINT('Origin',(31.6075159620027,30.8273221457236,5.41187481802991));
#3552=CARTESIAN_POINT('Origin',(2.1075153585057,28.3773221457236,5.41187481802991));
#3553=CARTESIAN_POINT('Origin',(-0.242484633670832,-0.922678316212433,4.96187482019519));
#3554=CARTESIAN_POINT('',(9.73251551003201,-1.27267872336317,4.96187463439633));
#3555=CARTESIAN_POINT('Origin',(19.7075156602541,-1.12267876324728,5.11187481802991));
#3556=CARTESIAN_POINT('',(19.7075156602541,-1.12267876324728,5.11187481802991));
#3557=CARTESIAN_POINT('Origin',(33.607514605252,-1.02267831621243,5.26187481802991));
#3558=CARTESIAN_POINT('',(33.7575147225987,29.2302616659694,5.41187481802991));
#3559=CARTESIAN_POINT('Origin',(31.4075159620027,28.3773221457236,3.06187789586372));
#3560=CARTESIAN_POINT('',(33.7575147225987,14.9523219147556,5.41187481802991));
#3561=CARTESIAN_POINT('Origin',(-0.0924846370239508,-1.02267831621243,5.26187481802991));
#3562=CARTESIAN_POINT('',(-0.0924846370239507,29.5647563627097,5.11187470403603));
#3563=CARTESIAN_POINT('',(-0.0924846370239507,29.5647563627097,4.51187481802991));
#3564=CARTESIAN_POINT('',(-0.0924846370239508,-1.02267831621243,5.11187470403603));
#3565=CARTESIAN_POINT('Origin',(-0.0924850973308263,-1.02267831621243,5.11187539449463));
#3566=CARTESIAN_POINT('',(-0.242484633670832,29.2302582727403,4.96187482019519));
#3567=CARTESIAN_POINT('Origin',(2.1075153585057,28.3773221457236,7.31189107378633));
#3568=CARTESIAN_POINT('',(-0.24248474647645,15.0023213427372,4.96187470738879));
#3569=CARTESIAN_POINT('Origin',(19.7075156602541,-1.12267876324728,5.11187481802991));
#3570=CARTESIAN_POINT('',(29.0825164090376,-1.12267876324728,5.26187481802991));
#3571=CARTESIAN_POINT('',(19.7075156602541,-1.12267876324728,5.26187481802991));
#3572=CARTESIAN_POINT('',(29.0825164090376,-1.12267876324728,5.09312481802991));
#3573=CARTESIAN_POINT('Origin',(19.7075156602541,-1.12267876324728,5.26187481802991));
#3574=CARTESIAN_POINT('',(27.5054328018954,0.454404843894916,3.68479121088772));
#3575=CARTESIAN_POINT('Origin',(31.6075159620027,30.8273221457236,5.41187481802991));
#3576=CARTESIAN_POINT('',(33.9075159620027,28.3773221457236,5.41187481802991));
#3577=CARTESIAN_POINT('Origin',(31.4075159620027,28.3773221457236,5.41187481802991));
#3578=CARTESIAN_POINT('',(33.9075159620027,14.9523219147556,5.41187481802991));
#3579=CARTESIAN_POINT('Origin',(31.4075159620027,28.3773221457236,4.51187481802991));
#3580=CARTESIAN_POINT('',(32.2604520674643,30.7273221457236,5.41187481802991));
#3581=CARTESIAN_POINT('',(31.4075159620027,30.8773221457236,5.41187481802991));
#3582=CARTESIAN_POINT('Origin',(31.4075159620027,28.3773221457236,5.41187481802991));
#3583=CARTESIAN_POINT('',(31.4075159620027,30.8773221457236,4.51187481802991));
#3584=CARTESIAN_POINT('',(33.9075159620027,28.3773221457236,4.51187481802991));
#3585=CARTESIAN_POINT('',(31.4075159620027,30.8773221457236,4.96187470738879));
#3586=CARTESIAN_POINT('',(31.4075159620027,30.8773221457236,4.51187481802991));
#3587=CARTESIAN_POINT('',(32.2604552194947,30.7273210016869,4.96187470738879));
#3588=CARTESIAN_POINT('Origin',(31.4075159620027,28.3773221457236,4.96187470738879));
#3589=CARTESIAN_POINT('',(32.5949501707065,30.5773221457236,5.11187481802991));
#3590=CARTESIAN_POINT('Origin',(31.4075159620027,28.3773221457236,7.31189322011095));
#3591=CARTESIAN_POINT('',(32.5949501707065,30.5773221457236,5.26187481802991));
#3592=CARTESIAN_POINT('',(32.5949501707065,30.5773221457236,4.51187481802991));
#3593=CARTESIAN_POINT('Origin',(31.4075159620027,28.3773221457236,3.06187481802991));
#3594=CARTESIAN_POINT('Origin',(31.4075159620027,30.7273210016869,4.96187470738879));
#3595=CARTESIAN_POINT('',(2.1075153585057,30.8773221457236,4.96187470738879));
#3596=CARTESIAN_POINT('',(31.4075159620027,30.8773221457236,4.96187470738879));
#3597=CARTESIAN_POINT('',(1.25457610101373,30.7273210016869,4.96187470738879));
#3598=CARTESIAN_POINT('Origin',(2.1075153585057,28.3773221457236,4.96187470738879));
#3599=CARTESIAN_POINT('',(31.4075159620027,30.7273210016869,4.96187470738879));
#3600=CARTESIAN_POINT('Origin',(31.5075159620027,30.7273221457236,5.41187481802991));
#3601=CARTESIAN_POINT('',(1.2545792530441,30.7273221457236,5.41187481802991));
#3602=CARTESIAN_POINT('',(31.5075159620027,30.7273221457236,5.41187481802991));
#3603=CARTESIAN_POINT('',(2.1075153585057,30.8773221457236,5.41187481802991));
#3604=CARTESIAN_POINT('Origin',(2.1075153585057,28.3773221457236,5.41187481802991));
#3605=CARTESIAN_POINT('',(31.4575159620027,30.8773221457236,5.41187481802991));
#3606=CARTESIAN_POINT('Origin',(33.9075159620027,-1.02267831621243,4.51187481802991));
#3607=CARTESIAN_POINT('Origin',(31.5075159620027,30.5773221457236,5.11187481802991));
#3608=CARTESIAN_POINT('',(0.920081149801906,30.5773221457236,5.11187481802991));
#3609=CARTESIAN_POINT('',(31.5075159620027,30.5773221457236,5.11187481802991));
#3610=CARTESIAN_POINT('',(0.920081149801906,30.5773221457236,5.26187481802991));
#3611=CARTESIAN_POINT('',(0.920081149801906,30.5773221457236,4.51187481802991));
#3612=CARTESIAN_POINT('',(31.5075159620027,30.5773221457236,5.26187481802991));
#3613=CARTESIAN_POINT('Origin',(31.5075159620027,30.5773221457236,5.11187481802991));
#3614=CARTESIAN_POINT('Origin',(2.1075153585057,28.3773221457236,7.31189322011093));
#3615=CARTESIAN_POINT('Origin',(31.5075159620027,30.5773221457236,5.26187481802991));
#3616=CARTESIAN_POINT('Origin',(2.1075153585057,28.3773221457236,3.06187481802993));
#3617=CARTESIAN_POINT('Origin',(19.7075156602541,-1.27267853972986,4.96187481802991));
#3618=CARTESIAN_POINT('Origin',(-0.392484641494303,28.4773221457236,4.51187481802991));
#3619=CARTESIAN_POINT('',(-0.392484641494303,28.3773221457236,4.96187482298916));
#3620=CARTESIAN_POINT('',(-0.3924846414943,13.8273219147556,4.96187482298916));
#3621=CARTESIAN_POINT('',(-0.392484641494303,28.3773221457236,4.51187481802991));
#3622=CARTESIAN_POINT('Origin',(-0.242484633670832,-0.922678316212433,4.96187482019519));
#3623=CARTESIAN_POINT('Origin',(2.1075153585057,28.3773221457236,4.96187477642303));
#3624=CARTESIAN_POINT('Origin',(2.1075153585057,28.3773221457236,4.51187481802991));
#3625=CARTESIAN_POINT('',(2.1075153585057,30.8773221457236,4.51187481802991));
#3626=CARTESIAN_POINT('',(2.1075153585057,30.8773221457236,4.51187481802991));
#3627=CARTESIAN_POINT('Origin',(31.5075159620027,30.8773221457236,4.51187481802991));
#3628=CARTESIAN_POINT('Origin',(31.5075159620027,30.8773221457236,4.51187481802991));
#3629=CARTESIAN_POINT('Origin',(30.0000004470348,18.4511257366999,5.51187481802991));
#3630=CARTESIAN_POINT('',(9.99999977201223,18.4511257366999,5.51187481802991));
#3631=CARTESIAN_POINT('',(30.0000004470348,18.4511257366999,5.51187481802991));
#3632=CARTESIAN_POINT('',(11.8749998395145,18.4511257366999,9.26187495303443));
#3633=CARTESIAN_POINT('Origin',(9.74999977201223,12.9193301292567,5.01187481802991));
#3634=CARTESIAN_POINT('',(9.99999977201223,-0.522678316212444,5.51187481802991));
#3635=CARTESIAN_POINT('',(9.99999977201223,12.9193301292567,5.51187481802991));
#3636=CARTESIAN_POINT('',(10.7049997510016,-0.522678316212443,6.92187477600864));
#3637=CARTESIAN_POINT('Origin',(23.3787580536445,9.00000017136335,5.01187481802991));
#3638=CARTESIAN_POINT('',(29.1999993517995,11.5000001713634,5.51187481802991));
#3639=CARTESIAN_POINT('',(32.0000004768372,11.5000001713634,5.51187481802991));
#3640=CARTESIAN_POINT('',(29.8165235953841,5.3347577355175,4.27882633086074));
#3641=CARTESIAN_POINT('Origin',(31.000000461936,14.5000002160668,5.51187481802991));
#3642=CARTESIAN_POINT('',(29.1999993517995,-0.522678316212444,5.51187481802991));
#3643=CARTESIAN_POINT('',(29.1999993517995,3.95799116561059,5.51187481802991));
#3644=CARTESIAN_POINT('',(9.49999977201223,-0.522678316212444,5.51187481802991));
#3645=CARTESIAN_POINT('Origin',(11.41751550938,15.9973216912381,5.86187481802991));
#3646=CARTESIAN_POINT('',(3.81877720460225,15.8473216912381,5.71187481802991));
#3647=CARTESIAN_POINT('',(5.05773357010542,14.608365325735,4.47291845252674));
#3648=CARTESIAN_POINT('',(4.2275153585057,15.8473216912381,5.71187481802991));
#3649=CARTESIAN_POINT('',(11.41751550938,15.8473216912381,5.71187481802991));
#3650=CARTESIAN_POINT('',(4.2033487356112,15.8231550683436,5.68770819513541));
#3651=CARTESIAN_POINT('Origin',(6.0775153585057,15.8473216912381,6.01187481802991));
#3652=CARTESIAN_POINT('',(8.87625351240916,15.8473216912381,5.71187481802991));
#3653=CARTESIAN_POINT('',(8.87625351240916,15.8473216912381,4.51187481802991));
#3654=CARTESIAN_POINT('',(8.4675153585057,15.8473216912381,5.71187481802991));
#3655=CARTESIAN_POINT('',(11.41751550938,15.8473216912381,5.71187481802991));
#3656=CARTESIAN_POINT('',(8.4675153585057,15.8473216912381,5.16187481802991));
#3657=CARTESIAN_POINT('',(8.4675153585057,15.8473216912381,6.01187481802991));
#3658=CARTESIAN_POINT('',(4.2275153585057,15.8473216912381,5.16187481802991));
#3659=CARTESIAN_POINT('',(6.7125153585057,15.8473216912381,5.16187481802991));
#3660=CARTESIAN_POINT('',(4.2275153585057,15.8473216912381,6.01187481802991));
#3661=CARTESIAN_POINT('',(3.81877720460225,15.8473216912381,4.51187481802991));
#3662=CARTESIAN_POINT('Origin',(8.3175153585057,10.9123218029969,5.86187481802991));
#3663=CARTESIAN_POINT('',(8.4675153585057,0.847321691238146,5.71187481802991));
#3664=CARTESIAN_POINT('',(8.1675153585057,0.847321691238145,6.01187481802991));
#3665=CARTESIAN_POINT('',(8.4675153585057,10.9123218029969,5.71187481802991));
#3666=CARTESIAN_POINT('',(8.4675153585057,15.8473216912381,5.71187481802991));
#3667=CARTESIAN_POINT('Origin',(11.41751550938,15.9973216912381,5.86187481802991));
#3668=CARTESIAN_POINT('',(8.87625351240916,15.8473216912381,5.71187481802991));
#3669=CARTESIAN_POINT('Origin',(9.02625351240916,7.91232180299685,5.86187481802991));
#3670=CARTESIAN_POINT('',(8.87625351240916,0.847321691238145,5.71187481802991));
#3671=CARTESIAN_POINT('',(8.87625351240916,7.91232180299685,5.71187481802991));
#3672=CARTESIAN_POINT('',(8.87625351240916,0.847321691238145,5.71187481802991));
#3673=CARTESIAN_POINT('Origin',(7.3475153585057,0.847321691238146,5.86187481802991));
#3674=CARTESIAN_POINT('',(7.3475153585057,-0.681416462665308,5.71187481802991));
#3675=CARTESIAN_POINT('',(7.3475153585057,-0.681416462665308,5.71187481802991));
#3676=CARTESIAN_POINT('Origin',(7.3475153585057,0.847321691238146,5.71187481802991));
#3677=CARTESIAN_POINT('Origin',(11.05251550938,-0.831416462665309,5.86187481802991));
#3678=CARTESIAN_POINT('',(5.3475153585057,-0.681416462665308,5.71187481802991));
#3679=CARTESIAN_POINT('',(5.3475153585057,-0.681416462665308,5.71187481802991));
#3680=CARTESIAN_POINT('',(11.05251550938,-0.681416462665309,5.71187481802991));
#3681=CARTESIAN_POINT('Origin',(5.3475153585057,0.847321691238146,5.86187481802991));
#3682=CARTESIAN_POINT('',(3.81877720460225,0.847321691238145,5.71187481802991));
#3683=CARTESIAN_POINT('',(3.81877720460225,0.847321691238145,5.71187481802991));
#3684=CARTESIAN_POINT('Origin',(5.3475153585057,0.847321691238146,5.71187481802991));
#3685=CARTESIAN_POINT('Origin',(3.66877720460225,15.4123218029969,5.86187481802991));
#3686=CARTESIAN_POINT('',(3.81877720460225,15.4123218029969,5.71187481802991));
#3687=CARTESIAN_POINT('Origin',(7.3475153585057,0.847321691238146,5.86187481802991));
#3688=CARTESIAN_POINT('',(7.3475153585057,-0.272678308761855,5.71187481802991));
#3689=CARTESIAN_POINT('',(7.3475153585057,0.0273216912381456,6.01187481802991));
#3690=CARTESIAN_POINT('Origin',(7.3475153585057,0.847321691238146,5.71187481802991));
#3691=CARTESIAN_POINT('Origin',(12.05251550938,-0.122678308761856,5.86187481802991));
#3692=CARTESIAN_POINT('',(5.3475153585057,-0.272678308761855,5.71187481802991));
#3693=CARTESIAN_POINT('',(5.3475153585057,0.0273216912381445,6.01187481802991));
#3694=CARTESIAN_POINT('',(12.05251550938,-0.272678308761855,5.71187481802991));
#3695=CARTESIAN_POINT('Origin',(5.3475153585057,0.847321691238146,5.86187481802991));
#3696=CARTESIAN_POINT('',(4.2275153585057,0.847321691238146,5.71187481802991));
#3697=CARTESIAN_POINT('',(4.5275153585057,0.847321691238146,6.01187481802991));
#3698=CARTESIAN_POINT('Origin',(5.3475153585057,0.847321691238146,5.71187481802991));
#3699=CARTESIAN_POINT('Origin',(4.3775153585057,7.91232180299685,5.86187481802991));
#3700=CARTESIAN_POINT('',(4.2275153585057,7.91232180299685,5.71187481802991));
#3701=CARTESIAN_POINT('Origin',(3.81877720460225,15.8473216912381,4.51187481802991));
#3702=CARTESIAN_POINT('',(3.81877720460225,0.847321691238145,4.51187481802991));
#3703=CARTESIAN_POINT('Origin',(5.3475153585057,-0.681416462665308,4.51187481802991));
#3704=CARTESIAN_POINT('',(5.3475153585057,-0.681416462665308,4.51187481802991));
#3705=CARTESIAN_POINT('',(7.3475153585057,-0.681416462665308,4.51187481802991));
#3706=CARTESIAN_POINT('Origin',(5.3475153585057,0.847321691238146,4.51187481802991));
#3707=CARTESIAN_POINT('Origin',(8.87625351240916,0.847321691238145,4.51187481802991));
#3708=CARTESIAN_POINT('',(8.87625351240916,0.847321691238145,4.51187481802991));
#3709=CARTESIAN_POINT('Origin',(7.3475153585057,0.847321691238146,4.51187481802991));
#3710=CARTESIAN_POINT('Origin',(29.4499993517995,3.95799116561059,5.01187481802991));
#3711=CARTESIAN_POINT('',(28.4949993728101,-0.522678316212443,6.92187477600864));
#3712=CARTESIAN_POINT('Origin',(19.5999995619059,-0.522678316212443,4.86187481802991));
#3713=CARTESIAN_POINT('Origin',(4.07751531827257,-1.02267831621243,4.31187471744708));
#3714=CARTESIAN_POINT('',(5.3475153585057,-0.182678296691914,4.31187471744708));
#3715=CARTESIAN_POINT('',(5.3475153585057,1.87732167916821,4.31187471744708));
#3716=CARTESIAN_POINT('Origin',(5.3475153585057,0.847321691238146,4.31187471744708));
#3717=CARTESIAN_POINT('',(7.3475153585057,1.87732167916821,4.31187471744708));
#3718=CARTESIAN_POINT('',(5.21251533838913,1.87732167916821,4.31187471744708));
#3719=CARTESIAN_POINT('',(7.3475153585057,-0.182678296691914,4.31187471744708));
#3720=CARTESIAN_POINT('Origin',(7.3475153585057,0.847321691238146,4.31187471744708));
#3721=CARTESIAN_POINT('',(5.71251533838913,-0.182678296691914,4.31187471744708));
#3722=CARTESIAN_POINT('Origin',(21.6325159620027,-1.17267831621243,4.69937481802991));
#3723=CARTESIAN_POINT('',(21.8825159620027,-0.922678316212433,5.26187481802991));
#3724=CARTESIAN_POINT('',(21.8825159620027,-0.922678316212433,4.69937481802991));
#3725=CARTESIAN_POINT('',(19.9033492450446,-2.90184503317052,7.241041534988));
#3726=CARTESIAN_POINT('Origin',(29.1325159620027,-1.17267831621243,5.07437481802991));
#3727=CARTESIAN_POINT('',(28.8825159620027,-0.922678316212433,5.26187481802991));
#3728=CARTESIAN_POINT('',(25.9450159117113,2.01482173407899,2.32437476773849));
#3729=CARTESIAN_POINT('',(28.8825159620027,-0.922678316212433,5.07437481802991));
#3730=CARTESIAN_POINT('Origin',(7.3475153585057,0.847321691238146,4.51187471744707));
#3731=CARTESIAN_POINT('',(7.3475153585057,1.87732167916821,5.16187481802991));
#3732=CARTESIAN_POINT('',(7.3475153585057,-0.182678296691914,5.16187481802991));
#3733=CARTESIAN_POINT('Origin',(7.3475153585057,0.847321691238146,5.16187481802991));
#3734=CARTESIAN_POINT('',(7.3475153585057,-0.182678296691914,4.51187471744707));
#3735=CARTESIAN_POINT('',(7.3475153585057,1.87732167916821,4.51187471744707));
#3736=CARTESIAN_POINT('Origin',(7.3475153585057,-0.182678296691914,4.51187471744707));
#3737=CARTESIAN_POINT('',(5.3475153585057,-0.182678296691914,5.16187481802991));
#3738=CARTESIAN_POINT('',(6.8475153585057,-0.182678296691914,5.16187481802991));
#3739=CARTESIAN_POINT('',(5.3475153585057,-0.182678296691914,4.51187471744707));
#3740=CARTESIAN_POINT('Origin',(5.3475153585057,0.847321691238146,4.51187471744707));
#3741=CARTESIAN_POINT('',(5.3475153585057,1.87732167916821,5.16187481802991));
#3742=CARTESIAN_POINT('Origin',(5.3475153585057,0.847321691238146,5.16187481802991));
#3743=CARTESIAN_POINT('',(5.3475153585057,1.87732167916821,4.51187471744707));
#3744=CARTESIAN_POINT('Origin',(5.3475153585057,1.87732167916821,4.51187471744707));
#3745=CARTESIAN_POINT('',(5.8475153585057,1.87732167916821,5.16187481802991));
#3746=CARTESIAN_POINT('Origin',(4.2275153585057,0.847321691238146,6.01187481802991));
#3747=CARTESIAN_POINT('',(4.2275153585057,0.847321691238146,5.16187481802991));
#3748=CARTESIAN_POINT('',(4.2275153585057,0.847321691238146,6.01187481802991));
#3749=CARTESIAN_POINT('',(4.2275153585057,3.09732169123815,5.16187481802991));
#3750=CARTESIAN_POINT('Origin',(7.3475153585057,5.34732169123815,5.16187481802991));
#3751=CARTESIAN_POINT('',(8.4675153585057,0.847321691238146,5.16187481802991));
#3752=CARTESIAN_POINT('',(8.4675153585057,11.3473216912381,5.16187481802991));
#3753=CARTESIAN_POINT('',(7.3475153585057,-0.272678308761854,5.16187481802991));
#3754=CARTESIAN_POINT('Origin',(7.3475153585057,0.847321691238146,5.16187481802991));
#3755=CARTESIAN_POINT('',(5.3475153585057,-0.272678308761854,5.16187481802991));
#3756=CARTESIAN_POINT('',(6.8475153585057,-0.272678308761855,5.16187481802991));
#3757=CARTESIAN_POINT('Origin',(5.3475153585057,0.847321691238146,5.16187481802991));
#3758=CARTESIAN_POINT('Origin',(8.4675153585057,6.84732169123815,6.01187481802991));
#3759=CARTESIAN_POINT('',(8.4675153585057,0.847321691238146,6.01187481802991));
#3760=CARTESIAN_POINT('Origin',(10.4450156602542,-1.17267831621243,5.51187481802991));
#3761=CARTESIAN_POINT('',(21.3825159620027,-0.922678316212433,5.26187481802991));
#3762=CARTESIAN_POINT('Origin',(25.3825159620027,-0.922678316212433,4.88687481802991));
#3763=CARTESIAN_POINT('Origin',(7.3475153585057,0.847321691238146,6.01187481802991));
#3764=CARTESIAN_POINT('',(7.3475153585057,-0.272678308761855,6.01187481802991));
#3765=CARTESIAN_POINT('Origin',(5.3475153585057,0.847321691238146,6.01187481802991));
#3766=CARTESIAN_POINT('',(5.3475153585057,-0.272678308761855,6.01187481802991));
#3767=CARTESIAN_POINT('Origin',(7.3475153585057,-0.272678308761855,6.01187481802991));
#3768=CARTESIAN_POINT('Ctrl Pts',(20.9606909379363,19.4224841147661,6.01187481802991));
#3769=CARTESIAN_POINT('Ctrl Pts',(20.9606909379363,19.4224841147661,5.91187481802991));
#3770=CARTESIAN_POINT('Ctrl Pts',(20.7443977023164,19.5698940505584,6.01187481802991));
#3771=CARTESIAN_POINT('Ctrl Pts',(20.7443977023164,19.5698940505584,5.91187481802991));
#3772=CARTESIAN_POINT('Ctrl Pts',(20.3118112310767,19.864713922143,6.01187481802991));
#3773=CARTESIAN_POINT('Ctrl Pts',(20.3118112310767,19.864713922143,5.91187481802991));
#3774=CARTESIAN_POINT('Ctrl Pts',(20.0169913594921,20.2973003933827,6.01187481802991));
#3775=CARTESIAN_POINT('Ctrl Pts',(20.0169913594921,20.2973003933827,5.91187481802991));
#3776=CARTESIAN_POINT('Ctrl Pts',(19.8695814236999,20.5135936290026,6.01187481802991));
#3777=CARTESIAN_POINT('Ctrl Pts',(19.8695814236999,20.5135936290026,5.91187481802991));
#3778=CARTESIAN_POINT('',(19.8695814236999,20.5135936290026,6.01187481802991));
#3779=CARTESIAN_POINT('',(20.9606909379363,19.4224841147661,6.01187481802991));
#3780=CARTESIAN_POINT('Ctrl Pts',(19.8695814236999,20.5135936290026,6.01187481802991));
#3781=CARTESIAN_POINT('Ctrl Pts',(20.0169913594921,20.2973003933827,6.01187481802991));
#3782=CARTESIAN_POINT('Ctrl Pts',(20.3118112310767,19.864713922143,6.01187481802991));
#3783=CARTESIAN_POINT('Ctrl Pts',(20.7443977023164,19.5698940505584,6.01187481802991));
#3784=CARTESIAN_POINT('Ctrl Pts',(20.9606909379363,19.4224841147661,6.01187481802991));
#3785=CARTESIAN_POINT('',(19.8695814236999,20.5135936290026,5.91187481802991));
#3786=CARTESIAN_POINT('',(19.8695814236999,20.5135936290026,6.01187481802991));
#3787=CARTESIAN_POINT('',(20.9606909379363,19.4224841147661,5.91187481802991));
#3788=CARTESIAN_POINT('Ctrl Pts',(20.9606909379363,19.4224841147661,5.91187481802991));
#3789=CARTESIAN_POINT('Ctrl Pts',(20.7443977023164,19.5698940505584,5.91187481802991));
#3790=CARTESIAN_POINT('Ctrl Pts',(20.3118112310767,19.864713922143,5.91187481802991));
#3791=CARTESIAN_POINT('Ctrl Pts',(20.0169913594921,20.2973003933827,5.91187481802991));
#3792=CARTESIAN_POINT('Ctrl Pts',(19.8695814236999,20.5135936290026,5.91187481802991));
#3793=CARTESIAN_POINT('',(20.9606909379363,19.4224841147661,6.01187481802991));
#3794=CARTESIAN_POINT('Ctrl Pts',(22.4742841348052,19.0146953612566,6.01187481802991));
#3795=CARTESIAN_POINT('Ctrl Pts',(22.4742841348052,19.0146953612566,5.91187481802991));
#3796=CARTESIAN_POINT('Ctrl Pts',(22.2049567372646,19.0309120650699,6.01187481802991));
#3797=CARTESIAN_POINT('Ctrl Pts',(22.2049567372646,19.0309120650699,5.91187481802991));
#3798=CARTESIAN_POINT('Ctrl Pts',(21.6722729699807,19.0629859460009,6.01187481802991));
#3799=CARTESIAN_POINT('Ctrl Pts',(21.6722729699807,19.0629859460009,5.91187481802991));
#3800=CARTESIAN_POINT('Ctrl Pts',(21.196105776984,19.3035502466713,6.01187481802991));
#3801=CARTESIAN_POINT('Ctrl Pts',(21.196105776984,19.3035502466713,5.91187481802991));
#3802=CARTESIAN_POINT('Ctrl Pts',(20.9606909379363,19.4224841147661,6.01187481802991));
#3803=CARTESIAN_POINT('Ctrl Pts',(20.9606909379363,19.4224841147661,5.91187481802991));
#3804=CARTESIAN_POINT('',(22.4742841348052,19.0146953612566,6.01187481802991));
#3805=CARTESIAN_POINT('Ctrl Pts',(20.9606909379363,19.4224841147661,6.01187481802991));
#3806=CARTESIAN_POINT('Ctrl Pts',(21.196105776984,19.3035502466713,6.01187481802991));
#3807=CARTESIAN_POINT('Ctrl Pts',(21.6722729699807,19.0629859460009,6.01187481802991));
#3808=CARTESIAN_POINT('Ctrl Pts',(22.2049567372646,19.0309120650699,6.01187481802991));
#3809=CARTESIAN_POINT('Ctrl Pts',(22.4742841348052,19.0146953612566,6.01187481802991));
#3810=CARTESIAN_POINT('',(22.4742841348052,19.0146953612566,5.91187481802991));
#3811=CARTESIAN_POINT('Ctrl Pts',(22.4742841348052,19.0146953612566,5.91187481802991));
#3812=CARTESIAN_POINT('Ctrl Pts',(22.2049567372646,19.0309120650699,5.91187481802991));
#3813=CARTESIAN_POINT('Ctrl Pts',(21.6722729699807,19.0629859460009,5.91187481802991));
#3814=CARTESIAN_POINT('Ctrl Pts',(21.196105776984,19.3035502466713,5.91187481802991));
#3815=CARTESIAN_POINT('Ctrl Pts',(20.9606909379363,19.4224841147661,5.91187481802991));
#3816=CARTESIAN_POINT('',(22.4742841348052,19.0146953612566,6.01187481802991));
#3817=CARTESIAN_POINT('Origin',(29.4470977410674,19.0146953612566,6.01187481802991));
#3818=CARTESIAN_POINT('',(29.4470977410674,19.0146953612566,6.01187481802991));
#3819=CARTESIAN_POINT('',(22.4742841348052,19.0146953612566,6.01187481802991));
#3820=CARTESIAN_POINT('',(29.4470977410674,19.0146953612566,5.91187481802991));
#3821=CARTESIAN_POINT('',(22.4742841348052,19.0146953612566,5.91187481802991));
#3822=CARTESIAN_POINT('',(29.4470977410674,19.0146953612566,6.01187481802991));
#3823=CARTESIAN_POINT('Origin',(29.4470977410674,21.4687735587358,6.01187481802991));
#3824=CARTESIAN_POINT('',(29.4470977410674,21.4687735587358,6.01187481802991));
#3825=CARTESIAN_POINT('',(29.4470977410674,19.0146953612566,6.01187481802991));
#3826=CARTESIAN_POINT('',(29.4470977410674,21.4687735587358,5.91187481802991));
#3827=CARTESIAN_POINT('',(29.4470977410674,19.0146953612566,5.91187481802991));
#3828=CARTESIAN_POINT('',(29.4470977410674,21.4687735587358,6.01187481802991));
#3829=CARTESIAN_POINT('Origin',(22.6579713448882,21.4687735587358,6.01187481802991));
#3830=CARTESIAN_POINT('',(22.6579713448882,21.4687735587358,6.01187481802991));
#3831=CARTESIAN_POINT('Ctrl Pts',(29.4470977410674,21.4687735587358,6.01187481802991));
#3832=CARTESIAN_POINT('Ctrl Pts',(28.8813368106882,21.4687735587358,6.01187481802991));
#3833=CARTESIAN_POINT('Ctrl Pts',(26.6182946786284,21.4687735587358,6.01187481802991));
#3834=CARTESIAN_POINT('Ctrl Pts',(24.3552525465687,21.4687735587358,6.01187481802991));
#3835=CARTESIAN_POINT('Ctrl Pts',(22.6579713448882,21.4687735587358,6.01187481802991));
#3836=CARTESIAN_POINT('',(22.6579713448882,21.4687735587358,5.91187481802991));
#3837=CARTESIAN_POINT('Ctrl Pts',(22.6579713448882,21.4687735587358,5.91187481802991));
#3838=CARTESIAN_POINT('Ctrl Pts',(24.3552525465687,21.4687735587358,5.91187481802991));
#3839=CARTESIAN_POINT('Ctrl Pts',(26.6182946786284,21.4687735587358,5.91187481802991));
#3840=CARTESIAN_POINT('Ctrl Pts',(28.8813368106882,21.4687735587358,5.91187481802991));
#3841=CARTESIAN_POINT('Ctrl Pts',(29.4470977410674,21.4687735587358,5.91187481802991));
#3842=CARTESIAN_POINT('',(22.6579713448882,21.4687735587358,6.01187481802991));
#3843=CARTESIAN_POINT('Ctrl Pts',(22.1362971886992,21.6891992837191,6.01187481802991));
#3844=CARTESIAN_POINT('Ctrl Pts',(22.1362971886992,21.6891992837191,5.91187481802991));
#3845=CARTESIAN_POINT('Ctrl Pts',(22.2139010983233,21.6249170314113,6.01187481802991));
#3846=CARTESIAN_POINT('Ctrl Pts',(22.2139010983233,21.6249170314113,5.91187481802991));
#3847=CARTESIAN_POINT('Ctrl Pts',(22.365901116593,21.4990096696234,6.01187481802991));
#3848=CARTESIAN_POINT('Ctrl Pts',(22.365901116593,21.4990096696234,5.91187481802991));
#3849=CARTESIAN_POINT('Ctrl Pts',(22.5619940473414,21.478709457469,6.01187481802991));
#3850=CARTESIAN_POINT('Ctrl Pts',(22.5619940473414,21.478709457469,5.91187481802991));
#3851=CARTESIAN_POINT('Ctrl Pts',(22.6579713448882,21.4687735587358,6.01187481802991));
#3852=CARTESIAN_POINT('Ctrl Pts',(22.6579713448882,21.4687735587358,5.91187481802991));
#3853=CARTESIAN_POINT('',(22.1362971886992,21.6891992837191,6.01187481802991));
#3854=CARTESIAN_POINT('Ctrl Pts',(22.6579713448882,21.4687735587358,6.01187481802991));
#3855=CARTESIAN_POINT('Ctrl Pts',(22.5619940473414,21.478709457469,6.01187481802991));
#3856=CARTESIAN_POINT('Ctrl Pts',(22.365901116593,21.4990096696234,6.01187481802991));
#3857=CARTESIAN_POINT('Ctrl Pts',(22.2139010983233,21.6249170314113,6.01187481802991));
#3858=CARTESIAN_POINT('Ctrl Pts',(22.1362971886992,21.6891992837191,6.01187481802991));
#3859=CARTESIAN_POINT('',(22.1362971886992,21.6891992837191,5.91187481802991));
#3860=CARTESIAN_POINT('Ctrl Pts',(22.1362971886992,21.6891992837191,5.91187481802991));
#3861=CARTESIAN_POINT('Ctrl Pts',(22.2139010983233,21.6249170314113,5.91187481802991));
#3862=CARTESIAN_POINT('Ctrl Pts',(22.365901116593,21.4990096696234,5.91187481802991));
#3863=CARTESIAN_POINT('Ctrl Pts',(22.5619940473414,21.478709457469,5.91187481802991));
#3864=CARTESIAN_POINT('Ctrl Pts',(22.6579713448882,21.4687735587358,5.91187481802991));
#3865=CARTESIAN_POINT('',(22.1362971886992,21.6891992837191,6.01187481802991));
#3866=CARTESIAN_POINT('Ctrl Pts',(21.9158708676696,22.2108746320009,6.01187481802991));
#3867=CARTESIAN_POINT('Ctrl Pts',(21.9158708676696,22.2108746320009,5.91187481802991));
#3868=CARTESIAN_POINT('Ctrl Pts',(21.9258061978742,22.114897067563,6.01187481802991));
#3869=CARTESIAN_POINT('Ctrl Pts',(21.9258061978742,22.114897067563,5.91187481802991));
#3870=CARTESIAN_POINT('Ctrl Pts',(21.9461052880974,21.9188032085968,6.01187481802991));
#3871=CARTESIAN_POINT('Ctrl Pts',(21.9461052880974,21.9188032085968,5.91187481802991));
#3872=CARTESIAN_POINT('Ctrl Pts',(22.0720140839072,21.7668032884999,6.01187481802991));
#3873=CARTESIAN_POINT('Ctrl Pts',(22.0720140839072,21.7668032884999,5.91187481802991));
#3874=CARTESIAN_POINT('Ctrl Pts',(22.1362971886992,21.6891992837191,6.01187481802991));
#3875=CARTESIAN_POINT('Ctrl Pts',(22.1362971886992,21.6891992837191,5.91187481802991));
#3876=CARTESIAN_POINT('',(21.9158708676696,22.2108746320009,6.01187481802991));
#3877=CARTESIAN_POINT('Ctrl Pts',(22.1362971886992,21.6891992837191,6.01187481802991));
#3878=CARTESIAN_POINT('Ctrl Pts',(22.0720140839072,21.7668032884999,6.01187481802991));
#3879=CARTESIAN_POINT('Ctrl Pts',(21.9461052880974,21.9188032085968,6.01187481802991));
#3880=CARTESIAN_POINT('Ctrl Pts',(21.9258061978742,22.114897067563,6.01187481802991));
#3881=CARTESIAN_POINT('Ctrl Pts',(21.9158708676696,22.2108746320009,6.01187481802991));
#3882=CARTESIAN_POINT('',(21.9158708676696,22.2108746320009,5.91187481802991));
#3883=CARTESIAN_POINT('Ctrl Pts',(21.9158708676696,22.2108746320009,5.91187481802991));
#3884=CARTESIAN_POINT('Ctrl Pts',(21.9258061978742,22.114897067563,5.91187481802991));
#3885=CARTESIAN_POINT('Ctrl Pts',(21.9461052880974,21.9188032085968,5.91187481802991));
#3886=CARTESIAN_POINT('Ctrl Pts',(22.0720140839072,21.7668032884999,5.91187481802991));
#3887=CARTESIAN_POINT('Ctrl Pts',(22.1362971886992,21.6891992837191,5.91187481802991));
#3888=CARTESIAN_POINT('',(21.9158708676696,22.2108746320009,6.01187481802991));
#3889=CARTESIAN_POINT('Ctrl Pts',(22.1362971886992,22.7398974448442,6.01187481802991));
#3890=CARTESIAN_POINT('Ctrl Pts',(22.1362971886992,22.7398974448442,5.91187481802991));
#3891=CARTESIAN_POINT('Ctrl Pts',(22.0720100916074,22.6616443977572,6.01187481802991));
#3892=CARTESIAN_POINT('Ctrl Pts',(22.0720100916074,22.6616443977572,5.91187481802991));
#3893=CARTESIAN_POINT('Ctrl Pts',(21.9452373811285,22.5073311478015,6.01187481802991));
#3894=CARTESIAN_POINT('Ctrl Pts',(21.9452373811285,22.5073311478015,5.91187481802991));
#3895=CARTESIAN_POINT('Ctrl Pts',(21.9255665289702,22.3087528486837,6.01187481802991));
#3896=CARTESIAN_POINT('Ctrl Pts',(21.9255665289702,22.3087528486837,5.91187481802991));
#3897=CARTESIAN_POINT('Ctrl Pts',(21.9158708676696,22.2108746320009,6.01187481802991));
#3898=CARTESIAN_POINT('Ctrl Pts',(21.9158708676696,22.2108746320009,5.91187481802991));
#3899=CARTESIAN_POINT('',(22.1362971886992,22.7398974448442,6.01187481802991));
#3900=CARTESIAN_POINT('Ctrl Pts',(21.9158708676696,22.2108746320009,6.01187481802991));
#3901=CARTESIAN_POINT('Ctrl Pts',(21.9255665289702,22.3087528486837,6.01187481802991));
#3902=CARTESIAN_POINT('Ctrl Pts',(21.9452373811285,22.5073311478015,6.01187481802991));
#3903=CARTESIAN_POINT('Ctrl Pts',(22.0720100916074,22.6616443977572,6.01187481802991));
#3904=CARTESIAN_POINT('Ctrl Pts',(22.1362971886992,22.7398974448442,6.01187481802991));
#3905=CARTESIAN_POINT('',(22.1362971886992,22.7398974448442,5.91187481802991));
#3906=CARTESIAN_POINT('Ctrl Pts',(22.1362971886992,22.7398974448442,5.91187481802991));
#3907=CARTESIAN_POINT('Ctrl Pts',(22.0720100916074,22.6616443977572,5.91187481802991));
#3908=CARTESIAN_POINT('Ctrl Pts',(21.9452373811285,22.5073311478015,5.91187481802991));
#3909=CARTESIAN_POINT('Ctrl Pts',(21.9255665289702,22.3087528486837,5.91187481802991));
#3910=CARTESIAN_POINT('Ctrl Pts',(21.9158708676696,22.2108746320009,5.91187481802991));
#3911=CARTESIAN_POINT('',(22.1362971886992,22.7398974448442,6.01187481802991));
#3912=CARTESIAN_POINT('Ctrl Pts',(22.6579713448882,22.9603237658739,6.01187481802991));
#3913=CARTESIAN_POINT('Ctrl Pts',(22.6579713448882,22.9603237658739,5.91187481802991));
#3914=CARTESIAN_POINT('Ctrl Pts',(22.5619940277418,22.9503878942371,6.01187481802991));
#3915=CARTESIAN_POINT('Ctrl Pts',(22.5619940277418,22.9503878942371,5.91187481802991));
#3916=CARTESIAN_POINT('Ctrl Pts',(22.3659009435764,22.9300877257072,6.01187481802991));
#3917=CARTESIAN_POINT('Ctrl Pts',(22.3659009435764,22.9300877257072,5.91187481802991));
#3918=CARTESIAN_POINT('Ctrl Pts',(22.2139010683202,22.8041799460998,6.01187481802991));
#3919=CARTESIAN_POINT('Ctrl Pts',(22.2139010683202,22.8041799460998,5.91187481802991));
#3920=CARTESIAN_POINT('Ctrl Pts',(22.1362971886992,22.7398974448442,6.01187481802991));
#3921=CARTESIAN_POINT('Ctrl Pts',(22.1362971886992,22.7398974448442,5.91187481802991));
#3922=CARTESIAN_POINT('',(22.6579713448882,22.9603237658739,6.01187481802991));
#3923=CARTESIAN_POINT('Ctrl Pts',(22.1362971886992,22.7398974448442,6.01187481802991));
#3924=CARTESIAN_POINT('Ctrl Pts',(22.2139010683202,22.8041799460998,6.01187481802991));
#3925=CARTESIAN_POINT('Ctrl Pts',(22.3659009435764,22.9300877257072,6.01187481802991));
#3926=CARTESIAN_POINT('Ctrl Pts',(22.5619940277418,22.9503878942371,6.01187481802991));
#3927=CARTESIAN_POINT('Ctrl Pts',(22.6579713448882,22.9603237658739,6.01187481802991));
#3928=CARTESIAN_POINT('',(22.6579713448882,22.9603237658739,5.91187481802991));
#3929=CARTESIAN_POINT('Ctrl Pts',(22.6579713448882,22.9603237658739,5.91187481802991));
#3930=CARTESIAN_POINT('Ctrl Pts',(22.5619940277418,22.9503878942371,5.91187481802991));
#3931=CARTESIAN_POINT('Ctrl Pts',(22.3659009435764,22.9300877257072,5.91187481802991));
#3932=CARTESIAN_POINT('Ctrl Pts',(22.2139010683202,22.8041799460998,5.91187481802991));
#3933=CARTESIAN_POINT('Ctrl Pts',(22.1362971886992,22.7398974448442,5.91187481802991));
#3934=CARTESIAN_POINT('',(22.6579713448882,22.9603237658739,6.01187481802991));
#3935=CARTESIAN_POINT('Origin',(26.4272594079375,22.9603237658739,6.01187481802991));
#3936=CARTESIAN_POINT('',(26.4272594079375,22.9603237658739,6.01187481802991));
#3937=CARTESIAN_POINT('Ctrl Pts',(22.6579713448882,22.9603237658739,6.01187481802991));
#3938=CARTESIAN_POINT('Ctrl Pts',(23.1925050045053,22.9603237658739,6.01187481802991));
#3939=CARTESIAN_POINT('Ctrl Pts',(24.4489343588551,22.9603237658739,6.01187481802991));
#3940=CARTESIAN_POINT('Ctrl Pts',(25.7053637132049,22.9603237658739,6.01187481802991));
#3941=CARTESIAN_POINT('Ctrl Pts',(26.4272594079375,22.9603237658739,6.01187481802991));
#3942=CARTESIAN_POINT('',(26.4272594079375,22.9603237658739,5.91187481802991));
#3943=CARTESIAN_POINT('Ctrl Pts',(26.4272594079375,22.9603237658739,5.91187481802991));
#3944=CARTESIAN_POINT('Ctrl Pts',(25.7053637132049,22.9603237658739,5.91187481802991));
#3945=CARTESIAN_POINT('Ctrl Pts',(24.4489343588551,22.9603237658739,5.91187481802991));
#3946=CARTESIAN_POINT('Ctrl Pts',(23.1925050045053,22.9603237658739,5.91187481802991));
#3947=CARTESIAN_POINT('Ctrl Pts',(22.6579713448882,22.9603237658739,5.91187481802991));
#3948=CARTESIAN_POINT('',(26.4272594079375,22.9603237658739,6.01187481802991));
#3949=CARTESIAN_POINT('Ctrl Pts',(28.5580443963408,23.8420278578997,6.01187481802991));
#3950=CARTESIAN_POINT('Ctrl Pts',(28.5580443963408,23.8420278578997,5.91187481802991));
#3951=CARTESIAN_POINT('Ctrl Pts',(28.2399814222803,23.5848923355398,6.01187481802991));
#3952=CARTESIAN_POINT('Ctrl Pts',(28.2399814222803,23.5848923355398,5.91187481802991));
#3953=CARTESIAN_POINT('Ctrl Pts',(27.6159238503279,23.0803778750921,6.01187481802991));
#3954=CARTESIAN_POINT('Ctrl Pts',(27.6159238503279,23.0803778750921,5.91187481802991));
#3955=CARTESIAN_POINT('Ctrl Pts',(26.8183395106144,22.9998225274129,6.01187481802991));
#3956=CARTESIAN_POINT('Ctrl Pts',(26.8183395106144,22.9998225274129,5.91187481802991));
#3957=CARTESIAN_POINT('Ctrl Pts',(26.4272594079375,22.9603237658739,6.01187481802991));
#3958=CARTESIAN_POINT('Ctrl Pts',(26.4272594079375,22.9603237658739,5.91187481802991));
#3959=CARTESIAN_POINT('',(28.5580443963408,23.8420278578997,6.01187481802991));
#3960=CARTESIAN_POINT('Ctrl Pts',(26.4272594079375,22.9603237658739,6.01187481802991));
#3961=CARTESIAN_POINT('Ctrl Pts',(26.8183395106144,22.9998225274129,6.01187481802991));
#3962=CARTESIAN_POINT('Ctrl Pts',(27.6159238503279,23.0803778750921,6.01187481802991));
#3963=CARTESIAN_POINT('Ctrl Pts',(28.2399814222803,23.5848923355398,6.01187481802991));
#3964=CARTESIAN_POINT('Ctrl Pts',(28.5580443963408,23.8420278578997,6.01187481802991));
#3965=CARTESIAN_POINT('',(28.5580443963408,23.8420278578997,5.91187481802991));
#3966=CARTESIAN_POINT('Ctrl Pts',(28.5580443963408,23.8420278578997,5.91187481802991));
#3967=CARTESIAN_POINT('Ctrl Pts',(28.2399814222803,23.5848923355398,5.91187481802991));
#3968=CARTESIAN_POINT('Ctrl Pts',(27.6159238503279,23.0803778750921,5.91187481802991));
#3969=CARTESIAN_POINT('Ctrl Pts',(26.8183395106144,22.9998225274129,5.91187481802991));
#3970=CARTESIAN_POINT('Ctrl Pts',(26.4272594079375,22.9603237658739,5.91187481802991));
#3971=CARTESIAN_POINT('',(28.5580443963408,23.8420278578997,6.01187481802991));
#3972=CARTESIAN_POINT('Ctrl Pts',(29.4470977410674,25.9801620990038,6.01187481802991));
#3973=CARTESIAN_POINT('Ctrl Pts',(29.4470977410674,25.9801620990038,5.91187481802991));
#3974=CARTESIAN_POINT('Ctrl Pts',(29.4073517753551,25.5870226013634,6.01187481802991));
#3975=CARTESIAN_POINT('Ctrl Pts',(29.4073517753551,25.5870226013634,5.91187481802991));
#3976=CARTESIAN_POINT('Ctrl Pts',(29.326340603398,24.7857163335264,6.01187481802991));
#3977=CARTESIAN_POINT('Ctrl Pts',(29.326340603398,24.7857163335264,5.91187481802991));
#3978=CARTESIAN_POINT('Ctrl Pts',(28.8173250677799,24.1604990143916,6.01187481802991));
#3979=CARTESIAN_POINT('Ctrl Pts',(28.8173250677799,24.1604990143916,5.91187481802991));
#3980=CARTESIAN_POINT('Ctrl Pts',(28.5580443963408,23.8420278578997,6.01187481802991));
#3981=CARTESIAN_POINT('Ctrl Pts',(28.5580443963408,23.8420278578997,5.91187481802991));
#3982=CARTESIAN_POINT('',(29.4470977410674,25.9801620990038,6.01187481802991));
#3983=CARTESIAN_POINT('Ctrl Pts',(28.5580443963408,23.8420278578997,6.01187481802991));
#3984=CARTESIAN_POINT('Ctrl Pts',(28.8173250677799,24.1604990143916,6.01187481802991));
#3985=CARTESIAN_POINT('Ctrl Pts',(29.326340603398,24.7857163335264,6.01187481802991));
#3986=CARTESIAN_POINT('Ctrl Pts',(29.4073517753551,25.5870226013634,6.01187481802991));
#3987=CARTESIAN_POINT('Ctrl Pts',(29.4470977410674,25.9801620990038,6.01187481802991));
#3988=CARTESIAN_POINT('',(29.4470977410674,25.9801620990038,5.91187481802991));
#3989=CARTESIAN_POINT('Ctrl Pts',(29.4470977410674,25.9801620990038,5.91187481802991));
#3990=CARTESIAN_POINT('Ctrl Pts',(29.4073517753551,25.5870226013634,5.91187481802991));
#3991=CARTESIAN_POINT('Ctrl Pts',(29.326340603398,24.7857163335264,5.91187481802991));
#3992=CARTESIAN_POINT('Ctrl Pts',(28.8173250677799,24.1604990143916,5.91187481802991));
#3993=CARTESIAN_POINT('Ctrl Pts',(28.5580443963408,23.8420278578997,5.91187481802991));
#3994=CARTESIAN_POINT('',(29.4470977410674,25.9801620990038,6.01187481802991));
#3995=CARTESIAN_POINT('Ctrl Pts',(29.0393089875579,27.4974287301302,6.01187481802991));
#3996=CARTESIAN_POINT('Ctrl Pts',(29.0393089875579,27.4974287301302,5.91187481802991));
#3997=CARTESIAN_POINT('Ctrl Pts',(29.1582436058817,27.2610817434418,6.01187481802991));
#3998=CARTESIAN_POINT('Ctrl Pts',(29.1582436058817,27.2610817434418,5.91187481802991));
#3999=CARTESIAN_POINT('Ctrl Pts',(29.3985542286892,26.7835362451652,6.01187481802991));
#4000=CARTESIAN_POINT('Ctrl Pts',(29.3985542286892,26.7835362451652,5.91187481802991));
#4001=CARTESIAN_POINT('Ctrl Pts',(29.430807347308,26.2497610739421,6.01187481802991));
#4002=CARTESIAN_POINT('Ctrl Pts',(29.430807347308,26.2497610739421,5.91187481802991));
#4003=CARTESIAN_POINT('Ctrl Pts',(29.4470977410674,25.9801620990038,6.01187481802991));
#4004=CARTESIAN_POINT('Ctrl Pts',(29.4470977410674,25.9801620990038,5.91187481802991));
#4005=CARTESIAN_POINT('',(29.0393089875579,27.4974287301302,6.01187481802991));
#4006=CARTESIAN_POINT('Ctrl Pts',(29.4470977410674,25.9801620990038,6.01187481802991));
#4007=CARTESIAN_POINT('Ctrl Pts',(29.430807347308,26.2497610739421,6.01187481802991));
#4008=CARTESIAN_POINT('Ctrl Pts',(29.3985542286892,26.7835362451652,6.01187481802991));
#4009=CARTESIAN_POINT('Ctrl Pts',(29.1582436058817,27.2610817434418,6.01187481802991));
#4010=CARTESIAN_POINT('Ctrl Pts',(29.0393089875579,27.4974287301302,6.01187481802991));
#4011=CARTESIAN_POINT('',(29.0393089875579,27.4974287301302,5.91187481802991));
#4012=CARTESIAN_POINT('Ctrl Pts',(29.0393089875579,27.4974287301302,5.91187481802991));
#4013=CARTESIAN_POINT('Ctrl Pts',(29.1582436058817,27.2610817434418,5.91187481802991));
#4014=CARTESIAN_POINT('Ctrl Pts',(29.3985542286892,26.7835362451652,5.91187481802991));
#4015=CARTESIAN_POINT('Ctrl Pts',(29.430807347308,26.2497610739421,5.91187481802991));
#4016=CARTESIAN_POINT('Ctrl Pts',(29.4470977410674,25.9801620990038,5.91187481802991));
#4017=CARTESIAN_POINT('',(29.0393089875579,27.4974287301302,6.01187481802991));
#4018=CARTESIAN_POINT('Ctrl Pts',(27.9445266351104,28.5922116786242,6.01187481802991));
#4019=CARTESIAN_POINT('Ctrl Pts',(27.9445266351104,28.5922116786242,5.91187481802991));
#4020=CARTESIAN_POINT('Ctrl Pts',(28.1618907251115,28.4446485126434,6.01187481802991));
#4021=CARTESIAN_POINT('Ctrl Pts',(28.1618907251115,28.4446485126434,5.91187481802991));
#4022=CARTESIAN_POINT('Ctrl Pts',(28.5966192693095,28.1495219334381,6.01187481802991));
#4023=CARTESIAN_POINT('Ctrl Pts',(28.5966192693095,28.1495219334381,5.91187481802991));
#4024=CARTESIAN_POINT('Ctrl Pts',(28.8917456657273,27.7147932526315,6.01187481802991));
#4025=CARTESIAN_POINT('Ctrl Pts',(28.8917456657273,27.7147932526315,5.91187481802991));
#4026=CARTESIAN_POINT('Ctrl Pts',(29.0393089875579,27.4974287301302,6.01187481802991));
#4027=CARTESIAN_POINT('Ctrl Pts',(29.0393089875579,27.4974287301302,5.91187481802991));
#4028=CARTESIAN_POINT('',(27.9445266351104,28.5922116786242,6.01187481802991));
#4029=CARTESIAN_POINT('Ctrl Pts',(29.0393089875579,27.4974287301302,6.01187481802991));
#4030=CARTESIAN_POINT('Ctrl Pts',(28.8917456657273,27.7147932526315,6.01187481802991));
#4031=CARTESIAN_POINT('Ctrl Pts',(28.5966192693095,28.1495219334381,6.01187481802991));
#4032=CARTESIAN_POINT('Ctrl Pts',(28.1618907251115,28.4446485126434,6.01187481802991));
#4033=CARTESIAN_POINT('Ctrl Pts',(27.9445266351104,28.5922116786242,6.01187481802991));
#4034=CARTESIAN_POINT('',(27.9445266351104,28.5922116786242,5.91187481802991));
#4035=CARTESIAN_POINT('Ctrl Pts',(27.9445266351104,28.5922116786242,5.91187481802991));
#4036=CARTESIAN_POINT('Ctrl Pts',(28.1618907251115,28.4446485126434,5.91187481802991));
#4037=CARTESIAN_POINT('Ctrl Pts',(28.5966192693095,28.1495219334381,5.91187481802991));
#4038=CARTESIAN_POINT('Ctrl Pts',(28.8917456657273,27.7147932526315,5.91187481802991));
#4039=CARTESIAN_POINT('Ctrl Pts',(29.0393089875579,27.4974287301302,5.91187481802991));
#4040=CARTESIAN_POINT('',(27.9445266351104,28.5922116786242,6.01187481802991));
#4041=CARTESIAN_POINT('Ctrl Pts',(26.4272594079375,29.0000004321337,6.01187481802991));
#4042=CARTESIAN_POINT('Ctrl Pts',(26.4272594079375,29.0000004321337,5.91187481802991));
#4043=CARTESIAN_POINT('Ctrl Pts',(26.6968588251816,28.9837104009649,6.01187481802991));
#4044=CARTESIAN_POINT('Ctrl Pts',(26.6968588251816,28.9837104009649,5.91187481802991));
#4045=CARTESIAN_POINT('Ctrl Pts',(27.2306344005749,28.9514580287262,6.01187481802991));
#4046=CARTESIAN_POINT('Ctrl Pts',(27.2306344005749,28.9514580287262,5.91187481802991));
#4047=CARTESIAN_POINT('Ctrl Pts',(27.7081798738659,28.7111465923661,6.01187481802991));
#4048=CARTESIAN_POINT('Ctrl Pts',(27.7081798738659,28.7111465923661,5.91187481802991));
#4049=CARTESIAN_POINT('Ctrl Pts',(27.9445266351104,28.5922116786242,6.01187481802991));
#4050=CARTESIAN_POINT('Ctrl Pts',(27.9445266351104,28.5922116786242,5.91187481802991));
#4051=CARTESIAN_POINT('',(26.4272594079375,29.0000004321337,6.01187481802991));
#4052=CARTESIAN_POINT('Ctrl Pts',(27.9445266351104,28.5922116786242,6.01187481802991));
#4053=CARTESIAN_POINT('Ctrl Pts',(27.7081798738659,28.7111465923661,6.01187481802991));
#4054=CARTESIAN_POINT('Ctrl Pts',(27.2306344005749,28.9514580287262,6.01187481802991));
#4055=CARTESIAN_POINT('Ctrl Pts',(26.6968588251816,28.9837104009649,6.01187481802991));
#4056=CARTESIAN_POINT('Ctrl Pts',(26.4272594079375,29.0000004321337,6.01187481802991));
#4057=CARTESIAN_POINT('',(26.4272594079375,29.0000004321337,5.91187481802991));
#4058=CARTESIAN_POINT('Ctrl Pts',(26.4272594079375,29.0000004321337,5.91187481802991));
#4059=CARTESIAN_POINT('Ctrl Pts',(26.6968588251816,28.9837104009649,5.91187481802991));
#4060=CARTESIAN_POINT('Ctrl Pts',(27.2306344005749,28.9514580287262,5.91187481802991));
#4061=CARTESIAN_POINT('Ctrl Pts',(27.7081798738659,28.7111465923661,5.91187481802991));
#4062=CARTESIAN_POINT('Ctrl Pts',(27.9445266351104,28.5922116786242,5.91187481802991));
#4063=CARTESIAN_POINT('',(26.4272594079375,29.0000004321337,6.01187481802991));
#4064=CARTESIAN_POINT('Origin',(19.4617926701903,29.0000004321337,6.01187481802991));
#4065=CARTESIAN_POINT('',(19.4617926701903,29.0000004321337,6.01187481802991));
#4066=CARTESIAN_POINT('',(26.4272594079375,29.0000004321337,6.01187481802991));
#4067=CARTESIAN_POINT('',(19.4617926701903,29.0000004321337,5.91187481802991));
#4068=CARTESIAN_POINT('',(26.4272594079375,29.0000004321337,5.91187481802991));
#4069=CARTESIAN_POINT('',(19.4617926701903,29.0000004321337,6.01187481802991));
#4070=CARTESIAN_POINT('Origin',(19.4617926701903,26.5459222346544,6.01187481802991));
#4071=CARTESIAN_POINT('',(19.4617926701903,26.5459222346544,6.01187481802991));
#4072=CARTESIAN_POINT('',(19.4617926701903,29.0000004321337,6.01187481802991));
#4073=CARTESIAN_POINT('',(19.4617926701903,26.5459222346544,5.91187481802991));
#4074=CARTESIAN_POINT('',(19.4617926701903,29.0000004321337,5.91187481802991));
#4075=CARTESIAN_POINT('',(19.4617926701903,26.5459222346544,6.01187481802991));
#4076=CARTESIAN_POINT('Origin',(26.2435698136687,26.5459222346544,6.01187481802991));
#4077=CARTESIAN_POINT('',(26.2435698136687,26.5459222346544,6.01187481802991));
#4078=CARTESIAN_POINT('Ctrl Pts',(19.4617926701903,26.5459222346544,6.01187481802991));
#4079=CARTESIAN_POINT('Ctrl Pts',(20.026940467457,26.5459222346544,6.01187481802991));
#4080=CARTESIAN_POINT('Ctrl Pts',(22.2875328486164,26.5459222346544,6.01187481802991));
#4081=CARTESIAN_POINT('Ctrl Pts',(24.5481252297759,26.5459222346544,6.01187481802991));
#4082=CARTESIAN_POINT('Ctrl Pts',(26.2435698136687,26.5459222346544,6.01187481802991));
#4083=CARTESIAN_POINT('',(26.2435698136687,26.5459222346544,5.91187481802991));
#4084=CARTESIAN_POINT('Ctrl Pts',(26.2435698136687,26.5459222346544,5.91187481802991));
#4085=CARTESIAN_POINT('Ctrl Pts',(24.5481252297759,26.5459222346544,5.91187481802991));
#4086=CARTESIAN_POINT('Ctrl Pts',(22.2875328486164,26.5459222346544,5.91187481802991));
#4087=CARTESIAN_POINT('Ctrl Pts',(20.026940467457,26.5459222346544,5.91187481802991));
#4088=CARTESIAN_POINT('Ctrl Pts',(19.4617926701903,26.5459222346544,5.91187481802991));
#4089=CARTESIAN_POINT('',(26.2435698136687,26.5459222346544,6.01187481802991));
#4090=CARTESIAN_POINT('Ctrl Pts',(26.7725944146514,26.3254959136248,6.01187481802991));
#4091=CARTESIAN_POINT('Ctrl Pts',(26.7725944146514,26.3254959136248,5.91187481802991));
#4092=CARTESIAN_POINT('Ctrl Pts',(26.6930892745571,26.3897743890872,6.01187481802991));
#4093=CARTESIAN_POINT('Ctrl Pts',(26.6930892745571,26.3897743890872,5.91187481802991));
#4094=CARTESIAN_POINT('Ctrl Pts',(26.5380524871541,26.5151188425784,6.01187481802991));
#4095=CARTESIAN_POINT('Ctrl Pts',(26.5380524871541,26.5151188425784,5.91187481802991));
#4096=CARTESIAN_POINT('Ctrl Pts',(26.3400390526607,26.5358313870104,6.01187481802991));
#4097=CARTESIAN_POINT('Ctrl Pts',(26.3400390526607,26.5358313870104,5.91187481802991));
#4098=CARTESIAN_POINT('Ctrl Pts',(26.2435698136687,26.5459222346544,6.01187481802991));
#4099=CARTESIAN_POINT('Ctrl Pts',(26.2435698136687,26.5459222346544,5.91187481802991));
#4100=CARTESIAN_POINT('',(26.7725944146514,26.3254959136248,6.01187481802991));
#4101=CARTESIAN_POINT('Ctrl Pts',(26.2435698136687,26.5459222346544,6.01187481802991));
#4102=CARTESIAN_POINT('Ctrl Pts',(26.3400390526607,26.5358313870104,6.01187481802991));
#4103=CARTESIAN_POINT('Ctrl Pts',(26.5380524871541,26.5151188425784,6.01187481802991));
#4104=CARTESIAN_POINT('Ctrl Pts',(26.6930892745571,26.3897743890872,6.01187481802991));
#4105=CARTESIAN_POINT('Ctrl Pts',(26.7725944146514,26.3254959136248,6.01187481802991));
#4106=CARTESIAN_POINT('',(26.7725944146514,26.3254959136248,5.91187481802991));
#4107=CARTESIAN_POINT('Ctrl Pts',(26.7725944146514,26.3254959136248,5.91187481802991));
#4108=CARTESIAN_POINT('Ctrl Pts',(26.6930892745571,26.3897743890872,5.91187481802991));
#4109=CARTESIAN_POINT('Ctrl Pts',(26.5380524871541,26.5151188425784,5.91187481802991));
#4110=CARTESIAN_POINT('Ctrl Pts',(26.3400390526607,26.5358313870104,5.91187481802991));
#4111=CARTESIAN_POINT('Ctrl Pts',(26.2435698136687,26.5459222346544,5.91187481802991));
#4112=CARTESIAN_POINT('',(26.7725944146514,26.3254959136248,6.01187481802991));
#4113=CARTESIAN_POINT('Ctrl Pts',(26.9930195435882,25.7964731007814,6.01187481802991));
#4114=CARTESIAN_POINT('Ctrl Pts',(26.9930195435882,25.7964731007814,5.91187481802991));
#4115=CARTESIAN_POINT('Ctrl Pts',(26.9829291977992,25.8929421767159,6.01187481802991));
#4116=CARTESIAN_POINT('Ctrl Pts',(26.9829291977992,25.8929421767159,5.91187481802991));
#4117=CARTESIAN_POINT('Ctrl Pts',(26.9622176882871,26.0909552305425,6.01187481802991));
#4118=CARTESIAN_POINT('Ctrl Pts',(26.9622176882871,26.0909552305425,5.91187481802991));
#4119=CARTESIAN_POINT('Ctrl Pts',(26.8368729975824,26.2459912069548,6.01187481802991));
#4120=CARTESIAN_POINT('Ctrl Pts',(26.8368729975824,26.2459912069548,5.91187481802991));
#4121=CARTESIAN_POINT('Ctrl Pts',(26.7725944146514,26.3254959136248,6.01187481802991));
#4122=CARTESIAN_POINT('Ctrl Pts',(26.7725944146514,26.3254959136248,5.91187481802991));
#4123=CARTESIAN_POINT('',(26.9930195435882,25.7964731007814,6.01187481802991));
#4124=CARTESIAN_POINT('Ctrl Pts',(26.7725944146514,26.3254959136248,6.01187481802991));
#4125=CARTESIAN_POINT('Ctrl Pts',(26.8368729975824,26.2459912069548,6.01187481802991));
#4126=CARTESIAN_POINT('Ctrl Pts',(26.9622176882871,26.0909552305425,6.01187481802991));
#4127=CARTESIAN_POINT('Ctrl Pts',(26.9829291977992,25.8929421767159,6.01187481802991));
#4128=CARTESIAN_POINT('Ctrl Pts',(26.9930195435882,25.7964731007814,6.01187481802991));
#4129=CARTESIAN_POINT('',(26.9930195435882,25.7964731007814,5.91187481802991));
#4130=CARTESIAN_POINT('Ctrl Pts',(26.9930195435882,25.7964731007814,5.91187481802991));
#4131=CARTESIAN_POINT('Ctrl Pts',(26.9829291977992,25.8929421767159,5.91187481802991));
#4132=CARTESIAN_POINT('Ctrl Pts',(26.9622176882871,26.0909552305425,5.91187481802991));
#4133=CARTESIAN_POINT('Ctrl Pts',(26.8368729975824,26.2459912069548,5.91187481802991));
#4134=CARTESIAN_POINT('Ctrl Pts',(26.7725944146514,26.3254959136248,5.91187481802991));
#4135=CARTESIAN_POINT('',(26.9930195435882,25.7964731007814,6.01187481802991));
#4136=CARTESIAN_POINT('Ctrl Pts',(26.7725944146514,25.2674508839846,6.01187481802991));
#4137=CARTESIAN_POINT('Ctrl Pts',(26.7725944146514,25.2674508839846,5.91187481802991));
#4138=CARTESIAN_POINT('Ctrl Pts',(26.8368816146488,25.3457039082361,6.01187481802991));
#4139=CARTESIAN_POINT('Ctrl Pts',(26.8368816146488,25.3457039082361,5.91187481802991));
#4140=CARTESIAN_POINT('Ctrl Pts',(26.9636543517869,25.5000168985998,6.01187481802991));
#4141=CARTESIAN_POINT('Ctrl Pts',(26.9636543517869,25.5000168985998,5.91187481802991));
#4142=CARTESIAN_POINT('Ctrl Pts',(26.9833243279368,25.6985950814314,6.01187481802991));
#4143=CARTESIAN_POINT('Ctrl Pts',(26.9833243279368,25.6985950814314,5.91187481802991));
#4144=CARTESIAN_POINT('Ctrl Pts',(26.9930195435882,25.7964731007814,6.01187481802991));
#4145=CARTESIAN_POINT('Ctrl Pts',(26.9930195435882,25.7964731007814,5.91187481802991));
#4146=CARTESIAN_POINT('',(26.7725944146514,25.2674508839846,6.01187481802991));
#4147=CARTESIAN_POINT('Ctrl Pts',(26.9930195435882,25.7964731007814,6.01187481802991));
#4148=CARTESIAN_POINT('Ctrl Pts',(26.9833243279368,25.6985950814314,6.01187481802991));
#4149=CARTESIAN_POINT('Ctrl Pts',(26.9636543517869,25.5000168985998,6.01187481802991));
#4150=CARTESIAN_POINT('Ctrl Pts',(26.8368816146488,25.3457039082361,6.01187481802991));
#4151=CARTESIAN_POINT('Ctrl Pts',(26.7725944146514,25.2674508839846,6.01187481802991));
#4152=CARTESIAN_POINT('',(26.7725944146514,25.2674508839846,5.91187481802991));
#4153=CARTESIAN_POINT('Ctrl Pts',(26.7725944146514,25.2674508839846,5.91187481802991));
#4154=CARTESIAN_POINT('Ctrl Pts',(26.8368816146488,25.3457039082361,5.91187481802991));
#4155=CARTESIAN_POINT('Ctrl Pts',(26.9636543517869,25.5000168985998,5.91187481802991));
#4156=CARTESIAN_POINT('Ctrl Pts',(26.9833243279368,25.6985950814314,5.91187481802991));
#4157=CARTESIAN_POINT('Ctrl Pts',(26.9930195435882,25.7964731007814,5.91187481802991));
#4158=CARTESIAN_POINT('',(26.7725944146514,25.2674508839846,6.01187481802991));
#4159=CARTESIAN_POINT('Ctrl Pts',(26.2435698136687,25.0470245629549,6.01187481802991));
#4160=CARTESIAN_POINT('Ctrl Pts',(26.2435698136687,25.0470245629549,5.91187481802991));
#4161=CARTESIAN_POINT('Ctrl Pts',(26.3400390526607,25.0571154105989,6.01187481802991));
#4162=CARTESIAN_POINT('Ctrl Pts',(26.3400390526607,25.0571154105989,5.91187481802991));
#4163=CARTESIAN_POINT('Ctrl Pts',(26.5380524871541,25.0778279550309,6.01187481802991));
#4164=CARTESIAN_POINT('Ctrl Pts',(26.5380524871541,25.0778279550309,5.91187481802991));
#4165=CARTESIAN_POINT('Ctrl Pts',(26.6930892745571,25.2031724085221,6.01187481802991));
#4166=CARTESIAN_POINT('Ctrl Pts',(26.6930892745571,25.2031724085221,5.91187481802991));
#4167=CARTESIAN_POINT('Ctrl Pts',(26.7725944146514,25.2674508839846,6.01187481802991));
#4168=CARTESIAN_POINT('Ctrl Pts',(26.7725944146514,25.2674508839846,5.91187481802991));
#4169=CARTESIAN_POINT('',(26.2435698136687,25.0470245629549,6.01187481802991));
#4170=CARTESIAN_POINT('Ctrl Pts',(26.7725944146514,25.2674508839846,6.01187481802991));
#4171=CARTESIAN_POINT('Ctrl Pts',(26.6930892745571,25.2031724085221,6.01187481802991));
#4172=CARTESIAN_POINT('Ctrl Pts',(26.5380524871541,25.0778279550309,6.01187481802991));
#4173=CARTESIAN_POINT('Ctrl Pts',(26.3400390526607,25.0571154105989,6.01187481802991));
#4174=CARTESIAN_POINT('Ctrl Pts',(26.2435698136687,25.0470245629549,6.01187481802991));
#4175=CARTESIAN_POINT('',(26.2435698136687,25.0470245629549,5.91187481802991));
#4176=CARTESIAN_POINT('Ctrl Pts',(26.2435698136687,25.0470245629549,5.91187481802991));
#4177=CARTESIAN_POINT('Ctrl Pts',(26.3400390526607,25.0571154105989,5.91187481802991));
#4178=CARTESIAN_POINT('Ctrl Pts',(26.5380524871541,25.0778279550309,5.91187481802991));
#4179=CARTESIAN_POINT('Ctrl Pts',(26.6930892745571,25.2031724085221,5.91187481802991));
#4180=CARTESIAN_POINT('Ctrl Pts',(26.7725944146514,25.2674508839846,5.91187481802991));
#4181=CARTESIAN_POINT('',(26.2435698136687,25.0470245629549,6.01187481802991));
#4182=CARTESIAN_POINT('Origin',(22.4742841348052,25.0470245629549,6.01187481802991));
#4183=CARTESIAN_POINT('',(22.4742841348052,25.0470245629549,6.01187481802991));
#4184=CARTESIAN_POINT('Ctrl Pts',(26.2435698136687,25.0470245629549,6.01187481802991));
#4185=CARTESIAN_POINT('Ctrl Pts',(25.7090365514159,25.0470245629549,6.01187481802991));
#4186=CARTESIAN_POINT('Ctrl Pts',(24.4526079917947,25.0470245629549,6.01187481802991));
#4187=CARTESIAN_POINT('Ctrl Pts',(23.1961794321736,25.0470245629549,6.01187481802991));
#4188=CARTESIAN_POINT('Ctrl Pts',(22.4742841348052,25.0470245629549,6.01187481802991));
#4189=CARTESIAN_POINT('',(22.4742841348052,25.0470245629549,5.91187481802991));
#4190=CARTESIAN_POINT('Ctrl Pts',(22.4742841348052,25.0470245629549,5.91187481802991));
#4191=CARTESIAN_POINT('Ctrl Pts',(23.1961794321736,25.0470245629549,5.91187481802991));
#4192=CARTESIAN_POINT('Ctrl Pts',(24.4526079917947,25.0470245629549,5.91187481802991));
#4193=CARTESIAN_POINT('Ctrl Pts',(25.7090365514159,25.0470245629549,5.91187481802991));
#4194=CARTESIAN_POINT('Ctrl Pts',(26.2435698136687,25.0470245629549,5.91187481802991));
#4195=CARTESIAN_POINT('',(22.4742841348052,25.0470245629549,6.01187481802991));
#4196=CARTESIAN_POINT('Ctrl Pts',(20.9606909379363,24.6392358094454,6.01187481802991));
#4197=CARTESIAN_POINT('Ctrl Pts',(20.9606909379363,24.6392358094454,5.91187481802991));
#4198=CARTESIAN_POINT('Ctrl Pts',(21.196106151728,24.758169974587,6.01187481802991));
#4199=CARTESIAN_POINT('Ctrl Pts',(21.196106151728,24.758169974587,5.91187481802991));
#4200=CARTESIAN_POINT('Ctrl Pts',(21.6722733146839,24.9987344779674,6.01187481802991));
#4201=CARTESIAN_POINT('Ctrl Pts',(21.6722733146839,24.9987344779674,5.91187481802991));
#4202=CARTESIAN_POINT('Ctrl Pts',(22.2049571424978,25.0308080443972,6.01187481802991));
#4203=CARTESIAN_POINT('Ctrl Pts',(22.2049571424978,25.0308080443972,5.91187481802991));
#4204=CARTESIAN_POINT('Ctrl Pts',(22.4742841348052,25.0470245629549,6.01187481802991));
#4205=CARTESIAN_POINT('Ctrl Pts',(22.4742841348052,25.0470245629549,5.91187481802991));
#4206=CARTESIAN_POINT('',(20.9606909379363,24.6392358094454,6.01187481802991));
#4207=CARTESIAN_POINT('Ctrl Pts',(22.4742841348052,25.0470245629549,6.01187481802991));
#4208=CARTESIAN_POINT('Ctrl Pts',(22.2049571424978,25.0308080443972,6.01187481802991));
#4209=CARTESIAN_POINT('Ctrl Pts',(21.6722733146839,24.9987344779674,6.01187481802991));
#4210=CARTESIAN_POINT('Ctrl Pts',(21.196106151728,24.758169974587,6.01187481802991));
#4211=CARTESIAN_POINT('Ctrl Pts',(20.9606909379363,24.6392358094454,6.01187481802991));
#4212=CARTESIAN_POINT('',(20.9606909379363,24.6392358094454,5.91187481802991));
#4213=CARTESIAN_POINT('Ctrl Pts',(20.9606909379363,24.6392358094454,5.91187481802991));
#4214=CARTESIAN_POINT('Ctrl Pts',(21.196106151728,24.758169974587,5.91187481802991));
#4215=CARTESIAN_POINT('Ctrl Pts',(21.6722733146839,24.9987344779674,5.91187481802991));
#4216=CARTESIAN_POINT('Ctrl Pts',(22.2049571424978,25.0308080443972,5.91187481802991));
#4217=CARTESIAN_POINT('Ctrl Pts',(22.4742841348052,25.0470245629549,5.91187481802991));
#4218=CARTESIAN_POINT('',(20.9606909379363,24.6392358094454,6.01187481802991));
#4219=CARTESIAN_POINT('Ctrl Pts',(19.8695814236999,23.5481268912554,6.01187481802991));
#4220=CARTESIAN_POINT('Ctrl Pts',(19.8695814236999,23.5481268912554,5.91187481802991));
#4221=CARTESIAN_POINT('Ctrl Pts',(20.016990859168,23.76442023367,6.01187481802991));
#4222=CARTESIAN_POINT('Ctrl Pts',(20.016990859168,23.76442023367,5.91187481802991));
#4223=CARTESIAN_POINT('Ctrl Pts',(20.3118099779,24.1970072820891,6.01187481802991));
#4224=CARTESIAN_POINT('Ctrl Pts',(20.3118099779,24.1970072820891,5.91187481802991));
#4225=CARTESIAN_POINT('Ctrl Pts',(20.7443971633942,24.491826217728,6.01187481802991));
#4226=CARTESIAN_POINT('Ctrl Pts',(20.7443971633942,24.491826217728,5.91187481802991));
#4227=CARTESIAN_POINT('Ctrl Pts',(20.9606909379363,24.6392358094454,6.01187481802991));
#4228=CARTESIAN_POINT('Ctrl Pts',(20.9606909379363,24.6392358094454,5.91187481802991));
#4229=CARTESIAN_POINT('',(19.8695814236999,23.5481268912554,6.01187481802991));
#4230=CARTESIAN_POINT('Ctrl Pts',(20.9606909379363,24.6392358094454,6.01187481802991));
#4231=CARTESIAN_POINT('Ctrl Pts',(20.7443971633942,24.491826217728,6.01187481802991));
#4232=CARTESIAN_POINT('Ctrl Pts',(20.3118099779,24.1970072820891,6.01187481802991));
#4233=CARTESIAN_POINT('Ctrl Pts',(20.016990859168,23.76442023367,6.01187481802991));
#4234=CARTESIAN_POINT('Ctrl Pts',(19.8695814236999,23.5481268912554,6.01187481802991));
#4235=CARTESIAN_POINT('',(19.8695814236999,23.5481268912554,5.91187481802991));
#4236=CARTESIAN_POINT('Ctrl Pts',(19.8695814236999,23.5481268912554,5.91187481802991));
#4237=CARTESIAN_POINT('Ctrl Pts',(20.016990859168,23.76442023367,5.91187481802991));
#4238=CARTESIAN_POINT('Ctrl Pts',(20.3118099779,24.1970072820891,5.91187481802991));
#4239=CARTESIAN_POINT('Ctrl Pts',(20.7443971633942,24.491826217728,5.91187481802991));
#4240=CARTESIAN_POINT('Ctrl Pts',(20.9606909379363,24.6392358094454,5.91187481802991));
#4241=CARTESIAN_POINT('',(19.8695814236999,23.5481268912554,6.01187481802991));
#4242=CARTESIAN_POINT('Ctrl Pts',(19.4617926701903,22.027186229825,6.01187481802991));
#4243=CARTESIAN_POINT('Ctrl Pts',(19.4617926701903,22.027186229825,5.91187481802991));
#4244=CARTESIAN_POINT('Ctrl Pts',(19.4778454338303,22.2983776837267,6.01187481802991));
#4245=CARTESIAN_POINT('Ctrl Pts',(19.4778454338303,22.2983776837267,5.91187481802991));
#4246=CARTESIAN_POINT('Ctrl Pts',(19.509522260411,22.8335182270063,6.01187481802991));
#4247=CARTESIAN_POINT('Ctrl Pts',(19.509522260411,22.8335182270063,5.91187481802991));
#4248=CARTESIAN_POINT('Ctrl Pts',(19.7506494736554,23.3120829000916,6.01187481802991));
#4249=CARTESIAN_POINT('Ctrl Pts',(19.7506494736554,23.3120829000916,5.91187481802991));
#4250=CARTESIAN_POINT('Ctrl Pts',(19.8695814236999,23.5481268912554,6.01187481802991));
#4251=CARTESIAN_POINT('Ctrl Pts',(19.8695814236999,23.5481268912554,5.91187481802991));
#4252=CARTESIAN_POINT('',(19.4617926701903,22.027186229825,6.01187481802991));
#4253=CARTESIAN_POINT('Ctrl Pts',(19.8695814236999,23.5481268912554,6.01187481802991));
#4254=CARTESIAN_POINT('Ctrl Pts',(19.7506494736554,23.3120829000916,6.01187481802991));
#4255=CARTESIAN_POINT('Ctrl Pts',(19.509522260411,22.8335182270063,6.01187481802991));
#4256=CARTESIAN_POINT('Ctrl Pts',(19.4778454338303,22.2983776837267,6.01187481802991));
#4257=CARTESIAN_POINT('Ctrl Pts',(19.4617926701903,22.027186229825,6.01187481802991));
#4258=CARTESIAN_POINT('',(19.4617926701903,22.027186229825,5.91187481802991));
#4259=CARTESIAN_POINT('Ctrl Pts',(19.4617926701903,22.027186229825,5.91187481802991));
#4260=CARTESIAN_POINT('Ctrl Pts',(19.4778454338303,22.2983776837267,5.91187481802991));
#4261=CARTESIAN_POINT('Ctrl Pts',(19.509522260411,22.8335182270063,5.91187481802991));
#4262=CARTESIAN_POINT('Ctrl Pts',(19.7506494736554,23.3120829000916,5.91187481802991));
#4263=CARTESIAN_POINT('Ctrl Pts',(19.8695814236999,23.5481268912554,5.91187481802991));
#4264=CARTESIAN_POINT('',(19.4617926701903,22.027186229825,6.01187481802991));
#4265=CARTESIAN_POINT('Ctrl Pts',(19.8695814236999,20.5135936290026,6.01187481802991));
#4266=CARTESIAN_POINT('Ctrl Pts',(19.8695814236999,20.5135936290026,5.91187481802991));
#4267=CARTESIAN_POINT('Ctrl Pts',(19.7506469633922,20.7490084150531,6.01187481802991));
#4268=CARTESIAN_POINT('Ctrl Pts',(19.7506469633922,20.7490084150531,5.91187481802991));
#4269=CARTESIAN_POINT('Ctrl Pts',(19.510081650297,21.2251751338242,6.01187481802991));
#4270=CARTESIAN_POINT('Ctrl Pts',(19.510081650297,21.2251751338242,5.91187481802991));
#4271=CARTESIAN_POINT('Ctrl Pts',(19.4780088270243,21.7578589902229,6.01187481802991));
#4272=CARTESIAN_POINT('Ctrl Pts',(19.4780088270243,21.7578589902229,5.91187481802991));
#4273=CARTESIAN_POINT('Ctrl Pts',(19.4617926701903,22.027186229825,6.01187481802991));
#4274=CARTESIAN_POINT('Ctrl Pts',(19.4617926701903,22.027186229825,5.91187481802991));
#4275=CARTESIAN_POINT('Ctrl Pts',(19.4617926701903,22.027186229825,6.01187481802991));
#4276=CARTESIAN_POINT('Ctrl Pts',(19.4780088270243,21.7578589902229,6.01187481802991));
#4277=CARTESIAN_POINT('Ctrl Pts',(19.510081650297,21.2251751338242,6.01187481802991));
#4278=CARTESIAN_POINT('Ctrl Pts',(19.7506469633922,20.7490084150531,6.01187481802991));
#4279=CARTESIAN_POINT('Ctrl Pts',(19.8695814236999,20.5135936290026,6.01187481802991));
#4280=CARTESIAN_POINT('Ctrl Pts',(19.8695814236999,20.5135936290026,5.91187481802991));
#4281=CARTESIAN_POINT('Ctrl Pts',(19.7506469633922,20.7490084150531,5.91187481802991));
#4282=CARTESIAN_POINT('Ctrl Pts',(19.510081650297,21.2251751338242,5.91187481802991));
#4283=CARTESIAN_POINT('Ctrl Pts',(19.4780088270243,21.7578589902229,5.91187481802991));
#4284=CARTESIAN_POINT('Ctrl Pts',(19.4617926701903,22.027186229825,5.91187481802991));
#4285=CARTESIAN_POINT('Origin',(18.4735489264131,24.0073478966951,6.01187481802991));
#4286=CARTESIAN_POINT('Origin',(18.4735489264131,24.0073478966951,5.91187481802991));
#4287=CARTESIAN_POINT('Origin',(15.0312268361449,26.5459222346544,6.01187481802991));
#4288=CARTESIAN_POINT('',(15.0312268361449,26.5459222346544,6.01187481802991));
#4289=CARTESIAN_POINT('',(9.95407816022635,26.5459222346544,6.01187481802991));
#4290=CARTESIAN_POINT('',(15.0312268361449,26.5459222346544,6.01187481802991));
#4291=CARTESIAN_POINT('',(9.95407816022635,26.5459222346544,5.91187481802991));
#4292=CARTESIAN_POINT('',(9.95407816022635,26.5459222346544,6.01187481802991));
#4293=CARTESIAN_POINT('',(15.0312268361449,26.5459222346544,5.91187481802991));
#4294=CARTESIAN_POINT('',(15.0312268361449,26.5459222346544,5.91187481802991));
#4295=CARTESIAN_POINT('',(15.0312268361449,26.5459222346544,6.01187481802991));
#4296=CARTESIAN_POINT('Origin',(15.0312268361449,23.2542247325182,6.01187481802991));
#4297=CARTESIAN_POINT('',(15.0312268361449,23.2542247325182,6.01187481802991));
#4298=CARTESIAN_POINT('',(15.0312268361449,23.2542247325182,6.01187481802991));
#4299=CARTESIAN_POINT('',(15.0312268361449,23.2542247325182,5.91187481802991));
#4300=CARTESIAN_POINT('',(15.0312268361449,23.2542247325182,5.91187481802991));
#4301=CARTESIAN_POINT('',(15.0312268361449,23.2542247325182,6.01187481802991));
#4302=CARTESIAN_POINT('Origin',(9.95407816022635,23.2542247325182,6.01187481802991));
#4303=CARTESIAN_POINT('',(9.95407816022635,23.2542247325182,6.01187481802991));
#4304=CARTESIAN_POINT('',(9.95407816022635,23.2542247325182,6.01187481802991));
#4305=CARTESIAN_POINT('',(9.95407816022635,23.2542247325182,5.91187481802991));
#4306=CARTESIAN_POINT('',(9.95407816022635,23.2542247325182,5.91187481802991));
#4307=CARTESIAN_POINT('',(9.95407816022635,23.2542247325182,6.01187481802991));
#4308=CARTESIAN_POINT('Origin',(9.95407816022635,26.5459222346544,6.01187481802991));
#4309=CARTESIAN_POINT('',(9.95407816022635,26.5459222346544,6.01187481802991));
#4310=CARTESIAN_POINT('',(9.95407816022635,26.5459222346544,5.91187481802991));
#4311=CARTESIAN_POINT('Origin',(16.2215280160308,19.0146953612566,6.01187481802991));
#4312=CARTESIAN_POINT('',(16.2215280160308,19.0146953612566,6.01187481802991));
#4313=CARTESIAN_POINT('',(13.5249816998839,19.0146953612566,6.01187481802991));
#4314=CARTESIAN_POINT('',(16.2215280160308,19.0146953612566,6.01187481802991));
#4315=CARTESIAN_POINT('',(13.5249816998839,19.0146953612566,5.91187481802991));
#4316=CARTESIAN_POINT('',(13.5249816998839,19.0146953612566,6.01187481802991));
#4317=CARTESIAN_POINT('',(16.2215280160308,19.0146953612566,5.91187481802991));
#4318=CARTESIAN_POINT('',(16.2215280160308,19.0146953612566,5.91187481802991));
#4319=CARTESIAN_POINT('',(16.2215280160308,19.0146953612566,6.01187481802991));
#4320=CARTESIAN_POINT('Origin',(14.9504041299224,21.0793537646532,6.01187481802991));
#4321=CARTESIAN_POINT('',(14.9504041299224,21.0793537646532,6.01187481802991));
#4322=CARTESIAN_POINT('',(14.9504041299224,21.0793537646532,6.01187481802991));
#4323=CARTESIAN_POINT('',(14.9504041299224,21.0793537646532,5.91187481802991));
#4324=CARTESIAN_POINT('',(14.9504041299224,21.0793537646532,5.91187481802991));
#4325=CARTESIAN_POINT('',(14.9504041299224,21.0793537646532,6.01187481802991));
#4326=CARTESIAN_POINT('Origin',(17.4853050336242,21.0793537646532,6.01187481802991));
#4327=CARTESIAN_POINT('',(17.4853050336242,21.0793537646532,6.01187481802991));
#4328=CARTESIAN_POINT('',(17.4853050336242,21.0793537646532,6.01187481802991));
#4329=CARTESIAN_POINT('',(17.4853050336242,21.0793537646532,5.91187481802991));
#4330=CARTESIAN_POINT('',(17.4853050336242,21.0793537646532,5.91187481802991));
#4331=CARTESIAN_POINT('',(17.4853050336242,21.0793537646532,6.01187481802991));
#4332=CARTESIAN_POINT('Origin',(17.4853050336242,29.0000004321337,6.01187481802991));
#4333=CARTESIAN_POINT('',(17.4853050336242,29.0000004321337,6.01187481802991));
#4334=CARTESIAN_POINT('',(17.4853050336242,29.0000004321337,6.01187481802991));
#4335=CARTESIAN_POINT('',(17.4853050336242,29.0000004321337,5.91187481802991));
#4336=CARTESIAN_POINT('',(17.4853050336242,29.0000004321337,5.91187481802991));
#4337=CARTESIAN_POINT('',(17.4853050336242,29.0000004321337,6.01187481802991));
#4338=CARTESIAN_POINT('Origin',(7.50000011175871,29.0000004321337,6.01187481802991));
#4339=CARTESIAN_POINT('',(7.50000011175871,29.0000004321337,6.01187481802991));
#4340=CARTESIAN_POINT('',(7.50000011175871,29.0000004321337,6.01187481802991));
#4341=CARTESIAN_POINT('',(7.50000011175871,29.0000004321337,5.91187481802991));
#4342=CARTESIAN_POINT('',(7.50000011175871,29.0000004321337,5.91187481802991));
#4343=CARTESIAN_POINT('',(7.50000011175871,29.0000004321337,6.01187481802991));
#4344=CARTESIAN_POINT('Origin',(7.50000011175871,19.0146953612566,6.01187481802991));
#4345=CARTESIAN_POINT('',(7.50000011175871,19.0146953612566,6.01187481802991));
#4346=CARTESIAN_POINT('',(7.50000011175871,19.0146953612566,6.01187481802991));
#4347=CARTESIAN_POINT('',(7.50000011175871,19.0146953612566,5.91187481802991));
#4348=CARTESIAN_POINT('',(7.50000011175871,19.0146953612566,5.91187481802991));
#4349=CARTESIAN_POINT('',(7.50000011175871,19.0146953612566,6.01187481802991));
#4350=CARTESIAN_POINT('Origin',(9.95407816022635,19.0146953612566,6.01187481802991));
#4351=CARTESIAN_POINT('',(9.95407816022635,19.0146953612566,6.01187481802991));
#4352=CARTESIAN_POINT('',(9.95407816022635,19.0146953612566,6.01187481802991));
#4353=CARTESIAN_POINT('',(9.95407816022635,19.0146953612566,5.91187481802991));
#4354=CARTESIAN_POINT('',(9.95407816022635,19.0146953612566,5.91187481802991));
#4355=CARTESIAN_POINT('',(9.95407816022635,19.0146953612566,6.01187481802991));
#4356=CARTESIAN_POINT('Origin',(9.95407816022635,21.0793537646532,6.01187481802991));
#4357=CARTESIAN_POINT('',(9.95407816022635,21.0793537646532,6.01187481802991));
#4358=CARTESIAN_POINT('',(9.95407816022635,21.0793537646532,6.01187481802991));
#4359=CARTESIAN_POINT('',(9.95407816022635,21.0793537646532,5.91187481802991));
#4360=CARTESIAN_POINT('',(9.95407816022635,21.0793537646532,5.91187481802991));
#4361=CARTESIAN_POINT('',(9.95407816022635,21.0793537646532,6.01187481802991));
#4362=CARTESIAN_POINT('Origin',(12.261205278337,21.0793537646532,6.01187481802991));
#4363=CARTESIAN_POINT('',(12.261205278337,21.0793537646532,6.01187481802991));
#4364=CARTESIAN_POINT('',(12.261205278337,21.0793537646532,6.01187481802991));
#4365=CARTESIAN_POINT('',(12.261205278337,21.0793537646532,5.91187481802991));
#4366=CARTESIAN_POINT('',(12.261205278337,21.0793537646532,5.91187481802991));
#4367=CARTESIAN_POINT('',(12.261205278337,21.0793537646532,6.01187481802991));
#4368=CARTESIAN_POINT('Origin',(13.5249816998839,19.0146953612566,6.01187481802991));
#4369=CARTESIAN_POINT('',(13.5249816998839,19.0146953612566,6.01187481802991));
#4370=CARTESIAN_POINT('',(13.5249816998839,19.0146953612566,5.91187481802991));
#4371=CARTESIAN_POINT('Origin',(18.4735489264131,24.0073478966951,6.01187481802991));
#4372=CARTESIAN_POINT('Origin',(18.4735489264131,24.0073478966951,5.91187481802991));
#4373=CARTESIAN_POINT('',(0.,0.,-1.11022302462516E-16));
#4374=UNCERTAINTY_MEASURE_WITH_UNIT(LENGTH_MEASURE(0.01),#4380,
'DISTANCE_ACCURACY_VALUE',
'Maximum model space distance between geometric entities at asserted c
onnectivities');
#4375=UNCERTAINTY_MEASURE_WITH_UNIT(LENGTH_MEASURE(0.01),#4380,
'DISTANCE_ACCURACY_VALUE',
'Maximum model space distance between geometric entities at asserted c
onnectivities');
#4376=UNCERTAINTY_MEASURE_WITH_UNIT(LENGTH_MEASURE(0.01),#4380,
'DISTANCE_ACCURACY_VALUE',
'Maximum model space distance between geometric entities at asserted c
onnectivities');
#4377=(
GEOMETRIC_REPRESENTATION_CONTEXT(3)
GLOBAL_UNCERTAINTY_ASSIGNED_CONTEXT((#4374))
GLOBAL_UNIT_ASSIGNED_CONTEXT((#4380,#4382,#4383))
REPRESENTATION_CONTEXT('','3D')
);
#4378=(
GEOMETRIC_REPRESENTATION_CONTEXT(3)
GLOBAL_UNCERTAINTY_ASSIGNED_CONTEXT((#4375))
GLOBAL_UNIT_ASSIGNED_CONTEXT((#4380,#4382,#4383))
REPRESENTATION_CONTEXT('','3D')
);
#4379=(
GEOMETRIC_REPRESENTATION_CONTEXT(3)
GLOBAL_UNCERTAINTY_ASSIGNED_CONTEXT((#4376))
GLOBAL_UNIT_ASSIGNED_CONTEXT((#4380,#4382,#4383))
REPRESENTATION_CONTEXT('','3D')
);
#4380=(
LENGTH_UNIT()
NAMED_UNIT(*)
SI_UNIT(.MILLI.,.METRE.)
);
#4381=(
LENGTH_UNIT()
NAMED_UNIT(*)
SI_UNIT($,.METRE.)
);
#4382=(
NAMED_UNIT(*)
PLANE_ANGLE_UNIT()
SI_UNIT($,.RADIAN.)
);
#4383=(
NAMED_UNIT(*)
SI_UNIT($,.STERADIAN.)
SOLID_ANGLE_UNIT()
);
#4384=SHAPE_DEFINITION_REPRESENTATION(#4386,#4389);
#4385=SHAPE_DEFINITION_REPRESENTATION(#4387,#4390);
#4386=PRODUCT_DEFINITION_SHAPE('',$,#4392);
#4387=PRODUCT_DEFINITION_SHAPE('',$,#4393);
#4388=PRODUCT_DEFINITION_SHAPE($,$,#14);
#4389=SHAPE_REPRESENTATION('',(#2514,#2685),#4377);
#4390=SHAPE_REPRESENTATION('',(#2515),#4378);
#4391=PRODUCT_DEFINITION_CONTEXT('part definition',#4399,'design');
#4392=PRODUCT_DEFINITION('track','track v17',#4394,#4391);
#4393=PRODUCT_DEFINITION('Cover','Cover',#4395,#4391);
#4394=PRODUCT_DEFINITION_FORMATION('',$,#4401);
#4395=PRODUCT_DEFINITION_FORMATION('',$,#4402);
#4396=PRODUCT_RELATED_PRODUCT_CATEGORY('track v17','track v17',(#4401));
#4397=PRODUCT_RELATED_PRODUCT_CATEGORY('Cover','Cover',(#4402));
#4398=APPLICATION_PROTOCOL_DEFINITION('international standard',
'automotive_design',2009,#4399);
#4399=APPLICATION_CONTEXT(
'Core Data for Automotive Mechanical Design Process');
#4400=PRODUCT_CONTEXT('part definition',#4399,'mechanical');
#4401=PRODUCT('track','track v17',$,(#4400));
#4402=PRODUCT('Cover','Cover',$,(#4400));
#4403=PRESENTATION_STYLE_ASSIGNMENT((#4406));
#4404=PRESENTATION_STYLE_ASSIGNMENT((#4407));
#4405=PRESENTATION_STYLE_ASSIGNMENT((#4408));
#4406=SURFACE_STYLE_USAGE(.BOTH.,#4409);
#4407=SURFACE_STYLE_USAGE(.BOTH.,#4410);
#4408=SURFACE_STYLE_USAGE(.BOTH.,#4411);
#4409=SURFACE_SIDE_STYLE('',(#4412));
#4410=SURFACE_SIDE_STYLE('',(#4413));
#4411=SURFACE_SIDE_STYLE('',(#4414));
#4412=SURFACE_STYLE_FILL_AREA(#4415);
#4413=SURFACE_STYLE_FILL_AREA(#4416);
#4414=SURFACE_STYLE_FILL_AREA(#4417);
#4415=FILL_AREA_STYLE('Steel - Satin',(#4418));
#4416=FILL_AREA_STYLE('ABS (White)',(#4419));
#4417=FILL_AREA_STYLE('ABS (White)',(#4420));
#4418=FILL_AREA_STYLE_COLOUR('Steel - Satin',#4421);
#4419=FILL_AREA_STYLE_COLOUR('ABS (White)',#4422);
#4420=FILL_AREA_STYLE_COLOUR('ABS (White)',#4423);
#4421=COLOUR_RGB('Steel - Satin',0.627450980392157,0.627450980392157,0.627450980392157);
#4422=COLOUR_RGB('ABS (White)',0.988235294117647,0.,0.);
#4423=COLOUR_RGB('ABS (White)',0.964705882352941,0.964705882352941,0.952941176470588);
ENDSEC;
END-ISO-10303-21;
