ISO-10303-21;
HEADER;
/* Generated by software containing ST-Developer
 * from STEP Tools, Inc. (www.steptools.com) 
 */

FILE_DESCRIPTION(
/* description */ (''),
/* implementation_level */ '2;1');

FILE_NAME(
/* name */ 'caseL2.step',
/* time_stamp */ '2026-09-24T04:56:36+05:00',
/* author */ (''),
/* organization */ (''),
/* preprocessor_version */ 'ST-DEVELOPER v20.2',
/* originating_system */ 'Autodesk Translation Framework v15.15.0.0',
/* authorisation */ '');

FILE_SCHEMA (('AUTOMOTIVE_DESIGN { 1 0 10303 214 3 1 1 }'));
ENDSEC;

DATA;
#10=MECHANICAL_DESIGN_GEOMETRIC_PRESENTATION_REPRESENTATION('',(#84,#85,
#86),#4111);
#11=ITEM_DEFINED_TRANSFORMATION($,$,#2343,#2505);
#12=(
REPRESENTATION_RELATIONSHIP($,$,#4122,#4121)
REPRESENTATION_RELATIONSHIP_WITH_TRANSFORMATION(#11)
SHAPE_REPRESENTATION_RELATIONSHIP()
);
#13=CONTEXT_DEPENDENT_SHAPE_REPRESENTATION(#12,#4120);
#14=NEXT_ASSEMBLY_USAGE_OCCURRENCE('Cover:1','Cover:1','Cover:1',#4124,
#4125,'Cover:1');
#15=B_SPLINE_CURVE_WITH_KNOTS('',3,(#3560,#3561,#3562,#3563,#3564),
 .UNSPECIFIED.,.F.,.F.,(4,1,4),(0.,0.0777656610605814,0.155531322121163),
 .UNSPECIFIED.);
#16=B_SPLINE_CURVE_WITH_KNOTS('',3,(#3568,#3569,#3570,#3571,#3572),
 .UNSPECIFIED.,.F.,.F.,(4,1,4),(-0.155531322121163,-0.0777656610605814,
0.),.UNSPECIFIED.);
#17=B_SPLINE_CURVE_WITH_KNOTS('',3,(#3585,#3586,#3587,#3588,#3589),
 .UNSPECIFIED.,.F.,.F.,(4,1,4),(0.,0.0782319116736106,0.158237442041483),
 .UNSPECIFIED.);
#18=B_SPLINE_CURVE_WITH_KNOTS('',3,(#3591,#3592,#3593,#3594,#3595),
 .UNSPECIFIED.,.F.,.F.,(4,1,4),(-0.158237442041483,-0.0782319116736106,
0.),.UNSPECIFIED.);
#19=B_SPLINE_CURVE_WITH_KNOTS('',3,(#3611,#3612,#3613,#3614,#3615),
 .UNSPECIFIED.,.F.,.F.,(4,1,4),(0.,0.16972804069519,0.678912401199341),
 .UNSPECIFIED.);
#20=B_SPLINE_CURVE_WITH_KNOTS('',3,(#3617,#3618,#3619,#3620,#3621),
 .UNSPECIFIED.,.F.,.F.,(4,1,4),(-0.678912401199341,-0.16972804069519,0.),
 .UNSPECIFIED.);
#21=B_SPLINE_CURVE_WITH_KNOTS('',3,(#3634,#3635,#3636,#3637,#3638),
 .UNSPECIFIED.,.F.,.F.,(4,1,4),(0.,0.0282791449490059,0.0577776028673315),
 .UNSPECIFIED.);
#22=B_SPLINE_CURVE_WITH_KNOTS('',3,(#3640,#3641,#3642,#3643,#3644),
 .UNSPECIFIED.,.F.,.F.,(4,1,4),(-0.0577776028673315,-0.0282791449490059,
0.),.UNSPECIFIED.);
#23=B_SPLINE_CURVE_WITH_KNOTS('',3,(#3657,#3658,#3659,#3660,#3661),
 .UNSPECIFIED.,.F.,.F.,(4,1,4),(0.,0.0294984419582154,0.0577775052153968),
 .UNSPECIFIED.);
#24=B_SPLINE_CURVE_WITH_KNOTS('',3,(#3663,#3664,#3665,#3666,#3667),
 .UNSPECIFIED.,.F.,.F.,(4,1,4),(-0.0577775052153968,-0.0294984419582154,
0.),.UNSPECIFIED.);
#25=B_SPLINE_CURVE_WITH_KNOTS('',3,(#3680,#3681,#3682,#3683,#3684),
 .UNSPECIFIED.,.F.,.F.,(4,1,4),(0.,0.0288198261664375,0.0584704722808713),
 .UNSPECIFIED.);
#26=B_SPLINE_CURVE_WITH_KNOTS('',3,(#3686,#3687,#3688,#3689,#3690),
 .UNSPECIFIED.,.F.,.F.,(4,1,4),(-0.0584704722808713,-0.0288198261664375,
0.),.UNSPECIFIED.);
#27=B_SPLINE_CURVE_WITH_KNOTS('',3,(#3703,#3704,#3705,#3706,#3707),
 .UNSPECIFIED.,.F.,.F.,(4,1,4),(0.,0.0294983925937415,0.0577776544667526),
 .UNSPECIFIED.);
#28=B_SPLINE_CURVE_WITH_KNOTS('',3,(#3709,#3710,#3711,#3712,#3713),
 .UNSPECIFIED.,.F.,.F.,(4,1,4),(-0.0577776544667526,-0.0294983925937415,
0.),.UNSPECIFIED.);
#29=B_SPLINE_CURVE_WITH_KNOTS('',3,(#3717,#3718,#3719,#3720,#3721),
 .UNSPECIFIED.,.F.,.F.,(4,1,4),(0.,0.160359978675842,0.376928687095642),
 .UNSPECIFIED.);
#30=B_SPLINE_CURVE_WITH_KNOTS('',3,(#3723,#3724,#3725,#3726,#3727),
 .UNSPECIFIED.,.F.,.F.,(4,1,4),(-0.376928687095642,-0.160359978675842,0.),
 .UNSPECIFIED.);
#31=B_SPLINE_CURVE_WITH_KNOTS('',3,(#3740,#3741,#3742,#3743,#3744),
 .UNSPECIFIED.,.F.,.F.,(4,1,4),(0.,0.115279164861841,0.235104799233565),
 .UNSPECIFIED.);
#32=B_SPLINE_CURVE_WITH_KNOTS('',3,(#3746,#3747,#3748,#3749,#3750),
 .UNSPECIFIED.,.F.,.F.,(4,1,4),(-0.235104799233565,-0.115279164861841,0.),
 .UNSPECIFIED.);
#33=B_SPLINE_CURVE_WITH_KNOTS('',3,(#3763,#3764,#3765,#3766,#3767),
 .UNSPECIFIED.,.F.,.F.,(4,1,4),(0.,0.120283482146433,0.236138674578387),
 .UNSPECIFIED.);
#34=B_SPLINE_CURVE_WITH_KNOTS('',3,(#3769,#3770,#3771,#3772,#3773),
 .UNSPECIFIED.,.F.,.F.,(4,1,4),(-0.236138674578387,-0.120283482146433,0.),
 .UNSPECIFIED.);
#35=B_SPLINE_CURVE_WITH_KNOTS('',3,(#3786,#3787,#3788,#3789,#3790),
 .UNSPECIFIED.,.F.,.F.,(4,1,4),(0.,0.0800966923414037,0.158582207633888),
 .UNSPECIFIED.);
#36=B_SPLINE_CURVE_WITH_KNOTS('',3,(#3792,#3793,#3794,#3795,#3796),
 .UNSPECIFIED.,.F.,.F.,(4,1,4),(-0.158582207633888,-0.0800966923414037,
0.),.UNSPECIFIED.);
#37=B_SPLINE_CURVE_WITH_KNOTS('',3,(#3809,#3810,#3811,#3812,#3813),
 .UNSPECIFIED.,.F.,.F.,(4,1,4),(0.,0.078039728530542,0.156079514863173),
 .UNSPECIFIED.);
#38=B_SPLINE_CURVE_WITH_KNOTS('',3,(#3815,#3816,#3817,#3818,#3819),
 .UNSPECIFIED.,.F.,.F.,(4,1,4),(-0.156079514863173,-0.078039728530542,0.),
 .UNSPECIFIED.);
#39=B_SPLINE_CURVE_WITH_KNOTS('',3,(#3832,#3833,#3834,#3835,#3836),
 .UNSPECIFIED.,.F.,.F.,(4,1,4),(0.,0.0784855765322683,0.158582261287161),
 .UNSPECIFIED.);
#40=B_SPLINE_CURVE_WITH_KNOTS('',3,(#3838,#3839,#3840,#3841,#3842),
 .UNSPECIFIED.,.F.,.F.,(4,1,4),(-0.158582261287161,-0.0784855765322683,
0.),.UNSPECIFIED.);
#41=B_SPLINE_CURVE_WITH_KNOTS('',3,(#3858,#3859,#3860,#3861,#3862),
 .UNSPECIFIED.,.F.,.F.,(4,1,4),(0.,0.169544458389282,0.678177833557129),
 .UNSPECIFIED.);
#42=B_SPLINE_CURVE_WITH_KNOTS('',3,(#3864,#3865,#3866,#3867,#3868),
 .UNSPECIFIED.,.F.,.F.,(4,1,4),(-0.678177833557129,-0.169544458389282,0.),
 .UNSPECIFIED.);
#43=B_SPLINE_CURVE_WITH_KNOTS('',3,(#3881,#3882,#3883,#3884,#3885),
 .UNSPECIFIED.,.F.,.F.,(4,1,4),(0.,0.0284592303870322,0.0584156389799631),
 .UNSPECIFIED.);
#44=B_SPLINE_CURVE_WITH_KNOTS('',3,(#3887,#3888,#3889,#3890,#3891),
 .UNSPECIFIED.,.F.,.F.,(4,1,4),(-0.0584156389799631,-0.0284592303870322,
0.),.UNSPECIFIED.);
#45=B_SPLINE_CURVE_WITH_KNOTS('',3,(#3904,#3905,#3906,#3907,#3908),
 .UNSPECIFIED.,.F.,.F.,(4,1,4),(0.,0.029956408592931,0.0584156974565176),
 .UNSPECIFIED.);
#46=B_SPLINE_CURVE_WITH_KNOTS('',3,(#3910,#3911,#3912,#3913,#3914),
 .UNSPECIFIED.,.F.,.F.,(4,1,4),(-0.0584156974565176,-0.029956408592931,
0.),.UNSPECIFIED.);
#47=B_SPLINE_CURVE_WITH_KNOTS('',3,(#3927,#3928,#3929,#3930,#3931),
 .UNSPECIFIED.,.F.,.F.,(4,1,4),(0.,0.028819767661571,0.0584704802417408),
 .UNSPECIFIED.);
#48=B_SPLINE_CURVE_WITH_KNOTS('',3,(#3933,#3934,#3935,#3936,#3937),
 .UNSPECIFIED.,.F.,.F.,(4,1,4),(-0.0584704802417408,-0.028819767661571,
0.),.UNSPECIFIED.);
#49=B_SPLINE_CURVE_WITH_KNOTS('',3,(#3950,#3951,#3952,#3953,#3954),
 .UNSPECIFIED.,.F.,.F.,(4,1,4),(0.,0.029956408592931,0.0584156389799631),
 .UNSPECIFIED.);
#50=B_SPLINE_CURVE_WITH_KNOTS('',3,(#3956,#3957,#3958,#3959,#3960),
 .UNSPECIFIED.,.F.,.F.,(4,1,4),(-0.0584156389799631,-0.029956408592931,
0.),.UNSPECIFIED.);
#51=B_SPLINE_CURVE_WITH_KNOTS('',3,(#3964,#3965,#3966,#3967,#3968),
 .UNSPECIFIED.,.F.,.F.,(4,1,4),(0.,0.160360097885132,0.376928806304932),
 .UNSPECIFIED.);
#52=B_SPLINE_CURVE_WITH_KNOTS('',3,(#3970,#3971,#3972,#3973,#3974),
 .UNSPECIFIED.,.F.,.F.,(4,1,4),(-0.376928806304932,-0.160360097885132,0.),
 .UNSPECIFIED.);
#53=B_SPLINE_CURVE_WITH_KNOTS('',3,(#3987,#3988,#3989,#3990,#3991),
 .UNSPECIFIED.,.F.,.F.,(4,1,4),(0.,0.0800055227727176,0.158237457748274),
 .UNSPECIFIED.);
#54=B_SPLINE_CURVE_WITH_KNOTS('',3,(#3993,#3994,#3995,#3996,#3997),
 .UNSPECIFIED.,.F.,.F.,(4,1,4),(-0.158237457748274,-0.0800055227727176,
0.),.UNSPECIFIED.);
#55=B_SPLINE_CURVE_WITH_KNOTS('',3,(#4010,#4011,#4012,#4013,#4014),
 .UNSPECIFIED.,.F.,.F.,(4,1,4),(0.,0.0777657187145162,0.155531306704772),
 .UNSPECIFIED.);
#56=B_SPLINE_CURVE_WITH_KNOTS('',3,(#4016,#4017,#4018,#4019,#4020),
 .UNSPECIFIED.,.F.,.F.,(4,1,4),(-0.155531306704772,-0.0777657187145162,
0.),.UNSPECIFIED.);
#57=B_SPLINE_CURVE_WITH_KNOTS('',3,(#4033,#4034,#4035,#4036,#4037),
 .UNSPECIFIED.,.F.,.F.,(4,1,4),(0.,0.0784010262971624,0.158953258392483),
 .UNSPECIFIED.);
#58=B_SPLINE_CURVE_WITH_KNOTS('',3,(#4039,#4040,#4041,#4042,#4043),
 .UNSPECIFIED.,.F.,.F.,(4,1,4),(-0.158953258392483,-0.0784010262971624,
0.),.UNSPECIFIED.);
#59=B_SPLINE_CURVE_WITH_KNOTS('',3,(#4055,#4056,#4057,#4058,#4059),
 .UNSPECIFIED.,.F.,.F.,(4,1,4),(0.,0.080005589486626,0.158237501160237),
 .UNSPECIFIED.);
#60=B_SPLINE_CURVE_WITH_KNOTS('',3,(#4060,#4061,#4062,#4063,#4064),
 .UNSPECIFIED.,.F.,.F.,(4,1,4),(-0.158237501160237,-0.080005589486626,0.),
 .UNSPECIFIED.);
#61=B_SPLINE_SURFACE_WITH_KNOTS('',3,1,((#3548,#3549),(#3550,#3551),(#3552,
#3553),(#3554,#3555),(#3556,#3557)),.UNSPECIFIED.,.F.,.F.,.F.,(4,1,4),(2,
2),(-0.155531322121163,-0.0777656610605814,0.),(0.,0.01),.UNSPECIFIED.);
#62=B_SPLINE_SURFACE_WITH_KNOTS('',3,1,((#3574,#3575),(#3576,#3577),(#3578,
#3579),(#3580,#3581),(#3582,#3583)),.UNSPECIFIED.,.F.,.F.,.F.,(4,1,4),(2,
2),(-0.158237442041483,-0.0782319116736106,0.),(0.,0.01),.UNSPECIFIED.);
#63=B_SPLINE_SURFACE_WITH_KNOTS('',3,1,((#3623,#3624),(#3625,#3626),(#3627,
#3628),(#3629,#3630),(#3631,#3632)),.UNSPECIFIED.,.F.,.F.,.F.,(4,1,4),(2,
2),(-0.0577776028673315,-0.0282791449490059,0.),(0.,0.01),.UNSPECIFIED.);
#64=B_SPLINE_SURFACE_WITH_KNOTS('',3,1,((#3646,#3647),(#3648,#3649),(#3650,
#3651),(#3652,#3653),(#3654,#3655)),.UNSPECIFIED.,.F.,.F.,.F.,(4,1,4),(2,
2),(-0.0577775052153968,-0.0294984419582154,0.),(0.,0.01),.UNSPECIFIED.);
#65=B_SPLINE_SURFACE_WITH_KNOTS('',3,1,((#3669,#3670),(#3671,#3672),(#3673,
#3674),(#3675,#3676),(#3677,#3678)),.UNSPECIFIED.,.F.,.F.,.F.,(4,1,4),(2,
2),(-0.0584704722808713,-0.0288198261664375,0.),(0.,0.01),.UNSPECIFIED.);
#66=B_SPLINE_SURFACE_WITH_KNOTS('',3,1,((#3692,#3693),(#3694,#3695),(#3696,
#3697),(#3698,#3699),(#3700,#3701)),.UNSPECIFIED.,.F.,.F.,.F.,(4,1,4),(2,
2),(-0.0577776544667526,-0.0294983925937415,0.),(0.,0.01),.UNSPECIFIED.);
#67=B_SPLINE_SURFACE_WITH_KNOTS('',3,1,((#3729,#3730),(#3731,#3732),(#3733,
#3734),(#3735,#3736),(#3737,#3738)),.UNSPECIFIED.,.F.,.F.,.F.,(4,1,4),(2,
2),(-0.235104799233565,-0.115279164861841,0.),(0.,0.01),.UNSPECIFIED.);
#68=B_SPLINE_SURFACE_WITH_KNOTS('',3,1,((#3752,#3753),(#3754,#3755),(#3756,
#3757),(#3758,#3759),(#3760,#3761)),.UNSPECIFIED.,.F.,.F.,.F.,(4,1,4),(2,
2),(-0.236138674578387,-0.120283482146433,0.),(0.,0.01),.UNSPECIFIED.);
#69=B_SPLINE_SURFACE_WITH_KNOTS('',3,1,((#3775,#3776),(#3777,#3778),(#3779,
#3780),(#3781,#3782),(#3783,#3784)),.UNSPECIFIED.,.F.,.F.,.F.,(4,1,4),(2,
2),(-0.158582207633888,-0.0800966923414037,0.),(0.,0.01),.UNSPECIFIED.);
#70=B_SPLINE_SURFACE_WITH_KNOTS('',3,1,((#3798,#3799),(#3800,#3801),(#3802,
#3803),(#3804,#3805),(#3806,#3807)),.UNSPECIFIED.,.F.,.F.,.F.,(4,1,4),(2,
2),(-0.156079514863173,-0.078039728530542,0.),(0.,0.01),.UNSPECIFIED.);
#71=B_SPLINE_SURFACE_WITH_KNOTS('',3,1,((#3821,#3822),(#3823,#3824),(#3825,
#3826),(#3827,#3828),(#3829,#3830)),.UNSPECIFIED.,.F.,.F.,.F.,(4,1,4),(2,
2),(-0.158582261287161,-0.0784855765322683,0.),(0.,0.01),.UNSPECIFIED.);
#72=B_SPLINE_SURFACE_WITH_KNOTS('',3,1,((#3870,#3871),(#3872,#3873),(#3874,
#3875),(#3876,#3877),(#3878,#3879)),.UNSPECIFIED.,.F.,.F.,.F.,(4,1,4),(2,
2),(-0.0584156389799631,-0.0284592303870322,0.),(0.,0.01),.UNSPECIFIED.);
#73=B_SPLINE_SURFACE_WITH_KNOTS('',3,1,((#3893,#3894),(#3895,#3896),(#3897,
#3898),(#3899,#3900),(#3901,#3902)),.UNSPECIFIED.,.F.,.F.,.F.,(4,1,4),(2,
2),(-0.0584156974565176,-0.029956408592931,0.),(0.,0.01),.UNSPECIFIED.);
#74=B_SPLINE_SURFACE_WITH_KNOTS('',3,1,((#3916,#3917),(#3918,#3919),(#3920,
#3921),(#3922,#3923),(#3924,#3925)),.UNSPECIFIED.,.F.,.F.,.F.,(4,1,4),(2,
2),(-0.0584704802417408,-0.028819767661571,0.),(0.,0.01),.UNSPECIFIED.);
#75=B_SPLINE_SURFACE_WITH_KNOTS('',3,1,((#3939,#3940),(#3941,#3942),(#3943,
#3944),(#3945,#3946),(#3947,#3948)),.UNSPECIFIED.,.F.,.F.,.F.,(4,1,4),(2,
2),(-0.0584156389799631,-0.029956408592931,0.),(0.,0.01),.UNSPECIFIED.);
#76=B_SPLINE_SURFACE_WITH_KNOTS('',3,1,((#3976,#3977),(#3978,#3979),(#3980,
#3981),(#3982,#3983),(#3984,#3985)),.UNSPECIFIED.,.F.,.F.,.F.,(4,1,4),(2,
2),(-0.158237457748274,-0.0800055227727176,0.),(0.,0.01),.UNSPECIFIED.);
#77=B_SPLINE_SURFACE_WITH_KNOTS('',3,1,((#3999,#4000),(#4001,#4002),(#4003,
#4004),(#4005,#4006),(#4007,#4008)),.UNSPECIFIED.,.F.,.F.,.F.,(4,1,4),(2,
2),(-0.155531306704772,-0.0777657187145162,0.),(0.,0.01),.UNSPECIFIED.);
#78=B_SPLINE_SURFACE_WITH_KNOTS('',3,1,((#4022,#4023),(#4024,#4025),(#4026,
#4027),(#4028,#4029),(#4030,#4031)),.UNSPECIFIED.,.F.,.F.,.F.,(4,1,4),(2,
2),(-0.158953258392483,-0.0784010262971624,0.),(0.,0.01),.UNSPECIFIED.);
#79=B_SPLINE_SURFACE_WITH_KNOTS('',3,1,((#4045,#4046),(#4047,#4048),(#4049,
#4050),(#4051,#4052),(#4053,#4054)),.UNSPECIFIED.,.F.,.F.,.F.,(4,1,4),(2,
2),(-0.158237501160237,-0.080005589486626,0.),(0.,0.01),.UNSPECIFIED.);
#80=SHAPE_REPRESENTATION_RELATIONSHIP('SRR','None',#4122,#82);
#81=SHAPE_REPRESENTATION_RELATIONSHIP('SRR','None',#4121,#83);
#82=ADVANCED_BREP_SHAPE_REPRESENTATION('',(#87),#4110);
#83=ADVANCED_BREP_SHAPE_REPRESENTATION('',(#88,#89),#4109);
#84=STYLED_ITEM('',(#4137),#87);
#85=STYLED_ITEM('',(#4136),#88);
#86=STYLED_ITEM('',(#4136),#89);
#87=MANIFOLD_SOLID_BREP('Cover',#2327);
#88=MANIFOLD_SOLID_BREP('L',#2328);
#89=MANIFOLD_SOLID_BREP('2)',#2329);
#90=CONICAL_SURFACE('',#2447,1.67873815390345,0.785398163397447);
#91=CONICAL_SURFACE('',#2450,1.67873815390345,0.785398163397448);
#92=CONICAL_SURFACE('',#2453,0.97,0.785398163397448);
#93=CONICAL_SURFACE('',#2456,0.970000000000001,0.785398163397447);
#94=CYLINDRICAL_SURFACE('',#2365,2.);
#95=CYLINDRICAL_SURFACE('',#2385,2.);
#96=CYLINDRICAL_SURFACE('',#2416,2.50000000000001);
#97=CYLINDRICAL_SURFACE('',#2435,2.5);
#98=CYLINDRICAL_SURFACE('',#2461,1.52873815390345);
#99=CYLINDRICAL_SURFACE('',#2463,1.52873815390345);
#100=CYLINDRICAL_SURFACE('',#2471,1.02999998793006);
#101=CYLINDRICAL_SURFACE('',#2474,1.02999998793006);
#102=CYLINDRICAL_SURFACE('',#2484,1.12);
#103=CYLINDRICAL_SURFACE('',#2485,1.12);
#104=FACE_BOUND('',#297,.T.);
#105=FACE_BOUND('',#298,.T.);
#106=FACE_BOUND('',#316,.T.);
#107=FACE_BOUND('',#372,.T.);
#108=CIRCLE('',#2352,2.);
#109=CIRCLE('',#2355,2.);
#110=CIRCLE('',#2356,2.5);
#111=CIRCLE('',#2357,2.50000000000001);
#112=CIRCLE('',#2358,2.);
#113=CIRCLE('',#2359,1.52873815390345);
#114=CIRCLE('',#2360,1.52873815390345);
#115=CIRCLE('',#2366,2.);
#116=CIRCLE('',#2367,2.);
#117=CIRCLE('',#2370,2.);
#118=CIRCLE('',#2371,2.);
#119=CIRCLE('',#2374,2.);
#120=CIRCLE('',#2383,2.50000000000001);
#121=CIRCLE('',#2386,2.);
#122=CIRCLE('',#2387,2.);
#123=CIRCLE('',#2389,2.);
#124=CIRCLE('',#2390,2.);
#125=CIRCLE('',#2397,2.50000000000001);
#126=CIRCLE('',#2398,2.5);
#127=CIRCLE('',#2399,1.82873815390345);
#128=CIRCLE('',#2400,1.82873815390345);
#129=CIRCLE('',#2401,0.820000000000001);
#130=CIRCLE('',#2402,0.82);
#131=CIRCLE('',#2404,2.5);
#132=CIRCLE('',#2415,2.50000000000001);
#133=CIRCLE('',#2417,2.50000000000001);
#134=CIRCLE('',#2418,2.50000000000001);
#135=CIRCLE('',#2422,2.5);
#136=CIRCLE('',#2424,2.5);
#137=CIRCLE('',#2434,2.5);
#138=CIRCLE('',#2448,1.52873815390345);
#139=CIRCLE('',#2451,1.52873815390345);
#140=CIRCLE('',#2454,1.12);
#141=CIRCLE('',#2457,1.12);
#142=CIRCLE('',#2467,1.02999998793006);
#143=CIRCLE('',#2468,1.02999998793006);
#144=CIRCLE('',#2472,1.02999998793006);
#145=CIRCLE('',#2475,1.02999998793006);
#146=CIRCLE('',#2479,1.12);
#147=CIRCLE('',#2480,1.12);
#148=ELLIPSE('',#2350,2.82842712474619,2.);
#149=ELLIPSE('',#2368,2.82842712474619,2.);
#150=ELLIPSE('',#2369,2.82842923209253,2.);
#151=ELLIPSE('',#2372,2.82840157373687,2.);
#152=ELLIPSE('',#2373,2.82842601839161,2.);
#153=ELLIPSE('',#2377,3.53550196717111,2.50000000000001);
#154=ELLIPSE('',#2388,2.82842923209253,2.);
#155=ELLIPSE('',#2391,2.82842601839161,2.);
#156=ELLIPSE('',#2392,2.82843691076872,2.);
#157=ELLIPSE('',#2394,3.53553252298951,2.5);
#158=ELLIPSE('',#2408,3.53553252298953,2.50000000000001);
#159=ELLIPSE('',#2411,3.5355461384609,2.5);
#160=ELLIPSE('',#2419,3.53554869259581,2.50000000000001);
#161=ELLIPSE('',#2420,3.53553390593274,2.50000000000001);
#162=ELLIPSE('',#2428,3.5355486925958,2.5);
#163=ELLIPSE('',#2430,3.53553390593273,2.5);
#164=FACE_OUTER_BOUND('',#288,.T.);
#165=FACE_OUTER_BOUND('',#289,.T.);
#166=FACE_OUTER_BOUND('',#290,.T.);
#167=FACE_OUTER_BOUND('',#291,.T.);
#168=FACE_OUTER_BOUND('',#292,.T.);
#169=FACE_OUTER_BOUND('',#293,.T.);
#170=FACE_OUTER_BOUND('',#294,.T.);
#171=FACE_OUTER_BOUND('',#295,.T.);
#172=FACE_OUTER_BOUND('',#296,.T.);
#173=FACE_OUTER_BOUND('',#299,.T.);
#174=FACE_OUTER_BOUND('',#300,.T.);
#175=FACE_OUTER_BOUND('',#301,.T.);
#176=FACE_OUTER_BOUND('',#302,.T.);
#177=FACE_OUTER_BOUND('',#303,.T.);
#178=FACE_OUTER_BOUND('',#304,.T.);
#179=FACE_OUTER_BOUND('',#305,.T.);
#180=FACE_OUTER_BOUND('',#306,.T.);
#181=FACE_OUTER_BOUND('',#307,.T.);
#182=FACE_OUTER_BOUND('',#308,.T.);
#183=FACE_OUTER_BOUND('',#309,.T.);
#184=FACE_OUTER_BOUND('',#310,.T.);
#185=FACE_OUTER_BOUND('',#311,.T.);
#186=FACE_OUTER_BOUND('',#312,.T.);
#187=FACE_OUTER_BOUND('',#313,.T.);
#188=FACE_OUTER_BOUND('',#314,.T.);
#189=FACE_OUTER_BOUND('',#315,.T.);
#190=FACE_OUTER_BOUND('',#317,.T.);
#191=FACE_OUTER_BOUND('',#318,.T.);
#192=FACE_OUTER_BOUND('',#319,.T.);
#193=FACE_OUTER_BOUND('',#320,.T.);
#194=FACE_OUTER_BOUND('',#321,.T.);
#195=FACE_OUTER_BOUND('',#322,.T.);
#196=FACE_OUTER_BOUND('',#323,.T.);
#197=FACE_OUTER_BOUND('',#324,.T.);
#198=FACE_OUTER_BOUND('',#325,.T.);
#199=FACE_OUTER_BOUND('',#326,.T.);
#200=FACE_OUTER_BOUND('',#327,.T.);
#201=FACE_OUTER_BOUND('',#328,.T.);
#202=FACE_OUTER_BOUND('',#329,.T.);
#203=FACE_OUTER_BOUND('',#330,.T.);
#204=FACE_OUTER_BOUND('',#331,.T.);
#205=FACE_OUTER_BOUND('',#332,.T.);
#206=FACE_OUTER_BOUND('',#333,.T.);
#207=FACE_OUTER_BOUND('',#334,.T.);
#208=FACE_OUTER_BOUND('',#335,.T.);
#209=FACE_OUTER_BOUND('',#336,.T.);
#210=FACE_OUTER_BOUND('',#337,.T.);
#211=FACE_OUTER_BOUND('',#338,.T.);
#212=FACE_OUTER_BOUND('',#339,.T.);
#213=FACE_OUTER_BOUND('',#340,.T.);
#214=FACE_OUTER_BOUND('',#341,.T.);
#215=FACE_OUTER_BOUND('',#342,.T.);
#216=FACE_OUTER_BOUND('',#343,.T.);
#217=FACE_OUTER_BOUND('',#344,.T.);
#218=FACE_OUTER_BOUND('',#345,.T.);
#219=FACE_OUTER_BOUND('',#346,.T.);
#220=FACE_OUTER_BOUND('',#347,.T.);
#221=FACE_OUTER_BOUND('',#348,.T.);
#222=FACE_OUTER_BOUND('',#349,.T.);
#223=FACE_OUTER_BOUND('',#350,.T.);
#224=FACE_OUTER_BOUND('',#351,.T.);
#225=FACE_OUTER_BOUND('',#352,.T.);
#226=FACE_OUTER_BOUND('',#353,.T.);
#227=FACE_OUTER_BOUND('',#354,.T.);
#228=FACE_OUTER_BOUND('',#355,.T.);
#229=FACE_OUTER_BOUND('',#356,.T.);
#230=FACE_OUTER_BOUND('',#357,.T.);
#231=FACE_OUTER_BOUND('',#358,.T.);
#232=FACE_OUTER_BOUND('',#359,.T.);
#233=FACE_OUTER_BOUND('',#360,.T.);
#234=FACE_OUTER_BOUND('',#361,.T.);
#235=FACE_OUTER_BOUND('',#362,.T.);
#236=FACE_OUTER_BOUND('',#363,.T.);
#237=FACE_OUTER_BOUND('',#364,.T.);
#238=FACE_OUTER_BOUND('',#365,.T.);
#239=FACE_OUTER_BOUND('',#366,.T.);
#240=FACE_OUTER_BOUND('',#367,.T.);
#241=FACE_OUTER_BOUND('',#368,.T.);
#242=FACE_OUTER_BOUND('',#369,.T.);
#243=FACE_OUTER_BOUND('',#370,.T.);
#244=FACE_OUTER_BOUND('',#371,.T.);
#245=FACE_OUTER_BOUND('',#373,.T.);
#246=FACE_OUTER_BOUND('',#374,.T.);
#247=FACE_OUTER_BOUND('',#375,.T.);
#248=FACE_OUTER_BOUND('',#376,.T.);
#249=FACE_OUTER_BOUND('',#377,.T.);
#250=FACE_OUTER_BOUND('',#378,.T.);
#251=FACE_OUTER_BOUND('',#379,.T.);
#252=FACE_OUTER_BOUND('',#380,.T.);
#253=FACE_OUTER_BOUND('',#381,.T.);
#254=FACE_OUTER_BOUND('',#382,.T.);
#255=FACE_OUTER_BOUND('',#383,.T.);
#256=FACE_OUTER_BOUND('',#384,.T.);
#257=FACE_OUTER_BOUND('',#385,.T.);
#258=FACE_OUTER_BOUND('',#386,.T.);
#259=FACE_OUTER_BOUND('',#387,.T.);
#260=FACE_OUTER_BOUND('',#388,.T.);
#261=FACE_OUTER_BOUND('',#389,.T.);
#262=FACE_OUTER_BOUND('',#390,.T.);
#263=FACE_OUTER_BOUND('',#391,.T.);
#264=FACE_OUTER_BOUND('',#392,.T.);
#265=FACE_OUTER_BOUND('',#393,.T.);
#266=FACE_OUTER_BOUND('',#394,.T.);
#267=FACE_OUTER_BOUND('',#395,.T.);
#268=FACE_OUTER_BOUND('',#396,.T.);
#269=FACE_OUTER_BOUND('',#397,.T.);
#270=FACE_OUTER_BOUND('',#398,.T.);
#271=FACE_OUTER_BOUND('',#399,.T.);
#272=FACE_OUTER_BOUND('',#400,.T.);
#273=FACE_OUTER_BOUND('',#401,.T.);
#274=FACE_OUTER_BOUND('',#402,.T.);
#275=FACE_OUTER_BOUND('',#403,.T.);
#276=FACE_OUTER_BOUND('',#404,.T.);
#277=FACE_OUTER_BOUND('',#405,.T.);
#278=FACE_OUTER_BOUND('',#406,.T.);
#279=FACE_OUTER_BOUND('',#407,.T.);
#280=FACE_OUTER_BOUND('',#408,.T.);
#281=FACE_OUTER_BOUND('',#409,.T.);
#282=FACE_OUTER_BOUND('',#410,.T.);
#283=FACE_OUTER_BOUND('',#411,.T.);
#284=FACE_OUTER_BOUND('',#412,.T.);
#285=FACE_OUTER_BOUND('',#413,.T.);
#286=FACE_OUTER_BOUND('',#414,.T.);
#287=FACE_OUTER_BOUND('',#415,.T.);
#288=EDGE_LOOP('',(#1440,#1441,#1442,#1443,#1444,#1445));
#289=EDGE_LOOP('',(#1446,#1447,#1448,#1449));
#290=EDGE_LOOP('',(#1450,#1451,#1452,#1453));
#291=EDGE_LOOP('',(#1454,#1455,#1456,#1457));
#292=EDGE_LOOP('',(#1458,#1459,#1460,#1461,#1462,#1463));
#293=EDGE_LOOP('',(#1464,#1465,#1466,#1467));
#294=EDGE_LOOP('',(#1468,#1469,#1470,#1471));
#295=EDGE_LOOP('',(#1472,#1473,#1474,#1475,#1476,#1477,#1478,#1479,#1480,
#1481,#1482,#1483,#1484,#1485,#1486,#1487));
#296=EDGE_LOOP('',(#1488,#1489,#1490,#1491,#1492,#1493,#1494,#1495,#1496,
#1497,#1498,#1499));
#297=EDGE_LOOP('',(#1500,#1501,#1502,#1503,#1504,#1505));
#298=EDGE_LOOP('',(#1506,#1507,#1508,#1509,#1510,#1511));
#299=EDGE_LOOP('',(#1512,#1513,#1514,#1515));
#300=EDGE_LOOP('',(#1516,#1517,#1518,#1519));
#301=EDGE_LOOP('',(#1520,#1521,#1522,#1523));
#302=EDGE_LOOP('',(#1524,#1525,#1526,#1527));
#303=EDGE_LOOP('',(#1528,#1529,#1530,#1531,#1532,#1533,#1534,#1535,#1536,
#1537,#1538,#1539,#1540,#1541,#1542,#1543));
#304=EDGE_LOOP('',(#1544,#1545,#1546,#1547));
#305=EDGE_LOOP('',(#1548,#1549,#1550,#1551));
#306=EDGE_LOOP('',(#1552,#1553,#1554,#1555));
#307=EDGE_LOOP('',(#1556,#1557,#1558,#1559));
#308=EDGE_LOOP('',(#1560,#1561,#1562,#1563));
#309=EDGE_LOOP('',(#1564,#1565,#1566,#1567));
#310=EDGE_LOOP('',(#1568,#1569,#1570,#1571));
#311=EDGE_LOOP('',(#1572,#1573,#1574,#1575));
#312=EDGE_LOOP('',(#1576,#1577,#1578,#1579,#1580,#1581,#1582,#1583,#1584,
#1585,#1586,#1587,#1588,#1589,#1590,#1591));
#313=EDGE_LOOP('',(#1592,#1593,#1594,#1595));
#314=EDGE_LOOP('',(#1596,#1597,#1598,#1599));
#315=EDGE_LOOP('',(#1600,#1601,#1602,#1603,#1604,#1605,#1606,#1607));
#316=EDGE_LOOP('',(#1608,#1609,#1610,#1611,#1612,#1613,#1614,#1615,#1616,
#1617,#1618,#1619));
#317=EDGE_LOOP('',(#1620,#1621,#1622,#1623));
#318=EDGE_LOOP('',(#1624,#1625,#1626,#1627));
#319=EDGE_LOOP('',(#1628,#1629,#1630,#1631));
#320=EDGE_LOOP('',(#1632,#1633,#1634,#1635));
#321=EDGE_LOOP('',(#1636,#1637,#1638,#1639));
#322=EDGE_LOOP('',(#1640,#1641,#1642,#1643));
#323=EDGE_LOOP('',(#1644,#1645,#1646,#1647));
#324=EDGE_LOOP('',(#1648,#1649,#1650,#1651));
#325=EDGE_LOOP('',(#1652,#1653,#1654,#1655));
#326=EDGE_LOOP('',(#1656,#1657,#1658,#1659,#1660,#1661,#1662,#1663,#1664,
#1665,#1666,#1667,#1668,#1669,#1670,#1671));
#327=EDGE_LOOP('',(#1672,#1673,#1674,#1675));
#328=EDGE_LOOP('',(#1676,#1677,#1678,#1679));
#329=EDGE_LOOP('',(#1680,#1681,#1682,#1683));
#330=EDGE_LOOP('',(#1684,#1685,#1686,#1687));
#331=EDGE_LOOP('',(#1688,#1689,#1690,#1691));
#332=EDGE_LOOP('',(#1692,#1693,#1694,#1695));
#333=EDGE_LOOP('',(#1696,#1697,#1698,#1699));
#334=EDGE_LOOP('',(#1700,#1701,#1702,#1703));
#335=EDGE_LOOP('',(#1704,#1705,#1706,#1707));
#336=EDGE_LOOP('',(#1708,#1709,#1710,#1711,#1712,#1713,#1714,#1715,#1716,
#1717,#1718,#1719,#1720,#1721,#1722,#1723));
#337=EDGE_LOOP('',(#1724,#1725,#1726,#1727));
#338=EDGE_LOOP('',(#1728,#1729,#1730,#1731));
#339=EDGE_LOOP('',(#1732,#1733,#1734,#1735,#1736));
#340=EDGE_LOOP('',(#1737,#1738,#1739,#1740));
#341=EDGE_LOOP('',(#1741,#1742,#1743,#1744,#1745));
#342=EDGE_LOOP('',(#1746,#1747,#1748,#1749,#1750,#1751));
#343=EDGE_LOOP('',(#1752,#1753,#1754,#1755));
#344=EDGE_LOOP('',(#1756,#1757,#1758,#1759,#1760,#1761,#1762,#1763));
#345=EDGE_LOOP('',(#1764,#1765,#1766,#1767));
#346=EDGE_LOOP('',(#1768,#1769,#1770,#1771));
#347=EDGE_LOOP('',(#1772,#1773,#1774,#1775));
#348=EDGE_LOOP('',(#1776,#1777,#1778,#1779));
#349=EDGE_LOOP('',(#1780,#1781,#1782,#1783));
#350=EDGE_LOOP('',(#1784,#1785,#1786,#1787));
#351=EDGE_LOOP('',(#1788,#1789,#1790,#1791));
#352=EDGE_LOOP('',(#1792,#1793,#1794,#1795));
#353=EDGE_LOOP('',(#1796,#1797,#1798,#1799));
#354=EDGE_LOOP('',(#1800,#1801,#1802,#1803));
#355=EDGE_LOOP('',(#1804,#1805,#1806,#1807));
#356=EDGE_LOOP('',(#1808,#1809,#1810,#1811));
#357=EDGE_LOOP('',(#1812,#1813,#1814,#1815));
#358=EDGE_LOOP('',(#1816,#1817,#1818,#1819));
#359=EDGE_LOOP('',(#1820,#1821,#1822,#1823));
#360=EDGE_LOOP('',(#1824,#1825,#1826,#1827));
#361=EDGE_LOOP('',(#1828,#1829,#1830,#1831));
#362=EDGE_LOOP('',(#1832,#1833,#1834,#1835));
#363=EDGE_LOOP('',(#1836,#1837,#1838,#1839));
#364=EDGE_LOOP('',(#1840,#1841,#1842,#1843,#1844,#1845,#1846,#1847,#1848,
#1849));
#365=EDGE_LOOP('',(#1850,#1851,#1852,#1853,#1854,#1855,#1856,#1857,#1858,
#1859));
#366=EDGE_LOOP('',(#1860,#1861,#1862,#1863));
#367=EDGE_LOOP('',(#1864,#1865,#1866,#1867));
#368=EDGE_LOOP('',(#1868,#1869,#1870,#1871));
#369=EDGE_LOOP('',(#1872,#1873,#1874,#1875));
#370=EDGE_LOOP('',(#1876,#1877,#1878,#1879));
#371=EDGE_LOOP('',(#1880,#1881,#1882,#1883,#1884,#1885));
#372=EDGE_LOOP('',(#1886,#1887,#1888,#1889));
#373=EDGE_LOOP('',(#1890,#1891,#1892,#1893));
#374=EDGE_LOOP('',(#1894,#1895,#1896,#1897));
#375=EDGE_LOOP('',(#1898,#1899,#1900,#1901));
#376=EDGE_LOOP('',(#1902,#1903,#1904,#1905));
#377=EDGE_LOOP('',(#1906,#1907,#1908,#1909));
#378=EDGE_LOOP('',(#1910,#1911,#1912,#1913));
#379=EDGE_LOOP('',(#1914,#1915,#1916,#1917));
#380=EDGE_LOOP('',(#1918,#1919,#1920,#1921));
#381=EDGE_LOOP('',(#1922,#1923,#1924,#1925));
#382=EDGE_LOOP('',(#1926,#1927,#1928,#1929));
#383=EDGE_LOOP('',(#1930,#1931,#1932,#1933));
#384=EDGE_LOOP('',(#1934,#1935,#1936,#1937));
#385=EDGE_LOOP('',(#1938,#1939,#1940,#1941));
#386=EDGE_LOOP('',(#1942,#1943,#1944,#1945));
#387=EDGE_LOOP('',(#1946,#1947,#1948,#1949));
#388=EDGE_LOOP('',(#1950,#1951,#1952,#1953));
#389=EDGE_LOOP('',(#1954,#1955,#1956,#1957));
#390=EDGE_LOOP('',(#1958,#1959,#1960,#1961));
#391=EDGE_LOOP('',(#1962,#1963,#1964,#1965));
#392=EDGE_LOOP('',(#1966,#1967,#1968,#1969));
#393=EDGE_LOOP('',(#1970,#1971,#1972,#1973));
#394=EDGE_LOOP('',(#1974,#1975,#1976,#1977));
#395=EDGE_LOOP('',(#1978,#1979,#1980,#1981));
#396=EDGE_LOOP('',(#1982,#1983,#1984,#1985));
#397=EDGE_LOOP('',(#1986,#1987,#1988,#1989));
#398=EDGE_LOOP('',(#1990,#1991,#1992,#1993));
#399=EDGE_LOOP('',(#1994,#1995,#1996,#1997));
#400=EDGE_LOOP('',(#1998,#1999,#2000,#2001));
#401=EDGE_LOOP('',(#2002,#2003,#2004,#2005));
#402=EDGE_LOOP('',(#2006,#2007,#2008,#2009));
#403=EDGE_LOOP('',(#2010,#2011,#2012,#2013));
#404=EDGE_LOOP('',(#2014,#2015,#2016,#2017));
#405=EDGE_LOOP('',(#2018,#2019,#2020,#2021));
#406=EDGE_LOOP('',(#2022,#2023,#2024,#2025,#2026,#2027,#2028,#2029,#2030,
#2031,#2032,#2033,#2034,#2035,#2036,#2037,#2038,#2039,#2040,#2041,#2042,
#2043,#2044,#2045,#2046,#2047,#2048));
#407=EDGE_LOOP('',(#2049,#2050,#2051,#2052,#2053,#2054,#2055,#2056,#2057,
#2058,#2059,#2060,#2061,#2062,#2063,#2064,#2065,#2066,#2067,#2068,#2069,
#2070,#2071,#2072,#2073,#2074,#2075));
#408=EDGE_LOOP('',(#2076,#2077,#2078,#2079));
#409=EDGE_LOOP('',(#2080,#2081,#2082,#2083));
#410=EDGE_LOOP('',(#2084,#2085,#2086,#2087));
#411=EDGE_LOOP('',(#2088,#2089,#2090,#2091));
#412=EDGE_LOOP('',(#2092,#2093,#2094,#2095));
#413=EDGE_LOOP('',(#2096,#2097,#2098,#2099));
#414=EDGE_LOOP('',(#2100,#2101,#2102,#2103,#2104,#2105));
#415=EDGE_LOOP('',(#2106,#2107,#2108,#2109,#2110,#2111));
#416=LINE('',#3073,#650);
#417=LINE('',#3075,#651);
#418=LINE('',#3077,#652);
#419=LINE('',#3079,#653);
#420=LINE('',#3081,#654);
#421=LINE('',#3082,#655);
#422=LINE('',#3085,#656);
#423=LINE('',#3087,#657);
#424=LINE('',#3088,#658);
#425=LINE('',#3091,#659);
#426=LINE('',#3092,#660);
#427=LINE('',#3095,#661);
#428=LINE('',#3096,#662);
#429=LINE('',#3100,#663);
#430=LINE('',#3102,#664);
#431=LINE('',#3104,#665);
#432=LINE('',#3106,#666);
#433=LINE('',#3108,#667);
#434=LINE('',#3109,#668);
#435=LINE('',#3112,#669);
#436=LINE('',#3115,#670);
#437=LINE('',#3118,#671);
#438=LINE('',#3122,#672);
#439=LINE('',#3124,#673);
#440=LINE('',#3126,#674);
#441=LINE('',#3128,#675);
#442=LINE('',#3130,#676);
#443=LINE('',#3132,#677);
#444=LINE('',#3134,#678);
#445=LINE('',#3135,#679);
#446=LINE('',#3137,#680);
#447=LINE('',#3139,#681);
#448=LINE('',#3141,#682);
#449=LINE('',#3142,#683);
#450=LINE('',#3147,#684);
#451=LINE('',#3151,#685);
#452=LINE('',#3155,#686);
#453=LINE('',#3159,#687);
#454=LINE('',#3161,#688);
#455=LINE('',#3163,#689);
#456=LINE('',#3164,#690);
#457=LINE('',#3167,#691);
#458=LINE('',#3169,#692);
#459=LINE('',#3171,#693);
#460=LINE('',#3173,#694);
#461=LINE('',#3175,#695);
#462=LINE('',#3176,#696);
#463=LINE('',#3179,#697);
#464=LINE('',#3183,#698);
#465=LINE('',#3185,#699);
#466=LINE('',#3187,#700);
#467=LINE('',#3191,#701);
#468=LINE('',#3192,#702);
#469=LINE('',#3194,#703);
#470=LINE('',#3198,#704);
#471=LINE('',#3200,#705);
#472=LINE('',#3202,#706);
#473=LINE('',#3203,#707);
#474=LINE('',#3205,#708);
#475=LINE('',#3206,#709);
#476=LINE('',#3215,#710);
#477=LINE('',#3220,#711);
#478=LINE('',#3222,#712);
#479=LINE('',#3228,#713);
#480=LINE('',#3233,#714);
#481=LINE('',#3236,#715);
#482=LINE('',#3238,#716);
#483=LINE('',#3239,#717);
#484=LINE('',#3242,#718);
#485=LINE('',#3246,#719);
#486=LINE('',#3247,#720);
#487=LINE('',#3250,#721);
#488=LINE('',#3251,#722);
#489=LINE('',#3254,#723);
#490=LINE('',#3255,#724);
#491=LINE('',#3258,#725);
#492=LINE('',#3259,#726);
#493=LINE('',#3264,#727);
#494=LINE('',#3265,#728);
#495=LINE('',#3270,#729);
#496=LINE('',#3275,#730);
#497=LINE('',#3279,#731);
#498=LINE('',#3285,#732);
#499=LINE('',#3289,#733);
#500=LINE('',#3292,#734);
#501=LINE('',#3295,#735);
#502=LINE('',#3297,#736);
#503=LINE('',#3298,#737);
#504=LINE('',#3301,#738);
#505=LINE('',#3305,#739);
#506=LINE('',#3311,#740);
#507=LINE('',#3315,#741);
#508=LINE('',#3317,#742);
#509=LINE('',#3319,#743);
#510=LINE('',#3323,#744);
#511=LINE('',#3327,#745);
#512=LINE('',#3329,#746);
#513=LINE('',#3330,#747);
#514=LINE('',#3334,#748);
#515=LINE('',#3336,#749);
#516=LINE('',#3340,#750);
#517=LINE('',#3343,#751);
#518=LINE('',#3344,#752);
#519=LINE('',#3348,#753);
#520=LINE('',#3351,#754);
#521=LINE('',#3352,#755);
#522=LINE('',#3354,#756);
#523=LINE('',#3358,#757);
#524=LINE('',#3363,#758);
#525=LINE('',#3364,#759);
#526=LINE('',#3366,#760);
#527=LINE('',#3372,#761);
#528=LINE('',#3376,#762);
#529=LINE('',#3379,#763);
#530=LINE('',#3382,#764);
#531=LINE('',#3385,#765);
#532=LINE('',#3389,#766);
#533=LINE('',#3391,#767);
#534=LINE('',#3392,#768);
#535=LINE('',#3400,#769);
#536=LINE('',#3401,#770);
#537=LINE('',#3405,#771);
#538=LINE('',#3406,#772);
#539=LINE('',#3411,#773);
#540=LINE('',#3412,#774);
#541=LINE('',#3415,#775);
#542=LINE('',#3416,#776);
#543=LINE('',#3419,#777);
#544=LINE('',#3420,#778);
#545=LINE('',#3423,#779);
#546=LINE('',#3424,#780);
#547=LINE('',#3427,#781);
#548=LINE('',#3429,#782);
#549=LINE('',#3430,#783);
#550=LINE('',#3433,#784);
#551=LINE('',#3435,#785);
#552=LINE('',#3437,#786);
#553=LINE('',#3439,#787);
#554=LINE('',#3440,#788);
#555=LINE('',#3441,#789);
#556=LINE('',#3444,#790);
#557=LINE('',#3445,#791);
#558=LINE('',#3446,#792);
#559=LINE('',#3448,#793);
#560=LINE('',#3451,#794);
#561=LINE('',#3452,#795);
#562=LINE('',#3455,#796);
#563=LINE('',#3459,#797);
#564=LINE('',#3460,#798);
#565=LINE('',#3463,#799);
#566=LINE('',#3466,#800);
#567=LINE('',#3469,#801);
#568=LINE('',#3473,#802);
#569=LINE('',#3474,#803);
#570=LINE('',#3477,#804);
#571=LINE('',#3480,#805);
#572=LINE('',#3482,#806);
#573=LINE('',#3484,#807);
#574=LINE('',#3485,#808);
#575=LINE('',#3488,#809);
#576=LINE('',#3491,#810);
#577=LINE('',#3498,#811);
#578=LINE('',#3501,#812);
#579=LINE('',#3504,#813);
#580=LINE('',#3505,#814);
#581=LINE('',#3508,#815);
#582=LINE('',#3509,#816);
#583=LINE('',#3514,#817);
#584=LINE('',#3515,#818);
#585=LINE('',#3518,#819);
#586=LINE('',#3519,#820);
#587=LINE('',#3523,#821);
#588=LINE('',#3525,#822);
#589=LINE('',#3528,#823);
#590=LINE('',#3529,#824);
#591=LINE('',#3532,#825);
#592=LINE('',#3536,#826);
#593=LINE('',#3539,#827);
#594=LINE('',#3541,#828);
#595=LINE('',#3544,#829);
#596=LINE('',#3546,#830);
#597=LINE('',#3566,#831);
#598=LINE('',#3573,#832);
#599=LINE('',#3596,#833);
#600=LINE('',#3599,#834);
#601=LINE('',#3601,#835);
#602=LINE('',#3602,#836);
#603=LINE('',#3605,#837);
#604=LINE('',#3607,#838);
#605=LINE('',#3608,#839);
#606=LINE('',#3622,#840);
#607=LINE('',#3645,#841);
#608=LINE('',#3668,#842);
#609=LINE('',#3691,#843);
#610=LINE('',#3714,#844);
#611=LINE('',#3728,#845);
#612=LINE('',#3751,#846);
#613=LINE('',#3774,#847);
#614=LINE('',#3797,#848);
#615=LINE('',#3820,#849);
#616=LINE('',#3843,#850);
#617=LINE('',#3846,#851);
#618=LINE('',#3848,#852);
#619=LINE('',#3849,#853);
#620=LINE('',#3852,#854);
#621=LINE('',#3854,#855);
#622=LINE('',#3855,#856);
#623=LINE('',#3869,#857);
#624=LINE('',#3892,#858);
#625=LINE('',#3915,#859);
#626=LINE('',#3938,#860);
#627=LINE('',#3961,#861);
#628=LINE('',#3975,#862);
#629=LINE('',#3998,#863);
#630=LINE('',#4021,#864);
#631=LINE('',#4044,#865);
#632=LINE('',#4070,#866);
#633=LINE('',#4072,#867);
#634=LINE('',#4074,#868);
#635=LINE('',#4075,#869);
#636=LINE('',#4078,#870);
#637=LINE('',#4080,#871);
#638=LINE('',#4081,#872);
#639=LINE('',#4084,#873);
#640=LINE('',#4086,#874);
#641=LINE('',#4087,#875);
#642=LINE('',#4090,#876);
#643=LINE('',#4092,#877);
#644=LINE('',#4093,#878);
#645=LINE('',#4096,#879);
#646=LINE('',#4098,#880);
#647=LINE('',#4099,#881);
#648=LINE('',#4101,#882);
#649=LINE('',#4102,#883);
#650=VECTOR('',#2512,10.);
#651=VECTOR('',#2513,10.);
#652=VECTOR('',#2514,10.);
#653=VECTOR('',#2515,10.);
#654=VECTOR('',#2516,10.);
#655=VECTOR('',#2517,10.);
#656=VECTOR('',#2520,10.);
#657=VECTOR('',#2521,10.);
#658=VECTOR('',#2522,10.);
#659=VECTOR('',#2525,10.);
#660=VECTOR('',#2526,10.);
#661=VECTOR('',#2529,10.);
#662=VECTOR('',#2530,10.);
#663=VECTOR('',#2533,10.);
#664=VECTOR('',#2534,10.);
#665=VECTOR('',#2535,10.);
#666=VECTOR('',#2536,10.);
#667=VECTOR('',#2537,10.);
#668=VECTOR('',#2538,10.);
#669=VECTOR('',#2541,10.);
#670=VECTOR('',#2544,10.);
#671=VECTOR('',#2547,10.);
#672=VECTOR('',#2552,10.);
#673=VECTOR('',#2553,10.);
#674=VECTOR('',#2554,10.);
#675=VECTOR('',#2555,10.);
#676=VECTOR('',#2556,10.);
#677=VECTOR('',#2557,10.);
#678=VECTOR('',#2558,10.);
#679=VECTOR('',#2559,10.);
#680=VECTOR('',#2560,10.);
#681=VECTOR('',#2561,10.);
#682=VECTOR('',#2562,10.);
#683=VECTOR('',#2563,10.);
#684=VECTOR('',#2568,10.);
#685=VECTOR('',#2571,10.);
#686=VECTOR('',#2574,10.);
#687=VECTOR('',#2577,10.);
#688=VECTOR('',#2578,10.);
#689=VECTOR('',#2579,10.);
#690=VECTOR('',#2580,10.);
#691=VECTOR('',#2581,10.);
#692=VECTOR('',#2582,10.);
#693=VECTOR('',#2583,10.);
#694=VECTOR('',#2584,10.);
#695=VECTOR('',#2585,10.);
#696=VECTOR('',#2586,10.);
#697=VECTOR('',#2587,10.);
#698=VECTOR('',#2590,10.);
#699=VECTOR('',#2591,10.);
#700=VECTOR('',#2592,10.);
#701=VECTOR('',#2597,10.);
#702=VECTOR('',#2598,10.);
#703=VECTOR('',#2601,10.);
#704=VECTOR('',#2604,10.);
#705=VECTOR('',#2605,10.);
#706=VECTOR('',#2606,10.);
#707=VECTOR('',#2607,10.);
#708=VECTOR('',#2610,10.);
#709=VECTOR('',#2611,10.);
#710=VECTOR('',#2620,10.);
#711=VECTOR('',#2625,10.);
#712=VECTOR('',#2626,10.);
#713=VECTOR('',#2631,10.);
#714=VECTOR('',#2636,10.);
#715=VECTOR('',#2639,10.);
#716=VECTOR('',#2640,10.);
#717=VECTOR('',#2641,10.);
#718=VECTOR('',#2644,10.);
#719=VECTOR('',#2649,10.);
#720=VECTOR('',#2650,10.);
#721=VECTOR('',#2653,10.);
#722=VECTOR('',#2654,10.);
#723=VECTOR('',#2657,10.);
#724=VECTOR('',#2658,10.);
#725=VECTOR('',#2661,10.);
#726=VECTOR('',#2662,10.);
#727=VECTOR('',#2669,10.);
#728=VECTOR('',#2670,10.);
#729=VECTOR('',#2675,10.);
#730=VECTOR('',#2680,10.);
#731=VECTOR('',#2683,10.);
#732=VECTOR('',#2688,10.);
#733=VECTOR('',#2693,10.);
#734=VECTOR('',#2696,10.);
#735=VECTOR('',#2699,10.);
#736=VECTOR('',#2700,10.);
#737=VECTOR('',#2701,10.);
#738=VECTOR('',#2704,10.);
#739=VECTOR('',#2707,10.);
#740=VECTOR('',#2712,10.);
#741=VECTOR('',#2715,10.);
#742=VECTOR('',#2716,10.);
#743=VECTOR('',#2717,10.);
#744=VECTOR('',#2720,10.);
#745=VECTOR('',#2723,10.);
#746=VECTOR('',#2724,10.);
#747=VECTOR('',#2725,10.);
#748=VECTOR('',#2732,10.);
#749=VECTOR('',#2735,10.);
#750=VECTOR('',#2740,10.);
#751=VECTOR('',#2743,10.);
#752=VECTOR('',#2744,10.);
#753=VECTOR('',#2749,10.);
#754=VECTOR('',#2752,10.);
#755=VECTOR('',#2753,10.);
#756=VECTOR('',#2756,10.);
#757=VECTOR('',#2761,10.);
#758=VECTOR('',#2766,10.);
#759=VECTOR('',#2767,10.);
#760=VECTOR('',#2768,10.);
#761=VECTOR('',#2773,10.);
#762=VECTOR('',#2778,10.);
#763=VECTOR('',#2781,10.);
#764=VECTOR('',#2784,10.);
#765=VECTOR('',#2787,10.);
#766=VECTOR('',#2792,10.);
#767=VECTOR('',#2793,10.);
#768=VECTOR('',#2794,10.);
#769=VECTOR('',#2807,10.);
#770=VECTOR('',#2808,10.);
#771=VECTOR('',#2815,10.);
#772=VECTOR('',#2816,10.);
#773=VECTOR('',#2823,10.);
#774=VECTOR('',#2824,10.);
#775=VECTOR('',#2827,10.);
#776=VECTOR('',#2828,10.);
#777=VECTOR('',#2831,10.);
#778=VECTOR('',#2832,10.);
#779=VECTOR('',#2835,10.);
#780=VECTOR('',#2836,10.);
#781=VECTOR('',#2839,10.);
#782=VECTOR('',#2840,10.);
#783=VECTOR('',#2841,10.);
#784=VECTOR('',#2844,10.);
#785=VECTOR('',#2845,10.);
#786=VECTOR('',#2846,10.);
#787=VECTOR('',#2847,10.);
#788=VECTOR('',#2848,10.);
#789=VECTOR('',#2849,10.);
#790=VECTOR('',#2852,10.);
#791=VECTOR('',#2853,10.);
#792=VECTOR('',#2854,10.);
#793=VECTOR('',#2857,10.);
#794=VECTOR('',#2860,10.);
#795=VECTOR('',#2861,10.);
#796=VECTOR('',#2864,10.);
#797=VECTOR('',#2869,10.);
#798=VECTOR('',#2870,10.);
#799=VECTOR('',#2873,10.);
#800=VECTOR('',#2878,10.);
#801=VECTOR('',#2881,10.);
#802=VECTOR('',#2886,10.);
#803=VECTOR('',#2887,10.);
#804=VECTOR('',#2890,10.);
#805=VECTOR('',#2895,10.);
#806=VECTOR('',#2898,10.);
#807=VECTOR('',#2901,10.);
#808=VECTOR('',#2902,10.);
#809=VECTOR('',#2907,10.);
#810=VECTOR('',#2912,10.);
#811=VECTOR('',#2919,10.);
#812=VECTOR('',#2922,10.);
#813=VECTOR('',#2925,10.);
#814=VECTOR('',#2926,10.);
#815=VECTOR('',#2929,10.);
#816=VECTOR('',#2930,10.);
#817=VECTOR('',#2935,10.);
#818=VECTOR('',#2936,10.);
#819=VECTOR('',#2939,10.);
#820=VECTOR('',#2940,10.);
#821=VECTOR('',#2945,10.);
#822=VECTOR('',#2948,10.);
#823=VECTOR('',#2951,10.);
#824=VECTOR('',#2952,10.);
#825=VECTOR('',#2955,10.);
#826=VECTOR('',#2958,10.);
#827=VECTOR('',#2963,10.);
#828=VECTOR('',#2966,10.);
#829=VECTOR('',#2971,10.);
#830=VECTOR('',#2974,10.);
#831=VECTOR('',#2977,10.);
#832=VECTOR('',#2978,10.);
#833=VECTOR('',#2979,10.);
#834=VECTOR('',#2982,10.);
#835=VECTOR('',#2983,10.);
#836=VECTOR('',#2984,10.);
#837=VECTOR('',#2987,10.);
#838=VECTOR('',#2988,10.);
#839=VECTOR('',#2989,10.);
#840=VECTOR('',#2992,10.);
#841=VECTOR('',#2993,10.);
#842=VECTOR('',#2994,10.);
#843=VECTOR('',#2995,10.);
#844=VECTOR('',#2996,10.);
#845=VECTOR('',#2999,10.);
#846=VECTOR('',#3000,10.);
#847=VECTOR('',#3001,10.);
#848=VECTOR('',#3002,10.);
#849=VECTOR('',#3003,10.);
#850=VECTOR('',#3004,10.);
#851=VECTOR('',#3007,10.);
#852=VECTOR('',#3008,10.);
#853=VECTOR('',#3009,10.);
#854=VECTOR('',#3012,10.);
#855=VECTOR('',#3013,10.);
#856=VECTOR('',#3014,10.);
#857=VECTOR('',#3017,10.);
#858=VECTOR('',#3018,10.);
#859=VECTOR('',#3019,10.);
#860=VECTOR('',#3020,10.);
#861=VECTOR('',#3021,10.);
#862=VECTOR('',#3024,10.);
#863=VECTOR('',#3025,10.);
#864=VECTOR('',#3026,10.);
#865=VECTOR('',#3027,10.);
#866=VECTOR('',#3034,10.);
#867=VECTOR('',#3035,10.);
#868=VECTOR('',#3036,10.);
#869=VECTOR('',#3037,10.);
#870=VECTOR('',#3040,10.);
#871=VECTOR('',#3041,10.);
#872=VECTOR('',#3042,10.);
#873=VECTOR('',#3045,10.);
#874=VECTOR('',#3046,10.);
#875=VECTOR('',#3047,10.);
#876=VECTOR('',#3050,10.);
#877=VECTOR('',#3051,10.);
#878=VECTOR('',#3052,10.);
#879=VECTOR('',#3055,10.);
#880=VECTOR('',#3056,10.);
#881=VECTOR('',#3057,10.);
#882=VECTOR('',#3060,10.);
#883=VECTOR('',#3061,10.);
#884=VERTEX_POINT('',#3071);
#885=VERTEX_POINT('',#3072);
#886=VERTEX_POINT('',#3074);
#887=VERTEX_POINT('',#3076);
#888=VERTEX_POINT('',#3078);
#889=VERTEX_POINT('',#3080);
#890=VERTEX_POINT('',#3084);
#891=VERTEX_POINT('',#3086);
#892=VERTEX_POINT('',#3090);
#893=VERTEX_POINT('',#3094);
#894=VERTEX_POINT('',#3098);
#895=VERTEX_POINT('',#3099);
#896=VERTEX_POINT('',#3101);
#897=VERTEX_POINT('',#3103);
#898=VERTEX_POINT('',#3105);
#899=VERTEX_POINT('',#3107);
#900=VERTEX_POINT('',#3111);
#901=VERTEX_POINT('',#3113);
#902=VERTEX_POINT('',#3117);
#903=VERTEX_POINT('',#3121);
#904=VERTEX_POINT('',#3123);
#905=VERTEX_POINT('',#3125);
#906=VERTEX_POINT('',#3127);
#907=VERTEX_POINT('',#3129);
#908=VERTEX_POINT('',#3131);
#909=VERTEX_POINT('',#3133);
#910=VERTEX_POINT('',#3136);
#911=VERTEX_POINT('',#3138);
#912=VERTEX_POINT('',#3140);
#913=VERTEX_POINT('',#3144);
#914=VERTEX_POINT('',#3146);
#915=VERTEX_POINT('',#3148);
#916=VERTEX_POINT('',#3150);
#917=VERTEX_POINT('',#3152);
#918=VERTEX_POINT('',#3154);
#919=VERTEX_POINT('',#3156);
#920=VERTEX_POINT('',#3158);
#921=VERTEX_POINT('',#3160);
#922=VERTEX_POINT('',#3162);
#923=VERTEX_POINT('',#3165);
#924=VERTEX_POINT('',#3166);
#925=VERTEX_POINT('',#3168);
#926=VERTEX_POINT('',#3170);
#927=VERTEX_POINT('',#3172);
#928=VERTEX_POINT('',#3174);
#929=VERTEX_POINT('',#3177);
#930=VERTEX_POINT('',#3178);
#931=VERTEX_POINT('',#3180);
#932=VERTEX_POINT('',#3182);
#933=VERTEX_POINT('',#3184);
#934=VERTEX_POINT('',#3186);
#935=VERTEX_POINT('',#3190);
#936=VERTEX_POINT('',#3196);
#937=VERTEX_POINT('',#3197);
#938=VERTEX_POINT('',#3199);
#939=VERTEX_POINT('',#3201);
#940=VERTEX_POINT('',#3208);
#941=VERTEX_POINT('',#3210);
#942=VERTEX_POINT('',#3212);
#943=VERTEX_POINT('',#3214);
#944=VERTEX_POINT('',#3216);
#945=VERTEX_POINT('',#3218);
#946=VERTEX_POINT('',#3221);
#947=VERTEX_POINT('',#3223);
#948=VERTEX_POINT('',#3225);
#949=VERTEX_POINT('',#3227);
#950=VERTEX_POINT('',#3229);
#951=VERTEX_POINT('',#3231);
#952=VERTEX_POINT('',#3235);
#953=VERTEX_POINT('',#3237);
#954=VERTEX_POINT('',#3241);
#955=VERTEX_POINT('',#3245);
#956=VERTEX_POINT('',#3249);
#957=VERTEX_POINT('',#3253);
#958=VERTEX_POINT('',#3257);
#959=VERTEX_POINT('',#3263);
#960=VERTEX_POINT('',#3267);
#961=VERTEX_POINT('',#3268);
#962=VERTEX_POINT('',#3271);
#963=VERTEX_POINT('',#3273);
#964=VERTEX_POINT('',#3276);
#965=VERTEX_POINT('',#3278);
#966=VERTEX_POINT('',#3280);
#967=VERTEX_POINT('',#3282);
#968=VERTEX_POINT('',#3284);
#969=VERTEX_POINT('',#3288);
#970=VERTEX_POINT('',#3290);
#971=VERTEX_POINT('',#3294);
#972=VERTEX_POINT('',#3296);
#973=VERTEX_POINT('',#3300);
#974=VERTEX_POINT('',#3302);
#975=VERTEX_POINT('',#3304);
#976=VERTEX_POINT('',#3307);
#977=VERTEX_POINT('',#3308);
#978=VERTEX_POINT('',#3310);
#979=VERTEX_POINT('',#3312);
#980=VERTEX_POINT('',#3314);
#981=VERTEX_POINT('',#3316);
#982=VERTEX_POINT('',#3318);
#983=VERTEX_POINT('',#3320);
#984=VERTEX_POINT('',#3322);
#985=VERTEX_POINT('',#3324);
#986=VERTEX_POINT('',#3326);
#987=VERTEX_POINT('',#3328);
#988=VERTEX_POINT('',#3338);
#989=VERTEX_POINT('',#3342);
#990=VERTEX_POINT('',#3346);
#991=VERTEX_POINT('',#3350);
#992=VERTEX_POINT('',#3356);
#993=VERTEX_POINT('',#3360);
#994=VERTEX_POINT('',#3361);
#995=VERTEX_POINT('',#3365);
#996=VERTEX_POINT('',#3367);
#997=VERTEX_POINT('',#3369);
#998=VERTEX_POINT('',#3371);
#999=VERTEX_POINT('',#3375);
#1000=VERTEX_POINT('',#3377);
#1001=VERTEX_POINT('',#3381);
#1002=VERTEX_POINT('',#3383);
#1003=VERTEX_POINT('',#3388);
#1004=VERTEX_POINT('',#3390);
#1005=VERTEX_POINT('',#3399);
#1006=VERTEX_POINT('',#3410);
#1007=VERTEX_POINT('',#3414);
#1008=VERTEX_POINT('',#3418);
#1009=VERTEX_POINT('',#3422);
#1010=VERTEX_POINT('',#3426);
#1011=VERTEX_POINT('',#3428);
#1012=VERTEX_POINT('',#3432);
#1013=VERTEX_POINT('',#3434);
#1014=VERTEX_POINT('',#3436);
#1015=VERTEX_POINT('',#3438);
#1016=VERTEX_POINT('',#3443);
#1017=VERTEX_POINT('',#3450);
#1018=VERTEX_POINT('',#3454);
#1019=VERTEX_POINT('',#3458);
#1020=VERTEX_POINT('',#3462);
#1021=VERTEX_POINT('',#3468);
#1022=VERTEX_POINT('',#3472);
#1023=VERTEX_POINT('',#3476);
#1024=VERTEX_POINT('',#3494);
#1025=VERTEX_POINT('',#3495);
#1026=VERTEX_POINT('',#3497);
#1027=VERTEX_POINT('',#3499);
#1028=VERTEX_POINT('',#3503);
#1029=VERTEX_POINT('',#3507);
#1030=VERTEX_POINT('',#3511);
#1031=VERTEX_POINT('',#3512);
#1032=VERTEX_POINT('',#3517);
#1033=VERTEX_POINT('',#3521);
#1034=VERTEX_POINT('',#3527);
#1035=VERTEX_POINT('',#3531);
#1036=VERTEX_POINT('',#3533);
#1037=VERTEX_POINT('',#3535);
#1038=VERTEX_POINT('',#3558);
#1039=VERTEX_POINT('',#3559);
#1040=VERTEX_POINT('',#3565);
#1041=VERTEX_POINT('',#3567);
#1042=VERTEX_POINT('',#3584);
#1043=VERTEX_POINT('',#3590);
#1044=VERTEX_POINT('',#3598);
#1045=VERTEX_POINT('',#3600);
#1046=VERTEX_POINT('',#3604);
#1047=VERTEX_POINT('',#3606);
#1048=VERTEX_POINT('',#3610);
#1049=VERTEX_POINT('',#3616);
#1050=VERTEX_POINT('',#3633);
#1051=VERTEX_POINT('',#3639);
#1052=VERTEX_POINT('',#3656);
#1053=VERTEX_POINT('',#3662);
#1054=VERTEX_POINT('',#3679);
#1055=VERTEX_POINT('',#3685);
#1056=VERTEX_POINT('',#3702);
#1057=VERTEX_POINT('',#3708);
#1058=VERTEX_POINT('',#3716);
#1059=VERTEX_POINT('',#3722);
#1060=VERTEX_POINT('',#3739);
#1061=VERTEX_POINT('',#3745);
#1062=VERTEX_POINT('',#3762);
#1063=VERTEX_POINT('',#3768);
#1064=VERTEX_POINT('',#3785);
#1065=VERTEX_POINT('',#3791);
#1066=VERTEX_POINT('',#3808);
#1067=VERTEX_POINT('',#3814);
#1068=VERTEX_POINT('',#3831);
#1069=VERTEX_POINT('',#3837);
#1070=VERTEX_POINT('',#3845);
#1071=VERTEX_POINT('',#3847);
#1072=VERTEX_POINT('',#3851);
#1073=VERTEX_POINT('',#3853);
#1074=VERTEX_POINT('',#3857);
#1075=VERTEX_POINT('',#3863);
#1076=VERTEX_POINT('',#3880);
#1077=VERTEX_POINT('',#3886);
#1078=VERTEX_POINT('',#3903);
#1079=VERTEX_POINT('',#3909);
#1080=VERTEX_POINT('',#3926);
#1081=VERTEX_POINT('',#3932);
#1082=VERTEX_POINT('',#3949);
#1083=VERTEX_POINT('',#3955);
#1084=VERTEX_POINT('',#3963);
#1085=VERTEX_POINT('',#3969);
#1086=VERTEX_POINT('',#3986);
#1087=VERTEX_POINT('',#3992);
#1088=VERTEX_POINT('',#4009);
#1089=VERTEX_POINT('',#4015);
#1090=VERTEX_POINT('',#4032);
#1091=VERTEX_POINT('',#4038);
#1092=VERTEX_POINT('',#4068);
#1093=VERTEX_POINT('',#4069);
#1094=VERTEX_POINT('',#4071);
#1095=VERTEX_POINT('',#4073);
#1096=VERTEX_POINT('',#4077);
#1097=VERTEX_POINT('',#4079);
#1098=VERTEX_POINT('',#4083);
#1099=VERTEX_POINT('',#4085);
#1100=VERTEX_POINT('',#4089);
#1101=VERTEX_POINT('',#4091);
#1102=VERTEX_POINT('',#4095);
#1103=VERTEX_POINT('',#4097);
#1104=EDGE_CURVE('',#884,#885,#416,.T.);
#1105=EDGE_CURVE('',#884,#886,#417,.T.);
#1106=EDGE_CURVE('',#887,#886,#418,.T.);
#1107=EDGE_CURVE('',#888,#887,#419,.T.);
#1108=EDGE_CURVE('',#889,#888,#420,.T.);
#1109=EDGE_CURVE('',#885,#889,#421,.T.);
#1110=EDGE_CURVE('',#884,#890,#422,.T.);
#1111=EDGE_CURVE('',#891,#890,#423,.T.);
#1112=EDGE_CURVE('',#886,#891,#424,.T.);
#1113=EDGE_CURVE('',#885,#892,#425,.T.);
#1114=EDGE_CURVE('',#890,#892,#426,.T.);
#1115=EDGE_CURVE('',#889,#893,#427,.T.);
#1116=EDGE_CURVE('',#892,#893,#428,.T.);
#1117=EDGE_CURVE('',#894,#895,#429,.T.);
#1118=EDGE_CURVE('',#894,#896,#430,.T.);
#1119=EDGE_CURVE('',#897,#896,#431,.T.);
#1120=EDGE_CURVE('',#898,#897,#432,.T.);
#1121=EDGE_CURVE('',#898,#899,#433,.T.);
#1122=EDGE_CURVE('',#895,#899,#434,.T.);
#1123=EDGE_CURVE('',#900,#895,#435,.T.);
#1124=EDGE_CURVE('',#901,#900,#148,.T.);
#1125=EDGE_CURVE('',#901,#894,#436,.T.);
#1126=EDGE_CURVE('',#902,#899,#437,.T.);
#1127=EDGE_CURVE('',#900,#902,#108,.T.);
#1128=EDGE_CURVE('',#888,#903,#438,.T.);
#1129=EDGE_CURVE('',#903,#904,#439,.T.);
#1130=EDGE_CURVE('',#905,#904,#440,.T.);
#1131=EDGE_CURVE('',#905,#906,#441,.T.);
#1132=EDGE_CURVE('',#906,#907,#442,.T.);
#1133=EDGE_CURVE('',#908,#907,#443,.T.);
#1134=EDGE_CURVE('',#909,#908,#444,.T.);
#1135=EDGE_CURVE('',#902,#909,#445,.T.);
#1136=EDGE_CURVE('',#910,#898,#446,.T.);
#1137=EDGE_CURVE('',#911,#910,#447,.T.);
#1138=EDGE_CURVE('',#911,#912,#448,.T.);
#1139=EDGE_CURVE('',#912,#893,#449,.T.);
#1140=EDGE_CURVE('',#913,#911,#109,.T.);
#1141=EDGE_CURVE('',#913,#914,#450,.T.);
#1142=EDGE_CURVE('',#915,#914,#110,.T.);
#1143=EDGE_CURVE('',#916,#915,#451,.T.);
#1144=EDGE_CURVE('',#917,#916,#111,.T.);
#1145=EDGE_CURVE('',#917,#918,#452,.T.);
#1146=EDGE_CURVE('',#919,#918,#112,.T.);
#1147=EDGE_CURVE('',#919,#920,#453,.T.);
#1148=EDGE_CURVE('',#921,#920,#454,.T.);
#1149=EDGE_CURVE('',#921,#922,#455,.T.);
#1150=EDGE_CURVE('',#912,#922,#456,.T.);
#1151=EDGE_CURVE('',#923,#924,#457,.T.);
#1152=EDGE_CURVE('',#924,#925,#458,.T.);
#1153=EDGE_CURVE('',#925,#926,#459,.T.);
#1154=EDGE_CURVE('',#926,#927,#460,.T.);
#1155=EDGE_CURVE('',#927,#928,#461,.T.);
#1156=EDGE_CURVE('',#923,#928,#462,.T.);
#1157=EDGE_CURVE('',#929,#930,#463,.T.);
#1158=EDGE_CURVE('',#930,#931,#113,.T.);
#1159=EDGE_CURVE('',#931,#932,#464,.T.);
#1160=EDGE_CURVE('',#932,#933,#465,.T.);
#1161=EDGE_CURVE('',#933,#934,#466,.T.);
#1162=EDGE_CURVE('',#934,#929,#114,.T.);
#1163=EDGE_CURVE('',#887,#935,#467,.T.);
#1164=EDGE_CURVE('',#903,#935,#468,.T.);
#1165=EDGE_CURVE('',#935,#891,#469,.T.);
#1166=EDGE_CURVE('',#936,#937,#470,.T.);
#1167=EDGE_CURVE('',#938,#936,#471,.T.);
#1168=EDGE_CURVE('',#939,#938,#472,.F.);
#1169=EDGE_CURVE('',#939,#937,#473,.T.);
#1170=EDGE_CURVE('',#936,#923,#474,.T.);
#1171=EDGE_CURVE('',#928,#938,#475,.F.);
#1172=EDGE_CURVE('',#940,#908,#115,.T.);
#1173=EDGE_CURVE('',#907,#941,#116,.T.);
#1174=EDGE_CURVE('',#941,#942,#149,.T.);
#1175=EDGE_CURVE('',#942,#943,#476,.T.);
#1176=EDGE_CURVE('',#943,#944,#150,.T.);
#1177=EDGE_CURVE('',#944,#945,#117,.T.);
#1178=EDGE_CURVE('',#919,#945,#477,.T.);
#1179=EDGE_CURVE('',#918,#946,#478,.T.);
#1180=EDGE_CURVE('',#946,#947,#118,.T.);
#1181=EDGE_CURVE('',#947,#948,#151,.T.);
#1182=EDGE_CURVE('',#948,#949,#479,.T.);
#1183=EDGE_CURVE('',#949,#950,#152,.T.);
#1184=EDGE_CURVE('',#950,#951,#119,.T.);
#1185=EDGE_CURVE('',#951,#940,#480,.T.);
#1186=EDGE_CURVE('',#948,#952,#481,.T.);
#1187=EDGE_CURVE('',#953,#952,#482,.T.);
#1188=EDGE_CURVE('',#953,#949,#483,.T.);
#1189=EDGE_CURVE('',#954,#947,#484,.T.);
#1190=EDGE_CURVE('',#952,#954,#153,.T.);
#1191=EDGE_CURVE('',#955,#917,#485,.T.);
#1192=EDGE_CURVE('',#955,#946,#486,.T.);
#1193=EDGE_CURVE('',#956,#906,#487,.T.);
#1194=EDGE_CURVE('',#941,#956,#488,.T.);
#1195=EDGE_CURVE('',#945,#957,#489,.T.);
#1196=EDGE_CURVE('',#957,#920,#490,.T.);
#1197=EDGE_CURVE('',#944,#958,#491,.T.);
#1198=EDGE_CURVE('',#957,#958,#492,.T.);
#1199=EDGE_CURVE('',#954,#955,#120,.T.);
#1200=EDGE_CURVE('',#959,#943,#493,.T.);
#1201=EDGE_CURVE('',#958,#959,#494,.T.);
#1202=EDGE_CURVE('',#960,#961,#121,.T.);
#1203=EDGE_CURVE('',#961,#913,#495,.T.);
#1204=EDGE_CURVE('',#910,#962,#122,.T.);
#1205=EDGE_CURVE('',#962,#963,#154,.T.);
#1206=EDGE_CURVE('',#963,#901,#496,.T.);
#1207=EDGE_CURVE('',#909,#964,#123,.T.);
#1208=EDGE_CURVE('',#965,#964,#497,.T.);
#1209=EDGE_CURVE('',#965,#966,#124,.T.);
#1210=EDGE_CURVE('',#966,#967,#155,.T.);
#1211=EDGE_CURVE('',#967,#968,#498,.T.);
#1212=EDGE_CURVE('',#968,#960,#156,.T.);
#1213=EDGE_CURVE('',#966,#969,#499,.T.);
#1214=EDGE_CURVE('',#970,#969,#157,.T.);
#1215=EDGE_CURVE('',#967,#970,#500,.T.);
#1216=EDGE_CURVE('',#964,#971,#501,.T.);
#1217=EDGE_CURVE('',#972,#971,#502,.T.);
#1218=EDGE_CURVE('',#972,#965,#503,.T.);
#1219=EDGE_CURVE('',#940,#973,#504,.T.);
#1220=EDGE_CURVE('',#974,#973,#125,.T.);
#1221=EDGE_CURVE('',#974,#975,#505,.T.);
#1222=EDGE_CURVE('',#971,#975,#126,.T.);
#1223=EDGE_CURVE('',#976,#977,#127,.T.);
#1224=EDGE_CURVE('',#978,#976,#506,.T.);
#1225=EDGE_CURVE('',#979,#978,#128,.T.);
#1226=EDGE_CURVE('',#980,#979,#507,.T.);
#1227=EDGE_CURVE('',#981,#980,#508,.T.);
#1228=EDGE_CURVE('',#982,#981,#509,.T.);
#1229=EDGE_CURVE('',#983,#982,#129,.T.);
#1230=EDGE_CURVE('',#984,#983,#510,.T.);
#1231=EDGE_CURVE('',#985,#984,#130,.T.);
#1232=EDGE_CURVE('',#986,#985,#511,.T.);
#1233=EDGE_CURVE('',#987,#986,#512,.T.);
#1234=EDGE_CURVE('',#977,#987,#513,.T.);
#1235=EDGE_CURVE('',#969,#972,#131,.T.);
#1236=EDGE_CURVE('',#962,#897,#514,.T.);
#1237=EDGE_CURVE('',#963,#896,#515,.T.);
#1238=EDGE_CURVE('',#988,#953,#158,.T.);
#1239=EDGE_CURVE('',#988,#950,#516,.T.);
#1240=EDGE_CURVE('',#989,#970,#517,.T.);
#1241=EDGE_CURVE('',#968,#989,#518,.T.);
#1242=EDGE_CURVE('',#990,#989,#159,.T.);
#1243=EDGE_CURVE('',#990,#960,#519,.T.);
#1244=EDGE_CURVE('',#942,#991,#520,.T.);
#1245=EDGE_CURVE('',#959,#991,#521,.T.);
#1246=EDGE_CURVE('',#991,#956,#522,.T.);
#1247=EDGE_CURVE('',#992,#988,#132,.T.);
#1248=EDGE_CURVE('',#992,#951,#523,.T.);
#1249=EDGE_CURVE('',#993,#994,#133,.T.);
#1250=EDGE_CURVE('',#994,#974,#524,.T.);
#1251=EDGE_CURVE('',#973,#992,#525,.T.);
#1252=EDGE_CURVE('',#995,#916,#526,.T.);
#1253=EDGE_CURVE('',#995,#996,#134,.T.);
#1254=EDGE_CURVE('',#996,#997,#160,.T.);
#1255=EDGE_CURVE('',#997,#998,#527,.T.);
#1256=EDGE_CURVE('',#998,#993,#161,.T.);
#1257=EDGE_CURVE('',#995,#999,#528,.T.);
#1258=EDGE_CURVE('',#1000,#999,#135,.T.);
#1259=EDGE_CURVE('',#996,#1000,#529,.T.);
#1260=EDGE_CURVE('',#1001,#993,#530,.T.);
#1261=EDGE_CURVE('',#1002,#1001,#136,.T.);
#1262=EDGE_CURVE('',#1002,#994,#531,.T.);
#1263=EDGE_CURVE('',#1003,#997,#532,.T.);
#1264=EDGE_CURVE('',#1004,#1003,#533,.T.);
#1265=EDGE_CURVE('',#1004,#998,#534,.T.);
#1266=EDGE_CURVE('',#1003,#1000,#162,.T.);
#1267=EDGE_CURVE('',#1001,#1004,#163,.T.);
#1268=EDGE_CURVE('',#1005,#961,#535,.T.);
#1269=EDGE_CURVE('',#914,#1005,#536,.T.);
#1270=EDGE_CURVE('',#1005,#990,#137,.T.);
#1271=EDGE_CURVE('',#975,#1002,#537,.T.);
#1272=EDGE_CURVE('',#915,#999,#538,.T.);
#1273=EDGE_CURVE('',#937,#1006,#539,.T.);
#1274=EDGE_CURVE('',#1006,#924,#540,.T.);
#1275=EDGE_CURVE('',#1006,#1007,#541,.T.);
#1276=EDGE_CURVE('',#925,#1007,#542,.T.);
#1277=EDGE_CURVE('',#1008,#939,#543,.T.);
#1278=EDGE_CURVE('',#1008,#927,#544,.T.);
#1279=EDGE_CURVE('',#1009,#1008,#545,.T.);
#1280=EDGE_CURVE('',#1007,#1009,#546,.T.);
#1281=EDGE_CURVE('',#980,#1010,#547,.F.);
#1282=EDGE_CURVE('',#1010,#1011,#548,.T.);
#1283=EDGE_CURVE('',#1011,#981,#549,.F.);
#1284=EDGE_CURVE('',#932,#1012,#550,.T.);
#1285=EDGE_CURVE('',#1013,#1012,#551,.T.);
#1286=EDGE_CURVE('',#1014,#1013,#552,.T.);
#1287=EDGE_CURVE('',#1014,#1015,#553,.T.);
#1288=EDGE_CURVE('',#1011,#1015,#554,.T.);
#1289=EDGE_CURVE('',#933,#1010,#555,.T.);
#1290=EDGE_CURVE('',#985,#1016,#556,.T.);
#1291=EDGE_CURVE('',#1016,#1013,#557,.T.);
#1292=EDGE_CURVE('',#1013,#986,#558,.T.);
#1293=EDGE_CURVE('',#1012,#987,#559,.T.);
#1294=EDGE_CURVE('',#1012,#1017,#560,.T.);
#1295=EDGE_CURVE('',#1017,#977,#561,.T.);
#1296=EDGE_CURVE('',#1018,#976,#562,.T.);
#1297=EDGE_CURVE('',#1017,#1018,#138,.T.);
#1298=EDGE_CURVE('',#1019,#978,#563,.T.);
#1299=EDGE_CURVE('',#1018,#1019,#564,.T.);
#1300=EDGE_CURVE('',#1020,#979,#565,.T.);
#1301=EDGE_CURVE('',#1019,#1020,#139,.T.);
#1302=EDGE_CURVE('',#1020,#1010,#566,.T.);
#1303=EDGE_CURVE('',#984,#1021,#567,.T.);
#1304=EDGE_CURVE('',#1021,#1016,#140,.T.);
#1305=EDGE_CURVE('',#983,#1022,#568,.T.);
#1306=EDGE_CURVE('',#1022,#1021,#569,.T.);
#1307=EDGE_CURVE('',#982,#1023,#570,.T.);
#1308=EDGE_CURVE('',#1023,#1022,#141,.T.);
#1309=EDGE_CURVE('',#1011,#1023,#571,.T.);
#1310=EDGE_CURVE('',#934,#1020,#572,.T.);
#1311=EDGE_CURVE('',#929,#1019,#573,.T.);
#1312=EDGE_CURVE('',#930,#1018,#574,.T.);
#1313=EDGE_CURVE('',#931,#1017,#575,.T.);
#1314=EDGE_CURVE('',#1009,#926,#576,.T.);
#1315=EDGE_CURVE('',#1024,#1025,#142,.T.);
#1316=EDGE_CURVE('',#1025,#1026,#577,.T.);
#1317=EDGE_CURVE('',#1026,#1027,#143,.T.);
#1318=EDGE_CURVE('',#1027,#1024,#578,.T.);
#1319=EDGE_CURVE('',#922,#1028,#579,.T.);
#1320=EDGE_CURVE('',#904,#1028,#580,.F.);
#1321=EDGE_CURVE('',#1029,#905,#581,.F.);
#1322=EDGE_CURVE('',#1029,#921,#582,.T.);
#1323=EDGE_CURVE('',#1030,#1031,#144,.T.);
#1324=EDGE_CURVE('',#1031,#1027,#583,.T.);
#1325=EDGE_CURVE('',#1030,#1026,#584,.T.);
#1326=EDGE_CURVE('',#1031,#1032,#585,.T.);
#1327=EDGE_CURVE('',#1032,#1024,#586,.T.);
#1328=EDGE_CURVE('',#1032,#1033,#145,.T.);
#1329=EDGE_CURVE('',#1033,#1025,#587,.T.);
#1330=EDGE_CURVE('',#1033,#1030,#588,.T.);
#1331=EDGE_CURVE('',#1023,#1034,#589,.T.);
#1332=EDGE_CURVE('',#1034,#1015,#590,.T.);
#1333=EDGE_CURVE('',#1014,#1035,#591,.T.);
#1334=EDGE_CURVE('',#1036,#1035,#146,.T.);
#1335=EDGE_CURVE('',#1037,#1036,#592,.T.);
#1336=EDGE_CURVE('',#1034,#1037,#147,.T.);
#1337=EDGE_CURVE('',#1016,#1035,#593,.T.);
#1338=EDGE_CURVE('',#1028,#1029,#594,.T.);
#1339=EDGE_CURVE('',#1021,#1036,#595,.T.);
#1340=EDGE_CURVE('',#1022,#1037,#596,.T.);
#1341=EDGE_CURVE('',#1038,#1039,#15,.T.);
#1342=EDGE_CURVE('',#1038,#1040,#597,.T.);
#1343=EDGE_CURVE('',#1041,#1040,#16,.T.);
#1344=EDGE_CURVE('',#1039,#1041,#598,.T.);
#1345=EDGE_CURVE('',#1039,#1042,#17,.T.);
#1346=EDGE_CURVE('',#1043,#1041,#18,.T.);
#1347=EDGE_CURVE('',#1042,#1043,#599,.T.);
#1348=EDGE_CURVE('',#1042,#1044,#600,.T.);
#1349=EDGE_CURVE('',#1045,#1043,#601,.T.);
#1350=EDGE_CURVE('',#1044,#1045,#602,.T.);
#1351=EDGE_CURVE('',#1044,#1046,#603,.T.);
#1352=EDGE_CURVE('',#1047,#1045,#604,.T.);
#1353=EDGE_CURVE('',#1046,#1047,#605,.T.);
#1354=EDGE_CURVE('',#1046,#1048,#19,.T.);
#1355=EDGE_CURVE('',#1049,#1047,#20,.T.);
#1356=EDGE_CURVE('',#1048,#1049,#606,.T.);
#1357=EDGE_CURVE('',#1048,#1050,#21,.T.);
#1358=EDGE_CURVE('',#1051,#1049,#22,.T.);
#1359=EDGE_CURVE('',#1050,#1051,#607,.T.);
#1360=EDGE_CURVE('',#1050,#1052,#23,.T.);
#1361=EDGE_CURVE('',#1053,#1051,#24,.T.);
#1362=EDGE_CURVE('',#1052,#1053,#608,.T.);
#1363=EDGE_CURVE('',#1052,#1054,#25,.T.);
#1364=EDGE_CURVE('',#1055,#1053,#26,.T.);
#1365=EDGE_CURVE('',#1054,#1055,#609,.T.);
#1366=EDGE_CURVE('',#1054,#1056,#27,.T.);
#1367=EDGE_CURVE('',#1057,#1055,#28,.T.);
#1368=EDGE_CURVE('',#1056,#1057,#610,.T.);
#1369=EDGE_CURVE('',#1056,#1058,#29,.T.);
#1370=EDGE_CURVE('',#1059,#1057,#30,.T.);
#1371=EDGE_CURVE('',#1058,#1059,#611,.T.);
#1372=EDGE_CURVE('',#1058,#1060,#31,.T.);
#1373=EDGE_CURVE('',#1061,#1059,#32,.T.);
#1374=EDGE_CURVE('',#1060,#1061,#612,.T.);
#1375=EDGE_CURVE('',#1060,#1062,#33,.T.);
#1376=EDGE_CURVE('',#1063,#1061,#34,.T.);
#1377=EDGE_CURVE('',#1062,#1063,#613,.T.);
#1378=EDGE_CURVE('',#1062,#1064,#35,.T.);
#1379=EDGE_CURVE('',#1065,#1063,#36,.T.);
#1380=EDGE_CURVE('',#1064,#1065,#614,.T.);
#1381=EDGE_CURVE('',#1064,#1066,#37,.T.);
#1382=EDGE_CURVE('',#1067,#1065,#38,.T.);
#1383=EDGE_CURVE('',#1066,#1067,#615,.T.);
#1384=EDGE_CURVE('',#1066,#1068,#39,.T.);
#1385=EDGE_CURVE('',#1069,#1067,#40,.T.);
#1386=EDGE_CURVE('',#1068,#1069,#616,.T.);
#1387=EDGE_CURVE('',#1068,#1070,#617,.T.);
#1388=EDGE_CURVE('',#1071,#1069,#618,.T.);
#1389=EDGE_CURVE('',#1070,#1071,#619,.T.);
#1390=EDGE_CURVE('',#1070,#1072,#620,.T.);
#1391=EDGE_CURVE('',#1073,#1071,#621,.T.);
#1392=EDGE_CURVE('',#1072,#1073,#622,.T.);
#1393=EDGE_CURVE('',#1072,#1074,#41,.T.);
#1394=EDGE_CURVE('',#1075,#1073,#42,.T.);
#1395=EDGE_CURVE('',#1074,#1075,#623,.T.);
#1396=EDGE_CURVE('',#1074,#1076,#43,.T.);
#1397=EDGE_CURVE('',#1077,#1075,#44,.T.);
#1398=EDGE_CURVE('',#1076,#1077,#624,.T.);
#1399=EDGE_CURVE('',#1076,#1078,#45,.T.);
#1400=EDGE_CURVE('',#1079,#1077,#46,.T.);
#1401=EDGE_CURVE('',#1078,#1079,#625,.T.);
#1402=EDGE_CURVE('',#1078,#1080,#47,.T.);
#1403=EDGE_CURVE('',#1081,#1079,#48,.T.);
#1404=EDGE_CURVE('',#1080,#1081,#626,.T.);
#1405=EDGE_CURVE('',#1080,#1082,#49,.T.);
#1406=EDGE_CURVE('',#1083,#1081,#50,.T.);
#1407=EDGE_CURVE('',#1082,#1083,#627,.T.);
#1408=EDGE_CURVE('',#1082,#1084,#51,.T.);
#1409=EDGE_CURVE('',#1085,#1083,#52,.T.);
#1410=EDGE_CURVE('',#1084,#1085,#628,.T.);
#1411=EDGE_CURVE('',#1084,#1086,#53,.T.);
#1412=EDGE_CURVE('',#1087,#1085,#54,.T.);
#1413=EDGE_CURVE('',#1086,#1087,#629,.T.);
#1414=EDGE_CURVE('',#1086,#1088,#55,.T.);
#1415=EDGE_CURVE('',#1089,#1087,#56,.T.);
#1416=EDGE_CURVE('',#1088,#1089,#630,.T.);
#1417=EDGE_CURVE('',#1088,#1090,#57,.T.);
#1418=EDGE_CURVE('',#1091,#1089,#58,.T.);
#1419=EDGE_CURVE('',#1090,#1091,#631,.T.);
#1420=EDGE_CURVE('',#1090,#1038,#59,.T.);
#1421=EDGE_CURVE('',#1040,#1091,#60,.T.);
#1422=EDGE_CURVE('',#1092,#1093,#632,.T.);
#1423=EDGE_CURVE('',#1093,#1094,#633,.T.);
#1424=EDGE_CURVE('',#1095,#1094,#634,.T.);
#1425=EDGE_CURVE('',#1092,#1095,#635,.T.);
#1426=EDGE_CURVE('',#1096,#1092,#636,.T.);
#1427=EDGE_CURVE('',#1097,#1095,#637,.T.);
#1428=EDGE_CURVE('',#1096,#1097,#638,.T.);
#1429=EDGE_CURVE('',#1098,#1096,#639,.T.);
#1430=EDGE_CURVE('',#1099,#1097,#640,.T.);
#1431=EDGE_CURVE('',#1098,#1099,#641,.T.);
#1432=EDGE_CURVE('',#1100,#1098,#642,.T.);
#1433=EDGE_CURVE('',#1101,#1099,#643,.T.);
#1434=EDGE_CURVE('',#1100,#1101,#644,.T.);
#1435=EDGE_CURVE('',#1102,#1100,#645,.T.);
#1436=EDGE_CURVE('',#1103,#1101,#646,.T.);
#1437=EDGE_CURVE('',#1102,#1103,#647,.T.);
#1438=EDGE_CURVE('',#1093,#1102,#648,.T.);
#1439=EDGE_CURVE('',#1094,#1103,#649,.T.);
#1440=ORIENTED_EDGE('',*,*,#1104,.F.);
#1441=ORIENTED_EDGE('',*,*,#1105,.T.);
#1442=ORIENTED_EDGE('',*,*,#1106,.F.);
#1443=ORIENTED_EDGE('',*,*,#1107,.F.);
#1444=ORIENTED_EDGE('',*,*,#1108,.F.);
#1445=ORIENTED_EDGE('',*,*,#1109,.F.);
#1446=ORIENTED_EDGE('',*,*,#1105,.F.);
#1447=ORIENTED_EDGE('',*,*,#1110,.T.);
#1448=ORIENTED_EDGE('',*,*,#1111,.F.);
#1449=ORIENTED_EDGE('',*,*,#1112,.F.);
#1450=ORIENTED_EDGE('',*,*,#1104,.T.);
#1451=ORIENTED_EDGE('',*,*,#1113,.T.);
#1452=ORIENTED_EDGE('',*,*,#1114,.F.);
#1453=ORIENTED_EDGE('',*,*,#1110,.F.);
#1454=ORIENTED_EDGE('',*,*,#1109,.T.);
#1455=ORIENTED_EDGE('',*,*,#1115,.T.);
#1456=ORIENTED_EDGE('',*,*,#1116,.F.);
#1457=ORIENTED_EDGE('',*,*,#1113,.F.);
#1458=ORIENTED_EDGE('',*,*,#1117,.F.);
#1459=ORIENTED_EDGE('',*,*,#1118,.T.);
#1460=ORIENTED_EDGE('',*,*,#1119,.F.);
#1461=ORIENTED_EDGE('',*,*,#1120,.F.);
#1462=ORIENTED_EDGE('',*,*,#1121,.T.);
#1463=ORIENTED_EDGE('',*,*,#1122,.F.);
#1464=ORIENTED_EDGE('',*,*,#1117,.T.);
#1465=ORIENTED_EDGE('',*,*,#1123,.F.);
#1466=ORIENTED_EDGE('',*,*,#1124,.F.);
#1467=ORIENTED_EDGE('',*,*,#1125,.T.);
#1468=ORIENTED_EDGE('',*,*,#1122,.T.);
#1469=ORIENTED_EDGE('',*,*,#1126,.F.);
#1470=ORIENTED_EDGE('',*,*,#1127,.F.);
#1471=ORIENTED_EDGE('',*,*,#1123,.T.);
#1472=ORIENTED_EDGE('',*,*,#1128,.T.);
#1473=ORIENTED_EDGE('',*,*,#1129,.T.);
#1474=ORIENTED_EDGE('',*,*,#1130,.F.);
#1475=ORIENTED_EDGE('',*,*,#1131,.T.);
#1476=ORIENTED_EDGE('',*,*,#1132,.T.);
#1477=ORIENTED_EDGE('',*,*,#1133,.F.);
#1478=ORIENTED_EDGE('',*,*,#1134,.F.);
#1479=ORIENTED_EDGE('',*,*,#1135,.F.);
#1480=ORIENTED_EDGE('',*,*,#1126,.T.);
#1481=ORIENTED_EDGE('',*,*,#1121,.F.);
#1482=ORIENTED_EDGE('',*,*,#1136,.F.);
#1483=ORIENTED_EDGE('',*,*,#1137,.F.);
#1484=ORIENTED_EDGE('',*,*,#1138,.T.);
#1485=ORIENTED_EDGE('',*,*,#1139,.T.);
#1486=ORIENTED_EDGE('',*,*,#1115,.F.);
#1487=ORIENTED_EDGE('',*,*,#1108,.T.);
#1488=ORIENTED_EDGE('',*,*,#1138,.F.);
#1489=ORIENTED_EDGE('',*,*,#1140,.F.);
#1490=ORIENTED_EDGE('',*,*,#1141,.T.);
#1491=ORIENTED_EDGE('',*,*,#1142,.F.);
#1492=ORIENTED_EDGE('',*,*,#1143,.F.);
#1493=ORIENTED_EDGE('',*,*,#1144,.F.);
#1494=ORIENTED_EDGE('',*,*,#1145,.T.);
#1495=ORIENTED_EDGE('',*,*,#1146,.F.);
#1496=ORIENTED_EDGE('',*,*,#1147,.T.);
#1497=ORIENTED_EDGE('',*,*,#1148,.F.);
#1498=ORIENTED_EDGE('',*,*,#1149,.T.);
#1499=ORIENTED_EDGE('',*,*,#1150,.F.);
#1500=ORIENTED_EDGE('',*,*,#1151,.T.);
#1501=ORIENTED_EDGE('',*,*,#1152,.T.);
#1502=ORIENTED_EDGE('',*,*,#1153,.T.);
#1503=ORIENTED_EDGE('',*,*,#1154,.T.);
#1504=ORIENTED_EDGE('',*,*,#1155,.T.);
#1505=ORIENTED_EDGE('',*,*,#1156,.F.);
#1506=ORIENTED_EDGE('',*,*,#1157,.T.);
#1507=ORIENTED_EDGE('',*,*,#1158,.T.);
#1508=ORIENTED_EDGE('',*,*,#1159,.T.);
#1509=ORIENTED_EDGE('',*,*,#1160,.T.);
#1510=ORIENTED_EDGE('',*,*,#1161,.T.);
#1511=ORIENTED_EDGE('',*,*,#1162,.T.);
#1512=ORIENTED_EDGE('',*,*,#1107,.T.);
#1513=ORIENTED_EDGE('',*,*,#1163,.T.);
#1514=ORIENTED_EDGE('',*,*,#1164,.F.);
#1515=ORIENTED_EDGE('',*,*,#1128,.F.);
#1516=ORIENTED_EDGE('',*,*,#1106,.T.);
#1517=ORIENTED_EDGE('',*,*,#1112,.T.);
#1518=ORIENTED_EDGE('',*,*,#1165,.F.);
#1519=ORIENTED_EDGE('',*,*,#1163,.F.);
#1520=ORIENTED_EDGE('',*,*,#1166,.F.);
#1521=ORIENTED_EDGE('',*,*,#1167,.F.);
#1522=ORIENTED_EDGE('',*,*,#1168,.F.);
#1523=ORIENTED_EDGE('',*,*,#1169,.T.);
#1524=ORIENTED_EDGE('',*,*,#1170,.T.);
#1525=ORIENTED_EDGE('',*,*,#1156,.T.);
#1526=ORIENTED_EDGE('',*,*,#1171,.T.);
#1527=ORIENTED_EDGE('',*,*,#1167,.T.);
#1528=ORIENTED_EDGE('',*,*,#1172,.T.);
#1529=ORIENTED_EDGE('',*,*,#1133,.T.);
#1530=ORIENTED_EDGE('',*,*,#1173,.T.);
#1531=ORIENTED_EDGE('',*,*,#1174,.T.);
#1532=ORIENTED_EDGE('',*,*,#1175,.T.);
#1533=ORIENTED_EDGE('',*,*,#1176,.T.);
#1534=ORIENTED_EDGE('',*,*,#1177,.T.);
#1535=ORIENTED_EDGE('',*,*,#1178,.F.);
#1536=ORIENTED_EDGE('',*,*,#1146,.T.);
#1537=ORIENTED_EDGE('',*,*,#1179,.T.);
#1538=ORIENTED_EDGE('',*,*,#1180,.T.);
#1539=ORIENTED_EDGE('',*,*,#1181,.T.);
#1540=ORIENTED_EDGE('',*,*,#1182,.T.);
#1541=ORIENTED_EDGE('',*,*,#1183,.T.);
#1542=ORIENTED_EDGE('',*,*,#1184,.T.);
#1543=ORIENTED_EDGE('',*,*,#1185,.T.);
#1544=ORIENTED_EDGE('',*,*,#1182,.F.);
#1545=ORIENTED_EDGE('',*,*,#1186,.T.);
#1546=ORIENTED_EDGE('',*,*,#1187,.F.);
#1547=ORIENTED_EDGE('',*,*,#1188,.T.);
#1548=ORIENTED_EDGE('',*,*,#1181,.F.);
#1549=ORIENTED_EDGE('',*,*,#1189,.F.);
#1550=ORIENTED_EDGE('',*,*,#1190,.F.);
#1551=ORIENTED_EDGE('',*,*,#1186,.F.);
#1552=ORIENTED_EDGE('',*,*,#1179,.F.);
#1553=ORIENTED_EDGE('',*,*,#1145,.F.);
#1554=ORIENTED_EDGE('',*,*,#1191,.F.);
#1555=ORIENTED_EDGE('',*,*,#1192,.T.);
#1556=ORIENTED_EDGE('',*,*,#1173,.F.);
#1557=ORIENTED_EDGE('',*,*,#1132,.F.);
#1558=ORIENTED_EDGE('',*,*,#1193,.F.);
#1559=ORIENTED_EDGE('',*,*,#1194,.F.);
#1560=ORIENTED_EDGE('',*,*,#1178,.T.);
#1561=ORIENTED_EDGE('',*,*,#1195,.T.);
#1562=ORIENTED_EDGE('',*,*,#1196,.T.);
#1563=ORIENTED_EDGE('',*,*,#1147,.F.);
#1564=ORIENTED_EDGE('',*,*,#1177,.F.);
#1565=ORIENTED_EDGE('',*,*,#1197,.T.);
#1566=ORIENTED_EDGE('',*,*,#1198,.F.);
#1567=ORIENTED_EDGE('',*,*,#1195,.F.);
#1568=ORIENTED_EDGE('',*,*,#1180,.F.);
#1569=ORIENTED_EDGE('',*,*,#1192,.F.);
#1570=ORIENTED_EDGE('',*,*,#1199,.F.);
#1571=ORIENTED_EDGE('',*,*,#1189,.T.);
#1572=ORIENTED_EDGE('',*,*,#1176,.F.);
#1573=ORIENTED_EDGE('',*,*,#1200,.F.);
#1574=ORIENTED_EDGE('',*,*,#1201,.F.);
#1575=ORIENTED_EDGE('',*,*,#1197,.F.);
#1576=ORIENTED_EDGE('',*,*,#1202,.T.);
#1577=ORIENTED_EDGE('',*,*,#1203,.T.);
#1578=ORIENTED_EDGE('',*,*,#1140,.T.);
#1579=ORIENTED_EDGE('',*,*,#1137,.T.);
#1580=ORIENTED_EDGE('',*,*,#1204,.T.);
#1581=ORIENTED_EDGE('',*,*,#1205,.T.);
#1582=ORIENTED_EDGE('',*,*,#1206,.T.);
#1583=ORIENTED_EDGE('',*,*,#1124,.T.);
#1584=ORIENTED_EDGE('',*,*,#1127,.T.);
#1585=ORIENTED_EDGE('',*,*,#1135,.T.);
#1586=ORIENTED_EDGE('',*,*,#1207,.T.);
#1587=ORIENTED_EDGE('',*,*,#1208,.F.);
#1588=ORIENTED_EDGE('',*,*,#1209,.T.);
#1589=ORIENTED_EDGE('',*,*,#1210,.T.);
#1590=ORIENTED_EDGE('',*,*,#1211,.T.);
#1591=ORIENTED_EDGE('',*,*,#1212,.T.);
#1592=ORIENTED_EDGE('',*,*,#1210,.F.);
#1593=ORIENTED_EDGE('',*,*,#1213,.T.);
#1594=ORIENTED_EDGE('',*,*,#1214,.F.);
#1595=ORIENTED_EDGE('',*,*,#1215,.F.);
#1596=ORIENTED_EDGE('',*,*,#1208,.T.);
#1597=ORIENTED_EDGE('',*,*,#1216,.T.);
#1598=ORIENTED_EDGE('',*,*,#1217,.F.);
#1599=ORIENTED_EDGE('',*,*,#1218,.T.);
#1600=ORIENTED_EDGE('',*,*,#1172,.F.);
#1601=ORIENTED_EDGE('',*,*,#1219,.T.);
#1602=ORIENTED_EDGE('',*,*,#1220,.F.);
#1603=ORIENTED_EDGE('',*,*,#1221,.T.);
#1604=ORIENTED_EDGE('',*,*,#1222,.F.);
#1605=ORIENTED_EDGE('',*,*,#1216,.F.);
#1606=ORIENTED_EDGE('',*,*,#1207,.F.);
#1607=ORIENTED_EDGE('',*,*,#1134,.T.);
#1608=ORIENTED_EDGE('',*,*,#1223,.F.);
#1609=ORIENTED_EDGE('',*,*,#1224,.F.);
#1610=ORIENTED_EDGE('',*,*,#1225,.F.);
#1611=ORIENTED_EDGE('',*,*,#1226,.F.);
#1612=ORIENTED_EDGE('',*,*,#1227,.F.);
#1613=ORIENTED_EDGE('',*,*,#1228,.F.);
#1614=ORIENTED_EDGE('',*,*,#1229,.F.);
#1615=ORIENTED_EDGE('',*,*,#1230,.F.);
#1616=ORIENTED_EDGE('',*,*,#1231,.F.);
#1617=ORIENTED_EDGE('',*,*,#1232,.F.);
#1618=ORIENTED_EDGE('',*,*,#1233,.F.);
#1619=ORIENTED_EDGE('',*,*,#1234,.F.);
#1620=ORIENTED_EDGE('',*,*,#1209,.F.);
#1621=ORIENTED_EDGE('',*,*,#1218,.F.);
#1622=ORIENTED_EDGE('',*,*,#1235,.F.);
#1623=ORIENTED_EDGE('',*,*,#1213,.F.);
#1624=ORIENTED_EDGE('',*,*,#1120,.T.);
#1625=ORIENTED_EDGE('',*,*,#1236,.F.);
#1626=ORIENTED_EDGE('',*,*,#1204,.F.);
#1627=ORIENTED_EDGE('',*,*,#1136,.T.);
#1628=ORIENTED_EDGE('',*,*,#1118,.F.);
#1629=ORIENTED_EDGE('',*,*,#1125,.F.);
#1630=ORIENTED_EDGE('',*,*,#1206,.F.);
#1631=ORIENTED_EDGE('',*,*,#1237,.T.);
#1632=ORIENTED_EDGE('',*,*,#1183,.F.);
#1633=ORIENTED_EDGE('',*,*,#1188,.F.);
#1634=ORIENTED_EDGE('',*,*,#1238,.F.);
#1635=ORIENTED_EDGE('',*,*,#1239,.T.);
#1636=ORIENTED_EDGE('',*,*,#1211,.F.);
#1637=ORIENTED_EDGE('',*,*,#1215,.T.);
#1638=ORIENTED_EDGE('',*,*,#1240,.F.);
#1639=ORIENTED_EDGE('',*,*,#1241,.F.);
#1640=ORIENTED_EDGE('',*,*,#1212,.F.);
#1641=ORIENTED_EDGE('',*,*,#1241,.T.);
#1642=ORIENTED_EDGE('',*,*,#1242,.F.);
#1643=ORIENTED_EDGE('',*,*,#1243,.T.);
#1644=ORIENTED_EDGE('',*,*,#1175,.F.);
#1645=ORIENTED_EDGE('',*,*,#1244,.T.);
#1646=ORIENTED_EDGE('',*,*,#1245,.F.);
#1647=ORIENTED_EDGE('',*,*,#1200,.T.);
#1648=ORIENTED_EDGE('',*,*,#1174,.F.);
#1649=ORIENTED_EDGE('',*,*,#1194,.T.);
#1650=ORIENTED_EDGE('',*,*,#1246,.F.);
#1651=ORIENTED_EDGE('',*,*,#1244,.F.);
#1652=ORIENTED_EDGE('',*,*,#1184,.F.);
#1653=ORIENTED_EDGE('',*,*,#1239,.F.);
#1654=ORIENTED_EDGE('',*,*,#1247,.F.);
#1655=ORIENTED_EDGE('',*,*,#1248,.T.);
#1656=ORIENTED_EDGE('',*,*,#1249,.T.);
#1657=ORIENTED_EDGE('',*,*,#1250,.T.);
#1658=ORIENTED_EDGE('',*,*,#1220,.T.);
#1659=ORIENTED_EDGE('',*,*,#1251,.T.);
#1660=ORIENTED_EDGE('',*,*,#1247,.T.);
#1661=ORIENTED_EDGE('',*,*,#1238,.T.);
#1662=ORIENTED_EDGE('',*,*,#1187,.T.);
#1663=ORIENTED_EDGE('',*,*,#1190,.T.);
#1664=ORIENTED_EDGE('',*,*,#1199,.T.);
#1665=ORIENTED_EDGE('',*,*,#1191,.T.);
#1666=ORIENTED_EDGE('',*,*,#1144,.T.);
#1667=ORIENTED_EDGE('',*,*,#1252,.F.);
#1668=ORIENTED_EDGE('',*,*,#1253,.T.);
#1669=ORIENTED_EDGE('',*,*,#1254,.T.);
#1670=ORIENTED_EDGE('',*,*,#1255,.T.);
#1671=ORIENTED_EDGE('',*,*,#1256,.T.);
#1672=ORIENTED_EDGE('',*,*,#1253,.F.);
#1673=ORIENTED_EDGE('',*,*,#1257,.T.);
#1674=ORIENTED_EDGE('',*,*,#1258,.F.);
#1675=ORIENTED_EDGE('',*,*,#1259,.F.);
#1676=ORIENTED_EDGE('',*,*,#1249,.F.);
#1677=ORIENTED_EDGE('',*,*,#1260,.F.);
#1678=ORIENTED_EDGE('',*,*,#1261,.F.);
#1679=ORIENTED_EDGE('',*,*,#1262,.T.);
#1680=ORIENTED_EDGE('',*,*,#1185,.F.);
#1681=ORIENTED_EDGE('',*,*,#1248,.F.);
#1682=ORIENTED_EDGE('',*,*,#1251,.F.);
#1683=ORIENTED_EDGE('',*,*,#1219,.F.);
#1684=ORIENTED_EDGE('',*,*,#1255,.F.);
#1685=ORIENTED_EDGE('',*,*,#1263,.F.);
#1686=ORIENTED_EDGE('',*,*,#1264,.F.);
#1687=ORIENTED_EDGE('',*,*,#1265,.T.);
#1688=ORIENTED_EDGE('',*,*,#1254,.F.);
#1689=ORIENTED_EDGE('',*,*,#1259,.T.);
#1690=ORIENTED_EDGE('',*,*,#1266,.F.);
#1691=ORIENTED_EDGE('',*,*,#1263,.T.);
#1692=ORIENTED_EDGE('',*,*,#1256,.F.);
#1693=ORIENTED_EDGE('',*,*,#1265,.F.);
#1694=ORIENTED_EDGE('',*,*,#1267,.F.);
#1695=ORIENTED_EDGE('',*,*,#1260,.T.);
#1696=ORIENTED_EDGE('',*,*,#1119,.T.);
#1697=ORIENTED_EDGE('',*,*,#1237,.F.);
#1698=ORIENTED_EDGE('',*,*,#1205,.F.);
#1699=ORIENTED_EDGE('',*,*,#1236,.T.);
#1700=ORIENTED_EDGE('',*,*,#1203,.F.);
#1701=ORIENTED_EDGE('',*,*,#1268,.F.);
#1702=ORIENTED_EDGE('',*,*,#1269,.F.);
#1703=ORIENTED_EDGE('',*,*,#1141,.F.);
#1704=ORIENTED_EDGE('',*,*,#1202,.F.);
#1705=ORIENTED_EDGE('',*,*,#1243,.F.);
#1706=ORIENTED_EDGE('',*,*,#1270,.F.);
#1707=ORIENTED_EDGE('',*,*,#1268,.T.);
#1708=ORIENTED_EDGE('',*,*,#1222,.T.);
#1709=ORIENTED_EDGE('',*,*,#1271,.T.);
#1710=ORIENTED_EDGE('',*,*,#1261,.T.);
#1711=ORIENTED_EDGE('',*,*,#1267,.T.);
#1712=ORIENTED_EDGE('',*,*,#1264,.T.);
#1713=ORIENTED_EDGE('',*,*,#1266,.T.);
#1714=ORIENTED_EDGE('',*,*,#1258,.T.);
#1715=ORIENTED_EDGE('',*,*,#1272,.F.);
#1716=ORIENTED_EDGE('',*,*,#1142,.T.);
#1717=ORIENTED_EDGE('',*,*,#1269,.T.);
#1718=ORIENTED_EDGE('',*,*,#1270,.T.);
#1719=ORIENTED_EDGE('',*,*,#1242,.T.);
#1720=ORIENTED_EDGE('',*,*,#1240,.T.);
#1721=ORIENTED_EDGE('',*,*,#1214,.T.);
#1722=ORIENTED_EDGE('',*,*,#1235,.T.);
#1723=ORIENTED_EDGE('',*,*,#1217,.T.);
#1724=ORIENTED_EDGE('',*,*,#1252,.T.);
#1725=ORIENTED_EDGE('',*,*,#1143,.T.);
#1726=ORIENTED_EDGE('',*,*,#1272,.T.);
#1727=ORIENTED_EDGE('',*,*,#1257,.F.);
#1728=ORIENTED_EDGE('',*,*,#1250,.F.);
#1729=ORIENTED_EDGE('',*,*,#1262,.F.);
#1730=ORIENTED_EDGE('',*,*,#1271,.F.);
#1731=ORIENTED_EDGE('',*,*,#1221,.F.);
#1732=ORIENTED_EDGE('',*,*,#1166,.T.);
#1733=ORIENTED_EDGE('',*,*,#1273,.T.);
#1734=ORIENTED_EDGE('',*,*,#1274,.T.);
#1735=ORIENTED_EDGE('',*,*,#1151,.F.);
#1736=ORIENTED_EDGE('',*,*,#1170,.F.);
#1737=ORIENTED_EDGE('',*,*,#1274,.F.);
#1738=ORIENTED_EDGE('',*,*,#1275,.T.);
#1739=ORIENTED_EDGE('',*,*,#1276,.F.);
#1740=ORIENTED_EDGE('',*,*,#1152,.F.);
#1741=ORIENTED_EDGE('',*,*,#1277,.T.);
#1742=ORIENTED_EDGE('',*,*,#1168,.T.);
#1743=ORIENTED_EDGE('',*,*,#1171,.F.);
#1744=ORIENTED_EDGE('',*,*,#1155,.F.);
#1745=ORIENTED_EDGE('',*,*,#1278,.F.);
#1746=ORIENTED_EDGE('',*,*,#1169,.F.);
#1747=ORIENTED_EDGE('',*,*,#1277,.F.);
#1748=ORIENTED_EDGE('',*,*,#1279,.F.);
#1749=ORIENTED_EDGE('',*,*,#1280,.F.);
#1750=ORIENTED_EDGE('',*,*,#1275,.F.);
#1751=ORIENTED_EDGE('',*,*,#1273,.F.);
#1752=ORIENTED_EDGE('',*,*,#1281,.T.);
#1753=ORIENTED_EDGE('',*,*,#1282,.T.);
#1754=ORIENTED_EDGE('',*,*,#1283,.T.);
#1755=ORIENTED_EDGE('',*,*,#1227,.T.);
#1756=ORIENTED_EDGE('',*,*,#1284,.T.);
#1757=ORIENTED_EDGE('',*,*,#1285,.F.);
#1758=ORIENTED_EDGE('',*,*,#1286,.F.);
#1759=ORIENTED_EDGE('',*,*,#1287,.T.);
#1760=ORIENTED_EDGE('',*,*,#1288,.F.);
#1761=ORIENTED_EDGE('',*,*,#1282,.F.);
#1762=ORIENTED_EDGE('',*,*,#1289,.F.);
#1763=ORIENTED_EDGE('',*,*,#1160,.F.);
#1764=ORIENTED_EDGE('',*,*,#1232,.T.);
#1765=ORIENTED_EDGE('',*,*,#1290,.T.);
#1766=ORIENTED_EDGE('',*,*,#1291,.T.);
#1767=ORIENTED_EDGE('',*,*,#1292,.T.);
#1768=ORIENTED_EDGE('',*,*,#1285,.T.);
#1769=ORIENTED_EDGE('',*,*,#1293,.T.);
#1770=ORIENTED_EDGE('',*,*,#1233,.T.);
#1771=ORIENTED_EDGE('',*,*,#1292,.F.);
#1772=ORIENTED_EDGE('',*,*,#1294,.T.);
#1773=ORIENTED_EDGE('',*,*,#1295,.T.);
#1774=ORIENTED_EDGE('',*,*,#1234,.T.);
#1775=ORIENTED_EDGE('',*,*,#1293,.F.);
#1776=ORIENTED_EDGE('',*,*,#1296,.T.);
#1777=ORIENTED_EDGE('',*,*,#1223,.T.);
#1778=ORIENTED_EDGE('',*,*,#1295,.F.);
#1779=ORIENTED_EDGE('',*,*,#1297,.T.);
#1780=ORIENTED_EDGE('',*,*,#1298,.T.);
#1781=ORIENTED_EDGE('',*,*,#1224,.T.);
#1782=ORIENTED_EDGE('',*,*,#1296,.F.);
#1783=ORIENTED_EDGE('',*,*,#1299,.T.);
#1784=ORIENTED_EDGE('',*,*,#1300,.T.);
#1785=ORIENTED_EDGE('',*,*,#1225,.T.);
#1786=ORIENTED_EDGE('',*,*,#1298,.F.);
#1787=ORIENTED_EDGE('',*,*,#1301,.T.);
#1788=ORIENTED_EDGE('',*,*,#1226,.T.);
#1789=ORIENTED_EDGE('',*,*,#1300,.F.);
#1790=ORIENTED_EDGE('',*,*,#1302,.T.);
#1791=ORIENTED_EDGE('',*,*,#1281,.F.);
#1792=ORIENTED_EDGE('',*,*,#1290,.F.);
#1793=ORIENTED_EDGE('',*,*,#1231,.T.);
#1794=ORIENTED_EDGE('',*,*,#1303,.T.);
#1795=ORIENTED_EDGE('',*,*,#1304,.T.);
#1796=ORIENTED_EDGE('',*,*,#1303,.F.);
#1797=ORIENTED_EDGE('',*,*,#1230,.T.);
#1798=ORIENTED_EDGE('',*,*,#1305,.T.);
#1799=ORIENTED_EDGE('',*,*,#1306,.T.);
#1800=ORIENTED_EDGE('',*,*,#1305,.F.);
#1801=ORIENTED_EDGE('',*,*,#1229,.T.);
#1802=ORIENTED_EDGE('',*,*,#1307,.T.);
#1803=ORIENTED_EDGE('',*,*,#1308,.T.);
#1804=ORIENTED_EDGE('',*,*,#1309,.T.);
#1805=ORIENTED_EDGE('',*,*,#1307,.F.);
#1806=ORIENTED_EDGE('',*,*,#1228,.T.);
#1807=ORIENTED_EDGE('',*,*,#1283,.F.);
#1808=ORIENTED_EDGE('',*,*,#1310,.F.);
#1809=ORIENTED_EDGE('',*,*,#1161,.F.);
#1810=ORIENTED_EDGE('',*,*,#1289,.T.);
#1811=ORIENTED_EDGE('',*,*,#1302,.F.);
#1812=ORIENTED_EDGE('',*,*,#1311,.T.);
#1813=ORIENTED_EDGE('',*,*,#1299,.F.);
#1814=ORIENTED_EDGE('',*,*,#1312,.F.);
#1815=ORIENTED_EDGE('',*,*,#1157,.F.);
#1816=ORIENTED_EDGE('',*,*,#1301,.F.);
#1817=ORIENTED_EDGE('',*,*,#1311,.F.);
#1818=ORIENTED_EDGE('',*,*,#1162,.F.);
#1819=ORIENTED_EDGE('',*,*,#1310,.T.);
#1820=ORIENTED_EDGE('',*,*,#1313,.T.);
#1821=ORIENTED_EDGE('',*,*,#1294,.F.);
#1822=ORIENTED_EDGE('',*,*,#1284,.F.);
#1823=ORIENTED_EDGE('',*,*,#1159,.F.);
#1824=ORIENTED_EDGE('',*,*,#1297,.F.);
#1825=ORIENTED_EDGE('',*,*,#1313,.F.);
#1826=ORIENTED_EDGE('',*,*,#1158,.F.);
#1827=ORIENTED_EDGE('',*,*,#1312,.T.);
#1828=ORIENTED_EDGE('',*,*,#1278,.T.);
#1829=ORIENTED_EDGE('',*,*,#1154,.F.);
#1830=ORIENTED_EDGE('',*,*,#1314,.F.);
#1831=ORIENTED_EDGE('',*,*,#1279,.T.);
#1832=ORIENTED_EDGE('',*,*,#1314,.T.);
#1833=ORIENTED_EDGE('',*,*,#1153,.F.);
#1834=ORIENTED_EDGE('',*,*,#1276,.T.);
#1835=ORIENTED_EDGE('',*,*,#1280,.T.);
#1836=ORIENTED_EDGE('',*,*,#1315,.T.);
#1837=ORIENTED_EDGE('',*,*,#1316,.T.);
#1838=ORIENTED_EDGE('',*,*,#1317,.T.);
#1839=ORIENTED_EDGE('',*,*,#1318,.T.);
#1840=ORIENTED_EDGE('',*,*,#1139,.F.);
#1841=ORIENTED_EDGE('',*,*,#1150,.T.);
#1842=ORIENTED_EDGE('',*,*,#1319,.T.);
#1843=ORIENTED_EDGE('',*,*,#1320,.F.);
#1844=ORIENTED_EDGE('',*,*,#1129,.F.);
#1845=ORIENTED_EDGE('',*,*,#1164,.T.);
#1846=ORIENTED_EDGE('',*,*,#1165,.T.);
#1847=ORIENTED_EDGE('',*,*,#1111,.T.);
#1848=ORIENTED_EDGE('',*,*,#1114,.T.);
#1849=ORIENTED_EDGE('',*,*,#1116,.T.);
#1850=ORIENTED_EDGE('',*,*,#1198,.T.);
#1851=ORIENTED_EDGE('',*,*,#1201,.T.);
#1852=ORIENTED_EDGE('',*,*,#1245,.T.);
#1853=ORIENTED_EDGE('',*,*,#1246,.T.);
#1854=ORIENTED_EDGE('',*,*,#1193,.T.);
#1855=ORIENTED_EDGE('',*,*,#1131,.F.);
#1856=ORIENTED_EDGE('',*,*,#1321,.F.);
#1857=ORIENTED_EDGE('',*,*,#1322,.T.);
#1858=ORIENTED_EDGE('',*,*,#1148,.T.);
#1859=ORIENTED_EDGE('',*,*,#1196,.F.);
#1860=ORIENTED_EDGE('',*,*,#1323,.T.);
#1861=ORIENTED_EDGE('',*,*,#1324,.T.);
#1862=ORIENTED_EDGE('',*,*,#1317,.F.);
#1863=ORIENTED_EDGE('',*,*,#1325,.F.);
#1864=ORIENTED_EDGE('',*,*,#1326,.T.);
#1865=ORIENTED_EDGE('',*,*,#1327,.T.);
#1866=ORIENTED_EDGE('',*,*,#1318,.F.);
#1867=ORIENTED_EDGE('',*,*,#1324,.F.);
#1868=ORIENTED_EDGE('',*,*,#1328,.T.);
#1869=ORIENTED_EDGE('',*,*,#1329,.T.);
#1870=ORIENTED_EDGE('',*,*,#1315,.F.);
#1871=ORIENTED_EDGE('',*,*,#1327,.F.);
#1872=ORIENTED_EDGE('',*,*,#1330,.T.);
#1873=ORIENTED_EDGE('',*,*,#1325,.T.);
#1874=ORIENTED_EDGE('',*,*,#1316,.F.);
#1875=ORIENTED_EDGE('',*,*,#1329,.F.);
#1876=ORIENTED_EDGE('',*,*,#1331,.F.);
#1877=ORIENTED_EDGE('',*,*,#1309,.F.);
#1878=ORIENTED_EDGE('',*,*,#1288,.T.);
#1879=ORIENTED_EDGE('',*,*,#1332,.F.);
#1880=ORIENTED_EDGE('',*,*,#1333,.T.);
#1881=ORIENTED_EDGE('',*,*,#1334,.F.);
#1882=ORIENTED_EDGE('',*,*,#1335,.F.);
#1883=ORIENTED_EDGE('',*,*,#1336,.F.);
#1884=ORIENTED_EDGE('',*,*,#1332,.T.);
#1885=ORIENTED_EDGE('',*,*,#1287,.F.);
#1886=ORIENTED_EDGE('',*,*,#1323,.F.);
#1887=ORIENTED_EDGE('',*,*,#1330,.F.);
#1888=ORIENTED_EDGE('',*,*,#1328,.F.);
#1889=ORIENTED_EDGE('',*,*,#1326,.F.);
#1890=ORIENTED_EDGE('',*,*,#1286,.T.);
#1891=ORIENTED_EDGE('',*,*,#1291,.F.);
#1892=ORIENTED_EDGE('',*,*,#1337,.T.);
#1893=ORIENTED_EDGE('',*,*,#1333,.F.);
#1894=ORIENTED_EDGE('',*,*,#1320,.T.);
#1895=ORIENTED_EDGE('',*,*,#1338,.T.);
#1896=ORIENTED_EDGE('',*,*,#1321,.T.);
#1897=ORIENTED_EDGE('',*,*,#1130,.T.);
#1898=ORIENTED_EDGE('',*,*,#1322,.F.);
#1899=ORIENTED_EDGE('',*,*,#1338,.F.);
#1900=ORIENTED_EDGE('',*,*,#1319,.F.);
#1901=ORIENTED_EDGE('',*,*,#1149,.F.);
#1902=ORIENTED_EDGE('',*,*,#1337,.F.);
#1903=ORIENTED_EDGE('',*,*,#1304,.F.);
#1904=ORIENTED_EDGE('',*,*,#1339,.T.);
#1905=ORIENTED_EDGE('',*,*,#1334,.T.);
#1906=ORIENTED_EDGE('',*,*,#1340,.F.);
#1907=ORIENTED_EDGE('',*,*,#1308,.F.);
#1908=ORIENTED_EDGE('',*,*,#1331,.T.);
#1909=ORIENTED_EDGE('',*,*,#1336,.T.);
#1910=ORIENTED_EDGE('',*,*,#1339,.F.);
#1911=ORIENTED_EDGE('',*,*,#1306,.F.);
#1912=ORIENTED_EDGE('',*,*,#1340,.T.);
#1913=ORIENTED_EDGE('',*,*,#1335,.T.);
#1914=ORIENTED_EDGE('',*,*,#1341,.F.);
#1915=ORIENTED_EDGE('',*,*,#1342,.T.);
#1916=ORIENTED_EDGE('',*,*,#1343,.F.);
#1917=ORIENTED_EDGE('',*,*,#1344,.F.);
#1918=ORIENTED_EDGE('',*,*,#1345,.F.);
#1919=ORIENTED_EDGE('',*,*,#1344,.T.);
#1920=ORIENTED_EDGE('',*,*,#1346,.F.);
#1921=ORIENTED_EDGE('',*,*,#1347,.F.);
#1922=ORIENTED_EDGE('',*,*,#1348,.F.);
#1923=ORIENTED_EDGE('',*,*,#1347,.T.);
#1924=ORIENTED_EDGE('',*,*,#1349,.F.);
#1925=ORIENTED_EDGE('',*,*,#1350,.F.);
#1926=ORIENTED_EDGE('',*,*,#1351,.F.);
#1927=ORIENTED_EDGE('',*,*,#1350,.T.);
#1928=ORIENTED_EDGE('',*,*,#1352,.F.);
#1929=ORIENTED_EDGE('',*,*,#1353,.F.);
#1930=ORIENTED_EDGE('',*,*,#1354,.F.);
#1931=ORIENTED_EDGE('',*,*,#1353,.T.);
#1932=ORIENTED_EDGE('',*,*,#1355,.F.);
#1933=ORIENTED_EDGE('',*,*,#1356,.F.);
#1934=ORIENTED_EDGE('',*,*,#1357,.F.);
#1935=ORIENTED_EDGE('',*,*,#1356,.T.);
#1936=ORIENTED_EDGE('',*,*,#1358,.F.);
#1937=ORIENTED_EDGE('',*,*,#1359,.F.);
#1938=ORIENTED_EDGE('',*,*,#1360,.F.);
#1939=ORIENTED_EDGE('',*,*,#1359,.T.);
#1940=ORIENTED_EDGE('',*,*,#1361,.F.);
#1941=ORIENTED_EDGE('',*,*,#1362,.F.);
#1942=ORIENTED_EDGE('',*,*,#1363,.F.);
#1943=ORIENTED_EDGE('',*,*,#1362,.T.);
#1944=ORIENTED_EDGE('',*,*,#1364,.F.);
#1945=ORIENTED_EDGE('',*,*,#1365,.F.);
#1946=ORIENTED_EDGE('',*,*,#1366,.F.);
#1947=ORIENTED_EDGE('',*,*,#1365,.T.);
#1948=ORIENTED_EDGE('',*,*,#1367,.F.);
#1949=ORIENTED_EDGE('',*,*,#1368,.F.);
#1950=ORIENTED_EDGE('',*,*,#1369,.F.);
#1951=ORIENTED_EDGE('',*,*,#1368,.T.);
#1952=ORIENTED_EDGE('',*,*,#1370,.F.);
#1953=ORIENTED_EDGE('',*,*,#1371,.F.);
#1954=ORIENTED_EDGE('',*,*,#1372,.F.);
#1955=ORIENTED_EDGE('',*,*,#1371,.T.);
#1956=ORIENTED_EDGE('',*,*,#1373,.F.);
#1957=ORIENTED_EDGE('',*,*,#1374,.F.);
#1958=ORIENTED_EDGE('',*,*,#1375,.F.);
#1959=ORIENTED_EDGE('',*,*,#1374,.T.);
#1960=ORIENTED_EDGE('',*,*,#1376,.F.);
#1961=ORIENTED_EDGE('',*,*,#1377,.F.);
#1962=ORIENTED_EDGE('',*,*,#1378,.F.);
#1963=ORIENTED_EDGE('',*,*,#1377,.T.);
#1964=ORIENTED_EDGE('',*,*,#1379,.F.);
#1965=ORIENTED_EDGE('',*,*,#1380,.F.);
#1966=ORIENTED_EDGE('',*,*,#1381,.F.);
#1967=ORIENTED_EDGE('',*,*,#1380,.T.);
#1968=ORIENTED_EDGE('',*,*,#1382,.F.);
#1969=ORIENTED_EDGE('',*,*,#1383,.F.);
#1970=ORIENTED_EDGE('',*,*,#1384,.F.);
#1971=ORIENTED_EDGE('',*,*,#1383,.T.);
#1972=ORIENTED_EDGE('',*,*,#1385,.F.);
#1973=ORIENTED_EDGE('',*,*,#1386,.F.);
#1974=ORIENTED_EDGE('',*,*,#1387,.F.);
#1975=ORIENTED_EDGE('',*,*,#1386,.T.);
#1976=ORIENTED_EDGE('',*,*,#1388,.F.);
#1977=ORIENTED_EDGE('',*,*,#1389,.F.);
#1978=ORIENTED_EDGE('',*,*,#1390,.F.);
#1979=ORIENTED_EDGE('',*,*,#1389,.T.);
#1980=ORIENTED_EDGE('',*,*,#1391,.F.);
#1981=ORIENTED_EDGE('',*,*,#1392,.F.);
#1982=ORIENTED_EDGE('',*,*,#1393,.F.);
#1983=ORIENTED_EDGE('',*,*,#1392,.T.);
#1984=ORIENTED_EDGE('',*,*,#1394,.F.);
#1985=ORIENTED_EDGE('',*,*,#1395,.F.);
#1986=ORIENTED_EDGE('',*,*,#1396,.F.);
#1987=ORIENTED_EDGE('',*,*,#1395,.T.);
#1988=ORIENTED_EDGE('',*,*,#1397,.F.);
#1989=ORIENTED_EDGE('',*,*,#1398,.F.);
#1990=ORIENTED_EDGE('',*,*,#1399,.F.);
#1991=ORIENTED_EDGE('',*,*,#1398,.T.);
#1992=ORIENTED_EDGE('',*,*,#1400,.F.);
#1993=ORIENTED_EDGE('',*,*,#1401,.F.);
#1994=ORIENTED_EDGE('',*,*,#1402,.F.);
#1995=ORIENTED_EDGE('',*,*,#1401,.T.);
#1996=ORIENTED_EDGE('',*,*,#1403,.F.);
#1997=ORIENTED_EDGE('',*,*,#1404,.F.);
#1998=ORIENTED_EDGE('',*,*,#1405,.F.);
#1999=ORIENTED_EDGE('',*,*,#1404,.T.);
#2000=ORIENTED_EDGE('',*,*,#1406,.F.);
#2001=ORIENTED_EDGE('',*,*,#1407,.F.);
#2002=ORIENTED_EDGE('',*,*,#1408,.F.);
#2003=ORIENTED_EDGE('',*,*,#1407,.T.);
#2004=ORIENTED_EDGE('',*,*,#1409,.F.);
#2005=ORIENTED_EDGE('',*,*,#1410,.F.);
#2006=ORIENTED_EDGE('',*,*,#1411,.F.);
#2007=ORIENTED_EDGE('',*,*,#1410,.T.);
#2008=ORIENTED_EDGE('',*,*,#1412,.F.);
#2009=ORIENTED_EDGE('',*,*,#1413,.F.);
#2010=ORIENTED_EDGE('',*,*,#1414,.F.);
#2011=ORIENTED_EDGE('',*,*,#1413,.T.);
#2012=ORIENTED_EDGE('',*,*,#1415,.F.);
#2013=ORIENTED_EDGE('',*,*,#1416,.F.);
#2014=ORIENTED_EDGE('',*,*,#1417,.F.);
#2015=ORIENTED_EDGE('',*,*,#1416,.T.);
#2016=ORIENTED_EDGE('',*,*,#1418,.F.);
#2017=ORIENTED_EDGE('',*,*,#1419,.F.);
#2018=ORIENTED_EDGE('',*,*,#1420,.F.);
#2019=ORIENTED_EDGE('',*,*,#1419,.T.);
#2020=ORIENTED_EDGE('',*,*,#1421,.F.);
#2021=ORIENTED_EDGE('',*,*,#1342,.F.);
#2022=ORIENTED_EDGE('',*,*,#1420,.T.);
#2023=ORIENTED_EDGE('',*,*,#1341,.T.);
#2024=ORIENTED_EDGE('',*,*,#1345,.T.);
#2025=ORIENTED_EDGE('',*,*,#1348,.T.);
#2026=ORIENTED_EDGE('',*,*,#1351,.T.);
#2027=ORIENTED_EDGE('',*,*,#1354,.T.);
#2028=ORIENTED_EDGE('',*,*,#1357,.T.);
#2029=ORIENTED_EDGE('',*,*,#1360,.T.);
#2030=ORIENTED_EDGE('',*,*,#1363,.T.);
#2031=ORIENTED_EDGE('',*,*,#1366,.T.);
#2032=ORIENTED_EDGE('',*,*,#1369,.T.);
#2033=ORIENTED_EDGE('',*,*,#1372,.T.);
#2034=ORIENTED_EDGE('',*,*,#1375,.T.);
#2035=ORIENTED_EDGE('',*,*,#1378,.T.);
#2036=ORIENTED_EDGE('',*,*,#1381,.T.);
#2037=ORIENTED_EDGE('',*,*,#1384,.T.);
#2038=ORIENTED_EDGE('',*,*,#1387,.T.);
#2039=ORIENTED_EDGE('',*,*,#1390,.T.);
#2040=ORIENTED_EDGE('',*,*,#1393,.T.);
#2041=ORIENTED_EDGE('',*,*,#1396,.T.);
#2042=ORIENTED_EDGE('',*,*,#1399,.T.);
#2043=ORIENTED_EDGE('',*,*,#1402,.T.);
#2044=ORIENTED_EDGE('',*,*,#1405,.T.);
#2045=ORIENTED_EDGE('',*,*,#1408,.T.);
#2046=ORIENTED_EDGE('',*,*,#1411,.T.);
#2047=ORIENTED_EDGE('',*,*,#1414,.T.);
#2048=ORIENTED_EDGE('',*,*,#1417,.T.);
#2049=ORIENTED_EDGE('',*,*,#1421,.T.);
#2050=ORIENTED_EDGE('',*,*,#1418,.T.);
#2051=ORIENTED_EDGE('',*,*,#1415,.T.);
#2052=ORIENTED_EDGE('',*,*,#1412,.T.);
#2053=ORIENTED_EDGE('',*,*,#1409,.T.);
#2054=ORIENTED_EDGE('',*,*,#1406,.T.);
#2055=ORIENTED_EDGE('',*,*,#1403,.T.);
#2056=ORIENTED_EDGE('',*,*,#1400,.T.);
#2057=ORIENTED_EDGE('',*,*,#1397,.T.);
#2058=ORIENTED_EDGE('',*,*,#1394,.T.);
#2059=ORIENTED_EDGE('',*,*,#1391,.T.);
#2060=ORIENTED_EDGE('',*,*,#1388,.T.);
#2061=ORIENTED_EDGE('',*,*,#1385,.T.);
#2062=ORIENTED_EDGE('',*,*,#1382,.T.);
#2063=ORIENTED_EDGE('',*,*,#1379,.T.);
#2064=ORIENTED_EDGE('',*,*,#1376,.T.);
#2065=ORIENTED_EDGE('',*,*,#1373,.T.);
#2066=ORIENTED_EDGE('',*,*,#1370,.T.);
#2067=ORIENTED_EDGE('',*,*,#1367,.T.);
#2068=ORIENTED_EDGE('',*,*,#1364,.T.);
#2069=ORIENTED_EDGE('',*,*,#1361,.T.);
#2070=ORIENTED_EDGE('',*,*,#1358,.T.);
#2071=ORIENTED_EDGE('',*,*,#1355,.T.);
#2072=ORIENTED_EDGE('',*,*,#1352,.T.);
#2073=ORIENTED_EDGE('',*,*,#1349,.T.);
#2074=ORIENTED_EDGE('',*,*,#1346,.T.);
#2075=ORIENTED_EDGE('',*,*,#1343,.T.);
#2076=ORIENTED_EDGE('',*,*,#1422,.T.);
#2077=ORIENTED_EDGE('',*,*,#1423,.T.);
#2078=ORIENTED_EDGE('',*,*,#1424,.F.);
#2079=ORIENTED_EDGE('',*,*,#1425,.F.);
#2080=ORIENTED_EDGE('',*,*,#1426,.T.);
#2081=ORIENTED_EDGE('',*,*,#1425,.T.);
#2082=ORIENTED_EDGE('',*,*,#1427,.F.);
#2083=ORIENTED_EDGE('',*,*,#1428,.F.);
#2084=ORIENTED_EDGE('',*,*,#1429,.T.);
#2085=ORIENTED_EDGE('',*,*,#1428,.T.);
#2086=ORIENTED_EDGE('',*,*,#1430,.F.);
#2087=ORIENTED_EDGE('',*,*,#1431,.F.);
#2088=ORIENTED_EDGE('',*,*,#1432,.T.);
#2089=ORIENTED_EDGE('',*,*,#1431,.T.);
#2090=ORIENTED_EDGE('',*,*,#1433,.F.);
#2091=ORIENTED_EDGE('',*,*,#1434,.F.);
#2092=ORIENTED_EDGE('',*,*,#1435,.T.);
#2093=ORIENTED_EDGE('',*,*,#1434,.T.);
#2094=ORIENTED_EDGE('',*,*,#1436,.F.);
#2095=ORIENTED_EDGE('',*,*,#1437,.F.);
#2096=ORIENTED_EDGE('',*,*,#1438,.T.);
#2097=ORIENTED_EDGE('',*,*,#1437,.T.);
#2098=ORIENTED_EDGE('',*,*,#1439,.F.);
#2099=ORIENTED_EDGE('',*,*,#1423,.F.);
#2100=ORIENTED_EDGE('',*,*,#1438,.F.);
#2101=ORIENTED_EDGE('',*,*,#1422,.F.);
#2102=ORIENTED_EDGE('',*,*,#1426,.F.);
#2103=ORIENTED_EDGE('',*,*,#1429,.F.);
#2104=ORIENTED_EDGE('',*,*,#1432,.F.);
#2105=ORIENTED_EDGE('',*,*,#1435,.F.);
#2106=ORIENTED_EDGE('',*,*,#1439,.T.);
#2107=ORIENTED_EDGE('',*,*,#1436,.T.);
#2108=ORIENTED_EDGE('',*,*,#1433,.T.);
#2109=ORIENTED_EDGE('',*,*,#1430,.T.);
#2110=ORIENTED_EDGE('',*,*,#1427,.T.);
#2111=ORIENTED_EDGE('',*,*,#1424,.T.);
#2112=PLANE('',#2344);
#2113=PLANE('',#2345);
#2114=PLANE('',#2346);
#2115=PLANE('',#2347);
#2116=PLANE('',#2348);
#2117=PLANE('',#2349);
#2118=PLANE('',#2351);
#2119=PLANE('',#2353);
#2120=PLANE('',#2354);
#2121=PLANE('',#2361);
#2122=PLANE('',#2362);
#2123=PLANE('',#2363);
#2124=PLANE('',#2364);
#2125=PLANE('',#2375);
#2126=PLANE('',#2376);
#2127=PLANE('',#2378);
#2128=PLANE('',#2379);
#2129=PLANE('',#2380);
#2130=PLANE('',#2381);
#2131=PLANE('',#2382);
#2132=PLANE('',#2384);
#2133=PLANE('',#2393);
#2134=PLANE('',#2395);
#2135=PLANE('',#2396);
#2136=PLANE('',#2403);
#2137=PLANE('',#2405);
#2138=PLANE('',#2406);
#2139=PLANE('',#2407);
#2140=PLANE('',#2409);
#2141=PLANE('',#2410);
#2142=PLANE('',#2412);
#2143=PLANE('',#2413);
#2144=PLANE('',#2414);
#2145=PLANE('',#2421);
#2146=PLANE('',#2423);
#2147=PLANE('',#2425);
#2148=PLANE('',#2426);
#2149=PLANE('',#2427);
#2150=PLANE('',#2429);
#2151=PLANE('',#2431);
#2152=PLANE('',#2432);
#2153=PLANE('',#2433);
#2154=PLANE('',#2436);
#2155=PLANE('',#2437);
#2156=PLANE('',#2438);
#2157=PLANE('',#2439);
#2158=PLANE('',#2440);
#2159=PLANE('',#2441);
#2160=PLANE('',#2442);
#2161=PLANE('',#2443);
#2162=PLANE('',#2444);
#2163=PLANE('',#2445);
#2164=PLANE('',#2446);
#2165=PLANE('',#2449);
#2166=PLANE('',#2452);
#2167=PLANE('',#2455);
#2168=PLANE('',#2458);
#2169=PLANE('',#2459);
#2170=PLANE('',#2460);
#2171=PLANE('',#2462);
#2172=PLANE('',#2464);
#2173=PLANE('',#2465);
#2174=PLANE('',#2466);
#2175=PLANE('',#2469);
#2176=PLANE('',#2470);
#2177=PLANE('',#2473);
#2178=PLANE('',#2476);
#2179=PLANE('',#2477);
#2180=PLANE('',#2478);
#2181=PLANE('',#2481);
#2182=PLANE('',#2482);
#2183=PLANE('',#2483);
#2184=PLANE('',#2486);
#2185=PLANE('',#2487);
#2186=PLANE('',#2488);
#2187=PLANE('',#2489);
#2188=PLANE('',#2490);
#2189=PLANE('',#2491);
#2190=PLANE('',#2492);
#2191=PLANE('',#2493);
#2192=PLANE('',#2494);
#2193=PLANE('',#2495);
#2194=PLANE('',#2496);
#2195=PLANE('',#2497);
#2196=PLANE('',#2498);
#2197=PLANE('',#2499);
#2198=PLANE('',#2500);
#2199=PLANE('',#2501);
#2200=PLANE('',#2502);
#2201=PLANE('',#2503);
#2202=PLANE('',#2504);
#2203=ADVANCED_FACE('',(#164),#2112,.T.);
#2204=ADVANCED_FACE('',(#165),#2113,.F.);
#2205=ADVANCED_FACE('',(#166),#2114,.F.);
#2206=ADVANCED_FACE('',(#167),#2115,.F.);
#2207=ADVANCED_FACE('',(#168),#2116,.T.);
#2208=ADVANCED_FACE('',(#169),#2117,.F.);
#2209=ADVANCED_FACE('',(#170),#2118,.F.);
#2210=ADVANCED_FACE('',(#171),#2119,.T.);
#2211=ADVANCED_FACE('',(#172,#104,#105),#2120,.F.);
#2212=ADVANCED_FACE('',(#173),#2121,.F.);
#2213=ADVANCED_FACE('',(#174),#2122,.F.);
#2214=ADVANCED_FACE('',(#175),#2123,.F.);
#2215=ADVANCED_FACE('',(#176),#2124,.T.);
#2216=ADVANCED_FACE('',(#177),#94,.T.);
#2217=ADVANCED_FACE('',(#178),#2125,.F.);
#2218=ADVANCED_FACE('',(#179),#2126,.F.);
#2219=ADVANCED_FACE('',(#180),#2127,.T.);
#2220=ADVANCED_FACE('',(#181),#2128,.F.);
#2221=ADVANCED_FACE('',(#182),#2129,.T.);
#2222=ADVANCED_FACE('',(#183),#2130,.F.);
#2223=ADVANCED_FACE('',(#184),#2131,.F.);
#2224=ADVANCED_FACE('',(#185),#2132,.F.);
#2225=ADVANCED_FACE('',(#186),#95,.T.);
#2226=ADVANCED_FACE('',(#187),#2133,.F.);
#2227=ADVANCED_FACE('',(#188),#2134,.T.);
#2228=ADVANCED_FACE('',(#189,#106),#2135,.T.);
#2229=ADVANCED_FACE('',(#190),#2136,.F.);
#2230=ADVANCED_FACE('',(#191),#2137,.F.);
#2231=ADVANCED_FACE('',(#192),#2138,.F.);
#2232=ADVANCED_FACE('',(#193),#2139,.F.);
#2233=ADVANCED_FACE('',(#194),#2140,.F.);
#2234=ADVANCED_FACE('',(#195),#2141,.F.);
#2235=ADVANCED_FACE('',(#196),#2142,.F.);
#2236=ADVANCED_FACE('',(#197),#2143,.F.);
#2237=ADVANCED_FACE('',(#198),#2144,.F.);
#2238=ADVANCED_FACE('',(#199),#96,.T.);
#2239=ADVANCED_FACE('',(#200),#2145,.F.);
#2240=ADVANCED_FACE('',(#201),#2146,.F.);
#2241=ADVANCED_FACE('',(#202),#2147,.T.);
#2242=ADVANCED_FACE('',(#203),#2148,.F.);
#2243=ADVANCED_FACE('',(#204),#2149,.F.);
#2244=ADVANCED_FACE('',(#205),#2150,.F.);
#2245=ADVANCED_FACE('',(#206),#2151,.F.);
#2246=ADVANCED_FACE('',(#207),#2152,.T.);
#2247=ADVANCED_FACE('',(#208),#2153,.F.);
#2248=ADVANCED_FACE('',(#209),#97,.T.);
#2249=ADVANCED_FACE('',(#210),#2154,.T.);
#2250=ADVANCED_FACE('',(#211),#2155,.T.);
#2251=ADVANCED_FACE('',(#212),#2156,.F.);
#2252=ADVANCED_FACE('',(#213),#2157,.T.);
#2253=ADVANCED_FACE('',(#214),#2158,.T.);
#2254=ADVANCED_FACE('',(#215),#2159,.T.);
#2255=ADVANCED_FACE('',(#216),#2160,.T.);
#2256=ADVANCED_FACE('',(#217),#2161,.F.);
#2257=ADVANCED_FACE('',(#218),#2162,.T.);
#2258=ADVANCED_FACE('',(#219),#2163,.T.);
#2259=ADVANCED_FACE('',(#220),#2164,.T.);
#2260=ADVANCED_FACE('',(#221),#90,.F.);
#2261=ADVANCED_FACE('',(#222),#2165,.T.);
#2262=ADVANCED_FACE('',(#223),#91,.F.);
#2263=ADVANCED_FACE('',(#224),#2166,.T.);
#2264=ADVANCED_FACE('',(#225),#92,.T.);
#2265=ADVANCED_FACE('',(#226),#2167,.T.);
#2266=ADVANCED_FACE('',(#227),#93,.T.);
#2267=ADVANCED_FACE('',(#228),#2168,.T.);
#2268=ADVANCED_FACE('',(#229),#2169,.F.);
#2269=ADVANCED_FACE('',(#230),#2170,.F.);
#2270=ADVANCED_FACE('',(#231),#98,.F.);
#2271=ADVANCED_FACE('',(#232),#2171,.F.);
#2272=ADVANCED_FACE('',(#233),#99,.F.);
#2273=ADVANCED_FACE('',(#234),#2172,.T.);
#2274=ADVANCED_FACE('',(#235),#2173,.T.);
#2275=ADVANCED_FACE('',(#236),#2174,.F.);
#2276=ADVANCED_FACE('',(#237),#2175,.T.);
#2277=ADVANCED_FACE('',(#238),#2176,.T.);
#2278=ADVANCED_FACE('',(#239),#100,.T.);
#2279=ADVANCED_FACE('',(#240),#2177,.F.);
#2280=ADVANCED_FACE('',(#241),#101,.T.);
#2281=ADVANCED_FACE('',(#242),#2178,.F.);
#2282=ADVANCED_FACE('',(#243),#2179,.T.);
#2283=ADVANCED_FACE('',(#244,#107),#2180,.F.);
#2284=ADVANCED_FACE('',(#245),#2181,.T.);
#2285=ADVANCED_FACE('',(#246),#2182,.T.);
#2286=ADVANCED_FACE('',(#247),#2183,.F.);
#2287=ADVANCED_FACE('',(#248),#102,.T.);
#2288=ADVANCED_FACE('',(#249),#103,.T.);
#2289=ADVANCED_FACE('',(#250),#2184,.T.);
#2290=ADVANCED_FACE('',(#251),#61,.T.);
#2291=ADVANCED_FACE('',(#252),#62,.T.);
#2292=ADVANCED_FACE('',(#253),#2185,.T.);
#2293=ADVANCED_FACE('',(#254),#2186,.T.);
#2294=ADVANCED_FACE('',(#255),#2187,.T.);
#2295=ADVANCED_FACE('',(#256),#63,.T.);
#2296=ADVANCED_FACE('',(#257),#64,.T.);
#2297=ADVANCED_FACE('',(#258),#65,.T.);
#2298=ADVANCED_FACE('',(#259),#66,.T.);
#2299=ADVANCED_FACE('',(#260),#2188,.T.);
#2300=ADVANCED_FACE('',(#261),#67,.T.);
#2301=ADVANCED_FACE('',(#262),#68,.T.);
#2302=ADVANCED_FACE('',(#263),#69,.T.);
#2303=ADVANCED_FACE('',(#264),#70,.T.);
#2304=ADVANCED_FACE('',(#265),#71,.T.);
#2305=ADVANCED_FACE('',(#266),#2189,.T.);
#2306=ADVANCED_FACE('',(#267),#2190,.T.);
#2307=ADVANCED_FACE('',(#268),#2191,.T.);
#2308=ADVANCED_FACE('',(#269),#72,.T.);
#2309=ADVANCED_FACE('',(#270),#73,.T.);
#2310=ADVANCED_FACE('',(#271),#74,.T.);
#2311=ADVANCED_FACE('',(#272),#75,.T.);
#2312=ADVANCED_FACE('',(#273),#2192,.T.);
#2313=ADVANCED_FACE('',(#274),#76,.T.);
#2314=ADVANCED_FACE('',(#275),#77,.T.);
#2315=ADVANCED_FACE('',(#276),#78,.T.);
#2316=ADVANCED_FACE('',(#277),#79,.T.);
#2317=ADVANCED_FACE('',(#278),#2193,.T.);
#2318=ADVANCED_FACE('',(#279),#2194,.F.);
#2319=ADVANCED_FACE('',(#280),#2195,.T.);
#2320=ADVANCED_FACE('',(#281),#2196,.T.);
#2321=ADVANCED_FACE('',(#282),#2197,.T.);
#2322=ADVANCED_FACE('',(#283),#2198,.T.);
#2323=ADVANCED_FACE('',(#284),#2199,.T.);
#2324=ADVANCED_FACE('',(#285),#2200,.T.);
#2325=ADVANCED_FACE('',(#286),#2201,.T.);
#2326=ADVANCED_FACE('',(#287),#2202,.T.);
#2327=CLOSED_SHELL('',(#2203,#2204,#2205,#2206,#2207,#2208,#2209,#2210,
#2211,#2212,#2213,#2214,#2215,#2216,#2217,#2218,#2219,#2220,#2221,#2222,
#2223,#2224,#2225,#2226,#2227,#2228,#2229,#2230,#2231,#2232,#2233,#2234,
#2235,#2236,#2237,#2238,#2239,#2240,#2241,#2242,#2243,#2244,#2245,#2246,
#2247,#2248,#2249,#2250,#2251,#2252,#2253,#2254,#2255,#2256,#2257,#2258,
#2259,#2260,#2261,#2262,#2263,#2264,#2265,#2266,#2267,#2268,#2269,#2270,
#2271,#2272,#2273,#2274,#2275,#2276,#2277,#2278,#2279,#2280,#2281,#2282,
#2283,#2284,#2285,#2286,#2287,#2288,#2289));
#2328=CLOSED_SHELL('',(#2290,#2291,#2292,#2293,#2294,#2295,#2296,#2297,
#2298,#2299,#2300,#2301,#2302,#2303,#2304,#2305,#2306,#2307,#2308,#2309,
#2310,#2311,#2312,#2313,#2314,#2315,#2316,#2317,#2318));
#2329=CLOSED_SHELL('',(#2319,#2320,#2321,#2322,#2323,#2324,#2325,#2326));
#2330=DERIVED_UNIT_ELEMENT(#2332,1.);
#2331=DERIVED_UNIT_ELEMENT(#4113,-3.);
#2332=(
MASS_UNIT()
NAMED_UNIT(*)
SI_UNIT(.KILO.,.GRAM.)
);
#2333=DERIVED_UNIT((#2330,#2331));
#2334=MEASURE_REPRESENTATION_ITEM('density measure',
POSITIVE_RATIO_MEASURE(7850.),#2333);
#2335=PROPERTY_DEFINITION_REPRESENTATION(#2340,#2337);
#2336=PROPERTY_DEFINITION_REPRESENTATION(#2341,#2338);
#2337=REPRESENTATION('material name',(#2339),#4110);
#2338=REPRESENTATION('density',(#2334),#4110);
#2339=DESCRIPTIVE_REPRESENTATION_ITEM('Steel','Steel');
#2340=PROPERTY_DEFINITION('material property','material name',#4125);
#2341=PROPERTY_DEFINITION('material property','density of part',#4125);
#2342=AXIS2_PLACEMENT_3D('',#3068,#2506,#2507);
#2343=AXIS2_PLACEMENT_3D('',#3069,#2508,#2509);
#2344=AXIS2_PLACEMENT_3D('',#3070,#2510,#2511);
#2345=AXIS2_PLACEMENT_3D('',#3083,#2518,#2519);
#2346=AXIS2_PLACEMENT_3D('',#3089,#2523,#2524);
#2347=AXIS2_PLACEMENT_3D('',#3093,#2527,#2528);
#2348=AXIS2_PLACEMENT_3D('',#3097,#2531,#2532);
#2349=AXIS2_PLACEMENT_3D('',#3110,#2539,#2540);
#2350=AXIS2_PLACEMENT_3D('',#3114,#2542,#2543);
#2351=AXIS2_PLACEMENT_3D('',#3116,#2545,#2546);
#2352=AXIS2_PLACEMENT_3D('',#3119,#2548,#2549);
#2353=AXIS2_PLACEMENT_3D('',#3120,#2550,#2551);
#2354=AXIS2_PLACEMENT_3D('',#3143,#2564,#2565);
#2355=AXIS2_PLACEMENT_3D('',#3145,#2566,#2567);
#2356=AXIS2_PLACEMENT_3D('',#3149,#2569,#2570);
#2357=AXIS2_PLACEMENT_3D('',#3153,#2572,#2573);
#2358=AXIS2_PLACEMENT_3D('',#3157,#2575,#2576);
#2359=AXIS2_PLACEMENT_3D('',#3181,#2588,#2589);
#2360=AXIS2_PLACEMENT_3D('',#3188,#2593,#2594);
#2361=AXIS2_PLACEMENT_3D('',#3189,#2595,#2596);
#2362=AXIS2_PLACEMENT_3D('',#3193,#2599,#2600);
#2363=AXIS2_PLACEMENT_3D('',#3195,#2602,#2603);
#2364=AXIS2_PLACEMENT_3D('',#3204,#2608,#2609);
#2365=AXIS2_PLACEMENT_3D('',#3207,#2612,#2613);
#2366=AXIS2_PLACEMENT_3D('',#3209,#2614,#2615);
#2367=AXIS2_PLACEMENT_3D('',#3211,#2616,#2617);
#2368=AXIS2_PLACEMENT_3D('',#3213,#2618,#2619);
#2369=AXIS2_PLACEMENT_3D('',#3217,#2621,#2622);
#2370=AXIS2_PLACEMENT_3D('',#3219,#2623,#2624);
#2371=AXIS2_PLACEMENT_3D('',#3224,#2627,#2628);
#2372=AXIS2_PLACEMENT_3D('',#3226,#2629,#2630);
#2373=AXIS2_PLACEMENT_3D('',#3230,#2632,#2633);
#2374=AXIS2_PLACEMENT_3D('',#3232,#2634,#2635);
#2375=AXIS2_PLACEMENT_3D('',#3234,#2637,#2638);
#2376=AXIS2_PLACEMENT_3D('',#3240,#2642,#2643);
#2377=AXIS2_PLACEMENT_3D('',#3243,#2645,#2646);
#2378=AXIS2_PLACEMENT_3D('',#3244,#2647,#2648);
#2379=AXIS2_PLACEMENT_3D('',#3248,#2651,#2652);
#2380=AXIS2_PLACEMENT_3D('',#3252,#2655,#2656);
#2381=AXIS2_PLACEMENT_3D('',#3256,#2659,#2660);
#2382=AXIS2_PLACEMENT_3D('',#3260,#2663,#2664);
#2383=AXIS2_PLACEMENT_3D('',#3261,#2665,#2666);
#2384=AXIS2_PLACEMENT_3D('',#3262,#2667,#2668);
#2385=AXIS2_PLACEMENT_3D('',#3266,#2671,#2672);
#2386=AXIS2_PLACEMENT_3D('',#3269,#2673,#2674);
#2387=AXIS2_PLACEMENT_3D('',#3272,#2676,#2677);
#2388=AXIS2_PLACEMENT_3D('',#3274,#2678,#2679);
#2389=AXIS2_PLACEMENT_3D('',#3277,#2681,#2682);
#2390=AXIS2_PLACEMENT_3D('',#3281,#2684,#2685);
#2391=AXIS2_PLACEMENT_3D('',#3283,#2686,#2687);
#2392=AXIS2_PLACEMENT_3D('',#3286,#2689,#2690);
#2393=AXIS2_PLACEMENT_3D('',#3287,#2691,#2692);
#2394=AXIS2_PLACEMENT_3D('',#3291,#2694,#2695);
#2395=AXIS2_PLACEMENT_3D('',#3293,#2697,#2698);
#2396=AXIS2_PLACEMENT_3D('',#3299,#2702,#2703);
#2397=AXIS2_PLACEMENT_3D('',#3303,#2705,#2706);
#2398=AXIS2_PLACEMENT_3D('',#3306,#2708,#2709);
#2399=AXIS2_PLACEMENT_3D('',#3309,#2710,#2711);
#2400=AXIS2_PLACEMENT_3D('',#3313,#2713,#2714);
#2401=AXIS2_PLACEMENT_3D('',#3321,#2718,#2719);
#2402=AXIS2_PLACEMENT_3D('',#3325,#2721,#2722);
#2403=AXIS2_PLACEMENT_3D('',#3331,#2726,#2727);
#2404=AXIS2_PLACEMENT_3D('',#3332,#2728,#2729);
#2405=AXIS2_PLACEMENT_3D('',#3333,#2730,#2731);
#2406=AXIS2_PLACEMENT_3D('',#3335,#2733,#2734);
#2407=AXIS2_PLACEMENT_3D('',#3337,#2736,#2737);
#2408=AXIS2_PLACEMENT_3D('',#3339,#2738,#2739);
#2409=AXIS2_PLACEMENT_3D('',#3341,#2741,#2742);
#2410=AXIS2_PLACEMENT_3D('',#3345,#2745,#2746);
#2411=AXIS2_PLACEMENT_3D('',#3347,#2747,#2748);
#2412=AXIS2_PLACEMENT_3D('',#3349,#2750,#2751);
#2413=AXIS2_PLACEMENT_3D('',#3353,#2754,#2755);
#2414=AXIS2_PLACEMENT_3D('',#3355,#2757,#2758);
#2415=AXIS2_PLACEMENT_3D('',#3357,#2759,#2760);
#2416=AXIS2_PLACEMENT_3D('',#3359,#2762,#2763);
#2417=AXIS2_PLACEMENT_3D('',#3362,#2764,#2765);
#2418=AXIS2_PLACEMENT_3D('',#3368,#2769,#2770);
#2419=AXIS2_PLACEMENT_3D('',#3370,#2771,#2772);
#2420=AXIS2_PLACEMENT_3D('',#3373,#2774,#2775);
#2421=AXIS2_PLACEMENT_3D('',#3374,#2776,#2777);
#2422=AXIS2_PLACEMENT_3D('',#3378,#2779,#2780);
#2423=AXIS2_PLACEMENT_3D('',#3380,#2782,#2783);
#2424=AXIS2_PLACEMENT_3D('',#3384,#2785,#2786);
#2425=AXIS2_PLACEMENT_3D('',#3386,#2788,#2789);
#2426=AXIS2_PLACEMENT_3D('',#3387,#2790,#2791);
#2427=AXIS2_PLACEMENT_3D('',#3393,#2795,#2796);
#2428=AXIS2_PLACEMENT_3D('',#3394,#2797,#2798);
#2429=AXIS2_PLACEMENT_3D('',#3395,#2799,#2800);
#2430=AXIS2_PLACEMENT_3D('',#3396,#2801,#2802);
#2431=AXIS2_PLACEMENT_3D('',#3397,#2803,#2804);
#2432=AXIS2_PLACEMENT_3D('',#3398,#2805,#2806);
#2433=AXIS2_PLACEMENT_3D('',#3402,#2809,#2810);
#2434=AXIS2_PLACEMENT_3D('',#3403,#2811,#2812);
#2435=AXIS2_PLACEMENT_3D('',#3404,#2813,#2814);
#2436=AXIS2_PLACEMENT_3D('',#3407,#2817,#2818);
#2437=AXIS2_PLACEMENT_3D('',#3408,#2819,#2820);
#2438=AXIS2_PLACEMENT_3D('',#3409,#2821,#2822);
#2439=AXIS2_PLACEMENT_3D('',#3413,#2825,#2826);
#2440=AXIS2_PLACEMENT_3D('',#3417,#2829,#2830);
#2441=AXIS2_PLACEMENT_3D('',#3421,#2833,#2834);
#2442=AXIS2_PLACEMENT_3D('',#3425,#2837,#2838);
#2443=AXIS2_PLACEMENT_3D('',#3431,#2842,#2843);
#2444=AXIS2_PLACEMENT_3D('',#3442,#2850,#2851);
#2445=AXIS2_PLACEMENT_3D('',#3447,#2855,#2856);
#2446=AXIS2_PLACEMENT_3D('',#3449,#2858,#2859);
#2447=AXIS2_PLACEMENT_3D('',#3453,#2862,#2863);
#2448=AXIS2_PLACEMENT_3D('',#3456,#2865,#2866);
#2449=AXIS2_PLACEMENT_3D('',#3457,#2867,#2868);
#2450=AXIS2_PLACEMENT_3D('',#3461,#2871,#2872);
#2451=AXIS2_PLACEMENT_3D('',#3464,#2874,#2875);
#2452=AXIS2_PLACEMENT_3D('',#3465,#2876,#2877);
#2453=AXIS2_PLACEMENT_3D('',#3467,#2879,#2880);
#2454=AXIS2_PLACEMENT_3D('',#3470,#2882,#2883);
#2455=AXIS2_PLACEMENT_3D('',#3471,#2884,#2885);
#2456=AXIS2_PLACEMENT_3D('',#3475,#2888,#2889);
#2457=AXIS2_PLACEMENT_3D('',#3478,#2891,#2892);
#2458=AXIS2_PLACEMENT_3D('',#3479,#2893,#2894);
#2459=AXIS2_PLACEMENT_3D('',#3481,#2896,#2897);
#2460=AXIS2_PLACEMENT_3D('',#3483,#2899,#2900);
#2461=AXIS2_PLACEMENT_3D('',#3486,#2903,#2904);
#2462=AXIS2_PLACEMENT_3D('',#3487,#2905,#2906);
#2463=AXIS2_PLACEMENT_3D('',#3489,#2908,#2909);
#2464=AXIS2_PLACEMENT_3D('',#3490,#2910,#2911);
#2465=AXIS2_PLACEMENT_3D('',#3492,#2913,#2914);
#2466=AXIS2_PLACEMENT_3D('',#3493,#2915,#2916);
#2467=AXIS2_PLACEMENT_3D('',#3496,#2917,#2918);
#2468=AXIS2_PLACEMENT_3D('',#3500,#2920,#2921);
#2469=AXIS2_PLACEMENT_3D('',#3502,#2923,#2924);
#2470=AXIS2_PLACEMENT_3D('',#3506,#2927,#2928);
#2471=AXIS2_PLACEMENT_3D('',#3510,#2931,#2932);
#2472=AXIS2_PLACEMENT_3D('',#3513,#2933,#2934);
#2473=AXIS2_PLACEMENT_3D('',#3516,#2937,#2938);
#2474=AXIS2_PLACEMENT_3D('',#3520,#2941,#2942);
#2475=AXIS2_PLACEMENT_3D('',#3522,#2943,#2944);
#2476=AXIS2_PLACEMENT_3D('',#3524,#2946,#2947);
#2477=AXIS2_PLACEMENT_3D('',#3526,#2949,#2950);
#2478=AXIS2_PLACEMENT_3D('',#3530,#2953,#2954);
#2479=AXIS2_PLACEMENT_3D('',#3534,#2956,#2957);
#2480=AXIS2_PLACEMENT_3D('',#3537,#2959,#2960);
#2481=AXIS2_PLACEMENT_3D('',#3538,#2961,#2962);
#2482=AXIS2_PLACEMENT_3D('',#3540,#2964,#2965);
#2483=AXIS2_PLACEMENT_3D('',#3542,#2967,#2968);
#2484=AXIS2_PLACEMENT_3D('',#3543,#2969,#2970);
#2485=AXIS2_PLACEMENT_3D('',#3545,#2972,#2973);
#2486=AXIS2_PLACEMENT_3D('',#3547,#2975,#2976);
#2487=AXIS2_PLACEMENT_3D('',#3597,#2980,#2981);
#2488=AXIS2_PLACEMENT_3D('',#3603,#2985,#2986);
#2489=AXIS2_PLACEMENT_3D('',#3609,#2990,#2991);
#2490=AXIS2_PLACEMENT_3D('',#3715,#2997,#2998);
#2491=AXIS2_PLACEMENT_3D('',#3844,#3005,#3006);
#2492=AXIS2_PLACEMENT_3D('',#3850,#3010,#3011);
#2493=AXIS2_PLACEMENT_3D('',#3856,#3015,#3016);
#2494=AXIS2_PLACEMENT_3D('',#3962,#3022,#3023);
#2495=AXIS2_PLACEMENT_3D('',#4065,#3028,#3029);
#2496=AXIS2_PLACEMENT_3D('',#4066,#3030,#3031);
#2497=AXIS2_PLACEMENT_3D('',#4067,#3032,#3033);
#2498=AXIS2_PLACEMENT_3D('',#4076,#3038,#3039);
#2499=AXIS2_PLACEMENT_3D('',#4082,#3043,#3044);
#2500=AXIS2_PLACEMENT_3D('',#4088,#3048,#3049);
#2501=AXIS2_PLACEMENT_3D('',#4094,#3053,#3054);
#2502=AXIS2_PLACEMENT_3D('',#4100,#3058,#3059);
#2503=AXIS2_PLACEMENT_3D('',#4103,#3062,#3063);
#2504=AXIS2_PLACEMENT_3D('',#4104,#3064,#3065);
#2505=AXIS2_PLACEMENT_3D('',#4105,#3066,#3067);
#2506=DIRECTION('axis',(0.,0.,1.));
#2507=DIRECTION('refdir',(1.,0.,0.));
#2508=DIRECTION('axis',(0.,0.,1.));
#2509=DIRECTION('refdir',(1.,0.,0.));
#2510=DIRECTION('center_axis',(0.707106781186546,-0.707106781186549,-2.55344648206209E-34));
#2511=DIRECTION('ref_axis',(-3.61111864572608E-34,0.,-1.));
#2512=DIRECTION('',(-0.57734998241622,-0.577349982416218,-0.577350842736011));
#2513=DIRECTION('',(0.,-3.61111864572606E-34,1.));
#2514=DIRECTION('',(0.577350269189627,0.577350269189625,-0.577350269189625));
#2515=DIRECTION('',(0.707106781186549,0.707106781186546,0.));
#2516=DIRECTION('',(0.,0.,1.));
#2517=DIRECTION('',(-0.707106781186549,-0.707106781186546,1.3170890527582E-8));
#2518=DIRECTION('center_axis',(-1.30104260698261E-17,1.,3.61111864572606E-34));
#2519=DIRECTION('ref_axis',(2.77555756156293E-17,5.79321751111624E-48,1.));
#2520=DIRECTION('',(1.,1.30104260698261E-17,-3.46944695195361E-17));
#2521=DIRECTION('',(3.61111864572608E-34,3.61111864572606E-34,-1.));
#2522=DIRECTION('',(1.,1.30104260698261E-17,-3.46944695195361E-17));
#2523=DIRECTION('center_axis',(-3.37324437430902E-17,0.707107308022348,
-0.707106254350355));
#2524=DIRECTION('ref_axis',(9.81309980072264E-18,0.707106254350355,0.707107308022348));
#2525=DIRECTION('',(1.,-1.86264242093566E-8,-1.86264520126377E-8));
#2526=DIRECTION('',(-0.577349982416221,-0.577349982416218,-0.577350842736011));
#2527=DIRECTION('center_axis',(-1.86264520126377E-8,0.,-1.));
#2528=DIRECTION('ref_axis',(-1.,0.,1.86264520126377E-8));
#2529=DIRECTION('',(1.,0.,-1.86264520126377E-8));
#2530=DIRECTION('',(-0.707106781186549,-0.707106781186546,1.3170890527582E-8));
#2531=DIRECTION('center_axis',(-0.707106781186547,-0.707106781186548,-2.55344648206208E-34));
#2532=DIRECTION('ref_axis',(-3.61111864572607E-34,0.,1.));
#2533=DIRECTION('',(0.577350269189627,-0.577350269189625,0.577350269189625));
#2534=DIRECTION('',(-1.36026791405428E-49,3.61111864572606E-34,-1.));
#2535=DIRECTION('',(-0.57734998241622,0.577349982416219,0.577350842736012));
#2536=DIRECTION('',(-0.707106781186548,0.707106781186547,1.3170890527582E-8));
#2537=DIRECTION('',(0.,0.,1.));
#2538=DIRECTION('',(0.707106781186548,-0.707106781186547,0.));
#2539=DIRECTION('center_axis',(1.53329341668337E-17,0.707106781186548,0.707106781186548));
#2540=DIRECTION('ref_axis',(2.94392336003199E-17,-0.707106781186548,0.707106781186548));
#2541=DIRECTION('',(1.,-2.16840434497101E-17,0.));
#2542=DIRECTION('center_axis',(1.53329341668337E-17,0.707106781186548,0.707106781186548));
#2543=DIRECTION('ref_axis',(-4.9065389333868E-17,-0.707106781186547,0.707106781186547));
#2544=DIRECTION('',(1.,1.30104260698261E-17,-3.46944695195361E-17));
#2545=DIRECTION('center_axis',(0.,0.,1.));
#2546=DIRECTION('ref_axis',(0.,1.,0.));
#2547=DIRECTION('',(1.,0.,-3.46944695195361E-17));
#2548=DIRECTION('center_axis',(0.,0.,1.));
#2549=DIRECTION('ref_axis',(-0.707106781186548,-0.707106781186547,0.));
#2550=DIRECTION('center_axis',(0.,-1.,0.));
#2551=DIRECTION('ref_axis',(1.,0.,0.));
#2552=DIRECTION('',(1.,0.,-3.46944695195361E-17));
#2553=DIRECTION('',(0.,0.,1.));
#2554=DIRECTION('',(-1.,0.,0.));
#2555=DIRECTION('',(0.,0.,-1.));
#2556=DIRECTION('',(1.,0.,0.));
#2557=DIRECTION('',(0.,0.,-1.));
#2558=DIRECTION('',(1.,0.,0.));
#2559=DIRECTION('',(0.,0.,1.));
#2560=DIRECTION('',(1.,0.,-1.86264520126377E-8));
#2561=DIRECTION('',(0.,0.,1.));
#2562=DIRECTION('',(1.,0.,0.));
#2563=DIRECTION('',(0.,0.,1.));
#2564=DIRECTION('center_axis',(0.,0.,1.));
#2565=DIRECTION('ref_axis',(-1.,0.,0.));
#2566=DIRECTION('center_axis',(0.,0.,1.));
#2567=DIRECTION('ref_axis',(-0.707106781186548,-0.707106781186547,0.));
#2568=DIRECTION('',(-2.06990730163454E-16,1.,0.));
#2569=DIRECTION('center_axis',(0.,0.,1.));
#2570=DIRECTION('ref_axis',(-0.707106781186548,0.707106781186547,0.));
#2571=DIRECTION('',(-1.,0.,0.));
#2572=DIRECTION('center_axis',(0.,0.,1.));
#2573=DIRECTION('ref_axis',(0.707106781186547,0.707106781186547,0.));
#2574=DIRECTION('',(0.,-1.,0.));
#2575=DIRECTION('center_axis',(0.,0.,1.));
#2576=DIRECTION('ref_axis',(0.707106781186548,-0.707106781186547,0.));
#2577=DIRECTION('',(-1.,0.,0.));
#2578=DIRECTION('',(0.707106781186549,-0.707106781186546,0.));
#2579=DIRECTION('',(-1.,0.,0.));
#2580=DIRECTION('',(0.707106781186549,0.707106781186546,0.));
#2581=DIRECTION('',(-1.,0.,0.));
#2582=DIRECTION('',(0.,-1.,0.));
#2583=DIRECTION('',(1.,1.38777878078145E-17,0.));
#2584=DIRECTION('',(0.,1.,0.));
#2585=DIRECTION('',(1.,0.,0.));
#2586=DIRECTION('',(0.,-1.,0.));
#2587=DIRECTION('',(1.,-2.08166817117217E-16,0.));
#2588=DIRECTION('center_axis',(0.,0.,1.));
#2589=DIRECTION('ref_axis',(1.,-5.44676186921056E-16,0.));
#2590=DIRECTION('',(0.,1.,0.));
#2591=DIRECTION('',(-1.,0.,0.));
#2592=DIRECTION('',(0.,-1.,0.));
#2593=DIRECTION('center_axis',(0.,0.,1.));
#2594=DIRECTION('ref_axis',(0.,-1.,0.));
#2595=DIRECTION('center_axis',(0.,0.,1.));
#2596=DIRECTION('ref_axis',(0.,1.,0.));
#2597=DIRECTION('',(1.,-2.16840434497101E-17,0.));
#2598=DIRECTION('',(0.707106781186549,0.707106781186546,-2.45326946669341E-17));
#2599=DIRECTION('center_axis',(1.53329341668337E-17,0.707106781186548,0.707106781186548));
#2600=DIRECTION('ref_axis',(2.94392336003199E-17,-0.707106781186548,0.707106781186548));
#2601=DIRECTION('',(0.577350269189628,0.577350269189625,-0.577350269189625));
#2602=DIRECTION('center_axis',(1.,0.,0.));
#2603=DIRECTION('ref_axis',(0.,1.,0.));
#2604=DIRECTION('',(0.,0.,1.));
#2605=DIRECTION('',(0.,1.,0.));
#2606=DIRECTION('',(0.,0.98058067569092,0.196116135138184));
#2607=DIRECTION('',(0.,1.,0.));
#2608=DIRECTION('center_axis',(-0.707106781186549,0.,-0.707106781186546));
#2609=DIRECTION('ref_axis',(-0.707106781186546,0.,0.707106781186549));
#2610=DIRECTION('',(0.707106781186546,0.,-0.707106781186549));
#2611=DIRECTION('',(0.192450089729875,-0.962250448649376,-0.192450089729875));
#2612=DIRECTION('center_axis',(0.,0.,1.));
#2613=DIRECTION('ref_axis',(0.707106781186548,-0.707106781186547,0.));
#2614=DIRECTION('center_axis',(0.,0.,-1.));
#2615=DIRECTION('ref_axis',(0.707106781186548,-0.707106781186547,0.));
#2616=DIRECTION('center_axis',(0.,0.,1.));
#2617=DIRECTION('ref_axis',(0.707106781186548,-0.707106781186547,0.));
#2618=DIRECTION('center_axis',(1.53329341668337E-17,0.707106781186548,0.707106781186548));
#2619=DIRECTION('ref_axis',(-4.9065389333868E-17,-0.707106781186547,0.707106781186547));
#2620=DIRECTION('',(0.,0.,-1.));
#2621=DIRECTION('center_axis',(-3.37324437430902E-17,0.707107308022348,
-0.707106254350355));
#2622=DIRECTION('ref_axis',(-4.90653527772635E-17,-0.707106254350355,-0.707107308022347));
#2623=DIRECTION('center_axis',(0.,0.,-1.));
#2624=DIRECTION('ref_axis',(0.707106781186548,-0.707106781186547,0.));
#2625=DIRECTION('',(0.,0.,1.));
#2626=DIRECTION('',(0.,0.,1.));
#2627=DIRECTION('center_axis',(0.,0.,-1.));
#2628=DIRECTION('ref_axis',(0.707106781186548,-0.707106781186547,0.));
#2629=DIRECTION('center_axis',(-0.707100393318807,0.,-0.707113168996582));
#2630=DIRECTION('ref_axis',(0.707113168996582,9.81316651544581E-17,-0.707100393318807));
#2631=DIRECTION('',(0.,0.,1.));
#2632=DIRECTION('center_axis',(-0.707106504597685,0.,0.707107057775302));
#2633=DIRECTION('ref_axis',(0.707107057775302,9.81308170521363E-17,0.707106504597685));
#2634=DIRECTION('center_axis',(0.,0.,1.));
#2635=DIRECTION('ref_axis',(0.707106781186548,-0.707106781186547,0.));
#2636=DIRECTION('',(0.,0.,1.));
#2637=DIRECTION('center_axis',(-1.,0.,0.));
#2638=DIRECTION('ref_axis',(0.,0.,1.));
#2639=DIRECTION('',(0.,1.,0.));
#2640=DIRECTION('',(0.,0.,-1.));
#2641=DIRECTION('',(0.,-1.,0.));
#2642=DIRECTION('center_axis',(-0.707100393318807,0.,-0.707113168996582));
#2643=DIRECTION('ref_axis',(-0.707113168996582,0.,0.707100393318807));
#2644=DIRECTION('',(0.,-1.,0.));
#2645=DIRECTION('center_axis',(-0.707100393318807,0.,-0.707113168996582));
#2646=DIRECTION('ref_axis',(0.707113168996582,0.,-0.707100393318807));
#2647=DIRECTION('center_axis',(1.,0.,0.));
#2648=DIRECTION('ref_axis',(0.,1.,0.));
#2649=DIRECTION('',(0.,0.,-1.));
#2650=DIRECTION('',(0.,-1.,0.));
#2651=DIRECTION('center_axis',(0.,0.,1.));
#2652=DIRECTION('ref_axis',(0.,1.,0.));
#2653=DIRECTION('',(0.707106781186549,-0.707106781186546,-2.45326946669341E-17));
#2654=DIRECTION('',(-1.,2.16840434497101E-17,0.));
#2655=DIRECTION('center_axis',(0.,-1.,0.));
#2656=DIRECTION('ref_axis',(1.,0.,0.));
#2657=DIRECTION('',(-1.,0.,3.46944695195361E-17));
#2658=DIRECTION('',(0.,0.,-1.));
#2659=DIRECTION('center_axis',(0.,0.,-1.));
#2660=DIRECTION('ref_axis',(0.,1.,0.));
#2661=DIRECTION('',(-1.,-4.77048438905742E-17,0.));
#2662=DIRECTION('',(-0.707106781186549,0.707106781186546,2.45326946669341E-17));
#2663=DIRECTION('center_axis',(0.,0.,-1.));
#2664=DIRECTION('ref_axis',(0.,1.,0.));
#2665=DIRECTION('center_axis',(0.,0.,-1.));
#2666=DIRECTION('ref_axis',(0.707106781186547,0.707106781186547,0.));
#2667=DIRECTION('center_axis',(-3.37324437430902E-17,0.707107308022348,
-0.707106254350355));
#2668=DIRECTION('ref_axis',(9.81309980072264E-18,0.707106254350355,0.707107308022348));
#2669=DIRECTION('',(1.,1.30104260698261E-17,-3.46944695195361E-17));
#2670=DIRECTION('',(-0.577349982416221,0.577349982416218,0.577350842736011));
#2671=DIRECTION('center_axis',(0.,0.,1.));
#2672=DIRECTION('ref_axis',(-0.707106781186548,-0.707106781186547,0.));
#2673=DIRECTION('center_axis',(-1.86264520126377E-8,0.,-1.));
#2674=DIRECTION('ref_axis',(-0.707106781186548,-0.707106781186547,1.3170890527582E-8));
#2675=DIRECTION('',(0.,0.,-1.));
#2676=DIRECTION('center_axis',(-1.86264520126377E-8,0.,-1.));
#2677=DIRECTION('ref_axis',(-0.707106781186548,-0.707106781186547,1.3170890527582E-8));
#2678=DIRECTION('center_axis',(-3.37324437430902E-17,0.707107308022348,
-0.707106254350355));
#2679=DIRECTION('ref_axis',(-4.90653527772635E-17,-0.707106254350355,-0.707107308022348));
#2680=DIRECTION('',(0.,0.,1.));
#2681=DIRECTION('center_axis',(0.,0.,-1.));
#2682=DIRECTION('ref_axis',(-0.707106781186548,-0.707106781186547,0.));
#2683=DIRECTION('',(0.,0.,1.));
#2684=DIRECTION('center_axis',(0.,0.,1.));
#2685=DIRECTION('ref_axis',(-0.707106781186548,-0.707106781186547,0.));
#2686=DIRECTION('center_axis',(0.707106504597685,0.,0.707107057775302));
#2687=DIRECTION('ref_axis',(-0.707107057775302,-4.90654085260682E-17,0.707106504597685));
#2688=DIRECTION('',(0.,0.,-1.));
#2689=DIRECTION('center_axis',(0.70710922767525,0.,-0.70710433468938));
#2690=DIRECTION('ref_axis',(-0.70710433468938,-4.90652195740252E-17,-0.70710922767525));
#2691=DIRECTION('center_axis',(0.707106504597685,0.,0.707107057775302));
#2692=DIRECTION('ref_axis',(0.707107057775302,0.,-0.707106504597685));
#2693=DIRECTION('',(0.,1.,0.));
#2694=DIRECTION('center_axis',(0.707106504597685,0.,0.707107057775302));
#2695=DIRECTION('ref_axis',(-0.707107057775302,0.,0.707106504597685));
#2696=DIRECTION('',(0.,1.,0.));
#2697=DIRECTION('center_axis',(-1.,-2.06990730163454E-16,0.));
#2698=DIRECTION('ref_axis',(2.06990730163454E-16,-1.,0.));
#2699=DIRECTION('',(-2.06990730163454E-16,1.,0.));
#2700=DIRECTION('',(0.,0.,1.));
#2701=DIRECTION('',(2.06990730163454E-16,-1.,0.));
#2702=DIRECTION('center_axis',(0.,0.,1.));
#2703=DIRECTION('ref_axis',(-1.,0.,0.));
#2704=DIRECTION('',(0.,1.,0.));
#2705=DIRECTION('center_axis',(0.,0.,-1.));
#2706=DIRECTION('ref_axis',(0.707106781186547,0.707106781186547,0.));
#2707=DIRECTION('',(-1.,0.,0.));
#2708=DIRECTION('center_axis',(0.,0.,-1.));
#2709=DIRECTION('ref_axis',(-0.707106781186548,0.707106781186547,0.));
#2710=DIRECTION('center_axis',(0.,0.,1.));
#2711=DIRECTION('ref_axis',(1.,-5.44676186921056E-16,0.));
#2712=DIRECTION('',(1.,-2.08166817117217E-16,0.));
#2713=DIRECTION('center_axis',(0.,0.,1.));
#2714=DIRECTION('ref_axis',(0.,-1.,0.));
#2715=DIRECTION('',(0.,-1.,0.));
#2716=DIRECTION('',(-1.,0.,0.));
#2717=DIRECTION('',(0.,1.,0.));
#2718=DIRECTION('center_axis',(0.,0.,-1.));
#2719=DIRECTION('ref_axis',(0.,-1.,0.));
#2720=DIRECTION('',(-1.,1.38777878078145E-16,0.));
#2721=DIRECTION('center_axis',(0.,0.,-1.));
#2722=DIRECTION('ref_axis',(1.,0.,0.));
#2723=DIRECTION('',(0.,-1.,0.));
#2724=DIRECTION('',(-1.,0.,0.));
#2725=DIRECTION('',(0.,1.,0.));
#2726=DIRECTION('center_axis',(0.,0.,1.));
#2727=DIRECTION('ref_axis',(0.,1.,0.));
#2728=DIRECTION('center_axis',(0.,0.,1.));
#2729=DIRECTION('ref_axis',(-0.707106781186548,0.707106781186547,0.));
#2730=DIRECTION('center_axis',(-1.86264520126377E-8,0.,-1.));
#2731=DIRECTION('ref_axis',(-1.,0.,1.86264520126377E-8));
#2732=DIRECTION('',(1.,-1.86264242093566E-8,-1.86264520126377E-8));
#2733=DIRECTION('center_axis',(-1.30104260698261E-17,1.,3.61111864572606E-34));
#2734=DIRECTION('ref_axis',(2.77555756156293E-17,5.79321751111624E-48,1.));
#2735=DIRECTION('',(1.,1.30104260698261E-17,-3.46944695195361E-17));
#2736=DIRECTION('center_axis',(-0.707106504597685,0.,0.707107057775302));
#2737=DIRECTION('ref_axis',(0.707107057775302,0.,0.707106504597685));
#2738=DIRECTION('center_axis',(-0.707106504597685,0.,0.707107057775302));
#2739=DIRECTION('ref_axis',(0.707107057775302,0.,0.707106504597685));
#2740=DIRECTION('',(0.,-1.,0.));
#2741=DIRECTION('center_axis',(1.,0.,0.));
#2742=DIRECTION('ref_axis',(0.,0.,-1.));
#2743=DIRECTION('',(0.,0.,1.));
#2744=DIRECTION('',(0.,1.,0.));
#2745=DIRECTION('center_axis',(0.70710922767525,0.,-0.70710433468938));
#2746=DIRECTION('ref_axis',(-0.70710433468938,0.,-0.70710922767525));
#2747=DIRECTION('center_axis',(0.70710922767525,0.,-0.70710433468938));
#2748=DIRECTION('ref_axis',(-0.70710433468938,-7.85043513184402E-17,-0.70710922767525));
#2749=DIRECTION('',(0.,-1.,0.));
#2750=DIRECTION('center_axis',(-1.30104260698261E-17,1.,3.61111864572606E-34));
#2751=DIRECTION('ref_axis',(2.77555756156293E-17,5.79321751111624E-48,1.));
#2752=DIRECTION('',(-1.,-1.51394048812521E-17,4.03717463500057E-17));
#2753=DIRECTION('',(3.61111864572608E-34,-3.61111864572606E-34,1.));
#2754=DIRECTION('center_axis',(1.53329341668337E-17,0.707106781186548,0.707106781186548));
#2755=DIRECTION('ref_axis',(2.94392336003199E-17,-0.707106781186548,0.707106781186548));
#2756=DIRECTION('',(0.577350269189628,-0.577350269189625,0.577350269189625));
#2757=DIRECTION('center_axis',(0.,0.,1.));
#2758=DIRECTION('ref_axis',(0.,1.,0.));
#2759=DIRECTION('center_axis',(0.,0.,1.));
#2760=DIRECTION('ref_axis',(0.707106781186547,0.707106781186547,0.));
#2761=DIRECTION('',(0.,-1.,0.));
#2762=DIRECTION('center_axis',(0.,0.,-1.));
#2763=DIRECTION('ref_axis',(0.707106781186547,0.707106781186547,0.));
#2764=DIRECTION('center_axis',(0.,0.,1.));
#2765=DIRECTION('ref_axis',(0.707106781186547,0.707106781186547,0.));
#2766=DIRECTION('',(0.,0.,1.));
#2767=DIRECTION('',(0.,0.,-1.));
#2768=DIRECTION('',(0.,0.,-1.));
#2769=DIRECTION('center_axis',(0.,0.,-1.));
#2770=DIRECTION('ref_axis',(0.707106781186547,0.707106781186547,0.));
#2771=DIRECTION('center_axis',(0.,-0.707109738494421,-0.707103823866305));
#2772=DIRECTION('ref_axis',(0.,0.707103823866305,-0.707109738494421));
#2773=DIRECTION('',(0.,0.,1.));
#2774=DIRECTION('center_axis',(0.,-0.707106781186545,0.70710678118655));
#2775=DIRECTION('ref_axis',(0.,0.70710678118655,0.707106781186545));
#2776=DIRECTION('center_axis',(0.,0.,-1.));
#2777=DIRECTION('ref_axis',(0.,1.,0.));
#2778=DIRECTION('',(-1.,0.,0.));
#2779=DIRECTION('center_axis',(0.,0.,-1.));
#2780=DIRECTION('ref_axis',(-0.707106781186548,0.707106781186547,0.));
#2781=DIRECTION('',(-1.,0.,0.));
#2782=DIRECTION('center_axis',(0.,0.,1.));
#2783=DIRECTION('ref_axis',(0.,1.,0.));
#2784=DIRECTION('',(1.,0.,0.));
#2785=DIRECTION('center_axis',(0.,0.,1.));
#2786=DIRECTION('ref_axis',(-0.707106781186548,0.707106781186547,0.));
#2787=DIRECTION('',(1.,0.,0.));
#2788=DIRECTION('center_axis',(1.,0.,0.));
#2789=DIRECTION('ref_axis',(0.,1.,0.));
#2790=DIRECTION('center_axis',(0.,-1.,0.));
#2791=DIRECTION('ref_axis',(0.,0.,1.));
#2792=DIRECTION('',(1.,0.,0.));
#2793=DIRECTION('',(0.,0.,-1.));
#2794=DIRECTION('',(1.,0.,0.));
#2795=DIRECTION('center_axis',(0.,-0.707109738494421,-0.707103823866305));
#2796=DIRECTION('ref_axis',(0.,0.707103823866305,-0.707109738494421));
#2797=DIRECTION('center_axis',(0.,-0.707109738494421,-0.707103823866305));
#2798=DIRECTION('ref_axis',(0.,0.707103823866305,-0.707109738494421));
#2799=DIRECTION('center_axis',(0.,-0.707106781186545,0.70710678118655));
#2800=DIRECTION('ref_axis',(0.,0.70710678118655,0.707106781186545));
#2801=DIRECTION('center_axis',(0.,-0.707106781186545,0.70710678118655));
#2802=DIRECTION('ref_axis',(0.,0.70710678118655,0.707106781186545));
#2803=DIRECTION('center_axis',(-3.37324437430902E-17,0.707107308022348,
-0.707106254350355));
#2804=DIRECTION('ref_axis',(9.81309980072264E-18,0.707106254350355,0.707107308022348));
#2805=DIRECTION('center_axis',(-1.,-2.06990730163454E-16,0.));
#2806=DIRECTION('ref_axis',(2.06990730163454E-16,-1.,0.));
#2807=DIRECTION('',(2.06990730163454E-16,-1.,-3.85550290245042E-24));
#2808=DIRECTION('',(0.,0.,1.));
#2809=DIRECTION('center_axis',(-1.86264520126377E-8,0.,-1.));
#2810=DIRECTION('ref_axis',(-1.,0.,1.86264520126377E-8));
#2811=DIRECTION('center_axis',(-1.86264520126377E-8,0.,-1.));
#2812=DIRECTION('ref_axis',(-0.707106781186548,0.707106781186547,1.3170890527582E-8));
#2813=DIRECTION('center_axis',(0.,0.,1.));
#2814=DIRECTION('ref_axis',(-0.707106781186548,0.707106781186547,0.));
#2815=DIRECTION('',(0.,0.,-1.));
#2816=DIRECTION('',(0.,0.,1.));
#2817=DIRECTION('center_axis',(0.,1.,0.));
#2818=DIRECTION('ref_axis',(-1.,0.,0.));
#2819=DIRECTION('center_axis',(0.,1.,0.));
#2820=DIRECTION('ref_axis',(-1.,0.,0.));
#2821=DIRECTION('center_axis',(0.,1.,0.));
#2822=DIRECTION('ref_axis',(0.,0.,-1.));
#2823=DIRECTION('',(-1.,0.,0.));
#2824=DIRECTION('',(-0.447213595499958,0.,-0.894427190999916));
#2825=DIRECTION('center_axis',(0.894427190999916,0.,-0.447213595499958));
#2826=DIRECTION('ref_axis',(-0.447213595499958,0.,-0.894427190999916));
#2827=DIRECTION('',(0.,-1.,0.));
#2828=DIRECTION('',(0.447213595499958,7.75791922889772E-18,0.894427190999916));
#2829=DIRECTION('center_axis',(0.,0.196116135138184,-0.98058067569092));
#2830=DIRECTION('ref_axis',(-1.,0.,0.));
#2831=DIRECTION('',(1.,0.,0.));
#2832=DIRECTION('',(0.0975900072948539,-0.975900072948533,-0.195180014589707));
#2833=DIRECTION('center_axis',(0.,0.,-1.));
#2834=DIRECTION('ref_axis',(1.,0.,0.));
#2835=DIRECTION('',(0.,1.,0.));
#2836=DIRECTION('',(1.,0.,0.));
#2837=DIRECTION('center_axis',(0.,-0.707106781186548,0.707106781186548));
#2838=DIRECTION('ref_axis',(1.,0.,0.));
#2839=DIRECTION('',(-0.577350269189627,0.577350269189625,0.577350269189625));
#2840=DIRECTION('',(1.,0.,0.));
#2841=DIRECTION('',(-0.577350269189627,-0.577350269189625,-0.577350269189625));
#2842=DIRECTION('center_axis',(0.,1.,0.));
#2843=DIRECTION('ref_axis',(0.,0.,1.));
#2844=DIRECTION('',(0.,0.,1.));
#2845=DIRECTION('',(1.,0.,0.));
#2846=DIRECTION('',(0.,0.,1.));
#2847=DIRECTION('',(-1.,0.,0.));
#2848=DIRECTION('',(0.,0.,-1.));
#2849=DIRECTION('',(0.,0.,1.));
#2850=DIRECTION('center_axis',(0.707106781186548,0.,0.707106781186548));
#2851=DIRECTION('ref_axis',(0.707106781186548,0.,-0.707106781186548));
#2852=DIRECTION('',(0.707106781186548,6.54205191118239E-16,-0.707106781186548));
#2853=DIRECTION('',(0.,1.,0.));
#2854=DIRECTION('',(-0.577350269189626,0.577350269189626,0.577350269189626));
#2855=DIRECTION('center_axis',(0.,-0.707106781186548,0.707106781186548));
#2856=DIRECTION('ref_axis',(1.,0.,0.));
#2857=DIRECTION('',(0.577350269189624,0.577350269189626,0.577350269189626));
#2858=DIRECTION('center_axis',(-0.707106781186549,0.,0.707106781186546));
#2859=DIRECTION('ref_axis',(0.707106781186546,0.,0.707106781186549));
#2860=DIRECTION('',(0.,-1.,0.));
#2861=DIRECTION('',(0.707106781186546,0.,0.707106781186549));
#2862=DIRECTION('center_axis',(0.,0.,1.));
#2863=DIRECTION('ref_axis',(1.,-5.44676186921056E-16,0.));
#2864=DIRECTION('',(0.,-0.707106781186547,0.707106781186548));
#2865=DIRECTION('center_axis',(0.,0.,-1.));
#2866=DIRECTION('ref_axis',(1.,-5.44676186921056E-16,0.));
#2867=DIRECTION('center_axis',(1.47196168001604E-16,0.707106781186548,0.707106781186547));
#2868=DIRECTION('ref_axis',(1.,0.,-2.08166817117217E-16));
#2869=DIRECTION('',(0.,-0.707106781186547,0.707106781186548));
#2870=DIRECTION('',(-1.,2.08166817117217E-16,0.));
#2871=DIRECTION('center_axis',(0.,0.,1.));
#2872=DIRECTION('ref_axis',(0.,-1.,0.));
#2873=DIRECTION('',(-0.707106781186547,-3.2710259555912E-16,0.707106781186548));
#2874=DIRECTION('center_axis',(0.,0.,-1.));
#2875=DIRECTION('ref_axis',(0.,-1.,0.));
#2876=DIRECTION('center_axis',(0.707106781186546,0.,0.707106781186549));
#2877=DIRECTION('ref_axis',(0.707106781186549,0.,-0.707106781186546));
#2878=DIRECTION('',(0.,1.,0.));
#2879=DIRECTION('center_axis',(0.,0.,-1.));
#2880=DIRECTION('ref_axis',(1.,0.,0.));
#2881=DIRECTION('',(0.,-0.707106781186548,-0.707106781186547));
#2882=DIRECTION('center_axis',(0.,0.,1.));
#2883=DIRECTION('ref_axis',(1.,0.,0.));
#2884=DIRECTION('center_axis',(-9.81307786677362E-17,-0.707106781186549,
0.707106781186546));
#2885=DIRECTION('ref_axis',(1.,0.,1.38777878078145E-16));
#2886=DIRECTION('',(0.,-0.707106781186546,-0.707106781186549));
#2887=DIRECTION('',(1.,-1.38777878078145E-16,0.));
#2888=DIRECTION('center_axis',(0.,0.,-1.));
#2889=DIRECTION('ref_axis',(0.,-1.,0.));
#2890=DIRECTION('',(-0.707106781186548,0.,-0.707106781186548));
#2891=DIRECTION('center_axis',(0.,0.,1.));
#2892=DIRECTION('ref_axis',(0.,-1.,0.));
#2893=DIRECTION('center_axis',(-0.707106781186546,0.,0.707106781186549));
#2894=DIRECTION('ref_axis',(0.707106781186549,0.,0.707106781186546));
#2895=DIRECTION('',(0.,-1.,0.));
#2896=DIRECTION('center_axis',(-1.,0.,0.));
#2897=DIRECTION('ref_axis',(0.,-1.,0.));
#2898=DIRECTION('',(0.,0.,1.));
#2899=DIRECTION('center_axis',(-2.08166817117217E-16,-1.,0.));
#2900=DIRECTION('ref_axis',(1.,-2.08166817117217E-16,0.));
#2901=DIRECTION('',(0.,0.,1.));
#2902=DIRECTION('',(0.,0.,1.));
#2903=DIRECTION('center_axis',(0.,0.,1.));
#2904=DIRECTION('ref_axis',(0.,-1.,0.));
#2905=DIRECTION('center_axis',(1.,0.,0.));
#2906=DIRECTION('ref_axis',(0.,1.,0.));
#2907=DIRECTION('',(0.,0.,1.));
#2908=DIRECTION('center_axis',(0.,0.,1.));
#2909=DIRECTION('ref_axis',(1.,-5.44676186921056E-16,0.));
#2910=DIRECTION('center_axis',(-0.894427190999915,0.,-0.44721359549996));
#2911=DIRECTION('ref_axis',(-0.44721359549996,0.,0.894427190999915));
#2912=DIRECTION('',(0.44721359549996,4.65475153733867E-18,-0.894427190999915));
#2913=DIRECTION('center_axis',(-1.38777878078145E-17,1.,-1.73472347597681E-18));
#2914=DIRECTION('ref_axis',(0.,1.73472347597681E-18,1.));
#2915=DIRECTION('center_axis',(0.,0.,1.));
#2916=DIRECTION('ref_axis',(1.,0.,0.));
#2917=DIRECTION('center_axis',(0.,0.,-1.));
#2918=DIRECTION('ref_axis',(0.,-1.,0.));
#2919=DIRECTION('',(1.,0.,0.));
#2920=DIRECTION('center_axis',(0.,0.,-1.));
#2921=DIRECTION('ref_axis',(0.,1.,0.));
#2922=DIRECTION('',(-1.,0.,0.));
#2923=DIRECTION('center_axis',(0.707106781186546,-0.707106781186549,0.));
#2924=DIRECTION('ref_axis',(0.,0.,-1.));
#2925=DIRECTION('',(0.,0.,1.));
#2926=DIRECTION('',(-0.577350269189628,-0.577350269189625,0.577350269189625));
#2927=DIRECTION('center_axis',(-0.707106781186546,-0.707106781186549,0.));
#2928=DIRECTION('ref_axis',(0.,0.,1.));
#2929=DIRECTION('',(-0.577350269189628,0.577350269189625,-0.577350269189625));
#2930=DIRECTION('',(0.,0.,-1.));
#2931=DIRECTION('center_axis',(0.,0.,1.));
#2932=DIRECTION('ref_axis',(0.,1.,0.));
#2933=DIRECTION('center_axis',(0.,0.,-1.));
#2934=DIRECTION('ref_axis',(0.,1.,0.));
#2935=DIRECTION('',(0.,0.,-1.));
#2936=DIRECTION('',(0.,0.,-1.));
#2937=DIRECTION('center_axis',(0.,1.,0.));
#2938=DIRECTION('ref_axis',(-1.,0.,0.));
#2939=DIRECTION('',(-1.,0.,0.));
#2940=DIRECTION('',(0.,0.,-1.));
#2941=DIRECTION('center_axis',(0.,0.,1.));
#2942=DIRECTION('ref_axis',(0.,-1.,0.));
#2943=DIRECTION('center_axis',(0.,0.,-1.));
#2944=DIRECTION('ref_axis',(0.,-1.,0.));
#2945=DIRECTION('',(0.,0.,-1.));
#2946=DIRECTION('center_axis',(0.,-1.,0.));
#2947=DIRECTION('ref_axis',(1.,0.,0.));
#2948=DIRECTION('',(1.,0.,0.));
#2949=DIRECTION('center_axis',(-1.,0.,0.));
#2950=DIRECTION('ref_axis',(0.,1.,0.));
#2951=DIRECTION('',(0.,0.,-1.));
#2952=DIRECTION('',(0.,1.,0.));
#2953=DIRECTION('center_axis',(0.,0.,1.));
#2954=DIRECTION('ref_axis',(1.,0.,0.));
#2955=DIRECTION('',(0.,-1.,0.));
#2956=DIRECTION('center_axis',(0.,0.,1.));
#2957=DIRECTION('ref_axis',(-1.,0.,0.));
#2958=DIRECTION('',(1.,-1.38777878078145E-16,0.));
#2959=DIRECTION('center_axis',(0.,0.,1.));
#2960=DIRECTION('ref_axis',(0.,1.,0.));
#2961=DIRECTION('center_axis',(1.,0.,0.));
#2962=DIRECTION('ref_axis',(0.,-1.,0.));
#2963=DIRECTION('',(0.,0.,-1.));
#2964=DIRECTION('center_axis',(0.,-0.707106781186548,-0.707106781186547));
#2965=DIRECTION('ref_axis',(-1.,0.,0.));
#2966=DIRECTION('',(1.,0.,0.));
#2967=DIRECTION('center_axis',(0.,1.,0.));
#2968=DIRECTION('ref_axis',(0.,0.,1.));
#2969=DIRECTION('center_axis',(0.,0.,-1.));
#2970=DIRECTION('ref_axis',(-1.,0.,0.));
#2971=DIRECTION('',(0.,0.,-1.));
#2972=DIRECTION('center_axis',(0.,0.,-1.));
#2973=DIRECTION('ref_axis',(0.,1.,0.));
#2974=DIRECTION('',(0.,0.,-1.));
#2975=DIRECTION('center_axis',(-1.38777878078145E-16,-1.,0.));
#2976=DIRECTION('ref_axis',(-1.,1.38777878078145E-16,0.));
#2977=DIRECTION('',(0.,0.,-1.));
#2978=DIRECTION('',(0.,0.,-1.));
#2979=DIRECTION('',(0.,0.,-1.));
#2980=DIRECTION('center_axis',(0.,-1.,0.));
#2981=DIRECTION('ref_axis',(-1.,0.,0.));
#2982=DIRECTION('',(1.,0.,0.));
#2983=DIRECTION('',(-1.,0.,0.));
#2984=DIRECTION('',(0.,0.,-1.));
#2985=DIRECTION('center_axis',(1.,0.,0.));
#2986=DIRECTION('ref_axis',(0.,-1.,0.));
#2987=DIRECTION('',(0.,1.,0.));
#2988=DIRECTION('',(0.,-1.,0.));
#2989=DIRECTION('',(0.,0.,-1.));
#2990=DIRECTION('center_axis',(0.,1.,0.));
#2991=DIRECTION('ref_axis',(1.,0.,0.));
#2992=DIRECTION('',(0.,0.,-1.));
#2993=DIRECTION('',(0.,0.,-1.));
#2994=DIRECTION('',(0.,0.,-1.));
#2995=DIRECTION('',(0.,0.,-1.));
#2996=DIRECTION('',(0.,0.,-1.));
#2997=DIRECTION('center_axis',(0.,-1.,0.));
#2998=DIRECTION('ref_axis',(-1.,0.,0.));
#2999=DIRECTION('',(0.,0.,-1.));
#3000=DIRECTION('',(0.,0.,-1.));
#3001=DIRECTION('',(0.,0.,-1.));
#3002=DIRECTION('',(0.,0.,-1.));
#3003=DIRECTION('',(0.,0.,-1.));
#3004=DIRECTION('',(0.,0.,-1.));
#3005=DIRECTION('center_axis',(0.,1.,0.));
#3006=DIRECTION('ref_axis',(1.,0.,0.));
#3007=DIRECTION('',(-1.,0.,0.));
#3008=DIRECTION('',(1.,0.,0.));
#3009=DIRECTION('',(0.,0.,-1.));
#3010=DIRECTION('center_axis',(-1.,0.,0.));
#3011=DIRECTION('ref_axis',(0.,1.,0.));
#3012=DIRECTION('',(0.,-1.,0.));
#3013=DIRECTION('',(0.,1.,0.));
#3014=DIRECTION('',(0.,0.,-1.));
#3015=DIRECTION('center_axis',(0.,-1.,0.));
#3016=DIRECTION('ref_axis',(-1.,0.,0.));
#3017=DIRECTION('',(0.,0.,-1.));
#3018=DIRECTION('',(0.,0.,-1.));
#3019=DIRECTION('',(0.,0.,-1.));
#3020=DIRECTION('',(0.,0.,-1.));
#3021=DIRECTION('',(0.,0.,-1.));
#3022=DIRECTION('center_axis',(0.,1.,0.));
#3023=DIRECTION('ref_axis',(1.,0.,0.));
#3024=DIRECTION('',(0.,0.,-1.));
#3025=DIRECTION('',(0.,0.,-1.));
#3026=DIRECTION('',(0.,0.,-1.));
#3027=DIRECTION('',(0.,0.,-1.));
#3028=DIRECTION('center_axis',(0.,0.,1.));
#3029=DIRECTION('ref_axis',(-1.,0.,0.));
#3030=DIRECTION('center_axis',(0.,0.,1.));
#3031=DIRECTION('ref_axis',(-1.,0.,0.));
#3032=DIRECTION('center_axis',(1.,0.,0.));
#3033=DIRECTION('ref_axis',(0.,-1.,0.));
#3034=DIRECTION('',(0.,-1.,0.));
#3035=DIRECTION('',(0.,0.,-1.));
#3036=DIRECTION('',(0.,-1.,0.));
#3037=DIRECTION('',(0.,0.,-1.));
#3038=DIRECTION('center_axis',(0.,1.,0.));
#3039=DIRECTION('ref_axis',(1.,0.,0.));
#3040=DIRECTION('',(1.,0.,0.));
#3041=DIRECTION('',(1.,0.,0.));
#3042=DIRECTION('',(0.,0.,-1.));
#3043=DIRECTION('center_axis',(1.,0.,0.));
#3044=DIRECTION('ref_axis',(0.,-1.,0.));
#3045=DIRECTION('',(0.,-1.,0.));
#3046=DIRECTION('',(0.,-1.,0.));
#3047=DIRECTION('',(0.,0.,-1.));
#3048=DIRECTION('center_axis',(0.,1.,0.));
#3049=DIRECTION('ref_axis',(1.,0.,0.));
#3050=DIRECTION('',(1.,0.,0.));
#3051=DIRECTION('',(1.,0.,0.));
#3052=DIRECTION('',(0.,0.,-1.));
#3053=DIRECTION('center_axis',(-1.,0.,0.));
#3054=DIRECTION('ref_axis',(0.,1.,0.));
#3055=DIRECTION('',(0.,1.,0.));
#3056=DIRECTION('',(0.,1.,0.));
#3057=DIRECTION('',(0.,0.,-1.));
#3058=DIRECTION('center_axis',(0.,-1.,0.));
#3059=DIRECTION('ref_axis',(-1.,0.,0.));
#3060=DIRECTION('',(-1.,0.,0.));
#3061=DIRECTION('',(-1.,0.,0.));
#3062=DIRECTION('center_axis',(0.,0.,1.));
#3063=DIRECTION('ref_axis',(-1.,0.,0.));
#3064=DIRECTION('center_axis',(0.,0.,-1.));
#3065=DIRECTION('ref_axis',(-1.,0.,0.));
#3066=DIRECTION('',(0.,0.,1.));
#3067=DIRECTION('',(1.,0.,0.));
#3068=CARTESIAN_POINT('',(0.,0.,0.));
#3069=CARTESIAN_POINT('',(0.,0.,0.));
#3070=CARTESIAN_POINT('Origin',(9.64999977201223,-1.27267876324728,4.81187481802991));
#3071=CARTESIAN_POINT('',(9.79999977201224,-1.12267876324728,5.11187481802991));
#3072=CARTESIAN_POINT('',(9.64999981343331,-1.2726787218262,4.96187463593331));
#3073=CARTESIAN_POINT('',(11.3012508541843,0.378572318924784,6.61312813724373));
#3074=CARTESIAN_POINT('',(9.79999977201224,-1.12267876324728,5.26187481802991));
#3075=CARTESIAN_POINT('',(9.79999977201224,-1.12267876324728,4.81187481802991));
#3076=CARTESIAN_POINT('',(9.64999977201224,-1.27267876324728,5.41187481802991));
#3077=CARTESIAN_POINT('',(11.4762524200526,0.55357388479304,3.5856221699896));
#3078=CARTESIAN_POINT('',(9.49999977201223,-1.42267831621243,5.41187481802991));
#3079=CARTESIAN_POINT('',(23.1643790467526,12.241700511493,5.41187481802991));
#3080=CARTESIAN_POINT('',(9.49999977201223,-1.42267831621243,4.96187463872727));
#3081=CARTESIAN_POINT('',(9.49999977201223,-1.42267831621243,4.51187481802991));
#3082=CARTESIAN_POINT('',(7.26437878304866,-3.65829975221084,4.96187468036896));
#3083=CARTESIAN_POINT('Origin',(19.7075156602541,-1.12267876324728,5.11187481802991));
#3084=CARTESIAN_POINT('',(21.6825155149679,-1.12267876324728,5.11187481802991));
#3085=CARTESIAN_POINT('',(19.7075156602541,-1.12267876324728,5.11187481802991));
#3086=CARTESIAN_POINT('',(21.6825155149679,-1.12267876324728,5.26187481802991));
#3087=CARTESIAN_POINT('',(21.6825155149679,-1.12267876324728,4.90562481802991));
#3088=CARTESIAN_POINT('',(19.7075156602541,-1.12267876324728,5.26187481802991));
#3089=CARTESIAN_POINT('Origin',(19.7075156602541,-1.27267853972986,4.96187481802991));
#3090=CARTESIAN_POINT('',(21.5325153350602,-1.27267894315497,4.9618744146042));
#3091=CARTESIAN_POINT('',(9.73251551003201,-1.27267872336317,4.96187463439633));
#3092=CARTESIAN_POINT('',(21.2179327139374,-1.58726156427774,4.6472913247161));
#3093=CARTESIAN_POINT('Origin',(-0.242484633670832,-0.922678316212433,4.96187482019519));
#3094=CARTESIAN_POINT('',(21.3825159620027,-1.42267831621243,4.96187441739816));
#3095=CARTESIAN_POINT('',(-0.367484633391613,-1.42267831621243,4.9618748225235));
#3096=CARTESIAN_POINT('',(16.0762658143067,-6.72892846390847,4.96187451437212));
#3097=CARTESIAN_POINT('Origin',(3.04477720460225,-1.27267876324728,4.81187481802991));
#3098=CARTESIAN_POINT('',(2.89477720460225,-1.12267876324728,5.26187481802991));
#3099=CARTESIAN_POINT('',(3.04477720460225,-1.27267876324728,5.41187481802991));
#3100=CARTESIAN_POINT('',(5.67190028054423,-3.89980183918926,8.03899789397189));
#3101=CARTESIAN_POINT('',(2.89477720460225,-1.12267876324728,5.11187481802991));
#3102=CARTESIAN_POINT('',(2.89477720460225,-1.12267876324728,4.81187481802991));
#3103=CARTESIAN_POINT('',(3.04477704014949,-1.27267859879451,4.96187475896517));
#3104=CARTESIAN_POINT('',(5.84689742237572,-4.07479898102074,2.15975020124799));
#3105=CARTESIAN_POINT('',(3.19477720460225,-1.42267831621243,4.9618747561712));
#3106=CARTESIAN_POINT('',(2.13546163397376,-0.363363192618787,4.96187477590249));
#3107=CARTESIAN_POINT('',(3.19477720460225,-1.42267831621243,5.41187481802991));
#3108=CARTESIAN_POINT('',(3.19477720460225,-1.42267831621243,4.51187481802991));
#3109=CARTESIAN_POINT('',(2.16046166670967,-0.3883632253547,5.41187481802991));
#3110=CARTESIAN_POINT('Origin',(19.7075156602541,-1.12267876324728,5.26187481802991));
#3111=CARTESIAN_POINT('',(0.847582239099209,-1.27267876324728,5.41187481802991));
#3112=CARTESIAN_POINT('',(25.6575158111284,-1.27267876324728,5.41187481802991));
#3113=CARTESIAN_POINT('',(0.55395070454215,-1.12267876324728,5.26187481802991));
#3114=CARTESIAN_POINT('Origin',(1.6075153585057,0.577321683787566,3.56187437099507));
#3115=CARTESIAN_POINT('',(19.7075156602541,-1.12267876324728,5.26187481802991));
#3116=CARTESIAN_POINT('Origin',(31.6075159620027,30.8273221457236,5.41187481802991));
#3117=CARTESIAN_POINT('',(1.6075153585057,-1.42267831621243,5.41187481802991));
#3118=CARTESIAN_POINT('',(9.70751550937991,-1.42267831621243,5.41187481802991));
#3119=CARTESIAN_POINT('Origin',(1.6075153585057,0.577321683787566,5.41187481802991));
#3120=CARTESIAN_POINT('Origin',(-0.492484641494297,-1.42267831621243,4.51187481802991));
#3121=CARTESIAN_POINT('',(21.3825159620027,-1.42267831621243,5.41187481802991));
#3122=CARTESIAN_POINT('',(9.70751550937991,-1.42267831621243,5.41187481802991));
#3123=CARTESIAN_POINT('',(21.3825159620027,-1.42267831621243,5.76187481802991));
#3124=CARTESIAN_POINT('',(21.3825159620027,-1.42267831621243,4.51187481802991));
#3125=CARTESIAN_POINT('',(29.3825159620027,-1.42267831621243,5.76187481802991));
#3126=CARTESIAN_POINT('',(10.4450156602542,-1.42267831621243,5.76187481802991));
#3127=CARTESIAN_POINT('',(29.3825159620027,-1.42267831621243,5.41187481802991));
#3128=CARTESIAN_POINT('',(29.3825159620027,-1.42267831621243,4.88687481802991));
#3129=CARTESIAN_POINT('',(31.9075159620027,-1.42267831621243,5.41187481802991));
#3130=CARTESIAN_POINT('',(15.5575156602542,-1.42267831621243,5.41187481802991));
#3131=CARTESIAN_POINT('',(31.9075159620027,-1.42267831621243,6.01187481802991));
#3132=CARTESIAN_POINT('',(31.9075159620027,-1.42267831621243,4.51187481802991));
#3133=CARTESIAN_POINT('',(1.6075153585057,-1.42267831621243,6.01187481802991));
#3134=CARTESIAN_POINT('',(8.13251550937996,-1.42267831621243,6.01187481802991));
#3135=CARTESIAN_POINT('',(1.6075153585057,-1.42267831621243,4.51187481802991));
#3136=CARTESIAN_POINT('',(1.6075153585057,-1.42267831621243,4.96187478573626));
#3137=CARTESIAN_POINT('',(-0.367484633391613,-1.42267831621243,4.9618748225235));
#3138=CARTESIAN_POINT('',(1.6075153585057,-1.42267831621243,4.51187481802991));
#3139=CARTESIAN_POINT('',(1.6075153585057,-1.42267831621243,4.51187481802991));
#3140=CARTESIAN_POINT('',(21.3825159620027,-1.42267831621243,4.51187481802991));
#3141=CARTESIAN_POINT('',(-0.492484641494297,-1.42267831621243,4.51187481802991));
#3142=CARTESIAN_POINT('',(21.3825159620027,-1.42267831621243,4.51187481802991));
#3143=CARTESIAN_POINT('Origin',(16.7575156602542,14.9773219147556,4.51187481802991));
#3144=CARTESIAN_POINT('',(-0.392484641494299,0.577321683787564,4.51187481802991));
#3145=CARTESIAN_POINT('Origin',(1.6075153585057,0.577321683787566,4.51187481802991));
#3146=CARTESIAN_POINT('',(-0.392484641494304,28.3773221457236,4.51187481802991));
#3147=CARTESIAN_POINT('',(-0.392484641494303,21.7273220302396,4.51187481802991));
#3148=CARTESIAN_POINT('',(2.1075153585057,30.8773221457236,4.51187481802991));
#3149=CARTESIAN_POINT('Origin',(2.1075153585057,28.3773221457236,4.51187481802991));
#3150=CARTESIAN_POINT('',(31.4075159620027,30.8773221457236,4.51187481802991));
#3151=CARTESIAN_POINT('',(24.1325158111285,30.8773221457236,4.51187481802991));
#3152=CARTESIAN_POINT('',(33.9075159620027,28.3773221457236,4.51187481802991));
#3153=CARTESIAN_POINT('Origin',(31.4075159620027,28.3773221457236,4.51187481802991));
#3154=CARTESIAN_POINT('',(33.9075159620027,0.577321683787567,4.51187481802991));
#3155=CARTESIAN_POINT('',(33.9075159620027,6.97732179927157,4.51187481802991));
#3156=CARTESIAN_POINT('',(31.9075159620027,-1.42267831621243,4.51187481802991));
#3157=CARTESIAN_POINT('Origin',(31.9075159620027,0.577321683787567,4.51187481802991));
#3158=CARTESIAN_POINT('',(29.3825159620027,-1.42267831621243,4.51187481802991));
#3159=CARTESIAN_POINT('',(8.13251550937996,-1.42267831621243,4.51187481802991));
#3160=CARTESIAN_POINT('',(28.8825159620027,-0.922678316212433,4.51187481802991));
#3161=CARTESIAN_POINT('',(22.1012658288236,5.85857181696667,4.51187481802991));
#3162=CARTESIAN_POINT('',(21.8825159620027,-0.922678316212433,4.51187481802991));
#3163=CARTESIAN_POINT('',(21.0700158111285,-0.922678316212433,4.51187481802991));
#3164=CARTESIAN_POINT('',(24.3512659443076,1.54607166609242,4.51187481802991));
#3165=CARTESIAN_POINT('',(32.5000004768372,18.4511257366999,4.51187481802991));
#3166=CARTESIAN_POINT('',(9.49999977201223,18.4511257366999,4.51187481802991));
#3167=CARTESIAN_POINT('',(23.3787580536445,18.4511257366999,4.51187481802991));
#3168=CARTESIAN_POINT('',(9.49999977201223,-0.522678316212443,4.51187481802991));
#3169=CARTESIAN_POINT('',(9.49999977201223,7.28866096184813,4.51187481802991));
#3170=CARTESIAN_POINT('',(29.6999993517995,-0.522678316212443,4.51187481802991));
#3171=CARTESIAN_POINT('',(18.17875761108,-0.522678316212444,4.51187481802991));
#3172=CARTESIAN_POINT('',(29.6999993517995,6.50000017136336,4.51187481802991));
#3173=CARTESIAN_POINT('',(29.6999993517995,7.28866096184813,4.51187481802991));
#3174=CARTESIAN_POINT('',(32.5000004768372,6.50000017136335,4.51187481802991));
#3175=CARTESIAN_POINT('',(23.3787580536445,6.50000017136336,4.51187481802991));
#3176=CARTESIAN_POINT('',(32.5000004768372,13.2386610430595,4.51187481802991));
#3177=CARTESIAN_POINT('',(5.3475153585057,-0.681416462665308,4.51187481802991));
#3178=CARTESIAN_POINT('',(7.3475153585057,-0.681416462665308,4.51187481802991));
#3179=CARTESIAN_POINT('',(11.05251550938,-0.681416462665309,4.51187481802991));
#3180=CARTESIAN_POINT('',(8.87625351240916,0.847321691238145,4.51187481802991));
#3181=CARTESIAN_POINT('Origin',(7.3475153585057,0.847321691238146,4.51187481802991));
#3182=CARTESIAN_POINT('',(8.87625351240916,15.8473216912381,4.51187481802991));
#3183=CARTESIAN_POINT('',(8.87625351240915,7.91232180299685,4.51187481802991));
#3184=CARTESIAN_POINT('',(3.81877720460225,15.8473216912381,4.51187481802991));
#3185=CARTESIAN_POINT('',(12.8168845863317,15.8473216912381,4.51187481802991));
#3186=CARTESIAN_POINT('',(3.81877720460225,0.847321691238145,4.51187481802991));
#3187=CARTESIAN_POINT('',(3.81877720460225,15.4123218029969,4.51187481802991));
#3188=CARTESIAN_POINT('Origin',(5.3475153585057,0.847321691238146,4.51187481802991));
#3189=CARTESIAN_POINT('Origin',(31.6075159620027,30.8273221457236,5.41187481802991));
#3190=CARTESIAN_POINT('',(21.5325155149679,-1.27267876324728,5.41187481802991));
#3191=CARTESIAN_POINT('',(25.6575158111284,-1.27267876324728,5.41187481802991));
#3192=CARTESIAN_POINT('',(21.1262657748069,-1.6789285034083,5.41187481802991));
#3193=CARTESIAN_POINT('Origin',(19.7075156602541,-1.12267876324728,5.26187481802991));
#3194=CARTESIAN_POINT('',(21.4304323548605,-1.37476192335462,5.51395797813726));
#3195=CARTESIAN_POINT('Origin',(32.0000004768372,11.5000001713634,4.51187481802991));
#3196=CARTESIAN_POINT('',(32.0000004768372,18.4511257366999,5.01187481802992));
#3197=CARTESIAN_POINT('',(32.0000004768372,18.4511257366999,5.51187481802991));
#3198=CARTESIAN_POINT('',(32.0000004768372,18.4511257366999,5.01187481802991));
#3199=CARTESIAN_POINT('',(32.0000004768372,9.00000017136335,5.01187481802991));
#3200=CARTESIAN_POINT('',(32.0000004768372,13.2386610430595,5.01187481802991));
#3201=CARTESIAN_POINT('',(32.0000004768372,11.5000001713634,5.51187481802991));
#3202=CARTESIAN_POINT('',(32.0000004768372,10.1538463252095,5.24264404879914));
#3203=CARTESIAN_POINT('',(32.0000004768372,17.5000002607703,5.51187481802991));
#3204=CARTESIAN_POINT('Origin',(32.2500004768372,13.2386610430595,4.76187481802991));
#3205=CARTESIAN_POINT('',(31.5000004693866,18.4511257366999,5.51187482548049));
#3206=CARTESIAN_POINT('',(31.4571384993988,11.7143100585553,5.5547367954683));
#3207=CARTESIAN_POINT('Origin',(31.9075159620027,0.577321683787567,4.51187481802991));
#3208=CARTESIAN_POINT('',(33.9075159620027,0.577321683787567,6.01187481802991));
#3209=CARTESIAN_POINT('Origin',(31.9075159620027,0.577321683787567,6.01187481802991));
#3210=CARTESIAN_POINT('',(32.6674490814092,-1.27267876324727,5.41187481802991));
#3211=CARTESIAN_POINT('Origin',(31.9075159620027,0.577321683787567,5.41187481802991));
#3212=CARTESIAN_POINT('',(32.9610806159663,-1.12267876324728,5.26187481802991));
#3213=CARTESIAN_POINT('Origin',(31.9075159620027,0.577321683787567,3.56187437099507));
#3214=CARTESIAN_POINT('',(32.9610806159663,-1.12267876324728,5.11187481802991));
#3215=CARTESIAN_POINT('',(32.9610806159663,-1.12267876324728,4.51187481802991));
#3216=CARTESIAN_POINT('',(32.6674493561985,-1.27267865037081,4.96187470738879));
#3217=CARTESIAN_POINT('Origin',(31.9075159620027,0.577321683787567,6.81187779826659));
#3218=CARTESIAN_POINT('',(31.9075159620027,-1.42267831621243,4.96187481802991));
#3219=CARTESIAN_POINT('Origin',(31.9075159620027,0.577321683787567,4.96187470738879));
#3220=CARTESIAN_POINT('',(31.9075159620027,-1.42267831621243,4.51187481802991));
#3221=CARTESIAN_POINT('',(33.9075159620027,0.577321683787567,4.96187470738879));
#3222=CARTESIAN_POINT('',(33.9075159620027,0.577321683787567,4.51187481802991));
#3223=CARTESIAN_POINT('',(33.7575173120542,-0.182609237288674,4.96187470738879));
#3224=CARTESIAN_POINT('Origin',(31.9075159620027,0.577321683787567,4.96187470738879));
#3225=CARTESIAN_POINT('',(33.607514605252,-0.476245880704911,5.11187470403603));
#3226=CARTESIAN_POINT('Origin',(31.9075159620027,0.577321683787567,6.81184263277477));
#3227=CARTESIAN_POINT('',(33.607514605252,-0.476245880704911,5.26187481802991));
#3228=CARTESIAN_POINT('',(33.607514605252,-0.476245880704911,4.51187481802991));
#3229=CARTESIAN_POINT('',(33.7575147225987,-0.182615541115387,5.41187481802991));
#3230=CARTESIAN_POINT('Origin',(31.9075159620027,0.577321683787567,3.56187750470824));
#3231=CARTESIAN_POINT('',(33.9075159620027,0.577321683787566,5.41187481802991));
#3232=CARTESIAN_POINT('Origin',(31.9075159620027,0.577321683787567,5.41187481802991));
#3233=CARTESIAN_POINT('',(33.9075159620027,0.577321683787567,4.51187481802991));
#3234=CARTESIAN_POINT('Origin',(33.607514605252,-1.02267831621243,5.11187470403603));
#3235=CARTESIAN_POINT('',(33.607514605252,29.5647588681224,5.11187470403603));
#3236=CARTESIAN_POINT('',(33.607514605252,-1.02267831621243,5.11187470403603));
#3237=CARTESIAN_POINT('',(33.607514605252,29.5647588681224,5.26187481802991));
#3238=CARTESIAN_POINT('',(33.607514605252,29.5647588681224,4.51187481802991));
#3239=CARTESIAN_POINT('',(33.607514605252,-1.02267831621243,5.26187481802991));
#3240=CARTESIAN_POINT('Origin',(33.7575169662944,-1.02267831621243,4.9618750531423));
#3241=CARTESIAN_POINT('',(33.7575173120542,29.2302545315293,4.96187470738879));
#3242=CARTESIAN_POINT('',(33.7575173120542,14.9523213427372,4.96187470738879));
#3243=CARTESIAN_POINT('Origin',(31.4075159620027,28.3773221457236,7.311833599088));
#3244=CARTESIAN_POINT('Origin',(33.9075159620027,-1.02267831621243,4.51187481802991));
#3245=CARTESIAN_POINT('',(33.9075159620027,28.3773221457236,4.96187470738879));
#3246=CARTESIAN_POINT('',(33.9075159620027,28.3773221457236,4.51187481802991));
#3247=CARTESIAN_POINT('',(33.9075159620027,14.9523213427372,4.96187470738879));
#3248=CARTESIAN_POINT('Origin',(31.6075159620027,30.8273221457236,5.41187481802991));
#3249=CARTESIAN_POINT('',(29.2325164090376,-1.27267876324728,5.41187481802991));
#3250=CARTESIAN_POINT('',(26.8012659983243,1.15857164746601,5.41187481802991));
#3251=CARTESIAN_POINT('',(25.5575158111284,-1.27267876324727,5.41187481802991));
#3252=CARTESIAN_POINT('Origin',(-0.492484641494297,-1.42267831621243,4.51187481802991));
#3253=CARTESIAN_POINT('',(29.3825159620027,-1.42267831621243,4.96187481802991));
#3254=CARTESIAN_POINT('',(9.50751550937991,-1.42267831621243,4.96187481802991));
#3255=CARTESIAN_POINT('',(29.3825159620027,-1.42267831621243,4.88687481802991));
#3256=CARTESIAN_POINT('Origin',(31.4075159620027,30.8273210016869,4.96187470738879));
#3257=CARTESIAN_POINT('',(29.2325161855202,-1.27267853972986,4.96187481802991));
#3258=CARTESIAN_POINT('',(25.5575158111284,-1.27267865037081,4.96187470738879));
#3259=CARTESIAN_POINT('',(26.8387658865656,1.12107175922472,4.96187481802991));
#3260=CARTESIAN_POINT('Origin',(31.4075159620027,30.8273210016869,4.96187470738879));
#3261=CARTESIAN_POINT('Origin',(31.4075159620027,28.3773221457236,4.96187470738879));
#3262=CARTESIAN_POINT('Origin',(19.7075156602541,-1.27267853972986,4.96187481802991));
#3263=CARTESIAN_POINT('',(29.0825164090376,-1.12267876324728,5.11187481802991));
#3264=CARTESIAN_POINT('',(19.7075156602541,-1.12267876324728,5.11187481802991));
#3265=CARTESIAN_POINT('',(27.5929342909789,0.366903354811437,6.60145915574225));
#3266=CARTESIAN_POINT('Origin',(1.6075153585057,0.577321683787566,4.51187481802991));
#3267=CARTESIAN_POINT('',(-0.24248474647645,-0.182612268320132,4.96187470738879));
#3268=CARTESIAN_POINT('',(-0.392484641494298,0.577321683787566,4.96187482298916));
#3269=CARTESIAN_POINT('Origin',(1.6075153585057,0.577321683787566,4.96187478573626));
#3270=CARTESIAN_POINT('',(-0.392484641494298,0.577321683787566,4.51187481802991));
#3271=CARTESIAN_POINT('',(0.847581739120401,-1.27267855786862,4.96187479989112));
#3272=CARTESIAN_POINT('Origin',(1.6075153585057,0.577321683787566,4.96187478573626));
#3273=CARTESIAN_POINT('',(0.55395070454215,-1.12267876324728,5.11187481802991));
#3274=CARTESIAN_POINT('Origin',(1.6075153585057,0.577321683787566,6.81187779826659));
#3275=CARTESIAN_POINT('',(0.55395070454215,-1.12267876324728,4.51187481802991));
#3276=CARTESIAN_POINT('',(-0.392484641494298,0.577321683787566,6.01187481802991));
#3277=CARTESIAN_POINT('Origin',(1.6075153585057,0.577321683787566,6.01187481802991));
#3278=CARTESIAN_POINT('',(-0.392484641494298,0.577321683787566,5.41187469733051));
#3279=CARTESIAN_POINT('',(-0.392484641494298,0.577321683787566,4.51187481802991));
#3280=CARTESIAN_POINT('',(-0.242484754370691,-0.182612249102217,5.41187481802991));
#3281=CARTESIAN_POINT('Origin',(1.6075153585057,0.577321683787566,5.41187481802991));
#3282=CARTESIAN_POINT('',(-0.0924846370239507,-0.47624369871092,5.26187481802991));
#3283=CARTESIAN_POINT('Origin',(1.6075153585057,0.577321683787566,3.56187615242893));
#3284=CARTESIAN_POINT('',(-0.0924846370239507,-0.47624369871092,5.11187470403603));
#3285=CARTESIAN_POINT('',(-0.0924846370239507,-0.47624369871092,4.51187481802991));
#3286=CARTESIAN_POINT('Origin',(1.6075153585057,0.577321683787566,6.81188761391087));
#3287=CARTESIAN_POINT('Origin',(-0.242484633671189,-1.02267831621243,5.41187469733051));
#3288=CARTESIAN_POINT('',(-0.242484754370691,29.2302579401893,5.41187481802991));
#3289=CARTESIAN_POINT('',(-0.242484754370691,14.9523219147556,5.41187481802991));
#3290=CARTESIAN_POINT('',(-0.0924846370239507,29.5647563627097,5.26187481802991));
#3291=CARTESIAN_POINT('Origin',(2.1075153585057,28.3773221457236,3.06187654358442));
#3292=CARTESIAN_POINT('',(-0.0924846370239508,-1.02267831621243,5.26187481802991));
#3293=CARTESIAN_POINT('Origin',(-0.392484641494303,28.4773221457236,4.51187481802991));
#3294=CARTESIAN_POINT('',(-0.392484641494304,28.3773221457236,6.01187481802991));
#3295=CARTESIAN_POINT('',(-0.392484641494303,21.7273220302396,6.01187481802991));
#3296=CARTESIAN_POINT('',(-0.392484641494303,28.3773221457236,5.41187481802991));
#3297=CARTESIAN_POINT('',(-0.392484641494303,28.3773221457236,4.51187481802991));
#3298=CARTESIAN_POINT('',(-0.3924846414943,13.7273219147556,5.41187469733051));
#3299=CARTESIAN_POINT('Origin',(16.7575156602542,14.9773219147556,6.01187481802991));
#3300=CARTESIAN_POINT('',(33.9075159620027,28.3773221457236,6.01187481802991));
#3301=CARTESIAN_POINT('',(33.9075159620027,6.97732179927157,6.01187481802991));
#3302=CARTESIAN_POINT('',(31.4075159620027,30.8773221457236,6.01187481802991));
#3303=CARTESIAN_POINT('Origin',(31.4075159620027,28.3773221457236,6.01187481802991));
#3304=CARTESIAN_POINT('',(2.1075153585057,30.8773221457236,6.01187481802991));
#3305=CARTESIAN_POINT('',(31.5075159620027,30.8773221457236,6.01187481802991));
#3306=CARTESIAN_POINT('Origin',(2.1075153585057,28.3773221457236,6.01187481802991));
#3307=CARTESIAN_POINT('',(7.3475153585057,-0.981416462665307,6.01187481802991));
#3308=CARTESIAN_POINT('',(9.17625351240915,0.847321691238145,6.01187481802991));
#3309=CARTESIAN_POINT('Origin',(7.3475153585057,0.847321691238146,6.01187481802991));
#3310=CARTESIAN_POINT('',(5.3475153585057,-0.981416462665308,6.01187481802991));
#3311=CARTESIAN_POINT('',(11.05251550938,-0.981416462665309,6.01187481802991));
#3312=CARTESIAN_POINT('',(3.51877720460225,0.847321691238145,6.01187481802991));
#3313=CARTESIAN_POINT('Origin',(5.3475153585057,0.847321691238146,6.01187481802991));
#3314=CARTESIAN_POINT('',(3.51877720460225,16.1473216912381,6.01187481802991));
#3315=CARTESIAN_POINT('',(3.51877720460225,15.4123218029969,6.01187481802991));
#3316=CARTESIAN_POINT('',(4.5275153585057,16.1473216912381,6.01187481802991));
#3317=CARTESIAN_POINT('',(11.41751550938,16.1473216912381,6.01187481802991));
#3318=CARTESIAN_POINT('',(4.5275153585057,0.847321691238146,6.01187481802991));
#3319=CARTESIAN_POINT('',(4.5275153585057,7.91232180299685,6.01187481802991));
#3320=CARTESIAN_POINT('',(5.3475153585057,0.0273216912381445,6.01187481802991));
#3321=CARTESIAN_POINT('Origin',(5.3475153585057,0.847321691238146,6.01187481802991));
#3322=CARTESIAN_POINT('',(7.3475153585057,0.0273216912381456,6.01187481802991));
#3323=CARTESIAN_POINT('',(12.05251550938,0.0273216912381435,6.01187481802991));
#3324=CARTESIAN_POINT('',(8.1675153585057,0.847321691238145,6.01187481802991));
#3325=CARTESIAN_POINT('Origin',(7.3475153585057,0.847321691238146,6.01187481802991));
#3326=CARTESIAN_POINT('',(8.1675153585057,16.1473216912381,6.01187481802991));
#3327=CARTESIAN_POINT('',(8.1675153585057,10.9123218029969,6.01187481802991));
#3328=CARTESIAN_POINT('',(9.17625351240915,16.1473216912381,6.01187481802991));
#3329=CARTESIAN_POINT('',(11.41751550938,16.1473216912381,6.01187481802991));
#3330=CARTESIAN_POINT('',(9.17625351240915,7.91232180299685,6.01187481802991));
#3331=CARTESIAN_POINT('Origin',(31.6075159620027,30.8273221457236,5.41187481802991));
#3332=CARTESIAN_POINT('Origin',(2.1075153585057,28.3773221457236,5.41187481802991));
#3333=CARTESIAN_POINT('Origin',(-0.242484633670832,-0.922678316212433,4.96187482019519));
#3334=CARTESIAN_POINT('',(9.73251551003201,-1.27267872336317,4.96187463439633));
#3335=CARTESIAN_POINT('Origin',(19.7075156602541,-1.12267876324728,5.11187481802991));
#3336=CARTESIAN_POINT('',(19.7075156602541,-1.12267876324728,5.11187481802991));
#3337=CARTESIAN_POINT('Origin',(33.607514605252,-1.02267831621243,5.26187481802991));
#3338=CARTESIAN_POINT('',(33.7575147225987,29.2302616659694,5.41187481802991));
#3339=CARTESIAN_POINT('Origin',(31.4075159620027,28.3773221457236,3.06187789586372));
#3340=CARTESIAN_POINT('',(33.7575147225987,14.9523219147556,5.41187481802991));
#3341=CARTESIAN_POINT('Origin',(-0.0924846370239508,-1.02267831621243,5.26187481802991));
#3342=CARTESIAN_POINT('',(-0.0924846370239507,29.5647563627097,5.11187470403603));
#3343=CARTESIAN_POINT('',(-0.0924846370239507,29.5647563627097,4.51187481802991));
#3344=CARTESIAN_POINT('',(-0.0924846370239508,-1.02267831621243,5.11187470403603));
#3345=CARTESIAN_POINT('Origin',(-0.0924850973308263,-1.02267831621243,5.11187539449463));
#3346=CARTESIAN_POINT('',(-0.242484633670832,29.2302582727403,4.96187482019519));
#3347=CARTESIAN_POINT('Origin',(2.1075153585057,28.3773221457236,7.31189107378633));
#3348=CARTESIAN_POINT('',(-0.24248474647645,15.0023213427372,4.96187470738879));
#3349=CARTESIAN_POINT('Origin',(19.7075156602541,-1.12267876324728,5.11187481802991));
#3350=CARTESIAN_POINT('',(29.0825164090376,-1.12267876324728,5.26187481802991));
#3351=CARTESIAN_POINT('',(19.7075156602541,-1.12267876324728,5.26187481802991));
#3352=CARTESIAN_POINT('',(29.0825164090376,-1.12267876324728,5.09312481802991));
#3353=CARTESIAN_POINT('Origin',(19.7075156602541,-1.12267876324728,5.26187481802991));
#3354=CARTESIAN_POINT('',(27.5054328018954,0.454404843894916,3.68479121088772));
#3355=CARTESIAN_POINT('Origin',(31.6075159620027,30.8273221457236,5.41187481802991));
#3356=CARTESIAN_POINT('',(33.9075159620027,28.3773221457236,5.41187481802991));
#3357=CARTESIAN_POINT('Origin',(31.4075159620027,28.3773221457236,5.41187481802991));
#3358=CARTESIAN_POINT('',(33.9075159620027,14.9523219147556,5.41187481802991));
#3359=CARTESIAN_POINT('Origin',(31.4075159620027,28.3773221457236,4.51187481802991));
#3360=CARTESIAN_POINT('',(32.2604520674643,30.7273221457236,5.41187481802991));
#3361=CARTESIAN_POINT('',(31.4075159620027,30.8773221457236,5.41187481802991));
#3362=CARTESIAN_POINT('Origin',(31.4075159620027,28.3773221457236,5.41187481802991));
#3363=CARTESIAN_POINT('',(31.4075159620027,30.8773221457236,4.51187481802991));
#3364=CARTESIAN_POINT('',(33.9075159620027,28.3773221457236,4.51187481802991));
#3365=CARTESIAN_POINT('',(31.4075159620027,30.8773221457236,4.96187470738879));
#3366=CARTESIAN_POINT('',(31.4075159620027,30.8773221457236,4.51187481802991));
#3367=CARTESIAN_POINT('',(32.2604552194947,30.7273210016869,4.96187470738879));
#3368=CARTESIAN_POINT('Origin',(31.4075159620027,28.3773221457236,4.96187470738879));
#3369=CARTESIAN_POINT('',(32.5949501707065,30.5773221457236,5.11187481802991));
#3370=CARTESIAN_POINT('Origin',(31.4075159620027,28.3773221457236,7.31189322011095));
#3371=CARTESIAN_POINT('',(32.5949501707065,30.5773221457236,5.26187481802991));
#3372=CARTESIAN_POINT('',(32.5949501707065,30.5773221457236,4.51187481802991));
#3373=CARTESIAN_POINT('Origin',(31.4075159620027,28.3773221457236,3.06187481802991));
#3374=CARTESIAN_POINT('Origin',(31.4075159620027,30.7273210016869,4.96187470738879));
#3375=CARTESIAN_POINT('',(2.1075153585057,30.8773221457236,4.96187470738879));
#3376=CARTESIAN_POINT('',(31.4075159620027,30.8773221457236,4.96187470738879));
#3377=CARTESIAN_POINT('',(1.25457610101373,30.7273210016869,4.96187470738879));
#3378=CARTESIAN_POINT('Origin',(2.1075153585057,28.3773221457236,4.96187470738879));
#3379=CARTESIAN_POINT('',(31.4075159620027,30.7273210016869,4.96187470738879));
#3380=CARTESIAN_POINT('Origin',(31.5075159620027,30.7273221457236,5.41187481802991));
#3381=CARTESIAN_POINT('',(1.2545792530441,30.7273221457236,5.41187481802991));
#3382=CARTESIAN_POINT('',(31.5075159620027,30.7273221457236,5.41187481802991));
#3383=CARTESIAN_POINT('',(2.1075153585057,30.8773221457236,5.41187481802991));
#3384=CARTESIAN_POINT('Origin',(2.1075153585057,28.3773221457236,5.41187481802991));
#3385=CARTESIAN_POINT('',(31.4575159620027,30.8773221457236,5.41187481802991));
#3386=CARTESIAN_POINT('Origin',(33.9075159620027,-1.02267831621243,4.51187481802991));
#3387=CARTESIAN_POINT('Origin',(31.5075159620027,30.5773221457236,5.11187481802991));
#3388=CARTESIAN_POINT('',(0.920081149801906,30.5773221457236,5.11187481802991));
#3389=CARTESIAN_POINT('',(31.5075159620027,30.5773221457236,5.11187481802991));
#3390=CARTESIAN_POINT('',(0.920081149801906,30.5773221457236,5.26187481802991));
#3391=CARTESIAN_POINT('',(0.920081149801906,30.5773221457236,4.51187481802991));
#3392=CARTESIAN_POINT('',(31.5075159620027,30.5773221457236,5.26187481802991));
#3393=CARTESIAN_POINT('Origin',(31.5075159620027,30.5773221457236,5.11187481802991));
#3394=CARTESIAN_POINT('Origin',(2.1075153585057,28.3773221457236,7.31189322011093));
#3395=CARTESIAN_POINT('Origin',(31.5075159620027,30.5773221457236,5.26187481802991));
#3396=CARTESIAN_POINT('Origin',(2.1075153585057,28.3773221457236,3.06187481802993));
#3397=CARTESIAN_POINT('Origin',(19.7075156602541,-1.27267853972986,4.96187481802991));
#3398=CARTESIAN_POINT('Origin',(-0.392484641494303,28.4773221457236,4.51187481802991));
#3399=CARTESIAN_POINT('',(-0.392484641494303,28.3773221457236,4.96187482298916));
#3400=CARTESIAN_POINT('',(-0.3924846414943,13.8273219147556,4.96187482298916));
#3401=CARTESIAN_POINT('',(-0.392484641494303,28.3773221457236,4.51187481802991));
#3402=CARTESIAN_POINT('Origin',(-0.242484633670832,-0.922678316212433,4.96187482019519));
#3403=CARTESIAN_POINT('Origin',(2.1075153585057,28.3773221457236,4.96187477642303));
#3404=CARTESIAN_POINT('Origin',(2.1075153585057,28.3773221457236,4.51187481802991));
#3405=CARTESIAN_POINT('',(2.1075153585057,30.8773221457236,4.51187481802991));
#3406=CARTESIAN_POINT('',(2.1075153585057,30.8773221457236,4.51187481802991));
#3407=CARTESIAN_POINT('Origin',(31.5075159620027,30.8773221457236,4.51187481802991));
#3408=CARTESIAN_POINT('Origin',(31.5075159620027,30.8773221457236,4.51187481802991));
#3409=CARTESIAN_POINT('Origin',(30.0000004470348,18.4511257366999,5.51187481802991));
#3410=CARTESIAN_POINT('',(9.99999977201223,18.4511257366999,5.51187481802991));
#3411=CARTESIAN_POINT('',(30.0000004470348,18.4511257366999,5.51187481802991));
#3412=CARTESIAN_POINT('',(11.8749998395145,18.4511257366999,9.26187495303443));
#3413=CARTESIAN_POINT('Origin',(9.74999977201223,12.9193301292567,5.01187481802991));
#3414=CARTESIAN_POINT('',(9.99999977201223,-0.522678316212444,5.51187481802991));
#3415=CARTESIAN_POINT('',(9.99999977201223,12.9193301292567,5.51187481802991));
#3416=CARTESIAN_POINT('',(10.7049997510016,-0.522678316212443,6.92187477600864));
#3417=CARTESIAN_POINT('Origin',(23.3787580536445,9.00000017136335,5.01187481802991));
#3418=CARTESIAN_POINT('',(29.1999993517995,11.5000001713634,5.51187481802991));
#3419=CARTESIAN_POINT('',(32.0000004768372,11.5000001713634,5.51187481802991));
#3420=CARTESIAN_POINT('',(29.8165235953841,5.3347577355175,4.27882633086074));
#3421=CARTESIAN_POINT('Origin',(31.000000461936,14.5000002160668,5.51187481802991));
#3422=CARTESIAN_POINT('',(29.1999993517995,-0.522678316212444,5.51187481802991));
#3423=CARTESIAN_POINT('',(29.1999993517995,3.95799116561059,5.51187481802991));
#3424=CARTESIAN_POINT('',(9.49999977201223,-0.522678316212444,5.51187481802991));
#3425=CARTESIAN_POINT('Origin',(11.41751550938,15.9973216912381,5.86187481802991));
#3426=CARTESIAN_POINT('',(3.81877720460225,15.8473216912381,5.71187481802991));
#3427=CARTESIAN_POINT('',(5.05773357010542,14.608365325735,4.47291845252674));
#3428=CARTESIAN_POINT('',(4.2275153585057,15.8473216912381,5.71187481802991));
#3429=CARTESIAN_POINT('',(11.41751550938,15.8473216912381,5.71187481802991));
#3430=CARTESIAN_POINT('',(4.2033487356112,15.8231550683436,5.68770819513541));
#3431=CARTESIAN_POINT('Origin',(6.0775153585057,15.8473216912381,6.01187481802991));
#3432=CARTESIAN_POINT('',(8.87625351240916,15.8473216912381,5.71187481802991));
#3433=CARTESIAN_POINT('',(8.87625351240916,15.8473216912381,4.51187481802991));
#3434=CARTESIAN_POINT('',(8.4675153585057,15.8473216912381,5.71187481802991));
#3435=CARTESIAN_POINT('',(11.41751550938,15.8473216912381,5.71187481802991));
#3436=CARTESIAN_POINT('',(8.4675153585057,15.8473216912381,5.16187481802991));
#3437=CARTESIAN_POINT('',(8.4675153585057,15.8473216912381,6.01187481802991));
#3438=CARTESIAN_POINT('',(4.2275153585057,15.8473216912381,5.16187481802991));
#3439=CARTESIAN_POINT('',(6.7125153585057,15.8473216912381,5.16187481802991));
#3440=CARTESIAN_POINT('',(4.2275153585057,15.8473216912381,6.01187481802991));
#3441=CARTESIAN_POINT('',(3.81877720460225,15.8473216912381,4.51187481802991));
#3442=CARTESIAN_POINT('Origin',(8.3175153585057,10.9123218029969,5.86187481802991));
#3443=CARTESIAN_POINT('',(8.4675153585057,0.847321691238146,5.71187481802991));
#3444=CARTESIAN_POINT('',(8.1675153585057,0.847321691238145,6.01187481802991));
#3445=CARTESIAN_POINT('',(8.4675153585057,10.9123218029969,5.71187481802991));
#3446=CARTESIAN_POINT('',(8.4675153585057,15.8473216912381,5.71187481802991));
#3447=CARTESIAN_POINT('Origin',(11.41751550938,15.9973216912381,5.86187481802991));
#3448=CARTESIAN_POINT('',(8.87625351240916,15.8473216912381,5.71187481802991));
#3449=CARTESIAN_POINT('Origin',(9.02625351240916,7.91232180299685,5.86187481802991));
#3450=CARTESIAN_POINT('',(8.87625351240916,0.847321691238145,5.71187481802991));
#3451=CARTESIAN_POINT('',(8.87625351240916,7.91232180299685,5.71187481802991));
#3452=CARTESIAN_POINT('',(8.87625351240916,0.847321691238145,5.71187481802991));
#3453=CARTESIAN_POINT('Origin',(7.3475153585057,0.847321691238146,5.86187481802991));
#3454=CARTESIAN_POINT('',(7.3475153585057,-0.681416462665308,5.71187481802991));
#3455=CARTESIAN_POINT('',(7.3475153585057,-0.681416462665308,5.71187481802991));
#3456=CARTESIAN_POINT('Origin',(7.3475153585057,0.847321691238146,5.71187481802991));
#3457=CARTESIAN_POINT('Origin',(11.05251550938,-0.831416462665309,5.86187481802991));
#3458=CARTESIAN_POINT('',(5.3475153585057,-0.681416462665308,5.71187481802991));
#3459=CARTESIAN_POINT('',(5.3475153585057,-0.681416462665308,5.71187481802991));
#3460=CARTESIAN_POINT('',(11.05251550938,-0.681416462665309,5.71187481802991));
#3461=CARTESIAN_POINT('Origin',(5.3475153585057,0.847321691238146,5.86187481802991));
#3462=CARTESIAN_POINT('',(3.81877720460225,0.847321691238145,5.71187481802991));
#3463=CARTESIAN_POINT('',(3.81877720460225,0.847321691238145,5.71187481802991));
#3464=CARTESIAN_POINT('Origin',(5.3475153585057,0.847321691238146,5.71187481802991));
#3465=CARTESIAN_POINT('Origin',(3.66877720460225,15.4123218029969,5.86187481802991));
#3466=CARTESIAN_POINT('',(3.81877720460225,15.4123218029969,5.71187481802991));
#3467=CARTESIAN_POINT('Origin',(7.3475153585057,0.847321691238146,5.86187481802991));
#3468=CARTESIAN_POINT('',(7.3475153585057,-0.272678308761855,5.71187481802991));
#3469=CARTESIAN_POINT('',(7.3475153585057,0.0273216912381456,6.01187481802991));
#3470=CARTESIAN_POINT('Origin',(7.3475153585057,0.847321691238146,5.71187481802991));
#3471=CARTESIAN_POINT('Origin',(12.05251550938,-0.122678308761856,5.86187481802991));
#3472=CARTESIAN_POINT('',(5.3475153585057,-0.272678308761855,5.71187481802991));
#3473=CARTESIAN_POINT('',(5.3475153585057,0.0273216912381445,6.01187481802991));
#3474=CARTESIAN_POINT('',(12.05251550938,-0.272678308761855,5.71187481802991));
#3475=CARTESIAN_POINT('Origin',(5.3475153585057,0.847321691238146,5.86187481802991));
#3476=CARTESIAN_POINT('',(4.2275153585057,0.847321691238146,5.71187481802991));
#3477=CARTESIAN_POINT('',(4.5275153585057,0.847321691238146,6.01187481802991));
#3478=CARTESIAN_POINT('Origin',(5.3475153585057,0.847321691238146,5.71187481802991));
#3479=CARTESIAN_POINT('Origin',(4.3775153585057,7.91232180299685,5.86187481802991));
#3480=CARTESIAN_POINT('',(4.2275153585057,7.91232180299685,5.71187481802991));
#3481=CARTESIAN_POINT('Origin',(3.81877720460225,15.8473216912381,4.51187481802991));
#3482=CARTESIAN_POINT('',(3.81877720460225,0.847321691238145,4.51187481802991));
#3483=CARTESIAN_POINT('Origin',(5.3475153585057,-0.681416462665308,4.51187481802991));
#3484=CARTESIAN_POINT('',(5.3475153585057,-0.681416462665308,4.51187481802991));
#3485=CARTESIAN_POINT('',(7.3475153585057,-0.681416462665308,4.51187481802991));
#3486=CARTESIAN_POINT('Origin',(5.3475153585057,0.847321691238146,4.51187481802991));
#3487=CARTESIAN_POINT('Origin',(8.87625351240916,0.847321691238145,4.51187481802991));
#3488=CARTESIAN_POINT('',(8.87625351240916,0.847321691238145,4.51187481802991));
#3489=CARTESIAN_POINT('Origin',(7.3475153585057,0.847321691238146,4.51187481802991));
#3490=CARTESIAN_POINT('Origin',(29.4499993517995,3.95799116561059,5.01187481802991));
#3491=CARTESIAN_POINT('',(28.4949993728101,-0.522678316212443,6.92187477600864));
#3492=CARTESIAN_POINT('Origin',(19.5999995619059,-0.522678316212443,4.86187481802991));
#3493=CARTESIAN_POINT('Origin',(4.07751531827257,-1.02267831621243,4.31187471744708));
#3494=CARTESIAN_POINT('',(5.3475153585057,-0.182678296691914,4.31187471744708));
#3495=CARTESIAN_POINT('',(5.3475153585057,1.87732167916821,4.31187471744708));
#3496=CARTESIAN_POINT('Origin',(5.3475153585057,0.847321691238146,4.31187471744708));
#3497=CARTESIAN_POINT('',(7.3475153585057,1.87732167916821,4.31187471744708));
#3498=CARTESIAN_POINT('',(5.21251533838913,1.87732167916821,4.31187471744708));
#3499=CARTESIAN_POINT('',(7.3475153585057,-0.182678296691914,4.31187471744708));
#3500=CARTESIAN_POINT('Origin',(7.3475153585057,0.847321691238146,4.31187471744708));
#3501=CARTESIAN_POINT('',(5.71251533838913,-0.182678296691914,4.31187471744708));
#3502=CARTESIAN_POINT('Origin',(21.6325159620027,-1.17267831621243,4.69937481802991));
#3503=CARTESIAN_POINT('',(21.8825159620027,-0.922678316212433,5.26187481802991));
#3504=CARTESIAN_POINT('',(21.8825159620027,-0.922678316212433,4.69937481802991));
#3505=CARTESIAN_POINT('',(19.9033492450446,-2.90184503317052,7.241041534988));
#3506=CARTESIAN_POINT('Origin',(29.1325159620027,-1.17267831621243,5.07437481802991));
#3507=CARTESIAN_POINT('',(28.8825159620027,-0.922678316212433,5.26187481802991));
#3508=CARTESIAN_POINT('',(25.9450159117113,2.01482173407899,2.32437476773849));
#3509=CARTESIAN_POINT('',(28.8825159620027,-0.922678316212433,5.07437481802991));
#3510=CARTESIAN_POINT('Origin',(7.3475153585057,0.847321691238146,4.51187471744707));
#3511=CARTESIAN_POINT('',(7.3475153585057,1.87732167916821,5.16187481802991));
#3512=CARTESIAN_POINT('',(7.3475153585057,-0.182678296691914,5.16187481802991));
#3513=CARTESIAN_POINT('Origin',(7.3475153585057,0.847321691238146,5.16187481802991));
#3514=CARTESIAN_POINT('',(7.3475153585057,-0.182678296691914,4.51187471744707));
#3515=CARTESIAN_POINT('',(7.3475153585057,1.87732167916821,4.51187471744707));
#3516=CARTESIAN_POINT('Origin',(7.3475153585057,-0.182678296691914,4.51187471744707));
#3517=CARTESIAN_POINT('',(5.3475153585057,-0.182678296691914,5.16187481802991));
#3518=CARTESIAN_POINT('',(6.8475153585057,-0.182678296691914,5.16187481802991));
#3519=CARTESIAN_POINT('',(5.3475153585057,-0.182678296691914,4.51187471744707));
#3520=CARTESIAN_POINT('Origin',(5.3475153585057,0.847321691238146,4.51187471744707));
#3521=CARTESIAN_POINT('',(5.3475153585057,1.87732167916821,5.16187481802991));
#3522=CARTESIAN_POINT('Origin',(5.3475153585057,0.847321691238146,5.16187481802991));
#3523=CARTESIAN_POINT('',(5.3475153585057,1.87732167916821,4.51187471744707));
#3524=CARTESIAN_POINT('Origin',(5.3475153585057,1.87732167916821,4.51187471744707));
#3525=CARTESIAN_POINT('',(5.8475153585057,1.87732167916821,5.16187481802991));
#3526=CARTESIAN_POINT('Origin',(4.2275153585057,0.847321691238146,6.01187481802991));
#3527=CARTESIAN_POINT('',(4.2275153585057,0.847321691238146,5.16187481802991));
#3528=CARTESIAN_POINT('',(4.2275153585057,0.847321691238146,6.01187481802991));
#3529=CARTESIAN_POINT('',(4.2275153585057,3.09732169123815,5.16187481802991));
#3530=CARTESIAN_POINT('Origin',(7.3475153585057,5.34732169123815,5.16187481802991));
#3531=CARTESIAN_POINT('',(8.4675153585057,0.847321691238146,5.16187481802991));
#3532=CARTESIAN_POINT('',(8.4675153585057,11.3473216912381,5.16187481802991));
#3533=CARTESIAN_POINT('',(7.3475153585057,-0.272678308761854,5.16187481802991));
#3534=CARTESIAN_POINT('Origin',(7.3475153585057,0.847321691238146,5.16187481802991));
#3535=CARTESIAN_POINT('',(5.3475153585057,-0.272678308761854,5.16187481802991));
#3536=CARTESIAN_POINT('',(6.8475153585057,-0.272678308761855,5.16187481802991));
#3537=CARTESIAN_POINT('Origin',(5.3475153585057,0.847321691238146,5.16187481802991));
#3538=CARTESIAN_POINT('Origin',(8.4675153585057,6.84732169123815,6.01187481802991));
#3539=CARTESIAN_POINT('',(8.4675153585057,0.847321691238146,6.01187481802991));
#3540=CARTESIAN_POINT('Origin',(10.4450156602542,-1.17267831621243,5.51187481802991));
#3541=CARTESIAN_POINT('',(21.3825159620027,-0.922678316212433,5.26187481802991));
#3542=CARTESIAN_POINT('Origin',(25.3825159620027,-0.922678316212433,4.88687481802991));
#3543=CARTESIAN_POINT('Origin',(7.3475153585057,0.847321691238146,6.01187481802991));
#3544=CARTESIAN_POINT('',(7.3475153585057,-0.272678308761855,6.01187481802991));
#3545=CARTESIAN_POINT('Origin',(5.3475153585057,0.847321691238146,6.01187481802991));
#3546=CARTESIAN_POINT('',(5.3475153585057,-0.272678308761855,6.01187481802991));
#3547=CARTESIAN_POINT('Origin',(7.3475153585057,-0.272678308761855,6.01187481802991));
#3548=CARTESIAN_POINT('Ctrl Pts',(18.9254223555326,19.4224841147661,6.01187481802991));
#3549=CARTESIAN_POINT('Ctrl Pts',(18.9254223555326,19.4224841147661,5.91187481802991));
#3550=CARTESIAN_POINT('Ctrl Pts',(18.7091291199128,19.5698940505584,6.01187481802991));
#3551=CARTESIAN_POINT('Ctrl Pts',(18.7091291199128,19.5698940505584,5.91187481802991));
#3552=CARTESIAN_POINT('Ctrl Pts',(18.2765426486731,19.864713922143,6.01187481802991));
#3553=CARTESIAN_POINT('Ctrl Pts',(18.2765426486731,19.864713922143,5.91187481802991));
#3554=CARTESIAN_POINT('Ctrl Pts',(17.9817227770885,20.2973003933827,6.01187481802991));
#3555=CARTESIAN_POINT('Ctrl Pts',(17.9817227770885,20.2973003933827,5.91187481802991));
#3556=CARTESIAN_POINT('Ctrl Pts',(17.8343128412962,20.5135936290026,6.01187481802991));
#3557=CARTESIAN_POINT('Ctrl Pts',(17.8343128412962,20.5135936290026,5.91187481802991));
#3558=CARTESIAN_POINT('',(17.8343128412962,20.5135936290026,6.01187481802991));
#3559=CARTESIAN_POINT('',(18.9254223555326,19.4224841147661,6.01187481802991));
#3560=CARTESIAN_POINT('Ctrl Pts',(17.8343128412962,20.5135936290026,6.01187481802991));
#3561=CARTESIAN_POINT('Ctrl Pts',(17.9817227770885,20.2973003933827,6.01187481802991));
#3562=CARTESIAN_POINT('Ctrl Pts',(18.2765426486731,19.864713922143,6.01187481802991));
#3563=CARTESIAN_POINT('Ctrl Pts',(18.7091291199128,19.5698940505584,6.01187481802991));
#3564=CARTESIAN_POINT('Ctrl Pts',(18.9254223555326,19.4224841147661,6.01187481802991));
#3565=CARTESIAN_POINT('',(17.8343128412962,20.5135936290026,5.91187481802991));
#3566=CARTESIAN_POINT('',(17.8343128412962,20.5135936290026,6.01187481802991));
#3567=CARTESIAN_POINT('',(18.9254223555326,19.4224841147661,5.91187481802991));
#3568=CARTESIAN_POINT('Ctrl Pts',(18.9254223555326,19.4224841147661,5.91187481802991));
#3569=CARTESIAN_POINT('Ctrl Pts',(18.7091291199128,19.5698940505584,5.91187481802991));
#3570=CARTESIAN_POINT('Ctrl Pts',(18.2765426486731,19.864713922143,5.91187481802991));
#3571=CARTESIAN_POINT('Ctrl Pts',(17.9817227770885,20.2973003933827,5.91187481802991));
#3572=CARTESIAN_POINT('Ctrl Pts',(17.8343128412962,20.5135936290026,5.91187481802991));
#3573=CARTESIAN_POINT('',(18.9254223555326,19.4224841147661,6.01187481802991));
#3574=CARTESIAN_POINT('Ctrl Pts',(20.4390143603086,19.0146953612566,6.01187481802991));
#3575=CARTESIAN_POINT('Ctrl Pts',(20.4390143603086,19.0146953612566,5.91187481802991));
#3576=CARTESIAN_POINT('Ctrl Pts',(20.1696873723994,19.0309121170022,6.01187481802991));
#3577=CARTESIAN_POINT('Ctrl Pts',(20.1696873723994,19.0309121170022,5.91187481802991));
#3578=CARTESIAN_POINT('Ctrl Pts',(19.6370040260916,19.0629861240815,6.01187481802991));
#3579=CARTESIAN_POINT('Ctrl Pts',(19.6370040260916,19.0629861240815,5.91187481802991));
#3580=CARTESIAN_POINT('Ctrl Pts',(19.1608371926992,19.3035502461179,6.01187481802991));
#3581=CARTESIAN_POINT('Ctrl Pts',(19.1608371926992,19.3035502461179,5.91187481802991));
#3582=CARTESIAN_POINT('Ctrl Pts',(18.9254223555326,19.4224841147661,6.01187481802991));
#3583=CARTESIAN_POINT('Ctrl Pts',(18.9254223555326,19.4224841147661,5.91187481802991));
#3584=CARTESIAN_POINT('',(20.4390143603086,19.0146953612566,6.01187481802991));
#3585=CARTESIAN_POINT('Ctrl Pts',(18.9254223555326,19.4224841147661,6.01187481802991));
#3586=CARTESIAN_POINT('Ctrl Pts',(19.1608371926992,19.3035502461179,6.01187481802991));
#3587=CARTESIAN_POINT('Ctrl Pts',(19.6370040260916,19.0629861240815,6.01187481802991));
#3588=CARTESIAN_POINT('Ctrl Pts',(20.1696873723994,19.0309121170022,6.01187481802991));
#3589=CARTESIAN_POINT('Ctrl Pts',(20.4390143603086,19.0146953612566,6.01187481802991));
#3590=CARTESIAN_POINT('',(20.4390143603086,19.0146953612566,5.91187481802991));
#3591=CARTESIAN_POINT('Ctrl Pts',(20.4390143603086,19.0146953612566,5.91187481802991));
#3592=CARTESIAN_POINT('Ctrl Pts',(20.1696873723994,19.0309121170022,5.91187481802991));
#3593=CARTESIAN_POINT('Ctrl Pts',(19.6370040260916,19.0629861240815,5.91187481802991));
#3594=CARTESIAN_POINT('Ctrl Pts',(19.1608371926992,19.3035502461179,5.91187481802991));
#3595=CARTESIAN_POINT('Ctrl Pts',(18.9254223555326,19.4224841147661,5.91187481802991));
#3596=CARTESIAN_POINT('',(20.4390143603086,19.0146953612566,6.01187481802991));
#3597=CARTESIAN_POINT('Origin',(27.4118279665709,19.0146953612566,6.01187481802991));
#3598=CARTESIAN_POINT('',(27.4118279665709,19.0146953612566,6.01187481802991));
#3599=CARTESIAN_POINT('',(20.4390143603086,19.0146953612566,6.01187481802991));
#3600=CARTESIAN_POINT('',(27.4118279665709,19.0146953612566,5.91187481802991));
#3601=CARTESIAN_POINT('',(20.4390143603086,19.0146953612566,5.91187481802991));
#3602=CARTESIAN_POINT('',(27.4118279665709,19.0146953612566,6.01187481802991));
#3603=CARTESIAN_POINT('Origin',(27.4118279665709,21.4687735587358,6.01187481802991));
#3604=CARTESIAN_POINT('',(27.4118279665709,21.4687735587358,6.01187481802991));
#3605=CARTESIAN_POINT('',(27.4118279665709,19.0146953612566,6.01187481802991));
#3606=CARTESIAN_POINT('',(27.4118279665709,21.4687735587358,5.91187481802991));
#3607=CARTESIAN_POINT('',(27.4118279665709,19.0146953612566,5.91187481802991));
#3608=CARTESIAN_POINT('',(27.4118279665709,21.4687735587358,6.01187481802991));
#3609=CARTESIAN_POINT('Origin',(20.6227039545774,21.4687735587358,6.01187481802991));
#3610=CARTESIAN_POINT('',(20.6227039545774,21.4687735587358,6.01187481802991));
#3611=CARTESIAN_POINT('Ctrl Pts',(27.4118279665709,21.4687735587358,6.01187481802991));
#3612=CARTESIAN_POINT('Ctrl Pts',(26.8460678309202,21.4687735587358,6.01187481802991));
#3613=CARTESIAN_POINT('Ctrl Pts',(24.5830264935891,21.4687735587358,6.01187481802991));
#3614=CARTESIAN_POINT('Ctrl Pts',(22.3199851562579,21.4687735587358,6.01187481802991));
#3615=CARTESIAN_POINT('Ctrl Pts',(20.6227039545774,21.4687735587358,6.01187481802991));
#3616=CARTESIAN_POINT('',(20.6227039545774,21.4687735587358,5.91187481802991));
#3617=CARTESIAN_POINT('Ctrl Pts',(20.6227039545774,21.4687735587358,5.91187481802991));
#3618=CARTESIAN_POINT('Ctrl Pts',(22.3199851562579,21.4687735587358,5.91187481802991));
#3619=CARTESIAN_POINT('Ctrl Pts',(24.5830264935891,21.4687735587358,5.91187481802991));
#3620=CARTESIAN_POINT('Ctrl Pts',(26.8460678309202,21.4687735587358,5.91187481802991));
#3621=CARTESIAN_POINT('Ctrl Pts',(27.4118279665709,21.4687735587358,5.91187481802991));
#3622=CARTESIAN_POINT('',(20.6227039545774,21.4687735587358,6.01187481802991));
#3623=CARTESIAN_POINT('Ctrl Pts',(20.1010274142027,21.6891992837191,6.01187481802991));
#3624=CARTESIAN_POINT('Ctrl Pts',(20.1010274142027,21.6891992837191,5.91187481802991));
#3625=CARTESIAN_POINT('Ctrl Pts',(20.1786317376876,21.6249170310961,6.01187481802991));
#3626=CARTESIAN_POINT('Ctrl Pts',(20.1786317376876,21.6249170310961,5.91187481802991));
#3627=CARTESIAN_POINT('Ctrl Pts',(20.3306326251752,21.4990096201477,6.01187481802991));
#3628=CARTESIAN_POINT('Ctrl Pts',(20.3306326251752,21.4990096201477,5.91187481802991));
#3629=CARTESIAN_POINT('Ctrl Pts',(20.5267262692803,21.4787094438936,6.01187481802991));
#3630=CARTESIAN_POINT('Ctrl Pts',(20.5267262692803,21.4787094438936,5.91187481802991));
#3631=CARTESIAN_POINT('Ctrl Pts',(20.6227039545774,21.4687735587358,6.01187481802991));
#3632=CARTESIAN_POINT('Ctrl Pts',(20.6227039545774,21.4687735587358,5.91187481802991));
#3633=CARTESIAN_POINT('',(20.1010274142027,21.6891992837191,6.01187481802991));
#3634=CARTESIAN_POINT('Ctrl Pts',(20.6227039545774,21.4687735587358,6.01187481802991));
#3635=CARTESIAN_POINT('Ctrl Pts',(20.5267262692803,21.4787094438936,6.01187481802991));
#3636=CARTESIAN_POINT('Ctrl Pts',(20.3306326251752,21.4990096201477,6.01187481802991));
#3637=CARTESIAN_POINT('Ctrl Pts',(20.1786317376876,21.6249170310961,6.01187481802991));
#3638=CARTESIAN_POINT('Ctrl Pts',(20.1010274142027,21.6891992837191,6.01187481802991));
#3639=CARTESIAN_POINT('',(20.1010274142027,21.6891992837191,5.91187481802991));
#3640=CARTESIAN_POINT('Ctrl Pts',(20.1010274142027,21.6891992837191,5.91187481802991));
#3641=CARTESIAN_POINT('Ctrl Pts',(20.1786317376876,21.6249170310961,5.91187481802991));
#3642=CARTESIAN_POINT('Ctrl Pts',(20.3306326251752,21.4990096201477,5.91187481802991));
#3643=CARTESIAN_POINT('Ctrl Pts',(20.5267262692803,21.4787094438936,5.91187481802991));
#3644=CARTESIAN_POINT('Ctrl Pts',(20.6227039545774,21.4687735587358,5.91187481802991));
#3645=CARTESIAN_POINT('',(20.1010274142027,21.6891992837191,6.01187481802991));
#3646=CARTESIAN_POINT('Ctrl Pts',(19.8806022852659,22.2108746320009,6.01187481802991));
#3647=CARTESIAN_POINT('Ctrl Pts',(19.8806022852659,22.2108746320009,5.91187481802991));
#3648=CARTESIAN_POINT('Ctrl Pts',(19.8905376696629,22.114897106762,6.01187481802991));
#3649=CARTESIAN_POINT('Ctrl Pts',(19.8905376696629,22.114897106762,5.91187481802991));
#3650=CARTESIAN_POINT('Ctrl Pts',(19.9108368471353,21.9188035546304,6.01187481802991));
#3651=CARTESIAN_POINT('Ctrl Pts',(19.9108368471353,21.9188035546304,5.91187481802991));
#3652=CARTESIAN_POINT('Ctrl Pts',(20.0367448073067,21.7668033485064,6.01187481802991));
#3653=CARTESIAN_POINT('Ctrl Pts',(20.0367448073067,21.7668033485064,5.91187481802991));
#3654=CARTESIAN_POINT('Ctrl Pts',(20.1010274142027,21.6891992837191,6.01187481802991));
#3655=CARTESIAN_POINT('Ctrl Pts',(20.1010274142027,21.6891992837191,5.91187481802991));
#3656=CARTESIAN_POINT('',(19.8806022852659,22.2108746320009,6.01187481802991));
#3657=CARTESIAN_POINT('Ctrl Pts',(20.1010274142027,21.6891992837191,6.01187481802991));
#3658=CARTESIAN_POINT('Ctrl Pts',(20.0367448073067,21.7668033485064,6.01187481802991));
#3659=CARTESIAN_POINT('Ctrl Pts',(19.9108368471353,21.9188035546304,6.01187481802991));
#3660=CARTESIAN_POINT('Ctrl Pts',(19.8905376696629,22.114897106762,6.01187481802991));
#3661=CARTESIAN_POINT('Ctrl Pts',(19.8806022852659,22.2108746320009,6.01187481802991));
#3662=CARTESIAN_POINT('',(19.8806022852659,22.2108746320009,5.91187481802991));
#3663=CARTESIAN_POINT('Ctrl Pts',(19.8806022852659,22.2108746320009,5.91187481802991));
#3664=CARTESIAN_POINT('Ctrl Pts',(19.8905376696629,22.114897106762,5.91187481802991));
#3665=CARTESIAN_POINT('Ctrl Pts',(19.9108368471353,21.9188035546304,5.91187481802991));
#3666=CARTESIAN_POINT('Ctrl Pts',(20.0367448073067,21.7668033485064,5.91187481802991));
#3667=CARTESIAN_POINT('Ctrl Pts',(20.1010274142027,21.6891992837191,5.91187481802991));
#3668=CARTESIAN_POINT('',(19.8806022852659,22.2108746320009,6.01187481802991));
#3669=CARTESIAN_POINT('Ctrl Pts',(20.1010274142027,22.7398974448442,6.01187481802991));
#3670=CARTESIAN_POINT('Ctrl Pts',(20.1010274142027,22.7398974448442,5.91187481802991));
#3671=CARTESIAN_POINT('Ctrl Pts',(20.0367408146299,22.6616443384262,6.01187481802991));
#3672=CARTESIAN_POINT('Ctrl Pts',(20.0367408146299,22.6616443384262,5.91187481802991));
#3673=CARTESIAN_POINT('Ctrl Pts',(19.9099689451792,22.5073308009724,6.01187481802991));
#3674=CARTESIAN_POINT('Ctrl Pts',(19.9099689451792,22.5073308009724,5.91187481802991));
#3675=CARTESIAN_POINT('Ctrl Pts',(19.8902980023026,22.3087528087021,6.01187481802991));
#3676=CARTESIAN_POINT('Ctrl Pts',(19.8902980023026,22.3087528087021,5.91187481802991));
#3677=CARTESIAN_POINT('Ctrl Pts',(19.8806022852659,22.2108746320009,6.01187481802991));
#3678=CARTESIAN_POINT('Ctrl Pts',(19.8806022852659,22.2108746320009,5.91187481802991));
#3679=CARTESIAN_POINT('',(20.1010274142027,22.7398974448442,6.01187481802991));
#3680=CARTESIAN_POINT('Ctrl Pts',(19.8806022852659,22.2108746320009,6.01187481802991));
#3681=CARTESIAN_POINT('Ctrl Pts',(19.8902980023026,22.3087528087021,6.01187481802991));
#3682=CARTESIAN_POINT('Ctrl Pts',(19.9099689451792,22.5073308009724,6.01187481802991));
#3683=CARTESIAN_POINT('Ctrl Pts',(20.0367408146299,22.6616443384262,6.01187481802991));
#3684=CARTESIAN_POINT('Ctrl Pts',(20.1010274142027,22.7398974448442,6.01187481802991));
#3685=CARTESIAN_POINT('',(20.1010274142027,22.7398974448442,5.91187481802991));
#3686=CARTESIAN_POINT('Ctrl Pts',(20.1010274142027,22.7398974448442,5.91187481802991));
#3687=CARTESIAN_POINT('Ctrl Pts',(20.0367408146299,22.6616443384262,5.91187481802991));
#3688=CARTESIAN_POINT('Ctrl Pts',(19.9099689451792,22.5073308009724,5.91187481802991));
#3689=CARTESIAN_POINT('Ctrl Pts',(19.8902980023026,22.3087528087021,5.91187481802991));
#3690=CARTESIAN_POINT('Ctrl Pts',(19.8806022852659,22.2108746320009,5.91187481802991));
#3691=CARTESIAN_POINT('',(20.1010274142027,22.7398974448442,6.01187481802991));
#3692=CARTESIAN_POINT('Ctrl Pts',(20.6227039545774,22.9603237658739,6.01187481802991));
#3693=CARTESIAN_POINT('Ctrl Pts',(20.6227039545774,22.9603237658739,5.91187481802991));
#3694=CARTESIAN_POINT('Ctrl Pts',(20.5267257913356,22.9503880367502,6.01187481802991));
#3695=CARTESIAN_POINT('Ctrl Pts',(20.5267257913356,22.9503880367502,5.91187481802991));
#3696=CARTESIAN_POINT('Ctrl Pts',(20.3306318063851,22.9300882450951,6.01187481802991));
#3697=CARTESIAN_POINT('Ctrl Pts',(20.3306318063851,22.9300882450951,5.91187481802991));
#3698=CARTESIAN_POINT('Ctrl Pts',(20.1786313012938,22.8041799494085,6.01187481802991));
#3699=CARTESIAN_POINT('Ctrl Pts',(20.1786313012938,22.8041799494085,5.91187481802991));
#3700=CARTESIAN_POINT('Ctrl Pts',(20.1010274142027,22.7398974448442,6.01187481802991));
#3701=CARTESIAN_POINT('Ctrl Pts',(20.1010274142027,22.7398974448442,5.91187481802991));
#3702=CARTESIAN_POINT('',(20.6227039545774,22.9603237658739,6.01187481802991));
#3703=CARTESIAN_POINT('Ctrl Pts',(20.1010274142027,22.7398974448442,6.01187481802991));
#3704=CARTESIAN_POINT('Ctrl Pts',(20.1786313012938,22.8041799494085,6.01187481802991));
#3705=CARTESIAN_POINT('Ctrl Pts',(20.3306318063851,22.9300882450951,6.01187481802991));
#3706=CARTESIAN_POINT('Ctrl Pts',(20.5267257913356,22.9503880367502,6.01187481802991));
#3707=CARTESIAN_POINT('Ctrl Pts',(20.6227039545774,22.9603237658739,6.01187481802991));
#3708=CARTESIAN_POINT('',(20.6227039545774,22.9603237658739,5.91187481802991));
#3709=CARTESIAN_POINT('Ctrl Pts',(20.6227039545774,22.9603237658739,5.91187481802991));
#3710=CARTESIAN_POINT('Ctrl Pts',(20.5267257913356,22.9503880367502,5.91187481802991));
#3711=CARTESIAN_POINT('Ctrl Pts',(20.3306318063851,22.9300882450951,5.91187481802991));
#3712=CARTESIAN_POINT('Ctrl Pts',(20.1786313012938,22.8041799494085,5.91187481802991));
#3713=CARTESIAN_POINT('Ctrl Pts',(20.1010274142027,22.7398974448442,5.91187481802991));
#3714=CARTESIAN_POINT('',(20.6227039545774,22.9603237658739,6.01187481802991));
#3715=CARTESIAN_POINT('Origin',(24.3919908255339,22.9603237658739,6.01187481802991));
#3716=CARTESIAN_POINT('',(24.3919908255339,22.9603237658739,6.01187481802991));
#3717=CARTESIAN_POINT('Ctrl Pts',(20.6227039545774,22.9603237658739,6.01187481802991));
#3718=CARTESIAN_POINT('Ctrl Pts',(21.1572372168303,22.9603237658739,6.01187481802991));
#3719=CARTESIAN_POINT('Ctrl Pts',(22.4136661738157,22.9603237658739,6.01187481802991));
#3720=CARTESIAN_POINT('Ctrl Pts',(23.6700951308012,22.9603237658739,6.01187481802991));
#3721=CARTESIAN_POINT('Ctrl Pts',(24.3919908255339,22.9603237658739,6.01187481802991));
#3722=CARTESIAN_POINT('',(24.3919908255339,22.9603237658739,5.91187481802991));
#3723=CARTESIAN_POINT('Ctrl Pts',(24.3919908255339,22.9603237658739,5.91187481802991));
#3724=CARTESIAN_POINT('Ctrl Pts',(23.6700951308012,22.9603237658739,5.91187481802991));
#3725=CARTESIAN_POINT('Ctrl Pts',(22.4136661738157,22.9603237658739,5.91187481802991));
#3726=CARTESIAN_POINT('Ctrl Pts',(21.1572372168303,22.9603237658739,5.91187481802991));
#3727=CARTESIAN_POINT('Ctrl Pts',(20.6227039545774,22.9603237658739,5.91187481802991));
#3728=CARTESIAN_POINT('',(24.3919908255339,22.9603237658739,6.01187481802991));
#3729=CARTESIAN_POINT('Ctrl Pts',(26.5227770060301,23.8420278578997,6.01187481802991));
#3730=CARTESIAN_POINT('Ctrl Pts',(26.5227770060301,23.8420278578997,5.91187481802991));
#3731=CARTESIAN_POINT('Ctrl Pts',(26.2047140283399,23.5848923340552,6.01187481802991));
#3732=CARTESIAN_POINT('Ctrl Pts',(26.2047140283399,23.5848923340552,5.91187481802991));
#3733=CARTESIAN_POINT('Ctrl Pts',(25.5806561386775,23.0803776196015,6.01187481802991));
#3734=CARTESIAN_POINT('Ctrl Pts',(25.5806561386775,23.0803776196015,5.91187481802991));
#3735=CARTESIAN_POINT('Ctrl Pts',(24.7830713504466,22.9998224570651,6.01187481802991));
#3736=CARTESIAN_POINT('Ctrl Pts',(24.7830713504466,22.9998224570651,5.91187481802991));
#3737=CARTESIAN_POINT('Ctrl Pts',(24.3919908255339,22.9603237658739,6.01187481802991));
#3738=CARTESIAN_POINT('Ctrl Pts',(24.3919908255339,22.9603237658739,5.91187481802991));
#3739=CARTESIAN_POINT('',(26.5227770060301,23.8420278578997,6.01187481802991));
#3740=CARTESIAN_POINT('Ctrl Pts',(24.3919908255339,22.9603237658739,6.01187481802991));
#3741=CARTESIAN_POINT('Ctrl Pts',(24.7830713504466,22.9998224570651,6.01187481802991));
#3742=CARTESIAN_POINT('Ctrl Pts',(25.5806561386775,23.0803776196015,6.01187481802991));
#3743=CARTESIAN_POINT('Ctrl Pts',(26.2047140283399,23.5848923340552,6.01187481802991));
#3744=CARTESIAN_POINT('Ctrl Pts',(26.5227770060301,23.8420278578997,6.01187481802991));
#3745=CARTESIAN_POINT('',(26.5227770060301,23.8420278578997,5.91187481802991));
#3746=CARTESIAN_POINT('Ctrl Pts',(26.5227770060301,23.8420278578997,5.91187481802991));
#3747=CARTESIAN_POINT('Ctrl Pts',(26.2047140283399,23.5848923340552,5.91187481802991));
#3748=CARTESIAN_POINT('Ctrl Pts',(25.5806561386775,23.0803776196015,5.91187481802991));
#3749=CARTESIAN_POINT('Ctrl Pts',(24.7830713504466,22.9998224570651,5.91187481802991));
#3750=CARTESIAN_POINT('Ctrl Pts',(24.3919908255339,22.9603237658739,5.91187481802991));
#3751=CARTESIAN_POINT('',(26.5227770060301,23.8420278578997,6.01187481802991));
#3752=CARTESIAN_POINT('Ctrl Pts',(27.4118279665709,25.9801620990038,6.01187481802991));
#3753=CARTESIAN_POINT('Ctrl Pts',(27.4118279665709,25.9801620990038,5.91187481802991));
#3754=CARTESIAN_POINT('Ctrl Pts',(27.3720818900055,25.587022680092,6.01187481802991));
#3755=CARTESIAN_POINT('Ctrl Pts',(27.3720818900055,25.587022680092,5.91187481802991));
#3756=CARTESIAN_POINT('Ctrl Pts',(27.2910705374472,24.7857170212119,6.01187481802991));
#3757=CARTESIAN_POINT('Ctrl Pts',(27.2910705374472,24.7857170212119,5.91187481802991));
#3758=CARTESIAN_POINT('Ctrl Pts',(26.7820566819027,24.1604991327219,6.01187481802991));
#3759=CARTESIAN_POINT('Ctrl Pts',(26.7820566819027,24.1604991327219,5.91187481802991));
#3760=CARTESIAN_POINT('Ctrl Pts',(26.5227770060301,23.8420278578997,6.01187481802991));
#3761=CARTESIAN_POINT('Ctrl Pts',(26.5227770060301,23.8420278578997,5.91187481802991));
#3762=CARTESIAN_POINT('',(27.4118279665709,25.9801620990038,6.01187481802991));
#3763=CARTESIAN_POINT('Ctrl Pts',(26.5227770060301,23.8420278578997,6.01187481802991));
#3764=CARTESIAN_POINT('Ctrl Pts',(26.7820566819027,24.1604991327219,6.01187481802991));
#3765=CARTESIAN_POINT('Ctrl Pts',(27.2910705374472,24.7857170212119,6.01187481802991));
#3766=CARTESIAN_POINT('Ctrl Pts',(27.3720818900055,25.587022680092,6.01187481802991));
#3767=CARTESIAN_POINT('Ctrl Pts',(27.4118279665709,25.9801620990038,6.01187481802991));
#3768=CARTESIAN_POINT('',(27.4118279665709,25.9801620990038,5.91187481802991));
#3769=CARTESIAN_POINT('Ctrl Pts',(27.4118279665709,25.9801620990038,5.91187481802991));
#3770=CARTESIAN_POINT('Ctrl Pts',(27.3720818900055,25.587022680092,5.91187481802991));
#3771=CARTESIAN_POINT('Ctrl Pts',(27.2910705374472,24.7857170212119,5.91187481802991));
#3772=CARTESIAN_POINT('Ctrl Pts',(26.7820566819027,24.1604991327219,5.91187481802991));
#3773=CARTESIAN_POINT('Ctrl Pts',(26.5227770060301,23.8420278578997,5.91187481802991));
#3774=CARTESIAN_POINT('',(27.4118279665709,25.9801620990038,6.01187481802991));
#3775=CARTESIAN_POINT('Ctrl Pts',(27.0040415972471,27.4974287301302,6.01187481802991));
#3776=CARTESIAN_POINT('Ctrl Pts',(27.0040415972471,27.4974287301302,5.91187481802991));
#3777=CARTESIAN_POINT('Ctrl Pts',(27.1229752237764,27.261081664685,6.01187481802991));
#3778=CARTESIAN_POINT('Ctrl Pts',(27.1229752237764,27.261081664685,5.91187481802991));
#3779=CARTESIAN_POINT('Ctrl Pts',(27.3632839863121,26.7835357217627,6.01187481802991));
#3780=CARTESIAN_POINT('Ctrl Pts',(27.3632839863121,26.7835357217627,5.91187481802991));
#3781=CARTESIAN_POINT('Ctrl Pts',(27.3955374094574,26.2497610032387,6.01187481802991));
#3782=CARTESIAN_POINT('Ctrl Pts',(27.3955374094574,26.2497610032387,5.91187481802991));
#3783=CARTESIAN_POINT('Ctrl Pts',(27.4118279665709,25.9801620990038,6.01187481802991));
#3784=CARTESIAN_POINT('Ctrl Pts',(27.4118279665709,25.9801620990038,5.91187481802991));
#3785=CARTESIAN_POINT('',(27.0040415972471,27.4974287301302,6.01187481802991));
#3786=CARTESIAN_POINT('Ctrl Pts',(27.4118279665709,25.9801620990038,6.01187481802991));
#3787=CARTESIAN_POINT('Ctrl Pts',(27.3955374094574,26.2497610032387,6.01187481802991));
#3788=CARTESIAN_POINT('Ctrl Pts',(27.3632839863121,26.7835357217627,6.01187481802991));
#3789=CARTESIAN_POINT('Ctrl Pts',(27.1229752237764,27.261081664685,6.01187481802991));
#3790=CARTESIAN_POINT('Ctrl Pts',(27.0040415972471,27.4974287301302,6.01187481802991));
#3791=CARTESIAN_POINT('',(27.0040415972471,27.4974287301302,5.91187481802991));
#3792=CARTESIAN_POINT('Ctrl Pts',(27.0040415972471,27.4974287301302,5.91187481802991));
#3793=CARTESIAN_POINT('Ctrl Pts',(27.1229752237764,27.261081664685,5.91187481802991));
#3794=CARTESIAN_POINT('Ctrl Pts',(27.3632839863121,26.7835357217627,5.91187481802991));
#3795=CARTESIAN_POINT('Ctrl Pts',(27.3955374094574,26.2497610032387,5.91187481802991));
#3796=CARTESIAN_POINT('Ctrl Pts',(27.4118279665709,25.9801620990038,5.91187481802991));
#3797=CARTESIAN_POINT('',(27.0040415972471,27.4974287301302,6.01187481802991));
#3798=CARTESIAN_POINT('Ctrl Pts',(25.9092568606138,28.5922116786241,6.01187481802991));
#3799=CARTESIAN_POINT('Ctrl Pts',(25.9092568606138,28.5922116786241,5.91187481802991));
#3800=CARTESIAN_POINT('Ctrl Pts',(26.1266218619179,28.4446486509686,6.01187481802991));
#3801=CARTESIAN_POINT('Ctrl Pts',(26.1266218619179,28.4446486509686,5.91187481802991));
#3802=CARTESIAN_POINT('Ctrl Pts',(26.5613517035293,28.1495227049538,6.01187481802991));
#3803=CARTESIAN_POINT('Ctrl Pts',(26.5613517035293,28.1495227049538,5.91187481802991));
#3804=CARTESIAN_POINT('Ctrl Pts',(26.8564783357733,27.7147933347392,6.01187481802991));
#3805=CARTESIAN_POINT('Ctrl Pts',(26.8564783357733,27.7147933347392,5.91187481802991));
#3806=CARTESIAN_POINT('Ctrl Pts',(27.0040415972471,27.4974287301302,6.01187481802991));
#3807=CARTESIAN_POINT('Ctrl Pts',(27.0040415972471,27.4974287301302,5.91187481802991));
#3808=CARTESIAN_POINT('',(25.9092568606138,28.5922116786241,6.01187481802991));
#3809=CARTESIAN_POINT('Ctrl Pts',(27.0040415972471,27.4974287301302,6.01187481802991));
#3810=CARTESIAN_POINT('Ctrl Pts',(26.8564783357733,27.7147933347392,6.01187481802991));
#3811=CARTESIAN_POINT('Ctrl Pts',(26.5613517035293,28.1495227049538,6.01187481802991));
#3812=CARTESIAN_POINT('Ctrl Pts',(26.1266218619179,28.4446486509686,6.01187481802991));
#3813=CARTESIAN_POINT('Ctrl Pts',(25.9092568606138,28.5922116786241,6.01187481802991));
#3814=CARTESIAN_POINT('',(25.9092568606138,28.5922116786241,5.91187481802991));
#3815=CARTESIAN_POINT('Ctrl Pts',(25.9092568606138,28.5922116786241,5.91187481802991));
#3816=CARTESIAN_POINT('Ctrl Pts',(26.1266218619179,28.4446486509686,5.91187481802991));
#3817=CARTESIAN_POINT('Ctrl Pts',(26.5613517035293,28.1495227049538,5.91187481802991));
#3818=CARTESIAN_POINT('Ctrl Pts',(26.8564783357733,27.7147933347392,5.91187481802991));
#3819=CARTESIAN_POINT('Ctrl Pts',(27.0040415972471,27.4974287301302,5.91187481802991));
#3820=CARTESIAN_POINT('',(25.9092568606138,28.5922116786241,6.01187481802991));
#3821=CARTESIAN_POINT('Ctrl Pts',(24.3919908255339,29.0000004321337,6.01187481802991));
#3822=CARTESIAN_POINT('Ctrl Pts',(24.3919908255339,29.0000004321337,5.91187481802991));
#3823=CARTESIAN_POINT('Ctrl Pts',(24.6615898332359,28.9837103492524,6.01187481802991));
#3824=CARTESIAN_POINT('Ctrl Pts',(24.6615898332359,28.9837103492524,5.91187481802991));
#3825=CARTESIAN_POINT('Ctrl Pts',(25.1953649877633,28.951457851065,6.01187481802991));
#3826=CARTESIAN_POINT('Ctrl Pts',(25.1953649877633,28.951457851065,5.91187481802991));
#3827=CARTESIAN_POINT('Ctrl Pts',(25.6729101012316,28.711146592868,6.01187481802991));
#3828=CARTESIAN_POINT('Ctrl Pts',(25.6729101012316,28.711146592868,5.91187481802991));
#3829=CARTESIAN_POINT('Ctrl Pts',(25.9092568606138,28.5922116786241,6.01187481802991));
#3830=CARTESIAN_POINT('Ctrl Pts',(25.9092568606138,28.5922116786241,5.91187481802991));
#3831=CARTESIAN_POINT('',(24.3919908255339,29.0000004321337,6.01187481802991));
#3832=CARTESIAN_POINT('Ctrl Pts',(25.9092568606138,28.5922116786241,6.01187481802991));
#3833=CARTESIAN_POINT('Ctrl Pts',(25.6729101012316,28.711146592868,6.01187481802991));
#3834=CARTESIAN_POINT('Ctrl Pts',(25.1953649877633,28.951457851065,6.01187481802991));
#3835=CARTESIAN_POINT('Ctrl Pts',(24.6615898332359,28.9837103492524,6.01187481802991));
#3836=CARTESIAN_POINT('Ctrl Pts',(24.3919908255339,29.0000004321337,6.01187481802991));
#3837=CARTESIAN_POINT('',(24.3919908255339,29.0000004321337,5.91187481802991));
#3838=CARTESIAN_POINT('Ctrl Pts',(24.3919908255339,29.0000004321337,5.91187481802991));
#3839=CARTESIAN_POINT('Ctrl Pts',(24.6615898332359,28.9837103492524,5.91187481802991));
#3840=CARTESIAN_POINT('Ctrl Pts',(25.1953649877633,28.951457851065,5.91187481802991));
#3841=CARTESIAN_POINT('Ctrl Pts',(25.6729101012316,28.711146592868,5.91187481802991));
#3842=CARTESIAN_POINT('Ctrl Pts',(25.9092568606138,28.5922116786241,5.91187481802991));
#3843=CARTESIAN_POINT('',(24.3919908255339,29.0000004321337,6.01187481802991));
#3844=CARTESIAN_POINT('Origin',(17.4265240877867,29.0000004321337,6.01187481802991));
#3845=CARTESIAN_POINT('',(17.4265240877867,29.0000004321337,6.01187481802991));
#3846=CARTESIAN_POINT('',(24.3919908255339,29.0000004321337,6.01187481802991));
#3847=CARTESIAN_POINT('',(17.4265240877867,29.0000004321337,5.91187481802991));
#3848=CARTESIAN_POINT('',(24.3919908255339,29.0000004321337,5.91187481802991));
#3849=CARTESIAN_POINT('',(17.4265240877867,29.0000004321337,6.01187481802991));
#3850=CARTESIAN_POINT('Origin',(17.4265240877867,26.5459222346544,6.01187481802991));
#3851=CARTESIAN_POINT('',(17.4265240877867,26.5459222346544,6.01187481802991));
#3852=CARTESIAN_POINT('',(17.4265240877867,29.0000004321337,6.01187481802991));
#3853=CARTESIAN_POINT('',(17.4265240877867,26.5459222346544,5.91187481802991));
#3854=CARTESIAN_POINT('',(17.4265240877867,29.0000004321337,5.91187481802991));
#3855=CARTESIAN_POINT('',(17.4265240877867,26.5459222346544,6.01187481802991));
#3856=CARTESIAN_POINT('Origin',(24.208302423358,26.5459222346544,6.01187481802991));
#3857=CARTESIAN_POINT('',(24.208302423358,26.5459222346544,6.01187481802991));
#3858=CARTESIAN_POINT('Ctrl Pts',(17.4265240877867,26.5459222346544,6.01187481802991));
#3859=CARTESIAN_POINT('Ctrl Pts',(17.9916722824176,26.5459222346544,6.01187481802991));
#3860=CARTESIAN_POINT('Ctrl Pts',(20.2522650609414,26.5459222346544,6.01187481802991));
#3861=CARTESIAN_POINT('Ctrl Pts',(22.5128578394651,26.5459222346544,6.01187481802991));
#3862=CARTESIAN_POINT('Ctrl Pts',(24.208302423358,26.5459222346544,6.01187481802991));
#3863=CARTESIAN_POINT('',(24.208302423358,26.5459222346544,5.91187481802991));
#3864=CARTESIAN_POINT('Ctrl Pts',(24.208302423358,26.5459222346544,5.91187481802991));
#3865=CARTESIAN_POINT('Ctrl Pts',(22.5128578394651,26.5459222346544,5.91187481802991));
#3866=CARTESIAN_POINT('Ctrl Pts',(20.2522650609414,26.5459222346544,5.91187481802991));
#3867=CARTESIAN_POINT('Ctrl Pts',(17.9916722824176,26.5459222346544,5.91187481802991));
#3868=CARTESIAN_POINT('Ctrl Pts',(17.4265240877867,26.5459222346544,5.91187481802991));
#3869=CARTESIAN_POINT('',(24.208302423358,26.5459222346544,6.01187481802991));
#3870=CARTESIAN_POINT('Ctrl Pts',(24.7373246401548,26.3254959136248,6.01187481802991));
#3871=CARTESIAN_POINT('Ctrl Pts',(24.7373246401548,26.3254959136248,5.91187481802991));
#3872=CARTESIAN_POINT('Ctrl Pts',(24.6578199133835,26.3897743887003,6.01187481802991));
#3873=CARTESIAN_POINT('Ctrl Pts',(24.6578199133835,26.3897743887003,5.91187481802991));
#3874=CARTESIAN_POINT('Ctrl Pts',(24.5027839917087,26.5151187931386,6.01187481802991));
#3875=CARTESIAN_POINT('Ctrl Pts',(24.5027839917087,26.5151187931386,5.91187481802991));
#3876=CARTESIAN_POINT('Ctrl Pts',(24.3047712740106,26.5358313735665,6.01187481802991));
#3877=CARTESIAN_POINT('Ctrl Pts',(24.3047712740106,26.5358313735665,5.91187481802991));
#3878=CARTESIAN_POINT('Ctrl Pts',(24.208302423358,26.5459222346544,6.01187481802991));
#3879=CARTESIAN_POINT('Ctrl Pts',(24.208302423358,26.5459222346544,5.91187481802991));
#3880=CARTESIAN_POINT('',(24.7373246401548,26.3254959136248,6.01187481802991));
#3881=CARTESIAN_POINT('Ctrl Pts',(24.208302423358,26.5459222346544,6.01187481802991));
#3882=CARTESIAN_POINT('Ctrl Pts',(24.3047712740106,26.5358313735665,6.01187481802991));
#3883=CARTESIAN_POINT('Ctrl Pts',(24.5027839917087,26.5151187931386,6.01187481802991));
#3884=CARTESIAN_POINT('Ctrl Pts',(24.6578199133835,26.3897743887003,6.01187481802991));
#3885=CARTESIAN_POINT('Ctrl Pts',(24.7373246401548,26.3254959136248,6.01187481802991));
#3886=CARTESIAN_POINT('',(24.7373246401548,26.3254959136248,5.91187481802991));
#3887=CARTESIAN_POINT('Ctrl Pts',(24.7373246401548,26.3254959136248,5.91187481802991));
#3888=CARTESIAN_POINT('Ctrl Pts',(24.6578199133835,26.3897743887003,5.91187481802991));
#3889=CARTESIAN_POINT('Ctrl Pts',(24.5027839917087,26.5151187931386,5.91187481802991));
#3890=CARTESIAN_POINT('Ctrl Pts',(24.3047712740106,26.5358313735665,5.91187481802991));
#3891=CARTESIAN_POINT('Ctrl Pts',(24.208302423358,26.5459222346544,5.91187481802991));
#3892=CARTESIAN_POINT('',(24.7373246401548,26.3254959136248,6.01187481802991));
#3893=CARTESIAN_POINT('Ctrl Pts',(24.9577509611845,25.7964731007814,6.01187481802991));
#3894=CARTESIAN_POINT('Ctrl Pts',(24.9577509611845,25.7964731007814,5.91187481802991));
#3895=CARTESIAN_POINT('Ctrl Pts',(24.9476601350228,25.8929421625001,6.01187481802991));
#3896=CARTESIAN_POINT('Ctrl Pts',(24.9476601350228,25.8929421625001,5.91187481802991));
#3897=CARTESIAN_POINT('Ctrl Pts',(24.9269476481094,26.0909551047869,6.01187481802991));
#3898=CARTESIAN_POINT('Ctrl Pts',(24.9269476481094,26.0909551047869,5.91187481802991));
#3899=CARTESIAN_POINT('Ctrl Pts',(24.8016031162356,26.2459911850928,6.01187481802991));
#3900=CARTESIAN_POINT('Ctrl Pts',(24.8016031162356,26.2459911850928,5.91187481802991));
#3901=CARTESIAN_POINT('Ctrl Pts',(24.7373246401548,26.3254959136248,6.01187481802991));
#3902=CARTESIAN_POINT('Ctrl Pts',(24.7373246401548,26.3254959136248,5.91187481802991));
#3903=CARTESIAN_POINT('',(24.9577509611845,25.7964731007814,6.01187481802991));
#3904=CARTESIAN_POINT('Ctrl Pts',(24.7373246401548,26.3254959136248,6.01187481802991));
#3905=CARTESIAN_POINT('Ctrl Pts',(24.8016031162356,26.2459911850928,6.01187481802991));
#3906=CARTESIAN_POINT('Ctrl Pts',(24.9269476481094,26.0909551047869,6.01187481802991));
#3907=CARTESIAN_POINT('Ctrl Pts',(24.9476601350228,25.8929421625001,6.01187481802991));
#3908=CARTESIAN_POINT('Ctrl Pts',(24.9577509611845,25.7964731007814,6.01187481802991));
#3909=CARTESIAN_POINT('',(24.9577509611845,25.7964731007814,5.91187481802991));
#3910=CARTESIAN_POINT('Ctrl Pts',(24.9577509611845,25.7964731007814,5.91187481802991));
#3911=CARTESIAN_POINT('Ctrl Pts',(24.9476601350228,25.8929421625001,5.91187481802991));
#3912=CARTESIAN_POINT('Ctrl Pts',(24.9269476481094,26.0909551047869,5.91187481802991));
#3913=CARTESIAN_POINT('Ctrl Pts',(24.8016031162356,26.2459911850928,5.91187481802991));
#3914=CARTESIAN_POINT('Ctrl Pts',(24.7373246401548,26.3254959136248,5.91187481802991));
#3915=CARTESIAN_POINT('',(24.9577509611845,25.7964731007814,6.01187481802991));
#3916=CARTESIAN_POINT('Ctrl Pts',(24.7373246401548,25.2674508839846,6.01187481802991));
#3917=CARTESIAN_POINT('Ctrl Pts',(24.7373246401548,25.2674508839846,5.91187481802991));
#3918=CARTESIAN_POINT('Ctrl Pts',(24.8016117367053,25.34570392917,6.01187481802991));
#3919=CARTESIAN_POINT('Ctrl Pts',(24.8016117367053,25.34570392917,5.91187481802991));
#3920=CARTESIAN_POINT('Ctrl Pts',(24.9283843192693,25.5000170209719,6.01187481802991));
#3921=CARTESIAN_POINT('Ctrl Pts',(24.9283843192693,25.5000170209719,5.91187481802991));
#3922=CARTESIAN_POINT('Ctrl Pts',(24.9480552641585,25.6985950955381,6.01187481802991));
#3923=CARTESIAN_POINT('Ctrl Pts',(24.9480552641585,25.6985950955381,5.91187481802991));
#3924=CARTESIAN_POINT('Ctrl Pts',(24.9577509611845,25.7964731007814,6.01187481802991));
#3925=CARTESIAN_POINT('Ctrl Pts',(24.9577509611845,25.7964731007814,5.91187481802991));
#3926=CARTESIAN_POINT('',(24.7373246401548,25.2674508839846,6.01187481802991));
#3927=CARTESIAN_POINT('Ctrl Pts',(24.9577509611845,25.7964731007814,6.01187481802991));
#3928=CARTESIAN_POINT('Ctrl Pts',(24.9480552641585,25.6985950955381,6.01187481802991));
#3929=CARTESIAN_POINT('Ctrl Pts',(24.9283843192693,25.5000170209719,6.01187481802991));
#3930=CARTESIAN_POINT('Ctrl Pts',(24.8016117367053,25.34570392917,6.01187481802991));
#3931=CARTESIAN_POINT('Ctrl Pts',(24.7373246401548,25.2674508839846,6.01187481802991));
#3932=CARTESIAN_POINT('',(24.7373246401548,25.2674508839846,5.91187481802991));
#3933=CARTESIAN_POINT('Ctrl Pts',(24.7373246401548,25.2674508839846,5.91187481802991));
#3934=CARTESIAN_POINT('Ctrl Pts',(24.8016117367053,25.34570392917,5.91187481802991));
#3935=CARTESIAN_POINT('Ctrl Pts',(24.9283843192693,25.5000170209719,5.91187481802991));
#3936=CARTESIAN_POINT('Ctrl Pts',(24.9480552641585,25.6985950955381,5.91187481802991));
#3937=CARTESIAN_POINT('Ctrl Pts',(24.9577509611845,25.7964731007814,5.91187481802991));
#3938=CARTESIAN_POINT('',(24.7373246401548,25.2674508839846,6.01187481802991));
#3939=CARTESIAN_POINT('Ctrl Pts',(24.208302423358,25.0470245629549,6.01187481802991));
#3940=CARTESIAN_POINT('Ctrl Pts',(24.208302423358,25.0470245629549,5.91187481802991));
#3941=CARTESIAN_POINT('Ctrl Pts',(24.3047712740106,25.0571154240428,6.01187481802991));
#3942=CARTESIAN_POINT('Ctrl Pts',(24.3047712740106,25.0571154240428,5.91187481802991));
#3943=CARTESIAN_POINT('Ctrl Pts',(24.5027839917087,25.0778280044707,6.01187481802991));
#3944=CARTESIAN_POINT('Ctrl Pts',(24.5027839917087,25.0778280044707,5.91187481802991));
#3945=CARTESIAN_POINT('Ctrl Pts',(24.6578199133835,25.2031724089091,6.01187481802991));
#3946=CARTESIAN_POINT('Ctrl Pts',(24.6578199133835,25.2031724089091,5.91187481802991));
#3947=CARTESIAN_POINT('Ctrl Pts',(24.7373246401548,25.2674508839846,6.01187481802991));
#3948=CARTESIAN_POINT('Ctrl Pts',(24.7373246401548,25.2674508839846,5.91187481802991));
#3949=CARTESIAN_POINT('',(24.208302423358,25.0470245629549,6.01187481802991));
#3950=CARTESIAN_POINT('Ctrl Pts',(24.7373246401548,25.2674508839846,6.01187481802991));
#3951=CARTESIAN_POINT('Ctrl Pts',(24.6578199133835,25.2031724089091,6.01187481802991));
#3952=CARTESIAN_POINT('Ctrl Pts',(24.5027839917087,25.0778280044707,6.01187481802991));
#3953=CARTESIAN_POINT('Ctrl Pts',(24.3047712740106,25.0571154240428,6.01187481802991));
#3954=CARTESIAN_POINT('Ctrl Pts',(24.208302423358,25.0470245629549,6.01187481802991));
#3955=CARTESIAN_POINT('',(24.208302423358,25.0470245629549,5.91187481802991));
#3956=CARTESIAN_POINT('Ctrl Pts',(24.208302423358,25.0470245629549,5.91187481802991));
#3957=CARTESIAN_POINT('Ctrl Pts',(24.3047712740106,25.0571154240428,5.91187481802991));
#3958=CARTESIAN_POINT('Ctrl Pts',(24.5027839917087,25.0778280044707,5.91187481802991));
#3959=CARTESIAN_POINT('Ctrl Pts',(24.6578199133835,25.2031724089091,5.91187481802991));
#3960=CARTESIAN_POINT('Ctrl Pts',(24.7373246401548,25.2674508839846,5.91187481802991));
#3961=CARTESIAN_POINT('',(24.208302423358,25.0470245629549,6.01187481802991));
#3962=CARTESIAN_POINT('Origin',(20.4390143603086,25.0470245629549,6.01187481802991));
#3963=CARTESIAN_POINT('',(20.4390143603086,25.0470245629549,6.01187481802991));
#3964=CARTESIAN_POINT('Ctrl Pts',(24.208302423358,25.0470245629549,6.01187481802991));
#3965=CARTESIAN_POINT('Ctrl Pts',(23.6737687637409,25.0470245629549,6.01187481802991));
#3966=CARTESIAN_POINT('Ctrl Pts',(22.4173394093911,25.0470245629549,6.01187481802991));
#3967=CARTESIAN_POINT('Ctrl Pts',(21.1609100550413,25.0470245629549,6.01187481802991));
#3968=CARTESIAN_POINT('Ctrl Pts',(20.4390143603086,25.0470245629549,6.01187481802991));
#3969=CARTESIAN_POINT('',(20.4390143603086,25.0470245629549,5.91187481802991));
#3970=CARTESIAN_POINT('Ctrl Pts',(20.4390143603086,25.0470245629549,5.91187481802991));
#3971=CARTESIAN_POINT('Ctrl Pts',(21.1609100550413,25.0470245629549,5.91187481802991));
#3972=CARTESIAN_POINT('Ctrl Pts',(22.4173394093911,25.0470245629549,5.91187481802991));
#3973=CARTESIAN_POINT('Ctrl Pts',(23.6737687637409,25.0470245629549,5.91187481802991));
#3974=CARTESIAN_POINT('Ctrl Pts',(24.208302423358,25.0470245629549,5.91187481802991));
#3975=CARTESIAN_POINT('',(20.4390143603086,25.0470245629549,6.01187481802991));
#3976=CARTESIAN_POINT('Ctrl Pts',(18.9254223555326,24.6392358094454,6.01187481802991));
#3977=CARTESIAN_POINT('Ctrl Pts',(18.9254223555326,24.6392358094454,5.91187481802991));
#3978=CARTESIAN_POINT('Ctrl Pts',(19.1608371666709,24.7581699740617,6.01187481802991));
#3979=CARTESIAN_POINT('Ctrl Pts',(19.1608371666709,24.7581699740617,5.91187481802991));
#3980=CARTESIAN_POINT('Ctrl Pts',(19.6370038528516,24.9987346469689,6.01187481802991));
#3981=CARTESIAN_POINT('Ctrl Pts',(19.6370038528516,24.9987346469689,5.91187481802991));
#3982=CARTESIAN_POINT('Ctrl Pts',(20.1696873489608,25.030808093682,6.01187481802991));
#3983=CARTESIAN_POINT('Ctrl Pts',(20.1696873489608,25.030808093682,5.91187481802991));
#3984=CARTESIAN_POINT('Ctrl Pts',(20.4390143603086,25.0470245629549,6.01187481802991));
#3985=CARTESIAN_POINT('Ctrl Pts',(20.4390143603086,25.0470245629549,5.91187481802991));
#3986=CARTESIAN_POINT('',(18.9254223555326,24.6392358094454,6.01187481802991));
#3987=CARTESIAN_POINT('Ctrl Pts',(20.4390143603086,25.0470245629549,6.01187481802991));
#3988=CARTESIAN_POINT('Ctrl Pts',(20.1696873489608,25.030808093682,6.01187481802991));
#3989=CARTESIAN_POINT('Ctrl Pts',(19.6370038528516,24.9987346469689,6.01187481802991));
#3990=CARTESIAN_POINT('Ctrl Pts',(19.1608371666709,24.7581699740617,6.01187481802991));
#3991=CARTESIAN_POINT('Ctrl Pts',(18.9254223555326,24.6392358094454,6.01187481802991));
#3992=CARTESIAN_POINT('',(18.9254223555326,24.6392358094454,5.91187481802991));
#3993=CARTESIAN_POINT('Ctrl Pts',(18.9254223555326,24.6392358094454,5.91187481802991));
#3994=CARTESIAN_POINT('Ctrl Pts',(19.1608371666709,24.7581699740617,5.91187481802991));
#3995=CARTESIAN_POINT('Ctrl Pts',(19.6370038528516,24.9987346469689,5.91187481802991));
#3996=CARTESIAN_POINT('Ctrl Pts',(20.1696873489608,25.030808093682,5.91187481802991));
#3997=CARTESIAN_POINT('Ctrl Pts',(20.4390143603086,25.0470245629549,5.91187481802991));
#3998=CARTESIAN_POINT('',(18.9254223555326,24.6392358094454,6.01187481802991));
#3999=CARTESIAN_POINT('Ctrl Pts',(17.8343128412962,23.5481268912554,6.01187481802991));
#4000=CARTESIAN_POINT('Ctrl Pts',(17.8343128412962,23.5481268912554,5.91187481802991));
#4001=CARTESIAN_POINT('Ctrl Pts',(17.9817222767643,23.7644202336699,6.01187481802991));
#4002=CARTESIAN_POINT('Ctrl Pts',(17.9817222767643,23.7644202336699,5.91187481802991));
#4003=CARTESIAN_POINT('Ctrl Pts',(18.2765413954964,24.1970072820891,6.01187481802991));
#4004=CARTESIAN_POINT('Ctrl Pts',(18.2765413954964,24.1970072820891,5.91187481802991));
#4005=CARTESIAN_POINT('Ctrl Pts',(18.7091285809905,24.491826217728,6.01187481802991));
#4006=CARTESIAN_POINT('Ctrl Pts',(18.7091285809905,24.491826217728,5.91187481802991));
#4007=CARTESIAN_POINT('Ctrl Pts',(18.9254223555326,24.6392358094454,6.01187481802991));
#4008=CARTESIAN_POINT('Ctrl Pts',(18.9254223555326,24.6392358094454,5.91187481802991));
#4009=CARTESIAN_POINT('',(17.8343128412962,23.5481268912554,6.01187481802991));
#4010=CARTESIAN_POINT('Ctrl Pts',(18.9254223555326,24.6392358094454,6.01187481802991));
#4011=CARTESIAN_POINT('Ctrl Pts',(18.7091285809905,24.491826217728,6.01187481802991));
#4012=CARTESIAN_POINT('Ctrl Pts',(18.2765413954964,24.1970072820891,6.01187481802991));
#4013=CARTESIAN_POINT('Ctrl Pts',(17.9817222767643,23.7644202336699,6.01187481802991));
#4014=CARTESIAN_POINT('Ctrl Pts',(17.8343128412962,23.5481268912554,6.01187481802991));
#4015=CARTESIAN_POINT('',(17.8343128412962,23.5481268912554,5.91187481802991));
#4016=CARTESIAN_POINT('Ctrl Pts',(17.8343128412962,23.5481268912554,5.91187481802991));
#4017=CARTESIAN_POINT('Ctrl Pts',(17.9817222767643,23.7644202336699,5.91187481802991));
#4018=CARTESIAN_POINT('Ctrl Pts',(18.2765413954964,24.1970072820891,5.91187481802991));
#4019=CARTESIAN_POINT('Ctrl Pts',(18.7091285809905,24.491826217728,5.91187481802991));
#4020=CARTESIAN_POINT('Ctrl Pts',(18.9254223555326,24.6392358094454,5.91187481802991));
#4021=CARTESIAN_POINT('',(17.8343128412962,23.5481268912554,6.01187481802991));
#4022=CARTESIAN_POINT('Ctrl Pts',(17.4265240877867,22.027186229825,6.01187481802991));
#4023=CARTESIAN_POINT('Ctrl Pts',(17.4265240877867,22.027186229825,5.91187481802991));
#4024=CARTESIAN_POINT('Ctrl Pts',(17.4425768514266,22.2983776837267,6.01187481802991));
#4025=CARTESIAN_POINT('Ctrl Pts',(17.4425768514266,22.2983776837267,5.91187481802991));
#4026=CARTESIAN_POINT('Ctrl Pts',(17.4742536780074,22.8335182270063,6.01187481802991));
#4027=CARTESIAN_POINT('Ctrl Pts',(17.4742536780074,22.8335182270063,5.91187481802991));
#4028=CARTESIAN_POINT('Ctrl Pts',(17.7153808912518,23.3120829000916,6.01187481802991));
#4029=CARTESIAN_POINT('Ctrl Pts',(17.7153808912518,23.3120829000916,5.91187481802991));
#4030=CARTESIAN_POINT('Ctrl Pts',(17.8343128412962,23.5481268912554,6.01187481802991));
#4031=CARTESIAN_POINT('Ctrl Pts',(17.8343128412962,23.5481268912554,5.91187481802991));
#4032=CARTESIAN_POINT('',(17.4265240877867,22.027186229825,6.01187481802991));
#4033=CARTESIAN_POINT('Ctrl Pts',(17.8343128412962,23.5481268912554,6.01187481802991));
#4034=CARTESIAN_POINT('Ctrl Pts',(17.7153808912518,23.3120829000916,6.01187481802991));
#4035=CARTESIAN_POINT('Ctrl Pts',(17.4742536780074,22.8335182270063,6.01187481802991));
#4036=CARTESIAN_POINT('Ctrl Pts',(17.4425768514266,22.2983776837267,6.01187481802991));
#4037=CARTESIAN_POINT('Ctrl Pts',(17.4265240877867,22.027186229825,6.01187481802991));
#4038=CARTESIAN_POINT('',(17.4265240877867,22.027186229825,5.91187481802991));
#4039=CARTESIAN_POINT('Ctrl Pts',(17.4265240877867,22.027186229825,5.91187481802991));
#4040=CARTESIAN_POINT('Ctrl Pts',(17.4425768514266,22.2983776837267,5.91187481802991));
#4041=CARTESIAN_POINT('Ctrl Pts',(17.4742536780074,22.8335182270063,5.91187481802991));
#4042=CARTESIAN_POINT('Ctrl Pts',(17.7153808912518,23.3120829000916,5.91187481802991));
#4043=CARTESIAN_POINT('Ctrl Pts',(17.8343128412962,23.5481268912554,5.91187481802991));
#4044=CARTESIAN_POINT('',(17.4265240877867,22.027186229825,6.01187481802991));
#4045=CARTESIAN_POINT('Ctrl Pts',(17.8343128412962,20.5135936290026,6.01187481802991));
#4046=CARTESIAN_POINT('Ctrl Pts',(17.8343128412962,20.5135936290026,5.91187481802991));
#4047=CARTESIAN_POINT('Ctrl Pts',(17.7153789729247,20.7490084671097,6.01187481802991));
#4048=CARTESIAN_POINT('Ctrl Pts',(17.7153789729247,20.7490084671097,5.91187481802991));
#4049=CARTESIAN_POINT('Ctrl Pts',(17.4748147615713,21.2251754803042,6.01187481802991));
#4050=CARTESIAN_POINT('Ctrl Pts',(17.4748147615713,21.2251754803042,5.91187481802991));
#4051=CARTESIAN_POINT('Ctrl Pts',(17.4427408175661,21.7578590371001,6.01187481802991));
#4052=CARTESIAN_POINT('Ctrl Pts',(17.4427408175661,21.7578590371001,5.91187481802991));
#4053=CARTESIAN_POINT('Ctrl Pts',(17.4265240877867,22.027186229825,6.01187481802991));
#4054=CARTESIAN_POINT('Ctrl Pts',(17.4265240877867,22.027186229825,5.91187481802991));
#4055=CARTESIAN_POINT('Ctrl Pts',(17.4265240877867,22.027186229825,6.01187481802991));
#4056=CARTESIAN_POINT('Ctrl Pts',(17.4427408175661,21.7578590371001,6.01187481802991));
#4057=CARTESIAN_POINT('Ctrl Pts',(17.4748147615713,21.2251754803042,6.01187481802991));
#4058=CARTESIAN_POINT('Ctrl Pts',(17.7153789729247,20.7490084671097,6.01187481802991));
#4059=CARTESIAN_POINT('Ctrl Pts',(17.8343128412962,20.5135936290026,6.01187481802991));
#4060=CARTESIAN_POINT('Ctrl Pts',(17.8343128412962,20.5135936290026,5.91187481802991));
#4061=CARTESIAN_POINT('Ctrl Pts',(17.7153789729247,20.7490084671097,5.91187481802991));
#4062=CARTESIAN_POINT('Ctrl Pts',(17.4748147615713,21.2251754803042,5.91187481802991));
#4063=CARTESIAN_POINT('Ctrl Pts',(17.4427408175661,21.7578590371001,5.91187481802991));
#4064=CARTESIAN_POINT('Ctrl Pts',(17.4265240877867,22.027186229825,5.91187481802991));
#4065=CARTESIAN_POINT('Origin',(17.4559140205383,24.0073478966951,6.01187481802991));
#4066=CARTESIAN_POINT('Origin',(17.4559140205383,24.0073478966951,5.91187481802991));
#4067=CARTESIAN_POINT('Origin',(16.2362229079008,21.4687735587358,6.01187481802991));
#4068=CARTESIAN_POINT('',(16.2362229079008,21.4687735587358,6.01187481802991));
#4069=CARTESIAN_POINT('',(16.2362229079008,19.0220434218645,6.01187481802991));
#4070=CARTESIAN_POINT('',(16.2362229079008,21.4687735587358,6.01187481802991));
#4071=CARTESIAN_POINT('',(16.2362229079008,19.0220434218645,5.91187481802991));
#4072=CARTESIAN_POINT('',(16.2362229079008,19.0220434218645,6.01187481802991));
#4073=CARTESIAN_POINT('',(16.2362229079008,21.4687735587358,5.91187481802991));
#4074=CARTESIAN_POINT('',(16.2362229079008,21.4687735587358,5.91187481802991));
#4075=CARTESIAN_POINT('',(16.2362229079008,21.4687735587358,6.01187481802991));
#4076=CARTESIAN_POINT('Origin',(9.95407812297344,21.4687735587358,6.01187481802991));
#4077=CARTESIAN_POINT('',(9.95407812297344,21.4687735587358,6.01187481802991));
#4078=CARTESIAN_POINT('',(9.95407812297344,21.4687735587358,6.01187481802991));
#4079=CARTESIAN_POINT('',(9.95407812297344,21.4687735587358,5.91187481802991));
#4080=CARTESIAN_POINT('',(9.95407812297344,21.4687735587358,5.91187481802991));
#4081=CARTESIAN_POINT('',(9.95407812297344,21.4687735587358,6.01187481802991));
#4082=CARTESIAN_POINT('Origin',(9.95407812297344,28.9999998360872,6.01187481802991));
#4083=CARTESIAN_POINT('',(9.95407812297344,28.9999998360872,6.01187481802991));
#4084=CARTESIAN_POINT('',(9.95407812297344,28.9999998360872,6.01187481802991));
#4085=CARTESIAN_POINT('',(9.95407812297344,28.9999998360872,5.91187481802991));
#4086=CARTESIAN_POINT('',(9.95407812297344,28.9999998360872,5.91187481802991));
#4087=CARTESIAN_POINT('',(9.95407812297344,28.9999998360872,6.01187481802991));
#4088=CARTESIAN_POINT('Origin',(7.50000007450581,28.9999998360872,6.01187481802991));
#4089=CARTESIAN_POINT('',(7.50000007450581,28.9999998360872,6.01187481802991));
#4090=CARTESIAN_POINT('',(7.50000007450581,28.9999998360872,6.01187481802991));
#4091=CARTESIAN_POINT('',(7.50000007450581,28.9999998360872,5.91187481802991));
#4092=CARTESIAN_POINT('',(7.50000007450581,28.9999998360872,5.91187481802991));
#4093=CARTESIAN_POINT('',(7.50000007450581,28.9999998360872,6.01187481802991));
#4094=CARTESIAN_POINT('Origin',(7.50000007450581,19.0220434218645,6.01187481802991));
#4095=CARTESIAN_POINT('',(7.50000007450581,19.0220434218645,6.01187481802991));
#4096=CARTESIAN_POINT('',(7.50000007450581,19.0220434218645,6.01187481802991));
#4097=CARTESIAN_POINT('',(7.50000007450581,19.0220434218645,5.91187481802991));
#4098=CARTESIAN_POINT('',(7.50000007450581,19.0220434218645,5.91187481802991));
#4099=CARTESIAN_POINT('',(7.50000007450581,19.0220434218645,6.01187481802991));
#4100=CARTESIAN_POINT('Origin',(16.2362229079008,19.0220434218645,6.01187481802991));
#4101=CARTESIAN_POINT('',(16.2362229079008,19.0220434218645,6.01187481802991));
#4102=CARTESIAN_POINT('',(16.2362229079008,19.0220434218645,5.91187481802991));
#4103=CARTESIAN_POINT('Origin',(17.4559140205383,24.0073478966951,6.01187481802991));
#4104=CARTESIAN_POINT('Origin',(17.4559140205383,24.0073478966951,5.91187481802991));
#4105=CARTESIAN_POINT('',(0.,0.,-1.11022302462516E-16));
#4106=UNCERTAINTY_MEASURE_WITH_UNIT(LENGTH_MEASURE(0.01),#4112,
'DISTANCE_ACCURACY_VALUE',
'Maximum model space distance between geometric entities at asserted c
onnectivities');
#4107=UNCERTAINTY_MEASURE_WITH_UNIT(LENGTH_MEASURE(0.01),#4112,
'DISTANCE_ACCURACY_VALUE',
'Maximum model space distance between geometric entities at asserted c
onnectivities');
#4108=UNCERTAINTY_MEASURE_WITH_UNIT(LENGTH_MEASURE(0.01),#4112,
'DISTANCE_ACCURACY_VALUE',
'Maximum model space distance between geometric entities at asserted c
onnectivities');
#4109=(
GEOMETRIC_REPRESENTATION_CONTEXT(3)
GLOBAL_UNCERTAINTY_ASSIGNED_CONTEXT((#4106))
GLOBAL_UNIT_ASSIGNED_CONTEXT((#4112,#4114,#4115))
REPRESENTATION_CONTEXT('','3D')
);
#4110=(
GEOMETRIC_REPRESENTATION_CONTEXT(3)
GLOBAL_UNCERTAINTY_ASSIGNED_CONTEXT((#4107))
GLOBAL_UNIT_ASSIGNED_CONTEXT((#4112,#4114,#4115))
REPRESENTATION_CONTEXT('','3D')
);
#4111=(
GEOMETRIC_REPRESENTATION_CONTEXT(3)
GLOBAL_UNCERTAINTY_ASSIGNED_CONTEXT((#4108))
GLOBAL_UNIT_ASSIGNED_CONTEXT((#4112,#4114,#4115))
REPRESENTATION_CONTEXT('','3D')
);
#4112=(
LENGTH_UNIT()
NAMED_UNIT(*)
SI_UNIT(.MILLI.,.METRE.)
);
#4113=(
LENGTH_UNIT()
NAMED_UNIT(*)
SI_UNIT($,.METRE.)
);
#4114=(
NAMED_UNIT(*)
PLANE_ANGLE_UNIT()
SI_UNIT($,.RADIAN.)
);
#4115=(
NAMED_UNIT(*)
SI_UNIT($,.STERADIAN.)
SOLID_ANGLE_UNIT()
);
#4116=SHAPE_DEFINITION_REPRESENTATION(#4118,#4121);
#4117=SHAPE_DEFINITION_REPRESENTATION(#4119,#4122);
#4118=PRODUCT_DEFINITION_SHAPE('',$,#4124);
#4119=PRODUCT_DEFINITION_SHAPE('',$,#4125);
#4120=PRODUCT_DEFINITION_SHAPE($,$,#14);
#4121=SHAPE_REPRESENTATION('',(#2342,#2505),#4109);
#4122=SHAPE_REPRESENTATION('',(#2343),#4110);
#4123=PRODUCT_DEFINITION_CONTEXT('part definition',#4131,'design');
#4124=PRODUCT_DEFINITION('track','track v17',#4126,#4123);
#4125=PRODUCT_DEFINITION('Cover','Cover',#4127,#4123);
#4126=PRODUCT_DEFINITION_FORMATION('',$,#4133);
#4127=PRODUCT_DEFINITION_FORMATION('',$,#4134);
#4128=PRODUCT_RELATED_PRODUCT_CATEGORY('track v17','track v17',(#4133));
#4129=PRODUCT_RELATED_PRODUCT_CATEGORY('Cover','Cover',(#4134));
#4130=APPLICATION_PROTOCOL_DEFINITION('international standard',
'automotive_design',2009,#4131);
#4131=APPLICATION_CONTEXT(
'Core Data for Automotive Mechanical Design Process');
#4132=PRODUCT_CONTEXT('part definition',#4131,'mechanical');
#4133=PRODUCT('track','track v17',$,(#4132));
#4134=PRODUCT('Cover','Cover',$,(#4132));
#4135=PRESENTATION_STYLE_ASSIGNMENT((#4138));
#4136=PRESENTATION_STYLE_ASSIGNMENT((#4139));
#4137=PRESENTATION_STYLE_ASSIGNMENT((#4140));
#4138=SURFACE_STYLE_USAGE(.BOTH.,#4141);
#4139=SURFACE_STYLE_USAGE(.BOTH.,#4142);
#4140=SURFACE_STYLE_USAGE(.BOTH.,#4143);
#4141=SURFACE_SIDE_STYLE('',(#4144));
#4142=SURFACE_SIDE_STYLE('',(#4145));
#4143=SURFACE_SIDE_STYLE('',(#4146));
#4144=SURFACE_STYLE_FILL_AREA(#4147);
#4145=SURFACE_STYLE_FILL_AREA(#4148);
#4146=SURFACE_STYLE_FILL_AREA(#4149);
#4147=FILL_AREA_STYLE('Steel - Satin',(#4150));
#4148=FILL_AREA_STYLE('ABS (White)',(#4151));
#4149=FILL_AREA_STYLE('ABS (White)',(#4152));
#4150=FILL_AREA_STYLE_COLOUR('Steel - Satin',#4153);
#4151=FILL_AREA_STYLE_COLOUR('ABS (White)',#4154);
#4152=FILL_AREA_STYLE_COLOUR('ABS (White)',#4155);
#4153=COLOUR_RGB('Steel - Satin',0.627450980392157,0.627450980392157,0.627450980392157);
#4154=COLOUR_RGB('ABS (White)',0.988235294117647,0.,0.);
#4155=COLOUR_RGB('ABS (White)',0.964705882352941,0.964705882352941,0.952941176470588);
ENDSEC;
END-ISO-10303-21;
