ISO-10303-21;
HEADER;
/* Generated by software containing ST-Developer
 * from STEP Tools, Inc. (www.steptools.com) 
 */

FILE_DESCRIPTION(
/* description */ (''),
/* implementation_level */ '2;1');

FILE_NAME(
/* name */ 'caseL1.step',
/* time_stamp */ '2026-09-24T04:56:19+05:00',
/* author */ (''),
/* organization */ (''),
/* preprocessor_version */ 'ST-DEVELOPER v20.2',
/* originating_system */ 'Autodesk Translation Framework v15.15.0.0',
/* authorisation */ '');

FILE_SCHEMA (('AUTOMOTIVE_DESIGN { 1 0 10303 214 3 1 1 }'));
ENDSEC;

DATA;
#10=MECHANICAL_DESIGN_GEOMETRIC_PRESENTATION_REPRESENTATION('',(#21,#22,
#23),#3216);
#11=ITEM_DEFINED_TRANSFORMATION($,$,#1946,#2106);
#12=(
REPRESENTATION_RELATIONSHIP($,$,#3227,#3226)
REPRESENTATION_RELATIONSHIP_WITH_TRANSFORMATION(#11)
SHAPE_REPRESENTATION_RELATIONSHIP()
);
#13=CONTEXT_DEPENDENT_SHAPE_REPRESENTATION(#12,#3225);
#14=NEXT_ASSEMBLY_USAGE_OCCURRENCE('Cover:1','Cover:1','Cover:1',#3229,
#3230,'Cover:1');
#15=B_SPLINE_CURVE_WITH_KNOTS('',3,(#3155,#3156,#3157,#3158,#3159),
 .UNSPECIFIED.,.F.,.F.,(4,1,4),(0.,0.249632596969604,0.998530507087708),
 .UNSPECIFIED.);
#16=B_SPLINE_CURVE_WITH_KNOTS('',3,(#3161,#3162,#3163,#3164,#3165),
 .UNSPECIFIED.,.F.,.F.,(4,1,4),(-0.998530507087708,-0.249632596969604,0.),
 .UNSPECIFIED.);
#17=SHAPE_REPRESENTATION_RELATIONSHIP('SRR','None',#3227,#19);
#18=SHAPE_REPRESENTATION_RELATIONSHIP('SRR','None',#3226,#20);
#19=ADVANCED_BREP_SHAPE_REPRESENTATION('',(#24),#3215);
#20=ADVANCED_BREP_SHAPE_REPRESENTATION('',(#25,#26),#3214);
#21=STYLED_ITEM('',(#3242),#24);
#22=STYLED_ITEM('',(#3241),#25);
#23=STYLED_ITEM('',(#3241),#26);
#24=MANIFOLD_SOLID_BREP('Cover',#1930);
#25=MANIFOLD_SOLID_BREP('1',#1931);
#26=MANIFOLD_SOLID_BREP('L (1)',#1932);
#27=CONICAL_SURFACE('',#2050,1.67873815390345,0.785398163397447);
#28=CONICAL_SURFACE('',#2053,1.67873815390345,0.785398163397448);
#29=CONICAL_SURFACE('',#2056,0.97,0.785398163397448);
#30=CONICAL_SURFACE('',#2059,0.970000000000001,0.785398163397447);
#31=CYLINDRICAL_SURFACE('',#1968,2.);
#32=CYLINDRICAL_SURFACE('',#1988,2.);
#33=CYLINDRICAL_SURFACE('',#2019,2.50000000000001);
#34=CYLINDRICAL_SURFACE('',#2038,2.5);
#35=CYLINDRICAL_SURFACE('',#2064,1.52873815390345);
#36=CYLINDRICAL_SURFACE('',#2066,1.52873815390345);
#37=CYLINDRICAL_SURFACE('',#2074,1.02999998793006);
#38=CYLINDRICAL_SURFACE('',#2077,1.02999998793006);
#39=CYLINDRICAL_SURFACE('',#2087,1.12);
#40=CYLINDRICAL_SURFACE('',#2088,1.12);
#41=FACE_BOUND('',#213,.T.);
#42=FACE_BOUND('',#214,.T.);
#43=FACE_BOUND('',#232,.T.);
#44=FACE_BOUND('',#288,.T.);
#45=CIRCLE('',#1955,2.);
#46=CIRCLE('',#1958,2.);
#47=CIRCLE('',#1959,2.5);
#48=CIRCLE('',#1960,2.50000000000001);
#49=CIRCLE('',#1961,2.);
#50=CIRCLE('',#1962,1.52873815390345);
#51=CIRCLE('',#1963,1.52873815390345);
#52=CIRCLE('',#1969,2.);
#53=CIRCLE('',#1970,2.);
#54=CIRCLE('',#1973,2.);
#55=CIRCLE('',#1974,2.);
#56=CIRCLE('',#1977,2.);
#57=CIRCLE('',#1986,2.50000000000001);
#58=CIRCLE('',#1989,2.);
#59=CIRCLE('',#1990,2.);
#60=CIRCLE('',#1992,2.);
#61=CIRCLE('',#1993,2.);
#62=CIRCLE('',#2000,2.50000000000001);
#63=CIRCLE('',#2001,2.5);
#64=CIRCLE('',#2002,1.82873815390345);
#65=CIRCLE('',#2003,1.82873815390345);
#66=CIRCLE('',#2004,0.820000000000001);
#67=CIRCLE('',#2005,0.82);
#68=CIRCLE('',#2007,2.5);
#69=CIRCLE('',#2018,2.50000000000001);
#70=CIRCLE('',#2020,2.50000000000001);
#71=CIRCLE('',#2021,2.50000000000001);
#72=CIRCLE('',#2025,2.5);
#73=CIRCLE('',#2027,2.5);
#74=CIRCLE('',#2037,2.5);
#75=CIRCLE('',#2051,1.52873815390345);
#76=CIRCLE('',#2054,1.52873815390345);
#77=CIRCLE('',#2057,1.12);
#78=CIRCLE('',#2060,1.12);
#79=CIRCLE('',#2070,1.02999998793006);
#80=CIRCLE('',#2071,1.02999998793006);
#81=CIRCLE('',#2075,1.02999998793006);
#82=CIRCLE('',#2078,1.02999998793006);
#83=CIRCLE('',#2082,1.12);
#84=CIRCLE('',#2083,1.12);
#85=ELLIPSE('',#1953,2.82842712474619,2.);
#86=ELLIPSE('',#1971,2.82842712474619,2.);
#87=ELLIPSE('',#1972,2.82842923209253,2.);
#88=ELLIPSE('',#1975,2.82840157373687,2.);
#89=ELLIPSE('',#1976,2.82842601839161,2.);
#90=ELLIPSE('',#1980,3.53550196717111,2.50000000000001);
#91=ELLIPSE('',#1991,2.82842923209253,2.);
#92=ELLIPSE('',#1994,2.82842601839161,2.);
#93=ELLIPSE('',#1995,2.82843691076872,2.);
#94=ELLIPSE('',#1997,3.53553252298951,2.5);
#95=ELLIPSE('',#2011,3.53553252298953,2.50000000000001);
#96=ELLIPSE('',#2014,3.5355461384609,2.5);
#97=ELLIPSE('',#2022,3.53554869259581,2.50000000000001);
#98=ELLIPSE('',#2023,3.53553390593274,2.50000000000001);
#99=ELLIPSE('',#2031,3.5355486925958,2.5);
#100=ELLIPSE('',#2033,3.53553390593273,2.5);
#101=FACE_OUTER_BOUND('',#204,.T.);
#102=FACE_OUTER_BOUND('',#205,.T.);
#103=FACE_OUTER_BOUND('',#206,.T.);
#104=FACE_OUTER_BOUND('',#207,.T.);
#105=FACE_OUTER_BOUND('',#208,.T.);
#106=FACE_OUTER_BOUND('',#209,.T.);
#107=FACE_OUTER_BOUND('',#210,.T.);
#108=FACE_OUTER_BOUND('',#211,.T.);
#109=FACE_OUTER_BOUND('',#212,.T.);
#110=FACE_OUTER_BOUND('',#215,.T.);
#111=FACE_OUTER_BOUND('',#216,.T.);
#112=FACE_OUTER_BOUND('',#217,.T.);
#113=FACE_OUTER_BOUND('',#218,.T.);
#114=FACE_OUTER_BOUND('',#219,.T.);
#115=FACE_OUTER_BOUND('',#220,.T.);
#116=FACE_OUTER_BOUND('',#221,.T.);
#117=FACE_OUTER_BOUND('',#222,.T.);
#118=FACE_OUTER_BOUND('',#223,.T.);
#119=FACE_OUTER_BOUND('',#224,.T.);
#120=FACE_OUTER_BOUND('',#225,.T.);
#121=FACE_OUTER_BOUND('',#226,.T.);
#122=FACE_OUTER_BOUND('',#227,.T.);
#123=FACE_OUTER_BOUND('',#228,.T.);
#124=FACE_OUTER_BOUND('',#229,.T.);
#125=FACE_OUTER_BOUND('',#230,.T.);
#126=FACE_OUTER_BOUND('',#231,.T.);
#127=FACE_OUTER_BOUND('',#233,.T.);
#128=FACE_OUTER_BOUND('',#234,.T.);
#129=FACE_OUTER_BOUND('',#235,.T.);
#130=FACE_OUTER_BOUND('',#236,.T.);
#131=FACE_OUTER_BOUND('',#237,.T.);
#132=FACE_OUTER_BOUND('',#238,.T.);
#133=FACE_OUTER_BOUND('',#239,.T.);
#134=FACE_OUTER_BOUND('',#240,.T.);
#135=FACE_OUTER_BOUND('',#241,.T.);
#136=FACE_OUTER_BOUND('',#242,.T.);
#137=FACE_OUTER_BOUND('',#243,.T.);
#138=FACE_OUTER_BOUND('',#244,.T.);
#139=FACE_OUTER_BOUND('',#245,.T.);
#140=FACE_OUTER_BOUND('',#246,.T.);
#141=FACE_OUTER_BOUND('',#247,.T.);
#142=FACE_OUTER_BOUND('',#248,.T.);
#143=FACE_OUTER_BOUND('',#249,.T.);
#144=FACE_OUTER_BOUND('',#250,.T.);
#145=FACE_OUTER_BOUND('',#251,.T.);
#146=FACE_OUTER_BOUND('',#252,.T.);
#147=FACE_OUTER_BOUND('',#253,.T.);
#148=FACE_OUTER_BOUND('',#254,.T.);
#149=FACE_OUTER_BOUND('',#255,.T.);
#150=FACE_OUTER_BOUND('',#256,.T.);
#151=FACE_OUTER_BOUND('',#257,.T.);
#152=FACE_OUTER_BOUND('',#258,.T.);
#153=FACE_OUTER_BOUND('',#259,.T.);
#154=FACE_OUTER_BOUND('',#260,.T.);
#155=FACE_OUTER_BOUND('',#261,.T.);
#156=FACE_OUTER_BOUND('',#262,.T.);
#157=FACE_OUTER_BOUND('',#263,.T.);
#158=FACE_OUTER_BOUND('',#264,.T.);
#159=FACE_OUTER_BOUND('',#265,.T.);
#160=FACE_OUTER_BOUND('',#266,.T.);
#161=FACE_OUTER_BOUND('',#267,.T.);
#162=FACE_OUTER_BOUND('',#268,.T.);
#163=FACE_OUTER_BOUND('',#269,.T.);
#164=FACE_OUTER_BOUND('',#270,.T.);
#165=FACE_OUTER_BOUND('',#271,.T.);
#166=FACE_OUTER_BOUND('',#272,.T.);
#167=FACE_OUTER_BOUND('',#273,.T.);
#168=FACE_OUTER_BOUND('',#274,.T.);
#169=FACE_OUTER_BOUND('',#275,.T.);
#170=FACE_OUTER_BOUND('',#276,.T.);
#171=FACE_OUTER_BOUND('',#277,.T.);
#172=FACE_OUTER_BOUND('',#278,.T.);
#173=FACE_OUTER_BOUND('',#279,.T.);
#174=FACE_OUTER_BOUND('',#280,.T.);
#175=FACE_OUTER_BOUND('',#281,.T.);
#176=FACE_OUTER_BOUND('',#282,.T.);
#177=FACE_OUTER_BOUND('',#283,.T.);
#178=FACE_OUTER_BOUND('',#284,.T.);
#179=FACE_OUTER_BOUND('',#285,.T.);
#180=FACE_OUTER_BOUND('',#286,.T.);
#181=FACE_OUTER_BOUND('',#287,.T.);
#182=FACE_OUTER_BOUND('',#289,.T.);
#183=FACE_OUTER_BOUND('',#290,.T.);
#184=FACE_OUTER_BOUND('',#291,.T.);
#185=FACE_OUTER_BOUND('',#292,.T.);
#186=FACE_OUTER_BOUND('',#293,.T.);
#187=FACE_OUTER_BOUND('',#294,.T.);
#188=FACE_OUTER_BOUND('',#295,.T.);
#189=FACE_OUTER_BOUND('',#296,.T.);
#190=FACE_OUTER_BOUND('',#297,.T.);
#191=FACE_OUTER_BOUND('',#298,.T.);
#192=FACE_OUTER_BOUND('',#299,.T.);
#193=FACE_OUTER_BOUND('',#300,.T.);
#194=FACE_OUTER_BOUND('',#301,.T.);
#195=FACE_OUTER_BOUND('',#302,.T.);
#196=FACE_OUTER_BOUND('',#303,.T.);
#197=FACE_OUTER_BOUND('',#304,.T.);
#198=FACE_OUTER_BOUND('',#305,.T.);
#199=FACE_OUTER_BOUND('',#306,.T.);
#200=FACE_OUTER_BOUND('',#307,.T.);
#201=FACE_OUTER_BOUND('',#308,.T.);
#202=FACE_OUTER_BOUND('',#309,.T.);
#203=FACE_OUTER_BOUND('',#310,.T.);
#204=EDGE_LOOP('',(#1192,#1193,#1194,#1195,#1196,#1197));
#205=EDGE_LOOP('',(#1198,#1199,#1200,#1201));
#206=EDGE_LOOP('',(#1202,#1203,#1204,#1205));
#207=EDGE_LOOP('',(#1206,#1207,#1208,#1209));
#208=EDGE_LOOP('',(#1210,#1211,#1212,#1213,#1214,#1215));
#209=EDGE_LOOP('',(#1216,#1217,#1218,#1219));
#210=EDGE_LOOP('',(#1220,#1221,#1222,#1223));
#211=EDGE_LOOP('',(#1224,#1225,#1226,#1227,#1228,#1229,#1230,#1231,#1232,
#1233,#1234,#1235,#1236,#1237,#1238,#1239));
#212=EDGE_LOOP('',(#1240,#1241,#1242,#1243,#1244,#1245,#1246,#1247,#1248,
#1249,#1250,#1251));
#213=EDGE_LOOP('',(#1252,#1253,#1254,#1255,#1256,#1257));
#214=EDGE_LOOP('',(#1258,#1259,#1260,#1261,#1262,#1263));
#215=EDGE_LOOP('',(#1264,#1265,#1266,#1267));
#216=EDGE_LOOP('',(#1268,#1269,#1270,#1271));
#217=EDGE_LOOP('',(#1272,#1273,#1274,#1275));
#218=EDGE_LOOP('',(#1276,#1277,#1278,#1279));
#219=EDGE_LOOP('',(#1280,#1281,#1282,#1283,#1284,#1285,#1286,#1287,#1288,
#1289,#1290,#1291,#1292,#1293,#1294,#1295));
#220=EDGE_LOOP('',(#1296,#1297,#1298,#1299));
#221=EDGE_LOOP('',(#1300,#1301,#1302,#1303));
#222=EDGE_LOOP('',(#1304,#1305,#1306,#1307));
#223=EDGE_LOOP('',(#1308,#1309,#1310,#1311));
#224=EDGE_LOOP('',(#1312,#1313,#1314,#1315));
#225=EDGE_LOOP('',(#1316,#1317,#1318,#1319));
#226=EDGE_LOOP('',(#1320,#1321,#1322,#1323));
#227=EDGE_LOOP('',(#1324,#1325,#1326,#1327));
#228=EDGE_LOOP('',(#1328,#1329,#1330,#1331,#1332,#1333,#1334,#1335,#1336,
#1337,#1338,#1339,#1340,#1341,#1342,#1343));
#229=EDGE_LOOP('',(#1344,#1345,#1346,#1347));
#230=EDGE_LOOP('',(#1348,#1349,#1350,#1351));
#231=EDGE_LOOP('',(#1352,#1353,#1354,#1355,#1356,#1357,#1358,#1359));
#232=EDGE_LOOP('',(#1360,#1361,#1362,#1363,#1364,#1365,#1366,#1367,#1368,
#1369,#1370,#1371));
#233=EDGE_LOOP('',(#1372,#1373,#1374,#1375));
#234=EDGE_LOOP('',(#1376,#1377,#1378,#1379));
#235=EDGE_LOOP('',(#1380,#1381,#1382,#1383));
#236=EDGE_LOOP('',(#1384,#1385,#1386,#1387));
#237=EDGE_LOOP('',(#1388,#1389,#1390,#1391));
#238=EDGE_LOOP('',(#1392,#1393,#1394,#1395));
#239=EDGE_LOOP('',(#1396,#1397,#1398,#1399));
#240=EDGE_LOOP('',(#1400,#1401,#1402,#1403));
#241=EDGE_LOOP('',(#1404,#1405,#1406,#1407));
#242=EDGE_LOOP('',(#1408,#1409,#1410,#1411,#1412,#1413,#1414,#1415,#1416,
#1417,#1418,#1419,#1420,#1421,#1422,#1423));
#243=EDGE_LOOP('',(#1424,#1425,#1426,#1427));
#244=EDGE_LOOP('',(#1428,#1429,#1430,#1431));
#245=EDGE_LOOP('',(#1432,#1433,#1434,#1435));
#246=EDGE_LOOP('',(#1436,#1437,#1438,#1439));
#247=EDGE_LOOP('',(#1440,#1441,#1442,#1443));
#248=EDGE_LOOP('',(#1444,#1445,#1446,#1447));
#249=EDGE_LOOP('',(#1448,#1449,#1450,#1451));
#250=EDGE_LOOP('',(#1452,#1453,#1454,#1455));
#251=EDGE_LOOP('',(#1456,#1457,#1458,#1459));
#252=EDGE_LOOP('',(#1460,#1461,#1462,#1463,#1464,#1465,#1466,#1467,#1468,
#1469,#1470,#1471,#1472,#1473,#1474,#1475));
#253=EDGE_LOOP('',(#1476,#1477,#1478,#1479));
#254=EDGE_LOOP('',(#1480,#1481,#1482,#1483));
#255=EDGE_LOOP('',(#1484,#1485,#1486,#1487,#1488));
#256=EDGE_LOOP('',(#1489,#1490,#1491,#1492));
#257=EDGE_LOOP('',(#1493,#1494,#1495,#1496,#1497));
#258=EDGE_LOOP('',(#1498,#1499,#1500,#1501,#1502,#1503));
#259=EDGE_LOOP('',(#1504,#1505,#1506,#1507));
#260=EDGE_LOOP('',(#1508,#1509,#1510,#1511,#1512,#1513,#1514,#1515));
#261=EDGE_LOOP('',(#1516,#1517,#1518,#1519));
#262=EDGE_LOOP('',(#1520,#1521,#1522,#1523));
#263=EDGE_LOOP('',(#1524,#1525,#1526,#1527));
#264=EDGE_LOOP('',(#1528,#1529,#1530,#1531));
#265=EDGE_LOOP('',(#1532,#1533,#1534,#1535));
#266=EDGE_LOOP('',(#1536,#1537,#1538,#1539));
#267=EDGE_LOOP('',(#1540,#1541,#1542,#1543));
#268=EDGE_LOOP('',(#1544,#1545,#1546,#1547));
#269=EDGE_LOOP('',(#1548,#1549,#1550,#1551));
#270=EDGE_LOOP('',(#1552,#1553,#1554,#1555));
#271=EDGE_LOOP('',(#1556,#1557,#1558,#1559));
#272=EDGE_LOOP('',(#1560,#1561,#1562,#1563));
#273=EDGE_LOOP('',(#1564,#1565,#1566,#1567));
#274=EDGE_LOOP('',(#1568,#1569,#1570,#1571));
#275=EDGE_LOOP('',(#1572,#1573,#1574,#1575));
#276=EDGE_LOOP('',(#1576,#1577,#1578,#1579));
#277=EDGE_LOOP('',(#1580,#1581,#1582,#1583));
#278=EDGE_LOOP('',(#1584,#1585,#1586,#1587));
#279=EDGE_LOOP('',(#1588,#1589,#1590,#1591));
#280=EDGE_LOOP('',(#1592,#1593,#1594,#1595,#1596,#1597,#1598,#1599,#1600,
#1601));
#281=EDGE_LOOP('',(#1602,#1603,#1604,#1605,#1606,#1607,#1608,#1609,#1610,
#1611));
#282=EDGE_LOOP('',(#1612,#1613,#1614,#1615));
#283=EDGE_LOOP('',(#1616,#1617,#1618,#1619));
#284=EDGE_LOOP('',(#1620,#1621,#1622,#1623));
#285=EDGE_LOOP('',(#1624,#1625,#1626,#1627));
#286=EDGE_LOOP('',(#1628,#1629,#1630,#1631));
#287=EDGE_LOOP('',(#1632,#1633,#1634,#1635,#1636,#1637));
#288=EDGE_LOOP('',(#1638,#1639,#1640,#1641));
#289=EDGE_LOOP('',(#1642,#1643,#1644,#1645));
#290=EDGE_LOOP('',(#1646,#1647,#1648,#1649));
#291=EDGE_LOOP('',(#1650,#1651,#1652,#1653));
#292=EDGE_LOOP('',(#1654,#1655,#1656,#1657));
#293=EDGE_LOOP('',(#1658,#1659,#1660,#1661));
#294=EDGE_LOOP('',(#1662,#1663,#1664,#1665));
#295=EDGE_LOOP('',(#1666,#1667,#1668,#1669));
#296=EDGE_LOOP('',(#1670,#1671,#1672,#1673));
#297=EDGE_LOOP('',(#1674,#1675,#1676,#1677));
#298=EDGE_LOOP('',(#1678,#1679,#1680,#1681));
#299=EDGE_LOOP('',(#1682,#1683,#1684,#1685));
#300=EDGE_LOOP('',(#1686,#1687,#1688,#1689));
#301=EDGE_LOOP('',(#1690,#1691,#1692,#1693,#1694,#1695));
#302=EDGE_LOOP('',(#1696,#1697,#1698,#1699,#1700,#1701));
#303=EDGE_LOOP('',(#1702,#1703,#1704,#1705));
#304=EDGE_LOOP('',(#1706,#1707,#1708,#1709));
#305=EDGE_LOOP('',(#1710,#1711,#1712,#1713));
#306=EDGE_LOOP('',(#1714,#1715,#1716,#1717));
#307=EDGE_LOOP('',(#1718,#1719,#1720,#1721));
#308=EDGE_LOOP('',(#1722,#1723,#1724,#1725));
#309=EDGE_LOOP('',(#1726,#1727,#1728,#1729,#1730,#1731));
#310=EDGE_LOOP('',(#1732,#1733,#1734,#1735,#1736,#1737));
#311=LINE('',#2651,#526);
#312=LINE('',#2653,#527);
#313=LINE('',#2655,#528);
#314=LINE('',#2657,#529);
#315=LINE('',#2659,#530);
#316=LINE('',#2660,#531);
#317=LINE('',#2663,#532);
#318=LINE('',#2665,#533);
#319=LINE('',#2666,#534);
#320=LINE('',#2669,#535);
#321=LINE('',#2670,#536);
#322=LINE('',#2673,#537);
#323=LINE('',#2674,#538);
#324=LINE('',#2678,#539);
#325=LINE('',#2680,#540);
#326=LINE('',#2682,#541);
#327=LINE('',#2684,#542);
#328=LINE('',#2686,#543);
#329=LINE('',#2687,#544);
#330=LINE('',#2690,#545);
#331=LINE('',#2693,#546);
#332=LINE('',#2696,#547);
#333=LINE('',#2700,#548);
#334=LINE('',#2702,#549);
#335=LINE('',#2704,#550);
#336=LINE('',#2706,#551);
#337=LINE('',#2708,#552);
#338=LINE('',#2710,#553);
#339=LINE('',#2712,#554);
#340=LINE('',#2713,#555);
#341=LINE('',#2715,#556);
#342=LINE('',#2717,#557);
#343=LINE('',#2719,#558);
#344=LINE('',#2720,#559);
#345=LINE('',#2725,#560);
#346=LINE('',#2729,#561);
#347=LINE('',#2733,#562);
#348=LINE('',#2737,#563);
#349=LINE('',#2739,#564);
#350=LINE('',#2741,#565);
#351=LINE('',#2742,#566);
#352=LINE('',#2745,#567);
#353=LINE('',#2747,#568);
#354=LINE('',#2749,#569);
#355=LINE('',#2751,#570);
#356=LINE('',#2753,#571);
#357=LINE('',#2754,#572);
#358=LINE('',#2757,#573);
#359=LINE('',#2761,#574);
#360=LINE('',#2763,#575);
#361=LINE('',#2765,#576);
#362=LINE('',#2769,#577);
#363=LINE('',#2770,#578);
#364=LINE('',#2772,#579);
#365=LINE('',#2776,#580);
#366=LINE('',#2778,#581);
#367=LINE('',#2780,#582);
#368=LINE('',#2781,#583);
#369=LINE('',#2783,#584);
#370=LINE('',#2784,#585);
#371=LINE('',#2793,#586);
#372=LINE('',#2798,#587);
#373=LINE('',#2800,#588);
#374=LINE('',#2806,#589);
#375=LINE('',#2811,#590);
#376=LINE('',#2814,#591);
#377=LINE('',#2816,#592);
#378=LINE('',#2817,#593);
#379=LINE('',#2820,#594);
#380=LINE('',#2824,#595);
#381=LINE('',#2825,#596);
#382=LINE('',#2828,#597);
#383=LINE('',#2829,#598);
#384=LINE('',#2832,#599);
#385=LINE('',#2833,#600);
#386=LINE('',#2836,#601);
#387=LINE('',#2837,#602);
#388=LINE('',#2842,#603);
#389=LINE('',#2843,#604);
#390=LINE('',#2848,#605);
#391=LINE('',#2853,#606);
#392=LINE('',#2857,#607);
#393=LINE('',#2863,#608);
#394=LINE('',#2867,#609);
#395=LINE('',#2870,#610);
#396=LINE('',#2873,#611);
#397=LINE('',#2875,#612);
#398=LINE('',#2876,#613);
#399=LINE('',#2879,#614);
#400=LINE('',#2883,#615);
#401=LINE('',#2889,#616);
#402=LINE('',#2893,#617);
#403=LINE('',#2895,#618);
#404=LINE('',#2897,#619);
#405=LINE('',#2901,#620);
#406=LINE('',#2905,#621);
#407=LINE('',#2907,#622);
#408=LINE('',#2908,#623);
#409=LINE('',#2912,#624);
#410=LINE('',#2914,#625);
#411=LINE('',#2918,#626);
#412=LINE('',#2921,#627);
#413=LINE('',#2922,#628);
#414=LINE('',#2926,#629);
#415=LINE('',#2929,#630);
#416=LINE('',#2930,#631);
#417=LINE('',#2932,#632);
#418=LINE('',#2936,#633);
#419=LINE('',#2941,#634);
#420=LINE('',#2942,#635);
#421=LINE('',#2944,#636);
#422=LINE('',#2950,#637);
#423=LINE('',#2954,#638);
#424=LINE('',#2957,#639);
#425=LINE('',#2960,#640);
#426=LINE('',#2963,#641);
#427=LINE('',#2967,#642);
#428=LINE('',#2969,#643);
#429=LINE('',#2970,#644);
#430=LINE('',#2978,#645);
#431=LINE('',#2979,#646);
#432=LINE('',#2983,#647);
#433=LINE('',#2984,#648);
#434=LINE('',#2989,#649);
#435=LINE('',#2990,#650);
#436=LINE('',#2993,#651);
#437=LINE('',#2994,#652);
#438=LINE('',#2997,#653);
#439=LINE('',#2998,#654);
#440=LINE('',#3001,#655);
#441=LINE('',#3002,#656);
#442=LINE('',#3005,#657);
#443=LINE('',#3007,#658);
#444=LINE('',#3008,#659);
#445=LINE('',#3011,#660);
#446=LINE('',#3013,#661);
#447=LINE('',#3015,#662);
#448=LINE('',#3017,#663);
#449=LINE('',#3018,#664);
#450=LINE('',#3019,#665);
#451=LINE('',#3022,#666);
#452=LINE('',#3023,#667);
#453=LINE('',#3024,#668);
#454=LINE('',#3026,#669);
#455=LINE('',#3029,#670);
#456=LINE('',#3030,#671);
#457=LINE('',#3033,#672);
#458=LINE('',#3037,#673);
#459=LINE('',#3038,#674);
#460=LINE('',#3041,#675);
#461=LINE('',#3044,#676);
#462=LINE('',#3047,#677);
#463=LINE('',#3051,#678);
#464=LINE('',#3052,#679);
#465=LINE('',#3055,#680);
#466=LINE('',#3058,#681);
#467=LINE('',#3060,#682);
#468=LINE('',#3062,#683);
#469=LINE('',#3063,#684);
#470=LINE('',#3066,#685);
#471=LINE('',#3069,#686);
#472=LINE('',#3076,#687);
#473=LINE('',#3079,#688);
#474=LINE('',#3082,#689);
#475=LINE('',#3083,#690);
#476=LINE('',#3086,#691);
#477=LINE('',#3087,#692);
#478=LINE('',#3092,#693);
#479=LINE('',#3093,#694);
#480=LINE('',#3096,#695);
#481=LINE('',#3097,#696);
#482=LINE('',#3101,#697);
#483=LINE('',#3103,#698);
#484=LINE('',#3106,#699);
#485=LINE('',#3107,#700);
#486=LINE('',#3110,#701);
#487=LINE('',#3114,#702);
#488=LINE('',#3117,#703);
#489=LINE('',#3119,#704);
#490=LINE('',#3122,#705);
#491=LINE('',#3124,#706);
#492=LINE('',#3129,#707);
#493=LINE('',#3131,#708);
#494=LINE('',#3133,#709);
#495=LINE('',#3134,#710);
#496=LINE('',#3137,#711);
#497=LINE('',#3139,#712);
#498=LINE('',#3140,#713);
#499=LINE('',#3143,#714);
#500=LINE('',#3145,#715);
#501=LINE('',#3146,#716);
#502=LINE('',#3149,#717);
#503=LINE('',#3151,#718);
#504=LINE('',#3152,#719);
#505=LINE('',#3166,#720);
#506=LINE('',#3168,#721);
#507=LINE('',#3169,#722);
#508=LINE('',#3175,#723);
#509=LINE('',#3177,#724);
#510=LINE('',#3179,#725);
#511=LINE('',#3180,#726);
#512=LINE('',#3183,#727);
#513=LINE('',#3185,#728);
#514=LINE('',#3186,#729);
#515=LINE('',#3189,#730);
#516=LINE('',#3191,#731);
#517=LINE('',#3192,#732);
#518=LINE('',#3195,#733);
#519=LINE('',#3197,#734);
#520=LINE('',#3198,#735);
#521=LINE('',#3201,#736);
#522=LINE('',#3203,#737);
#523=LINE('',#3204,#738);
#524=LINE('',#3206,#739);
#525=LINE('',#3207,#740);
#526=VECTOR('',#2113,10.);
#527=VECTOR('',#2114,10.);
#528=VECTOR('',#2115,10.);
#529=VECTOR('',#2116,10.);
#530=VECTOR('',#2117,10.);
#531=VECTOR('',#2118,10.);
#532=VECTOR('',#2121,10.);
#533=VECTOR('',#2122,10.);
#534=VECTOR('',#2123,10.);
#535=VECTOR('',#2126,10.);
#536=VECTOR('',#2127,10.);
#537=VECTOR('',#2130,10.);
#538=VECTOR('',#2131,10.);
#539=VECTOR('',#2134,10.);
#540=VECTOR('',#2135,10.);
#541=VECTOR('',#2136,10.);
#542=VECTOR('',#2137,10.);
#543=VECTOR('',#2138,10.);
#544=VECTOR('',#2139,10.);
#545=VECTOR('',#2142,10.);
#546=VECTOR('',#2145,10.);
#547=VECTOR('',#2148,10.);
#548=VECTOR('',#2153,10.);
#549=VECTOR('',#2154,10.);
#550=VECTOR('',#2155,10.);
#551=VECTOR('',#2156,10.);
#552=VECTOR('',#2157,10.);
#553=VECTOR('',#2158,10.);
#554=VECTOR('',#2159,10.);
#555=VECTOR('',#2160,10.);
#556=VECTOR('',#2161,10.);
#557=VECTOR('',#2162,10.);
#558=VECTOR('',#2163,10.);
#559=VECTOR('',#2164,10.);
#560=VECTOR('',#2169,10.);
#561=VECTOR('',#2172,10.);
#562=VECTOR('',#2175,10.);
#563=VECTOR('',#2178,10.);
#564=VECTOR('',#2179,10.);
#565=VECTOR('',#2180,10.);
#566=VECTOR('',#2181,10.);
#567=VECTOR('',#2182,10.);
#568=VECTOR('',#2183,10.);
#569=VECTOR('',#2184,10.);
#570=VECTOR('',#2185,10.);
#571=VECTOR('',#2186,10.);
#572=VECTOR('',#2187,10.);
#573=VECTOR('',#2188,10.);
#574=VECTOR('',#2191,10.);
#575=VECTOR('',#2192,10.);
#576=VECTOR('',#2193,10.);
#577=VECTOR('',#2198,10.);
#578=VECTOR('',#2199,10.);
#579=VECTOR('',#2202,10.);
#580=VECTOR('',#2205,10.);
#581=VECTOR('',#2206,10.);
#582=VECTOR('',#2207,10.);
#583=VECTOR('',#2208,10.);
#584=VECTOR('',#2211,10.);
#585=VECTOR('',#2212,10.);
#586=VECTOR('',#2221,10.);
#587=VECTOR('',#2226,10.);
#588=VECTOR('',#2227,10.);
#589=VECTOR('',#2232,10.);
#590=VECTOR('',#2237,10.);
#591=VECTOR('',#2240,10.);
#592=VECTOR('',#2241,10.);
#593=VECTOR('',#2242,10.);
#594=VECTOR('',#2245,10.);
#595=VECTOR('',#2250,10.);
#596=VECTOR('',#2251,10.);
#597=VECTOR('',#2254,10.);
#598=VECTOR('',#2255,10.);
#599=VECTOR('',#2258,10.);
#600=VECTOR('',#2259,10.);
#601=VECTOR('',#2262,10.);
#602=VECTOR('',#2263,10.);
#603=VECTOR('',#2270,10.);
#604=VECTOR('',#2271,10.);
#605=VECTOR('',#2276,10.);
#606=VECTOR('',#2281,10.);
#607=VECTOR('',#2284,10.);
#608=VECTOR('',#2289,10.);
#609=VECTOR('',#2294,10.);
#610=VECTOR('',#2297,10.);
#611=VECTOR('',#2300,10.);
#612=VECTOR('',#2301,10.);
#613=VECTOR('',#2302,10.);
#614=VECTOR('',#2305,10.);
#615=VECTOR('',#2308,10.);
#616=VECTOR('',#2313,10.);
#617=VECTOR('',#2316,10.);
#618=VECTOR('',#2317,10.);
#619=VECTOR('',#2318,10.);
#620=VECTOR('',#2321,10.);
#621=VECTOR('',#2324,10.);
#622=VECTOR('',#2325,10.);
#623=VECTOR('',#2326,10.);
#624=VECTOR('',#2333,10.);
#625=VECTOR('',#2336,10.);
#626=VECTOR('',#2341,10.);
#627=VECTOR('',#2344,10.);
#628=VECTOR('',#2345,10.);
#629=VECTOR('',#2350,10.);
#630=VECTOR('',#2353,10.);
#631=VECTOR('',#2354,10.);
#632=VECTOR('',#2357,10.);
#633=VECTOR('',#2362,10.);
#634=VECTOR('',#2367,10.);
#635=VECTOR('',#2368,10.);
#636=VECTOR('',#2369,10.);
#637=VECTOR('',#2374,10.);
#638=VECTOR('',#2379,10.);
#639=VECTOR('',#2382,10.);
#640=VECTOR('',#2385,10.);
#641=VECTOR('',#2388,10.);
#642=VECTOR('',#2393,10.);
#643=VECTOR('',#2394,10.);
#644=VECTOR('',#2395,10.);
#645=VECTOR('',#2408,10.);
#646=VECTOR('',#2409,10.);
#647=VECTOR('',#2416,10.);
#648=VECTOR('',#2417,10.);
#649=VECTOR('',#2424,10.);
#650=VECTOR('',#2425,10.);
#651=VECTOR('',#2428,10.);
#652=VECTOR('',#2429,10.);
#653=VECTOR('',#2432,10.);
#654=VECTOR('',#2433,10.);
#655=VECTOR('',#2436,10.);
#656=VECTOR('',#2437,10.);
#657=VECTOR('',#2440,10.);
#658=VECTOR('',#2441,10.);
#659=VECTOR('',#2442,10.);
#660=VECTOR('',#2445,10.);
#661=VECTOR('',#2446,10.);
#662=VECTOR('',#2447,10.);
#663=VECTOR('',#2448,10.);
#664=VECTOR('',#2449,10.);
#665=VECTOR('',#2450,10.);
#666=VECTOR('',#2453,10.);
#667=VECTOR('',#2454,10.);
#668=VECTOR('',#2455,10.);
#669=VECTOR('',#2458,10.);
#670=VECTOR('',#2461,10.);
#671=VECTOR('',#2462,10.);
#672=VECTOR('',#2465,10.);
#673=VECTOR('',#2470,10.);
#674=VECTOR('',#2471,10.);
#675=VECTOR('',#2474,10.);
#676=VECTOR('',#2479,10.);
#677=VECTOR('',#2482,10.);
#678=VECTOR('',#2487,10.);
#679=VECTOR('',#2488,10.);
#680=VECTOR('',#2491,10.);
#681=VECTOR('',#2496,10.);
#682=VECTOR('',#2499,10.);
#683=VECTOR('',#2502,10.);
#684=VECTOR('',#2503,10.);
#685=VECTOR('',#2508,10.);
#686=VECTOR('',#2513,10.);
#687=VECTOR('',#2520,10.);
#688=VECTOR('',#2523,10.);
#689=VECTOR('',#2526,10.);
#690=VECTOR('',#2527,10.);
#691=VECTOR('',#2530,10.);
#692=VECTOR('',#2531,10.);
#693=VECTOR('',#2536,10.);
#694=VECTOR('',#2537,10.);
#695=VECTOR('',#2540,10.);
#696=VECTOR('',#2541,10.);
#697=VECTOR('',#2546,10.);
#698=VECTOR('',#2549,10.);
#699=VECTOR('',#2552,10.);
#700=VECTOR('',#2553,10.);
#701=VECTOR('',#2556,10.);
#702=VECTOR('',#2559,10.);
#703=VECTOR('',#2564,10.);
#704=VECTOR('',#2567,10.);
#705=VECTOR('',#2572,10.);
#706=VECTOR('',#2575,10.);
#707=VECTOR('',#2580,10.);
#708=VECTOR('',#2581,10.);
#709=VECTOR('',#2582,10.);
#710=VECTOR('',#2583,10.);
#711=VECTOR('',#2586,10.);
#712=VECTOR('',#2587,10.);
#713=VECTOR('',#2588,10.);
#714=VECTOR('',#2591,10.);
#715=VECTOR('',#2592,10.);
#716=VECTOR('',#2593,10.);
#717=VECTOR('',#2596,10.);
#718=VECTOR('',#2597,10.);
#719=VECTOR('',#2598,10.);
#720=VECTOR('',#2601,10.);
#721=VECTOR('',#2604,10.);
#722=VECTOR('',#2605,10.);
#723=VECTOR('',#2612,10.);
#724=VECTOR('',#2613,10.);
#725=VECTOR('',#2614,10.);
#726=VECTOR('',#2615,10.);
#727=VECTOR('',#2618,10.);
#728=VECTOR('',#2619,10.);
#729=VECTOR('',#2620,10.);
#730=VECTOR('',#2623,10.);
#731=VECTOR('',#2624,10.);
#732=VECTOR('',#2625,10.);
#733=VECTOR('',#2628,10.);
#734=VECTOR('',#2629,10.);
#735=VECTOR('',#2630,10.);
#736=VECTOR('',#2633,10.);
#737=VECTOR('',#2634,10.);
#738=VECTOR('',#2635,10.);
#739=VECTOR('',#2638,10.);
#740=VECTOR('',#2639,10.);
#741=VERTEX_POINT('',#2649);
#742=VERTEX_POINT('',#2650);
#743=VERTEX_POINT('',#2652);
#744=VERTEX_POINT('',#2654);
#745=VERTEX_POINT('',#2656);
#746=VERTEX_POINT('',#2658);
#747=VERTEX_POINT('',#2662);
#748=VERTEX_POINT('',#2664);
#749=VERTEX_POINT('',#2668);
#750=VERTEX_POINT('',#2672);
#751=VERTEX_POINT('',#2676);
#752=VERTEX_POINT('',#2677);
#753=VERTEX_POINT('',#2679);
#754=VERTEX_POINT('',#2681);
#755=VERTEX_POINT('',#2683);
#756=VERTEX_POINT('',#2685);
#757=VERTEX_POINT('',#2689);
#758=VERTEX_POINT('',#2691);
#759=VERTEX_POINT('',#2695);
#760=VERTEX_POINT('',#2699);
#761=VERTEX_POINT('',#2701);
#762=VERTEX_POINT('',#2703);
#763=VERTEX_POINT('',#2705);
#764=VERTEX_POINT('',#2707);
#765=VERTEX_POINT('',#2709);
#766=VERTEX_POINT('',#2711);
#767=VERTEX_POINT('',#2714);
#768=VERTEX_POINT('',#2716);
#769=VERTEX_POINT('',#2718);
#770=VERTEX_POINT('',#2722);
#771=VERTEX_POINT('',#2724);
#772=VERTEX_POINT('',#2726);
#773=VERTEX_POINT('',#2728);
#774=VERTEX_POINT('',#2730);
#775=VERTEX_POINT('',#2732);
#776=VERTEX_POINT('',#2734);
#777=VERTEX_POINT('',#2736);
#778=VERTEX_POINT('',#2738);
#779=VERTEX_POINT('',#2740);
#780=VERTEX_POINT('',#2743);
#781=VERTEX_POINT('',#2744);
#782=VERTEX_POINT('',#2746);
#783=VERTEX_POINT('',#2748);
#784=VERTEX_POINT('',#2750);
#785=VERTEX_POINT('',#2752);
#786=VERTEX_POINT('',#2755);
#787=VERTEX_POINT('',#2756);
#788=VERTEX_POINT('',#2758);
#789=VERTEX_POINT('',#2760);
#790=VERTEX_POINT('',#2762);
#791=VERTEX_POINT('',#2764);
#792=VERTEX_POINT('',#2768);
#793=VERTEX_POINT('',#2774);
#794=VERTEX_POINT('',#2775);
#795=VERTEX_POINT('',#2777);
#796=VERTEX_POINT('',#2779);
#797=VERTEX_POINT('',#2786);
#798=VERTEX_POINT('',#2788);
#799=VERTEX_POINT('',#2790);
#800=VERTEX_POINT('',#2792);
#801=VERTEX_POINT('',#2794);
#802=VERTEX_POINT('',#2796);
#803=VERTEX_POINT('',#2799);
#804=VERTEX_POINT('',#2801);
#805=VERTEX_POINT('',#2803);
#806=VERTEX_POINT('',#2805);
#807=VERTEX_POINT('',#2807);
#808=VERTEX_POINT('',#2809);
#809=VERTEX_POINT('',#2813);
#810=VERTEX_POINT('',#2815);
#811=VERTEX_POINT('',#2819);
#812=VERTEX_POINT('',#2823);
#813=VERTEX_POINT('',#2827);
#814=VERTEX_POINT('',#2831);
#815=VERTEX_POINT('',#2835);
#816=VERTEX_POINT('',#2841);
#817=VERTEX_POINT('',#2845);
#818=VERTEX_POINT('',#2846);
#819=VERTEX_POINT('',#2849);
#820=VERTEX_POINT('',#2851);
#821=VERTEX_POINT('',#2854);
#822=VERTEX_POINT('',#2856);
#823=VERTEX_POINT('',#2858);
#824=VERTEX_POINT('',#2860);
#825=VERTEX_POINT('',#2862);
#826=VERTEX_POINT('',#2866);
#827=VERTEX_POINT('',#2868);
#828=VERTEX_POINT('',#2872);
#829=VERTEX_POINT('',#2874);
#830=VERTEX_POINT('',#2878);
#831=VERTEX_POINT('',#2880);
#832=VERTEX_POINT('',#2882);
#833=VERTEX_POINT('',#2885);
#834=VERTEX_POINT('',#2886);
#835=VERTEX_POINT('',#2888);
#836=VERTEX_POINT('',#2890);
#837=VERTEX_POINT('',#2892);
#838=VERTEX_POINT('',#2894);
#839=VERTEX_POINT('',#2896);
#840=VERTEX_POINT('',#2898);
#841=VERTEX_POINT('',#2900);
#842=VERTEX_POINT('',#2902);
#843=VERTEX_POINT('',#2904);
#844=VERTEX_POINT('',#2906);
#845=VERTEX_POINT('',#2916);
#846=VERTEX_POINT('',#2920);
#847=VERTEX_POINT('',#2924);
#848=VERTEX_POINT('',#2928);
#849=VERTEX_POINT('',#2934);
#850=VERTEX_POINT('',#2938);
#851=VERTEX_POINT('',#2939);
#852=VERTEX_POINT('',#2943);
#853=VERTEX_POINT('',#2945);
#854=VERTEX_POINT('',#2947);
#855=VERTEX_POINT('',#2949);
#856=VERTEX_POINT('',#2953);
#857=VERTEX_POINT('',#2955);
#858=VERTEX_POINT('',#2959);
#859=VERTEX_POINT('',#2961);
#860=VERTEX_POINT('',#2966);
#861=VERTEX_POINT('',#2968);
#862=VERTEX_POINT('',#2977);
#863=VERTEX_POINT('',#2988);
#864=VERTEX_POINT('',#2992);
#865=VERTEX_POINT('',#2996);
#866=VERTEX_POINT('',#3000);
#867=VERTEX_POINT('',#3004);
#868=VERTEX_POINT('',#3006);
#869=VERTEX_POINT('',#3010);
#870=VERTEX_POINT('',#3012);
#871=VERTEX_POINT('',#3014);
#872=VERTEX_POINT('',#3016);
#873=VERTEX_POINT('',#3021);
#874=VERTEX_POINT('',#3028);
#875=VERTEX_POINT('',#3032);
#876=VERTEX_POINT('',#3036);
#877=VERTEX_POINT('',#3040);
#878=VERTEX_POINT('',#3046);
#879=VERTEX_POINT('',#3050);
#880=VERTEX_POINT('',#3054);
#881=VERTEX_POINT('',#3072);
#882=VERTEX_POINT('',#3073);
#883=VERTEX_POINT('',#3075);
#884=VERTEX_POINT('',#3077);
#885=VERTEX_POINT('',#3081);
#886=VERTEX_POINT('',#3085);
#887=VERTEX_POINT('',#3089);
#888=VERTEX_POINT('',#3090);
#889=VERTEX_POINT('',#3095);
#890=VERTEX_POINT('',#3099);
#891=VERTEX_POINT('',#3105);
#892=VERTEX_POINT('',#3109);
#893=VERTEX_POINT('',#3111);
#894=VERTEX_POINT('',#3113);
#895=VERTEX_POINT('',#3127);
#896=VERTEX_POINT('',#3128);
#897=VERTEX_POINT('',#3130);
#898=VERTEX_POINT('',#3132);
#899=VERTEX_POINT('',#3136);
#900=VERTEX_POINT('',#3138);
#901=VERTEX_POINT('',#3142);
#902=VERTEX_POINT('',#3144);
#903=VERTEX_POINT('',#3148);
#904=VERTEX_POINT('',#3150);
#905=VERTEX_POINT('',#3154);
#906=VERTEX_POINT('',#3160);
#907=VERTEX_POINT('',#3173);
#908=VERTEX_POINT('',#3174);
#909=VERTEX_POINT('',#3176);
#910=VERTEX_POINT('',#3178);
#911=VERTEX_POINT('',#3182);
#912=VERTEX_POINT('',#3184);
#913=VERTEX_POINT('',#3188);
#914=VERTEX_POINT('',#3190);
#915=VERTEX_POINT('',#3194);
#916=VERTEX_POINT('',#3196);
#917=VERTEX_POINT('',#3200);
#918=VERTEX_POINT('',#3202);
#919=EDGE_CURVE('',#741,#742,#311,.T.);
#920=EDGE_CURVE('',#741,#743,#312,.T.);
#921=EDGE_CURVE('',#744,#743,#313,.T.);
#922=EDGE_CURVE('',#745,#744,#314,.T.);
#923=EDGE_CURVE('',#746,#745,#315,.T.);
#924=EDGE_CURVE('',#742,#746,#316,.T.);
#925=EDGE_CURVE('',#741,#747,#317,.T.);
#926=EDGE_CURVE('',#748,#747,#318,.T.);
#927=EDGE_CURVE('',#743,#748,#319,.T.);
#928=EDGE_CURVE('',#742,#749,#320,.T.);
#929=EDGE_CURVE('',#747,#749,#321,.T.);
#930=EDGE_CURVE('',#746,#750,#322,.T.);
#931=EDGE_CURVE('',#749,#750,#323,.T.);
#932=EDGE_CURVE('',#751,#752,#324,.T.);
#933=EDGE_CURVE('',#751,#753,#325,.T.);
#934=EDGE_CURVE('',#754,#753,#326,.T.);
#935=EDGE_CURVE('',#755,#754,#327,.T.);
#936=EDGE_CURVE('',#755,#756,#328,.T.);
#937=EDGE_CURVE('',#752,#756,#329,.T.);
#938=EDGE_CURVE('',#757,#752,#330,.T.);
#939=EDGE_CURVE('',#758,#757,#85,.T.);
#940=EDGE_CURVE('',#758,#751,#331,.T.);
#941=EDGE_CURVE('',#759,#756,#332,.T.);
#942=EDGE_CURVE('',#757,#759,#45,.T.);
#943=EDGE_CURVE('',#745,#760,#333,.T.);
#944=EDGE_CURVE('',#760,#761,#334,.T.);
#945=EDGE_CURVE('',#762,#761,#335,.T.);
#946=EDGE_CURVE('',#762,#763,#336,.T.);
#947=EDGE_CURVE('',#763,#764,#337,.T.);
#948=EDGE_CURVE('',#765,#764,#338,.T.);
#949=EDGE_CURVE('',#766,#765,#339,.T.);
#950=EDGE_CURVE('',#759,#766,#340,.T.);
#951=EDGE_CURVE('',#767,#755,#341,.T.);
#952=EDGE_CURVE('',#768,#767,#342,.T.);
#953=EDGE_CURVE('',#768,#769,#343,.T.);
#954=EDGE_CURVE('',#769,#750,#344,.T.);
#955=EDGE_CURVE('',#770,#768,#46,.T.);
#956=EDGE_CURVE('',#770,#771,#345,.T.);
#957=EDGE_CURVE('',#772,#771,#47,.T.);
#958=EDGE_CURVE('',#773,#772,#346,.T.);
#959=EDGE_CURVE('',#774,#773,#48,.T.);
#960=EDGE_CURVE('',#774,#775,#347,.T.);
#961=EDGE_CURVE('',#776,#775,#49,.T.);
#962=EDGE_CURVE('',#776,#777,#348,.T.);
#963=EDGE_CURVE('',#778,#777,#349,.T.);
#964=EDGE_CURVE('',#778,#779,#350,.T.);
#965=EDGE_CURVE('',#769,#779,#351,.T.);
#966=EDGE_CURVE('',#780,#781,#352,.T.);
#967=EDGE_CURVE('',#781,#782,#353,.T.);
#968=EDGE_CURVE('',#782,#783,#354,.T.);
#969=EDGE_CURVE('',#783,#784,#355,.T.);
#970=EDGE_CURVE('',#784,#785,#356,.T.);
#971=EDGE_CURVE('',#780,#785,#357,.T.);
#972=EDGE_CURVE('',#786,#787,#358,.T.);
#973=EDGE_CURVE('',#787,#788,#50,.T.);
#974=EDGE_CURVE('',#788,#789,#359,.T.);
#975=EDGE_CURVE('',#789,#790,#360,.T.);
#976=EDGE_CURVE('',#790,#791,#361,.T.);
#977=EDGE_CURVE('',#791,#786,#51,.T.);
#978=EDGE_CURVE('',#744,#792,#362,.T.);
#979=EDGE_CURVE('',#760,#792,#363,.T.);
#980=EDGE_CURVE('',#792,#748,#364,.T.);
#981=EDGE_CURVE('',#793,#794,#365,.T.);
#982=EDGE_CURVE('',#795,#793,#366,.T.);
#983=EDGE_CURVE('',#796,#795,#367,.F.);
#984=EDGE_CURVE('',#796,#794,#368,.T.);
#985=EDGE_CURVE('',#793,#780,#369,.T.);
#986=EDGE_CURVE('',#785,#795,#370,.F.);
#987=EDGE_CURVE('',#797,#765,#52,.T.);
#988=EDGE_CURVE('',#764,#798,#53,.T.);
#989=EDGE_CURVE('',#798,#799,#86,.T.);
#990=EDGE_CURVE('',#799,#800,#371,.T.);
#991=EDGE_CURVE('',#800,#801,#87,.T.);
#992=EDGE_CURVE('',#801,#802,#54,.T.);
#993=EDGE_CURVE('',#776,#802,#372,.T.);
#994=EDGE_CURVE('',#775,#803,#373,.T.);
#995=EDGE_CURVE('',#803,#804,#55,.T.);
#996=EDGE_CURVE('',#804,#805,#88,.T.);
#997=EDGE_CURVE('',#805,#806,#374,.T.);
#998=EDGE_CURVE('',#806,#807,#89,.T.);
#999=EDGE_CURVE('',#807,#808,#56,.T.);
#1000=EDGE_CURVE('',#808,#797,#375,.T.);
#1001=EDGE_CURVE('',#805,#809,#376,.T.);
#1002=EDGE_CURVE('',#810,#809,#377,.T.);
#1003=EDGE_CURVE('',#810,#806,#378,.T.);
#1004=EDGE_CURVE('',#811,#804,#379,.T.);
#1005=EDGE_CURVE('',#809,#811,#90,.T.);
#1006=EDGE_CURVE('',#812,#774,#380,.T.);
#1007=EDGE_CURVE('',#812,#803,#381,.T.);
#1008=EDGE_CURVE('',#813,#763,#382,.T.);
#1009=EDGE_CURVE('',#798,#813,#383,.T.);
#1010=EDGE_CURVE('',#802,#814,#384,.T.);
#1011=EDGE_CURVE('',#814,#777,#385,.T.);
#1012=EDGE_CURVE('',#801,#815,#386,.T.);
#1013=EDGE_CURVE('',#814,#815,#387,.T.);
#1014=EDGE_CURVE('',#811,#812,#57,.T.);
#1015=EDGE_CURVE('',#816,#800,#388,.T.);
#1016=EDGE_CURVE('',#815,#816,#389,.T.);
#1017=EDGE_CURVE('',#817,#818,#58,.T.);
#1018=EDGE_CURVE('',#818,#770,#390,.T.);
#1019=EDGE_CURVE('',#767,#819,#59,.T.);
#1020=EDGE_CURVE('',#819,#820,#91,.T.);
#1021=EDGE_CURVE('',#820,#758,#391,.T.);
#1022=EDGE_CURVE('',#766,#821,#60,.T.);
#1023=EDGE_CURVE('',#822,#821,#392,.T.);
#1024=EDGE_CURVE('',#822,#823,#61,.T.);
#1025=EDGE_CURVE('',#823,#824,#92,.T.);
#1026=EDGE_CURVE('',#824,#825,#393,.T.);
#1027=EDGE_CURVE('',#825,#817,#93,.T.);
#1028=EDGE_CURVE('',#823,#826,#394,.T.);
#1029=EDGE_CURVE('',#827,#826,#94,.T.);
#1030=EDGE_CURVE('',#824,#827,#395,.T.);
#1031=EDGE_CURVE('',#821,#828,#396,.T.);
#1032=EDGE_CURVE('',#829,#828,#397,.T.);
#1033=EDGE_CURVE('',#829,#822,#398,.T.);
#1034=EDGE_CURVE('',#797,#830,#399,.T.);
#1035=EDGE_CURVE('',#831,#830,#62,.T.);
#1036=EDGE_CURVE('',#831,#832,#400,.T.);
#1037=EDGE_CURVE('',#828,#832,#63,.T.);
#1038=EDGE_CURVE('',#833,#834,#64,.T.);
#1039=EDGE_CURVE('',#835,#833,#401,.T.);
#1040=EDGE_CURVE('',#836,#835,#65,.T.);
#1041=EDGE_CURVE('',#837,#836,#402,.T.);
#1042=EDGE_CURVE('',#838,#837,#403,.T.);
#1043=EDGE_CURVE('',#839,#838,#404,.T.);
#1044=EDGE_CURVE('',#840,#839,#66,.T.);
#1045=EDGE_CURVE('',#841,#840,#405,.T.);
#1046=EDGE_CURVE('',#842,#841,#67,.T.);
#1047=EDGE_CURVE('',#843,#842,#406,.T.);
#1048=EDGE_CURVE('',#844,#843,#407,.T.);
#1049=EDGE_CURVE('',#834,#844,#408,.T.);
#1050=EDGE_CURVE('',#826,#829,#68,.T.);
#1051=EDGE_CURVE('',#819,#754,#409,.T.);
#1052=EDGE_CURVE('',#820,#753,#410,.T.);
#1053=EDGE_CURVE('',#845,#810,#95,.T.);
#1054=EDGE_CURVE('',#845,#807,#411,.T.);
#1055=EDGE_CURVE('',#846,#827,#412,.T.);
#1056=EDGE_CURVE('',#825,#846,#413,.T.);
#1057=EDGE_CURVE('',#847,#846,#96,.T.);
#1058=EDGE_CURVE('',#847,#817,#414,.T.);
#1059=EDGE_CURVE('',#799,#848,#415,.T.);
#1060=EDGE_CURVE('',#816,#848,#416,.T.);
#1061=EDGE_CURVE('',#848,#813,#417,.T.);
#1062=EDGE_CURVE('',#849,#845,#69,.T.);
#1063=EDGE_CURVE('',#849,#808,#418,.T.);
#1064=EDGE_CURVE('',#850,#851,#70,.T.);
#1065=EDGE_CURVE('',#851,#831,#419,.T.);
#1066=EDGE_CURVE('',#830,#849,#420,.T.);
#1067=EDGE_CURVE('',#852,#773,#421,.T.);
#1068=EDGE_CURVE('',#852,#853,#71,.T.);
#1069=EDGE_CURVE('',#853,#854,#97,.T.);
#1070=EDGE_CURVE('',#854,#855,#422,.T.);
#1071=EDGE_CURVE('',#855,#850,#98,.T.);
#1072=EDGE_CURVE('',#852,#856,#423,.T.);
#1073=EDGE_CURVE('',#857,#856,#72,.T.);
#1074=EDGE_CURVE('',#853,#857,#424,.T.);
#1075=EDGE_CURVE('',#858,#850,#425,.T.);
#1076=EDGE_CURVE('',#859,#858,#73,.T.);
#1077=EDGE_CURVE('',#859,#851,#426,.T.);
#1078=EDGE_CURVE('',#860,#854,#427,.T.);
#1079=EDGE_CURVE('',#861,#860,#428,.T.);
#1080=EDGE_CURVE('',#861,#855,#429,.T.);
#1081=EDGE_CURVE('',#860,#857,#99,.T.);
#1082=EDGE_CURVE('',#858,#861,#100,.T.);
#1083=EDGE_CURVE('',#862,#818,#430,.T.);
#1084=EDGE_CURVE('',#771,#862,#431,.T.);
#1085=EDGE_CURVE('',#862,#847,#74,.T.);
#1086=EDGE_CURVE('',#832,#859,#432,.T.);
#1087=EDGE_CURVE('',#772,#856,#433,.T.);
#1088=EDGE_CURVE('',#794,#863,#434,.T.);
#1089=EDGE_CURVE('',#863,#781,#435,.T.);
#1090=EDGE_CURVE('',#863,#864,#436,.T.);
#1091=EDGE_CURVE('',#782,#864,#437,.T.);
#1092=EDGE_CURVE('',#865,#796,#438,.T.);
#1093=EDGE_CURVE('',#865,#784,#439,.T.);
#1094=EDGE_CURVE('',#866,#865,#440,.T.);
#1095=EDGE_CURVE('',#864,#866,#441,.T.);
#1096=EDGE_CURVE('',#837,#867,#442,.F.);
#1097=EDGE_CURVE('',#867,#868,#443,.T.);
#1098=EDGE_CURVE('',#868,#838,#444,.F.);
#1099=EDGE_CURVE('',#789,#869,#445,.T.);
#1100=EDGE_CURVE('',#870,#869,#446,.T.);
#1101=EDGE_CURVE('',#871,#870,#447,.T.);
#1102=EDGE_CURVE('',#871,#872,#448,.T.);
#1103=EDGE_CURVE('',#868,#872,#449,.T.);
#1104=EDGE_CURVE('',#790,#867,#450,.T.);
#1105=EDGE_CURVE('',#842,#873,#451,.T.);
#1106=EDGE_CURVE('',#873,#870,#452,.T.);
#1107=EDGE_CURVE('',#870,#843,#453,.T.);
#1108=EDGE_CURVE('',#869,#844,#454,.T.);
#1109=EDGE_CURVE('',#869,#874,#455,.T.);
#1110=EDGE_CURVE('',#874,#834,#456,.T.);
#1111=EDGE_CURVE('',#875,#833,#457,.T.);
#1112=EDGE_CURVE('',#874,#875,#75,.T.);
#1113=EDGE_CURVE('',#876,#835,#458,.T.);
#1114=EDGE_CURVE('',#875,#876,#459,.T.);
#1115=EDGE_CURVE('',#877,#836,#460,.T.);
#1116=EDGE_CURVE('',#876,#877,#76,.T.);
#1117=EDGE_CURVE('',#877,#867,#461,.T.);
#1118=EDGE_CURVE('',#841,#878,#462,.T.);
#1119=EDGE_CURVE('',#878,#873,#77,.T.);
#1120=EDGE_CURVE('',#840,#879,#463,.T.);
#1121=EDGE_CURVE('',#879,#878,#464,.T.);
#1122=EDGE_CURVE('',#839,#880,#465,.T.);
#1123=EDGE_CURVE('',#880,#879,#78,.T.);
#1124=EDGE_CURVE('',#868,#880,#466,.T.);
#1125=EDGE_CURVE('',#791,#877,#467,.T.);
#1126=EDGE_CURVE('',#786,#876,#468,.T.);
#1127=EDGE_CURVE('',#787,#875,#469,.T.);
#1128=EDGE_CURVE('',#788,#874,#470,.T.);
#1129=EDGE_CURVE('',#866,#783,#471,.T.);
#1130=EDGE_CURVE('',#881,#882,#79,.T.);
#1131=EDGE_CURVE('',#882,#883,#472,.T.);
#1132=EDGE_CURVE('',#883,#884,#80,.T.);
#1133=EDGE_CURVE('',#884,#881,#473,.T.);
#1134=EDGE_CURVE('',#779,#885,#474,.T.);
#1135=EDGE_CURVE('',#761,#885,#475,.F.);
#1136=EDGE_CURVE('',#886,#762,#476,.F.);
#1137=EDGE_CURVE('',#886,#778,#477,.T.);
#1138=EDGE_CURVE('',#887,#888,#81,.T.);
#1139=EDGE_CURVE('',#888,#884,#478,.T.);
#1140=EDGE_CURVE('',#887,#883,#479,.T.);
#1141=EDGE_CURVE('',#888,#889,#480,.T.);
#1142=EDGE_CURVE('',#889,#881,#481,.T.);
#1143=EDGE_CURVE('',#889,#890,#82,.T.);
#1144=EDGE_CURVE('',#890,#882,#482,.T.);
#1145=EDGE_CURVE('',#890,#887,#483,.T.);
#1146=EDGE_CURVE('',#880,#891,#484,.T.);
#1147=EDGE_CURVE('',#891,#872,#485,.T.);
#1148=EDGE_CURVE('',#871,#892,#486,.T.);
#1149=EDGE_CURVE('',#893,#892,#83,.T.);
#1150=EDGE_CURVE('',#894,#893,#487,.T.);
#1151=EDGE_CURVE('',#891,#894,#84,.T.);
#1152=EDGE_CURVE('',#873,#892,#488,.T.);
#1153=EDGE_CURVE('',#885,#886,#489,.T.);
#1154=EDGE_CURVE('',#878,#893,#490,.T.);
#1155=EDGE_CURVE('',#879,#894,#491,.T.);
#1156=EDGE_CURVE('',#895,#896,#492,.T.);
#1157=EDGE_CURVE('',#895,#897,#493,.T.);
#1158=EDGE_CURVE('',#898,#897,#494,.T.);
#1159=EDGE_CURVE('',#896,#898,#495,.T.);
#1160=EDGE_CURVE('',#896,#899,#496,.T.);
#1161=EDGE_CURVE('',#900,#898,#497,.T.);
#1162=EDGE_CURVE('',#899,#900,#498,.T.);
#1163=EDGE_CURVE('',#899,#901,#499,.T.);
#1164=EDGE_CURVE('',#902,#900,#500,.T.);
#1165=EDGE_CURVE('',#901,#902,#501,.T.);
#1166=EDGE_CURVE('',#901,#903,#502,.T.);
#1167=EDGE_CURVE('',#904,#902,#503,.T.);
#1168=EDGE_CURVE('',#903,#904,#504,.T.);
#1169=EDGE_CURVE('',#903,#905,#15,.T.);
#1170=EDGE_CURVE('',#906,#904,#16,.T.);
#1171=EDGE_CURVE('',#905,#906,#505,.T.);
#1172=EDGE_CURVE('',#905,#895,#506,.T.);
#1173=EDGE_CURVE('',#897,#906,#507,.T.);
#1174=EDGE_CURVE('',#907,#908,#508,.T.);
#1175=EDGE_CURVE('',#908,#909,#509,.T.);
#1176=EDGE_CURVE('',#910,#909,#510,.T.);
#1177=EDGE_CURVE('',#907,#910,#511,.T.);
#1178=EDGE_CURVE('',#911,#907,#512,.T.);
#1179=EDGE_CURVE('',#912,#910,#513,.T.);
#1180=EDGE_CURVE('',#911,#912,#514,.T.);
#1181=EDGE_CURVE('',#913,#911,#515,.T.);
#1182=EDGE_CURVE('',#914,#912,#516,.T.);
#1183=EDGE_CURVE('',#913,#914,#517,.T.);
#1184=EDGE_CURVE('',#915,#913,#518,.T.);
#1185=EDGE_CURVE('',#916,#914,#519,.T.);
#1186=EDGE_CURVE('',#915,#916,#520,.T.);
#1187=EDGE_CURVE('',#917,#915,#521,.T.);
#1188=EDGE_CURVE('',#918,#916,#522,.T.);
#1189=EDGE_CURVE('',#917,#918,#523,.T.);
#1190=EDGE_CURVE('',#908,#917,#524,.T.);
#1191=EDGE_CURVE('',#909,#918,#525,.T.);
#1192=ORIENTED_EDGE('',*,*,#919,.F.);
#1193=ORIENTED_EDGE('',*,*,#920,.T.);
#1194=ORIENTED_EDGE('',*,*,#921,.F.);
#1195=ORIENTED_EDGE('',*,*,#922,.F.);
#1196=ORIENTED_EDGE('',*,*,#923,.F.);
#1197=ORIENTED_EDGE('',*,*,#924,.F.);
#1198=ORIENTED_EDGE('',*,*,#920,.F.);
#1199=ORIENTED_EDGE('',*,*,#925,.T.);
#1200=ORIENTED_EDGE('',*,*,#926,.F.);
#1201=ORIENTED_EDGE('',*,*,#927,.F.);
#1202=ORIENTED_EDGE('',*,*,#919,.T.);
#1203=ORIENTED_EDGE('',*,*,#928,.T.);
#1204=ORIENTED_EDGE('',*,*,#929,.F.);
#1205=ORIENTED_EDGE('',*,*,#925,.F.);
#1206=ORIENTED_EDGE('',*,*,#924,.T.);
#1207=ORIENTED_EDGE('',*,*,#930,.T.);
#1208=ORIENTED_EDGE('',*,*,#931,.F.);
#1209=ORIENTED_EDGE('',*,*,#928,.F.);
#1210=ORIENTED_EDGE('',*,*,#932,.F.);
#1211=ORIENTED_EDGE('',*,*,#933,.T.);
#1212=ORIENTED_EDGE('',*,*,#934,.F.);
#1213=ORIENTED_EDGE('',*,*,#935,.F.);
#1214=ORIENTED_EDGE('',*,*,#936,.T.);
#1215=ORIENTED_EDGE('',*,*,#937,.F.);
#1216=ORIENTED_EDGE('',*,*,#932,.T.);
#1217=ORIENTED_EDGE('',*,*,#938,.F.);
#1218=ORIENTED_EDGE('',*,*,#939,.F.);
#1219=ORIENTED_EDGE('',*,*,#940,.T.);
#1220=ORIENTED_EDGE('',*,*,#937,.T.);
#1221=ORIENTED_EDGE('',*,*,#941,.F.);
#1222=ORIENTED_EDGE('',*,*,#942,.F.);
#1223=ORIENTED_EDGE('',*,*,#938,.T.);
#1224=ORIENTED_EDGE('',*,*,#943,.T.);
#1225=ORIENTED_EDGE('',*,*,#944,.T.);
#1226=ORIENTED_EDGE('',*,*,#945,.F.);
#1227=ORIENTED_EDGE('',*,*,#946,.T.);
#1228=ORIENTED_EDGE('',*,*,#947,.T.);
#1229=ORIENTED_EDGE('',*,*,#948,.F.);
#1230=ORIENTED_EDGE('',*,*,#949,.F.);
#1231=ORIENTED_EDGE('',*,*,#950,.F.);
#1232=ORIENTED_EDGE('',*,*,#941,.T.);
#1233=ORIENTED_EDGE('',*,*,#936,.F.);
#1234=ORIENTED_EDGE('',*,*,#951,.F.);
#1235=ORIENTED_EDGE('',*,*,#952,.F.);
#1236=ORIENTED_EDGE('',*,*,#953,.T.);
#1237=ORIENTED_EDGE('',*,*,#954,.T.);
#1238=ORIENTED_EDGE('',*,*,#930,.F.);
#1239=ORIENTED_EDGE('',*,*,#923,.T.);
#1240=ORIENTED_EDGE('',*,*,#953,.F.);
#1241=ORIENTED_EDGE('',*,*,#955,.F.);
#1242=ORIENTED_EDGE('',*,*,#956,.T.);
#1243=ORIENTED_EDGE('',*,*,#957,.F.);
#1244=ORIENTED_EDGE('',*,*,#958,.F.);
#1245=ORIENTED_EDGE('',*,*,#959,.F.);
#1246=ORIENTED_EDGE('',*,*,#960,.T.);
#1247=ORIENTED_EDGE('',*,*,#961,.F.);
#1248=ORIENTED_EDGE('',*,*,#962,.T.);
#1249=ORIENTED_EDGE('',*,*,#963,.F.);
#1250=ORIENTED_EDGE('',*,*,#964,.T.);
#1251=ORIENTED_EDGE('',*,*,#965,.F.);
#1252=ORIENTED_EDGE('',*,*,#966,.T.);
#1253=ORIENTED_EDGE('',*,*,#967,.T.);
#1254=ORIENTED_EDGE('',*,*,#968,.T.);
#1255=ORIENTED_EDGE('',*,*,#969,.T.);
#1256=ORIENTED_EDGE('',*,*,#970,.T.);
#1257=ORIENTED_EDGE('',*,*,#971,.F.);
#1258=ORIENTED_EDGE('',*,*,#972,.T.);
#1259=ORIENTED_EDGE('',*,*,#973,.T.);
#1260=ORIENTED_EDGE('',*,*,#974,.T.);
#1261=ORIENTED_EDGE('',*,*,#975,.T.);
#1262=ORIENTED_EDGE('',*,*,#976,.T.);
#1263=ORIENTED_EDGE('',*,*,#977,.T.);
#1264=ORIENTED_EDGE('',*,*,#922,.T.);
#1265=ORIENTED_EDGE('',*,*,#978,.T.);
#1266=ORIENTED_EDGE('',*,*,#979,.F.);
#1267=ORIENTED_EDGE('',*,*,#943,.F.);
#1268=ORIENTED_EDGE('',*,*,#921,.T.);
#1269=ORIENTED_EDGE('',*,*,#927,.T.);
#1270=ORIENTED_EDGE('',*,*,#980,.F.);
#1271=ORIENTED_EDGE('',*,*,#978,.F.);
#1272=ORIENTED_EDGE('',*,*,#981,.F.);
#1273=ORIENTED_EDGE('',*,*,#982,.F.);
#1274=ORIENTED_EDGE('',*,*,#983,.F.);
#1275=ORIENTED_EDGE('',*,*,#984,.T.);
#1276=ORIENTED_EDGE('',*,*,#985,.T.);
#1277=ORIENTED_EDGE('',*,*,#971,.T.);
#1278=ORIENTED_EDGE('',*,*,#986,.T.);
#1279=ORIENTED_EDGE('',*,*,#982,.T.);
#1280=ORIENTED_EDGE('',*,*,#987,.T.);
#1281=ORIENTED_EDGE('',*,*,#948,.T.);
#1282=ORIENTED_EDGE('',*,*,#988,.T.);
#1283=ORIENTED_EDGE('',*,*,#989,.T.);
#1284=ORIENTED_EDGE('',*,*,#990,.T.);
#1285=ORIENTED_EDGE('',*,*,#991,.T.);
#1286=ORIENTED_EDGE('',*,*,#992,.T.);
#1287=ORIENTED_EDGE('',*,*,#993,.F.);
#1288=ORIENTED_EDGE('',*,*,#961,.T.);
#1289=ORIENTED_EDGE('',*,*,#994,.T.);
#1290=ORIENTED_EDGE('',*,*,#995,.T.);
#1291=ORIENTED_EDGE('',*,*,#996,.T.);
#1292=ORIENTED_EDGE('',*,*,#997,.T.);
#1293=ORIENTED_EDGE('',*,*,#998,.T.);
#1294=ORIENTED_EDGE('',*,*,#999,.T.);
#1295=ORIENTED_EDGE('',*,*,#1000,.T.);
#1296=ORIENTED_EDGE('',*,*,#997,.F.);
#1297=ORIENTED_EDGE('',*,*,#1001,.T.);
#1298=ORIENTED_EDGE('',*,*,#1002,.F.);
#1299=ORIENTED_EDGE('',*,*,#1003,.T.);
#1300=ORIENTED_EDGE('',*,*,#996,.F.);
#1301=ORIENTED_EDGE('',*,*,#1004,.F.);
#1302=ORIENTED_EDGE('',*,*,#1005,.F.);
#1303=ORIENTED_EDGE('',*,*,#1001,.F.);
#1304=ORIENTED_EDGE('',*,*,#994,.F.);
#1305=ORIENTED_EDGE('',*,*,#960,.F.);
#1306=ORIENTED_EDGE('',*,*,#1006,.F.);
#1307=ORIENTED_EDGE('',*,*,#1007,.T.);
#1308=ORIENTED_EDGE('',*,*,#988,.F.);
#1309=ORIENTED_EDGE('',*,*,#947,.F.);
#1310=ORIENTED_EDGE('',*,*,#1008,.F.);
#1311=ORIENTED_EDGE('',*,*,#1009,.F.);
#1312=ORIENTED_EDGE('',*,*,#993,.T.);
#1313=ORIENTED_EDGE('',*,*,#1010,.T.);
#1314=ORIENTED_EDGE('',*,*,#1011,.T.);
#1315=ORIENTED_EDGE('',*,*,#962,.F.);
#1316=ORIENTED_EDGE('',*,*,#992,.F.);
#1317=ORIENTED_EDGE('',*,*,#1012,.T.);
#1318=ORIENTED_EDGE('',*,*,#1013,.F.);
#1319=ORIENTED_EDGE('',*,*,#1010,.F.);
#1320=ORIENTED_EDGE('',*,*,#995,.F.);
#1321=ORIENTED_EDGE('',*,*,#1007,.F.);
#1322=ORIENTED_EDGE('',*,*,#1014,.F.);
#1323=ORIENTED_EDGE('',*,*,#1004,.T.);
#1324=ORIENTED_EDGE('',*,*,#991,.F.);
#1325=ORIENTED_EDGE('',*,*,#1015,.F.);
#1326=ORIENTED_EDGE('',*,*,#1016,.F.);
#1327=ORIENTED_EDGE('',*,*,#1012,.F.);
#1328=ORIENTED_EDGE('',*,*,#1017,.T.);
#1329=ORIENTED_EDGE('',*,*,#1018,.T.);
#1330=ORIENTED_EDGE('',*,*,#955,.T.);
#1331=ORIENTED_EDGE('',*,*,#952,.T.);
#1332=ORIENTED_EDGE('',*,*,#1019,.T.);
#1333=ORIENTED_EDGE('',*,*,#1020,.T.);
#1334=ORIENTED_EDGE('',*,*,#1021,.T.);
#1335=ORIENTED_EDGE('',*,*,#939,.T.);
#1336=ORIENTED_EDGE('',*,*,#942,.T.);
#1337=ORIENTED_EDGE('',*,*,#950,.T.);
#1338=ORIENTED_EDGE('',*,*,#1022,.T.);
#1339=ORIENTED_EDGE('',*,*,#1023,.F.);
#1340=ORIENTED_EDGE('',*,*,#1024,.T.);
#1341=ORIENTED_EDGE('',*,*,#1025,.T.);
#1342=ORIENTED_EDGE('',*,*,#1026,.T.);
#1343=ORIENTED_EDGE('',*,*,#1027,.T.);
#1344=ORIENTED_EDGE('',*,*,#1025,.F.);
#1345=ORIENTED_EDGE('',*,*,#1028,.T.);
#1346=ORIENTED_EDGE('',*,*,#1029,.F.);
#1347=ORIENTED_EDGE('',*,*,#1030,.F.);
#1348=ORIENTED_EDGE('',*,*,#1023,.T.);
#1349=ORIENTED_EDGE('',*,*,#1031,.T.);
#1350=ORIENTED_EDGE('',*,*,#1032,.F.);
#1351=ORIENTED_EDGE('',*,*,#1033,.T.);
#1352=ORIENTED_EDGE('',*,*,#987,.F.);
#1353=ORIENTED_EDGE('',*,*,#1034,.T.);
#1354=ORIENTED_EDGE('',*,*,#1035,.F.);
#1355=ORIENTED_EDGE('',*,*,#1036,.T.);
#1356=ORIENTED_EDGE('',*,*,#1037,.F.);
#1357=ORIENTED_EDGE('',*,*,#1031,.F.);
#1358=ORIENTED_EDGE('',*,*,#1022,.F.);
#1359=ORIENTED_EDGE('',*,*,#949,.T.);
#1360=ORIENTED_EDGE('',*,*,#1038,.F.);
#1361=ORIENTED_EDGE('',*,*,#1039,.F.);
#1362=ORIENTED_EDGE('',*,*,#1040,.F.);
#1363=ORIENTED_EDGE('',*,*,#1041,.F.);
#1364=ORIENTED_EDGE('',*,*,#1042,.F.);
#1365=ORIENTED_EDGE('',*,*,#1043,.F.);
#1366=ORIENTED_EDGE('',*,*,#1044,.F.);
#1367=ORIENTED_EDGE('',*,*,#1045,.F.);
#1368=ORIENTED_EDGE('',*,*,#1046,.F.);
#1369=ORIENTED_EDGE('',*,*,#1047,.F.);
#1370=ORIENTED_EDGE('',*,*,#1048,.F.);
#1371=ORIENTED_EDGE('',*,*,#1049,.F.);
#1372=ORIENTED_EDGE('',*,*,#1024,.F.);
#1373=ORIENTED_EDGE('',*,*,#1033,.F.);
#1374=ORIENTED_EDGE('',*,*,#1050,.F.);
#1375=ORIENTED_EDGE('',*,*,#1028,.F.);
#1376=ORIENTED_EDGE('',*,*,#935,.T.);
#1377=ORIENTED_EDGE('',*,*,#1051,.F.);
#1378=ORIENTED_EDGE('',*,*,#1019,.F.);
#1379=ORIENTED_EDGE('',*,*,#951,.T.);
#1380=ORIENTED_EDGE('',*,*,#933,.F.);
#1381=ORIENTED_EDGE('',*,*,#940,.F.);
#1382=ORIENTED_EDGE('',*,*,#1021,.F.);
#1383=ORIENTED_EDGE('',*,*,#1052,.T.);
#1384=ORIENTED_EDGE('',*,*,#998,.F.);
#1385=ORIENTED_EDGE('',*,*,#1003,.F.);
#1386=ORIENTED_EDGE('',*,*,#1053,.F.);
#1387=ORIENTED_EDGE('',*,*,#1054,.T.);
#1388=ORIENTED_EDGE('',*,*,#1026,.F.);
#1389=ORIENTED_EDGE('',*,*,#1030,.T.);
#1390=ORIENTED_EDGE('',*,*,#1055,.F.);
#1391=ORIENTED_EDGE('',*,*,#1056,.F.);
#1392=ORIENTED_EDGE('',*,*,#1027,.F.);
#1393=ORIENTED_EDGE('',*,*,#1056,.T.);
#1394=ORIENTED_EDGE('',*,*,#1057,.F.);
#1395=ORIENTED_EDGE('',*,*,#1058,.T.);
#1396=ORIENTED_EDGE('',*,*,#990,.F.);
#1397=ORIENTED_EDGE('',*,*,#1059,.T.);
#1398=ORIENTED_EDGE('',*,*,#1060,.F.);
#1399=ORIENTED_EDGE('',*,*,#1015,.T.);
#1400=ORIENTED_EDGE('',*,*,#989,.F.);
#1401=ORIENTED_EDGE('',*,*,#1009,.T.);
#1402=ORIENTED_EDGE('',*,*,#1061,.F.);
#1403=ORIENTED_EDGE('',*,*,#1059,.F.);
#1404=ORIENTED_EDGE('',*,*,#999,.F.);
#1405=ORIENTED_EDGE('',*,*,#1054,.F.);
#1406=ORIENTED_EDGE('',*,*,#1062,.F.);
#1407=ORIENTED_EDGE('',*,*,#1063,.T.);
#1408=ORIENTED_EDGE('',*,*,#1064,.T.);
#1409=ORIENTED_EDGE('',*,*,#1065,.T.);
#1410=ORIENTED_EDGE('',*,*,#1035,.T.);
#1411=ORIENTED_EDGE('',*,*,#1066,.T.);
#1412=ORIENTED_EDGE('',*,*,#1062,.T.);
#1413=ORIENTED_EDGE('',*,*,#1053,.T.);
#1414=ORIENTED_EDGE('',*,*,#1002,.T.);
#1415=ORIENTED_EDGE('',*,*,#1005,.T.);
#1416=ORIENTED_EDGE('',*,*,#1014,.T.);
#1417=ORIENTED_EDGE('',*,*,#1006,.T.);
#1418=ORIENTED_EDGE('',*,*,#959,.T.);
#1419=ORIENTED_EDGE('',*,*,#1067,.F.);
#1420=ORIENTED_EDGE('',*,*,#1068,.T.);
#1421=ORIENTED_EDGE('',*,*,#1069,.T.);
#1422=ORIENTED_EDGE('',*,*,#1070,.T.);
#1423=ORIENTED_EDGE('',*,*,#1071,.T.);
#1424=ORIENTED_EDGE('',*,*,#1068,.F.);
#1425=ORIENTED_EDGE('',*,*,#1072,.T.);
#1426=ORIENTED_EDGE('',*,*,#1073,.F.);
#1427=ORIENTED_EDGE('',*,*,#1074,.F.);
#1428=ORIENTED_EDGE('',*,*,#1064,.F.);
#1429=ORIENTED_EDGE('',*,*,#1075,.F.);
#1430=ORIENTED_EDGE('',*,*,#1076,.F.);
#1431=ORIENTED_EDGE('',*,*,#1077,.T.);
#1432=ORIENTED_EDGE('',*,*,#1000,.F.);
#1433=ORIENTED_EDGE('',*,*,#1063,.F.);
#1434=ORIENTED_EDGE('',*,*,#1066,.F.);
#1435=ORIENTED_EDGE('',*,*,#1034,.F.);
#1436=ORIENTED_EDGE('',*,*,#1070,.F.);
#1437=ORIENTED_EDGE('',*,*,#1078,.F.);
#1438=ORIENTED_EDGE('',*,*,#1079,.F.);
#1439=ORIENTED_EDGE('',*,*,#1080,.T.);
#1440=ORIENTED_EDGE('',*,*,#1069,.F.);
#1441=ORIENTED_EDGE('',*,*,#1074,.T.);
#1442=ORIENTED_EDGE('',*,*,#1081,.F.);
#1443=ORIENTED_EDGE('',*,*,#1078,.T.);
#1444=ORIENTED_EDGE('',*,*,#1071,.F.);
#1445=ORIENTED_EDGE('',*,*,#1080,.F.);
#1446=ORIENTED_EDGE('',*,*,#1082,.F.);
#1447=ORIENTED_EDGE('',*,*,#1075,.T.);
#1448=ORIENTED_EDGE('',*,*,#934,.T.);
#1449=ORIENTED_EDGE('',*,*,#1052,.F.);
#1450=ORIENTED_EDGE('',*,*,#1020,.F.);
#1451=ORIENTED_EDGE('',*,*,#1051,.T.);
#1452=ORIENTED_EDGE('',*,*,#1018,.F.);
#1453=ORIENTED_EDGE('',*,*,#1083,.F.);
#1454=ORIENTED_EDGE('',*,*,#1084,.F.);
#1455=ORIENTED_EDGE('',*,*,#956,.F.);
#1456=ORIENTED_EDGE('',*,*,#1017,.F.);
#1457=ORIENTED_EDGE('',*,*,#1058,.F.);
#1458=ORIENTED_EDGE('',*,*,#1085,.F.);
#1459=ORIENTED_EDGE('',*,*,#1083,.T.);
#1460=ORIENTED_EDGE('',*,*,#1037,.T.);
#1461=ORIENTED_EDGE('',*,*,#1086,.T.);
#1462=ORIENTED_EDGE('',*,*,#1076,.T.);
#1463=ORIENTED_EDGE('',*,*,#1082,.T.);
#1464=ORIENTED_EDGE('',*,*,#1079,.T.);
#1465=ORIENTED_EDGE('',*,*,#1081,.T.);
#1466=ORIENTED_EDGE('',*,*,#1073,.T.);
#1467=ORIENTED_EDGE('',*,*,#1087,.F.);
#1468=ORIENTED_EDGE('',*,*,#957,.T.);
#1469=ORIENTED_EDGE('',*,*,#1084,.T.);
#1470=ORIENTED_EDGE('',*,*,#1085,.T.);
#1471=ORIENTED_EDGE('',*,*,#1057,.T.);
#1472=ORIENTED_EDGE('',*,*,#1055,.T.);
#1473=ORIENTED_EDGE('',*,*,#1029,.T.);
#1474=ORIENTED_EDGE('',*,*,#1050,.T.);
#1475=ORIENTED_EDGE('',*,*,#1032,.T.);
#1476=ORIENTED_EDGE('',*,*,#1067,.T.);
#1477=ORIENTED_EDGE('',*,*,#958,.T.);
#1478=ORIENTED_EDGE('',*,*,#1087,.T.);
#1479=ORIENTED_EDGE('',*,*,#1072,.F.);
#1480=ORIENTED_EDGE('',*,*,#1065,.F.);
#1481=ORIENTED_EDGE('',*,*,#1077,.F.);
#1482=ORIENTED_EDGE('',*,*,#1086,.F.);
#1483=ORIENTED_EDGE('',*,*,#1036,.F.);
#1484=ORIENTED_EDGE('',*,*,#981,.T.);
#1485=ORIENTED_EDGE('',*,*,#1088,.T.);
#1486=ORIENTED_EDGE('',*,*,#1089,.T.);
#1487=ORIENTED_EDGE('',*,*,#966,.F.);
#1488=ORIENTED_EDGE('',*,*,#985,.F.);
#1489=ORIENTED_EDGE('',*,*,#1089,.F.);
#1490=ORIENTED_EDGE('',*,*,#1090,.T.);
#1491=ORIENTED_EDGE('',*,*,#1091,.F.);
#1492=ORIENTED_EDGE('',*,*,#967,.F.);
#1493=ORIENTED_EDGE('',*,*,#1092,.T.);
#1494=ORIENTED_EDGE('',*,*,#983,.T.);
#1495=ORIENTED_EDGE('',*,*,#986,.F.);
#1496=ORIENTED_EDGE('',*,*,#970,.F.);
#1497=ORIENTED_EDGE('',*,*,#1093,.F.);
#1498=ORIENTED_EDGE('',*,*,#984,.F.);
#1499=ORIENTED_EDGE('',*,*,#1092,.F.);
#1500=ORIENTED_EDGE('',*,*,#1094,.F.);
#1501=ORIENTED_EDGE('',*,*,#1095,.F.);
#1502=ORIENTED_EDGE('',*,*,#1090,.F.);
#1503=ORIENTED_EDGE('',*,*,#1088,.F.);
#1504=ORIENTED_EDGE('',*,*,#1096,.T.);
#1505=ORIENTED_EDGE('',*,*,#1097,.T.);
#1506=ORIENTED_EDGE('',*,*,#1098,.T.);
#1507=ORIENTED_EDGE('',*,*,#1042,.T.);
#1508=ORIENTED_EDGE('',*,*,#1099,.T.);
#1509=ORIENTED_EDGE('',*,*,#1100,.F.);
#1510=ORIENTED_EDGE('',*,*,#1101,.F.);
#1511=ORIENTED_EDGE('',*,*,#1102,.T.);
#1512=ORIENTED_EDGE('',*,*,#1103,.F.);
#1513=ORIENTED_EDGE('',*,*,#1097,.F.);
#1514=ORIENTED_EDGE('',*,*,#1104,.F.);
#1515=ORIENTED_EDGE('',*,*,#975,.F.);
#1516=ORIENTED_EDGE('',*,*,#1047,.T.);
#1517=ORIENTED_EDGE('',*,*,#1105,.T.);
#1518=ORIENTED_EDGE('',*,*,#1106,.T.);
#1519=ORIENTED_EDGE('',*,*,#1107,.T.);
#1520=ORIENTED_EDGE('',*,*,#1100,.T.);
#1521=ORIENTED_EDGE('',*,*,#1108,.T.);
#1522=ORIENTED_EDGE('',*,*,#1048,.T.);
#1523=ORIENTED_EDGE('',*,*,#1107,.F.);
#1524=ORIENTED_EDGE('',*,*,#1109,.T.);
#1525=ORIENTED_EDGE('',*,*,#1110,.T.);
#1526=ORIENTED_EDGE('',*,*,#1049,.T.);
#1527=ORIENTED_EDGE('',*,*,#1108,.F.);
#1528=ORIENTED_EDGE('',*,*,#1111,.T.);
#1529=ORIENTED_EDGE('',*,*,#1038,.T.);
#1530=ORIENTED_EDGE('',*,*,#1110,.F.);
#1531=ORIENTED_EDGE('',*,*,#1112,.T.);
#1532=ORIENTED_EDGE('',*,*,#1113,.T.);
#1533=ORIENTED_EDGE('',*,*,#1039,.T.);
#1534=ORIENTED_EDGE('',*,*,#1111,.F.);
#1535=ORIENTED_EDGE('',*,*,#1114,.T.);
#1536=ORIENTED_EDGE('',*,*,#1115,.T.);
#1537=ORIENTED_EDGE('',*,*,#1040,.T.);
#1538=ORIENTED_EDGE('',*,*,#1113,.F.);
#1539=ORIENTED_EDGE('',*,*,#1116,.T.);
#1540=ORIENTED_EDGE('',*,*,#1041,.T.);
#1541=ORIENTED_EDGE('',*,*,#1115,.F.);
#1542=ORIENTED_EDGE('',*,*,#1117,.T.);
#1543=ORIENTED_EDGE('',*,*,#1096,.F.);
#1544=ORIENTED_EDGE('',*,*,#1105,.F.);
#1545=ORIENTED_EDGE('',*,*,#1046,.T.);
#1546=ORIENTED_EDGE('',*,*,#1118,.T.);
#1547=ORIENTED_EDGE('',*,*,#1119,.T.);
#1548=ORIENTED_EDGE('',*,*,#1118,.F.);
#1549=ORIENTED_EDGE('',*,*,#1045,.T.);
#1550=ORIENTED_EDGE('',*,*,#1120,.T.);
#1551=ORIENTED_EDGE('',*,*,#1121,.T.);
#1552=ORIENTED_EDGE('',*,*,#1120,.F.);
#1553=ORIENTED_EDGE('',*,*,#1044,.T.);
#1554=ORIENTED_EDGE('',*,*,#1122,.T.);
#1555=ORIENTED_EDGE('',*,*,#1123,.T.);
#1556=ORIENTED_EDGE('',*,*,#1124,.T.);
#1557=ORIENTED_EDGE('',*,*,#1122,.F.);
#1558=ORIENTED_EDGE('',*,*,#1043,.T.);
#1559=ORIENTED_EDGE('',*,*,#1098,.F.);
#1560=ORIENTED_EDGE('',*,*,#1125,.F.);
#1561=ORIENTED_EDGE('',*,*,#976,.F.);
#1562=ORIENTED_EDGE('',*,*,#1104,.T.);
#1563=ORIENTED_EDGE('',*,*,#1117,.F.);
#1564=ORIENTED_EDGE('',*,*,#1126,.T.);
#1565=ORIENTED_EDGE('',*,*,#1114,.F.);
#1566=ORIENTED_EDGE('',*,*,#1127,.F.);
#1567=ORIENTED_EDGE('',*,*,#972,.F.);
#1568=ORIENTED_EDGE('',*,*,#1116,.F.);
#1569=ORIENTED_EDGE('',*,*,#1126,.F.);
#1570=ORIENTED_EDGE('',*,*,#977,.F.);
#1571=ORIENTED_EDGE('',*,*,#1125,.T.);
#1572=ORIENTED_EDGE('',*,*,#1128,.T.);
#1573=ORIENTED_EDGE('',*,*,#1109,.F.);
#1574=ORIENTED_EDGE('',*,*,#1099,.F.);
#1575=ORIENTED_EDGE('',*,*,#974,.F.);
#1576=ORIENTED_EDGE('',*,*,#1112,.F.);
#1577=ORIENTED_EDGE('',*,*,#1128,.F.);
#1578=ORIENTED_EDGE('',*,*,#973,.F.);
#1579=ORIENTED_EDGE('',*,*,#1127,.T.);
#1580=ORIENTED_EDGE('',*,*,#1093,.T.);
#1581=ORIENTED_EDGE('',*,*,#969,.F.);
#1582=ORIENTED_EDGE('',*,*,#1129,.F.);
#1583=ORIENTED_EDGE('',*,*,#1094,.T.);
#1584=ORIENTED_EDGE('',*,*,#1129,.T.);
#1585=ORIENTED_EDGE('',*,*,#968,.F.);
#1586=ORIENTED_EDGE('',*,*,#1091,.T.);
#1587=ORIENTED_EDGE('',*,*,#1095,.T.);
#1588=ORIENTED_EDGE('',*,*,#1130,.T.);
#1589=ORIENTED_EDGE('',*,*,#1131,.T.);
#1590=ORIENTED_EDGE('',*,*,#1132,.T.);
#1591=ORIENTED_EDGE('',*,*,#1133,.T.);
#1592=ORIENTED_EDGE('',*,*,#954,.F.);
#1593=ORIENTED_EDGE('',*,*,#965,.T.);
#1594=ORIENTED_EDGE('',*,*,#1134,.T.);
#1595=ORIENTED_EDGE('',*,*,#1135,.F.);
#1596=ORIENTED_EDGE('',*,*,#944,.F.);
#1597=ORIENTED_EDGE('',*,*,#979,.T.);
#1598=ORIENTED_EDGE('',*,*,#980,.T.);
#1599=ORIENTED_EDGE('',*,*,#926,.T.);
#1600=ORIENTED_EDGE('',*,*,#929,.T.);
#1601=ORIENTED_EDGE('',*,*,#931,.T.);
#1602=ORIENTED_EDGE('',*,*,#1013,.T.);
#1603=ORIENTED_EDGE('',*,*,#1016,.T.);
#1604=ORIENTED_EDGE('',*,*,#1060,.T.);
#1605=ORIENTED_EDGE('',*,*,#1061,.T.);
#1606=ORIENTED_EDGE('',*,*,#1008,.T.);
#1607=ORIENTED_EDGE('',*,*,#946,.F.);
#1608=ORIENTED_EDGE('',*,*,#1136,.F.);
#1609=ORIENTED_EDGE('',*,*,#1137,.T.);
#1610=ORIENTED_EDGE('',*,*,#963,.T.);
#1611=ORIENTED_EDGE('',*,*,#1011,.F.);
#1612=ORIENTED_EDGE('',*,*,#1138,.T.);
#1613=ORIENTED_EDGE('',*,*,#1139,.T.);
#1614=ORIENTED_EDGE('',*,*,#1132,.F.);
#1615=ORIENTED_EDGE('',*,*,#1140,.F.);
#1616=ORIENTED_EDGE('',*,*,#1141,.T.);
#1617=ORIENTED_EDGE('',*,*,#1142,.T.);
#1618=ORIENTED_EDGE('',*,*,#1133,.F.);
#1619=ORIENTED_EDGE('',*,*,#1139,.F.);
#1620=ORIENTED_EDGE('',*,*,#1143,.T.);
#1621=ORIENTED_EDGE('',*,*,#1144,.T.);
#1622=ORIENTED_EDGE('',*,*,#1130,.F.);
#1623=ORIENTED_EDGE('',*,*,#1142,.F.);
#1624=ORIENTED_EDGE('',*,*,#1145,.T.);
#1625=ORIENTED_EDGE('',*,*,#1140,.T.);
#1626=ORIENTED_EDGE('',*,*,#1131,.F.);
#1627=ORIENTED_EDGE('',*,*,#1144,.F.);
#1628=ORIENTED_EDGE('',*,*,#1146,.F.);
#1629=ORIENTED_EDGE('',*,*,#1124,.F.);
#1630=ORIENTED_EDGE('',*,*,#1103,.T.);
#1631=ORIENTED_EDGE('',*,*,#1147,.F.);
#1632=ORIENTED_EDGE('',*,*,#1148,.T.);
#1633=ORIENTED_EDGE('',*,*,#1149,.F.);
#1634=ORIENTED_EDGE('',*,*,#1150,.F.);
#1635=ORIENTED_EDGE('',*,*,#1151,.F.);
#1636=ORIENTED_EDGE('',*,*,#1147,.T.);
#1637=ORIENTED_EDGE('',*,*,#1102,.F.);
#1638=ORIENTED_EDGE('',*,*,#1138,.F.);
#1639=ORIENTED_EDGE('',*,*,#1145,.F.);
#1640=ORIENTED_EDGE('',*,*,#1143,.F.);
#1641=ORIENTED_EDGE('',*,*,#1141,.F.);
#1642=ORIENTED_EDGE('',*,*,#1101,.T.);
#1643=ORIENTED_EDGE('',*,*,#1106,.F.);
#1644=ORIENTED_EDGE('',*,*,#1152,.T.);
#1645=ORIENTED_EDGE('',*,*,#1148,.F.);
#1646=ORIENTED_EDGE('',*,*,#1135,.T.);
#1647=ORIENTED_EDGE('',*,*,#1153,.T.);
#1648=ORIENTED_EDGE('',*,*,#1136,.T.);
#1649=ORIENTED_EDGE('',*,*,#945,.T.);
#1650=ORIENTED_EDGE('',*,*,#1137,.F.);
#1651=ORIENTED_EDGE('',*,*,#1153,.F.);
#1652=ORIENTED_EDGE('',*,*,#1134,.F.);
#1653=ORIENTED_EDGE('',*,*,#964,.F.);
#1654=ORIENTED_EDGE('',*,*,#1152,.F.);
#1655=ORIENTED_EDGE('',*,*,#1119,.F.);
#1656=ORIENTED_EDGE('',*,*,#1154,.T.);
#1657=ORIENTED_EDGE('',*,*,#1149,.T.);
#1658=ORIENTED_EDGE('',*,*,#1155,.F.);
#1659=ORIENTED_EDGE('',*,*,#1123,.F.);
#1660=ORIENTED_EDGE('',*,*,#1146,.T.);
#1661=ORIENTED_EDGE('',*,*,#1151,.T.);
#1662=ORIENTED_EDGE('',*,*,#1154,.F.);
#1663=ORIENTED_EDGE('',*,*,#1121,.F.);
#1664=ORIENTED_EDGE('',*,*,#1155,.T.);
#1665=ORIENTED_EDGE('',*,*,#1150,.T.);
#1666=ORIENTED_EDGE('',*,*,#1156,.F.);
#1667=ORIENTED_EDGE('',*,*,#1157,.T.);
#1668=ORIENTED_EDGE('',*,*,#1158,.F.);
#1669=ORIENTED_EDGE('',*,*,#1159,.F.);
#1670=ORIENTED_EDGE('',*,*,#1160,.F.);
#1671=ORIENTED_EDGE('',*,*,#1159,.T.);
#1672=ORIENTED_EDGE('',*,*,#1161,.F.);
#1673=ORIENTED_EDGE('',*,*,#1162,.F.);
#1674=ORIENTED_EDGE('',*,*,#1163,.F.);
#1675=ORIENTED_EDGE('',*,*,#1162,.T.);
#1676=ORIENTED_EDGE('',*,*,#1164,.F.);
#1677=ORIENTED_EDGE('',*,*,#1165,.F.);
#1678=ORIENTED_EDGE('',*,*,#1166,.F.);
#1679=ORIENTED_EDGE('',*,*,#1165,.T.);
#1680=ORIENTED_EDGE('',*,*,#1167,.F.);
#1681=ORIENTED_EDGE('',*,*,#1168,.F.);
#1682=ORIENTED_EDGE('',*,*,#1169,.F.);
#1683=ORIENTED_EDGE('',*,*,#1168,.T.);
#1684=ORIENTED_EDGE('',*,*,#1170,.F.);
#1685=ORIENTED_EDGE('',*,*,#1171,.F.);
#1686=ORIENTED_EDGE('',*,*,#1172,.F.);
#1687=ORIENTED_EDGE('',*,*,#1171,.T.);
#1688=ORIENTED_EDGE('',*,*,#1173,.F.);
#1689=ORIENTED_EDGE('',*,*,#1157,.F.);
#1690=ORIENTED_EDGE('',*,*,#1172,.T.);
#1691=ORIENTED_EDGE('',*,*,#1156,.T.);
#1692=ORIENTED_EDGE('',*,*,#1160,.T.);
#1693=ORIENTED_EDGE('',*,*,#1163,.T.);
#1694=ORIENTED_EDGE('',*,*,#1166,.T.);
#1695=ORIENTED_EDGE('',*,*,#1169,.T.);
#1696=ORIENTED_EDGE('',*,*,#1173,.T.);
#1697=ORIENTED_EDGE('',*,*,#1170,.T.);
#1698=ORIENTED_EDGE('',*,*,#1167,.T.);
#1699=ORIENTED_EDGE('',*,*,#1164,.T.);
#1700=ORIENTED_EDGE('',*,*,#1161,.T.);
#1701=ORIENTED_EDGE('',*,*,#1158,.T.);
#1702=ORIENTED_EDGE('',*,*,#1174,.T.);
#1703=ORIENTED_EDGE('',*,*,#1175,.T.);
#1704=ORIENTED_EDGE('',*,*,#1176,.F.);
#1705=ORIENTED_EDGE('',*,*,#1177,.F.);
#1706=ORIENTED_EDGE('',*,*,#1178,.T.);
#1707=ORIENTED_EDGE('',*,*,#1177,.T.);
#1708=ORIENTED_EDGE('',*,*,#1179,.F.);
#1709=ORIENTED_EDGE('',*,*,#1180,.F.);
#1710=ORIENTED_EDGE('',*,*,#1181,.T.);
#1711=ORIENTED_EDGE('',*,*,#1180,.T.);
#1712=ORIENTED_EDGE('',*,*,#1182,.F.);
#1713=ORIENTED_EDGE('',*,*,#1183,.F.);
#1714=ORIENTED_EDGE('',*,*,#1184,.T.);
#1715=ORIENTED_EDGE('',*,*,#1183,.T.);
#1716=ORIENTED_EDGE('',*,*,#1185,.F.);
#1717=ORIENTED_EDGE('',*,*,#1186,.F.);
#1718=ORIENTED_EDGE('',*,*,#1187,.T.);
#1719=ORIENTED_EDGE('',*,*,#1186,.T.);
#1720=ORIENTED_EDGE('',*,*,#1188,.F.);
#1721=ORIENTED_EDGE('',*,*,#1189,.F.);
#1722=ORIENTED_EDGE('',*,*,#1190,.T.);
#1723=ORIENTED_EDGE('',*,*,#1189,.T.);
#1724=ORIENTED_EDGE('',*,*,#1191,.F.);
#1725=ORIENTED_EDGE('',*,*,#1175,.F.);
#1726=ORIENTED_EDGE('',*,*,#1190,.F.);
#1727=ORIENTED_EDGE('',*,*,#1174,.F.);
#1728=ORIENTED_EDGE('',*,*,#1178,.F.);
#1729=ORIENTED_EDGE('',*,*,#1181,.F.);
#1730=ORIENTED_EDGE('',*,*,#1184,.F.);
#1731=ORIENTED_EDGE('',*,*,#1187,.F.);
#1732=ORIENTED_EDGE('',*,*,#1191,.T.);
#1733=ORIENTED_EDGE('',*,*,#1188,.T.);
#1734=ORIENTED_EDGE('',*,*,#1185,.T.);
#1735=ORIENTED_EDGE('',*,*,#1182,.T.);
#1736=ORIENTED_EDGE('',*,*,#1179,.T.);
#1737=ORIENTED_EDGE('',*,*,#1176,.T.);
#1738=PLANE('',#1947);
#1739=PLANE('',#1948);
#1740=PLANE('',#1949);
#1741=PLANE('',#1950);
#1742=PLANE('',#1951);
#1743=PLANE('',#1952);
#1744=PLANE('',#1954);
#1745=PLANE('',#1956);
#1746=PLANE('',#1957);
#1747=PLANE('',#1964);
#1748=PLANE('',#1965);
#1749=PLANE('',#1966);
#1750=PLANE('',#1967);
#1751=PLANE('',#1978);
#1752=PLANE('',#1979);
#1753=PLANE('',#1981);
#1754=PLANE('',#1982);
#1755=PLANE('',#1983);
#1756=PLANE('',#1984);
#1757=PLANE('',#1985);
#1758=PLANE('',#1987);
#1759=PLANE('',#1996);
#1760=PLANE('',#1998);
#1761=PLANE('',#1999);
#1762=PLANE('',#2006);
#1763=PLANE('',#2008);
#1764=PLANE('',#2009);
#1765=PLANE('',#2010);
#1766=PLANE('',#2012);
#1767=PLANE('',#2013);
#1768=PLANE('',#2015);
#1769=PLANE('',#2016);
#1770=PLANE('',#2017);
#1771=PLANE('',#2024);
#1772=PLANE('',#2026);
#1773=PLANE('',#2028);
#1774=PLANE('',#2029);
#1775=PLANE('',#2030);
#1776=PLANE('',#2032);
#1777=PLANE('',#2034);
#1778=PLANE('',#2035);
#1779=PLANE('',#2036);
#1780=PLANE('',#2039);
#1781=PLANE('',#2040);
#1782=PLANE('',#2041);
#1783=PLANE('',#2042);
#1784=PLANE('',#2043);
#1785=PLANE('',#2044);
#1786=PLANE('',#2045);
#1787=PLANE('',#2046);
#1788=PLANE('',#2047);
#1789=PLANE('',#2048);
#1790=PLANE('',#2049);
#1791=PLANE('',#2052);
#1792=PLANE('',#2055);
#1793=PLANE('',#2058);
#1794=PLANE('',#2061);
#1795=PLANE('',#2062);
#1796=PLANE('',#2063);
#1797=PLANE('',#2065);
#1798=PLANE('',#2067);
#1799=PLANE('',#2068);
#1800=PLANE('',#2069);
#1801=PLANE('',#2072);
#1802=PLANE('',#2073);
#1803=PLANE('',#2076);
#1804=PLANE('',#2079);
#1805=PLANE('',#2080);
#1806=PLANE('',#2081);
#1807=PLANE('',#2084);
#1808=PLANE('',#2085);
#1809=PLANE('',#2086);
#1810=PLANE('',#2089);
#1811=PLANE('',#2090);
#1812=PLANE('',#2091);
#1813=PLANE('',#2092);
#1814=PLANE('',#2093);
#1815=PLANE('',#2094);
#1816=PLANE('',#2095);
#1817=PLANE('',#2096);
#1818=PLANE('',#2097);
#1819=PLANE('',#2098);
#1820=PLANE('',#2099);
#1821=PLANE('',#2100);
#1822=PLANE('',#2101);
#1823=PLANE('',#2102);
#1824=PLANE('',#2103);
#1825=PLANE('',#2104);
#1826=PLANE('',#2105);
#1827=ADVANCED_FACE('',(#101),#1738,.T.);
#1828=ADVANCED_FACE('',(#102),#1739,.F.);
#1829=ADVANCED_FACE('',(#103),#1740,.F.);
#1830=ADVANCED_FACE('',(#104),#1741,.F.);
#1831=ADVANCED_FACE('',(#105),#1742,.T.);
#1832=ADVANCED_FACE('',(#106),#1743,.F.);
#1833=ADVANCED_FACE('',(#107),#1744,.F.);
#1834=ADVANCED_FACE('',(#108),#1745,.T.);
#1835=ADVANCED_FACE('',(#109,#41,#42),#1746,.F.);
#1836=ADVANCED_FACE('',(#110),#1747,.F.);
#1837=ADVANCED_FACE('',(#111),#1748,.F.);
#1838=ADVANCED_FACE('',(#112),#1749,.F.);
#1839=ADVANCED_FACE('',(#113),#1750,.T.);
#1840=ADVANCED_FACE('',(#114),#31,.T.);
#1841=ADVANCED_FACE('',(#115),#1751,.F.);
#1842=ADVANCED_FACE('',(#116),#1752,.F.);
#1843=ADVANCED_FACE('',(#117),#1753,.T.);
#1844=ADVANCED_FACE('',(#118),#1754,.F.);
#1845=ADVANCED_FACE('',(#119),#1755,.T.);
#1846=ADVANCED_FACE('',(#120),#1756,.F.);
#1847=ADVANCED_FACE('',(#121),#1757,.F.);
#1848=ADVANCED_FACE('',(#122),#1758,.F.);
#1849=ADVANCED_FACE('',(#123),#32,.T.);
#1850=ADVANCED_FACE('',(#124),#1759,.F.);
#1851=ADVANCED_FACE('',(#125),#1760,.T.);
#1852=ADVANCED_FACE('',(#126,#43),#1761,.T.);
#1853=ADVANCED_FACE('',(#127),#1762,.F.);
#1854=ADVANCED_FACE('',(#128),#1763,.F.);
#1855=ADVANCED_FACE('',(#129),#1764,.F.);
#1856=ADVANCED_FACE('',(#130),#1765,.F.);
#1857=ADVANCED_FACE('',(#131),#1766,.F.);
#1858=ADVANCED_FACE('',(#132),#1767,.F.);
#1859=ADVANCED_FACE('',(#133),#1768,.F.);
#1860=ADVANCED_FACE('',(#134),#1769,.F.);
#1861=ADVANCED_FACE('',(#135),#1770,.F.);
#1862=ADVANCED_FACE('',(#136),#33,.T.);
#1863=ADVANCED_FACE('',(#137),#1771,.F.);
#1864=ADVANCED_FACE('',(#138),#1772,.F.);
#1865=ADVANCED_FACE('',(#139),#1773,.T.);
#1866=ADVANCED_FACE('',(#140),#1774,.F.);
#1867=ADVANCED_FACE('',(#141),#1775,.F.);
#1868=ADVANCED_FACE('',(#142),#1776,.F.);
#1869=ADVANCED_FACE('',(#143),#1777,.F.);
#1870=ADVANCED_FACE('',(#144),#1778,.T.);
#1871=ADVANCED_FACE('',(#145),#1779,.F.);
#1872=ADVANCED_FACE('',(#146),#34,.T.);
#1873=ADVANCED_FACE('',(#147),#1780,.T.);
#1874=ADVANCED_FACE('',(#148),#1781,.T.);
#1875=ADVANCED_FACE('',(#149),#1782,.F.);
#1876=ADVANCED_FACE('',(#150),#1783,.T.);
#1877=ADVANCED_FACE('',(#151),#1784,.T.);
#1878=ADVANCED_FACE('',(#152),#1785,.T.);
#1879=ADVANCED_FACE('',(#153),#1786,.T.);
#1880=ADVANCED_FACE('',(#154),#1787,.F.);
#1881=ADVANCED_FACE('',(#155),#1788,.T.);
#1882=ADVANCED_FACE('',(#156),#1789,.T.);
#1883=ADVANCED_FACE('',(#157),#1790,.T.);
#1884=ADVANCED_FACE('',(#158),#27,.F.);
#1885=ADVANCED_FACE('',(#159),#1791,.T.);
#1886=ADVANCED_FACE('',(#160),#28,.F.);
#1887=ADVANCED_FACE('',(#161),#1792,.T.);
#1888=ADVANCED_FACE('',(#162),#29,.T.);
#1889=ADVANCED_FACE('',(#163),#1793,.T.);
#1890=ADVANCED_FACE('',(#164),#30,.T.);
#1891=ADVANCED_FACE('',(#165),#1794,.T.);
#1892=ADVANCED_FACE('',(#166),#1795,.F.);
#1893=ADVANCED_FACE('',(#167),#1796,.F.);
#1894=ADVANCED_FACE('',(#168),#35,.F.);
#1895=ADVANCED_FACE('',(#169),#1797,.F.);
#1896=ADVANCED_FACE('',(#170),#36,.F.);
#1897=ADVANCED_FACE('',(#171),#1798,.T.);
#1898=ADVANCED_FACE('',(#172),#1799,.T.);
#1899=ADVANCED_FACE('',(#173),#1800,.F.);
#1900=ADVANCED_FACE('',(#174),#1801,.T.);
#1901=ADVANCED_FACE('',(#175),#1802,.T.);
#1902=ADVANCED_FACE('',(#176),#37,.T.);
#1903=ADVANCED_FACE('',(#177),#1803,.F.);
#1904=ADVANCED_FACE('',(#178),#38,.T.);
#1905=ADVANCED_FACE('',(#179),#1804,.F.);
#1906=ADVANCED_FACE('',(#180),#1805,.T.);
#1907=ADVANCED_FACE('',(#181,#44),#1806,.F.);
#1908=ADVANCED_FACE('',(#182),#1807,.T.);
#1909=ADVANCED_FACE('',(#183),#1808,.T.);
#1910=ADVANCED_FACE('',(#184),#1809,.F.);
#1911=ADVANCED_FACE('',(#185),#39,.T.);
#1912=ADVANCED_FACE('',(#186),#40,.T.);
#1913=ADVANCED_FACE('',(#187),#1810,.T.);
#1914=ADVANCED_FACE('',(#188),#1811,.T.);
#1915=ADVANCED_FACE('',(#189),#1812,.T.);
#1916=ADVANCED_FACE('',(#190),#1813,.T.);
#1917=ADVANCED_FACE('',(#191),#1814,.T.);
#1918=ADVANCED_FACE('',(#192),#1815,.T.);
#1919=ADVANCED_FACE('',(#193),#1816,.T.);
#1920=ADVANCED_FACE('',(#194),#1817,.T.);
#1921=ADVANCED_FACE('',(#195),#1818,.F.);
#1922=ADVANCED_FACE('',(#196),#1819,.T.);
#1923=ADVANCED_FACE('',(#197),#1820,.T.);
#1924=ADVANCED_FACE('',(#198),#1821,.T.);
#1925=ADVANCED_FACE('',(#199),#1822,.T.);
#1926=ADVANCED_FACE('',(#200),#1823,.T.);
#1927=ADVANCED_FACE('',(#201),#1824,.T.);
#1928=ADVANCED_FACE('',(#202),#1825,.T.);
#1929=ADVANCED_FACE('',(#203),#1826,.T.);
#1930=CLOSED_SHELL('',(#1827,#1828,#1829,#1830,#1831,#1832,#1833,#1834,
#1835,#1836,#1837,#1838,#1839,#1840,#1841,#1842,#1843,#1844,#1845,#1846,
#1847,#1848,#1849,#1850,#1851,#1852,#1853,#1854,#1855,#1856,#1857,#1858,
#1859,#1860,#1861,#1862,#1863,#1864,#1865,#1866,#1867,#1868,#1869,#1870,
#1871,#1872,#1873,#1874,#1875,#1876,#1877,#1878,#1879,#1880,#1881,#1882,
#1883,#1884,#1885,#1886,#1887,#1888,#1889,#1890,#1891,#1892,#1893,#1894,
#1895,#1896,#1897,#1898,#1899,#1900,#1901,#1902,#1903,#1904,#1905,#1906,
#1907,#1908,#1909,#1910,#1911,#1912,#1913));
#1931=CLOSED_SHELL('',(#1914,#1915,#1916,#1917,#1918,#1919,#1920,#1921));
#1932=CLOSED_SHELL('',(#1922,#1923,#1924,#1925,#1926,#1927,#1928,#1929));
#1933=DERIVED_UNIT_ELEMENT(#1935,1.);
#1934=DERIVED_UNIT_ELEMENT(#3218,-3.);
#1935=(
MASS_UNIT()
NAMED_UNIT(*)
SI_UNIT(.KILO.,.GRAM.)
);
#1936=DERIVED_UNIT((#1933,#1934));
#1937=MEASURE_REPRESENTATION_ITEM('density measure',
POSITIVE_RATIO_MEASURE(7850.),#1936);
#1938=PROPERTY_DEFINITION_REPRESENTATION(#1943,#1940);
#1939=PROPERTY_DEFINITION_REPRESENTATION(#1944,#1941);
#1940=REPRESENTATION('material name',(#1942),#3215);
#1941=REPRESENTATION('density',(#1937),#3215);
#1942=DESCRIPTIVE_REPRESENTATION_ITEM('Steel','Steel');
#1943=PROPERTY_DEFINITION('material property','material name',#3230);
#1944=PROPERTY_DEFINITION('material property','density of part',#3230);
#1945=AXIS2_PLACEMENT_3D('',#2646,#2107,#2108);
#1946=AXIS2_PLACEMENT_3D('',#2647,#2109,#2110);
#1947=AXIS2_PLACEMENT_3D('',#2648,#2111,#2112);
#1948=AXIS2_PLACEMENT_3D('',#2661,#2119,#2120);
#1949=AXIS2_PLACEMENT_3D('',#2667,#2124,#2125);
#1950=AXIS2_PLACEMENT_3D('',#2671,#2128,#2129);
#1951=AXIS2_PLACEMENT_3D('',#2675,#2132,#2133);
#1952=AXIS2_PLACEMENT_3D('',#2688,#2140,#2141);
#1953=AXIS2_PLACEMENT_3D('',#2692,#2143,#2144);
#1954=AXIS2_PLACEMENT_3D('',#2694,#2146,#2147);
#1955=AXIS2_PLACEMENT_3D('',#2697,#2149,#2150);
#1956=AXIS2_PLACEMENT_3D('',#2698,#2151,#2152);
#1957=AXIS2_PLACEMENT_3D('',#2721,#2165,#2166);
#1958=AXIS2_PLACEMENT_3D('',#2723,#2167,#2168);
#1959=AXIS2_PLACEMENT_3D('',#2727,#2170,#2171);
#1960=AXIS2_PLACEMENT_3D('',#2731,#2173,#2174);
#1961=AXIS2_PLACEMENT_3D('',#2735,#2176,#2177);
#1962=AXIS2_PLACEMENT_3D('',#2759,#2189,#2190);
#1963=AXIS2_PLACEMENT_3D('',#2766,#2194,#2195);
#1964=AXIS2_PLACEMENT_3D('',#2767,#2196,#2197);
#1965=AXIS2_PLACEMENT_3D('',#2771,#2200,#2201);
#1966=AXIS2_PLACEMENT_3D('',#2773,#2203,#2204);
#1967=AXIS2_PLACEMENT_3D('',#2782,#2209,#2210);
#1968=AXIS2_PLACEMENT_3D('',#2785,#2213,#2214);
#1969=AXIS2_PLACEMENT_3D('',#2787,#2215,#2216);
#1970=AXIS2_PLACEMENT_3D('',#2789,#2217,#2218);
#1971=AXIS2_PLACEMENT_3D('',#2791,#2219,#2220);
#1972=AXIS2_PLACEMENT_3D('',#2795,#2222,#2223);
#1973=AXIS2_PLACEMENT_3D('',#2797,#2224,#2225);
#1974=AXIS2_PLACEMENT_3D('',#2802,#2228,#2229);
#1975=AXIS2_PLACEMENT_3D('',#2804,#2230,#2231);
#1976=AXIS2_PLACEMENT_3D('',#2808,#2233,#2234);
#1977=AXIS2_PLACEMENT_3D('',#2810,#2235,#2236);
#1978=AXIS2_PLACEMENT_3D('',#2812,#2238,#2239);
#1979=AXIS2_PLACEMENT_3D('',#2818,#2243,#2244);
#1980=AXIS2_PLACEMENT_3D('',#2821,#2246,#2247);
#1981=AXIS2_PLACEMENT_3D('',#2822,#2248,#2249);
#1982=AXIS2_PLACEMENT_3D('',#2826,#2252,#2253);
#1983=AXIS2_PLACEMENT_3D('',#2830,#2256,#2257);
#1984=AXIS2_PLACEMENT_3D('',#2834,#2260,#2261);
#1985=AXIS2_PLACEMENT_3D('',#2838,#2264,#2265);
#1986=AXIS2_PLACEMENT_3D('',#2839,#2266,#2267);
#1987=AXIS2_PLACEMENT_3D('',#2840,#2268,#2269);
#1988=AXIS2_PLACEMENT_3D('',#2844,#2272,#2273);
#1989=AXIS2_PLACEMENT_3D('',#2847,#2274,#2275);
#1990=AXIS2_PLACEMENT_3D('',#2850,#2277,#2278);
#1991=AXIS2_PLACEMENT_3D('',#2852,#2279,#2280);
#1992=AXIS2_PLACEMENT_3D('',#2855,#2282,#2283);
#1993=AXIS2_PLACEMENT_3D('',#2859,#2285,#2286);
#1994=AXIS2_PLACEMENT_3D('',#2861,#2287,#2288);
#1995=AXIS2_PLACEMENT_3D('',#2864,#2290,#2291);
#1996=AXIS2_PLACEMENT_3D('',#2865,#2292,#2293);
#1997=AXIS2_PLACEMENT_3D('',#2869,#2295,#2296);
#1998=AXIS2_PLACEMENT_3D('',#2871,#2298,#2299);
#1999=AXIS2_PLACEMENT_3D('',#2877,#2303,#2304);
#2000=AXIS2_PLACEMENT_3D('',#2881,#2306,#2307);
#2001=AXIS2_PLACEMENT_3D('',#2884,#2309,#2310);
#2002=AXIS2_PLACEMENT_3D('',#2887,#2311,#2312);
#2003=AXIS2_PLACEMENT_3D('',#2891,#2314,#2315);
#2004=AXIS2_PLACEMENT_3D('',#2899,#2319,#2320);
#2005=AXIS2_PLACEMENT_3D('',#2903,#2322,#2323);
#2006=AXIS2_PLACEMENT_3D('',#2909,#2327,#2328);
#2007=AXIS2_PLACEMENT_3D('',#2910,#2329,#2330);
#2008=AXIS2_PLACEMENT_3D('',#2911,#2331,#2332);
#2009=AXIS2_PLACEMENT_3D('',#2913,#2334,#2335);
#2010=AXIS2_PLACEMENT_3D('',#2915,#2337,#2338);
#2011=AXIS2_PLACEMENT_3D('',#2917,#2339,#2340);
#2012=AXIS2_PLACEMENT_3D('',#2919,#2342,#2343);
#2013=AXIS2_PLACEMENT_3D('',#2923,#2346,#2347);
#2014=AXIS2_PLACEMENT_3D('',#2925,#2348,#2349);
#2015=AXIS2_PLACEMENT_3D('',#2927,#2351,#2352);
#2016=AXIS2_PLACEMENT_3D('',#2931,#2355,#2356);
#2017=AXIS2_PLACEMENT_3D('',#2933,#2358,#2359);
#2018=AXIS2_PLACEMENT_3D('',#2935,#2360,#2361);
#2019=AXIS2_PLACEMENT_3D('',#2937,#2363,#2364);
#2020=AXIS2_PLACEMENT_3D('',#2940,#2365,#2366);
#2021=AXIS2_PLACEMENT_3D('',#2946,#2370,#2371);
#2022=AXIS2_PLACEMENT_3D('',#2948,#2372,#2373);
#2023=AXIS2_PLACEMENT_3D('',#2951,#2375,#2376);
#2024=AXIS2_PLACEMENT_3D('',#2952,#2377,#2378);
#2025=AXIS2_PLACEMENT_3D('',#2956,#2380,#2381);
#2026=AXIS2_PLACEMENT_3D('',#2958,#2383,#2384);
#2027=AXIS2_PLACEMENT_3D('',#2962,#2386,#2387);
#2028=AXIS2_PLACEMENT_3D('',#2964,#2389,#2390);
#2029=AXIS2_PLACEMENT_3D('',#2965,#2391,#2392);
#2030=AXIS2_PLACEMENT_3D('',#2971,#2396,#2397);
#2031=AXIS2_PLACEMENT_3D('',#2972,#2398,#2399);
#2032=AXIS2_PLACEMENT_3D('',#2973,#2400,#2401);
#2033=AXIS2_PLACEMENT_3D('',#2974,#2402,#2403);
#2034=AXIS2_PLACEMENT_3D('',#2975,#2404,#2405);
#2035=AXIS2_PLACEMENT_3D('',#2976,#2406,#2407);
#2036=AXIS2_PLACEMENT_3D('',#2980,#2410,#2411);
#2037=AXIS2_PLACEMENT_3D('',#2981,#2412,#2413);
#2038=AXIS2_PLACEMENT_3D('',#2982,#2414,#2415);
#2039=AXIS2_PLACEMENT_3D('',#2985,#2418,#2419);
#2040=AXIS2_PLACEMENT_3D('',#2986,#2420,#2421);
#2041=AXIS2_PLACEMENT_3D('',#2987,#2422,#2423);
#2042=AXIS2_PLACEMENT_3D('',#2991,#2426,#2427);
#2043=AXIS2_PLACEMENT_3D('',#2995,#2430,#2431);
#2044=AXIS2_PLACEMENT_3D('',#2999,#2434,#2435);
#2045=AXIS2_PLACEMENT_3D('',#3003,#2438,#2439);
#2046=AXIS2_PLACEMENT_3D('',#3009,#2443,#2444);
#2047=AXIS2_PLACEMENT_3D('',#3020,#2451,#2452);
#2048=AXIS2_PLACEMENT_3D('',#3025,#2456,#2457);
#2049=AXIS2_PLACEMENT_3D('',#3027,#2459,#2460);
#2050=AXIS2_PLACEMENT_3D('',#3031,#2463,#2464);
#2051=AXIS2_PLACEMENT_3D('',#3034,#2466,#2467);
#2052=AXIS2_PLACEMENT_3D('',#3035,#2468,#2469);
#2053=AXIS2_PLACEMENT_3D('',#3039,#2472,#2473);
#2054=AXIS2_PLACEMENT_3D('',#3042,#2475,#2476);
#2055=AXIS2_PLACEMENT_3D('',#3043,#2477,#2478);
#2056=AXIS2_PLACEMENT_3D('',#3045,#2480,#2481);
#2057=AXIS2_PLACEMENT_3D('',#3048,#2483,#2484);
#2058=AXIS2_PLACEMENT_3D('',#3049,#2485,#2486);
#2059=AXIS2_PLACEMENT_3D('',#3053,#2489,#2490);
#2060=AXIS2_PLACEMENT_3D('',#3056,#2492,#2493);
#2061=AXIS2_PLACEMENT_3D('',#3057,#2494,#2495);
#2062=AXIS2_PLACEMENT_3D('',#3059,#2497,#2498);
#2063=AXIS2_PLACEMENT_3D('',#3061,#2500,#2501);
#2064=AXIS2_PLACEMENT_3D('',#3064,#2504,#2505);
#2065=AXIS2_PLACEMENT_3D('',#3065,#2506,#2507);
#2066=AXIS2_PLACEMENT_3D('',#3067,#2509,#2510);
#2067=AXIS2_PLACEMENT_3D('',#3068,#2511,#2512);
#2068=AXIS2_PLACEMENT_3D('',#3070,#2514,#2515);
#2069=AXIS2_PLACEMENT_3D('',#3071,#2516,#2517);
#2070=AXIS2_PLACEMENT_3D('',#3074,#2518,#2519);
#2071=AXIS2_PLACEMENT_3D('',#3078,#2521,#2522);
#2072=AXIS2_PLACEMENT_3D('',#3080,#2524,#2525);
#2073=AXIS2_PLACEMENT_3D('',#3084,#2528,#2529);
#2074=AXIS2_PLACEMENT_3D('',#3088,#2532,#2533);
#2075=AXIS2_PLACEMENT_3D('',#3091,#2534,#2535);
#2076=AXIS2_PLACEMENT_3D('',#3094,#2538,#2539);
#2077=AXIS2_PLACEMENT_3D('',#3098,#2542,#2543);
#2078=AXIS2_PLACEMENT_3D('',#3100,#2544,#2545);
#2079=AXIS2_PLACEMENT_3D('',#3102,#2547,#2548);
#2080=AXIS2_PLACEMENT_3D('',#3104,#2550,#2551);
#2081=AXIS2_PLACEMENT_3D('',#3108,#2554,#2555);
#2082=AXIS2_PLACEMENT_3D('',#3112,#2557,#2558);
#2083=AXIS2_PLACEMENT_3D('',#3115,#2560,#2561);
#2084=AXIS2_PLACEMENT_3D('',#3116,#2562,#2563);
#2085=AXIS2_PLACEMENT_3D('',#3118,#2565,#2566);
#2086=AXIS2_PLACEMENT_3D('',#3120,#2568,#2569);
#2087=AXIS2_PLACEMENT_3D('',#3121,#2570,#2571);
#2088=AXIS2_PLACEMENT_3D('',#3123,#2573,#2574);
#2089=AXIS2_PLACEMENT_3D('',#3125,#2576,#2577);
#2090=AXIS2_PLACEMENT_3D('',#3126,#2578,#2579);
#2091=AXIS2_PLACEMENT_3D('',#3135,#2584,#2585);
#2092=AXIS2_PLACEMENT_3D('',#3141,#2589,#2590);
#2093=AXIS2_PLACEMENT_3D('',#3147,#2594,#2595);
#2094=AXIS2_PLACEMENT_3D('',#3153,#2599,#2600);
#2095=AXIS2_PLACEMENT_3D('',#3167,#2602,#2603);
#2096=AXIS2_PLACEMENT_3D('',#3170,#2606,#2607);
#2097=AXIS2_PLACEMENT_3D('',#3171,#2608,#2609);
#2098=AXIS2_PLACEMENT_3D('',#3172,#2610,#2611);
#2099=AXIS2_PLACEMENT_3D('',#3181,#2616,#2617);
#2100=AXIS2_PLACEMENT_3D('',#3187,#2621,#2622);
#2101=AXIS2_PLACEMENT_3D('',#3193,#2626,#2627);
#2102=AXIS2_PLACEMENT_3D('',#3199,#2631,#2632);
#2103=AXIS2_PLACEMENT_3D('',#3205,#2636,#2637);
#2104=AXIS2_PLACEMENT_3D('',#3208,#2640,#2641);
#2105=AXIS2_PLACEMENT_3D('',#3209,#2642,#2643);
#2106=AXIS2_PLACEMENT_3D('',#3210,#2644,#2645);
#2107=DIRECTION('axis',(0.,0.,1.));
#2108=DIRECTION('refdir',(1.,0.,0.));
#2109=DIRECTION('axis',(0.,0.,1.));
#2110=DIRECTION('refdir',(1.,0.,0.));
#2111=DIRECTION('center_axis',(0.707106781186546,-0.707106781186549,-2.55344648206209E-34));
#2112=DIRECTION('ref_axis',(-3.61111864572608E-34,0.,-1.));
#2113=DIRECTION('',(-0.57734998241622,-0.577349982416218,-0.577350842736011));
#2114=DIRECTION('',(0.,-3.61111864572606E-34,1.));
#2115=DIRECTION('',(0.577350269189627,0.577350269189625,-0.577350269189625));
#2116=DIRECTION('',(0.707106781186549,0.707106781186546,0.));
#2117=DIRECTION('',(0.,0.,1.));
#2118=DIRECTION('',(-0.707106781186549,-0.707106781186546,1.3170890527582E-8));
#2119=DIRECTION('center_axis',(-1.30104260698261E-17,1.,3.61111864572606E-34));
#2120=DIRECTION('ref_axis',(2.77555756156293E-17,5.79321751111624E-48,1.));
#2121=DIRECTION('',(1.,1.30104260698261E-17,-3.46944695195361E-17));
#2122=DIRECTION('',(3.61111864572608E-34,3.61111864572606E-34,-1.));
#2123=DIRECTION('',(1.,1.30104260698261E-17,-3.46944695195361E-17));
#2124=DIRECTION('center_axis',(-3.37324437430902E-17,0.707107308022348,
-0.707106254350355));
#2125=DIRECTION('ref_axis',(9.81309980072264E-18,0.707106254350355,0.707107308022348));
#2126=DIRECTION('',(1.,-1.86264242093566E-8,-1.86264520126377E-8));
#2127=DIRECTION('',(-0.577349982416221,-0.577349982416218,-0.577350842736011));
#2128=DIRECTION('center_axis',(-1.86264520126377E-8,0.,-1.));
#2129=DIRECTION('ref_axis',(-1.,0.,1.86264520126377E-8));
#2130=DIRECTION('',(1.,0.,-1.86264520126377E-8));
#2131=DIRECTION('',(-0.707106781186549,-0.707106781186546,1.3170890527582E-8));
#2132=DIRECTION('center_axis',(-0.707106781186547,-0.707106781186548,-2.55344648206208E-34));
#2133=DIRECTION('ref_axis',(-3.61111864572607E-34,0.,1.));
#2134=DIRECTION('',(0.577350269189627,-0.577350269189625,0.577350269189625));
#2135=DIRECTION('',(-1.36026791405428E-49,3.61111864572606E-34,-1.));
#2136=DIRECTION('',(-0.57734998241622,0.577349982416219,0.577350842736012));
#2137=DIRECTION('',(-0.707106781186548,0.707106781186547,1.3170890527582E-8));
#2138=DIRECTION('',(0.,0.,1.));
#2139=DIRECTION('',(0.707106781186548,-0.707106781186547,0.));
#2140=DIRECTION('center_axis',(1.53329341668337E-17,0.707106781186548,0.707106781186548));
#2141=DIRECTION('ref_axis',(2.94392336003199E-17,-0.707106781186548,0.707106781186548));
#2142=DIRECTION('',(1.,-2.16840434497101E-17,0.));
#2143=DIRECTION('center_axis',(1.53329341668337E-17,0.707106781186548,0.707106781186548));
#2144=DIRECTION('ref_axis',(-4.9065389333868E-17,-0.707106781186547,0.707106781186547));
#2145=DIRECTION('',(1.,1.30104260698261E-17,-3.46944695195361E-17));
#2146=DIRECTION('center_axis',(0.,0.,1.));
#2147=DIRECTION('ref_axis',(0.,1.,0.));
#2148=DIRECTION('',(1.,0.,-3.46944695195361E-17));
#2149=DIRECTION('center_axis',(0.,0.,1.));
#2150=DIRECTION('ref_axis',(-0.707106781186548,-0.707106781186547,0.));
#2151=DIRECTION('center_axis',(0.,-1.,0.));
#2152=DIRECTION('ref_axis',(1.,0.,0.));
#2153=DIRECTION('',(1.,0.,-3.46944695195361E-17));
#2154=DIRECTION('',(0.,0.,1.));
#2155=DIRECTION('',(-1.,0.,0.));
#2156=DIRECTION('',(0.,0.,-1.));
#2157=DIRECTION('',(1.,0.,0.));
#2158=DIRECTION('',(0.,0.,-1.));
#2159=DIRECTION('',(1.,0.,0.));
#2160=DIRECTION('',(0.,0.,1.));
#2161=DIRECTION('',(1.,0.,-1.86264520126377E-8));
#2162=DIRECTION('',(0.,0.,1.));
#2163=DIRECTION('',(1.,0.,0.));
#2164=DIRECTION('',(0.,0.,1.));
#2165=DIRECTION('center_axis',(0.,0.,1.));
#2166=DIRECTION('ref_axis',(-1.,0.,0.));
#2167=DIRECTION('center_axis',(0.,0.,1.));
#2168=DIRECTION('ref_axis',(-0.707106781186548,-0.707106781186547,0.));
#2169=DIRECTION('',(-2.06990730163454E-16,1.,0.));
#2170=DIRECTION('center_axis',(0.,0.,1.));
#2171=DIRECTION('ref_axis',(-0.707106781186548,0.707106781186547,0.));
#2172=DIRECTION('',(-1.,0.,0.));
#2173=DIRECTION('center_axis',(0.,0.,1.));
#2174=DIRECTION('ref_axis',(0.707106781186547,0.707106781186547,0.));
#2175=DIRECTION('',(0.,-1.,0.));
#2176=DIRECTION('center_axis',(0.,0.,1.));
#2177=DIRECTION('ref_axis',(0.707106781186548,-0.707106781186547,0.));
#2178=DIRECTION('',(-1.,0.,0.));
#2179=DIRECTION('',(0.707106781186549,-0.707106781186546,0.));
#2180=DIRECTION('',(-1.,0.,0.));
#2181=DIRECTION('',(0.707106781186549,0.707106781186546,0.));
#2182=DIRECTION('',(-1.,0.,0.));
#2183=DIRECTION('',(0.,-1.,0.));
#2184=DIRECTION('',(1.,1.38777878078145E-17,0.));
#2185=DIRECTION('',(0.,1.,0.));
#2186=DIRECTION('',(1.,0.,0.));
#2187=DIRECTION('',(0.,-1.,0.));
#2188=DIRECTION('',(1.,-2.08166817117217E-16,0.));
#2189=DIRECTION('center_axis',(0.,0.,1.));
#2190=DIRECTION('ref_axis',(1.,-5.44676186921056E-16,0.));
#2191=DIRECTION('',(0.,1.,0.));
#2192=DIRECTION('',(-1.,0.,0.));
#2193=DIRECTION('',(0.,-1.,0.));
#2194=DIRECTION('center_axis',(0.,0.,1.));
#2195=DIRECTION('ref_axis',(0.,-1.,0.));
#2196=DIRECTION('center_axis',(0.,0.,1.));
#2197=DIRECTION('ref_axis',(0.,1.,0.));
#2198=DIRECTION('',(1.,-2.16840434497101E-17,0.));
#2199=DIRECTION('',(0.707106781186549,0.707106781186546,-2.45326946669341E-17));
#2200=DIRECTION('center_axis',(1.53329341668337E-17,0.707106781186548,0.707106781186548));
#2201=DIRECTION('ref_axis',(2.94392336003199E-17,-0.707106781186548,0.707106781186548));
#2202=DIRECTION('',(0.577350269189628,0.577350269189625,-0.577350269189625));
#2203=DIRECTION('center_axis',(1.,0.,0.));
#2204=DIRECTION('ref_axis',(0.,1.,0.));
#2205=DIRECTION('',(0.,0.,1.));
#2206=DIRECTION('',(0.,1.,0.));
#2207=DIRECTION('',(0.,0.98058067569092,0.196116135138184));
#2208=DIRECTION('',(0.,1.,0.));
#2209=DIRECTION('center_axis',(-0.707106781186549,0.,-0.707106781186546));
#2210=DIRECTION('ref_axis',(-0.707106781186546,0.,0.707106781186549));
#2211=DIRECTION('',(0.707106781186546,0.,-0.707106781186549));
#2212=DIRECTION('',(0.192450089729875,-0.962250448649376,-0.192450089729875));
#2213=DIRECTION('center_axis',(0.,0.,1.));
#2214=DIRECTION('ref_axis',(0.707106781186548,-0.707106781186547,0.));
#2215=DIRECTION('center_axis',(0.,0.,-1.));
#2216=DIRECTION('ref_axis',(0.707106781186548,-0.707106781186547,0.));
#2217=DIRECTION('center_axis',(0.,0.,1.));
#2218=DIRECTION('ref_axis',(0.707106781186548,-0.707106781186547,0.));
#2219=DIRECTION('center_axis',(1.53329341668337E-17,0.707106781186548,0.707106781186548));
#2220=DIRECTION('ref_axis',(-4.9065389333868E-17,-0.707106781186547,0.707106781186547));
#2221=DIRECTION('',(0.,0.,-1.));
#2222=DIRECTION('center_axis',(-3.37324437430902E-17,0.707107308022348,
-0.707106254350355));
#2223=DIRECTION('ref_axis',(-4.90653527772635E-17,-0.707106254350355,-0.707107308022347));
#2224=DIRECTION('center_axis',(0.,0.,-1.));
#2225=DIRECTION('ref_axis',(0.707106781186548,-0.707106781186547,0.));
#2226=DIRECTION('',(0.,0.,1.));
#2227=DIRECTION('',(0.,0.,1.));
#2228=DIRECTION('center_axis',(0.,0.,-1.));
#2229=DIRECTION('ref_axis',(0.707106781186548,-0.707106781186547,0.));
#2230=DIRECTION('center_axis',(-0.707100393318807,0.,-0.707113168996582));
#2231=DIRECTION('ref_axis',(0.707113168996582,9.81316651544581E-17,-0.707100393318807));
#2232=DIRECTION('',(0.,0.,1.));
#2233=DIRECTION('center_axis',(-0.707106504597685,0.,0.707107057775302));
#2234=DIRECTION('ref_axis',(0.707107057775302,9.81308170521363E-17,0.707106504597685));
#2235=DIRECTION('center_axis',(0.,0.,1.));
#2236=DIRECTION('ref_axis',(0.707106781186548,-0.707106781186547,0.));
#2237=DIRECTION('',(0.,0.,1.));
#2238=DIRECTION('center_axis',(-1.,0.,0.));
#2239=DIRECTION('ref_axis',(0.,0.,1.));
#2240=DIRECTION('',(0.,1.,0.));
#2241=DIRECTION('',(0.,0.,-1.));
#2242=DIRECTION('',(0.,-1.,0.));
#2243=DIRECTION('center_axis',(-0.707100393318807,0.,-0.707113168996582));
#2244=DIRECTION('ref_axis',(-0.707113168996582,0.,0.707100393318807));
#2245=DIRECTION('',(0.,-1.,0.));
#2246=DIRECTION('center_axis',(-0.707100393318807,0.,-0.707113168996582));
#2247=DIRECTION('ref_axis',(0.707113168996582,0.,-0.707100393318807));
#2248=DIRECTION('center_axis',(1.,0.,0.));
#2249=DIRECTION('ref_axis',(0.,1.,0.));
#2250=DIRECTION('',(0.,0.,-1.));
#2251=DIRECTION('',(0.,-1.,0.));
#2252=DIRECTION('center_axis',(0.,0.,1.));
#2253=DIRECTION('ref_axis',(0.,1.,0.));
#2254=DIRECTION('',(0.707106781186549,-0.707106781186546,-2.45326946669341E-17));
#2255=DIRECTION('',(-1.,2.16840434497101E-17,0.));
#2256=DIRECTION('center_axis',(0.,-1.,0.));
#2257=DIRECTION('ref_axis',(1.,0.,0.));
#2258=DIRECTION('',(-1.,0.,3.46944695195361E-17));
#2259=DIRECTION('',(0.,0.,-1.));
#2260=DIRECTION('center_axis',(0.,0.,-1.));
#2261=DIRECTION('ref_axis',(0.,1.,0.));
#2262=DIRECTION('',(-1.,-4.77048438905742E-17,0.));
#2263=DIRECTION('',(-0.707106781186549,0.707106781186546,2.45326946669341E-17));
#2264=DIRECTION('center_axis',(0.,0.,-1.));
#2265=DIRECTION('ref_axis',(0.,1.,0.));
#2266=DIRECTION('center_axis',(0.,0.,-1.));
#2267=DIRECTION('ref_axis',(0.707106781186547,0.707106781186547,0.));
#2268=DIRECTION('center_axis',(-3.37324437430902E-17,0.707107308022348,
-0.707106254350355));
#2269=DIRECTION('ref_axis',(9.81309980072264E-18,0.707106254350355,0.707107308022348));
#2270=DIRECTION('',(1.,1.30104260698261E-17,-3.46944695195361E-17));
#2271=DIRECTION('',(-0.577349982416221,0.577349982416218,0.577350842736011));
#2272=DIRECTION('center_axis',(0.,0.,1.));
#2273=DIRECTION('ref_axis',(-0.707106781186548,-0.707106781186547,0.));
#2274=DIRECTION('center_axis',(-1.86264520126377E-8,0.,-1.));
#2275=DIRECTION('ref_axis',(-0.707106781186548,-0.707106781186547,1.3170890527582E-8));
#2276=DIRECTION('',(0.,0.,-1.));
#2277=DIRECTION('center_axis',(-1.86264520126377E-8,0.,-1.));
#2278=DIRECTION('ref_axis',(-0.707106781186548,-0.707106781186547,1.3170890527582E-8));
#2279=DIRECTION('center_axis',(-3.37324437430902E-17,0.707107308022348,
-0.707106254350355));
#2280=DIRECTION('ref_axis',(-4.90653527772635E-17,-0.707106254350355,-0.707107308022348));
#2281=DIRECTION('',(0.,0.,1.));
#2282=DIRECTION('center_axis',(0.,0.,-1.));
#2283=DIRECTION('ref_axis',(-0.707106781186548,-0.707106781186547,0.));
#2284=DIRECTION('',(0.,0.,1.));
#2285=DIRECTION('center_axis',(0.,0.,1.));
#2286=DIRECTION('ref_axis',(-0.707106781186548,-0.707106781186547,0.));
#2287=DIRECTION('center_axis',(0.707106504597685,0.,0.707107057775302));
#2288=DIRECTION('ref_axis',(-0.707107057775302,-4.90654085260682E-17,0.707106504597685));
#2289=DIRECTION('',(0.,0.,-1.));
#2290=DIRECTION('center_axis',(0.70710922767525,0.,-0.70710433468938));
#2291=DIRECTION('ref_axis',(-0.70710433468938,-4.90652195740252E-17,-0.70710922767525));
#2292=DIRECTION('center_axis',(0.707106504597685,0.,0.707107057775302));
#2293=DIRECTION('ref_axis',(0.707107057775302,0.,-0.707106504597685));
#2294=DIRECTION('',(0.,1.,0.));
#2295=DIRECTION('center_axis',(0.707106504597685,0.,0.707107057775302));
#2296=DIRECTION('ref_axis',(-0.707107057775302,0.,0.707106504597685));
#2297=DIRECTION('',(0.,1.,0.));
#2298=DIRECTION('center_axis',(-1.,-2.06990730163454E-16,0.));
#2299=DIRECTION('ref_axis',(2.06990730163454E-16,-1.,0.));
#2300=DIRECTION('',(-2.06990730163454E-16,1.,0.));
#2301=DIRECTION('',(0.,0.,1.));
#2302=DIRECTION('',(2.06990730163454E-16,-1.,0.));
#2303=DIRECTION('center_axis',(0.,0.,1.));
#2304=DIRECTION('ref_axis',(-1.,0.,0.));
#2305=DIRECTION('',(0.,1.,0.));
#2306=DIRECTION('center_axis',(0.,0.,-1.));
#2307=DIRECTION('ref_axis',(0.707106781186547,0.707106781186547,0.));
#2308=DIRECTION('',(-1.,0.,0.));
#2309=DIRECTION('center_axis',(0.,0.,-1.));
#2310=DIRECTION('ref_axis',(-0.707106781186548,0.707106781186547,0.));
#2311=DIRECTION('center_axis',(0.,0.,1.));
#2312=DIRECTION('ref_axis',(1.,-5.44676186921056E-16,0.));
#2313=DIRECTION('',(1.,-2.08166817117217E-16,0.));
#2314=DIRECTION('center_axis',(0.,0.,1.));
#2315=DIRECTION('ref_axis',(0.,-1.,0.));
#2316=DIRECTION('',(0.,-1.,0.));
#2317=DIRECTION('',(-1.,0.,0.));
#2318=DIRECTION('',(0.,1.,0.));
#2319=DIRECTION('center_axis',(0.,0.,-1.));
#2320=DIRECTION('ref_axis',(0.,-1.,0.));
#2321=DIRECTION('',(-1.,1.38777878078145E-16,0.));
#2322=DIRECTION('center_axis',(0.,0.,-1.));
#2323=DIRECTION('ref_axis',(1.,0.,0.));
#2324=DIRECTION('',(0.,-1.,0.));
#2325=DIRECTION('',(-1.,0.,0.));
#2326=DIRECTION('',(0.,1.,0.));
#2327=DIRECTION('center_axis',(0.,0.,1.));
#2328=DIRECTION('ref_axis',(0.,1.,0.));
#2329=DIRECTION('center_axis',(0.,0.,1.));
#2330=DIRECTION('ref_axis',(-0.707106781186548,0.707106781186547,0.));
#2331=DIRECTION('center_axis',(-1.86264520126377E-8,0.,-1.));
#2332=DIRECTION('ref_axis',(-1.,0.,1.86264520126377E-8));
#2333=DIRECTION('',(1.,-1.86264242093566E-8,-1.86264520126377E-8));
#2334=DIRECTION('center_axis',(-1.30104260698261E-17,1.,3.61111864572606E-34));
#2335=DIRECTION('ref_axis',(2.77555756156293E-17,5.79321751111624E-48,1.));
#2336=DIRECTION('',(1.,1.30104260698261E-17,-3.46944695195361E-17));
#2337=DIRECTION('center_axis',(-0.707106504597685,0.,0.707107057775302));
#2338=DIRECTION('ref_axis',(0.707107057775302,0.,0.707106504597685));
#2339=DIRECTION('center_axis',(-0.707106504597685,0.,0.707107057775302));
#2340=DIRECTION('ref_axis',(0.707107057775302,0.,0.707106504597685));
#2341=DIRECTION('',(0.,-1.,0.));
#2342=DIRECTION('center_axis',(1.,0.,0.));
#2343=DIRECTION('ref_axis',(0.,0.,-1.));
#2344=DIRECTION('',(0.,0.,1.));
#2345=DIRECTION('',(0.,1.,0.));
#2346=DIRECTION('center_axis',(0.70710922767525,0.,-0.70710433468938));
#2347=DIRECTION('ref_axis',(-0.70710433468938,0.,-0.70710922767525));
#2348=DIRECTION('center_axis',(0.70710922767525,0.,-0.70710433468938));
#2349=DIRECTION('ref_axis',(-0.70710433468938,-7.85043513184402E-17,-0.70710922767525));
#2350=DIRECTION('',(0.,-1.,0.));
#2351=DIRECTION('center_axis',(-1.30104260698261E-17,1.,3.61111864572606E-34));
#2352=DIRECTION('ref_axis',(2.77555756156293E-17,5.79321751111624E-48,1.));
#2353=DIRECTION('',(-1.,-1.51394048812521E-17,4.03717463500057E-17));
#2354=DIRECTION('',(3.61111864572608E-34,-3.61111864572606E-34,1.));
#2355=DIRECTION('center_axis',(1.53329341668337E-17,0.707106781186548,0.707106781186548));
#2356=DIRECTION('ref_axis',(2.94392336003199E-17,-0.707106781186548,0.707106781186548));
#2357=DIRECTION('',(0.577350269189628,-0.577350269189625,0.577350269189625));
#2358=DIRECTION('center_axis',(0.,0.,1.));
#2359=DIRECTION('ref_axis',(0.,1.,0.));
#2360=DIRECTION('center_axis',(0.,0.,1.));
#2361=DIRECTION('ref_axis',(0.707106781186547,0.707106781186547,0.));
#2362=DIRECTION('',(0.,-1.,0.));
#2363=DIRECTION('center_axis',(0.,0.,-1.));
#2364=DIRECTION('ref_axis',(0.707106781186547,0.707106781186547,0.));
#2365=DIRECTION('center_axis',(0.,0.,1.));
#2366=DIRECTION('ref_axis',(0.707106781186547,0.707106781186547,0.));
#2367=DIRECTION('',(0.,0.,1.));
#2368=DIRECTION('',(0.,0.,-1.));
#2369=DIRECTION('',(0.,0.,-1.));
#2370=DIRECTION('center_axis',(0.,0.,-1.));
#2371=DIRECTION('ref_axis',(0.707106781186547,0.707106781186547,0.));
#2372=DIRECTION('center_axis',(0.,-0.707109738494421,-0.707103823866305));
#2373=DIRECTION('ref_axis',(0.,0.707103823866305,-0.707109738494421));
#2374=DIRECTION('',(0.,0.,1.));
#2375=DIRECTION('center_axis',(0.,-0.707106781186545,0.70710678118655));
#2376=DIRECTION('ref_axis',(0.,0.70710678118655,0.707106781186545));
#2377=DIRECTION('center_axis',(0.,0.,-1.));
#2378=DIRECTION('ref_axis',(0.,1.,0.));
#2379=DIRECTION('',(-1.,0.,0.));
#2380=DIRECTION('center_axis',(0.,0.,-1.));
#2381=DIRECTION('ref_axis',(-0.707106781186548,0.707106781186547,0.));
#2382=DIRECTION('',(-1.,0.,0.));
#2383=DIRECTION('center_axis',(0.,0.,1.));
#2384=DIRECTION('ref_axis',(0.,1.,0.));
#2385=DIRECTION('',(1.,0.,0.));
#2386=DIRECTION('center_axis',(0.,0.,1.));
#2387=DIRECTION('ref_axis',(-0.707106781186548,0.707106781186547,0.));
#2388=DIRECTION('',(1.,0.,0.));
#2389=DIRECTION('center_axis',(1.,0.,0.));
#2390=DIRECTION('ref_axis',(0.,1.,0.));
#2391=DIRECTION('center_axis',(0.,-1.,0.));
#2392=DIRECTION('ref_axis',(0.,0.,1.));
#2393=DIRECTION('',(1.,0.,0.));
#2394=DIRECTION('',(0.,0.,-1.));
#2395=DIRECTION('',(1.,0.,0.));
#2396=DIRECTION('center_axis',(0.,-0.707109738494421,-0.707103823866305));
#2397=DIRECTION('ref_axis',(0.,0.707103823866305,-0.707109738494421));
#2398=DIRECTION('center_axis',(0.,-0.707109738494421,-0.707103823866305));
#2399=DIRECTION('ref_axis',(0.,0.707103823866305,-0.707109738494421));
#2400=DIRECTION('center_axis',(0.,-0.707106781186545,0.70710678118655));
#2401=DIRECTION('ref_axis',(0.,0.70710678118655,0.707106781186545));
#2402=DIRECTION('center_axis',(0.,-0.707106781186545,0.70710678118655));
#2403=DIRECTION('ref_axis',(0.,0.70710678118655,0.707106781186545));
#2404=DIRECTION('center_axis',(-3.37324437430902E-17,0.707107308022348,
-0.707106254350355));
#2405=DIRECTION('ref_axis',(9.81309980072264E-18,0.707106254350355,0.707107308022348));
#2406=DIRECTION('center_axis',(-1.,-2.06990730163454E-16,0.));
#2407=DIRECTION('ref_axis',(2.06990730163454E-16,-1.,0.));
#2408=DIRECTION('',(2.06990730163454E-16,-1.,-3.85550290245042E-24));
#2409=DIRECTION('',(0.,0.,1.));
#2410=DIRECTION('center_axis',(-1.86264520126377E-8,0.,-1.));
#2411=DIRECTION('ref_axis',(-1.,0.,1.86264520126377E-8));
#2412=DIRECTION('center_axis',(-1.86264520126377E-8,0.,-1.));
#2413=DIRECTION('ref_axis',(-0.707106781186548,0.707106781186547,1.3170890527582E-8));
#2414=DIRECTION('center_axis',(0.,0.,1.));
#2415=DIRECTION('ref_axis',(-0.707106781186548,0.707106781186547,0.));
#2416=DIRECTION('',(0.,0.,-1.));
#2417=DIRECTION('',(0.,0.,1.));
#2418=DIRECTION('center_axis',(0.,1.,0.));
#2419=DIRECTION('ref_axis',(-1.,0.,0.));
#2420=DIRECTION('center_axis',(0.,1.,0.));
#2421=DIRECTION('ref_axis',(-1.,0.,0.));
#2422=DIRECTION('center_axis',(0.,1.,0.));
#2423=DIRECTION('ref_axis',(0.,0.,-1.));
#2424=DIRECTION('',(-1.,0.,0.));
#2425=DIRECTION('',(-0.447213595499958,0.,-0.894427190999916));
#2426=DIRECTION('center_axis',(0.894427190999916,0.,-0.447213595499958));
#2427=DIRECTION('ref_axis',(-0.447213595499958,0.,-0.894427190999916));
#2428=DIRECTION('',(0.,-1.,0.));
#2429=DIRECTION('',(0.447213595499958,7.75791922889772E-18,0.894427190999916));
#2430=DIRECTION('center_axis',(0.,0.196116135138184,-0.98058067569092));
#2431=DIRECTION('ref_axis',(-1.,0.,0.));
#2432=DIRECTION('',(1.,0.,0.));
#2433=DIRECTION('',(0.0975900072948539,-0.975900072948533,-0.195180014589707));
#2434=DIRECTION('center_axis',(0.,0.,-1.));
#2435=DIRECTION('ref_axis',(1.,0.,0.));
#2436=DIRECTION('',(0.,1.,0.));
#2437=DIRECTION('',(1.,0.,0.));
#2438=DIRECTION('center_axis',(0.,-0.707106781186548,0.707106781186548));
#2439=DIRECTION('ref_axis',(1.,0.,0.));
#2440=DIRECTION('',(-0.577350269189627,0.577350269189625,0.577350269189625));
#2441=DIRECTION('',(1.,0.,0.));
#2442=DIRECTION('',(-0.577350269189627,-0.577350269189625,-0.577350269189625));
#2443=DIRECTION('center_axis',(0.,1.,0.));
#2444=DIRECTION('ref_axis',(0.,0.,1.));
#2445=DIRECTION('',(0.,0.,1.));
#2446=DIRECTION('',(1.,0.,0.));
#2447=DIRECTION('',(0.,0.,1.));
#2448=DIRECTION('',(-1.,0.,0.));
#2449=DIRECTION('',(0.,0.,-1.));
#2450=DIRECTION('',(0.,0.,1.));
#2451=DIRECTION('center_axis',(0.707106781186548,0.,0.707106781186548));
#2452=DIRECTION('ref_axis',(0.707106781186548,0.,-0.707106781186548));
#2453=DIRECTION('',(0.707106781186548,6.54205191118239E-16,-0.707106781186548));
#2454=DIRECTION('',(0.,1.,0.));
#2455=DIRECTION('',(-0.577350269189626,0.577350269189626,0.577350269189626));
#2456=DIRECTION('center_axis',(0.,-0.707106781186548,0.707106781186548));
#2457=DIRECTION('ref_axis',(1.,0.,0.));
#2458=DIRECTION('',(0.577350269189624,0.577350269189626,0.577350269189626));
#2459=DIRECTION('center_axis',(-0.707106781186549,0.,0.707106781186546));
#2460=DIRECTION('ref_axis',(0.707106781186546,0.,0.707106781186549));
#2461=DIRECTION('',(0.,-1.,0.));
#2462=DIRECTION('',(0.707106781186546,0.,0.707106781186549));
#2463=DIRECTION('center_axis',(0.,0.,1.));
#2464=DIRECTION('ref_axis',(1.,-5.44676186921056E-16,0.));
#2465=DIRECTION('',(0.,-0.707106781186547,0.707106781186548));
#2466=DIRECTION('center_axis',(0.,0.,-1.));
#2467=DIRECTION('ref_axis',(1.,-5.44676186921056E-16,0.));
#2468=DIRECTION('center_axis',(1.47196168001604E-16,0.707106781186548,0.707106781186547));
#2469=DIRECTION('ref_axis',(1.,0.,-2.08166817117217E-16));
#2470=DIRECTION('',(0.,-0.707106781186547,0.707106781186548));
#2471=DIRECTION('',(-1.,2.08166817117217E-16,0.));
#2472=DIRECTION('center_axis',(0.,0.,1.));
#2473=DIRECTION('ref_axis',(0.,-1.,0.));
#2474=DIRECTION('',(-0.707106781186547,-3.2710259555912E-16,0.707106781186548));
#2475=DIRECTION('center_axis',(0.,0.,-1.));
#2476=DIRECTION('ref_axis',(0.,-1.,0.));
#2477=DIRECTION('center_axis',(0.707106781186546,0.,0.707106781186549));
#2478=DIRECTION('ref_axis',(0.707106781186549,0.,-0.707106781186546));
#2479=DIRECTION('',(0.,1.,0.));
#2480=DIRECTION('center_axis',(0.,0.,-1.));
#2481=DIRECTION('ref_axis',(1.,0.,0.));
#2482=DIRECTION('',(0.,-0.707106781186548,-0.707106781186547));
#2483=DIRECTION('center_axis',(0.,0.,1.));
#2484=DIRECTION('ref_axis',(1.,0.,0.));
#2485=DIRECTION('center_axis',(-9.81307786677362E-17,-0.707106781186549,
0.707106781186546));
#2486=DIRECTION('ref_axis',(1.,0.,1.38777878078145E-16));
#2487=DIRECTION('',(0.,-0.707106781186546,-0.707106781186549));
#2488=DIRECTION('',(1.,-1.38777878078145E-16,0.));
#2489=DIRECTION('center_axis',(0.,0.,-1.));
#2490=DIRECTION('ref_axis',(0.,-1.,0.));
#2491=DIRECTION('',(-0.707106781186548,0.,-0.707106781186548));
#2492=DIRECTION('center_axis',(0.,0.,1.));
#2493=DIRECTION('ref_axis',(0.,-1.,0.));
#2494=DIRECTION('center_axis',(-0.707106781186546,0.,0.707106781186549));
#2495=DIRECTION('ref_axis',(0.707106781186549,0.,0.707106781186546));
#2496=DIRECTION('',(0.,-1.,0.));
#2497=DIRECTION('center_axis',(-1.,0.,0.));
#2498=DIRECTION('ref_axis',(0.,-1.,0.));
#2499=DIRECTION('',(0.,0.,1.));
#2500=DIRECTION('center_axis',(-2.08166817117217E-16,-1.,0.));
#2501=DIRECTION('ref_axis',(1.,-2.08166817117217E-16,0.));
#2502=DIRECTION('',(0.,0.,1.));
#2503=DIRECTION('',(0.,0.,1.));
#2504=DIRECTION('center_axis',(0.,0.,1.));
#2505=DIRECTION('ref_axis',(0.,-1.,0.));
#2506=DIRECTION('center_axis',(1.,0.,0.));
#2507=DIRECTION('ref_axis',(0.,1.,0.));
#2508=DIRECTION('',(0.,0.,1.));
#2509=DIRECTION('center_axis',(0.,0.,1.));
#2510=DIRECTION('ref_axis',(1.,-5.44676186921056E-16,0.));
#2511=DIRECTION('center_axis',(-0.894427190999915,0.,-0.44721359549996));
#2512=DIRECTION('ref_axis',(-0.44721359549996,0.,0.894427190999915));
#2513=DIRECTION('',(0.44721359549996,4.65475153733867E-18,-0.894427190999915));
#2514=DIRECTION('center_axis',(-1.38777878078145E-17,1.,-1.73472347597681E-18));
#2515=DIRECTION('ref_axis',(0.,1.73472347597681E-18,1.));
#2516=DIRECTION('center_axis',(0.,0.,1.));
#2517=DIRECTION('ref_axis',(1.,0.,0.));
#2518=DIRECTION('center_axis',(0.,0.,-1.));
#2519=DIRECTION('ref_axis',(0.,-1.,0.));
#2520=DIRECTION('',(1.,0.,0.));
#2521=DIRECTION('center_axis',(0.,0.,-1.));
#2522=DIRECTION('ref_axis',(0.,1.,0.));
#2523=DIRECTION('',(-1.,0.,0.));
#2524=DIRECTION('center_axis',(0.707106781186546,-0.707106781186549,0.));
#2525=DIRECTION('ref_axis',(0.,0.,-1.));
#2526=DIRECTION('',(0.,0.,1.));
#2527=DIRECTION('',(-0.577350269189628,-0.577350269189625,0.577350269189625));
#2528=DIRECTION('center_axis',(-0.707106781186546,-0.707106781186549,0.));
#2529=DIRECTION('ref_axis',(0.,0.,1.));
#2530=DIRECTION('',(-0.577350269189628,0.577350269189625,-0.577350269189625));
#2531=DIRECTION('',(0.,0.,-1.));
#2532=DIRECTION('center_axis',(0.,0.,1.));
#2533=DIRECTION('ref_axis',(0.,1.,0.));
#2534=DIRECTION('center_axis',(0.,0.,-1.));
#2535=DIRECTION('ref_axis',(0.,1.,0.));
#2536=DIRECTION('',(0.,0.,-1.));
#2537=DIRECTION('',(0.,0.,-1.));
#2538=DIRECTION('center_axis',(0.,1.,0.));
#2539=DIRECTION('ref_axis',(-1.,0.,0.));
#2540=DIRECTION('',(-1.,0.,0.));
#2541=DIRECTION('',(0.,0.,-1.));
#2542=DIRECTION('center_axis',(0.,0.,1.));
#2543=DIRECTION('ref_axis',(0.,-1.,0.));
#2544=DIRECTION('center_axis',(0.,0.,-1.));
#2545=DIRECTION('ref_axis',(0.,-1.,0.));
#2546=DIRECTION('',(0.,0.,-1.));
#2547=DIRECTION('center_axis',(0.,-1.,0.));
#2548=DIRECTION('ref_axis',(1.,0.,0.));
#2549=DIRECTION('',(1.,0.,0.));
#2550=DIRECTION('center_axis',(-1.,0.,0.));
#2551=DIRECTION('ref_axis',(0.,1.,0.));
#2552=DIRECTION('',(0.,0.,-1.));
#2553=DIRECTION('',(0.,1.,0.));
#2554=DIRECTION('center_axis',(0.,0.,1.));
#2555=DIRECTION('ref_axis',(1.,0.,0.));
#2556=DIRECTION('',(0.,-1.,0.));
#2557=DIRECTION('center_axis',(0.,0.,1.));
#2558=DIRECTION('ref_axis',(-1.,0.,0.));
#2559=DIRECTION('',(1.,-1.38777878078145E-16,0.));
#2560=DIRECTION('center_axis',(0.,0.,1.));
#2561=DIRECTION('ref_axis',(0.,1.,0.));
#2562=DIRECTION('center_axis',(1.,0.,0.));
#2563=DIRECTION('ref_axis',(0.,-1.,0.));
#2564=DIRECTION('',(0.,0.,-1.));
#2565=DIRECTION('center_axis',(0.,-0.707106781186548,-0.707106781186547));
#2566=DIRECTION('ref_axis',(-1.,0.,0.));
#2567=DIRECTION('',(1.,0.,0.));
#2568=DIRECTION('center_axis',(0.,1.,0.));
#2569=DIRECTION('ref_axis',(0.,0.,1.));
#2570=DIRECTION('center_axis',(0.,0.,-1.));
#2571=DIRECTION('ref_axis',(-1.,0.,0.));
#2572=DIRECTION('',(0.,0.,-1.));
#2573=DIRECTION('center_axis',(0.,0.,-1.));
#2574=DIRECTION('ref_axis',(0.,1.,0.));
#2575=DIRECTION('',(0.,0.,-1.));
#2576=DIRECTION('center_axis',(-1.38777878078145E-16,-1.,0.));
#2577=DIRECTION('ref_axis',(-1.,1.38777878078145E-16,0.));
#2578=DIRECTION('center_axis',(-1.,0.,0.));
#2579=DIRECTION('ref_axis',(0.,1.,0.));
#2580=DIRECTION('',(0.,-1.,0.));
#2581=DIRECTION('',(0.,0.,-1.));
#2582=DIRECTION('',(0.,1.,0.));
#2583=DIRECTION('',(0.,0.,-1.));
#2584=DIRECTION('center_axis',(0.,-1.,0.));
#2585=DIRECTION('ref_axis',(-1.,0.,0.));
#2586=DIRECTION('',(1.,0.,0.));
#2587=DIRECTION('',(-1.,0.,0.));
#2588=DIRECTION('',(0.,0.,-1.));
#2589=DIRECTION('center_axis',(-1.,0.,0.));
#2590=DIRECTION('ref_axis',(0.,1.,0.));
#2591=DIRECTION('',(0.,-1.,0.));
#2592=DIRECTION('',(0.,1.,0.));
#2593=DIRECTION('',(0.,0.,-1.));
#2594=DIRECTION('center_axis',(0.,-1.,0.));
#2595=DIRECTION('ref_axis',(-1.,0.,0.));
#2596=DIRECTION('',(1.,0.,0.));
#2597=DIRECTION('',(-1.,0.,0.));
#2598=DIRECTION('',(0.,0.,-1.));
#2599=DIRECTION('center_axis',(1.,1.77897095391825E-15,0.));
#2600=DIRECTION('ref_axis',(1.77897095391825E-15,-1.,0.));
#2601=DIRECTION('',(0.,0.,-1.));
#2602=DIRECTION('center_axis',(0.,1.,0.));
#2603=DIRECTION('ref_axis',(1.,0.,0.));
#2604=DIRECTION('',(-1.,0.,0.));
#2605=DIRECTION('',(1.,0.,0.));
#2606=DIRECTION('center_axis',(0.,0.,1.));
#2607=DIRECTION('ref_axis',(-1.,0.,0.));
#2608=DIRECTION('center_axis',(0.,0.,1.));
#2609=DIRECTION('ref_axis',(-1.,0.,0.));
#2610=DIRECTION('center_axis',(1.,0.,0.));
#2611=DIRECTION('ref_axis',(0.,-1.,0.));
#2612=DIRECTION('',(0.,-1.,0.));
#2613=DIRECTION('',(0.,0.,-1.));
#2614=DIRECTION('',(0.,-1.,0.));
#2615=DIRECTION('',(0.,0.,-1.));
#2616=DIRECTION('center_axis',(0.,1.,0.));
#2617=DIRECTION('ref_axis',(1.,0.,0.));
#2618=DIRECTION('',(1.,0.,0.));
#2619=DIRECTION('',(1.,0.,0.));
#2620=DIRECTION('',(0.,0.,-1.));
#2621=DIRECTION('center_axis',(1.,0.,0.));
#2622=DIRECTION('ref_axis',(0.,-1.,0.));
#2623=DIRECTION('',(0.,-1.,0.));
#2624=DIRECTION('',(0.,-1.,0.));
#2625=DIRECTION('',(0.,0.,-1.));
#2626=DIRECTION('center_axis',(0.,1.,0.));
#2627=DIRECTION('ref_axis',(1.,0.,0.));
#2628=DIRECTION('',(1.,0.,0.));
#2629=DIRECTION('',(1.,0.,0.));
#2630=DIRECTION('',(0.,0.,-1.));
#2631=DIRECTION('center_axis',(-1.,0.,0.));
#2632=DIRECTION('ref_axis',(0.,1.,0.));
#2633=DIRECTION('',(0.,1.,0.));
#2634=DIRECTION('',(0.,1.,0.));
#2635=DIRECTION('',(0.,0.,-1.));
#2636=DIRECTION('center_axis',(0.,-1.,0.));
#2637=DIRECTION('ref_axis',(-1.,0.,0.));
#2638=DIRECTION('',(-1.,0.,0.));
#2639=DIRECTION('',(-1.,0.,0.));
#2640=DIRECTION('center_axis',(0.,0.,1.));
#2641=DIRECTION('ref_axis',(-1.,0.,0.));
#2642=DIRECTION('center_axis',(0.,0.,-1.));
#2643=DIRECTION('ref_axis',(-1.,0.,0.));
#2644=DIRECTION('',(0.,0.,1.));
#2645=DIRECTION('',(1.,0.,0.));
#2646=CARTESIAN_POINT('',(0.,0.,0.));
#2647=CARTESIAN_POINT('',(0.,0.,0.));
#2648=CARTESIAN_POINT('Origin',(9.64999977201223,-1.27267876324728,4.81187481802991));
#2649=CARTESIAN_POINT('',(9.79999977201224,-1.12267876324728,5.11187481802991));
#2650=CARTESIAN_POINT('',(9.64999981343331,-1.2726787218262,4.96187463593331));
#2651=CARTESIAN_POINT('',(11.3012508541843,0.378572318924784,6.61312813724373));
#2652=CARTESIAN_POINT('',(9.79999977201224,-1.12267876324728,5.26187481802991));
#2653=CARTESIAN_POINT('',(9.79999977201224,-1.12267876324728,4.81187481802991));
#2654=CARTESIAN_POINT('',(9.64999977201224,-1.27267876324728,5.41187481802991));
#2655=CARTESIAN_POINT('',(11.4762524200526,0.55357388479304,3.5856221699896));
#2656=CARTESIAN_POINT('',(9.49999977201223,-1.42267831621243,5.41187481802991));
#2657=CARTESIAN_POINT('',(23.1643790467526,12.241700511493,5.41187481802991));
#2658=CARTESIAN_POINT('',(9.49999977201223,-1.42267831621243,4.96187463872727));
#2659=CARTESIAN_POINT('',(9.49999977201223,-1.42267831621243,4.51187481802991));
#2660=CARTESIAN_POINT('',(7.26437878304866,-3.65829975221084,4.96187468036896));
#2661=CARTESIAN_POINT('Origin',(19.7075156602541,-1.12267876324728,5.11187481802991));
#2662=CARTESIAN_POINT('',(21.6825155149679,-1.12267876324728,5.11187481802991));
#2663=CARTESIAN_POINT('',(19.7075156602541,-1.12267876324728,5.11187481802991));
#2664=CARTESIAN_POINT('',(21.6825155149679,-1.12267876324728,5.26187481802991));
#2665=CARTESIAN_POINT('',(21.6825155149679,-1.12267876324728,4.90562481802991));
#2666=CARTESIAN_POINT('',(19.7075156602541,-1.12267876324728,5.26187481802991));
#2667=CARTESIAN_POINT('Origin',(19.7075156602541,-1.27267853972986,4.96187481802991));
#2668=CARTESIAN_POINT('',(21.5325153350602,-1.27267894315497,4.9618744146042));
#2669=CARTESIAN_POINT('',(9.73251551003201,-1.27267872336317,4.96187463439633));
#2670=CARTESIAN_POINT('',(21.2179327139374,-1.58726156427774,4.6472913247161));
#2671=CARTESIAN_POINT('Origin',(-0.242484633670832,-0.922678316212433,4.96187482019519));
#2672=CARTESIAN_POINT('',(21.3825159620027,-1.42267831621243,4.96187441739816));
#2673=CARTESIAN_POINT('',(-0.367484633391613,-1.42267831621243,4.9618748225235));
#2674=CARTESIAN_POINT('',(16.0762658143067,-6.72892846390847,4.96187451437212));
#2675=CARTESIAN_POINT('Origin',(3.04477720460225,-1.27267876324728,4.81187481802991));
#2676=CARTESIAN_POINT('',(2.89477720460225,-1.12267876324728,5.26187481802991));
#2677=CARTESIAN_POINT('',(3.04477720460225,-1.27267876324728,5.41187481802991));
#2678=CARTESIAN_POINT('',(5.67190028054423,-3.89980183918926,8.03899789397189));
#2679=CARTESIAN_POINT('',(2.89477720460225,-1.12267876324728,5.11187481802991));
#2680=CARTESIAN_POINT('',(2.89477720460225,-1.12267876324728,4.81187481802991));
#2681=CARTESIAN_POINT('',(3.04477704014949,-1.27267859879451,4.96187475896517));
#2682=CARTESIAN_POINT('',(5.84689742237572,-4.07479898102074,2.15975020124799));
#2683=CARTESIAN_POINT('',(3.19477720460225,-1.42267831621243,4.9618747561712));
#2684=CARTESIAN_POINT('',(2.13546163397376,-0.363363192618787,4.96187477590249));
#2685=CARTESIAN_POINT('',(3.19477720460225,-1.42267831621243,5.41187481802991));
#2686=CARTESIAN_POINT('',(3.19477720460225,-1.42267831621243,4.51187481802991));
#2687=CARTESIAN_POINT('',(2.16046166670967,-0.3883632253547,5.41187481802991));
#2688=CARTESIAN_POINT('Origin',(19.7075156602541,-1.12267876324728,5.26187481802991));
#2689=CARTESIAN_POINT('',(0.847582239099209,-1.27267876324728,5.41187481802991));
#2690=CARTESIAN_POINT('',(25.6575158111284,-1.27267876324728,5.41187481802991));
#2691=CARTESIAN_POINT('',(0.55395070454215,-1.12267876324728,5.26187481802991));
#2692=CARTESIAN_POINT('Origin',(1.6075153585057,0.577321683787566,3.56187437099507));
#2693=CARTESIAN_POINT('',(19.7075156602541,-1.12267876324728,5.26187481802991));
#2694=CARTESIAN_POINT('Origin',(31.6075159620027,30.8273221457236,5.41187481802991));
#2695=CARTESIAN_POINT('',(1.6075153585057,-1.42267831621243,5.41187481802991));
#2696=CARTESIAN_POINT('',(9.70751550937991,-1.42267831621243,5.41187481802991));
#2697=CARTESIAN_POINT('Origin',(1.6075153585057,0.577321683787566,5.41187481802991));
#2698=CARTESIAN_POINT('Origin',(-0.492484641494297,-1.42267831621243,4.51187481802991));
#2699=CARTESIAN_POINT('',(21.3825159620027,-1.42267831621243,5.41187481802991));
#2700=CARTESIAN_POINT('',(9.70751550937991,-1.42267831621243,5.41187481802991));
#2701=CARTESIAN_POINT('',(21.3825159620027,-1.42267831621243,5.76187481802991));
#2702=CARTESIAN_POINT('',(21.3825159620027,-1.42267831621243,4.51187481802991));
#2703=CARTESIAN_POINT('',(29.3825159620027,-1.42267831621243,5.76187481802991));
#2704=CARTESIAN_POINT('',(10.4450156602542,-1.42267831621243,5.76187481802991));
#2705=CARTESIAN_POINT('',(29.3825159620027,-1.42267831621243,5.41187481802991));
#2706=CARTESIAN_POINT('',(29.3825159620027,-1.42267831621243,4.88687481802991));
#2707=CARTESIAN_POINT('',(31.9075159620027,-1.42267831621243,5.41187481802991));
#2708=CARTESIAN_POINT('',(15.5575156602542,-1.42267831621243,5.41187481802991));
#2709=CARTESIAN_POINT('',(31.9075159620027,-1.42267831621243,6.01187481802991));
#2710=CARTESIAN_POINT('',(31.9075159620027,-1.42267831621243,4.51187481802991));
#2711=CARTESIAN_POINT('',(1.6075153585057,-1.42267831621243,6.01187481802991));
#2712=CARTESIAN_POINT('',(8.13251550937996,-1.42267831621243,6.01187481802991));
#2713=CARTESIAN_POINT('',(1.6075153585057,-1.42267831621243,4.51187481802991));
#2714=CARTESIAN_POINT('',(1.6075153585057,-1.42267831621243,4.96187478573626));
#2715=CARTESIAN_POINT('',(-0.367484633391613,-1.42267831621243,4.9618748225235));
#2716=CARTESIAN_POINT('',(1.6075153585057,-1.42267831621243,4.51187481802991));
#2717=CARTESIAN_POINT('',(1.6075153585057,-1.42267831621243,4.51187481802991));
#2718=CARTESIAN_POINT('',(21.3825159620027,-1.42267831621243,4.51187481802991));
#2719=CARTESIAN_POINT('',(-0.492484641494297,-1.42267831621243,4.51187481802991));
#2720=CARTESIAN_POINT('',(21.3825159620027,-1.42267831621243,4.51187481802991));
#2721=CARTESIAN_POINT('Origin',(16.7575156602542,14.9773219147556,4.51187481802991));
#2722=CARTESIAN_POINT('',(-0.392484641494299,0.577321683787564,4.51187481802991));
#2723=CARTESIAN_POINT('Origin',(1.6075153585057,0.577321683787566,4.51187481802991));
#2724=CARTESIAN_POINT('',(-0.392484641494304,28.3773221457236,4.51187481802991));
#2725=CARTESIAN_POINT('',(-0.392484641494303,21.7273220302396,4.51187481802991));
#2726=CARTESIAN_POINT('',(2.1075153585057,30.8773221457236,4.51187481802991));
#2727=CARTESIAN_POINT('Origin',(2.1075153585057,28.3773221457236,4.51187481802991));
#2728=CARTESIAN_POINT('',(31.4075159620027,30.8773221457236,4.51187481802991));
#2729=CARTESIAN_POINT('',(24.1325158111285,30.8773221457236,4.51187481802991));
#2730=CARTESIAN_POINT('',(33.9075159620027,28.3773221457236,4.51187481802991));
#2731=CARTESIAN_POINT('Origin',(31.4075159620027,28.3773221457236,4.51187481802991));
#2732=CARTESIAN_POINT('',(33.9075159620027,0.577321683787567,4.51187481802991));
#2733=CARTESIAN_POINT('',(33.9075159620027,6.97732179927157,4.51187481802991));
#2734=CARTESIAN_POINT('',(31.9075159620027,-1.42267831621243,4.51187481802991));
#2735=CARTESIAN_POINT('Origin',(31.9075159620027,0.577321683787567,4.51187481802991));
#2736=CARTESIAN_POINT('',(29.3825159620027,-1.42267831621243,4.51187481802991));
#2737=CARTESIAN_POINT('',(8.13251550937996,-1.42267831621243,4.51187481802991));
#2738=CARTESIAN_POINT('',(28.8825159620027,-0.922678316212433,4.51187481802991));
#2739=CARTESIAN_POINT('',(22.1012658288236,5.85857181696667,4.51187481802991));
#2740=CARTESIAN_POINT('',(21.8825159620027,-0.922678316212433,4.51187481802991));
#2741=CARTESIAN_POINT('',(21.0700158111285,-0.922678316212433,4.51187481802991));
#2742=CARTESIAN_POINT('',(24.3512659443076,1.54607166609242,4.51187481802991));
#2743=CARTESIAN_POINT('',(32.5000004768372,18.4511257366999,4.51187481802991));
#2744=CARTESIAN_POINT('',(9.49999977201223,18.4511257366999,4.51187481802991));
#2745=CARTESIAN_POINT('',(23.3787580536445,18.4511257366999,4.51187481802991));
#2746=CARTESIAN_POINT('',(9.49999977201223,-0.522678316212443,4.51187481802991));
#2747=CARTESIAN_POINT('',(9.49999977201223,7.28866096184813,4.51187481802991));
#2748=CARTESIAN_POINT('',(29.6999993517995,-0.522678316212443,4.51187481802991));
#2749=CARTESIAN_POINT('',(18.17875761108,-0.522678316212444,4.51187481802991));
#2750=CARTESIAN_POINT('',(29.6999993517995,6.50000017136336,4.51187481802991));
#2751=CARTESIAN_POINT('',(29.6999993517995,7.28866096184813,4.51187481802991));
#2752=CARTESIAN_POINT('',(32.5000004768372,6.50000017136335,4.51187481802991));
#2753=CARTESIAN_POINT('',(23.3787580536445,6.50000017136336,4.51187481802991));
#2754=CARTESIAN_POINT('',(32.5000004768372,13.2386610430595,4.51187481802991));
#2755=CARTESIAN_POINT('',(5.3475153585057,-0.681416462665308,4.51187481802991));
#2756=CARTESIAN_POINT('',(7.3475153585057,-0.681416462665308,4.51187481802991));
#2757=CARTESIAN_POINT('',(11.05251550938,-0.681416462665309,4.51187481802991));
#2758=CARTESIAN_POINT('',(8.87625351240916,0.847321691238145,4.51187481802991));
#2759=CARTESIAN_POINT('Origin',(7.3475153585057,0.847321691238146,4.51187481802991));
#2760=CARTESIAN_POINT('',(8.87625351240916,15.8473216912381,4.51187481802991));
#2761=CARTESIAN_POINT('',(8.87625351240915,7.91232180299685,4.51187481802991));
#2762=CARTESIAN_POINT('',(3.81877720460225,15.8473216912381,4.51187481802991));
#2763=CARTESIAN_POINT('',(12.8168845863317,15.8473216912381,4.51187481802991));
#2764=CARTESIAN_POINT('',(3.81877720460225,0.847321691238145,4.51187481802991));
#2765=CARTESIAN_POINT('',(3.81877720460225,15.4123218029969,4.51187481802991));
#2766=CARTESIAN_POINT('Origin',(5.3475153585057,0.847321691238146,4.51187481802991));
#2767=CARTESIAN_POINT('Origin',(31.6075159620027,30.8273221457236,5.41187481802991));
#2768=CARTESIAN_POINT('',(21.5325155149679,-1.27267876324728,5.41187481802991));
#2769=CARTESIAN_POINT('',(25.6575158111284,-1.27267876324728,5.41187481802991));
#2770=CARTESIAN_POINT('',(21.1262657748069,-1.6789285034083,5.41187481802991));
#2771=CARTESIAN_POINT('Origin',(19.7075156602541,-1.12267876324728,5.26187481802991));
#2772=CARTESIAN_POINT('',(21.4304323548605,-1.37476192335462,5.51395797813726));
#2773=CARTESIAN_POINT('Origin',(32.0000004768372,11.5000001713634,4.51187481802991));
#2774=CARTESIAN_POINT('',(32.0000004768372,18.4511257366999,5.01187481802992));
#2775=CARTESIAN_POINT('',(32.0000004768372,18.4511257366999,5.51187481802991));
#2776=CARTESIAN_POINT('',(32.0000004768372,18.4511257366999,5.01187481802991));
#2777=CARTESIAN_POINT('',(32.0000004768372,9.00000017136335,5.01187481802991));
#2778=CARTESIAN_POINT('',(32.0000004768372,13.2386610430595,5.01187481802991));
#2779=CARTESIAN_POINT('',(32.0000004768372,11.5000001713634,5.51187481802991));
#2780=CARTESIAN_POINT('',(32.0000004768372,10.1538463252095,5.24264404879914));
#2781=CARTESIAN_POINT('',(32.0000004768372,17.5000002607703,5.51187481802991));
#2782=CARTESIAN_POINT('Origin',(32.2500004768372,13.2386610430595,4.76187481802991));
#2783=CARTESIAN_POINT('',(31.5000004693866,18.4511257366999,5.51187482548049));
#2784=CARTESIAN_POINT('',(31.4571384993988,11.7143100585553,5.5547367954683));
#2785=CARTESIAN_POINT('Origin',(31.9075159620027,0.577321683787567,4.51187481802991));
#2786=CARTESIAN_POINT('',(33.9075159620027,0.577321683787567,6.01187481802991));
#2787=CARTESIAN_POINT('Origin',(31.9075159620027,0.577321683787567,6.01187481802991));
#2788=CARTESIAN_POINT('',(32.6674490814092,-1.27267876324727,5.41187481802991));
#2789=CARTESIAN_POINT('Origin',(31.9075159620027,0.577321683787567,5.41187481802991));
#2790=CARTESIAN_POINT('',(32.9610806159663,-1.12267876324728,5.26187481802991));
#2791=CARTESIAN_POINT('Origin',(31.9075159620027,0.577321683787567,3.56187437099507));
#2792=CARTESIAN_POINT('',(32.9610806159663,-1.12267876324728,5.11187481802991));
#2793=CARTESIAN_POINT('',(32.9610806159663,-1.12267876324728,4.51187481802991));
#2794=CARTESIAN_POINT('',(32.6674493561985,-1.27267865037081,4.96187470738879));
#2795=CARTESIAN_POINT('Origin',(31.9075159620027,0.577321683787567,6.81187779826659));
#2796=CARTESIAN_POINT('',(31.9075159620027,-1.42267831621243,4.96187481802991));
#2797=CARTESIAN_POINT('Origin',(31.9075159620027,0.577321683787567,4.96187470738879));
#2798=CARTESIAN_POINT('',(31.9075159620027,-1.42267831621243,4.51187481802991));
#2799=CARTESIAN_POINT('',(33.9075159620027,0.577321683787567,4.96187470738879));
#2800=CARTESIAN_POINT('',(33.9075159620027,0.577321683787567,4.51187481802991));
#2801=CARTESIAN_POINT('',(33.7575173120542,-0.182609237288674,4.96187470738879));
#2802=CARTESIAN_POINT('Origin',(31.9075159620027,0.577321683787567,4.96187470738879));
#2803=CARTESIAN_POINT('',(33.607514605252,-0.476245880704911,5.11187470403603));
#2804=CARTESIAN_POINT('Origin',(31.9075159620027,0.577321683787567,6.81184263277477));
#2805=CARTESIAN_POINT('',(33.607514605252,-0.476245880704911,5.26187481802991));
#2806=CARTESIAN_POINT('',(33.607514605252,-0.476245880704911,4.51187481802991));
#2807=CARTESIAN_POINT('',(33.7575147225987,-0.182615541115387,5.41187481802991));
#2808=CARTESIAN_POINT('Origin',(31.9075159620027,0.577321683787567,3.56187750470824));
#2809=CARTESIAN_POINT('',(33.9075159620027,0.577321683787566,5.41187481802991));
#2810=CARTESIAN_POINT('Origin',(31.9075159620027,0.577321683787567,5.41187481802991));
#2811=CARTESIAN_POINT('',(33.9075159620027,0.577321683787567,4.51187481802991));
#2812=CARTESIAN_POINT('Origin',(33.607514605252,-1.02267831621243,5.11187470403603));
#2813=CARTESIAN_POINT('',(33.607514605252,29.5647588681224,5.11187470403603));
#2814=CARTESIAN_POINT('',(33.607514605252,-1.02267831621243,5.11187470403603));
#2815=CARTESIAN_POINT('',(33.607514605252,29.5647588681224,5.26187481802991));
#2816=CARTESIAN_POINT('',(33.607514605252,29.5647588681224,4.51187481802991));
#2817=CARTESIAN_POINT('',(33.607514605252,-1.02267831621243,5.26187481802991));
#2818=CARTESIAN_POINT('Origin',(33.7575169662944,-1.02267831621243,4.9618750531423));
#2819=CARTESIAN_POINT('',(33.7575173120542,29.2302545315293,4.96187470738879));
#2820=CARTESIAN_POINT('',(33.7575173120542,14.9523213427372,4.96187470738879));
#2821=CARTESIAN_POINT('Origin',(31.4075159620027,28.3773221457236,7.311833599088));
#2822=CARTESIAN_POINT('Origin',(33.9075159620027,-1.02267831621243,4.51187481802991));
#2823=CARTESIAN_POINT('',(33.9075159620027,28.3773221457236,4.96187470738879));
#2824=CARTESIAN_POINT('',(33.9075159620027,28.3773221457236,4.51187481802991));
#2825=CARTESIAN_POINT('',(33.9075159620027,14.9523213427372,4.96187470738879));
#2826=CARTESIAN_POINT('Origin',(31.6075159620027,30.8273221457236,5.41187481802991));
#2827=CARTESIAN_POINT('',(29.2325164090376,-1.27267876324728,5.41187481802991));
#2828=CARTESIAN_POINT('',(26.8012659983243,1.15857164746601,5.41187481802991));
#2829=CARTESIAN_POINT('',(25.5575158111284,-1.27267876324727,5.41187481802991));
#2830=CARTESIAN_POINT('Origin',(-0.492484641494297,-1.42267831621243,4.51187481802991));
#2831=CARTESIAN_POINT('',(29.3825159620027,-1.42267831621243,4.96187481802991));
#2832=CARTESIAN_POINT('',(9.50751550937991,-1.42267831621243,4.96187481802991));
#2833=CARTESIAN_POINT('',(29.3825159620027,-1.42267831621243,4.88687481802991));
#2834=CARTESIAN_POINT('Origin',(31.4075159620027,30.8273210016869,4.96187470738879));
#2835=CARTESIAN_POINT('',(29.2325161855202,-1.27267853972986,4.96187481802991));
#2836=CARTESIAN_POINT('',(25.5575158111284,-1.27267865037081,4.96187470738879));
#2837=CARTESIAN_POINT('',(26.8387658865656,1.12107175922472,4.96187481802991));
#2838=CARTESIAN_POINT('Origin',(31.4075159620027,30.8273210016869,4.96187470738879));
#2839=CARTESIAN_POINT('Origin',(31.4075159620027,28.3773221457236,4.96187470738879));
#2840=CARTESIAN_POINT('Origin',(19.7075156602541,-1.27267853972986,4.96187481802991));
#2841=CARTESIAN_POINT('',(29.0825164090376,-1.12267876324728,5.11187481802991));
#2842=CARTESIAN_POINT('',(19.7075156602541,-1.12267876324728,5.11187481802991));
#2843=CARTESIAN_POINT('',(27.5929342909789,0.366903354811437,6.60145915574225));
#2844=CARTESIAN_POINT('Origin',(1.6075153585057,0.577321683787566,4.51187481802991));
#2845=CARTESIAN_POINT('',(-0.24248474647645,-0.182612268320132,4.96187470738879));
#2846=CARTESIAN_POINT('',(-0.392484641494298,0.577321683787566,4.96187482298916));
#2847=CARTESIAN_POINT('Origin',(1.6075153585057,0.577321683787566,4.96187478573626));
#2848=CARTESIAN_POINT('',(-0.392484641494298,0.577321683787566,4.51187481802991));
#2849=CARTESIAN_POINT('',(0.847581739120401,-1.27267855786862,4.96187479989112));
#2850=CARTESIAN_POINT('Origin',(1.6075153585057,0.577321683787566,4.96187478573626));
#2851=CARTESIAN_POINT('',(0.55395070454215,-1.12267876324728,5.11187481802991));
#2852=CARTESIAN_POINT('Origin',(1.6075153585057,0.577321683787566,6.81187779826659));
#2853=CARTESIAN_POINT('',(0.55395070454215,-1.12267876324728,4.51187481802991));
#2854=CARTESIAN_POINT('',(-0.392484641494298,0.577321683787566,6.01187481802991));
#2855=CARTESIAN_POINT('Origin',(1.6075153585057,0.577321683787566,6.01187481802991));
#2856=CARTESIAN_POINT('',(-0.392484641494298,0.577321683787566,5.41187469733051));
#2857=CARTESIAN_POINT('',(-0.392484641494298,0.577321683787566,4.51187481802991));
#2858=CARTESIAN_POINT('',(-0.242484754370691,-0.182612249102217,5.41187481802991));
#2859=CARTESIAN_POINT('Origin',(1.6075153585057,0.577321683787566,5.41187481802991));
#2860=CARTESIAN_POINT('',(-0.0924846370239507,-0.47624369871092,5.26187481802991));
#2861=CARTESIAN_POINT('Origin',(1.6075153585057,0.577321683787566,3.56187615242893));
#2862=CARTESIAN_POINT('',(-0.0924846370239507,-0.47624369871092,5.11187470403603));
#2863=CARTESIAN_POINT('',(-0.0924846370239507,-0.47624369871092,4.51187481802991));
#2864=CARTESIAN_POINT('Origin',(1.6075153585057,0.577321683787566,6.81188761391087));
#2865=CARTESIAN_POINT('Origin',(-0.242484633671189,-1.02267831621243,5.41187469733051));
#2866=CARTESIAN_POINT('',(-0.242484754370691,29.2302579401893,5.41187481802991));
#2867=CARTESIAN_POINT('',(-0.242484754370691,14.9523219147556,5.41187481802991));
#2868=CARTESIAN_POINT('',(-0.0924846370239507,29.5647563627097,5.26187481802991));
#2869=CARTESIAN_POINT('Origin',(2.1075153585057,28.3773221457236,3.06187654358442));
#2870=CARTESIAN_POINT('',(-0.0924846370239508,-1.02267831621243,5.26187481802991));
#2871=CARTESIAN_POINT('Origin',(-0.392484641494303,28.4773221457236,4.51187481802991));
#2872=CARTESIAN_POINT('',(-0.392484641494304,28.3773221457236,6.01187481802991));
#2873=CARTESIAN_POINT('',(-0.392484641494303,21.7273220302396,6.01187481802991));
#2874=CARTESIAN_POINT('',(-0.392484641494303,28.3773221457236,5.41187481802991));
#2875=CARTESIAN_POINT('',(-0.392484641494303,28.3773221457236,4.51187481802991));
#2876=CARTESIAN_POINT('',(-0.3924846414943,13.7273219147556,5.41187469733051));
#2877=CARTESIAN_POINT('Origin',(16.7575156602542,14.9773219147556,6.01187481802991));
#2878=CARTESIAN_POINT('',(33.9075159620027,28.3773221457236,6.01187481802991));
#2879=CARTESIAN_POINT('',(33.9075159620027,6.97732179927157,6.01187481802991));
#2880=CARTESIAN_POINT('',(31.4075159620027,30.8773221457236,6.01187481802991));
#2881=CARTESIAN_POINT('Origin',(31.4075159620027,28.3773221457236,6.01187481802991));
#2882=CARTESIAN_POINT('',(2.1075153585057,30.8773221457236,6.01187481802991));
#2883=CARTESIAN_POINT('',(31.5075159620027,30.8773221457236,6.01187481802991));
#2884=CARTESIAN_POINT('Origin',(2.1075153585057,28.3773221457236,6.01187481802991));
#2885=CARTESIAN_POINT('',(7.3475153585057,-0.981416462665307,6.01187481802991));
#2886=CARTESIAN_POINT('',(9.17625351240915,0.847321691238145,6.01187481802991));
#2887=CARTESIAN_POINT('Origin',(7.3475153585057,0.847321691238146,6.01187481802991));
#2888=CARTESIAN_POINT('',(5.3475153585057,-0.981416462665308,6.01187481802991));
#2889=CARTESIAN_POINT('',(11.05251550938,-0.981416462665309,6.01187481802991));
#2890=CARTESIAN_POINT('',(3.51877720460225,0.847321691238145,6.01187481802991));
#2891=CARTESIAN_POINT('Origin',(5.3475153585057,0.847321691238146,6.01187481802991));
#2892=CARTESIAN_POINT('',(3.51877720460225,16.1473216912381,6.01187481802991));
#2893=CARTESIAN_POINT('',(3.51877720460225,15.4123218029969,6.01187481802991));
#2894=CARTESIAN_POINT('',(4.5275153585057,16.1473216912381,6.01187481802991));
#2895=CARTESIAN_POINT('',(11.41751550938,16.1473216912381,6.01187481802991));
#2896=CARTESIAN_POINT('',(4.5275153585057,0.847321691238146,6.01187481802991));
#2897=CARTESIAN_POINT('',(4.5275153585057,7.91232180299685,6.01187481802991));
#2898=CARTESIAN_POINT('',(5.3475153585057,0.0273216912381445,6.01187481802991));
#2899=CARTESIAN_POINT('Origin',(5.3475153585057,0.847321691238146,6.01187481802991));
#2900=CARTESIAN_POINT('',(7.3475153585057,0.0273216912381456,6.01187481802991));
#2901=CARTESIAN_POINT('',(12.05251550938,0.0273216912381435,6.01187481802991));
#2902=CARTESIAN_POINT('',(8.1675153585057,0.847321691238145,6.01187481802991));
#2903=CARTESIAN_POINT('Origin',(7.3475153585057,0.847321691238146,6.01187481802991));
#2904=CARTESIAN_POINT('',(8.1675153585057,16.1473216912381,6.01187481802991));
#2905=CARTESIAN_POINT('',(8.1675153585057,10.9123218029969,6.01187481802991));
#2906=CARTESIAN_POINT('',(9.17625351240915,16.1473216912381,6.01187481802991));
#2907=CARTESIAN_POINT('',(11.41751550938,16.1473216912381,6.01187481802991));
#2908=CARTESIAN_POINT('',(9.17625351240915,7.91232180299685,6.01187481802991));
#2909=CARTESIAN_POINT('Origin',(31.6075159620027,30.8273221457236,5.41187481802991));
#2910=CARTESIAN_POINT('Origin',(2.1075153585057,28.3773221457236,5.41187481802991));
#2911=CARTESIAN_POINT('Origin',(-0.242484633670832,-0.922678316212433,4.96187482019519));
#2912=CARTESIAN_POINT('',(9.73251551003201,-1.27267872336317,4.96187463439633));
#2913=CARTESIAN_POINT('Origin',(19.7075156602541,-1.12267876324728,5.11187481802991));
#2914=CARTESIAN_POINT('',(19.7075156602541,-1.12267876324728,5.11187481802991));
#2915=CARTESIAN_POINT('Origin',(33.607514605252,-1.02267831621243,5.26187481802991));
#2916=CARTESIAN_POINT('',(33.7575147225987,29.2302616659694,5.41187481802991));
#2917=CARTESIAN_POINT('Origin',(31.4075159620027,28.3773221457236,3.06187789586372));
#2918=CARTESIAN_POINT('',(33.7575147225987,14.9523219147556,5.41187481802991));
#2919=CARTESIAN_POINT('Origin',(-0.0924846370239508,-1.02267831621243,5.26187481802991));
#2920=CARTESIAN_POINT('',(-0.0924846370239507,29.5647563627097,5.11187470403603));
#2921=CARTESIAN_POINT('',(-0.0924846370239507,29.5647563627097,4.51187481802991));
#2922=CARTESIAN_POINT('',(-0.0924846370239508,-1.02267831621243,5.11187470403603));
#2923=CARTESIAN_POINT('Origin',(-0.0924850973308263,-1.02267831621243,5.11187539449463));
#2924=CARTESIAN_POINT('',(-0.242484633670832,29.2302582727403,4.96187482019519));
#2925=CARTESIAN_POINT('Origin',(2.1075153585057,28.3773221457236,7.31189107378633));
#2926=CARTESIAN_POINT('',(-0.24248474647645,15.0023213427372,4.96187470738879));
#2927=CARTESIAN_POINT('Origin',(19.7075156602541,-1.12267876324728,5.11187481802991));
#2928=CARTESIAN_POINT('',(29.0825164090376,-1.12267876324728,5.26187481802991));
#2929=CARTESIAN_POINT('',(19.7075156602541,-1.12267876324728,5.26187481802991));
#2930=CARTESIAN_POINT('',(29.0825164090376,-1.12267876324728,5.09312481802991));
#2931=CARTESIAN_POINT('Origin',(19.7075156602541,-1.12267876324728,5.26187481802991));
#2932=CARTESIAN_POINT('',(27.5054328018954,0.454404843894916,3.68479121088772));
#2933=CARTESIAN_POINT('Origin',(31.6075159620027,30.8273221457236,5.41187481802991));
#2934=CARTESIAN_POINT('',(33.9075159620027,28.3773221457236,5.41187481802991));
#2935=CARTESIAN_POINT('Origin',(31.4075159620027,28.3773221457236,5.41187481802991));
#2936=CARTESIAN_POINT('',(33.9075159620027,14.9523219147556,5.41187481802991));
#2937=CARTESIAN_POINT('Origin',(31.4075159620027,28.3773221457236,4.51187481802991));
#2938=CARTESIAN_POINT('',(32.2604520674643,30.7273221457236,5.41187481802991));
#2939=CARTESIAN_POINT('',(31.4075159620027,30.8773221457236,5.41187481802991));
#2940=CARTESIAN_POINT('Origin',(31.4075159620027,28.3773221457236,5.41187481802991));
#2941=CARTESIAN_POINT('',(31.4075159620027,30.8773221457236,4.51187481802991));
#2942=CARTESIAN_POINT('',(33.9075159620027,28.3773221457236,4.51187481802991));
#2943=CARTESIAN_POINT('',(31.4075159620027,30.8773221457236,4.96187470738879));
#2944=CARTESIAN_POINT('',(31.4075159620027,30.8773221457236,4.51187481802991));
#2945=CARTESIAN_POINT('',(32.2604552194947,30.7273210016869,4.96187470738879));
#2946=CARTESIAN_POINT('Origin',(31.4075159620027,28.3773221457236,4.96187470738879));
#2947=CARTESIAN_POINT('',(32.5949501707065,30.5773221457236,5.11187481802991));
#2948=CARTESIAN_POINT('Origin',(31.4075159620027,28.3773221457236,7.31189322011095));
#2949=CARTESIAN_POINT('',(32.5949501707065,30.5773221457236,5.26187481802991));
#2950=CARTESIAN_POINT('',(32.5949501707065,30.5773221457236,4.51187481802991));
#2951=CARTESIAN_POINT('Origin',(31.4075159620027,28.3773221457236,3.06187481802991));
#2952=CARTESIAN_POINT('Origin',(31.4075159620027,30.7273210016869,4.96187470738879));
#2953=CARTESIAN_POINT('',(2.1075153585057,30.8773221457236,4.96187470738879));
#2954=CARTESIAN_POINT('',(31.4075159620027,30.8773221457236,4.96187470738879));
#2955=CARTESIAN_POINT('',(1.25457610101373,30.7273210016869,4.96187470738879));
#2956=CARTESIAN_POINT('Origin',(2.1075153585057,28.3773221457236,4.96187470738879));
#2957=CARTESIAN_POINT('',(31.4075159620027,30.7273210016869,4.96187470738879));
#2958=CARTESIAN_POINT('Origin',(31.5075159620027,30.7273221457236,5.41187481802991));
#2959=CARTESIAN_POINT('',(1.2545792530441,30.7273221457236,5.41187481802991));
#2960=CARTESIAN_POINT('',(31.5075159620027,30.7273221457236,5.41187481802991));
#2961=CARTESIAN_POINT('',(2.1075153585057,30.8773221457236,5.41187481802991));
#2962=CARTESIAN_POINT('Origin',(2.1075153585057,28.3773221457236,5.41187481802991));
#2963=CARTESIAN_POINT('',(31.4575159620027,30.8773221457236,5.41187481802991));
#2964=CARTESIAN_POINT('Origin',(33.9075159620027,-1.02267831621243,4.51187481802991));
#2965=CARTESIAN_POINT('Origin',(31.5075159620027,30.5773221457236,5.11187481802991));
#2966=CARTESIAN_POINT('',(0.920081149801906,30.5773221457236,5.11187481802991));
#2967=CARTESIAN_POINT('',(31.5075159620027,30.5773221457236,5.11187481802991));
#2968=CARTESIAN_POINT('',(0.920081149801906,30.5773221457236,5.26187481802991));
#2969=CARTESIAN_POINT('',(0.920081149801906,30.5773221457236,4.51187481802991));
#2970=CARTESIAN_POINT('',(31.5075159620027,30.5773221457236,5.26187481802991));
#2971=CARTESIAN_POINT('Origin',(31.5075159620027,30.5773221457236,5.11187481802991));
#2972=CARTESIAN_POINT('Origin',(2.1075153585057,28.3773221457236,7.31189322011093));
#2973=CARTESIAN_POINT('Origin',(31.5075159620027,30.5773221457236,5.26187481802991));
#2974=CARTESIAN_POINT('Origin',(2.1075153585057,28.3773221457236,3.06187481802993));
#2975=CARTESIAN_POINT('Origin',(19.7075156602541,-1.27267853972986,4.96187481802991));
#2976=CARTESIAN_POINT('Origin',(-0.392484641494303,28.4773221457236,4.51187481802991));
#2977=CARTESIAN_POINT('',(-0.392484641494303,28.3773221457236,4.96187482298916));
#2978=CARTESIAN_POINT('',(-0.3924846414943,13.8273219147556,4.96187482298916));
#2979=CARTESIAN_POINT('',(-0.392484641494303,28.3773221457236,4.51187481802991));
#2980=CARTESIAN_POINT('Origin',(-0.242484633670832,-0.922678316212433,4.96187482019519));
#2981=CARTESIAN_POINT('Origin',(2.1075153585057,28.3773221457236,4.96187477642303));
#2982=CARTESIAN_POINT('Origin',(2.1075153585057,28.3773221457236,4.51187481802991));
#2983=CARTESIAN_POINT('',(2.1075153585057,30.8773221457236,4.51187481802991));
#2984=CARTESIAN_POINT('',(2.1075153585057,30.8773221457236,4.51187481802991));
#2985=CARTESIAN_POINT('Origin',(31.5075159620027,30.8773221457236,4.51187481802991));
#2986=CARTESIAN_POINT('Origin',(31.5075159620027,30.8773221457236,4.51187481802991));
#2987=CARTESIAN_POINT('Origin',(30.0000004470348,18.4511257366999,5.51187481802991));
#2988=CARTESIAN_POINT('',(9.99999977201223,18.4511257366999,5.51187481802991));
#2989=CARTESIAN_POINT('',(30.0000004470348,18.4511257366999,5.51187481802991));
#2990=CARTESIAN_POINT('',(11.8749998395145,18.4511257366999,9.26187495303443));
#2991=CARTESIAN_POINT('Origin',(9.74999977201223,12.9193301292567,5.01187481802991));
#2992=CARTESIAN_POINT('',(9.99999977201223,-0.522678316212444,5.51187481802991));
#2993=CARTESIAN_POINT('',(9.99999977201223,12.9193301292567,5.51187481802991));
#2994=CARTESIAN_POINT('',(10.7049997510016,-0.522678316212443,6.92187477600864));
#2995=CARTESIAN_POINT('Origin',(23.3787580536445,9.00000017136335,5.01187481802991));
#2996=CARTESIAN_POINT('',(29.1999993517995,11.5000001713634,5.51187481802991));
#2997=CARTESIAN_POINT('',(32.0000004768372,11.5000001713634,5.51187481802991));
#2998=CARTESIAN_POINT('',(29.8165235953841,5.3347577355175,4.27882633086074));
#2999=CARTESIAN_POINT('Origin',(31.000000461936,14.5000002160668,5.51187481802991));
#3000=CARTESIAN_POINT('',(29.1999993517995,-0.522678316212444,5.51187481802991));
#3001=CARTESIAN_POINT('',(29.1999993517995,3.95799116561059,5.51187481802991));
#3002=CARTESIAN_POINT('',(9.49999977201223,-0.522678316212444,5.51187481802991));
#3003=CARTESIAN_POINT('Origin',(11.41751550938,15.9973216912381,5.86187481802991));
#3004=CARTESIAN_POINT('',(3.81877720460225,15.8473216912381,5.71187481802991));
#3005=CARTESIAN_POINT('',(5.05773357010542,14.608365325735,4.47291845252674));
#3006=CARTESIAN_POINT('',(4.2275153585057,15.8473216912381,5.71187481802991));
#3007=CARTESIAN_POINT('',(11.41751550938,15.8473216912381,5.71187481802991));
#3008=CARTESIAN_POINT('',(4.2033487356112,15.8231550683436,5.68770819513541));
#3009=CARTESIAN_POINT('Origin',(6.0775153585057,15.8473216912381,6.01187481802991));
#3010=CARTESIAN_POINT('',(8.87625351240916,15.8473216912381,5.71187481802991));
#3011=CARTESIAN_POINT('',(8.87625351240916,15.8473216912381,4.51187481802991));
#3012=CARTESIAN_POINT('',(8.4675153585057,15.8473216912381,5.71187481802991));
#3013=CARTESIAN_POINT('',(11.41751550938,15.8473216912381,5.71187481802991));
#3014=CARTESIAN_POINT('',(8.4675153585057,15.8473216912381,5.16187481802991));
#3015=CARTESIAN_POINT('',(8.4675153585057,15.8473216912381,6.01187481802991));
#3016=CARTESIAN_POINT('',(4.2275153585057,15.8473216912381,5.16187481802991));
#3017=CARTESIAN_POINT('',(6.7125153585057,15.8473216912381,5.16187481802991));
#3018=CARTESIAN_POINT('',(4.2275153585057,15.8473216912381,6.01187481802991));
#3019=CARTESIAN_POINT('',(3.81877720460225,15.8473216912381,4.51187481802991));
#3020=CARTESIAN_POINT('Origin',(8.3175153585057,10.9123218029969,5.86187481802991));
#3021=CARTESIAN_POINT('',(8.4675153585057,0.847321691238146,5.71187481802991));
#3022=CARTESIAN_POINT('',(8.1675153585057,0.847321691238145,6.01187481802991));
#3023=CARTESIAN_POINT('',(8.4675153585057,10.9123218029969,5.71187481802991));
#3024=CARTESIAN_POINT('',(8.4675153585057,15.8473216912381,5.71187481802991));
#3025=CARTESIAN_POINT('Origin',(11.41751550938,15.9973216912381,5.86187481802991));
#3026=CARTESIAN_POINT('',(8.87625351240916,15.8473216912381,5.71187481802991));
#3027=CARTESIAN_POINT('Origin',(9.02625351240916,7.91232180299685,5.86187481802991));
#3028=CARTESIAN_POINT('',(8.87625351240916,0.847321691238145,5.71187481802991));
#3029=CARTESIAN_POINT('',(8.87625351240916,7.91232180299685,5.71187481802991));
#3030=CARTESIAN_POINT('',(8.87625351240916,0.847321691238145,5.71187481802991));
#3031=CARTESIAN_POINT('Origin',(7.3475153585057,0.847321691238146,5.86187481802991));
#3032=CARTESIAN_POINT('',(7.3475153585057,-0.681416462665308,5.71187481802991));
#3033=CARTESIAN_POINT('',(7.3475153585057,-0.681416462665308,5.71187481802991));
#3034=CARTESIAN_POINT('Origin',(7.3475153585057,0.847321691238146,5.71187481802991));
#3035=CARTESIAN_POINT('Origin',(11.05251550938,-0.831416462665309,5.86187481802991));
#3036=CARTESIAN_POINT('',(5.3475153585057,-0.681416462665308,5.71187481802991));
#3037=CARTESIAN_POINT('',(5.3475153585057,-0.681416462665308,5.71187481802991));
#3038=CARTESIAN_POINT('',(11.05251550938,-0.681416462665309,5.71187481802991));
#3039=CARTESIAN_POINT('Origin',(5.3475153585057,0.847321691238146,5.86187481802991));
#3040=CARTESIAN_POINT('',(3.81877720460225,0.847321691238145,5.71187481802991));
#3041=CARTESIAN_POINT('',(3.81877720460225,0.847321691238145,5.71187481802991));
#3042=CARTESIAN_POINT('Origin',(5.3475153585057,0.847321691238146,5.71187481802991));
#3043=CARTESIAN_POINT('Origin',(3.66877720460225,15.4123218029969,5.86187481802991));
#3044=CARTESIAN_POINT('',(3.81877720460225,15.4123218029969,5.71187481802991));
#3045=CARTESIAN_POINT('Origin',(7.3475153585057,0.847321691238146,5.86187481802991));
#3046=CARTESIAN_POINT('',(7.3475153585057,-0.272678308761855,5.71187481802991));
#3047=CARTESIAN_POINT('',(7.3475153585057,0.0273216912381456,6.01187481802991));
#3048=CARTESIAN_POINT('Origin',(7.3475153585057,0.847321691238146,5.71187481802991));
#3049=CARTESIAN_POINT('Origin',(12.05251550938,-0.122678308761856,5.86187481802991));
#3050=CARTESIAN_POINT('',(5.3475153585057,-0.272678308761855,5.71187481802991));
#3051=CARTESIAN_POINT('',(5.3475153585057,0.0273216912381445,6.01187481802991));
#3052=CARTESIAN_POINT('',(12.05251550938,-0.272678308761855,5.71187481802991));
#3053=CARTESIAN_POINT('Origin',(5.3475153585057,0.847321691238146,5.86187481802991));
#3054=CARTESIAN_POINT('',(4.2275153585057,0.847321691238146,5.71187481802991));
#3055=CARTESIAN_POINT('',(4.5275153585057,0.847321691238146,6.01187481802991));
#3056=CARTESIAN_POINT('Origin',(5.3475153585057,0.847321691238146,5.71187481802991));
#3057=CARTESIAN_POINT('Origin',(4.3775153585057,7.91232180299685,5.86187481802991));
#3058=CARTESIAN_POINT('',(4.2275153585057,7.91232180299685,5.71187481802991));
#3059=CARTESIAN_POINT('Origin',(3.81877720460225,15.8473216912381,4.51187481802991));
#3060=CARTESIAN_POINT('',(3.81877720460225,0.847321691238145,4.51187481802991));
#3061=CARTESIAN_POINT('Origin',(5.3475153585057,-0.681416462665308,4.51187481802991));
#3062=CARTESIAN_POINT('',(5.3475153585057,-0.681416462665308,4.51187481802991));
#3063=CARTESIAN_POINT('',(7.3475153585057,-0.681416462665308,4.51187481802991));
#3064=CARTESIAN_POINT('Origin',(5.3475153585057,0.847321691238146,4.51187481802991));
#3065=CARTESIAN_POINT('Origin',(8.87625351240916,0.847321691238145,4.51187481802991));
#3066=CARTESIAN_POINT('',(8.87625351240916,0.847321691238145,4.51187481802991));
#3067=CARTESIAN_POINT('Origin',(7.3475153585057,0.847321691238146,4.51187481802991));
#3068=CARTESIAN_POINT('Origin',(29.4499993517995,3.95799116561059,5.01187481802991));
#3069=CARTESIAN_POINT('',(28.4949993728101,-0.522678316212443,6.92187477600864));
#3070=CARTESIAN_POINT('Origin',(19.5999995619059,-0.522678316212443,4.86187481802991));
#3071=CARTESIAN_POINT('Origin',(4.07751531827257,-1.02267831621243,4.31187471744708));
#3072=CARTESIAN_POINT('',(5.3475153585057,-0.182678296691914,4.31187471744708));
#3073=CARTESIAN_POINT('',(5.3475153585057,1.87732167916821,4.31187471744708));
#3074=CARTESIAN_POINT('Origin',(5.3475153585057,0.847321691238146,4.31187471744708));
#3075=CARTESIAN_POINT('',(7.3475153585057,1.87732167916821,4.31187471744708));
#3076=CARTESIAN_POINT('',(5.21251533838913,1.87732167916821,4.31187471744708));
#3077=CARTESIAN_POINT('',(7.3475153585057,-0.182678296691914,4.31187471744708));
#3078=CARTESIAN_POINT('Origin',(7.3475153585057,0.847321691238146,4.31187471744708));
#3079=CARTESIAN_POINT('',(5.71251533838913,-0.182678296691914,4.31187471744708));
#3080=CARTESIAN_POINT('Origin',(21.6325159620027,-1.17267831621243,4.69937481802991));
#3081=CARTESIAN_POINT('',(21.8825159620027,-0.922678316212433,5.26187481802991));
#3082=CARTESIAN_POINT('',(21.8825159620027,-0.922678316212433,4.69937481802991));
#3083=CARTESIAN_POINT('',(19.9033492450446,-2.90184503317052,7.241041534988));
#3084=CARTESIAN_POINT('Origin',(29.1325159620027,-1.17267831621243,5.07437481802991));
#3085=CARTESIAN_POINT('',(28.8825159620027,-0.922678316212433,5.26187481802991));
#3086=CARTESIAN_POINT('',(25.9450159117113,2.01482173407899,2.32437476773849));
#3087=CARTESIAN_POINT('',(28.8825159620027,-0.922678316212433,5.07437481802991));
#3088=CARTESIAN_POINT('Origin',(7.3475153585057,0.847321691238146,4.51187471744707));
#3089=CARTESIAN_POINT('',(7.3475153585057,1.87732167916821,5.16187481802991));
#3090=CARTESIAN_POINT('',(7.3475153585057,-0.182678296691914,5.16187481802991));
#3091=CARTESIAN_POINT('Origin',(7.3475153585057,0.847321691238146,5.16187481802991));
#3092=CARTESIAN_POINT('',(7.3475153585057,-0.182678296691914,4.51187471744707));
#3093=CARTESIAN_POINT('',(7.3475153585057,1.87732167916821,4.51187471744707));
#3094=CARTESIAN_POINT('Origin',(7.3475153585057,-0.182678296691914,4.51187471744707));
#3095=CARTESIAN_POINT('',(5.3475153585057,-0.182678296691914,5.16187481802991));
#3096=CARTESIAN_POINT('',(6.8475153585057,-0.182678296691914,5.16187481802991));
#3097=CARTESIAN_POINT('',(5.3475153585057,-0.182678296691914,4.51187471744707));
#3098=CARTESIAN_POINT('Origin',(5.3475153585057,0.847321691238146,4.51187471744707));
#3099=CARTESIAN_POINT('',(5.3475153585057,1.87732167916821,5.16187481802991));
#3100=CARTESIAN_POINT('Origin',(5.3475153585057,0.847321691238146,5.16187481802991));
#3101=CARTESIAN_POINT('',(5.3475153585057,1.87732167916821,4.51187471744707));
#3102=CARTESIAN_POINT('Origin',(5.3475153585057,1.87732167916821,4.51187471744707));
#3103=CARTESIAN_POINT('',(5.8475153585057,1.87732167916821,5.16187481802991));
#3104=CARTESIAN_POINT('Origin',(4.2275153585057,0.847321691238146,6.01187481802991));
#3105=CARTESIAN_POINT('',(4.2275153585057,0.847321691238146,5.16187481802991));
#3106=CARTESIAN_POINT('',(4.2275153585057,0.847321691238146,6.01187481802991));
#3107=CARTESIAN_POINT('',(4.2275153585057,3.09732169123815,5.16187481802991));
#3108=CARTESIAN_POINT('Origin',(7.3475153585057,5.34732169123815,5.16187481802991));
#3109=CARTESIAN_POINT('',(8.4675153585057,0.847321691238146,5.16187481802991));
#3110=CARTESIAN_POINT('',(8.4675153585057,11.3473216912381,5.16187481802991));
#3111=CARTESIAN_POINT('',(7.3475153585057,-0.272678308761854,5.16187481802991));
#3112=CARTESIAN_POINT('Origin',(7.3475153585057,0.847321691238146,5.16187481802991));
#3113=CARTESIAN_POINT('',(5.3475153585057,-0.272678308761854,5.16187481802991));
#3114=CARTESIAN_POINT('',(6.8475153585057,-0.272678308761855,5.16187481802991));
#3115=CARTESIAN_POINT('Origin',(5.3475153585057,0.847321691238146,5.16187481802991));
#3116=CARTESIAN_POINT('Origin',(8.4675153585057,6.84732169123815,6.01187481802991));
#3117=CARTESIAN_POINT('',(8.4675153585057,0.847321691238146,6.01187481802991));
#3118=CARTESIAN_POINT('Origin',(10.4450156602542,-1.17267831621243,5.51187481802991));
#3119=CARTESIAN_POINT('',(21.3825159620027,-0.922678316212433,5.26187481802991));
#3120=CARTESIAN_POINT('Origin',(25.3825159620027,-0.922678316212433,4.88687481802991));
#3121=CARTESIAN_POINT('Origin',(7.3475153585057,0.847321691238146,6.01187481802991));
#3122=CARTESIAN_POINT('',(7.3475153585057,-0.272678308761855,6.01187481802991));
#3123=CARTESIAN_POINT('Origin',(5.3475153585057,0.847321691238146,6.01187481802991));
#3124=CARTESIAN_POINT('',(5.3475153585057,-0.272678308761855,6.01187481802991));
#3125=CARTESIAN_POINT('Origin',(7.3475153585057,-0.272678308761855,6.01187481802991));
#3126=CARTESIAN_POINT('Origin',(19.5867013558745,26.5459222346544,6.01187481802991));
#3127=CARTESIAN_POINT('',(19.5867013558745,29.0000004321337,6.01187481802991));
#3128=CARTESIAN_POINT('',(19.5867013558745,26.5459222346544,6.01187481802991));
#3129=CARTESIAN_POINT('',(19.5867013558745,29.0000004321337,6.01187481802991));
#3130=CARTESIAN_POINT('',(19.5867013558745,29.0000004321337,5.91187481802991));
#3131=CARTESIAN_POINT('',(19.5867013558745,29.0000004321337,6.01187481802991));
#3132=CARTESIAN_POINT('',(19.5867013558745,26.5459222346544,5.91187481802991));
#3133=CARTESIAN_POINT('',(19.5867013558745,29.0000004321337,5.91187481802991));
#3134=CARTESIAN_POINT('',(19.5867013558745,26.5459222346544,6.01187481802991));
#3135=CARTESIAN_POINT('Origin',(21.84974309057,26.5459222346544,6.01187481802991));
#3136=CARTESIAN_POINT('',(21.84974309057,26.5459222346544,6.01187481802991));
#3137=CARTESIAN_POINT('',(19.5867013558745,26.5459222346544,6.01187481802991));
#3138=CARTESIAN_POINT('',(21.84974309057,26.5459222346544,5.91187481802991));
#3139=CARTESIAN_POINT('',(19.5867013558745,26.5459222346544,5.91187481802991));
#3140=CARTESIAN_POINT('',(21.84974309057,26.5459222346544,6.01187481802991));
#3141=CARTESIAN_POINT('Origin',(21.84974309057,19.0146953612566,6.01187481802991));
#3142=CARTESIAN_POINT('',(21.84974309057,19.0146953612566,6.01187481802991));
#3143=CARTESIAN_POINT('',(21.84974309057,26.5459222346544,6.01187481802991));
#3144=CARTESIAN_POINT('',(21.84974309057,19.0146953612566,5.91187481802991));
#3145=CARTESIAN_POINT('',(21.84974309057,26.5459222346544,5.91187481802991));
#3146=CARTESIAN_POINT('',(21.84974309057,19.0146953612566,6.01187481802991));
#3147=CARTESIAN_POINT('Origin',(24.3038212880492,19.0146953612566,6.01187481802991));
#3148=CARTESIAN_POINT('',(24.3038212880492,19.0146953612566,6.01187481802991));
#3149=CARTESIAN_POINT('',(21.84974309057,19.0146953612566,6.01187481802991));
#3150=CARTESIAN_POINT('',(24.3038212880492,19.0146953612566,5.91187481802991));
#3151=CARTESIAN_POINT('',(21.84974309057,19.0146953612566,5.91187481802991));
#3152=CARTESIAN_POINT('',(24.3038212880492,19.0146953612566,6.01187481802991));
#3153=CARTESIAN_POINT('Origin',(24.3038212880492,29.0000004321337,6.01187481802991));
#3154=CARTESIAN_POINT('',(24.3038212880492,29.0000004321337,6.01187481802991));
#3155=CARTESIAN_POINT('Ctrl Pts',(24.3038212880492,19.0146953612566,6.01187481802991));
#3156=CARTESIAN_POINT('Ctrl Pts',(24.3038212880492,19.8468040178219,6.01187481802991));
#3157=CARTESIAN_POINT('Ctrl Pts',(24.3038212880492,23.1752390414476,6.01187481802991));
#3158=CARTESIAN_POINT('Ctrl Pts',(24.3038212880492,26.5036740650733,6.01187481802991));
#3159=CARTESIAN_POINT('Ctrl Pts',(24.3038212880492,29.0000004321337,6.01187481802991));
#3160=CARTESIAN_POINT('',(24.3038212880492,29.0000004321337,5.91187481802991));
#3161=CARTESIAN_POINT('Ctrl Pts',(24.3038212880492,29.0000004321337,5.91187481802991));
#3162=CARTESIAN_POINT('Ctrl Pts',(24.3038212880492,26.5036740650733,5.91187481802991));
#3163=CARTESIAN_POINT('Ctrl Pts',(24.3038212880492,23.1752390414476,5.91187481802991));
#3164=CARTESIAN_POINT('Ctrl Pts',(24.3038212880492,19.8468040178219,5.91187481802991));
#3165=CARTESIAN_POINT('Ctrl Pts',(24.3038212880492,19.0146953612566,5.91187481802991));
#3166=CARTESIAN_POINT('',(24.3038212880492,29.0000004321337,6.01187481802991));
#3167=CARTESIAN_POINT('Origin',(19.5867013558745,29.0000004321337,6.01187481802991));
#3168=CARTESIAN_POINT('',(24.3038212880492,29.0000004321337,6.01187481802991));
#3169=CARTESIAN_POINT('',(24.3038212880492,29.0000004321337,5.91187481802991));
#3170=CARTESIAN_POINT('Origin',(15.901910699904,24.0073478966951,6.01187481802991));
#3171=CARTESIAN_POINT('Origin',(15.901910699904,24.0073478966951,5.91187481802991));
#3172=CARTESIAN_POINT('Origin',(16.2362229451537,21.4687735587358,6.01187481802991));
#3173=CARTESIAN_POINT('',(16.2362229451537,21.4687735587358,6.01187481802991));
#3174=CARTESIAN_POINT('',(16.2362229451537,19.0220434218645,6.01187481802991));
#3175=CARTESIAN_POINT('',(16.2362229451537,21.4687735587358,6.01187481802991));
#3176=CARTESIAN_POINT('',(16.2362229451537,19.0220434218645,5.91187481802991));
#3177=CARTESIAN_POINT('',(16.2362229451537,19.0220434218645,6.01187481802991));
#3178=CARTESIAN_POINT('',(16.2362229451537,21.4687735587358,5.91187481802991));
#3179=CARTESIAN_POINT('',(16.2362229451537,21.4687735587358,5.91187481802991));
#3180=CARTESIAN_POINT('',(16.2362229451537,21.4687735587358,6.01187481802991));
#3181=CARTESIAN_POINT('Origin',(9.95407816022635,21.4687735587358,6.01187481802991));
#3182=CARTESIAN_POINT('',(9.95407816022635,21.4687735587358,6.01187481802991));
#3183=CARTESIAN_POINT('',(9.95407816022635,21.4687735587358,6.01187481802991));
#3184=CARTESIAN_POINT('',(9.95407816022635,21.4687735587358,5.91187481802991));
#3185=CARTESIAN_POINT('',(9.95407816022635,21.4687735587358,5.91187481802991));
#3186=CARTESIAN_POINT('',(9.95407816022635,21.4687735587358,6.01187481802991));
#3187=CARTESIAN_POINT('Origin',(9.95407816022635,28.9999998360872,6.01187481802991));
#3188=CARTESIAN_POINT('',(9.95407816022635,28.9999998360872,6.01187481802991));
#3189=CARTESIAN_POINT('',(9.95407816022635,28.9999998360872,6.01187481802991));
#3190=CARTESIAN_POINT('',(9.95407816022635,28.9999998360872,5.91187481802991));
#3191=CARTESIAN_POINT('',(9.95407816022635,28.9999998360872,5.91187481802991));
#3192=CARTESIAN_POINT('',(9.95407816022635,28.9999998360872,6.01187481802991));
#3193=CARTESIAN_POINT('Origin',(7.50000011175871,28.9999998360872,6.01187481802991));
#3194=CARTESIAN_POINT('',(7.50000011175871,28.9999998360872,6.01187481802991));
#3195=CARTESIAN_POINT('',(7.50000011175871,28.9999998360872,6.01187481802991));
#3196=CARTESIAN_POINT('',(7.50000011175871,28.9999998360872,5.91187481802991));
#3197=CARTESIAN_POINT('',(7.50000011175871,28.9999998360872,5.91187481802991));
#3198=CARTESIAN_POINT('',(7.50000011175871,28.9999998360872,6.01187481802991));
#3199=CARTESIAN_POINT('Origin',(7.50000011175871,19.0220434218645,6.01187481802991));
#3200=CARTESIAN_POINT('',(7.50000011175871,19.0220434218645,6.01187481802991));
#3201=CARTESIAN_POINT('',(7.50000011175871,19.0220434218645,6.01187481802991));
#3202=CARTESIAN_POINT('',(7.50000011175871,19.0220434218645,5.91187481802991));
#3203=CARTESIAN_POINT('',(7.50000011175871,19.0220434218645,5.91187481802991));
#3204=CARTESIAN_POINT('',(7.50000011175871,19.0220434218645,6.01187481802991));
#3205=CARTESIAN_POINT('Origin',(16.2362229451537,19.0220434218645,6.01187481802991));
#3206=CARTESIAN_POINT('',(16.2362229451537,19.0220434218645,6.01187481802991));
#3207=CARTESIAN_POINT('',(16.2362229451537,19.0220434218645,5.91187481802991));
#3208=CARTESIAN_POINT('Origin',(15.901910699904,24.0073478966951,6.01187481802991));
#3209=CARTESIAN_POINT('Origin',(15.901910699904,24.0073478966951,5.91187481802991));
#3210=CARTESIAN_POINT('',(0.,0.,-1.11022302462516E-16));
#3211=UNCERTAINTY_MEASURE_WITH_UNIT(LENGTH_MEASURE(0.01),#3217,
'DISTANCE_ACCURACY_VALUE',
'Maximum model space distance between geometric entities at asserted c
onnectivities');
#3212=UNCERTAINTY_MEASURE_WITH_UNIT(LENGTH_MEASURE(0.01),#3217,
'DISTANCE_ACCURACY_VALUE',
'Maximum model space distance between geometric entities at asserted c
onnectivities');
#3213=UNCERTAINTY_MEASURE_WITH_UNIT(LENGTH_MEASURE(0.01),#3217,
'DISTANCE_ACCURACY_VALUE',
'Maximum model space distance between geometric entities at asserted c
onnectivities');
#3214=(
GEOMETRIC_REPRESENTATION_CONTEXT(3)
GLOBAL_UNCERTAINTY_ASSIGNED_CONTEXT((#3211))
GLOBAL_UNIT_ASSIGNED_CONTEXT((#3217,#3219,#3220))
REPRESENTATION_CONTEXT('','3D')
);
#3215=(
GEOMETRIC_REPRESENTATION_CONTEXT(3)
GLOBAL_UNCERTAINTY_ASSIGNED_CONTEXT((#3212))
GLOBAL_UNIT_ASSIGNED_CONTEXT((#3217,#3219,#3220))
REPRESENTATION_CONTEXT('','3D')
);
#3216=(
GEOMETRIC_REPRESENTATION_CONTEXT(3)
GLOBAL_UNCERTAINTY_ASSIGNED_CONTEXT((#3213))
GLOBAL_UNIT_ASSIGNED_CONTEXT((#3217,#3219,#3220))
REPRESENTATION_CONTEXT('','3D')
);
#3217=(
LENGTH_UNIT()
NAMED_UNIT(*)
SI_UNIT(.MILLI.,.METRE.)
);
#3218=(
LENGTH_UNIT()
NAMED_UNIT(*)
SI_UNIT($,.METRE.)
);
#3219=(
NAMED_UNIT(*)
PLANE_ANGLE_UNIT()
SI_UNIT($,.RADIAN.)
);
#3220=(
NAMED_UNIT(*)
SI_UNIT($,.STERADIAN.)
SOLID_ANGLE_UNIT()
);
#3221=SHAPE_DEFINITION_REPRESENTATION(#3223,#3226);
#3222=SHAPE_DEFINITION_REPRESENTATION(#3224,#3227);
#3223=PRODUCT_DEFINITION_SHAPE('',$,#3229);
#3224=PRODUCT_DEFINITION_SHAPE('',$,#3230);
#3225=PRODUCT_DEFINITION_SHAPE($,$,#14);
#3226=SHAPE_REPRESENTATION('',(#1945,#2106),#3214);
#3227=SHAPE_REPRESENTATION('',(#1946),#3215);
#3228=PRODUCT_DEFINITION_CONTEXT('part definition',#3236,'design');
#3229=PRODUCT_DEFINITION('track','track v17',#3231,#3228);
#3230=PRODUCT_DEFINITION('Cover','Cover',#3232,#3228);
#3231=PRODUCT_DEFINITION_FORMATION('',$,#3238);
#3232=PRODUCT_DEFINITION_FORMATION('',$,#3239);
#3233=PRODUCT_RELATED_PRODUCT_CATEGORY('track v17','track v17',(#3238));
#3234=PRODUCT_RELATED_PRODUCT_CATEGORY('Cover','Cover',(#3239));
#3235=APPLICATION_PROTOCOL_DEFINITION('international standard',
'automotive_design',2009,#3236);
#3236=APPLICATION_CONTEXT(
'Core Data for Automotive Mechanical Design Process');
#3237=PRODUCT_CONTEXT('part definition',#3236,'mechanical');
#3238=PRODUCT('track','track v17',$,(#3237));
#3239=PRODUCT('Cover','Cover',$,(#3237));
#3240=PRESENTATION_STYLE_ASSIGNMENT((#3243));
#3241=PRESENTATION_STYLE_ASSIGNMENT((#3244));
#3242=PRESENTATION_STYLE_ASSIGNMENT((#3245));
#3243=SURFACE_STYLE_USAGE(.BOTH.,#3246);
#3244=SURFACE_STYLE_USAGE(.BOTH.,#3247);
#3245=SURFACE_STYLE_USAGE(.BOTH.,#3248);
#3246=SURFACE_SIDE_STYLE('',(#3249));
#3247=SURFACE_SIDE_STYLE('',(#3250));
#3248=SURFACE_SIDE_STYLE('',(#3251));
#3249=SURFACE_STYLE_FILL_AREA(#3252);
#3250=SURFACE_STYLE_FILL_AREA(#3253);
#3251=SURFACE_STYLE_FILL_AREA(#3254);
#3252=FILL_AREA_STYLE('Steel - Satin',(#3255));
#3253=FILL_AREA_STYLE('ABS (White)',(#3256));
#3254=FILL_AREA_STYLE('ABS (White)',(#3257));
#3255=FILL_AREA_STYLE_COLOUR('Steel - Satin',#3258);
#3256=FILL_AREA_STYLE_COLOUR('ABS (White)',#3259);
#3257=FILL_AREA_STYLE_COLOUR('ABS (White)',#3260);
#3258=COLOUR_RGB('Steel - Satin',0.627450980392157,0.627450980392157,0.627450980392157);
#3259=COLOUR_RGB('ABS (White)',0.988235294117647,0.,0.);
#3260=COLOUR_RGB('ABS (White)',0.964705882352941,0.964705882352941,0.952941176470588);
ENDSEC;
END-ISO-10303-21;
